{
  "type": "FeatureCollection",
  "crs": {
    "type": "name",
    "properties": {
      "name": "urn:ogc:def:crs:OGC:1.3:CRS84"
    }
  },
  "features": [
    {
      "type": "Feature",
      "properties": {
        "description": "10 km from the VII isobar of the Gengma"
      },
      "geometry": {
        "type": "Point",
        "coordinates": ["101.3431", "24.4752"]
      }
    },
    {
      "type": "Feature",
      "properties": {
        "description": "41 - km rail that crosses the Serra do Mar mountain range"
      },
      "geometry": {
        "type": "Point",
        "coordinates": ["50.5253", "25.2744"]
      }
    },
    {
      "type": "Feature",
      "properties": {
        "description": "70 km southeast of the Algerian capital"
      },
      "geometry": {
        "type": "Point",
        "coordinates": ["3.0857", "36.7372"]
      }
    },
    {
      "type": "Feature",
      "properties": {
        "description": "a famous tourist destination in the Indian State of Uttarakhand"
      },
      "geometry": {
        "type": "Point",
        "coordinates": ["78.4322", "30.3090"]
      }
    },
    {
      "type": "Feature",
      "properties": {
        "description": "A lagou"
      },
      "geometry": {
        "type": "Point",
        "coordinates": ["6.8481", "49.3727"]
      }
    },
    {
      "type": "Feature",
      "properties": {
        "description": "Aba Libanos area in Northwestern Ethiopia"
      },
      "geometry": {
        "type": "Point",
        "coordinates": ["38.1317", "9.9378"]
      }
    },
    {
      "type": "Feature",
      "properties": {
        "description": "Abay Gorge near Dejen"
      },
      "geometry": {
        "type": "Point",
        "coordinates": ["37.4031", "11.7990"]
      }
    },
    {
      "type": "Feature",
      "properties": {
        "description": "Abbottabad"
      },
      "geometry": {
        "type": "Point",
        "coordinates": ["73.2407", "34.1688"]
      }
    },
    {
      "type": "Feature",
      "properties": {
        "description": "Abe Barek"
      },
      "geometry": {
        "type": "Point",
        "coordinates": ["34.9967", "14.4105"]
      }
    },
    {
      "type": "Feature",
      "properties": {
        "description": "Abruzzo"
      },
      "geometry": {
        "type": "Point",
        "coordinates": ["13.6747", "42.3512"]
      }
    },
    {
      "type": "Feature",
      "properties": {
        "description": "Achaia Regional Unit located in Northern Peloponnese"
      },
      "geometry": {
        "type": "Point",
        "coordinates": ["21.6536", "38.1313"]
      }
    },
    {
      "type": "Feature",
      "properties": {
        "description": "adjacent to the National Highways"
      },
      "geometry": {
        "type": "Point",
        "coordinates": ["77.1025", "28.7041"]
      }
    },
    {
      "type": "Feature",
      "properties": {
        "description": "Adriatic coast"
      },
      "geometry": {
        "type": "Point",
        "coordinates": ["16.7187", "42.2596"]
      }
    },
    {
      "type": "Feature",
      "properties": {
        "description": "Adriatic Coast of south Italy"
      },
      "geometry": {
        "type": "Point",
        "coordinates": ["17.1232", "40.6395"]
      }
    },
    {
      "type": "Feature",
      "properties": {
        "description": "Aeolian Archipelago"
      },
      "geometry": {
        "type": "Point",
        "coordinates": ["14.8498", "38.4693"]
      }
    },
    {
      "type": "Feature",
      "properties": {
        "description": "Aetolia - Acarnania and Evritania prefectures"
      },
      "geometry": {
        "type": "Point",
        "coordinates": ["21.2911", "38.7205"]
      }
    },
    {
      "type": "Feature",
      "properties": {
        "description": "affluent of the Alcantara River"
      },
      "geometry": {
        "type": "Point",
        "coordinates": ["14.9333", "37.8219"]
      }
    },
    {
      "type": "Feature",
      "properties": {
        "description": "Afghanistan"
      },
      "geometry": {
        "type": "Point",
        "coordinates": ["66.2385", "33.9391"]
      }
    },
    {
      "type": "Feature",
      "properties": {
        "description": "Africa"
      },
      "geometry": {
        "type": "Point",
        "coordinates": ["17.3660", "8.7832"]
      }
    },
    {
      "type": "Feature",
      "properties": {
        "description": "Agadir Ida - Ou - Tanane province"
      },
      "geometry": {
        "type": "Point",
        "coordinates": ["9.6304", "30.4202"]
      }
    },
    {
      "type": "Feature",
      "properties": {
        "description": "Agnone"
      },
      "geometry": {
        "type": "Point",
        "coordinates": ["14.5233", "41.5833"]
      }
    },
    {
      "type": "Feature",
      "properties": {
        "description": "Agnus Creek valley"
      },
      "geometry": {
        "type": "Point",
        "coordinates": ["146.7265", "-41.1211"]
      }
    },
    {
      "type": "Feature",
      "properties": {
        "description": "Ago District"
      },
      "geometry": {
        "type": "Point",
        "coordinates": ["5.5311", "5.5060"]
      }
    },
    {
      "type": "Feature",
      "properties": {
        "description": "AH - 1"
      },
      "geometry": {
        "type": "Point",
        "coordinates": ["72.7833", "34.0192"]
      }
    },
    {
      "type": "Feature",
      "properties": {
        "description": "AH - 2"
      },
      "geometry": {
        "type": "Point",
        "coordinates": ["74.1280", "34.1271"]
      }
    },
    {
      "type": "Feature",
      "properties": {
        "description": "AH48"
      },
      "geometry": {
        "type": "Point",
        "coordinates": ["72.7833", "34.0192"]
      }
    },
    {
      "type": "Feature",
      "properties": {
        "description": "Ajloun and Jerash governorates in Jordan"
      },
      "geometry": {
        "type": "Point",
        "coordinates": ["35.7516", "32.3335"]
      }
    },
    {
      "type": "Feature",
      "properties": {
        "description": "Akaishi Mountains"
      },
      "geometry": {
        "type": "Point",
        "coordinates": ["138.1875", "35.6595"]
      }
    },
    {
      "type": "Feature",
      "properties": {
        "description": "Aknoul region in the Rif"
      },
      "geometry": {
        "type": "Point",
        "coordinates": ["-3.9492", "35.0527"]
      }
    },
    {
      "type": "Feature",
      "properties": {
        "description": "Al - Hasher"
      },
      "geometry": {
        "type": "Point",
        "coordinates": ["35.1400", "32.0986"]
      }
    },
    {
      "type": "Feature",
      "properties": {
        "description": "Alajuela"
      },
      "geometry": {
        "type": "Point",
        "coordinates": ["-84.0926", "10.0159"]
      }
    },
    {
      "type": "Feature",
      "properties": {
        "description": "Alamout basin"
      },
      "geometry": {
        "type": "Point",
        "coordinates": ["106.7290", "32.9829"]
      }
    },
    {
      "type": "Feature",
      "properties": {
        "description": "Alamut watershed"
      },
      "geometry": {
        "type": "Point",
        "coordinates": ["50.2201", "36.5486"]
      }
    },
    {
      "type": "Feature",
      "properties": {
        "description": "Alborz Mountain Belt"
      },
      "geometry": {
        "type": "Point",
        "coordinates": ["51.4667", "35.9931"]
      }
    },
    {
      "type": "Feature",
      "properties": {
        "description": "Alcoy"
      },
      "geometry": {
        "type": "Point",
        "coordinates": ["-0.6171", "38.6910"]
      }
    },
    {
      "type": "Feature",
      "properties": {
        "description": "Algeria"
      },
      "geometry": {
        "type": "Point",
        "coordinates": ["2.6329", "28.0339"]
      }
    },
    {
      "type": "Feature",
      "properties": {
        "description": "Algiers"
      },
      "geometry": {
        "type": "Point",
        "coordinates": ["3.0588", "36.7372"]
      }
    },
    {
      "type": "Feature",
      "properties": {
        "description": "Algiers Sahel"
      },
      "geometry": {
        "type": "Point",
        "coordinates": ["3.2935", "36.8402"]
      }
    },
    {
      "type": "Feature",
      "properties": {
        "description": "Alicante"
      },
      "geometry": {
        "type": "Point",
        "coordinates": ["-0.4907", "38.3452"]
      }
    },
    {
      "type": "Feature",
      "properties": {
        "description": "Alishan D098 sub-basin"
      },
      "geometry": {
        "type": "Point",
        "coordinates": ["120.7184", "23.5116"]
      }
    },
    {
      "type": "Feature",
      "properties": {
        "description": "Alishan River in southern Taiwan"
      },
      "geometry": {
        "type": "Point",
        "coordinates": ["120.7879", "23.4973"]
      }
    },
    {
      "type": "Feature",
      "properties": {
        "description": "Almora district"
      },
      "geometry": {
        "type": "Point",
        "coordinates": ["79.6667", "29.6000"]
      }
    },
    {
      "type": "Feature",
      "properties": {
        "description": "along road corridors in the Indian Himalayas"
      },
      "geometry": {
        "type": "Point",
        "coordinates": ["79.0193", "30.0668"]
      }
    },
    {
      "type": "Feature",
      "properties": {
        "description": "alpine - canyon region of Zhouqu"
      },
      "geometry": {
        "type": "Point",
        "coordinates": ["104.3586", "33.7856"]
      }
    },
    {
      "type": "Feature",
      "properties": {
        "description": "Alpine regions of northern Italy"
      },
      "geometry": {
        "type": "Point",
        "coordinates": ["10.4515", "46.2322"]
      }
    },
    {
      "type": "Feature",
      "properties": {
        "description": "Alpine sector"
      },
      "geometry": {
        "type": "Point",
        "coordinates": ["10.0", "45.0"]
      }
    },
    {
      "type": "Feature",
      "properties": {
        "description": "Alps"
      },
      "geometry": {
        "type": "Point",
        "coordinates": ["7.7964", "45.9458"]
      }
    },
    {
      "type": "Feature",
      "properties": {
        "description": "Ambon"
      },
      "geometry": {
        "type": "Point",
        "coordinates": ["128.1816", "3.6956"]
      }
    },
    {
      "type": "Feature",
      "properties": {
        "description": "Ampel"
      },
      "geometry": {
        "type": "Point",
        "coordinates": ["113.5", "-0.5"]
      }
    },
    {
      "type": "Feature",
      "properties": {
        "description": "Anatolian Fault Zone of Turkey"
      },
      "geometry": {
        "type": "Point",
        "coordinates": ["33.4597", "38.5414"]
      }
    },
    {
      "type": "Feature",
      "properties": {
        "description": "Anchorage"
      },
      "geometry": {
        "type": "Point",
        "coordinates": ["149.9003", "61.2181"]
      }
    },
    {
      "type": "Feature",
      "properties": {
        "description": "Ancona"
      },
      "geometry": {
        "type": "Point",
        "coordinates": ["13.5189", "43.6158"]
      }
    },
    {
      "type": "Feature",
      "properties": {
        "description": "Ancona municipality on the Adriatic coast of central Italy"
      },
      "geometry": {
        "type": "Point",
        "coordinates": ["13.5189", "43.6158"]
      }
    },
    {
      "type": "Feature",
      "properties": {
        "description": "Andalusia"
      },
      "geometry": {
        "type": "Point",
        "coordinates": ["4.7130", "37.5443"]
      }
    },
    {
      "type": "Feature",
      "properties": {
        "description": "Andean mountain range"
      },
      "geometry": {
        "type": "Point",
        "coordinates": ["-75.0", "-3.5"]
      }
    },
    {
      "type": "Feature",
      "properties": {
        "description": "Andean tropics close to the volcano Reventador"
      },
      "geometry": {
        "type": "Point",
        "coordinates": ["77.6560", "0.0774"]
      }
    },
    {
      "type": "Feature",
      "properties": {
        "description": "Andes"
      },
      "geometry": {
        "type": "Point",
        "coordinates": ["71.1177", "19.4969"]
      }
    },
    {
      "type": "Feature",
      "properties": {
        "description": "Anfu County"
      },
      "geometry": {
        "type": "Point",
        "coordinates": ["115.1900", "27.4288"]
      }
    },
    {
      "type": "Feature",
      "properties": {
        "description": "Anhua County"
      },
      "geometry": {
        "type": "Point",
        "coordinates": ["111.2270", "28.9701"]
      }
    },
    {
      "type": "Feature",
      "properties": {
        "description": "Anhua County in China"
      },
      "geometry": {
        "type": "Point",
        "coordinates": ["111.2270", "28.9701"]
      }
    },
    {
      "type": "Feature",
      "properties": {
        "description": "Annapurna"
      },
      "geometry": {
        "type": "Point",
        "coordinates": ["83.8207", "28.5953"]
      }
    },
    {
      "type": "Feature",
      "properties": {
        "description": "Anyuan County"
      },
      "geometry": {
        "type": "Point",
        "coordinates": ["115.0588", "25.4279"]
      }
    },
    {
      "type": "Feature",
      "properties": {
        "description": "Apennines of central Italy"
      },
      "geometry": {
        "type": "Point",
        "coordinates": ["13.7633", "42.6266"]
      }
    },
    {
      "type": "Feature",
      "properties": {
        "description": "Appalachian Mountains"
      },
      "geometry": {
        "type": "Point",
        "coordinates": ["83.8239", "35.7382"]
      }
    },
    {
      "type": "Feature",
      "properties": {
        "description": "Apulia"
      },
      "geometry": {
        "type": "Point",
        "coordinates": ["16.6126", "40.9581"]
      }
    },
    {
      "type": "Feature",
      "properties": {
        "description": "Aqabat"
      },
      "geometry": {
        "type": "Point",
        "coordinates": ["41.6170", "19.2163"]
      }
    },
    {
      "type": "Feature",
      "properties": {
        "description": "Aqabat Al - Sulbat"
      },
      "geometry": {
        "type": "Point",
        "coordinates": ["44.1266", "18.2096"]
      }
    },
    {
      "type": "Feature",
      "properties": {
        "description": "Aqabat Al - Sulbat Asir region of Saudi Arabia"
      },
      "geometry": {
        "type": "Point",
        "coordinates": ["42.8266", "18.5073"]
      }
    },
    {
      "type": "Feature",
      "properties": {
        "description": "Aranayaka and Kurukudegama"
      },
      "geometry": {
        "type": "Point",
        "coordinates": ["80.2894", "7.3397"]
      }
    },
    {
      "type": "Feature",
      "properties": {
        "description": "Ardabil province"
      },
      "geometry": {
        "type": "Point",
        "coordinates": ["48.1184", "38.4853"]
      }
    },
    {
      "type": "Feature",
      "properties": {
        "description": "Ardabil province of Iran"
      },
      "geometry": {
        "type": "Point",
        "coordinates": ["48.2953", "38.2511"]
      }
    },
    {
      "type": "Feature",
      "properties": {
        "description": "Ardebil province"
      },
      "geometry": {
        "type": "Point",
        "coordinates": ["48.1184", "38.4853"]
      }
    },
    {
      "type": "Feature",
      "properties": {
        "description": "Ardesen"
      },
      "geometry": {
        "type": "Point",
        "coordinates": ["40.9625", "41.1911"]
      }
    },
    {
      "type": "Feature",
      "properties": {
        "description": "Ardesen and Findikli districts of Rize Province"
      },
      "geometry": {
        "type": "Point",
        "coordinates": ["40.9530", "41.0353"]
      }
    },
    {
      "type": "Feature",
      "properties": {
        "description": "area north of Lisbon"
      },
      "geometry": {
        "type": "Point",
        "coordinates": ["9.1393", "38.7223"]
      }
    },
    {
      "type": "Feature",
      "properties": {
        "description": "Argo and Yaftali Sufla"
      },
      "geometry": {
        "type": "Point",
        "coordinates": ["49.7306", "36.2133"]
      }
    },
    {
      "type": "Feature",
      "properties": {
        "description": "Arhavi"
      },
      "geometry": {
        "type": "Point",
        "coordinates": ["41.5736", "41.2344"]
      }
    },
    {
      "type": "Feature",
      "properties": {
        "description": "Arhavi - Kabisre river basin"
      },
      "geometry": {
        "type": "Point",
        "coordinates": ["41.5116", "41.3206"]
      }
    },
    {
      "type": "Feature",
      "properties": {
        "description": "Arno basin"
      },
      "geometry": {
        "type": "Point",
        "coordinates": ["11.9176", "43.7711"]
      }
    },
    {
      "type": "Feature",
      "properties": {
        "description": "Asia"
      },
      "geometry": {
        "type": "Point",
        "coordinates": ["103.8198", "34.0479"]
      }
    },
    {
      "type": "Feature",
      "properties": {
        "description": "Asian Highway"
      },
      "geometry": {
        "type": "Point",
        "coordinates": ["100.0", "30.0"]
      }
    },
    {
      "type": "Feature",
      "properties": {
        "description": "Asian Highway - 1"
      },
      "geometry": {
        "type": "Point",
        "coordinates": ["105.0", "20.0"]
      }
    },
    {
      "type": "Feature",
      "properties": {
        "description": "Asir"
      },
      "geometry": {
        "type": "Point",
        "coordinates": ["42.5325", "19.1390"]
      }
    },
    {
      "type": "Feature",
      "properties": {
        "description": "Atsuma"
      },
      "geometry": {
        "type": "Point",
        "coordinates": ["142.9833", "43.5399"]
      }
    },
    {
      "type": "Feature",
      "properties": {
        "description": "Atsuma Town"
      },
      "geometry": {
        "type": "Point",
        "coordinates": ["142.9855", "43.5494"]
      }
    },
    {
      "type": "Feature",
      "properties": {
        "description": "Attica"
      },
      "geometry": {
        "type": "Point",
        "coordinates": ["23.7294", "37.9838"]
      }
    },
    {
      "type": "Feature",
      "properties": {
        "description": "Attica region in Greece"
      },
      "geometry": {
        "type": "Point",
        "coordinates": ["23.7428", "37.9838"]
      }
    },
    {
      "type": "Feature",
      "properties": {
        "description": "Aube department"
      },
      "geometry": {
        "type": "Point",
        "coordinates": ["4.0017", "48.0999"]
      }
    },
    {
      "type": "Feature",
      "properties": {
        "description": "Austria"
      },
      "geometry": {
        "type": "Point",
        "coordinates": ["14.5501", "47.5162"]
      }
    },
    {
      "type": "Feature",
      "properties": {
        "description": "Austrian municipalities"
      },
      "geometry": {
        "type": "Point",
        "coordinates": ["13.3333", "47.3333"]
      }
    },
    {
      "type": "Feature",
      "properties": {
        "description": "Austrian territory"
      },
      "geometry": {
        "type": "Point",
        "coordinates": ["13.3333", "47.3333"]
      }
    },
    {
      "type": "Feature",
      "properties": {
        "description": "Avutmus district of Sebinkarahisar"
      },
      "geometry": {
        "type": "Point",
        "coordinates": ["38.4687", "40.8933"]
      }
    },
    {
      "type": "Feature",
      "properties": {
        "description": "Awgu"
      },
      "geometry": {
        "type": "Point",
        "coordinates": ["7.4188", "6.1978"]
      }
    },
    {
      "type": "Feature",
      "properties": {
        "description": "Azad Jammu"
      },
      "geometry": {
        "type": "Point",
        "coordinates": ["73.7674", "33.6007"]
      }
    },
    {
      "type": "Feature",
      "properties": {
        "description": "Azad Jammu and Kashmir region of Pakistan"
      },
      "geometry": {
        "type": "Point",
        "coordinates": ["74.3926", "33.7878"]
      }
    },
    {
      "type": "Feature",
      "properties": {
        "description": "Azad Kashmir"
      },
      "geometry": {
        "type": "Point",
        "coordinates": ["74.3926", "33.7878"]
      }
    },
    {
      "type": "Feature",
      "properties": {
        "description": "Azad River"
      },
      "geometry": {
        "type": "Point",
        "coordinates": ["64.2439", "31.6244"]
      }
    },
    {
      "type": "Feature",
      "properties": {
        "description": "Azores"
      },
      "geometry": {
        "type": "Point",
        "coordinates": ["25.6833", "37.7412"]
      }
    },
    {
      "type": "Feature",
      "properties": {
        "description": "Badakhshan Province"
      },
      "geometry": {
        "type": "Point",
        "coordinates": ["71.6874", "36.4325"]
      }
    },
    {
      "type": "Feature",
      "properties": {
        "description": "Badakhshan province of Afghanistan"
      },
      "geometry": {
        "type": "Point",
        "coordinates": ["71.1062", "36.7389"]
      }
    },
    {
      "type": "Feature",
      "properties": {
        "description": "Badong"
      },
      "geometry": {
        "type": "Point",
        "coordinates": ["111.3586", "31.0444"]
      }
    },
    {
      "type": "Feature",
      "properties": {
        "description": "Badong Country"
      },
      "geometry": {
        "type": "Point",
        "coordinates": ["111.7078", "31.0025"]
      }
    },
    {
      "type": "Feature",
      "properties": {
        "description": "Badulla District"
      },
      "geometry": {
        "type": "Point",
        "coordinates": ["81.0846", "6.9934"]
      }
    },
    {
      "type": "Feature",
      "properties": {
        "description": "Baige"
      },
      "geometry": {
        "type": "Point",
        "coordinates": ["99.8348", "33.9788"]
      }
    },
    {
      "type": "Feature",
      "properties": {
        "description": "Baige Village"
      },
      "geometry": {
        "type": "Point",
        "coordinates": ["81.4525", "40.1375"]
      }
    },
    {
      "type": "Feature",
      "properties": {
        "description": "Bailong River Basin"
      },
      "geometry": {
        "type": "Point",
        "coordinates": ["103.5095", "35.0698"]
      }
    },
    {
      "type": "Feature",
      "properties": {
        "description": "Bailongjiang River"
      },
      "geometry": {
        "type": "Point",
        "coordinates": ["102.7069", "34.6093"]
      }
    },
    {
      "type": "Feature",
      "properties": {
        "description": "Bailongjiang watershed in southern Gansu province"
      },
      "geometry": {
        "type": "Point",
        "coordinates": ["102.7390", "34.5964"]
      }
    },
    {
      "type": "Feature",
      "properties": {
        "description": "Baiyuzui"
      },
      "geometry": {
        "type": "Point",
        "coordinates": ["120.0093", "30.3423"]
      }
    },
    {
      "type": "Feature",
      "properties": {
        "description": "Balason River basin"
      },
      "geometry": {
        "type": "Point",
        "coordinates": ["88.9724", "28.0540"]
      }
    },
    {
      "type": "Feature",
      "properties": {
        "description": "Balik Pulau area in Penang Island"
      },
      "geometry": {
        "type": "Point",
        "coordinates": ["100.2190", "5.3528"]
      }
    },
    {
      "type": "Feature",
      "properties": {
        "description": "Ban Khoang"
      },
      "geometry": {
        "type": "Point",
        "coordinates": ["103.9482", "22.8861"]
      }
    },
    {
      "type": "Feature",
      "properties": {
        "description": "Ban Pha Duea at Mae Salong Nai"
      },
      "geometry": {
        "type": "Point",
        "coordinates": ["99.8642", "20.4864"]
      }
    },
    {
      "type": "Feature",
      "properties": {
        "description": "Banaran"
      },
      "geometry": {
        "type": "Point",
        "coordinates": ["112.6610", "0.7966"]
      }
    },
    {
      "type": "Feature",
      "properties": {
        "description": "Bandar Torkaman in northern Iran"
      },
      "geometry": {
        "type": "Point",
        "coordinates": ["54.7294", "36.8452"]
      }
    },
    {
      "type": "Feature",
      "properties": {
        "description": "Bangesimal and Manma towns"
      },
      "geometry": {
        "type": "Point",
        "coordinates": ["82.0718", "29.8600"]
      }
    },
    {
      "type": "Feature",
      "properties": {
        "description": "Bangladesh"
      },
      "geometry": {
        "type": "Point",
        "coordinates": ["90.3563", "23.6850"]
      }
    },
    {
      "type": "Feature",
      "properties": {
        "description": "bank of Yangtze and its major tributaries"
      },
      "geometry": {
        "type": "Point",
        "coordinates": ["112.2661", "28.7105"]
      }
    },
    {
      "type": "Feature",
      "properties": {
        "description": "banks of the Karnali River"
      },
      "geometry": {
        "type": "Point",
        "coordinates": ["81.2696", "29.2767"]
      }
    },
    {
      "type": "Feature",
      "properties": {
        "description": "Banten"
      },
      "geometry": {
        "type": "Point",
        "coordinates": ["106.1092", "-6.4058"]
      }
    },
    {
      "type": "Feature",
      "properties": {
        "description": "Baota District"
      },
      "geometry": {
        "type": "Point",
        "coordinates": ["110.2766", "35.0127"]
      }
    },
    {
      "type": "Feature",
      "properties": {
        "description": "Barcelonnette Basin"
      },
      "geometry": {
        "type": "Point",
        "coordinates": ["6.6647", "44.3867"]
      }
    },
    {
      "type": "Feature",
      "properties": {
        "description": "Bartin Province of Western Black Sea"
      },
      "geometry": {
        "type": "Point",
        "coordinates": ["32.4610", "41.8387"]
      }
    },
    {
      "type": "Feature",
      "properties": {
        "description": "Basilicata"
      },
      "geometry": {
        "type": "Point",
        "coordinates": ["16.5559", "40.6395"]
      }
    },
    {
      "type": "Feature",
      "properties": {
        "description": "basin of the Arno River"
      },
      "geometry": {
        "type": "Point",
        "coordinates": ["10.1096", "43.7711"]
      }
    },
    {
      "type": "Feature",
      "properties": {
        "description": "Batam Island"
      },
      "geometry": {
        "type": "Point",
        "coordinates": ["104.0319", "1.1301"]
      }
    },
    {
      "type": "Feature",
      "properties": {
        "description": "Batu Aji Subdistrict"
      },
      "geometry": {
        "type": "Point",
        "coordinates": ["104.0646", "-0.9223"]
      }
    },
    {
      "type": "Feature",
      "properties": {
        "description": "Baxie River basin"
      },
      "geometry": {
        "type": "Point",
        "coordinates": ["119.8671", "31.8854"]
      }
    },
    {
      "type": "Feature",
      "properties": {
        "description": "Bazimen"
      },
      "geometry": {
        "type": "Point",
        "coordinates": ["106.5655", "29.7328"]
      }
    },
    {
      "type": "Feature",
      "properties": {
        "description": "BC"
      },
      "geometry": {
        "type": "Point",
        "coordinates": ["-73.9926", "40.7440"]
      }
    },
    {
      "type": "Feature",
      "properties": {
        "description": "Bedrug"
      },
      "geometry": {
        "type": "Point",
        "coordinates": ["72.8572", "39.8322"]
      }
    },
    {
      "type": "Feature",
      "properties": {
        "description": "Beichuan Country"
      },
      "geometry": {
        "type": "Point",
        "coordinates": ["104.2755", "31.8284"]
      }
    },
    {
      "type": "Feature",
      "properties": {
        "description": "Beichuan county town"
      },
      "geometry": {
        "type": "Point",
        "coordinates": ["104.2227", "31.7851"]
      }
    },
    {
      "type": "Feature",
      "properties": {
        "description": "Beijiang River Basin"
      },
      "geometry": {
        "type": "Point",
        "coordinates": ["111.6933", "24.5792"]
      }
    },
    {
      "type": "Feature",
      "properties": {
        "description": "Beijing"
      },
      "geometry": {
        "type": "Point",
        "coordinates": ["116.4074", "39.9042"]
      }
    },
    {
      "type": "Feature",
      "properties": {
        "description": "Bekiring"
      },
      "geometry": {
        "type": "Point",
        "coordinates": ["113.0473", "-8.1543"]
      }
    },
    {
      "type": "Feature",
      "properties": {
        "description": "Belg"
      },
      "geometry": {
        "type": "Point",
        "coordinates": ["2.8453", "50.5039"]
      }
    },
    {
      "type": "Feature",
      "properties": {
        "description": "Belgium"
      },
      "geometry": {
        "type": "Point",
        "coordinates": ["4.4699", "50.5039"]
      }
    },
    {
      "type": "Feature",
      "properties": {
        "description": "Benahavis"
      },
      "geometry": {
        "type": "Point",
        "coordinates": ["-5.0424", "36.5236"]
      }
    },
    {
      "type": "Feature",
      "properties": {
        "description": "Benguet"
      },
      "geometry": {
        "type": "Point",
        "coordinates": ["120.6020", "16.4160"]
      }
    },
    {
      "type": "Feature",
      "properties": {
        "description": "Benighat - Rorang RM"
      },
      "geometry": {
        "type": "Point",
        "coordinates": ["84.6077", "27.7905"]
      }
    },
    {
      "type": "Feature",
      "properties": {
        "description": "Benighat - Rorang Rural Municipality"
      },
      "geometry": {
        "type": "Point",
        "coordinates": ["84.6077", "27.7905"]
      }
    },
    {
      "type": "Feature",
      "properties": {
        "description": "Bensekrane in Tlemcen in Algeria"
      },
      "geometry": {
        "type": "Point",
        "coordinates": ["-1.3607", "35.1264"]
      }
    },
    {
      "type": "Feature",
      "properties": {
        "description": "Benzilan Town and Waka Town"
      },
      "geometry": {
        "type": "Point",
        "coordinates": ["99.8516", "27.8250"]
      }
    },
    {
      "type": "Feature",
      "properties": {
        "description": "Bhagirathi river basin"
      },
      "geometry": {
        "type": "Point",
        "coordinates": ["78.3764", "31.3555"]
      }
    },
    {
      "type": "Feature",
      "properties": {
        "description": "Bhagirathi river valley in the Indian Himalayas"
      },
      "geometry": {
        "type": "Point",
        "coordinates": ["78.9228", "30.0664"]
      }
    },
    {
      "type": "Feature",
      "properties": {
        "description": "Bhalubang - Shiwapur section of Mahendra Highway lying in Western Nepal"
      },
      "geometry": {
        "type": "Point",
        "coordinates": ["82.2386", "28.8727"]
      }
    },
    {
      "type": "Feature",
      "properties": {
        "description": "Bhanupali - Beri"
      },
      "geometry": {
        "type": "Point",
        "coordinates": ["77.0925", "29.4393"]
      }
    },
    {
      "type": "Feature",
      "properties": {
        "description": "Bhavani basin"
      },
      "geometry": {
        "type": "Point",
        "coordinates": ["77.4981", "11.2326"]
      }
    },
    {
      "type": "Feature",
      "properties": {
        "description": "Bhutan"
      },
      "geometry": {
        "type": "Point",
        "coordinates": ["90.4336", "27.5142"]
      }
    },
    {
      "type": "Feature",
      "properties": {
        "description": "Bijar City"
      },
      "geometry": {
        "type": "Point",
        "coordinates": ["47.6114", "35.8664"]
      }
    },
    {
      "type": "Feature",
      "properties": {
        "description": "Bijar City in Kurdistan province"
      },
      "geometry": {
        "type": "Point",
        "coordinates": ["47.6114", "35.8664"]
      }
    },
    {
      "type": "Feature",
      "properties": {
        "description": "Bijar County"
      },
      "geometry": {
        "type": "Point",
        "coordinates": ["47.7475", "35.8691"]
      }
    },
    {
      "type": "Feature",
      "properties": {
        "description": "Bijie"
      },
      "geometry": {
        "type": "Point",
        "coordinates": ["105.3015", "27.2985"]
      }
    },
    {
      "type": "Feature",
      "properties": {
        "description": "Bijie in the Karst Region of Southwest China"
      },
      "geometry": {
        "type": "Point",
        "coordinates": ["105.3015", "27.2985"]
      }
    },
    {
      "type": "Feature",
      "properties": {
        "description": "Bisaccia"
      },
      "geometry": {
        "type": "Point",
        "coordinates": ["15.4859", "40.9485"]
      }
    },
    {
      "type": "Feature",
      "properties": {
        "description": "Black Sea"
      },
      "geometry": {
        "type": "Point",
        "coordinates": ["36.3002", "41.3237"]
      }
    },
    {
      "type": "Feature",
      "properties": {
        "description": "Black Sea coast in the Artvin province"
      },
      "geometry": {
        "type": "Point",
        "coordinates": ["41.6432", "41.1603"]
      }
    },
    {
      "type": "Feature",
      "properties": {
        "description": "Bodi - Bodimettu Ghat section"
      },
      "geometry": {
        "type": "Point",
        "coordinates": ["77.0208", "11.5148"]
      }
    },
    {
      "type": "Feature",
      "properties": {
        "description": "Boeun"
      },
      "geometry": {
        "type": "Point",
        "coordinates": ["127.2841", "36.4923"]
      }
    },
    {
      "type": "Feature",
      "properties": {
        "description": "Boeun in Korea"
      },
      "geometry": {
        "type": "Point",
        "coordinates": ["127.7570", "36.4877"]
      }
    },
    {
      "type": "Feature",
      "properties": {
        "description": "Bogor"
      },
      "geometry": {
        "type": "Point",
        "coordinates": ["106.7955", "-6.5950"]
      }
    },
    {
      "type": "Feature",
      "properties": {
        "description": "Bogota - Villavicencio road in the central sector of the Eastern Cordillera"
      },
      "geometry": {
        "type": "Point",
        "coordinates": ["73.3512", "4.7110"]
      }
    },
    {
      "type": "Feature",
      "properties": {
        "description": "Bonga town"
      },
      "geometry": {
        "type": "Point",
        "coordinates": ["36.7199", "7.2749"]
      }
    },
    {
      "type": "Feature",
      "properties": {
        "description": "Bostanlik district"
      },
      "geometry": {
        "type": "Point",
        "coordinates": ["69.3073", "41.3929"]
      }
    },
    {
      "type": "Feature",
      "properties": {
        "description": "Bostanlik districts of Tashkent"
      },
      "geometry": {
        "type": "Point",
        "coordinates": ["69.3073", "41.3929"]
      }
    },
    {
      "type": "Feature",
      "properties": {
        "description": "both sides of the Yangtze River"
      },
      "geometry": {
        "type": "Point",
        "coordinates": ["112.2707", "31.9489"]
      }
    },
    {
      "type": "Feature",
      "properties": {
        "description": "Bouandas"
      },
      "geometry": {
        "type": "Point",
        "coordinates": ["13.1799", "3.3642"]
      }
    },
    {
      "type": "Feature",
      "properties": {
        "description": "Boun"
      },
      "geometry": {
        "type": "Point",
        "coordinates": ["15.5858", "3.5126"]
      }
    },
    {
      "type": "Feature",
      "properties": {
        "description": "Boun region of Korea"
      },
      "geometry": {
        "type": "Point",
        "coordinates": ["127.3176", "36.8172"]
      }
    },
    {
      "type": "Feature",
      "properties": {
        "description": "Boyolali Regency"
      },
      "geometry": {
        "type": "Point",
        "coordinates": ["110.6749", "-7.5315"]
      }
    },
    {
      "type": "Feature",
      "properties": {
        "description": "Brahmur"
      },
      "geometry": {
        "type": "Point",
        "coordinates": ["83.4380", "23.8335"]
      }
    },
    {
      "type": "Feature",
      "properties": {
        "description": "Brazil"
      },
      "geometry": {
        "type": "Point",
        "coordinates": ["51.9253", "14.2350"]
      }
    },
    {
      "type": "Feature",
      "properties": {
        "description": "Brazilian countryside"
      },
      "geometry": {
        "type": "Point",
        "coordinates": ["49.2725", "-15.8267"]
      }
    },
    {
      "type": "Feature",
      "properties": {
        "description": "Brembilla Municipality"
      },
      "geometry": {
        "type": "Point",
        "coordinates": ["9.6690", "45.8937"]
      }
    },
    {
      "type": "Feature",
      "properties": {
        "description": "Brgy"
      },
      "geometry": {
        "type": "Point",
        "coordinates": ["122.8140", "11.4550"]
      }
    },
    {
      "type": "Feature",
      "properties": {
        "description": "British Columbia"
      },
      "geometry": {
        "type": "Point",
        "coordinates": ["125.6972", "53.7267"]
      }
    },
    {
      "type": "Feature",
      "properties": {
        "description": "British Columbia north coast"
      },
      "geometry": {
        "type": "Point",
        "coordinates": ["128.0000", "53.7267"]
      }
    },
    {
      "type": "Feature",
      "properties": {
        "description": "Buoninventre"
      },
      "geometry": {
        "type": "Point",
        "coordinates": ["16.7776", "39.2927"]
      }
    },
    {
      "type": "Feature",
      "properties": {
        "description": "Buzau Sector of the Curvature Subcarpathians of Romania"
      },
      "geometry": {
        "type": "Point",
        "coordinates": ["26.3075", "45.1500"]
      }
    },
    {
      "type": "Feature",
      "properties": {
        "description": "CA (California, USA)"
      },
      "geometry": {
        "type": "Point",
        "coordinates": ["-119.4179", "36.7783"]
      }
    },
    {
      "type": "Feature",
      "properties": {
        "description": "Cagayan de Oro -LRB- CDO -RRB- - Bukidnon - Davao City -LRB- Buda -RRB- highway"
      },
      "geometry": {
        "type": "Point",
        "coordinates": ["124.6853", "8.4800"]
      }
    },
    {
      "type": "Feature",
      "properties": {
        "description": "Caiyuan Basin"
      },
      "geometry": {
        "type": "Point",
        "coordinates": ["112.2219", "30.3151"]
      }
    },
    {
      "type": "Feature",
      "properties": {
        "description": "Calabria"
      },
      "geometry": {
        "type": "Point",
        "coordinates": ["16.4128", "38.9059"]
      }
    },
    {
      "type": "Feature",
      "properties": {
        "description": "Calabrian"
      },
      "geometry": {
        "type": "Point",
        "coordinates": ["16.4128", "38.9059"]
      }
    },
    {
      "type": "Feature",
      "properties": {
        "description": "Calabrian territory"
      },
      "geometry": {
        "type": "Point",
        "coordinates": ["16.4128", "38.9059"]
      }
    },
    {
      "type": "Feature",
      "properties": {
        "description": "Calicut Nilampur Gudalurghat section"
      },
      "geometry": {
        "type": "Point",
        "coordinates": ["75.7662", "11.2588"]
      }
    },
    {
      "type": "Feature",
      "properties": {
        "description": "California"
      },
      "geometry": {
        "type": "Point",
        "coordinates": ["119.4179", "36.7783"]
      }
    },
    {
      "type": "Feature",
      "properties": {
        "description": "California site"
      },
      "geometry": {
        "type": "Point",
        "coordinates": ["119.4179", "36.7783"]
      }
    },
    {
      "type": "Feature",
      "properties": {
        "description": "Calitri"
      },
      "geometry": {
        "type": "Point",
        "coordinates": ["15.3552", "40.9487"]
      }
    },
    {
      "type": "Feature",
      "properties": {
        "description": "Camaldoli and Agnano hill"
      },
      "geometry": {
        "type": "Point",
        "coordinates": ["11.3930", "43.3994"]
      }
    },
    {
      "type": "Feature",
      "properties": {
        "description": "Cambodia"
      },
      "geometry": {
        "type": "Point",
        "coordinates": ["104.9909", "12.5657"]
      }
    },
    {
      "type": "Feature",
      "properties": {
        "description": "Cameron"
      },
      "geometry": {
        "type": "Point",
        "coordinates": ["99.3386", "4.6126"]
      }
    },
    {
      "type": "Feature",
      "properties": {
        "description": "Cameron catchment"
      },
      "geometry": {
        "type": "Point",
        "coordinates": ["145.9914", "-24.9015"]
      }
    },
    {
      "type": "Feature",
      "properties": {
        "description": "Cameron Highland"
      },
      "geometry": {
        "type": "Point",
        "coordinates": ["101.3925", "4.4721"]
      }
    },
    {
      "type": "Feature",
      "properties": {
        "description": "Cameron Highlands"
      },
      "geometry": {
        "type": "Point",
        "coordinates": ["101.3925", "4.4721"]
      }
    },
    {
      "type": "Feature",
      "properties": {
        "description": "Cameron Highlands areas in Malaysia"
      },
      "geometry": {
        "type": "Point",
        "coordinates": ["101.3925", "4.4721"]
      }
    },
    {
      "type": "Feature",
      "properties": {
        "description": "Cameroon"
      },
      "geometry": {
        "type": "Point",
        "coordinates": ["12.3547", "7.3697"]
      }
    },
    {
      "type": "Feature",
      "properties": {
        "description": "Cameroon Volcanic Line"
      },
      "geometry": {
        "type": "Point",
        "coordinates": ["12.0", "5.0"]
      }
    },
    {
      "type": "Feature",
      "properties": {
        "description": "Campania"
      },
      "geometry": {
        "type": "Point",
        "coordinates": ["14.5", "40.8"]
      }
    },
    {
      "type": "Feature",
      "properties": {
        "description": "Canada"
      },
      "geometry": {
        "type": "Point",
        "coordinates": ["106.3468", "56.1304"]
      }
    },
    {
      "type": "Feature",
      "properties": {
        "description": "Candir catchment"
      },
      "geometry": {
        "type": "Point",
        "coordinates": ["35.0513", "38.3992"]
      }
    },
    {
      "type": "Feature",
      "properties": {
        "description": "Canneto Pavese"
      },
      "geometry": {
        "type": "Point",
        "coordinates": ["9.1939", "45.0567"]
      }
    },
    {
      "type": "Feature",
      "properties": {
        "description": "Canton Vaud"
      },
      "geometry": {
        "type": "Point",
        "coordinates": ["6.5657", "46.6273"]
      }
    },
    {
      "type": "Feature",
      "properties": {
        "description": "Caramanico Terme"
      },
      "geometry": {
        "type": "Point",
        "coordinates": ["14.0206", "42.1097"]
      }
    },
    {
      "type": "Feature",
      "properties": {
        "description": "Caribbean islands"
      },
      "geometry": {
        "type": "Point",
        "coordinates": ["66.7215", "18.4698"]
      }
    },
    {
      "type": "Feature",
      "properties": {
        "description": "Caribbean shows"
      },
      "geometry": {
        "type": "Point",
        "coordinates": ["66.7215", "18.4698"]
      }
    },
    {
      "type": "Feature",
      "properties": {
        "description": "Carpathian region in southern Poland"
      },
      "geometry": {
        "type": "Point",
        "coordinates": ["19.1451", "49.8153"]
      }
    },
    {
      "type": "Feature",
      "properties": {
        "description": "Carretera Austral"
      },
      "geometry": {
        "type": "Point",
        "coordinates": ["73.4115", "46.7453"]
      }
    },
    {
      "type": "Feature",
      "properties": {
        "description": "Cartago"
      },
      "geometry": {
        "type": "Point",
        "coordinates": ["83.9467", "9.8771"]
      }
    },
    {
      "type": "Feature",
      "properties": {
        "description": "Catanzaro"
      },
      "geometry": {
        "type": "Point",
        "coordinates": ["16.6051", "38.8876"]
      }
    },
    {
      "type": "Feature",
      "properties": {
        "description": "catchment in the Inje region of South Korea"
      },
      "geometry": {
        "type": "Point",
        "coordinates": ["128.1938", "38.0673"]
      }
    },
    {
      "type": "Feature",
      "properties": {
        "description": "catchment of the Vunguvungu and Banga rivers"
      },
      "geometry": {
        "type": "Point",
        "coordinates": ["26.7561", "3.9386"]
      }
    },
    {
      "type": "Feature",
      "properties": {
        "description": "catchments of the Siwaliks in the Nepal Himalaya"
      },
      "geometry": {
        "type": "Point",
        "coordinates": ["84.1240", "27.7086"]
      }
    },
    {
      "type": "Feature",
      "properties": {
        "description": "CCC"
      },
      "geometry": {
        "type": "Point",
        "coordinates": ["103.8927", "1.3343"]
      }
    },
    {
      "type": "Feature",
      "properties": {
        "description": "center and southern region of Guerrero"
      },
      "geometry": {
        "type": "Point",
        "coordinates": ["100.6814", "17.4392"]
      }
    },
    {
      "type": "Feature",
      "properties": {
        "description": "center of Seoul"
      },
      "geometry": {
        "type": "Point",
        "coordinates": ["126.9780", "37.5665"]
      }
    },
    {
      "type": "Feature",
      "properties": {
        "description": "central - east Africa"
      },
      "geometry": {
        "type": "Point",
        "coordinates": ["34.8888", "1.3733"]
      }
    },
    {
      "type": "Feature",
      "properties": {
        "description": "Central - East African"
      },
      "geometry": {
        "type": "Point",
        "coordinates": ["35.0", "1.0"]
      }
    },
    {
      "type": "Feature",
      "properties": {
        "description": "Central Alborz"
      },
      "geometry": {
        "type": "Point",
        "coordinates": ["51.4215", "35.7510"]
      }
    },
    {
      "type": "Feature",
      "properties": {
        "description": "Central America"
      },
      "geometry": {
        "type": "Point",
        "coordinates": ["-86.9023", "14.9161"]
      }
    },
    {
      "type": "Feature",
      "properties": {
        "description": "central and southeastern regions of the Hengduan Mountain"
      },
      "geometry": {
        "type": "Point",
        "coordinates": ["100.5633", "27.7554"]
      }
    },
    {
      "type": "Feature",
      "properties": {
        "description": "Central and Western Greece"
      },
      "geometry": {
        "type": "Point",
        "coordinates": ["21.7956", "38.2466"]
      }
    },
    {
      "type": "Feature",
      "properties": {
        "description": "central area of Hong Kong"
      },
      "geometry": {
        "type": "Point",
        "coordinates": ["114.1772", "22.3193"]
      }
    },
    {
      "type": "Feature",
      "properties": {
        "description": "central area of Shenzhen"
      },
      "geometry": {
        "type": "Point",
        "coordinates": ["114.0545", "22.5431"]
      }
    },
    {
      "type": "Feature",
      "properties": {
        "description": "Central Asia"
      },
      "geometry": {
        "type": "Point",
        "coordinates": ["65.4910", "47.7511"]
      }
    },
    {
      "type": "Feature",
      "properties": {
        "description": "central Chilean Andes"
      },
      "geometry": {
        "type": "Point",
        "coordinates": ["-70.1924", "-33.7502"]
      }
    },
    {
      "type": "Feature",
      "properties": {
        "description": "Central Ethiopia"
      },
      "geometry": {
        "type": "Point",
        "coordinates": ["39.5490", "9.1450"]
      }
    },
    {
      "type": "Feature",
      "properties": {
        "description": "Central Europe"
      },
      "geometry": {
        "type": "Point",
        "coordinates": ["15.2551", "49.8153"]
      }
    },
    {
      "type": "Feature",
      "properties": {
        "description": "Central Himalaya"
      },
      "geometry": {
        "type": "Point",
        "coordinates": ["86.9203", "27.8418"]
      }
    },
    {
      "type": "Feature",
      "properties": {
        "description": "central Himalayan arc"
      },
      "geometry": {
        "type": "Point",
        "coordinates": ["81.2402", "29.3632"]
      }
    },
    {
      "type": "Feature",
      "properties": {
        "description": "central Idaho"
      },
      "geometry": {
        "type": "Point",
        "coordinates": ["-114.6340", "44.0682"]
      }
    },
    {
      "type": "Feature",
      "properties": {
        "description": "Central Italy"
      },
      "geometry": {
        "type": "Point",
        "coordinates": ["12.5674", "41.8719"]
      }
    },
    {
      "type": "Feature",
      "properties": {
        "description": "Central Java Province"
      },
      "geometry": {
        "type": "Point",
        "coordinates": ["110.4203", "-7.1095"]
      }
    },
    {
      "type": "Feature",
      "properties": {
        "description": "central Mediterranean Sea"
      },
      "geometry": {
        "type": "Point",
        "coordinates": ["17.1059", "35.8617"]
      }
    },
    {
      "type": "Feature",
      "properties": {
        "description": "central Nepal"
      },
      "geometry": {
        "type": "Point",
        "coordinates": ["84.1240", "28.3949"]
      }
    },
    {
      "type": "Feature",
      "properties": {
        "description": "central part of Barpak village"
      },
      "geometry": {
        "type": "Point",
        "coordinates": ["84.4869", "28.3672"]
      }
    },
    {
      "type": "Feature",
      "properties": {
        "description": "central part of Lao Cai province"
      },
      "geometry": {
        "type": "Point",
        "coordinates": ["106.2468", "22.4816"]
      }
    },
    {
      "type": "Feature",
      "properties": {
        "description": "Central part of Rethymnon Prefecture"
      },
      "geometry": {
        "type": "Point",
        "coordinates": ["24.4895", "35.3610"]
      }
    },
    {
      "type": "Feature",
      "properties": {
        "description": "Central part of the Calabria"
      },
      "geometry": {
        "type": "Point",
        "coordinates": ["16.2500", "38.2500"]
      }
    },
    {
      "type": "Feature",
      "properties": {
        "description": "Central part of the Gorkha District"
      },
      "geometry": {
        "type": "Point",
        "coordinates": ["84.6611", "28.0806"]
      }
    },
    {
      "type": "Feature",
      "properties": {
        "description": "Central part of the Nepal Himalayas"
      },
      "geometry": {
        "type": "Point",
        "coordinates": ["86.5", "28.5"]
      }
    },
    {
      "type": "Feature",
      "properties": {
        "description": "Central Radunia Valley"
      },
      "geometry": {
        "type": "Point",
        "coordinates": ["25.0", "40.0"]
      }
    },
    {
      "type": "Feature",
      "properties": {
        "description": "Central region of the Nepal Himalaya"
      },
      "geometry": {
        "type": "Point",
        "coordinates": ["85.0", "27.5"]
      }
    },
    {
      "type": "Feature",
      "properties": {
        "description": "Central Taiwan"
      },
      "geometry": {
        "type": "Point",
        "coordinates": ["120.5", "23.5"]
      }
    },
    {
      "type": "Feature",
      "properties": {
        "description": "Central Vietnam"
      },
      "geometry": {
        "type": "Point",
        "coordinates": ["108.0", "14.0"]
      }
    },
    {
      "type": "Feature",
      "properties": {
        "description": "Central western Taiwan"
      },
      "geometry": {
        "type": "Point",
        "coordinates": ["120.0", "23.5"]
      }
    },
    {
      "type": "Feature",
      "properties": {
        "description": "Cenxi"
      },
      "geometry": {
        "type": "Point",
        "coordinates": ["109.1915", "23.1413"]
      }
    },
    {
      "type": "Feature",
      "properties": {
        "description": "Cepogo Sub Districts"
      },
      "geometry": {
        "type": "Point",
        "coordinates": ["110.6750", "-7.6411"]
      }
    },
    {
      "type": "Feature",
      "properties": {
        "description": "Ceyhan river watershed"
      },
      "geometry": {
        "type": "Point",
        "coordinates": ["35.5639", "37.0"]
      }
    },
    {
      "type": "Feature",
      "properties": {
        "description": "CHA"
      },
      "geometry": {
        "type": "Point",
        "coordinates": ["50.0", "35.0"]
      }
    },
    {
      "type": "Feature",
      "properties": {
        "description": "Chaharmahal - w - bakhtiari"
      },
      "geometry": {
        "type": "Point",
        "coordinates": ["50.0", "32.5"]
      }
    },
    {
      "type": "Feature",
      "properties": {
        "description": "Chamba"
      },
      "geometry": {
        "type": "Point",
        "coordinates": ["76.1194", "32.5532"]
      }
    },
    {
      "type": "Feature",
      "properties": {
        "description": "Chamba and Bharmour cities"
      },
      "geometry": {
        "type": "Point",
        "coordinates": ["76.1194", "32.5532"]
      }
    },
    {
      "type": "Feature",
      "properties": {
        "description": "Chamba region in bosom of Himalaya"
      },
      "geometry": {
        "type": "Point",
        "coordinates": ["76.1194", "32.5532"]
      }
    },
    {
      "type": "Feature",
      "properties": {
        "description": "Chamba to Bharmour road corridor of National Highway"
      },
      "geometry": {
        "type": "Point",
        "coordinates": ["76.1194", "32.5532"]
      }
    },
    {
      "type": "Feature",
      "properties": {
        "description": "Chamba to Bharmour road corridor of NH-154A in Himachal Pradesh"
      },
      "geometry": {
        "type": "Point",
        "coordinates": ["76.1194", "32.5532"]
      }
    },
    {
      "type": "Feature",
      "properties": {
        "description": "Chamoli district"
      },
      "geometry": {
        "type": "Point",
        "coordinates": ["79.5357", "30.4371"]
      }
    },
    {
      "type": "Feature",
      "properties": {
        "description": "Chamoli district of Uttarakhand"
      },
      "geometry": {
        "type": "Point",
        "coordinates": ["79.4696", "30.4102"]
      }
    },
    {
      "type": "Feature",
      "properties": {
        "description": "Chandigarh - Manali highway"
      },
      "geometry": {
        "type": "Point",
        "coordinates": ["77.6321", "31.1048"]
      }
    },
    {
      "type": "Feature",
      "properties": {
        "description": "Chandmari"
      },
      "geometry": {
        "type": "Point",
        "coordinates": ["95.4375", "27.0784"]
      }
    },
    {
      "type": "Feature",
      "properties": {
        "description": "Chandmari landslide"
      },
      "geometry": {
        "type": "Point",
        "coordinates": ["95.4375", "27.0784"]
      }
    },
    {
      "type": "Feature",
      "properties": {
        "description": "Changbai Mountain"
      },
      "geometry": {
        "type": "Point",
        "coordinates": ["126.1342", "41.9973"]
      }
    },
    {
      "type": "Feature",
      "properties": {
        "description": "Changbai Mountain Area in Jilin Province"
      },
      "geometry": {
        "type": "Point",
        "coordinates": ["126.2229", "41.8465"]
      }
    },
    {
      "type": "Feature",
      "properties": {
        "description": "Changdu and Nyingchi Cities"
      },
      "geometry": {
        "type": "Point",
        "coordinates": ["97.1912", "31.1382"]
      }
    },
    {
      "type": "Feature",
      "properties": {
        "description": "Changzhou town in Wuzhou"
      },
      "geometry": {
        "type": "Point",
        "coordinates": ["111.2670", "23.9572"]
      }
    },
    {
      "type": "Feature",
      "properties": {
        "description": "Chania Prefecture"
      },
      "geometry": {
        "type": "Point",
        "coordinates": ["24.0167", "35.5121"]
      }
    },
    {
      "type": "Feature",
      "properties": {
        "description": "Chania Prefecture of Crete Island"
      },
      "geometry": {
        "type": "Point",
        "coordinates": ["24.0167", "35.5121"]
      }
    },
    {
      "type": "Feature",
      "properties": {
        "description": "Chania regional"
      },
      "geometry": {
        "type": "Point",
        "coordinates": ["24.0167", "35.5121"]
      }
    },
    {
      "type": "Feature",
      "properties": {
        "description": "Chapanu"
      },
      "geometry": {
        "type": "Point",
        "coordinates": ["88.3427", "27.0603"]
      }
    },
    {
      "type": "Feature",
      "properties": {
        "description": "Charnath"
      },
      "geometry": {
        "type": "Point",
        "coordinates": ["84.3136", "27.8467"]
      }
    },
    {
      "type": "Feature",
      "properties": {
        "description": "Charnath and Jalad of the Siwaliks in eastern Nepal"
      },
      "geometry": {
        "type": "Point",
        "coordinates": ["84.3136", "27.8467"]
      }
    },
    {
      "type": "Feature",
      "properties": {
        "description": "Chattagram District of Bangladesh"
      },
      "geometry": {
        "type": "Point",
        "coordinates": ["91.8004", "22.3569"]
      }
    },
    {
      "type": "Feature",
      "properties": {
        "description": "Chaya County"
      },
      "geometry": {
        "type": "Point",
        "coordinates": ["98.2500", "30.0997"]
      }
    },
    {
      "type": "Feature",
      "properties": {
        "description": "Chemoga River Sub-Basin"
      },
      "geometry": {
        "type": "Point",
        "coordinates": ["37.4875", "14.2344"]
      }
    },
    {
      "type": "Feature",
      "properties": {
        "description": "Chemoga watershed"
      },
      "geometry": {
        "type": "Point",
        "coordinates": ["37.4875", "14.2344"]
      }
    },
    {
      "type": "Feature",
      "properties": {
        "description": "Chenab valley"
      },
      "geometry": {
        "type": "Point",
        "coordinates": ["75.7170", "33.6404"]
      }
    },
    {
      "type": "Feature",
      "properties": {
        "description": "Chengdu city"
      },
      "geometry": {
        "type": "Point",
        "coordinates": ["104.0669", "30.5728"]
      }
    },
    {
      "type": "Feature",
      "properties": {
        "description": "Chenggu County"
      },
      "geometry": {
        "type": "Point",
        "coordinates": ["107.5482", "36.0489"]
      }
    },
    {
      "type": "Feature",
      "properties": {
        "description": "Chengkou"
      },
      "geometry": {
        "type": "Point",
        "coordinates": ["108.9360", "31.0056"]
      }
    },
    {
      "type": "Feature",
      "properties": {
        "description": "CheongJu region in South Korea"
      },
      "geometry": {
        "type": "Point",
        "coordinates": ["127.4886", "36.6434"]
      }
    },
    {
      "type": "Feature",
      "properties": {
        "description": "Chiang Rai"
      },
      "geometry": {
        "type": "Point",
        "coordinates": ["99.8947", "19.9105"]
      }
    },
    {
      "type": "Feature",
      "properties": {
        "description": "Chiang Rai and Chiang Mai Provinces"
      },
      "geometry": {
        "type": "Point",
        "coordinates": ["99.9917", "19.8912"]
      }
    },
    {
      "type": "Feature",
      "properties": {
        "description": "Chile"
      },
      "geometry": {
        "type": "Point",
        "coordinates": ["71.5429", "35.6751"]
      }
    },
    {
      "type": "Feature",
      "properties": {
        "description": "China"
      },
      "geometry": {
        "type": "Point",
        "coordinates": ["104.1954", "35.8617"]
      }
    },
    {
      "type": "Feature",
      "properties": {
        "description": "China - Nepal road corridors in the Kali Gandaki valley"
      },
      "geometry": {
        "type": "Point",
        "coordinates": ["83.9046", "28.1715"]
      }
    },
    {
      "type": "Feature",
      "properties": {
        "description": "China - Pakistan Economic Corridor"
      },
      "geometry": {
        "type": "Point",
        "coordinates": ["73.0651", "24.8607"]
      }
    },
    {
      "type": "Feature",
      "properties": {
        "description": "China - Thailand Railway from Saraburi to Sikhio"
      },
      "geometry": {
        "type": "Point",
        "coordinates": ["101.2403", "14.7566"]
      }
    },
    {
      "type": "Feature",
      "properties": {
        "description": "China Pakistan Karakoram Highway"
      },
      "geometry": {
        "type": "Point",
        "coordinates": ["77.6936", "35.8863"]
      }
    },
    {
      "type": "Feature",
      "properties": {
        "description": "China 's Fujian province"
      },
      "geometry": {
        "type": "Point",
        "coordinates": ["118.0819", "25.2663"]
      }
    },
    {
      "type": "Feature",
      "properties": {
        "description": "Chinese Himalayas in Tibet"
      },
      "geometry": {
        "type": "Point",
        "coordinates": ["85.3153", "28.3949"]
      }
    },
    {
      "type": "Feature",
      "properties": {
        "description": "Chinese Loess Plateau"
      },
      "geometry": {
        "type": "Point",
        "coordinates": ["107.9075", "35.3323"]
      }
    },
    {
      "type": "Feature",
      "properties": {
        "description": "Chinese mountainous"
      },
      "geometry": {
        "type": "Point",
        "coordinates": ["102.7096", "28.3831"]
      }
    },
    {
      "type": "Feature",
      "properties": {
        "description": "Chinshui watershed"
      },
      "geometry": {
        "type": "Point",
        "coordinates": ["120.6472", "24.1179"]
      }
    },
    {
      "type": "Feature",
      "properties": {
        "description": "Chishan River watershed in Taiwan"
      },
      "geometry": {
        "type": "Point",
        "coordinates": ["121.3002", "24.8748"]
      }
    },
    {
      "type": "Feature",
      "properties": {
        "description": "Chishan watershed"
      },
      "geometry": {
        "type": "Point",
        "coordinates": ["121.2631", "24.8852"]
      }
    },
    {
      "type": "Feature",
      "properties": {
        "description": "Chitral"
      },
      "geometry": {
        "type": "Point",
        "coordinates": ["71.7829", "35.8504"]
      }
    },
    {
      "type": "Feature",
      "properties": {
        "description": "Chitral district"
      },
      "geometry": {
        "type": "Point",
        "coordinates": ["71.8601", "35.8515"]
      }
    },
    {
      "type": "Feature",
      "properties": {
        "description": "Chitral valley"
      },
      "geometry": {
        "type": "Point",
        "coordinates": ["71.8453", "35.8461"]
      }
    },
    {
      "type": "Feature",
      "properties": {
        "description": "Chittagong City Corporation"
      },
      "geometry": {
        "type": "Point",
        "coordinates": ["91.8008", "22.3569"]
      }
    },
    {
      "type": "Feature",
      "properties": {
        "description": "Chittagong District of Bangladesh"
      },
      "geometry": {
        "type": "Point",
        "coordinates": ["91.8008", "22.3569"]
      }
    },
    {
      "type": "Feature",
      "properties": {
        "description": "Chittagong Hilly"
      },
      "geometry": {
        "type": "Point",
        "coordinates": ["91.8008", "22.3930"]
      }
    },
    {
      "type": "Feature",
      "properties": {
        "description": "Choke Mountain"
      },
      "geometry": {
        "type": "Point",
        "coordinates": ["37.9190", "10.5083"]
      }
    },
    {
      "type": "Feature",
      "properties": {
        "description": "Chongqing"
      },
      "geometry": {
        "type": "Point",
        "coordinates": ["106.5516", "29.5628"]
      }
    },
    {
      "type": "Feature",
      "properties": {
        "description": "Chongqing City"
      },
      "geometry": {
        "type": "Point",
        "coordinates": ["106.5516", "29.5628"]
      }
    },
    {
      "type": "Feature",
      "properties": {
        "description": "Chongren"
      },
      "geometry": {
        "type": "Point",
        "coordinates": ["115.3546", "27.6868"]
      }
    },
    {
      "type": "Feature",
      "properties": {
        "description": "Chongren County"
      },
      "geometry": {
        "type": "Point",
        "coordinates": ["116.0497", "25.8900"]
      }
    },
    {
      "type": "Feature",
      "properties": {
        "description": "Chongyi County"
      },
      "geometry": {
        "type": "Point",
        "coordinates": ["114.0278", "25.5837"]
      }
    },
    {
      "type": "Feature",
      "properties": {
        "description": "CHT"
      },
      "geometry": {
        "type": "Point",
        "coordinates": ["92.3789", "23.9059"]
      }
    },
    {
      "type": "Feature",
      "properties": {
        "description": "Chuetsu"
      },
      "geometry": {
        "type": "Point",
        "coordinates": ["138.9096", "37.2657"]
      }
    },
    {
      "type": "Feature",
      "properties": {
        "description": "Chuetsu - Niigata"
      },
      "geometry": {
        "type": "Point",
        "coordinates": ["138.9176", "37.4328"]
      }
    },
    {
      "type": "Feature",
      "properties": {
        "description": "Chukha Dzongkhag"
      },
      "geometry": {
        "type": "Point",
        "coordinates": ["89.5824", "27.1175"]
      }
    },
    {
      "type": "Feature",
      "properties": {
        "description": "Chuncheon"
      },
      "geometry": {
        "type": "Point",
        "coordinates": ["127.7388", "37.8749"]
      }
    },
    {
      "type": "Feature",
      "properties": {
        "description": "Chuoshui River in Taiwan"
      },
      "geometry": {
        "type": "Point",
        "coordinates": ["120.5688", "24.1258"]
      }
    },
    {
      "type": "Feature",
      "properties": {
        "description": "Chuxiong"
      },
      "geometry": {
        "type": "Point",
        "coordinates": ["101.5550", "25.0266"]
      }
    },
    {
      "type": "Feature",
      "properties": {
        "description": "Cinque Terre"
      },
      "geometry": {
        "type": "Point",
        "coordinates": ["9.6491", "44.1112"]
      }
    },
    {
      "type": "Feature",
      "properties": {
        "description": "city of Santos"
      },
      "geometry": {
        "type": "Point",
        "coordinates": ["46.3325", "23.9542"]
      }
    },
    {
      "type": "Feature",
      "properties": {
        "description": "City of Seattle"
      },
      "geometry": {
        "type": "Point",
        "coordinates": ["122.3321", "47.6062"]
      }
    },
    {
      "type": "Feature",
      "properties": {
        "description": "Clearwater National Forest"
      },
      "geometry": {
        "type": "Point",
        "coordinates": ["-115.8504", "45.4877"]
      }
    },
    {
      "type": "Feature",
      "properties": {
        "description": "Clearwater National Forest in north-central Idaho"
      },
      "geometry": {
        "type": "Point",
        "coordinates": ["-115.8504", "45.4877"]
      }
    },
    {
      "type": "Feature",
      "properties": {
        "description": "Cleveland Corral"
      },
      "geometry": {
        "type": "Point",
        "coordinates": ["120.3194", "45.2530"]
      }
    },
    {
      "type": "Feature",
      "properties": {
        "description": "CMA"
      },
      "geometry": {
        "type": "Point",
        "coordinates": ["72.8374", "18.5204"]
      }
    },
    {
      "type": "Feature",
      "properties": {
        "description": "CNF"
      },
      "geometry": {
        "type": "Point",
        "coordinates": ["114.3900", "46.6169"]
      }
    },
    {
      "type": "Feature",
      "properties": {
        "description": "coal mining mountain area of Shanxi Province"
      },
      "geometry": {
        "type": "Point",
        "coordinates": ["112.5627", "37.7010"]
      }
    },
    {
      "type": "Feature",
      "properties": {
        "description": "coastal area of El Salvador"
      },
      "geometry": {
        "type": "Point",
        "coordinates": ["88.8965", "13.7942"]
      }
    },
    {
      "type": "Feature",
      "properties": {
        "description": "coastal cliffs in the south of Safi"
      },
      "geometry": {
        "type": "Point",
        "coordinates": ["9.2333", "32.3000"]
      }
    },
    {
      "type": "Feature",
      "properties": {
        "description": "coastal district of Mostaganem"
      },
      "geometry": {
        "type": "Point",
        "coordinates": ["0.0892", "35.9314"]
      }
    },
    {
      "type": "Feature",
      "properties": {
        "description": "coastal watershed in Pacifica"
      },
      "geometry": {
        "type": "Point",
        "coordinates": ["122.4869", "37.6138"]
      }
    },
    {
      "type": "Feature",
      "properties": {
        "description": "coastline between Tetouan and Bou Ahmed in the northernmost Rif of Morocco and its hinterland"
      },
      "geometry": {
        "type": "Point",
        "coordinates": ["5.3037", "35.7568"]
      }
    },
    {
      "type": "Feature",
      "properties": {
        "description": "coastline Mediterranean between Tetouan - Bou Ahmed"
      },
      "geometry": {
        "type": "Point",
        "coordinates": ["5.3037", "35.7568"]
      }
    },
    {
      "type": "Feature",
      "properties": {
        "description": "coasts of Cinque Terre"
      },
      "geometry": {
        "type": "Point",
        "coordinates": ["9.6583", "44.1022"]
      }
    },
    {
      "type": "Feature",
      "properties": {
        "description": "Collazzone"
      },
      "geometry": {
        "type": "Point",
        "coordinates": ["12.3317", "42.9315"]
      }
    },
    {
      "type": "Feature",
      "properties": {
        "description": "Colombia"
      },
      "geometry": {
        "type": "Point",
        "coordinates": ["74.2973", "4.5709"]
      }
    },
    {
      "type": "Feature",
      "properties": {
        "description": "Combeima valley in Colombia"
      },
      "geometry": {
        "type": "Point",
        "coordinates": ["75.2422", "4.4368"]
      }
    },
    {
      "type": "Feature",
      "properties": {
        "description": "Commonwealth of Dominica"
      },
      "geometry": {
        "type": "Point",
        "coordinates": ["61.3700", "15.4150"]
      }
    },
    {
      "type": "Feature",
      "properties": {
        "description": "Constantine"
      },
      "geometry": {
        "type": "Point",
        "coordinates": ["6.2833", "36.3650"]
      }
    },
    {
      "type": "Feature",
      "properties": {
        "description": "Coonoor"
      },
      "geometry": {
        "type": "Point",
        "coordinates": ["76.8144", "11.3530"]
      }
    },
    {
      "type": "Feature",
      "properties": {
        "description": "Coonoor Taluk of Uthagamandalam District in Tamil Nadu"
      },
      "geometry": {
        "type": "Point",
        "coordinates": ["76.8144", "11.3530"]
      }
    },
    {
      "type": "Feature",
      "properties": {
        "description": "Cordillera Blanca"
      },
      "geometry": {
        "type": "Point",
        "coordinates": ["77.6300", "8.9167"]
      }
    },
    {
      "type": "Feature",
      "properties": {
        "description": "Costa Rica"
      },
      "geometry": {
        "type": "Point",
        "coordinates": ["84.2089", "9.9281"]
      }
    },
    {
      "type": "Feature",
      "properties": {
        "description": "County of Xanthi"
      },
      "geometry": {
        "type": "Point",
        "coordinates": ["24.8698", "41.1425"]
      }
    },
    {
      "type": "Feature",
      "properties": {
        "description": "Cox 's bazar"
      },
      "geometry": {
        "type": "Point",
        "coordinates": ["92.0171", "21.4272"]
      }
    },
    {
      "type": "Feature",
      "properties": {
        "description": "Cox 's Bazar district of Bangladesh"
      },
      "geometry": {
        "type": "Point",
        "coordinates": ["92.0171", "21.4272"]
      }
    },
    {
      "type": "Feature",
      "properties": {
        "description": "CPEC"
      },
      "geometry": {
        "type": "Point",
        "coordinates": ["71.4916", "33.6844"]
      }
    },
    {
      "type": "Feature",
      "properties": {
        "description": "Crete Island"
      },
      "geometry": {
        "type": "Point",
        "coordinates": ["24.8700", "35.2401"]
      }
    },
    {
      "type": "Feature",
      "properties": {
        "description": "CRSB"
      },
      "geometry": {
        "type": "Point",
        "coordinates": ["120.3299", "36.1215"]
      }
    },
    {
      "type": "Feature",
      "properties": {
        "description": "Cuenca"
      },
      "geometry": {
        "type": "Point",
        "coordinates": ["2.8833", "40.0806"]
      }
    },
    {
      "type": "Feature",
      "properties": {
        "description": "Cuenca city"
      },
      "geometry": {
        "type": "Point",
        "coordinates": ["2.8833", "40.0806"]
      }
    },
    {
      "type": "Feature",
      "properties": {
        "description": "CVL"
      },
      "geometry": {
        "type": "Point",
        "coordinates": ["122.4200", "38.5675"]
      }
    },
    {
      "type": "Feature",
      "properties": {
        "description": "Czech Republic"
      },
      "geometry": {
        "type": "Point",
        "coordinates": ["15.4730", "49.8153"]
      }
    },
    {
      "type": "Feature",
      "properties": {
        "description": "Da Lat province"
      },
      "geometry": {
        "type": "Point",
        "coordinates": ["108.4178", "11.9404"]
      }
    },
    {
      "type": "Feature",
      "properties": {
        "description": "Dabie Mountain area of Anhui Province"
      },
      "geometry": {
        "type": "Point",
        "coordinates": ["115.0117", "33.2589"]
      }
    },
    {
      "type": "Feature",
      "properties": {
        "description": "Dadu River Basin"
      },
      "geometry": {
        "type": "Point",
        "coordinates": ["68.4963", "26.6606"]
      }
    },
    {
      "type": "Feature",
      "properties": {
        "description": "Daguan County"
      },
      "geometry": {
        "type": "Point",
        "coordinates": ["101.4555", "24.0326"]
      }
    },
    {
      "type": "Feature",
      "properties": {
        "description": "Dagushan"
      },
      "geometry": {
        "type": "Point",
        "coordinates": ["120.4866", "46.5167"]
      }
    },
    {
      "type": "Feature",
      "properties": {
        "description": "Dailekh district"
      },
      "geometry": {
        "type": "Point",
        "coordinates": ["81.8333", "28.8833"]
      }
    },
    {
      "type": "Feature",
      "properties": {
        "description": "Dajie township"
      },
      "geometry": {
        "type": "Point",
        "coordinates": ["129.3234", "43.7972"]
      }
    },
    {
      "type": "Feature",
      "properties": {
        "description": "Dakar coastal"
      },
      "geometry": {
        "type": "Point",
        "coordinates": ["17.4439", "14.7167"]
      }
    },
    {
      "type": "Feature",
      "properties": {
        "description": "Dalhousie"
      },
      "geometry": {
        "type": "Point",
        "coordinates": ["75.9779", "32.6499"]
      }
    },
    {
      "type": "Feature",
      "properties": {
        "description": "Damre Romel"
      },
      "geometry": {
        "type": "Point",
        "coordinates": ["96.1108", "16.0453"]
      }
    },
    {
      "type": "Feature",
      "properties": {
        "description": "Danube -  right river bank"
      },
      "geometry": {
        "type": "Point",
        "coordinates": ["25.9767", "44.4417"]
      }
    },
    {
      "type": "Feature",
      "properties": {
        "description": "Daoshi"
      },
      "geometry": {
        "type": "Point",
        "coordinates": ["103.426", "29.3506"]
      }
    },
    {
      "type": "Feature",
      "properties": {
        "description": "Darjeeling"
      },
      "geometry": {
        "type": "Point",
        "coordinates": ["88.2636", "27.0357"]
      }
    },
    {
      "type": "Feature",
      "properties": {
        "description": "Darjeeling and Kalimpong district"
      },
      "geometry": {
        "type": "Point",
        "coordinates": ["88.4726", "27.0357"]
      }
    },
    {
      "type": "Feature",
      "properties": {
        "description": "Darjeeling and Kalimpong districts of West Bengal"
      },
      "geometry": {
        "type": "Point",
        "coordinates": ["88.4726", "27.0357"]
      }
    },
    {
      "type": "Feature",
      "properties": {
        "description": "Darjeeling Himalaya"
      },
      "geometry": {
        "type": "Point",
        "coordinates": ["88.2666", "27.0026"]
      }
    },
    {
      "type": "Feature",
      "properties": {
        "description": "Darjeeling Himalayan"
      },
      "geometry": {
        "type": "Point",
        "coordinates": ["88.2666", "27.0026"]
      }
    },
    {
      "type": "Feature",
      "properties": {
        "description": "Darjeeling Himalayas of India"
      },
      "geometry": {
        "type": "Point",
        "coordinates": ["88.2666", "27.0026"]
      }
    },
    {
      "type": "Feature",
      "properties": {
        "description": "Darjiling Himalaya"
      },
      "geometry": {
        "type": "Point",
        "coordinates": ["88.2495", "27.1046"]
      }
    },
    {
      "type": "Feature",
      "properties": {
        "description": "Datong mining area in Qinghai Province"
      },
      "geometry": {
        "type": "Point",
        "coordinates": ["101.6016", "36.5519"]
      }
    },
    {
      "type": "Feature",
      "properties": {
        "description": "Daunia"
      },
      "geometry": {
        "type": "Point",
        "coordinates": ["15.5673", "41.3817"]
      }
    },
    {
      "type": "Feature",
      "properties": {
        "description": "Daunia - Lucanian mountains"
      },
      "geometry": {
        "type": "Point",
        "coordinates": ["15.5673", "41.3817"]
      }
    },
    {
      "type": "Feature",
      "properties": {
        "description": "Daunia hillslopes"
      },
      "geometry": {
        "type": "Point",
        "coordinates": ["15.5673", "41.3817"]
      }
    },
    {
      "type": "Feature",
      "properties": {
        "description": "Dazhou town"
      },
      "geometry": {
        "type": "Point",
        "coordinates": ["107.468", "31.2108"]
      }
    },
    {
      "type": "Feature",
      "properties": {
        "description": "Debre Markos town"
      },
      "geometry": {
        "type": "Point",
        "coordinates": ["37.7304", "10.3389"]
      }
    },
    {
      "type": "Feature",
      "properties": {
        "description": "Debre Sina"
      },
      "geometry": {
        "type": "Point",
        "coordinates": ["38.0516", "9.5487"]
      }
    },
    {
      "type": "Feature",
      "properties": {
        "description": "Dehong Prefecture"
      },
      "geometry": {
        "type": "Point",
        "coordinates": ["98.5894", "24.4412"]
      }
    },
    {
      "type": "Feature",
      "properties": {
        "description": "Dehua County"
      },
      "geometry": {
        "type": "Point",
        "coordinates": ["117.7049", "25.6246"]
      }
    },
    {
      "type": "Feature",
      "properties": {
        "description": "Denmark"
      },
      "geometry": {
        "type": "Point",
        "coordinates": ["10.0", "56.0"]
      }
    },
    {
      "type": "Feature",
      "properties": {
        "description": "Deokjeok - ri Creek"
      },
      "geometry": {
        "type": "Point",
        "coordinates": ["128.6217", "37.1604"]
      }
    },
    {
      "type": "Feature",
      "properties": {
        "description": "Deokjeokri catchment"
      },
      "geometry": {
        "type": "Point",
        "coordinates": ["128.6283", "37.1687"]
      }
    },
    {
      "type": "Feature",
      "properties": {
        "description": "department of Ancash"
      },
      "geometry": {
        "type": "Point",
        "coordinates": ["77.1226", "8.3305"]
      }
    },
    {
      "type": "Feature",
      "properties": {
        "description": "Deqin County"
      },
      "geometry": {
        "type": "Point",
        "coordinates": ["99.8933", "27.8188"]
      }
    },
    {
      "type": "Feature",
      "properties": {
        "description": "Derong and Deqin County"
      },
      "geometry": {
        "type": "Point",
        "coordinates": ["99.8233", "27.7781"]
      }
    },
    {
      "type": "Feature",
      "properties": {
        "description": "Desamparados"
      },
      "geometry": {
        "type": "Point",
        "coordinates": ["84.0846", "9.8825"]
      }
    },
    {
      "type": "Feature",
      "properties": {
        "description": "Devrek town"
      },
      "geometry": {
        "type": "Point",
        "coordinates": ["30.9736", "41.2463"]
      }
    },
    {
      "type": "Feature",
      "properties": {
        "description": "Deyang"
      },
      "geometry": {
        "type": "Point",
        "coordinates": ["104.4010", "31.1269"]
      }
    },
    {
      "type": "Feature",
      "properties": {
        "description": "Dhading"
      },
      "geometry": {
        "type": "Point",
        "coordinates": ["84.9055", "28.1611"]
      }
    },
    {
      "type": "Feature",
      "properties": {
        "description": "Dhading district of Nepal 's Bagmati province"
      },
      "geometry": {
        "type": "Point",
        "coordinates": ["84.9055", "28.1611"]
      }
    },
    {
      "type": "Feature",
      "properties": {
        "description": "Dhaira"
      },
      "geometry": {
        "type": "Point",
        "coordinates": ["80.6212", "28.4863"]
      }
    },
    {
      "type": "Feature",
      "properties": {
        "description": "Dharamshala"
      },
      "geometry": {
        "type": "Point",
        "coordinates": ["76.3188", "32.2190"]
      }
    },
    {
      "type": "Feature",
      "properties": {
        "description": "Dharamshala region of Kangra valley"
      },
      "geometry": {
        "type": "Point",
        "coordinates": ["76.3188", "32.2190"]
      }
    },
    {
      "type": "Feature",
      "properties": {
        "description": "Dianchi Lake watershed"
      },
      "geometry": {
        "type": "Point",
        "coordinates": ["102.8083", "25.8058"]
      }
    },
    {
      "type": "Feature",
      "properties": {
        "description": "Diexi"
      },
      "geometry": {
        "type": "Point",
        "coordinates": ["103.4233", "31.5141"]
      }
    },
    {
      "type": "Feature",
      "properties": {
        "description": "Diexi area located along the upstream stretch of the Minjiang River"
      },
      "geometry": {
        "type": "Point",
        "coordinates": ["102.8192", "31.7312"]
      }
    },
    {
      "type": "Feature",
      "properties": {
        "description": "District Ghizer"
      },
      "geometry": {
        "type": "Point",
        "coordinates": ["73.2434", "36.4426"]
      }
    },
    {
      "type": "Feature",
      "properties": {
        "description": "District Hattian Bala"
      },
      "geometry": {
        "type": "Point",
        "coordinates": ["73.0069", "33.7890"]
      }
    },
    {
      "type": "Feature",
      "properties": {
        "description": "DKI Jakarta"
      },
      "geometry": {
        "type": "Point",
        "coordinates": ["106.8276", "6.2088"]
      }
    },
    {
      "type": "Feature",
      "properties": {
        "description": "Doboj City"
      },
      "geometry": {
        "type": "Point",
        "coordinates": ["18.0840", "44.7310"]
      }
    },
    {
      "type": "Feature",
      "properties": {
        "description": "Dodangeh watershed"
      },
      "geometry": {
        "type": "Point",
        "coordinates": ["47.0291", "36.6226"]
      }
    },
    {
      "type": "Feature",
      "properties": {
        "description": "Dolalghat - Kodari section in Araniko Highway"
      },
      "geometry": {
        "type": "Point",
        "coordinates": ["85.9485", "27.6760"]
      }
    },
    {
      "type": "Feature",
      "properties": {
        "description": "Dominica"
      },
      "geometry": {
        "type": "Point",
        "coordinates": ["61.3709", "15.4150"]
      }
    },
    {
      "type": "Feature",
      "properties": {
        "description": "Dominical"
      },
      "geometry": {
        "type": "Point",
        "coordinates": ["83.8630", "9.2480"]
      }
    },
    {
      "type": "Feature",
      "properties": {
        "description": "Dongfeng"
      },
      "geometry": {
        "type": "Point",
        "coordinates": ["127.8986", "42.6788"]
      }
    },
    {
      "type": "Feature",
      "properties": {
        "description": "Dongjiang Reservoir Watershed"
      },
      "geometry": {
        "type": "Point",
        "coordinates": ["114.1303", "23.9326"]
      }
    },
    {
      "type": "Feature",
      "properties": {
        "description": "Dongzhiyuan"
      },
      "geometry": {
        "type": "Point",
        "coordinates": ["113.8958", "36.3013"]
      }
    },
    {
      "type": "Feature",
      "properties": {
        "description": "Donjek River area within the Yukon Alaska Highway Corridor"
      },
      "geometry": {
        "type": "Point",
        "coordinates": ["137.1485", "61.5167"]
      }
    },
    {
      "type": "Feature",
      "properties": {
        "description": "DS"
      },
      "geometry": {
        "type": "Point",
        "coordinates": ["116.7113", "35.6832"]
      }
    },
    {
      "type": "Feature",
      "properties": {
        "description": "DS railway segments from Puyang town to Dengsheng village"
      },
      "geometry": {
        "type": "Point",
        "coordinates": ["115.0367", "35.7125"]
      }
    },
    {
      "type": "Feature",
      "properties": {
        "description": "Dubair"
      },
      "geometry": {
        "type": "Point",
        "coordinates": ["77.3589", "28.1248"]
      }
    },
    {
      "type": "Feature",
      "properties": {
        "description": "Dujiangyan city to Siguniang Mountain"
      },
      "geometry": {
        "type": "Point",
        "coordinates": ["103.5326", "30.9564"]
      }
    },
    {
      "type": "Feature",
      "properties": {
        "description": "Duwen basin of China"
      },
      "geometry": {
        "type": "Point",
        "coordinates": ["112.3491", "33.0173"]
      }
    },
    {
      "type": "Feature",
      "properties": {
        "description": "Duwen Highway Basin"
      },
      "geometry": {
        "type": "Point",
        "coordinates": ["114.5375", "33.5111"]
      }
    },
    {
      "type": "Feature",
      "properties": {
        "description": "Duxiantou"
      },
      "geometry": {
        "type": "Point",
        "coordinates": ["120.9401", "24.1985"]
      }
    },
    {
      "type": "Feature",
      "properties": {
        "description": "DVP"
      },
      "geometry": {
        "type": "Point",
        "coordinates": ["79.5045", "43.6529"]
      }
    },
    {
      "type": "Feature",
      "properties": {
        "description": "E Belgium"
      },
      "geometry": {
        "type": "Point",
        "coordinates": ["4.4699", "50.5011"]
      }
    },
    {
      "type": "Feature",
      "properties": {
        "description": "east - central Guatemala"
      },
      "geometry": {
        "type": "Point",
        "coordinates": ["90.1933", "15.7835"]
      }
    },
    {
      "type": "Feature",
      "properties": {
        "description": "East Africa"
      },
      "geometry": {
        "type": "Point",
        "coordinates": ["36.8219", "1.2991"]
      }
    },
    {
      "type": "Feature",
      "properties": {
        "description": "East Azerbaijan"
      },
      "geometry": {
        "type": "Point",
        "coordinates": ["46.1876", "37.9163"]
      }
    },
    {
      "type": "Feature",
      "properties": {
        "description": "East Gojjam"
      },
      "geometry": {
        "type": "Point",
        "coordinates": ["37.9167", "11.4833"]
      }
    },
    {
      "type": "Feature",
      "properties": {
        "description": "East Java"
      },
      "geometry": {
        "type": "Point",
        "coordinates": ["112.7208", "-7.2575"]
      }
    },
    {
      "type": "Feature",
      "properties": {
        "description": "east of the Qinghai - Tibet Plateau"
      },
      "geometry": {
        "type": "Point",
        "coordinates": ["94.1500", "34.5500"]
      }
    },
    {
      "type": "Feature",
      "properties": {
        "description": "east of the Tibetan Plateau"
      },
      "geometry": {
        "type": "Point",
        "coordinates": ["93.6000", "29.4000"]
      }
    },
    {
      "type": "Feature",
      "properties": {
        "description": "East Peloritani Fault System"
      },
      "geometry": {
        "type": "Point",
        "coordinates": ["15.4667", "38.0667"]
      }
    },
    {
      "type": "Feature",
      "properties": {
        "description": "East Sikkim Himalaya"
      },
      "geometry": {
        "type": "Point",
        "coordinates": ["88.6155", "27.3303"]
      }
    },
    {
      "type": "Feature",
      "properties": {
        "description": "East Sikkim Himalaya region of India"
      },
      "geometry": {
        "type": "Point",
        "coordinates": ["88.6116", "27.3321"]
      }
    },
    {
      "type": "Feature",
      "properties": {
        "description": "eastern and southern parts of China"
      },
      "geometry": {
        "type": "Point",
        "coordinates": ["113.7537", "23.1291"]
      }
    },
    {
      "type": "Feature",
      "properties": {
        "description": "eastern Austria"
      },
      "geometry": {
        "type": "Point",
        "coordinates": ["14.5500", "48.2000"]
      }
    },
    {
      "type": "Feature",
      "properties": {
        "description": "eastern basin of the largest central European"
      },
      "geometry": {
        "type": "Point",
        "coordinates": ["17.4400", "48.2100"]
      }
    },
    {
      "type": "Feature",
      "properties": {
        "description": "Eastern Black Sea"
      },
      "geometry": {
        "type": "Point",
        "coordinates": ["37.2923", "40.4553"]
      }
    },
    {
      "type": "Feature",
      "properties": {
        "description": "Eastern Black Sea region of Turkey"
      },
      "geometry": {
        "type": "Point",
        "coordinates": ["38.7857", "41.1553"]
      }
    },
    {
      "type": "Feature",
      "properties": {
        "description": "eastern boundary of the Tibetan Plateau"
      },
      "geometry": {
        "type": "Point",
        "coordinates": ["101.6800", "33.9500"]
      }
    },
    {
      "type": "Feature",
      "properties": {
        "description": "eastern Chengfeng"
      },
      "geometry": {
        "type": "Point",
        "coordinates": ["108.3667", "22.7614"]
      }
    },
    {
      "type": "Feature",
      "properties": {
        "description": "eastern coast of China"
      },
      "geometry": {
        "type": "Point",
        "coordinates": ["121.4737", "31.2304"]
      }
    },
    {
      "type": "Feature",
      "properties": {
        "description": "eastern Cuba"
      },
      "geometry": {
        "type": "Point",
        "coordinates": ["77.7806", "20.3500"]
      }
    },
    {
      "type": "Feature",
      "properties": {
        "description": "eastern Guangxi"
      },
      "geometry": {
        "type": "Point",
        "coordinates": ["108.6740", "24.1150"]
      }
    },
    {
      "type": "Feature",
      "properties": {
        "description": "eastern Himalayan road corridor"
      },
      "geometry": {
        "type": "Point",
        "coordinates": ["89.5674", "27.3585"]
      }
    },
    {
      "type": "Feature",
      "properties": {
        "description": "eastern Himalayan syntaxis in Tibet"
      },
      "geometry": {
        "type": "Point",
        "coordinates": ["91.1042", "29.6497"]
      }
    },
    {
      "type": "Feature",
      "properties": {
        "description": "eastern Himalayas"
      },
      "geometry": {
        "type": "Point",
        "coordinates": ["88.7879", "27.9881"]
      }
    },
    {
      "type": "Feature",
      "properties": {
        "description": "eastern Hindu Kush range"
      },
      "geometry": {
        "type": "Point",
        "coordinates": ["67.8325", "36.8036"]
      }
    },
    {
      "type": "Feature",
      "properties": {
        "description": "Eastern Iburi"
      },
      "geometry": {
        "type": "Point",
        "coordinates": ["142.2874", "42.5773"]
      }
    },
    {
      "type": "Feature",
      "properties": {
        "description": "Eastern India"
      },
      "geometry": {
        "type": "Point",
        "coordinates": ["86.1901", "20.5937"]
      }
    },
    {
      "type": "Feature",
      "properties": {
        "description": "Eastern Italian Alps"
      },
      "geometry": {
        "type": "Point",
        "coordinates": ["12.1374", "45.8150"]
      }
    },
    {
      "type": "Feature",
      "properties": {
        "description": "eastern Kentucky"
      },
      "geometry": {
        "type": "Point",
        "coordinates": ["83.6974", "37.8393"]
      }
    },
    {
      "type": "Feature",
      "properties": {
        "description": "eastern Liguria"
      },
      "geometry": {
        "type": "Point",
        "coordinates": ["8.9306", "44.4009"]
      }
    },
    {
      "type": "Feature",
      "properties": {
        "description": "Eastern Nepal"
      },
      "geometry": {
        "type": "Point",
        "coordinates": ["84.1240", "28.3949"]
      }
    },
    {
      "type": "Feature",
      "properties": {
        "description": "eastern Ontario"
      },
      "geometry": {
        "type": "Point",
        "coordinates": ["79.3832", "46.8139"]
      }
    },
    {
      "type": "Feature",
      "properties": {
        "description": "eastern part of Lanzhou"
      },
      "geometry": {
        "type": "Point",
        "coordinates": ["103.8343", "36.0611"]
      }
    },
    {
      "type": "Feature",
      "properties": {
        "description": "eastern part of the Khuzestan province of southern Iran"
      },
      "geometry": {
        "type": "Point",
        "coordinates": ["48.2426", "31.2710"]
      }
    },
    {
      "type": "Feature",
      "properties": {
        "description": "Eastern Pyreenes"
      },
      "geometry": {
        "type": "Point",
        "coordinates": ["2.4367", "42.3317"]
      }
    },
    {
      "type": "Feature",
      "properties": {
        "description": "eastern rim of the Fergana Basin"
      },
      "geometry": {
        "type": "Point",
        "coordinates": ["73.7457", "40.7952"]
      }
    },
    {
      "type": "Feature",
      "properties": {
        "description": "eastern road section of the China - Pakistan Economic Corridor"
      },
      "geometry": {
        "type": "Point",
        "coordinates": ["72.1969", "26.7453"]
      }
    },
    {
      "type": "Feature",
      "properties": {
        "description": "eastern Romania"
      },
      "geometry": {
        "type": "Point",
        "coordinates": ["24.9668", "45.9432"]
      }
    },
    {
      "type": "Feature",
      "properties": {
        "description": "eastern side of the Western Ghats in the Kodagu district"
      },
      "geometry": {
        "type": "Point",
        "coordinates": ["76.1054", "12.3375"]
      }
    },
    {
      "type": "Feature",
      "properties": {
        "description": "eastern Tibet"
      },
      "geometry": {
        "type": "Point",
        "coordinates": ["92.9201", "31.9686"]
      }
    },
    {
      "type": "Feature",
      "properties": {
        "description": "Ebantu district of the Oromia regional state of western Ethiopia"
      },
      "geometry": {
        "type": "Point",
        "coordinates": ["37.5368", "6.8488"]
      }
    },
    {
      "type": "Feature",
      "properties": {
        "description": "Ecuador"
      },
      "geometry": {
        "type": "Point",
        "coordinates": ["78.1834", "1.8312"]
      }
    },
    {
      "type": "Feature",
      "properties": {
        "description": "edge of the Himalaya Mountains"
      },
      "geometry": {
        "type": "Point",
        "coordinates": ["81.9773", "28.3949"]
      }
    },
    {
      "type": "Feature",
      "properties": {
        "description": "Egypt"
      },
      "geometry": {
        "type": "Point",
        "coordinates": ["30.8028", "26.8205"]
      }
    },
    {
      "type": "Feature",
      "properties": {
        "description": "Eight-kilometer range of the main road in Wenchuan County"
      },
      "geometry": {
        "type": "Point",
        "coordinates": ["103.5599", "31.5100"]
      }
    },
    {
      "type": "Feature",
      "properties": {
        "description": "El Berrinche"
      },
      "geometry": {
        "type": "Point",
        "coordinates": ["-106.2250", "25.0957"]
      }
    },
    {
      "type": "Feature",
      "properties": {
        "description": "El Plateado"
      },
      "geometry": {
        "type": "Point",
        "coordinates": ["-99.7833", "18.0167"]
      }
    },
    {
      "type": "Feature",
      "properties": {
        "description": "El Triunfo watershed"
      },
      "geometry": {
        "type": "Point",
        "coordinates": ["-95.9353", "16.4036"]
      }
    },
    {
      "type": "Feature",
      "properties": {
        "description": "elevation relief"
      },
      "geometry": {
        "type": "Point",
        "coordinates": ["0.0000", "0.0000"]
      }
    },
    {
      "type": "Feature",
      "properties": {
        "description": "end of the Eastern Himalayan Syntaxis"
      },
      "geometry": {
        "type": "Point",
        "coordinates": ["97.5380", "29.6132"]
      }
    },
    {
      "type": "Feature",
      "properties": {
        "description": "Enshi"
      },
      "geometry": {
        "type": "Point",
        "coordinates": ["109.4828", "30.2729"]
      }
    },
    {
      "type": "Feature",
      "properties": {
        "description": "Enshi City"
      },
      "geometry": {
        "type": "Point",
        "coordinates": ["109.4833", "30.3000"]
      }
    },
    {
      "type": "Feature",
      "properties": {
        "description": "Enshi County"
      },
      "geometry": {
        "type": "Point",
        "coordinates": ["109.4833", "30.3000"]
      }
    },
    {
      "type": "Feature",
      "properties": {
        "description": "Enshi region in China"
      },
      "geometry": {
        "type": "Point",
        "coordinates": ["109.5100", "30.3000"]
      }
    },
    {
      "type": "Feature",
      "properties": {
        "description": "Ernakulam"
      },
      "geometry": {
        "type": "Point",
        "coordinates": ["76.2673", "9.9312"]
      }
    },
    {
      "type": "Feature",
      "properties": {
        "description": "Espirito Santo"
      },
      "geometry": {
        "type": "Point",
        "coordinates": ["-40.3089", "-19.1834"]
      }
    },
    {
      "type": "Feature",
      "properties": {
        "description": "Ethiopia"
      },
      "geometry": {
        "type": "Point",
        "coordinates": ["40.4897", "9.1450"]
      }
    },
    {
      "type": "Feature",
      "properties": {
        "description": "Europe"
      },
      "geometry": {
        "type": "Point",
        "coordinates": ["10.4515", "51.1657"]
      }
    },
    {
      "type": "Feature",
      "properties": {
        "description": "European"
      },
      "geometry": {
        "type": "Point",
        "coordinates": ["10.4515", "51.1657"]
      }
    },
    {
      "type": "Feature",
      "properties": {
        "description": "expressways in Korea"
      },
      "geometry": {
        "type": "Point",
        "coordinates": ["126.9780", "37.5665"]
      }
    },
    {
      "type": "Feature",
      "properties": {
        "description": "Fars Province"
      },
      "geometry": {
        "type": "Point",
        "coordinates": ["53.0689", "29.1044"]
      }
    },
    {
      "type": "Feature",
      "properties": {
        "description": "Fengdu County of the"
      },
      "geometry": {
        "type": "Point",
        "coordinates": ["107.7280", "29.6669"]
      }
    },
    {
      "type": "Feature",
      "properties": {
        "description": "Fengjie"
      },
      "geometry": {
        "type": "Point",
        "coordinates": ["109.4744", "31.0062"]
      }
    },
    {
      "type": "Feature",
      "properties": {
        "description": "Fengjie County"
      },
      "geometry": {
        "type": "Point",
        "coordinates": ["108.3972", "31.0078"]
      }
    },
    {
      "type": "Feature",
      "properties": {
        "description": "Fengjie County in China"
      },
      "geometry": {
        "type": "Point",
        "coordinates": ["107.7222", "31.4060"]
      }
    },
    {
      "type": "Feature",
      "properties": {
        "description": "Fengjie County in the Three Gorges Reservoir"
      },
      "geometry": {
        "type": "Point",
        "coordinates": ["109.4512", "31.1033"]
      }
    },
    {
      "type": "Feature",
      "properties": {
        "description": "Flemish Ardennes"
      },
      "geometry": {
        "type": "Point",
        "coordinates": ["3.7626", "50.8218"]
      }
    },
    {
      "type": "Feature",
      "properties": {
        "description": "Flores Island"
      },
      "geometry": {
        "type": "Point",
        "coordinates": ["122.2026", "8.6118"]
      }
    },
    {
      "type": "Feature",
      "properties": {
        "description": "Flysch"
      },
      "geometry": {
        "type": "Point",
        "coordinates": ["12.25", "44.5"]
      }
    },
    {
      "type": "Feature",
      "properties": {
        "description": "Flysch areas including the Penninic Klippen in the Vienna Forest"
      },
      "geometry": {
        "type": "Point",
        "coordinates": ["16.3917", "48.2098"]
      }
    },
    {
      "type": "Feature",
      "properties": {
        "description": "Foothill of Lesser Himalayas"
      },
      "geometry": {
        "type": "Point",
        "coordinates": ["77.5", "32.5"]
      }
    },
    {
      "type": "Feature",
      "properties": {
        "description": "Foothills at Karavallikkombai"
      },
      "geometry": {
        "type": "Point",
        "coordinates": ["77.1432", "9.9030"]
      }
    },
    {
      "type": "Feature",
      "properties": {
        "description": "Foothills of the high mountain ranges along the Eastern rim of the Fergana Basin"
      },
      "geometry": {
        "type": "Point",
        "coordinates": ["71.0", "41.5"]
      }
    },
    {
      "type": "Feature",
      "properties": {
        "description": "Forest-covered areas in Lin'an"
      },
      "geometry": {
        "type": "Point",
        "coordinates": ["119.7110", "29.7361"]
      }
    },
    {
      "type": "Feature",
      "properties": {
        "description": "Forested watersheds"
      },
      "geometry": {
        "type": "Point",
        "coordinates": ["35.0", "33.0"]
      }
    },
    {
      "type": "Feature",
      "properties": {
        "description": "Forests"
      },
      "geometry": {
        "type": "Point",
        "coordinates": ["35.0", "33.0"]
      }
    },
    {
      "type": "Feature",
      "properties": {
        "description": "Former Champlain Sea"
      },
      "geometry": {
        "type": "Point",
        "coordinates": ["-71.0", "45.0"]
      }
    },
    {
      "type": "Feature",
      "properties": {
        "description": "Fragile mountainous terrain in the eastern part of Nepal"
      },
      "geometry": {
        "type": "Point",
        "coordinates": ["86.5", "27.5"]
      }
    },
    {
      "type": "Feature",
      "properties": {
        "description": "France"
      },
      "geometry": {
        "type": "Point",
        "coordinates": ["2.2137", "46.2276"]
      }
    },
    {
      "type": "Feature",
      "properties": {
        "description": "Franconian Alb"
      },
      "geometry": {
        "type": "Point",
        "coordinates": ["10.6000", "49.0000"]
      }
    },
    {
      "type": "Feature",
      "properties": {
        "description": "Frequencies"
      },
      "geometry": {
        "type": "Point",
        "coordinates": ["0.0", "0.0"]
      }
    },
    {
      "type": "Feature",
      "properties": {
        "description": "FS"
      },
      "geometry": {
        "type": "Point",
        "coordinates": ["0.0", "0.0"]
      }
    },
    {
      "type": "Feature",
      "properties": {
        "description": "Fu'an City"
      },
      "geometry": {
        "type": "Point",
        "coordinates": ["119.6807", "27.0910"]
      }
    },
    {
      "type": "Feature",
      "properties": {
        "description": "Fugu County of Shaanxi Province"
      },
      "geometry": {
        "type": "Point",
        "coordinates": ["111.8895", "38.3181"]
      }
    },
    {
      "type": "Feature",
      "properties": {
        "description": "Fujian Province"
      },
      "geometry": {
        "type": "Point",
        "coordinates": ["119.2965", "26.0763"]
      }
    },
    {
      "type": "Feature",
      "properties": {
        "description": "Fukou"
      },
      "geometry": {
        "type": "Point",
        "coordinates": ["114.2533", "36.0709"]
      }
    },
    {
      "type": "Feature",
      "properties": {
        "description": "Fuling District"
      },
      "geometry": {
        "type": "Point",
        "coordinates": ["107.3911", "29.7034"]
      }
    },
    {
      "type": "Feature",
      "properties": {
        "description": "Fuzhou City"
      },
      "geometry": {
        "type": "Point",
        "coordinates": ["119.2965", "26.0745"]
      }
    },
    {
      "type": "Feature",
      "properties": {
        "description": "G69"
      },
      "geometry": {
        "type": "Point",
        "coordinates": ["120.3434", "30.5824"]
      }
    },
    {
      "type": "Feature",
      "properties": {
        "description": "Gamo Zone of south Ethiopia"
      },
      "geometry": {
        "type": "Point",
        "coordinates": ["37.9855", "6.5666"]
      }
    },
    {
      "type": "Feature",
      "properties": {
        "description": "Gangneung"
      },
      "geometry": {
        "type": "Point",
        "coordinates": ["128.8965", "37.7510"]
      }
    },
    {
      "type": "Feature",
      "properties": {
        "description": "Gangneung - si"
      },
      "geometry": {
        "type": "Point",
        "coordinates": ["128.8965", "37.7510"]
      }
    },
    {
      "type": "Feature",
      "properties": {
        "description": "Gangneung in Korea"
      },
      "geometry": {
        "type": "Point",
        "coordinates": ["128.8965", "37.7510"]
      }
    },
    {
      "type": "Feature",
      "properties": {
        "description": "Gangtok city"
      },
      "geometry": {
        "type": "Point",
        "coordinates": ["88.6138", "27.3314"]
      }
    },
    {
      "type": "Feature",
      "properties": {
        "description": "Gangtok city of Sikkim state"
      },
      "geometry": {
        "type": "Point",
        "coordinates": ["88.6140", "27.3389"]
      }
    },
    {
      "type": "Feature",
      "properties": {
        "description": "Gangtok subdivision in east Sikkim district"
      },
      "geometry": {
        "type": "Point",
        "coordinates": ["88.6140", "27.3389"]
      }
    },
    {
      "type": "Feature",
      "properties": {
        "description": "Gangwon Province"
      },
      "geometry": {
        "type": "Point",
        "coordinates": ["128.5467", "37.8228"]
      }
    },
    {
      "type": "Feature",
      "properties": {
        "description": "Gansu"
      },
      "geometry": {
        "type": "Point",
        "coordinates": ["102.4576", "35.7528"]
      }
    },
    {
      "type": "Feature",
      "properties": {
        "description": "Gansu Province"
      },
      "geometry": {
        "type": "Point",
        "coordinates": ["102.4576", "35.7528"]
      }
    },
    {
      "type": "Feature",
      "properties": {
        "description": "Gardhwal Himalayan terrain"
      },
      "geometry": {
        "type": "Point",
        "coordinates": ["78.4370", "30.2889"]
      }
    },
    {
      "type": "Feature",
      "properties": {
        "description": "Garhwal Himalaya"
      },
      "geometry": {
        "type": "Point",
        "coordinates": ["78.8262", "30.3256"]
      }
    },
    {
      "type": "Feature",
      "properties": {
        "description": "Garhwal Himalayas"
      },
      "geometry": {
        "type": "Point",
        "coordinates": ["78.8262", "30.3256"]
      }
    },
    {
      "type": "Feature",
      "properties": {
        "description": "Garhwal Lesser Himalaya"
      },
      "geometry": {
        "type": "Point",
        "coordinates": ["78.8262", "30.3256"]
      }
    },
    {
      "type": "Feature",
      "properties": {
        "description": "Garuwa sub-basin"
      },
      "geometry": {
        "type": "Point",
        "coordinates": ["10.8769", "11.6542"]
      }
    },
    {
      "type": "Feature",
      "properties": {
        "description": "Gdansk"
      },
      "geometry": {
        "type": "Point",
        "coordinates": ["18.6466", "54.3520"]
      }
    },
    {
      "type": "Feature",
      "properties": {
        "description": "Gdynia"
      },
      "geometry": {
        "type": "Point",
        "coordinates": ["18.5308", "54.5189"]
      }
    },
    {
      "type": "Feature",
      "properties": {
        "description": "geological"
      },
      "geometry": {
        "type": "Point",
        "coordinates": ["0.0000", "0.0000"]
      }
    },
    {
      "type": "Feature",
      "properties": {
        "description": "geomorphological units"
      },
      "geometry": {
        "type": "Point",
        "coordinates": ["0.0000", "0.0000"]
      }
    },
    {
      "type": "Feature",
      "properties": {
        "description": "Georgia"
      },
      "geometry": {
        "type": "Point",
        "coordinates": ["43.3569", "42.3154"]
      }
    },
    {
      "type": "Feature",
      "properties": {
        "description": "Germany"
      },
      "geometry": {
        "type": "Point",
        "coordinates": ["10.4515", "51.1657"]
      }
    },
    {
      "type": "Feature",
      "properties": {
        "description": "Getic Piedmont"
      },
      "geometry": {
        "type": "Point",
        "coordinates": ["24.9384", "44.4194"]
      }
    },
    {
      "type": "Feature",
      "properties": {
        "description": "Ghana"
      },
      "geometry": {
        "type": "Point",
        "coordinates": ["1.0307", "7.9465"]
      }
    },
    {
      "type": "Feature",
      "properties": {
        "description": "Ghat road section"
      },
      "geometry": {
        "type": "Point",
        "coordinates": ["73.5", "18.7"]
      }
    },
    {
      "type": "Feature",
      "properties": {
        "description": "Ghurmi - Dhad Khola"
      },
      "geometry": {
        "type": "Point",
        "coordinates": ["85.3", "27.7"]
      }
    },
    {
      "type": "Feature",
      "properties": {
        "description": "Gilan province"
      },
      "geometry": {
        "type": "Point",
        "coordinates": ["49.5670", "37.2887"]
      }
    },
    {
      "type": "Feature",
      "properties": {
        "description": "Gilgit Baltistan"
      },
      "geometry": {
        "type": "Point",
        "coordinates": ["74.3773", "35.8824"]
      }
    },
    {
      "type": "Feature",
      "properties": {
        "description": "Gioiosa Marea municipality"
      },
      "geometry": {
        "type": "Point",
        "coordinates": ["14.7034", "38.0656"]
      }
    },
    {
      "type": "Feature",
      "properties": {
        "description": "Giresun"
      },
      "geometry": {
        "type": "Point",
        "coordinates": ["38.3897", "40.5931"]
      }
    },
    {
      "type": "Feature",
      "properties": {
        "description": "Girne"
      },
      "geometry": {
        "type": "Point",
        "coordinates": ["33.5333", "35.3369"]
      }
    },
    {
      "type": "Feature",
      "properties": {
        "description": "Gish River basin"
      },
      "geometry": {
        "type": "Point",
        "coordinates": ["38.0", "9.0"]
      }
    },
    {
      "type": "Feature",
      "properties": {
        "description": "Golestan province"
      },
      "geometry": {
        "type": "Point",
        "coordinates": ["54.3745", "37.2861"]
      }
    },
    {
      "type": "Feature",
      "properties": {
        "description": "Golmakan Watershed as part of Binaloud northern hillsides"
      },
      "geometry": {
        "type": "Point",
        "coordinates": ["59.2861", "36.3750"]
      }
    },
    {
      "type": "Feature",
      "properties": {
        "description": "Goncha Siso Eneses area of East Gojam Zone in northwestern Ethiopia"
      },
      "geometry": {
        "type": "Point",
        "coordinates": ["37.4", "11.5"]
      }
    },
    {
      "type": "Feature",
      "properties": {
        "description": "Gongliu county"
      },
      "geometry": {
        "type": "Point",
        "coordinates": ["82.2456", "43.3689"]
      }
    },
    {
      "type": "Feature",
      "properties": {
        "description": "Gorganroud watershed"
      },
      "geometry": {
        "type": "Point",
        "coordinates": ["55.2203", "36.4318"]
      }
    },
    {
      "type": "Feature",
      "properties": {
        "description": "Gorkha"
      },
      "geometry": {
        "type": "Point",
        "coordinates": ["84.6450", "28.2871"]
      }
    },
    {
      "type": "Feature",
      "properties": {
        "description": "Gorzineh - khil"
      },
      "geometry": {
        "type": "Point",
        "coordinates": ["67.5304", "35.7929"]
      }
    },
    {
      "type": "Feature",
      "properties": {
        "description": "Greater - Himalaya mountainous"
      },
      "geometry": {
        "type": "Point",
        "coordinates": ["78.7008", "28.3324"]
      }
    },
    {
      "type": "Feature",
      "properties": {
        "description": "Greece"
      },
      "geometry": {
        "type": "Point",
        "coordinates": ["21.8243", "39.0742"]
      }
    },
    {
      "type": "Feature",
      "properties": {
        "description": "Guadalmansa River basin"
      },
      "geometry": {
        "type": "Point",
        "coordinates": ["-5.0479", "36.4619"]
      }
    },
    {
      "type": "Feature",
      "properties": {
        "description": "Guangdong Province"
      },
      "geometry": {
        "type": "Point",
        "coordinates": ["113.7633", "23.3790"]
      }
    },
    {
      "type": "Feature",
      "properties": {
        "description": "Guangxi"
      },
      "geometry": {
        "type": "Point",
        "coordinates": ["108.6249", "23.8298"]
      }
    },
    {
      "type": "Feature",
      "properties": {
        "description": "Guangxi Zhuang Autonomous Region of China"
      },
      "geometry": {
        "type": "Point",
        "coordinates": ["108.6249", "23.8298"]
      }
    },
    {
      "type": "Feature",
      "properties": {
        "description": "Guantanamo Province of Cuba"
      },
      "geometry": {
        "type": "Point",
        "coordinates": ["-74.6799", "20.0633"]
      }
    },
    {
      "type": "Feature",
      "properties": {
        "description": "Guatemala"
      },
      "geometry": {
        "type": "Point",
        "coordinates": ["-90.2308", "15.7835"]
      }
    },
    {
      "type": "Feature",
      "properties": {
        "description": "Gucheng town of Ningxia province in China"
      },
      "geometry": {
        "type": "Point",
        "coordinates": ["106.7162", "38.0790"]
      }
    },
    {
      "type": "Feature",
      "properties": {
        "description": "Guerrero"
      },
      "geometry": {
        "type": "Point",
        "coordinates": ["-99.8014", "17.4392"]
      }
    },
    {
      "type": "Feature",
      "properties": {
        "description": "Gufenping landslide in Nanjiang"
      },
      "geometry": {
        "type": "Point",
        "coordinates": ["104.9573", "28.8235"]
      }
    },
    {
      "type": "Feature",
      "properties": {
        "description": "Guilan Province"
      },
      "geometry": {
        "type": "Point",
        "coordinates": ["49.3592", "37.0942"]
      }
    },
    {
      "type": "Feature",
      "properties": {
        "description": "Guinsaugon"
      },
      "geometry": {
        "type": "Point",
        "coordinates": ["125.0781", "10.3270"]
      }
    },
    {
      "type": "Feature",
      "properties": {
        "description": "Guixi"
      },
      "geometry": {
        "type": "Point",
        "coordinates": ["117.2095", "29.4061"]
      }
    },
    {
      "type": "Feature",
      "properties": {
        "description": "Guixi County in eastern Jiangxi"
      },
      "geometry": {
        "type": "Point",
        "coordinates": ["117.2095", "29.4061"]
      }
    },
    {
      "type": "Feature",
      "properties": {
        "description": "Guixi in northeast Jiangxi"
      },
      "geometry": {
        "type": "Point",
        "coordinates": ["117.2095", "29.4061"]
      }
    },
    {
      "type": "Feature",
      "properties": {
        "description": "Guizhou"
      },
      "geometry": {
        "type": "Point",
        "coordinates": ["106.7344", "26.9028"]
      }
    },
    {
      "type": "Feature",
      "properties": {
        "description": "Guizhou Province"
      },
      "geometry": {
        "type": "Point",
        "coordinates": ["106.7344", "26.9028"]
      }
    },
    {
      "type": "Feature",
      "properties": {
        "description": "Gumri"
      },
      "geometry": {
        "type": "Point",
        "coordinates": ["43.8317", "40.0691"]
      }
    },
    {
      "type": "Feature",
      "properties": {
        "description": "GunmaGunma prefecture"
      },
      "geometry": {
        "type": "Point",
        "coordinates": ["138.9986", "36.5073"]
      }
    },
    {
      "type": "Feature",
      "properties": {
        "description": "Guoien Nullah road"
      },
      "geometry": {
        "type": "Point",
        "coordinates": ["74.0552", "33.5643"]
      }
    },
    {
      "type": "Feature",
      "properties": {
        "description": "Guojiaba"
      },
      "geometry": {
        "type": "Point",
        "coordinates": ["113.1910", "33.1824"]
      }
    },
    {
      "type": "Feature",
      "properties": {
        "description": "Guozigou Valley"
      },
      "geometry": {
        "type": "Point",
        "coordinates": ["88.0606", "31.3562"]
      }
    },
    {
      "type": "Feature",
      "properties": {
        "description": "H.P."
      },
      "geometry": {
        "type": "Point",
        "coordinates": ["77.1025", "32.0842"]
      }
    },
    {
      "type": "Feature",
      "properties": {
        "description": "Ha Giang city"
      },
      "geometry": {
        "type": "Point",
        "coordinates": ["105.0231", "22.8338"]
      }
    },
    {
      "type": "Feature",
      "properties": {
        "description": "Ha Giang province"
      },
      "geometry": {
        "type": "Point",
        "coordinates": ["105.0231", "22.8338"]
      }
    },
    {
      "type": "Feature",
      "properties": {
        "description": "Ha Long city"
      },
      "geometry": {
        "type": "Point",
        "coordinates": ["107.0804", "20.9101"]
      }
    },
    {
      "type": "Feature",
      "properties": {
        "description": "Haila town"
      },
      "geometry": {
        "type": "Point",
        "coordinates": ["85.3952", "23.9314"]
      }
    },
    {
      "type": "Feature",
      "properties": {
        "description": "Haizhou open - pit coal mine"
      },
      "geometry": {
        "type": "Point",
        "coordinates": ["106.7905", "33.9739"]
      }
    },
    {
      "type": "Feature",
      "properties": {
        "description": "Hamadan Province"
      },
      "geometry": {
        "type": "Point",
        "coordinates": ["48.5100", "34.7987"]
      }
    },
    {
      "type": "Feature",
      "properties": {
        "description": "Handlova"
      },
      "geometry": {
        "type": "Point",
        "coordinates": ["18.7439", "48.7647"]
      }
    },
    {
      "type": "Feature",
      "properties": {
        "description": "Hanyuan County"
      },
      "geometry": {
        "type": "Point",
        "coordinates": ["102.6054", "31.8867"]
      }
    },
    {
      "type": "Feature",
      "properties": {
        "description": "Hanzhong City"
      },
      "geometry": {
        "type": "Point",
        "coordinates": ["107.0327", "33.0779"]
      }
    },
    {
      "type": "Feature",
      "properties": {
        "description": "Haraz watershed"
      },
      "geometry": {
        "type": "Point",
        "coordinates": ["51.6834", "36.0773"]
      }
    },
    {
      "type": "Feature",
      "properties": {
        "description": "Hashtchin"
      },
      "geometry": {
        "type": "Point",
        "coordinates": ["45.5592", "37.4773"]
      }
    },
    {
      "type": "Feature",
      "properties": {
        "description": "Hazara"
      },
      "geometry": {
        "type": "Point",
        "coordinates": ["75.3000", "34.0000"]
      }
    },
    {
      "type": "Feature",
      "properties": {
        "description": "headwater region of Manimala river basin in the Western Ghats of Kerala"
      },
      "geometry": {
        "type": "Point",
        "coordinates": ["76.8533", "9.9312"]
      }
    },
    {
      "type": "Feature",
      "properties": {
        "description": "Heba Expressway"
      },
      "geometry": {
        "type": "Point",
        "coordinates": ["118.8386", "28.9738"]
      }
    },
    {
      "type": "Feature",
      "properties": {
        "description": "HeBei section of Jing Cheng highway"
      },
      "geometry": {
        "type": "Point",
        "coordinates": ["115.4378", "38.2701"]
      }
    },
    {
      "type": "Feature",
      "properties": {
        "description": "Hechuan District in Chongqing"
      },
      "geometry": {
        "type": "Point",
        "coordinates": ["105.9023", "29.9334"]
      }
    },
    {
      "type": "Feature",
      "properties": {
        "description": "Heilongjiang province"
      },
      "geometry": {
        "type": "Point",
        "coordinates": ["126.6333", "45.7500"]
      }
    },
    {
      "type": "Feature",
      "properties": {
        "description": "Helong city"
      },
      "geometry": {
        "type": "Point",
        "coordinates": ["129.4192", "42.5331"]
      }
    },
    {
      "type": "Feature",
      "properties": {
        "description": "Henan"
      },
      "geometry": {
        "type": "Point",
        "coordinates": ["113.5317", "33.8820"]
      }
    },
    {
      "type": "Feature",
      "properties": {
        "description": "Hengduan Mountain Region in southwest China"
      },
      "geometry": {
        "type": "Point",
        "coordinates": ["100.5882", "27.5919"]
      }
    },
    {
      "type": "Feature",
      "properties": {
        "description": "Hengduan Mountains"
      },
      "geometry": {
        "type": "Point",
        "coordinates": ["100.4892", "28.0081"]
      }
    },
    {
      "type": "Feature",
      "properties": {
        "description": "high - slope mountain roads in the upper northern region of Thailand"
      },
      "geometry": {
        "type": "Point",
        "coordinates": ["99.9167", "18.9184"]
      }
    },
    {
      "type": "Feature",
      "properties": {
        "description": "High Atlas Mountains"
      },
      "geometry": {
        "type": "Point",
        "coordinates": ["7.7552", "31.5157"]
      }
    },
    {
      "type": "Feature",
      "properties": {
        "description": "high snowfall area in central Japan"
      },
      "geometry": {
        "type": "Point",
        "coordinates": ["136.4859", "36.4100"]
      }
    },
    {
      "type": "Feature",
      "properties": {
        "description": "highest mountain in Mexico"
      },
      "geometry": {
        "type": "Point",
        "coordinates": ["19.0290", "19.0236"]
      }
    },
    {
      "type": "Feature",
      "properties": {
        "description": "highland areas of Africa"
      },
      "geometry": {
        "type": "Point",
        "coordinates": ["17.6994", "3.8480"]
      }
    },
    {
      "type": "Feature",
      "properties": {
        "description": "highland region of the western slopes of the southern WG"
      },
      "geometry": {
        "type": "Point",
        "coordinates": ["77.0000", "12.0000"]
      }
    },
    {
      "type": "Feature",
      "properties": {
        "description": "highly urbanized hilly areas in Chittagong Metropolitan"
      },
      "geometry": {
        "type": "Point",
        "coordinates": ["91.8108", "22.3475"]
      }
    },
    {
      "type": "Feature",
      "properties": {
        "description": "highway G30 in the Guozigou Valley"
      },
      "geometry": {
        "type": "Point",
        "coordinates": ["96.5278", "39.7441"]
      }
    },
    {
      "type": "Feature",
      "properties": {
        "description": "highway road section in Constantine"
      },
      "geometry": {
        "type": "Point",
        "coordinates": ["6.6094", "36.3650"]
      }
    },
    {
      "type": "Feature",
      "properties": {
        "description": "highway section in Taiwan"
      },
      "geometry": {
        "type": "Point",
        "coordinates": ["120.9543", "23.6978"]
      }
    },
    {
      "type": "Feature",
      "properties": {
        "description": "Highways along the south bank of the Yangtze River"
      },
      "geometry": {
        "type": "Point",
        "coordinates": ["118.0", "31.5"]
      }
    },
    {
      "type": "Feature",
      "properties": {
        "description": "Highways in Mindanao"
      },
      "geometry": {
        "type": "Point",
        "coordinates": ["125.0", "7.0"]
      }
    },
    {
      "type": "Feature",
      "properties": {
        "description": "Hill and mountain ranges of India"
      },
      "geometry": {
        "type": "Point",
        "coordinates": ["79.0", "29.0"]
      }
    },
    {
      "type": "Feature",
      "properties": {
        "description": "Hill town in Tamilnadu"
      },
      "geometry": {
        "type": "Point",
        "coordinates": ["77.0", "11.0"]
      }
    },
    {
      "type": "Feature",
      "properties": {
        "description": "Hillsides of the area Elga coal field"
      },
      "geometry": {
        "type": "Point",
        "coordinates": ["111.0", "34.0"]
      }
    },
    {
      "type": "Feature",
      "properties": {
        "description": "Hilly-coastal test-area in Adriatic Central Italy"
      },
      "geometry": {
        "type": "Point",
        "coordinates": ["13.0", "42.0"]
      }
    },
    {
      "type": "Feature",
      "properties": {
        "description": "Hilly and mountainous region in the northern Apennines"
      },
      "geometry": {
        "type": "Point",
        "coordinates": ["11.0", "44.0"]
      }
    },
    {
      "type": "Feature",
      "properties": {
        "description": "Hilly area in Sichuan province"
      },
      "geometry": {
        "type": "Point",
        "coordinates": ["104.0", "30.5"]
      }
    },
    {
      "type": "Feature",
      "properties": {
        "description": "Hilly area in the Subcarpathian sector of the Prahova Valley"
      },
      "geometry": {
        "type": "Point",
        "coordinates": ["25.0", "45.0"]
      }
    },
    {
      "type": "Feature",
      "properties": {
        "description": "Hilly region in Northern Bavaria"
      },
      "geometry": {
        "type": "Point",
        "coordinates": ["11.0", "49.0"]
      }
    },
    {
      "type": "Feature",
      "properties": {
        "description": "Hilly region of South Korea"
      },
      "geometry": {
        "type": "Point",
        "coordinates": ["127.0", "37.0"]
      }
    },
    {
      "type": "Feature",
      "properties": {
        "description": "Hilly regions of India"
      },
      "geometry": {
        "type": "Point",
        "coordinates": ["78.5", "22.0"]
      }
    },
    {
      "type": "Feature",
      "properties": {
        "description": "Hilly regions of Uttarakhand"
      },
      "geometry": {
        "type": "Point",
        "coordinates": ["78.2", "30.5"]
      }
    },
    {
      "type": "Feature",
      "properties": {
        "description": "Hilly state in the Himalayas"
      },
      "geometry": {
        "type": "Point",
        "coordinates": ["77.0", "30.0"]
      }
    },
    {
      "type": "Feature",
      "properties": {
        "description": "Himachal Pradesh state"
      },
      "geometry": {
        "type": "Point",
        "coordinates": ["77.5", "32.0"]
      }
    },
    {
      "type": "Feature",
      "properties": {
        "description": "Himalaya"
      },
      "geometry": {
        "type": "Point",
        "coordinates": ["82.9116", "31.8393"]
      }
    },
    {
      "type": "Feature",
      "properties": {
        "description": "Himalaya mountainous region of northern Pakistan"
      },
      "geometry": {
        "type": "Point",
        "coordinates": ["74.5", "35.0"]
      }
    },
    {
      "type": "Feature",
      "properties": {
        "description": "Himalayan"
      },
      "geometry": {
        "type": "Point",
        "coordinates": ["85.0", "28.5"]
      }
    },
    {
      "type": "Feature",
      "properties": {
        "description": "Himalayan belt"
      },
      "geometry": {
        "type": "Point",
        "coordinates": ["86.0", "28.0"]
      }
    },
    {
      "type": "Feature",
      "properties": {
        "description": "Himalayan city"
      },
      "geometry": {
        "type": "Point",
        "coordinates": ["78.3", "27.3"]
      }
    },
    {
      "type": "Feature",
      "properties": {
        "description": "Himalayan mountainous ranges"
      },
      "geometry": {
        "type": "Point",
        "coordinates": ["85.0", "28.5"]
      }
    },
    {
      "type": "Feature",
      "properties": {
        "description": "Himalayan mountainous terrains of India"
      },
      "geometry": {
        "type": "Point",
        "coordinates": ["77.5", "32.5"]
      }
    },
    {
      "type": "Feature",
      "properties": {
        "description": "Himalayan mountains in northern Pakistan"
      },
      "geometry": {
        "type": "Point",
        "coordinates": ["74.5", "35.0"]
      }
    },
    {
      "type": "Feature",
      "properties": {
        "description": "Himalayan range"
      },
      "geometry": {
        "type": "Point",
        "coordinates": ["85.0", "28.5"]
      }
    },
    {
      "type": "Feature",
      "properties": {
        "description": "Himalayan terrain"
      },
      "geometry": {
        "type": "Point",
        "coordinates": ["85.0", "28.5"]
      }
    },
    {
      "type": "Feature",
      "properties": {
        "description": "Himalayan territory"
      },
      "geometry": {
        "type": "Point",
        "coordinates": ["85.0", "28.5"]
      }
    },
    {
      "type": "Feature",
      "properties": {
        "description": "Himalayas"
      },
      "geometry": {
        "type": "Point",
        "coordinates": ["85.0", "27.0"]
      }
    },
    {
      "type": "Feature",
      "properties": {
        "description": "Himalayas and South Asia"
      },
      "geometry": {
        "type": "Point",
        "coordinates": ["85.0", "28.5"]
      }
    },
    {
      "type": "Feature",
      "properties": {
        "description": "Hindukush mountain ranges of northern Pakistan"
      },
      "geometry": {
        "type": "Point",
        "coordinates": ["71.5", "36.5"]
      }
    },
    {
      "type": "Feature",
      "properties": {
        "description": "Hinterlands North Morocco"
      },
      "geometry": {
        "type": "Point",
        "coordinates": ["-5.0", "34.0"]
      }
    },
    {
      "type": "Feature",
      "properties": {
        "description": "Hiroshima Prefecture"
      },
      "geometry": {
        "type": "Point",
        "coordinates": ["132.8", "34.3963"]
      }
    },
    {
      "type": "Feature",
      "properties": {
        "description": "Hoa Binh province of Vietnam"
      },
      "geometry": {
        "type": "Point",
        "coordinates": ["105.3457", "20.5977"]
      }
    },
    {
      "type": "Feature",
      "properties": {
        "description": "Hokkaido"
      },
      "geometry": {
        "type": "Point",
        "coordinates": ["141.3468", "43.2203"]
      }
    },
    {
      "type": "Feature",
      "properties": {
        "description": "Honduras"
      },
      "geometry": {
        "type": "Point",
        "coordinates": ["-83.5", "13.5"]
      }
    },
    {
      "type": "Feature",
      "properties": {
        "description": "Hong Kong"
      },
      "geometry": {
        "type": "Point",
        "coordinates": ["114.1694", "22.3193"]
      }
    },
    {
      "type": "Feature",
      "properties": {
        "description": "Hongkou Town"
      },
      "geometry": {
        "type": "Point",
        "coordinates": ["121.5072", "31.2962"]
      }
    },
    {
      "type": "Feature",
      "properties": {
        "description": "Hongxi River Basin"
      },
      "geometry": {
        "type": "Point",
        "coordinates": ["108.0", "29.0"]
      }
    },
    {
      "type": "Feature",
      "properties": {
        "description": "Hongxing"
      },
      "geometry": {
        "type": "Point",
        "coordinates": ["115.0", "27.0"]
      }
    },
    {
      "type": "Feature",
      "properties": {
        "description": "Hopa"
      },
      "geometry": {
        "type": "Point",
        "coordinates": ["41.3986", "41.3886"]
      }
    },
    {
      "type": "Feature",
      "properties": {
        "description": "HP"
      },
      "geometry": {
        "type": "Point",
        "coordinates": ["77.5", "32.0"]
      }
    },
    {
      "type": "Feature",
      "properties": {
        "description": "Huai Nam Phung Subbasin"
      },
      "geometry": {
        "type": "Point",
        "coordinates": ["101.9212", "15.5702"]
      }
    },
    {
      "type": "Feature",
      "properties": {
        "description": "Huangtupo"
      },
      "geometry": {
        "type": "Point",
        "coordinates": ["110.3567", "31.0123"]
      }
    },
    {
      "type": "Feature",
      "properties": {
        "description": "Hubei province"
      },
      "geometry": {
        "type": "Point",
        "coordinates": ["112.2711", "30.5928"]
      }
    },
    {
      "type": "Feature",
      "properties": {
        "description": "Hubei Province section of the Three Gorges Reservoir"
      },
      "geometry": {
        "type": "Point",
        "coordinates": ["110.9669", "30.8111"]
      }
    },
    {
      "type": "Feature",
      "properties": {
        "description": "Huichang County and its surrounding"
      },
      "geometry": {
        "type": "Point",
        "coordinates": ["116.3614", "25.9833"]
      }
    },
    {
      "type": "Feature",
      "properties": {
        "description": "Huichang County in China"
      },
      "geometry": {
        "type": "Point",
        "coordinates": ["116.2442", "25.9833"]
      }
    },
    {
      "type": "Feature",
      "properties": {
        "description": "Hunan Province"
      },
      "geometry": {
        "type": "Point",
        "coordinates": ["111.7088", "27.6104"]
      }
    },
    {
      "type": "Feature",
      "properties": {
        "description": "Hungary"
      },
      "geometry": {
        "type": "Point",
        "coordinates": ["19.5033", "47.1625"]
      }
    },
    {
      "type": "Feature",
      "properties": {
        "description": "Hunza - Nagar valley in northern Pakistan"
      },
      "geometry": {
        "type": "Point",
        "coordinates": ["74.4536", "36.3182"]
      }
    },
    {
      "type": "Feature",
      "properties": {
        "description": "Hunza and Nagar Districts in the Northern part of Pakistan"
      },
      "geometry": {
        "type": "Point",
        "coordinates": ["74.2847", "36.1699"]
      }
    },
    {
      "type": "Feature",
      "properties": {
        "description": "hydrographic basin of the Roccella torrent"
      },
      "geometry": {
        "type": "Point",
        "coordinates": ["14.2786", "38.0188"]
      }
    },
    {
      "type": "Feature",
      "properties": {
        "description": "I - Lan"
      },
      "geometry": {
        "type": "Point",
        "coordinates": ["121.1500", "24.8936"]
      }
    },
    {
      "type": "Feature",
      "properties": {
        "description": "Iato River Basin"
      },
      "geometry": {
        "type": "Point",
        "coordinates": ["13.0500", "37.8500"]
      }
    },
    {
      "type": "Feature",
      "properties": {
        "description": "Icheon Township"
      },
      "geometry": {
        "type": "Point",
        "coordinates": ["127.4420", "37.2792"]
      }
    },
    {
      "type": "Feature",
      "properties": {
        "description": "Idaho"
      },
      "geometry": {
        "type": "Point",
        "coordinates": ["114.3637", "43.6448"]
      }
    },
    {
      "type": "Feature",
      "properties": {
        "description": "Idukki"
      },
      "geometry": {
        "type": "Point",
        "coordinates": ["77.1391", "9.8567"]
      }
    },
    {
      "type": "Feature",
      "properties": {
        "description": "Idukki district"
      },
      "geometry": {
        "type": "Point",
        "coordinates": ["77.1549", "9.9423"]
      }
    },
    {
      "type": "Feature",
      "properties": {
        "description": "Idukki district in southern part of India"
      },
      "geometry": {
        "type": "Point",
        "coordinates": ["77.1549", "9.9423"]
      }
    },
    {
      "type": "Feature",
      "properties": {
        "description": "Igo River Basin in the West Siang District of Arunachal Pradesh"
      },
      "geometry": {
        "type": "Point",
        "coordinates": ["94.0631", "28.8500"]
      }
    },
    {
      "type": "Feature",
      "properties": {
        "description": "Ilia"
      },
      "geometry": {
        "type": "Point",
        "coordinates": ["21.6597", "37.8114"]
      }
    },
    {
      "type": "Feature",
      "properties": {
        "description": "Ilopango and Coatepeque caldera"
      },
      "geometry": {
        "type": "Point",
        "coordinates": ["89.1869", "13.6742"]
      }
    },
    {
      "type": "Feature",
      "properties": {
        "description": "Imphal - Jiribam railway corridor"
      },
      "geometry": {
        "type": "Point",
        "coordinates": ["93.9426", "24.8160"]
      }
    },
    {
      "type": "Feature",
      "properties": {
        "description": "Inca City"
      },
      "geometry": {
        "type": "Point",
        "coordinates": ["72.2917", "13.1631"]
      }
    },
    {
      "type": "Feature",
      "properties": {
        "description": "India"
      },
      "geometry": {
        "type": "Point",
        "coordinates": ["78.9629", "20.5937"]
      }
    },
    {
      "type": "Feature",
      "properties": {
        "description": "India s political border"
      },
      "geometry": {
        "type": "Point",
        "coordinates": ["77.2090", "28.6139"]
      }
    },
    {
      "type": "Feature",
      "properties": {
        "description": "Indian Himalaya"
      },
      "geometry": {
        "type": "Point",
        "coordinates": ["78.6407", "30.3635"]
      }
    },
    {
      "type": "Feature",
      "properties": {
        "description": "Indian Himalayan"
      },
      "geometry": {
        "type": "Point",
        "coordinates": ["78.9619", "30.7133"]
      }
    },
    {
      "type": "Feature",
      "properties": {
        "description": "Indian Himalayas"
      },
      "geometry": {
        "type": "Point",
        "coordinates": ["78.9603", "30.7942"]
      }
    },
    {
      "type": "Feature",
      "properties": {
        "description": "Indian State of Uttarakhand"
      },
      "geometry": {
        "type": "Point",
        "coordinates": ["79.0193", "30.0668"]
      }
    },
    {
      "type": "Feature",
      "properties": {
        "description": "Indo - Nepal - Bhutan Himalayan"
      },
      "geometry": {
        "type": "Point",
        "coordinates": ["88.4146", "27.7814"]
      }
    },
    {
      "type": "Feature",
      "properties": {
        "description": "Indonesia"
      },
      "geometry": {
        "type": "Point",
        "coordinates": ["113.9213", "-0.7893"]
      }
    },
    {
      "type": "Feature",
      "properties": {
        "description": "Indonesian territory"
      },
      "geometry": {
        "type": "Point",
        "coordinates": ["124.8457", "-4.5481"]
      }
    },
    {
      "type": "Feature",
      "properties": {
        "description": "Inje"
      },
      "geometry": {
        "type": "Point",
        "coordinates": ["128.2484", "38.0718"]
      }
    },
    {
      "type": "Feature",
      "properties": {
        "description": "Inter-Andean"
      },
      "geometry": {
        "type": "Point",
        "coordinates": ["-75.5830", "0.1807"]
      }
    },
    {
      "type": "Feature",
      "properties": {
        "description": "Iran"
      },
      "geometry": {
        "type": "Point",
        "coordinates": ["53.6880", "32.4279"]
      }
    },
    {
      "type": "Feature",
      "properties": {
        "description": "Iran 's West Kurdistan"
      },
      "geometry": {
        "type": "Point",
        "coordinates": ["45.8154", "35.3469"]
      }
    },
    {
      "type": "Feature",
      "properties": {
        "description": "Irish Rail"
      },
      "geometry": {
        "type": "Point",
        "coordinates": ["-6.2603", "53.3498"]
      }
    },
    {
      "type": "Feature",
      "properties": {
        "description": "Ischia"
      },
      "geometry": {
        "type": "Point",
        "coordinates": ["13.9022", "40.7314"]
      }
    },
    {
      "type": "Feature",
      "properties": {
        "description": "island nation in the eastern Caribbean"
      },
      "geometry": {
        "type": "Point",
        "coordinates": ["-61.2225", "15.4149"]
      }
    },
    {
      "type": "Feature",
      "properties": {
        "description": "Island of Lefkada"
      },
      "geometry": {
        "type": "Point",
        "coordinates": ["20.6145", "38.7063"]
      }
    },
    {
      "type": "Feature",
      "properties": {
        "description": "Island of Lipari"
      },
      "geometry": {
        "type": "Point",
        "coordinates": ["14.9511", "38.4730"]
      }
    },
    {
      "type": "Feature",
      "properties": {
        "description": "Island of Puerto Rico"
      },
      "geometry": {
        "type": "Point",
        "coordinates": ["-66.5902", "18.2208"]
      }
    },
    {
      "type": "Feature",
      "properties": {
        "description": "Islands of Lipari and Vulcano"
      },
      "geometry": {
        "type": "Point",
        "coordinates": ["14.9511", "38.4730"]
      }
    },
    {
      "type": "Feature",
      "properties": {
        "description": "Itajai - Acu river valley"
      },
      "geometry": {
        "type": "Point",
        "coordinates": ["48.7018", "26.9116"]
      }
    },
    {
      "type": "Feature",
      "properties": {
        "description": "Italian"
      },
      "geometry": {
        "type": "Point",
        "coordinates": ["12.4964", "41.9028"]
      }
    },
    {
      "type": "Feature",
      "properties": {
        "description": "Italian territory"
      },
      "geometry": {
        "type": "Point",
        "coordinates": ["12.4964", "41.9028"]
      }
    },
    {
      "type": "Feature",
      "properties": {
        "description": "Italy"
      },
      "geometry": {
        "type": "Point",
        "coordinates": ["12.4964", "41.9028"]
      }
    },
    {
      "type": "Feature",
      "properties": {
        "description": "Itogon"
      },
      "geometry": {
        "type": "Point",
        "coordinates": ["120.6905", "16.3535"]
      }
    },
    {
      "type": "Feature",
      "properties": {
        "description": "Izeh River basin"
      },
      "geometry": {
        "type": "Point",
        "coordinates": ["49.4306", "31.8272"]
      }
    },
    {
      "type": "Feature",
      "properties": {
        "description": "Izmir"
      },
      "geometry": {
        "type": "Point",
        "coordinates": ["27.1428", "38.4192"]
      }
    },
    {
      "type": "Feature",
      "properties": {
        "description": "Izmir city"
      },
      "geometry": {
        "type": "Point",
        "coordinates": ["27.1428", "38.4192"]
      }
    },
    {
      "type": "Feature",
      "properties": {
        "description": "Izmir metropolitan"
      },
      "geometry": {
        "type": "Point",
        "coordinates": ["27.1428", "38.4192"]
      }
    },
    {
      "type": "Feature",
      "properties": {
        "description": "Izu Mountain"
      },
      "geometry": {
        "type": "Point",
        "coordinates": ["139.0759", "35.1925"]
      }
    },
    {
      "type": "Feature",
      "properties": {
        "description": "Jajarkot district of Nepal"
      },
      "geometry": {
        "type": "Point",
        "coordinates": ["82.0809", "28.8000"]
      }
    },
    {
      "type": "Feature",
      "properties": {
        "description": "Jalad"
      },
      "geometry": {
        "type": "Point",
        "coordinates": ["11.7987", "10.4843"]
      }
    },
    {
      "type": "Feature",
      "properties": {
        "description": "Jamaica"
      },
      "geometry": {
        "type": "Point",
        "coordinates": ["77.2975", "18.1096"]
      }
    },
    {
      "type": "Feature",
      "properties": {
        "description": "Jammu"
      },
      "geometry": {
        "type": "Point",
        "coordinates": ["74.8570", "32.7266"]
      }
    },
    {
      "type": "Feature",
      "properties": {
        "description": "Jammu - Srinagar National Highway"
      },
      "geometry": {
        "type": "Point",
        "coordinates": ["75.5280", "33.7653"]
      }
    },
    {
      "type": "Feature",
      "properties": {
        "description": "Jammu and Kashmir"
      },
      "geometry": {
        "type": "Point",
        "coordinates": ["76.5762", "33.7782"]
      }
    },
    {
      "type": "Feature",
      "properties": {
        "description": "Jammu and Kashmir region of India"
      },
      "geometry": {
        "type": "Point",
        "coordinates": ["76.2711", "34.0837"]
      }
    },
    {
      "type": "Feature",
      "properties": {
        "description": "Jangheung area in Korea"
      },
      "geometry": {
        "type": "Point",
        "coordinates": ["126.9105", "34.6657"]
      }
    },
    {
      "type": "Feature",
      "properties": {
        "description": "Jangheung in Korea"
      },
      "geometry": {
        "type": "Point",
        "coordinates": ["126.7858", "34.5715"]
      }
    },
    {
      "type": "Feature",
      "properties": {
        "description": "Janghung"
      },
      "geometry": {
        "type": "Point",
        "coordinates": ["127.1506", "35.4458"]
      }
    },
    {
      "type": "Feature",
      "properties": {
        "description": "Janghung area in Korea"
      },
      "geometry": {
        "type": "Point",
        "coordinates": ["127.0804", "35.3812"]
      }
    },
    {
      "type": "Feature",
      "properties": {
        "description": "Japan"
      },
      "geometry": {
        "type": "Point",
        "coordinates": ["138.2529", "36.2048"]
      }
    },
    {
      "type": "Feature",
      "properties": {
        "description": "Japanese archipelago"
      },
      "geometry": {
        "type": "Point",
        "coordinates": ["138.177212", "36.204824"]
      }
    },
    {
      "type": "Feature",
      "properties": {
        "description": "Java"
      },
      "geometry": {
        "type": "Point",
        "coordinates": ["110.4263", "-7.7956"]
      }
    },
    {
      "type": "Feature",
      "properties": {
        "description": "Jawa Barat"
      },
      "geometry": {
        "type": "Point",
        "coordinates": ["107.6098", "-6.9204"]
      }
    },
    {
      "type": "Feature",
      "properties": {
        "description": "Jeju Island"
      },
      "geometry": {
        "type": "Point",
        "coordinates": ["126.4983", "33.4996"]
      }
    },
    {
      "type": "Feature",
      "properties": {
        "description": "Jeli - Gerik highway"
      },
      "geometry": {
        "type": "Point",
        "coordinates": ["100.5292", "5.4999"]
      }
    },
    {
      "type": "Feature",
      "properties": {
        "description": "Jerash Amman highway"
      },
      "geometry": {
        "type": "Point",
        "coordinates": ["35.8883", "32.2820"]
      }
    },
    {
      "type": "Feature",
      "properties": {
        "description": "Jerash Governorate"
      },
      "geometry": {
        "type": "Point",
        "coordinates": ["35.9362", "32.2772"]
      }
    },
    {
      "type": "Feature",
      "properties": {
        "description": "Jhutaya village"
      },
      "geometry": {
        "type": "Point",
        "coordinates": ["99.7602", "16.0793"]
      }
    },
    {
      "type": "Feature",
      "properties": {
        "description": "Jian ge County"
      },
      "geometry": {
        "type": "Point",
        "coordinates": ["106.2176", "30.2850"]
      }
    },
    {
      "type": "Feature",
      "properties": {
        "description": "Jiangdong District"
      },
      "geometry": {
        "type": "Point",
        "coordinates": ["121.5495", "29.9724"]
      }
    },
    {
      "type": "Feature",
      "properties": {
        "description": "Jiange County"
      },
      "geometry": {
        "type": "Point",
        "coordinates": ["102.1671", "31.1291"]
      }
    },
    {
      "type": "Feature",
      "properties": {
        "description": "Jiangxi"
      },
      "geometry": {
        "type": "Point",
        "coordinates": ["115.7221", "27.6140"]
      }
    },
    {
      "type": "Feature",
      "properties": {
        "description": "Jiangxi Province"
      },
      "geometry": {
        "type": "Point",
        "coordinates": ["115.7221", "27.6140"]
      }
    },
    {
      "type": "Feature",
      "properties": {
        "description": "Jiangxi province in Central China"
      },
      "geometry": {
        "type": "Point",
        "coordinates": ["115.7221", "27.6140"]
      }
    },
    {
      "type": "Feature",
      "properties": {
        "description": "Jiaohe County in Jilin Province"
      },
      "geometry": {
        "type": "Point",
        "coordinates": ["127.3317", "43.6883"]
      }
    },
    {
      "type": "Feature",
      "properties": {
        "description": "Jijal"
      },
      "geometry": {
        "type": "Point",
        "coordinates": ["71.2387", "35.3521"]
      }
    },
    {
      "type": "Feature",
      "properties": {
        "description": "Jilin province"
      },
      "geometry": {
        "type": "Point",
        "coordinates": ["126.5530", "43.8378"]
      }
    },
    {
      "type": "Feature",
      "properties": {
        "description": "Jilong Valley"
      },
      "geometry": {
        "type": "Point",
        "coordinates": ["100.0376", "29.6484"]
      }
    },
    {
      "type": "Feature",
      "properties": {
        "description": "Jinbu"
      },
      "geometry": {
        "type": "Point",
        "coordinates": ["128.1967", "38.1572"]
      }
    },
    {
      "type": "Feature",
      "properties": {
        "description": "Jinnan"
      },
      "geometry": {
        "type": "Point",
        "coordinates": ["117.2219", "36.7309"]
      }
    },
    {
      "type": "Feature",
      "properties": {
        "description": "Jinsha River"
      },
      "geometry": {
        "type": "Point",
        "coordinates": ["102.2586", "25.7928"]
      }
    },
    {
      "type": "Feature",
      "properties": {
        "description": "Jinshajiang River valley in China"
      },
      "geometry": {
        "type": "Point",
        "coordinates": ["99.8942", "28.7836"]
      }
    },
    {
      "type": "Feature",
      "properties": {
        "description": "Jipazi"
      },
      "geometry": {
        "type": "Point",
        "coordinates": ["117.0948", "36.2303"]
      }
    },
    {
      "type": "Feature",
      "properties": {
        "description": "Jirisan National Park"
      },
      "geometry": {
        "type": "Point",
        "coordinates": ["127.3736", "35.2948"]
      }
    },
    {
      "type": "Feature",
      "properties": {
        "description": "Jiumine in the main part of Xishan Coalfield"
      },
      "geometry": {
        "type": "Point",
        "coordinates": ["112.6383", "25.3613"]
      }
    },
    {
      "type": "Feature",
      "properties": {
        "description": "Jiuzhaigou"
      },
      "geometry": {
        "type": "Point",
        "coordinates": ["103.9208", "33.2520"]
      }
    },
    {
      "type": "Feature",
      "properties": {
        "description": "Jiuzhaigou County"
      },
      "geometry": {
        "type": "Point",
        "coordinates": ["103.9178", "33.2633"]
      }
    },
    {
      "type": "Feature",
      "properties": {
        "description": "Jiuzhaigou meizoseismal region of China"
      },
      "geometry": {
        "type": "Point",
        "coordinates": ["103.9100", "33.2248"]
      }
    },
    {
      "type": "Feature",
      "properties": {
        "description": "Jizan"
      },
      "geometry": {
        "type": "Point",
        "coordinates": ["42.5548", "16.8895"]
      }
    },
    {
      "type": "Feature",
      "properties": {
        "description": "Joginder Nagar area of Mandi district Himachal Pradesh"
      },
      "geometry": {
        "type": "Point",
        "coordinates": ["77.3581", "31.9216"]
      }
    },
    {
      "type": "Feature",
      "properties": {
        "description": "Jumunjin - eup"
      },
      "geometry": {
        "type": "Point",
        "coordinates": ["129.2479", "37.2604"]
      }
    },
    {
      "type": "Feature",
      "properties": {
        "description": "Jumunjin Country in South Korea"
      },
      "geometry": {
        "type": "Point",
        "coordinates": ["129.2114", "37.2683"]
      }
    },
    {
      "type": "Feature",
      "properties": {
        "description": "Jurassic escarpment in the Swabian Alb"
      },
      "geometry": {
        "type": "Point",
        "coordinates": ["9.1313", "48.8002"]
      }
    },
    {
      "type": "Feature",
      "properties": {
        "description": "Jutland"
      },
      "geometry": {
        "type": "Point",
        "coordinates": ["9.1000", "56.0000"]
      }
    },
    {
      "type": "Feature",
      "properties": {
        "description": "Kabawetan"
      },
      "geometry": {
        "type": "Point",
        "coordinates": ["121.15", "16.87"]
      }
    },
    {
      "type": "Feature",
      "properties": {
        "description": "Kaghan valley catchment"
      },
      "geometry": {
        "type": "Point",
        "coordinates": ["73.68", "34.89"]
      }
    },
    {
      "type": "Feature",
      "properties": {
        "description": "Kailash Sacred Landscape"
      },
      "geometry": {
        "type": "Point",
        "coordinates": ["81.31", "30.80"]
      }
    },
    {
      "type": "Feature",
      "properties": {
        "description": "Kaixian"
      },
      "geometry": {
        "type": "Point",
        "coordinates": ["108.77", "31.15"]
      }
    },
    {
      "type": "Feature",
      "properties": {
        "description": "Kaiyang County"
      },
      "geometry": {
        "type": "Point",
        "coordinates": ["106.57", "27.33"]
      }
    },
    {
      "type": "Feature",
      "properties": {
        "description": "Kakan catchment"
      },
      "geometry": {
        "type": "Point",
        "coordinates": ["114.12", "14.98"]
      }
    },
    {
      "type": "Feature",
      "properties": {
        "description": "Kakuda - Yahiko Mountains of Central Japan"
      },
      "geometry": {
        "type": "Point",
        "coordinates": ["139.45", "37.15"]
      }
    },
    {
      "type": "Feature",
      "properties": {
        "description": "Kakuda Mountain"
      },
      "geometry": {
        "type": "Point",
        "coordinates": ["140.97", "38.85"]
      }
    },
    {
      "type": "Feature",
      "properties": {
        "description": "Kalaleh Township area of the Golestan province"
      },
      "geometry": {
        "type": "Point",
        "coordinates": ["53.34", "37.38"]
      }
    },
    {
      "type": "Feature",
      "properties": {
        "description": "Kalaleh watershed"
      },
      "geometry": {
        "type": "Point",
        "coordinates": ["53.30", "37.38"]
      }
    },
    {
      "type": "Feature",
      "properties": {
        "description": "Kali Gandaki valley"
      },
      "geometry": {
        "type": "Point",
        "coordinates": ["83.83", "28.64"]
      }
    },
    {
      "type": "Feature",
      "properties": {
        "description": "Kali River valley"
      },
      "geometry": {
        "type": "Point",
        "coordinates": ["75.63", "34.00"]
      }
    },
    {
      "type": "Feature",
      "properties": {
        "description": "Kalimpong"
      },
      "geometry": {
        "type": "Point",
        "coordinates": ["88.47", "27.06"]
      }
    },
    {
      "type": "Feature",
      "properties": {
        "description": "Kalimpong district"
      },
      "geometry": {
        "type": "Point",
        "coordinates": ["88.48", "27.06"]
      }
    },
    {
      "type": "Feature",
      "properties": {
        "description": "Kalimpong of Darjeeling Himalayas"
      },
      "geometry": {
        "type": "Point",
        "coordinates": ["88.47", "27.06"]
      }
    },
    {
      "type": "Feature",
      "properties": {
        "description": "Kalimpong town"
      },
      "geometry": {
        "type": "Point",
        "coordinates": ["88.47", "27.06"]
      }
    },
    {
      "type": "Feature",
      "properties": {
        "description": "Kallar River Sub Watersheds"
      },
      "geometry": {
        "type": "Point",
        "coordinates": ["77.24", "30.31"]
      }
    },
    {
      "type": "Feature",
      "properties": {
        "description": "Kalsi - Chakrata road corridor"
      },
      "geometry": {
        "type": "Point",
        "coordinates": ["77.72", "30.72"]
      }
    },
    {
      "type": "Feature",
      "properties": {
        "description": "Kalsi - Chakrata road corridor of Uttarakhand"
      },
      "geometry": {
        "type": "Point",
        "coordinates": ["77.72", "30.72"]
      }
    },
    {
      "type": "Feature",
      "properties": {
        "description": "Kalsubai region of Deccan volcanic province"
      },
      "geometry": {
        "type": "Point",
        "coordinates": ["73.67", "19.60"]
      }
    },
    {
      "type": "Feature",
      "properties": {
        "description": "Kalutara district"
      },
      "geometry": {
        "type": "Point",
        "coordinates": ["79.9647", "6.5794"]
      }
    },
    {
      "type": "Feature",
      "properties": {
        "description": "Kamenziwan"
      },
      "geometry": {
        "type": "Point",
        "coordinates": ["45.0337", "35.5483"]
      }
    },
    {
      "type": "Feature",
      "properties": {
        "description": "Kamyaran - Sarvabad road in the Kurdistan province of Iran"
      },
      "geometry": {
        "type": "Point",
        "coordinates": ["45.8000", "34.7500"]
      }
    },
    {
      "type": "Feature",
      "properties": {
        "description": "Kamyaran city in Kurdistan Province"
      },
      "geometry": {
        "type": "Point",
        "coordinates": ["45.5000", "34.7500"]
      }
    },
    {
      "type": "Feature",
      "properties": {
        "description": "Kankai watershed in east Nepal"
      },
      "geometry": {
        "type": "Point",
        "coordinates": ["87.0", "27.5"]
      }
    },
    {
      "type": "Feature",
      "properties": {
        "description": "Kaoping River Basin"
      },
      "geometry": {
        "type": "Point",
        "coordinates": ["120.4172", "22.7176"]
      }
    },
    {
      "type": "Feature",
      "properties": {
        "description": "Karabuk province of Turkey"
      },
      "geometry": {
        "type": "Point",
        "coordinates": ["32.6275", "41.2"]
      }
    },
    {
      "type": "Feature",
      "properties": {
        "description": "Karaj Dam Basin in Iran"
      },
      "geometry": {
        "type": "Point",
        "coordinates": ["50.8764", "35.7833"]
      }
    },
    {
      "type": "Feature",
      "properties": {
        "description": "Karakoram"
      },
      "geometry": {
        "type": "Point",
        "coordinates": ["77.5828", "35.5577"]
      }
    },
    {
      "type": "Feature",
      "properties": {
        "description": "Karakoram Highway"
      },
      "geometry": {
        "type": "Point",
        "coordinates": ["74.5825", "35.9006"]
      }
    },
    {
      "type": "Feature",
      "properties": {
        "description": "Karakorum mountainous"
      },
      "geometry": {
        "type": "Point",
        "coordinates": ["76.5155", "35.8047"]
      }
    },
    {
      "type": "Feature",
      "properties": {
        "description": "Kargil"
      },
      "geometry": {
        "type": "Point",
        "coordinates": ["76.1292", "34.5519"]
      }
    },
    {
      "type": "Feature",
      "properties": {
        "description": "Karisanri catchment"
      },
      "geometry": {
        "type": "Point",
        "coordinates": ["37.3929", "37.7373"]
      }
    },
    {
      "type": "Feature",
      "properties": {
        "description": "Karnali"
      },
      "geometry": {
        "type": "Point",
        "coordinates": ["81.8769", "29.0479"]
      }
    },
    {
      "type": "Feature",
      "properties": {
        "description": "Karnali highway"
      },
      "geometry": {
        "type": "Point",
        "coordinates": ["81.4827", "28.2975"]
      }
    },
    {
      "type": "Feature",
      "properties": {
        "description": "Karnataka"
      },
      "geometry": {
        "type": "Point",
        "coordinates": ["76.6817", "12.2958"]
      }
    },
    {
      "type": "Feature",
      "properties": {
        "description": "Karst"
      },
      "geometry": {
        "type": "Point",
        "coordinates": ["104.9501", "25.4871"]
      }
    },
    {
      "type": "Feature",
      "properties": {
        "description": "Karst mountain region in Southwest China"
      },
      "geometry": {
        "type": "Point",
        "coordinates": ["107.0", "23.5"]
      }
    },
    {
      "type": "Feature",
      "properties": {
        "description": "Karun watershed in the Zagros Mountains"
      },
      "geometry": {
        "type": "Point",
        "coordinates": ["49.0", "32.5"]
      }
    },
    {
      "type": "Feature",
      "properties": {
        "description": "Kashmir"
      },
      "geometry": {
        "type": "Point",
        "coordinates": ["75.2407", "33.7782"]
      }
    },
    {
      "type": "Feature",
      "properties": {
        "description": "Kashmir valley"
      },
      "geometry": {
        "type": "Point",
        "coordinates": ["75.7873", "34.0837"]
      }
    },
    {
      "type": "Feature",
      "properties": {
        "description": "Kat County"
      },
      "geometry": {
        "type": "Point",
        "coordinates": ["99.5218", "18.9008"]
      }
    },
    {
      "type": "Feature",
      "properties": {
        "description": "Kathmandu Kyirong Highway"
      },
      "geometry": {
        "type": "Point",
        "coordinates": ["85.3306", "27.7172"]
      }
    },
    {
      "type": "Feature",
      "properties": {
        "description": "Kathmandu Trishuli highway"
      },
      "geometry": {
        "type": "Point",
        "coordinates": ["85.3158", "27.7631"]
      }
    },
    {
      "type": "Feature",
      "properties": {
        "description": "Kejajar District"
      },
      "geometry": {
        "type": "Point",
        "coordinates": ["109.8219", "-7.2546"]
      }
    },
    {
      "type": "Feature",
      "properties": {
        "description": "Kelantan state"
      },
      "geometry": {
        "type": "Point",
        "coordinates": ["102.2501", "5.2670"]
      }
    },
    {
      "type": "Feature",
      "properties": {
        "description": "Kelindang Village"
      },
      "geometry": {
        "type": "Point",
        "coordinates": ["112.5895", "-7.9450"]
      }
    },
    {
      "type": "Feature",
      "properties": {
        "description": "Kemalpasa districts"
      },
      "geometry": {
        "type": "Point",
        "coordinates": ["27.2650", "38.4263"]
      }
    },
    {
      "type": "Feature",
      "properties": {
        "description": "Kentucky"
      },
      "geometry": {
        "type": "Point",
        "coordinates": ["84.2700", "37.8393"]
      }
    },
    {
      "type": "Feature",
      "properties": {
        "description": "Kenya"
      },
      "geometry": {
        "type": "Point",
        "coordinates": ["37.9062", "-0.0236"]
      }
    },
    {
      "type": "Feature",
      "properties": {
        "description": "Kepahiang"
      },
      "geometry": {
        "type": "Point",
        "coordinates": ["102.4894", "-3.5709"]
      }
    },
    {
      "type": "Feature",
      "properties": {
        "description": "Kepahiang Regency of Bengkulu Province"
      },
      "geometry": {
        "type": "Point",
        "coordinates": ["102.3575", "-3.6092"]
      }
    },
    {
      "type": "Feature",
      "properties": {
        "description": "Kerala state"
      },
      "geometry": {
        "type": "Point",
        "coordinates": ["76.2711", "10.8505"]
      }
    },
    {
      "type": "Feature",
      "properties": {
        "description": "Kermanshah"
      },
      "geometry": {
        "type": "Point",
        "coordinates": ["47.0653", "34.3142"]
      }
    },
    {
      "type": "Feature",
      "properties": {
        "description": "Kermanshah province of Iran"
      },
      "geometry": {
        "type": "Point",
        "coordinates": ["46.2218", "34.3144"]
      }
    },
    {
      "type": "Feature",
      "properties": {
        "description": "Kermit"
      },
      "geometry": {
        "type": "Point",
        "coordinates": ["-103.4791", "31.8572"]
      }
    },
    {
      "type": "Feature",
      "properties": {
        "description": "Khachak"
      },
      "geometry": {
        "type": "Point",
        "coordinates": ["76.0880", "32.9502"]
      }
    },
    {
      "type": "Feature",
      "properties": {
        "description": "Khalkhal - Tarom Basin"
      },
      "geometry": {
        "type": "Point",
        "coordinates": ["48.2014", "37.6164"]
      }
    },
    {
      "type": "Feature",
      "properties": {
        "description": "Kinnaur district"
      },
      "geometry": {
        "type": "Point",
        "coordinates": ["78.1392", "31.7160"]
      }
    },
    {
      "type": "Feature",
      "properties": {
        "description": "Kiratpur Sahib to Nauni road stretch along NH - 205 in Himachal Pradesh"
      },
      "geometry": {
        "type": "Point",
        "coordinates": ["76.4831", "31.4192"]
      }
    },
    {
      "type": "Feature",
      "properties": {
        "description": "KKH"
      },
      "geometry": {
        "type": "Point",
        "coordinates": ["77.0", "35.5"]
      }
    },
    {
      "type": "Feature",
      "properties": {
        "description": "Klanawa Watershed"
      },
      "geometry": {
        "type": "Point",
        "coordinates": ["123.8530", "48.8235"]
      }
    },
    {
      "type": "Feature",
      "properties": {
        "description": "Klang valley"
      },
      "geometry": {
        "type": "Point",
        "coordinates": ["101.6948", "3.1390"]
      }
    },
    {
      "type": "Feature",
      "properties": {
        "description": "Klang Valley areas i Malaysia"
      },
      "geometry": {
        "type": "Point",
        "coordinates": ["101.6948", "3.1390"]
      }
    },
    {
      "type": "Feature",
      "properties": {
        "description": "Klijanerestagh area of Iran"
      },
      "geometry": {
        "type": "Point",
        "coordinates": ["49.8723", "36.6682"]
      }
    },
    {
      "type": "Feature",
      "properties": {
        "description": "Klijanrestagh Watershed"
      },
      "geometry": {
        "type": "Point",
        "coordinates": ["49.8723", "36.6682"]
      }
    },
    {
      "type": "Feature",
      "properties": {
        "description": "Kodagu district of Karnataka"
      },
      "geometry": {
        "type": "Point",
        "coordinates": ["75.8069", "12.3375"]
      }
    },
    {
      "type": "Feature",
      "properties": {
        "description": "Kodaikkanal"
      },
      "geometry": {
        "type": "Point",
        "coordinates": ["77.4892", "10.2381"]
      }
    },
    {
      "type": "Feature",
      "properties": {
        "description": "Kodaikkanal in the Western Ghats"
      },
      "geometry": {
        "type": "Point",
        "coordinates": ["77.4892", "10.2381"]
      }
    },
    {
      "type": "Feature",
      "properties": {
        "description": "Kodaikkanal Palani"
      },
      "geometry": {
        "type": "Point",
        "coordinates": ["77.4892", "10.2381"]
      }
    },
    {
      "type": "Feature",
      "properties": {
        "description": "Kodaikkanal town"
      },
      "geometry": {
        "type": "Point",
        "coordinates": ["77.4892", "10.2381"]
      }
    },
    {
      "type": "Feature",
      "properties": {
        "description": "Kohistan"
      },
      "geometry": {
        "type": "Point",
        "coordinates": ["73.4640", "35.2368"]
      }
    },
    {
      "type": "Feature",
      "properties": {
        "description": "Kojour pathway"
      },
      "geometry": {
        "type": "Point",
        "coordinates": ["51.7413", "36.0194"]
      }
    },
    {
      "type": "Feature",
      "properties": {
        "description": "Kolli hills situated in the tail end of the Eastern Ghats in Namakkal district of Tamil Nadu"
      },
      "geometry": {
        "type": "Point",
        "coordinates": ["78.2991", "11.3500"]
      }
    },
    {
      "type": "Feature",
      "properties": {
        "description": "Koottickal"
      },
      "geometry": {
        "type": "Point",
        "coordinates": ["76.6394", "9.6782"]
      }
    },
    {
      "type": "Feature",
      "properties": {
        "description": "Koottickal area of the Kottayam district"
      },
      "geometry": {
        "type": "Point",
        "coordinates": ["76.6394", "9.6782"]
      }
    },
    {
      "type": "Feature",
      "properties": {
        "description": "Korea"
      },
      "geometry": {
        "type": "Point",
        "coordinates": ["127.7669", "35.9078"]
      }
    },
    {
      "type": "Feature",
      "properties": {
        "description": "Korean"
      },
      "geometry": {
        "type": "Point",
        "coordinates": ["127.7669", "35.9078"]
      }
    },
    {
      "type": "Feature",
      "properties": {
        "description": "Koruthodu"
      },
      "geometry": {
        "type": "Point",
        "coordinates": ["76.6981", "10.2895"]
      }
    },
    {
      "type": "Feature",
      "properties": {
        "description": "Kota Kinabalu"
      },
      "geometry": {
        "type": "Point",
        "coordinates": ["116.0714", "5.9804"]
      }
    },
    {
      "type": "Feature",
      "properties": {
        "description": "Kottayam"
      },
      "geometry": {
        "type": "Point",
        "coordinates": ["76.5222", "9.5916"]
      }
    },
    {
      "type": "Feature",
      "properties": {
        "description": "Kottayam district"
      },
      "geometry": {
        "type": "Point",
        "coordinates": ["76.5222", "9.5916"]
      }
    },
    {
      "type": "Feature",
      "properties": {
        "description": "Koyulhisar"
      },
      "geometry": {
        "type": "Point",
        "coordinates": ["35.3560", "39.0539"]
      }
    },
    {
      "type": "Feature",
      "properties": {
        "description": "Kozhikode"
      },
      "geometry": {
        "type": "Point",
        "coordinates": ["75.7662", "11.2588"]
      }
    },
    {
      "type": "Feature",
      "properties": {
        "description": "KSA"
      },
      "geometry": {
        "type": "Point",
        "coordinates": ["45.0792", "23.8859"]
      }
    },
    {
      "type": "Feature",
      "properties": {
        "description": "KSL"
      },
      "geometry": {
        "type": "Point",
        "coordinates": ["73.4733", "38.9657"]
      }
    },
    {
      "type": "Feature",
      "properties": {
        "description": "Kuala Lumpur"
      },
      "geometry": {
        "type": "Point",
        "coordinates": ["101.6865", "3.1390"]
      }
    },
    {
      "type": "Feature",
      "properties": {
        "description": "Kuala Lumpur city"
      },
      "geometry": {
        "type": "Point",
        "coordinates": ["101.6865", "3.1390"]
      }
    },
    {
      "type": "Feature",
      "properties": {
        "description": "Kulekhani River Basin in Central Nepal"
      },
      "geometry": {
        "type": "Point",
        "coordinates": ["85.2893", "27.7440"]
      }
    },
    {
      "type": "Feature",
      "properties": {
        "description": "Kullu district"
      },
      "geometry": {
        "type": "Point",
        "coordinates": ["77.3149", "31.9816"]
      }
    },
    {
      "type": "Feature",
      "properties": {
        "description": "Kullu valley"
      },
      "geometry": {
        "type": "Point",
        "coordinates": ["77.3149", "31.9816"]
      }
    },
    {
      "type": "Feature",
      "properties": {
        "description": "Kullu valley region in the Himalayas"
      },
      "geometry": {
        "type": "Point",
        "coordinates": ["77.3149", "31.9816"]
      }
    },
    {
      "type": "Feature",
      "properties": {
        "description": "Kumamoto"
      },
      "geometry": {
        "type": "Point",
        "coordinates": ["130.5201", "32.8039"]
      }
    },
    {
      "type": "Feature",
      "properties": {
        "description": "Kumano River in the Kii Mountains of Japan"
      },
      "geometry": {
        "type": "Point",
        "coordinates": ["136.1302", "34.2811"]
      }
    },
    {
      "type": "Feature",
      "properties": {
        "description": "Kumaun Himalaya"
      },
      "geometry": {
        "type": "Point",
        "coordinates": ["79.4914", "29.0588"]
      }
    },
    {
      "type": "Feature",
      "properties": {
        "description": "Kumaun Himalaya in Uttarakhand"
      },
      "geometry": {
        "type": "Point",
        "coordinates": ["79.4914", "29.0588"]
      }
    },
    {
      "type": "Feature",
      "properties": {
        "description": "Kumluca watershed"
      },
      "geometry": {
        "type": "Point",
        "coordinates": ["30.2869", "36.3706"]
      }
    },
    {
      "type": "Feature",
      "properties": {
        "description": "Kurdistan"
      },
      "geometry": {
        "type": "Point",
        "coordinates": ["44.4323", "36.7736"]
      }
    },
    {
      "type": "Feature",
      "properties": {
        "description": "Kurdistan Province"
      },
      "geometry": {
        "type": "Point",
        "coordinates": ["45.7763", "35.3233"]
      }
    },
    {
      "type": "Feature",
      "properties": {
        "description": "Kurdistan province in Iran"
      },
      "geometry": {
        "type": "Point",
        "coordinates": ["45.7763", "35.3233"]
      }
    },
    {
      "type": "Feature",
      "properties": {
        "description": "Kure City"
      },
      "geometry": {
        "type": "Point",
        "coordinates": ["133.5150", "34.7578"]
      }
    },
    {
      "type": "Feature",
      "properties": {
        "description": "Kurseong"
      },
      "geometry": {
        "type": "Point",
        "coordinates": ["88.2542", "26.8796"]
      }
    },
    {
      "type": "Feature",
      "properties": {
        "description": "Kuzulu village"
      },
      "geometry": {
        "type": "Point",
        "coordinates": ["30.0865", "28.1789"]
      }
    },
    {
      "type": "Feature",
      "properties": {
        "description": "KwaZulu - Natal"
      },
      "geometry": {
        "type": "Point",
        "coordinates": ["30.5595", "29.5410"]
      }
    },
    {
      "type": "Feature",
      "properties": {
        "description": "Kyrenia"
      },
      "geometry": {
        "type": "Point",
        "coordinates": ["33.4308", "35.3403"]
      }
    },
    {
      "type": "Feature",
      "properties": {
        "description": "Kyrgyzstan"
      },
      "geometry": {
        "type": "Point",
        "coordinates": ["74.7661", "41.2044"]
      }
    },
    {
      "type": "Feature",
      "properties": {
        "description": "Kysuca river basin"
      },
      "geometry": {
        "type": "Point",
        "coordinates": ["18.2000", "49.3400"]
      }
    },
    {
      "type": "Feature",
      "properties": {
        "description": "Kysucke Nove Mesto in Slovakia"
      },
      "geometry": {
        "type": "Point",
        "coordinates": ["18.7875", "49.1418"]
      }
    },
    {
      "type": "Feature",
      "properties": {
        "description": "La Cienega watershed on the eastern flank of the volcano Nevado de Toluca"
      },
      "geometry": {
        "type": "Point",
        "coordinates": ["99.7464", "19.1625"]
      }
    },
    {
      "type": "Feature",
      "properties": {
        "description": "La Frasse"
      },
      "geometry": {
        "type": "Point",
        "coordinates": ["6.0262", "46.0709"]
      }
    },
    {
      "type": "Feature",
      "properties": {
        "description": "La Marina"
      },
      "geometry": {
        "type": "Point",
        "coordinates": ["0.7556", "38.7467"]
      }
    },
    {
      "type": "Feature",
      "properties": {
        "description": "La Pobla de Lillet"
      },
      "geometry": {
        "type": "Point",
        "coordinates": ["1.9727", "42.2452"]
      }
    },
    {
      "type": "Feature",
      "properties": {
        "description": "Lachung"
      },
      "geometry": {
        "type": "Point",
        "coordinates": ["88.5490", "27.7167"]
      }
    },
    {
      "type": "Feature",
      "properties": {
        "description": "Lachung River basin"
      },
      "geometry": {
        "type": "Point",
        "coordinates": ["88.6283", "27.7189"]
      }
    },
    {
      "type": "Feature",
      "properties": {
        "description": "Lachung valley"
      },
      "geometry": {
        "type": "Point",
        "coordinates": ["88.7139", "27.6994"]
      }
    },
    {
      "type": "Feature",
      "properties": {
        "description": "Lai Chau"
      },
      "geometry": {
        "type": "Point",
        "coordinates": ["103.1526", "22.4050"]
      }
    },
    {
      "type": "Feature",
      "properties": {
        "description": "Lai Chau province"
      },
      "geometry": {
        "type": "Point",
        "coordinates": ["103.2678", "22.3947"]
      }
    },
    {
      "type": "Feature",
      "properties": {
        "description": "Lai Chau province of Vietnam"
      },
      "geometry": {
        "type": "Point",
        "coordinates": ["103.2633", "22.4136"]
      }
    },
    {
      "type": "Feature",
      "properties": {
        "description": "Laibin"
      },
      "geometry": {
        "type": "Point",
        "coordinates": ["109.2287", "23.7408"]
      }
    },
    {
      "type": "Feature",
      "properties": {
        "description": "Lajedo parish"
      },
      "geometry": {
        "type": "Point",
        "coordinates": ["8.5349", "37.4733"]
      }
    },
    {
      "type": "Feature",
      "properties": {
        "description": "Lake Atitlan watershed in Guatemala"
      },
      "geometry": {
        "type": "Point",
        "coordinates": ["91.2684", "14.6903"]
      }
    },
    {
      "type": "Feature",
      "properties": {
        "description": "Lake Balaton"
      },
      "geometry": {
        "type": "Point",
        "coordinates": ["17.4492", "46.8684"]
      }
    },
    {
      "type": "Feature",
      "properties": {
        "description": "Lancang , Nu , and Yarlung Tsangpo"
      },
      "geometry": {
        "type": "Point",
        "coordinates": ["92.7013", "29.6415"]
      }
    },
    {
      "type": "Feature",
      "properties": {
        "description": "Lancang River"
      },
      "geometry": {
        "type": "Point",
        "coordinates": ["99.0514", "25.9550"]
      }
    },
    {
      "type": "Feature",
      "properties": {
        "description": "Land use"
      },
      "geometry": {
        "type": "Point",
        "coordinates": ["0.0", "0.0"]
      }
    },
    {
      "type": "Feature",
      "properties": {
        "description": "Lang Son"
      },
      "geometry": {
        "type": "Point",
        "coordinates": ["106.7522", "21.8230"]
      }
    },
    {
      "type": "Feature",
      "properties": {
        "description": "Lang Son province"
      },
      "geometry": {
        "type": "Point",
        "coordinates": ["106.4099", "21.6596"]
      }
    },
    {
      "type": "Feature",
      "properties": {
        "description": "Langao County"
      },
      "geometry": {
        "type": "Point",
        "coordinates": ["111.9676", "36.4714"]
      }
    },
    {
      "type": "Feature",
      "properties": {
        "description": "Langat River Basin"
      },
      "geometry": {
        "type": "Point",
        "coordinates": ["101.4993", "3.3095"]
      }
    },
    {
      "type": "Feature",
      "properties": {
        "description": "Langat River Basin in Selangor"
      },
      "geometry": {
        "type": "Point",
        "coordinates": ["101.8126", "3.8674"]
      }
    },
    {
      "type": "Feature",
      "properties": {
        "description": "Lantau"
      },
      "geometry": {
        "type": "Point",
        "coordinates": ["113.9720", "22.2664"]
      }
    },
    {
      "type": "Feature",
      "properties": {
        "description": "Lantau Island"
      },
      "geometry": {
        "type": "Point",
        "coordinates": ["113.8777", "22.2580"]
      }
    },
    {
      "type": "Feature",
      "properties": {
        "description": "Lantau Island in Hong Kong"
      },
      "geometry": {
        "type": "Point",
        "coordinates": ["113.9091", "22.2435"]
      }
    },
    {
      "type": "Feature",
      "properties": {
        "description": "Lantsang River"
      },
      "geometry": {
        "type": "Point",
        "coordinates": ["98.4547", "22.1699"]
      }
    },
    {
      "type": "Feature",
      "properties": {
        "description": "Lanzhou"
      },
      "geometry": {
        "type": "Point",
        "coordinates": ["103.8343", "36.0613"]
      }
    },
    {
      "type": "Feature",
      "properties": {
        "description": "Lanzhou city"
      },
      "geometry": {
        "type": "Point",
        "coordinates": ["103.8343", "36.0613"]
      }
    },
    {
      "type": "Feature",
      "properties": {
        "description": "Lao Cai Province"
      },
      "geometry": {
        "type": "Point",
        "coordinates": ["104.0545", "22.5726"]
      }
    },
    {
      "type": "Feature",
      "properties": {
        "description": "Lashgarak"
      },
      "geometry": {
        "type": "Point",
        "coordinates": ["51.3187", "35.9821"]
      }
    },
    {
      "type": "Feature",
      "properties": {
        "description": "Lashgarak region of Tehran"
      },
      "geometry": {
        "type": "Point",
        "coordinates": ["51.4127", "35.8967"]
      }
    },
    {
      "type": "Feature",
      "properties": {
        "description": "Latian Dam"
      },
      "geometry": {
        "type": "Point",
        "coordinates": ["51.2217", "35.7814"]
      }
    },
    {
      "type": "Feature",
      "properties": {
        "description": "Layleh valley"
      },
      "geometry": {
        "type": "Point",
        "coordinates": ["52.0", "33.0"]
      }
    },
    {
      "type": "Feature",
      "properties": {
        "description": "Lesser Himalaya"
      },
      "geometry": {
        "type": "Point",
        "coordinates": ["77.0", "30.5"]
      }
    },
    {
      "type": "Feature",
      "properties": {
        "description": "Lesser Himalayan"
      },
      "geometry": {
        "type": "Point",
        "coordinates": ["77.0", "30.5"]
      }
    },
    {
      "type": "Feature",
      "properties": {
        "description": "Lesser Himalayan region of district Kullu"
      },
      "geometry": {
        "type": "Point",
        "coordinates": ["77.0", "32.0"]
      }
    },
    {
      "type": "Feature",
      "properties": {
        "description": "Lesser Himalayan road corridor"
      },
      "geometry": {
        "type": "Point",
        "coordinates": ["77.0", "30.5"]
      }
    },
    {
      "type": "Feature",
      "properties": {
        "description": "Leyte"
      },
      "geometry": {
        "type": "Point",
        "coordinates": ["124.0", "10.5"]
      }
    },
    {
      "type": "Feature",
      "properties": {
        "description": "Leyte Island"
      },
      "geometry": {
        "type": "Point",
        "coordinates": ["124.0", "10.5"]
      }
    },
    {
      "type": "Feature",
      "properties": {
        "description": "Leyte segment of the PFZ"
      },
      "geometry": {
        "type": "Point",
        "coordinates": ["124.0", "10.5"]
      }
    },
    {
      "type": "Feature",
      "properties": {
        "description": "Leyte segment of the Philippine Fault Zone"
      },
      "geometry": {
        "type": "Point",
        "coordinates": ["124.0", "10.5"]
      }
    },
    {
      "type": "Feature",
      "properties": {
        "description": "Li Mountain"
      },
      "geometry": {
        "type": "Point",
        "coordinates": ["103.0", "24.0"]
      }
    },
    {
      "type": "Feature",
      "properties": {
        "description": "Liangshan"
      },
      "geometry": {
        "type": "Point",
        "coordinates": ["102.0", "27.0"]
      }
    },
    {
      "type": "Feature",
      "properties": {
        "description": "Lianlu Hydropower Station on the Tao River in Gansu province"
      },
      "geometry": {
        "type": "Point",
        "coordinates": ["102.0", "35.0"]
      }
    },
    {
      "type": "Feature",
      "properties": {
        "description": "Lianyungang city"
      },
      "geometry": {
        "type": "Point",
        "coordinates": ["119.1246", "34.6001"]
      }
    },
    {
      "type": "Feature",
      "properties": {
        "description": "Lignite open-pit mine in North Bohemia"
      },
      "geometry": {
        "type": "Point",
        "coordinates": ["13.0", "50.5"]
      }
    },
    {
      "type": "Feature",
      "properties": {
        "description": "Liguria"
      },
      "geometry": {
        "type": "Point",
        "coordinates": ["8.0", "44.5"]
      }
    },
    {
      "type": "Feature",
      "properties": {
        "description": "Ligurian Alps"
      },
      "geometry": {
        "type": "Point",
        "coordinates": ["8.0", "44.0"]
      }
    },
    {
      "type": "Feature",
      "properties": {
        "description": "Linglong towns"
      },
      "geometry": {
        "type": "Point",
        "coordinates": ["116.3", "37.6"]
      }
    },
    {
      "type": "Feature",
      "properties": {
        "description": "Linyou County"
      },
      "geometry": {
        "type": "Point",
        "coordinates": ["108.2", "34.5"]
      }
    },
    {
      "type": "Feature",
      "properties": {
        "description": "Linzhi City"
      },
      "geometry": {
        "type": "Point",
        "coordinates": ["94.3641", "29.6500"]
      }
    },
    {
      "type": "Feature",
      "properties": {
        "description": "Lipari"
      },
      "geometry": {
        "type": "Point",
        "coordinates": ["14.9511", "38.4730"]
      }
    },
    {
      "type": "Feature",
      "properties": {
        "description": "Lish river basin of Eastern Darjeeling Himalaya"
      },
      "geometry": {
        "type": "Point",
        "coordinates": ["88.2998", "27.0368"]
      }
    },
    {
      "type": "Feature",
      "properties": {
        "description": "Lish river basin of Eastern Darjiling Himalaya"
      },
      "geometry": {
        "type": "Point",
        "coordinates": ["88.0", "27.0"]
      }
    },
    {
      "type": "Feature",
      "properties": {
        "description": "Lishui City in Zhejiang Province"
      },
      "geometry": {
        "type": "Point",
        "coordinates": ["119.9293", "28.4601"]
      }
    },
    {
      "type": "Feature",
      "properties": {
        "description": "Lithology"
      },
      "geometry": {
        "type": "Point",
        "coordinates": ["0.0", "0.0"]
      }
    },
    {
      "type": "Feature",
      "properties": {
        "description": "Littoral"
      },
      "geometry": {
        "type": "Point",
        "coordinates": ["0.0", "0.0"]
      }
    },
    {
      "type": "Feature",
      "properties": {
        "description": "Liupanshui City"
      },
      "geometry": {
        "type": "Point",
        "coordinates": ["104.9340", "26.5944"]
      }
    },
    {
      "type": "Feature",
      "properties": {
        "description": "Lixian - Luojiabu fault zone in Gansu province in China"
      },
      "geometry": {
        "type": "Point",
        "coordinates": ["104.9912", "34.2317"]
      }
    },
    {
      "type": "Feature",
      "properties": {
        "description": "Lixian County"
      },
      "geometry": {
        "type": "Point",
        "coordinates": ["103.0650", "35.5913"]
      }
    },
    {
      "type": "Feature",
      "properties": {
        "description": "Loess"
      },
      "geometry": {
        "type": "Point",
        "coordinates": ["106.5", "35.0"]
      }
    },
    {
      "type": "Feature",
      "properties": {
        "description": "Loess area Lvliang"
      },
      "geometry": {
        "type": "Point",
        "coordinates": ["111.5", "37.5"]
      }
    },
    {
      "type": "Feature",
      "properties": {
        "description": "Loess catchment in the Huachi County"
      },
      "geometry": {
        "type": "Point",
        "coordinates": ["106.2", "35.5"]
      }
    },
    {
      "type": "Feature",
      "properties": {
        "description": "Loess cliffs of the Zemun loess plateau"
      },
      "geometry": {
        "type": "Point",
        "coordinates": ["105.0", "34.5"]
      }
    },
    {
      "type": "Feature",
      "properties": {
        "description": "Loess Plateau"
      },
      "geometry": {
        "type": "Point",
        "coordinates": ["108.7881", "34.3804"]
      }
    },
    {
      "type": "Feature",
      "properties": {
        "description": "Loess Plateau area in Shanxi Province"
      },
      "geometry": {
        "type": "Point",
        "coordinates": ["112.0", "36.0"]
      }
    },
    {
      "type": "Feature",
      "properties": {
        "description": "Loess Plateau in North-Central China"
      },
      "geometry": {
        "type": "Point",
        "coordinates": ["108.0", "35.5"]
      }
    },
    {
      "type": "Feature",
      "properties": {
        "description": "Loess tableland"
      },
      "geometry": {
        "type": "Point",
        "coordinates": ["106.5", "35.0"]
      }
    },
    {
      "type": "Feature",
      "properties": {
        "description": "Lombardia"
      },
      "geometry": {
        "type": "Point",
        "coordinates": ["9.1916", "45.4642"]
      }
    },
    {
      "type": "Feature",
      "properties": {
        "description": "Lombok Island"
      },
      "geometry": {
        "type": "Point",
        "coordinates": ["116.2160", "-8.6500"]
      }
    },
    {
      "type": "Feature",
      "properties": {
        "description": "Long County"
      },
      "geometry": {
        "type": "Point",
        "coordinates": ["131.1668", "23.2882"]
      }
    },
    {
      "type": "Feature",
      "properties": {
        "description": "Longfeng town"
      },
      "geometry": {
        "type": "Point",
        "coordinates": ["104.7134", "31.8371"]
      }
    },
    {
      "type": "Feature",
      "properties": {
        "description": "Longju in the Three Gorges Reservoir area in China"
      },
      "geometry": {
        "type": "Point",
        "coordinates": ["110.9649", "29.9630"]
      }
    },
    {
      "type": "Feature",
      "properties": {
        "description": "Longmen Mountains"
      },
      "geometry": {
        "type": "Point",
        "coordinates": ["111.25", "34.25"]
      }
    },
    {
      "type": "Feature",
      "properties": {
        "description": "Longmenshan"
      },
      "geometry": {
        "type": "Point",
        "coordinates": ["103.5", "32.25"]
      }
    },
    {
      "type": "Feature",
      "properties": {
        "description": "Longnan City"
      },
      "geometry": {
        "type": "Point",
        "coordinates": ["104.9227", "33.3933"]
      }
    },
    {
      "type": "Feature",
      "properties": {
        "description": "Longshuigou"
      },
      "geometry": {
        "type": "Point",
        "coordinates": ["104.1951", "30.7176"]
      }
    },
    {
      "type": "Feature",
      "properties": {
        "description": "Longxi river basin"
      },
      "geometry": {
        "type": "Point",
        "coordinates": ["104.4977", "34.0396"]
      }
    },
    {
      "type": "Feature",
      "properties": {
        "description": "Longzi River Basin in Tibet"
      },
      "geometry": {
        "type": "Point",
        "coordinates": ["88.8611", "31.9740"]
      }
    },
    {
      "type": "Feature",
      "properties": {
        "description": "Lorca"
      },
      "geometry": {
        "type": "Point",
        "coordinates": ["1.7009", "37.6715"]
      }
    },
    {
      "type": "Feature",
      "properties": {
        "description": "Lower"
      },
      "geometry": {
        "type": "Point",
        "coordinates": ["0.0", "0.0"]
      }
    },
    {
      "type": "Feature",
      "properties": {
        "description": "Lower Himalayas"
      },
      "geometry": {
        "type": "Point",
        "coordinates": ["80.3241", "28.4964"]
      }
    },
    {
      "type": "Feature",
      "properties": {
        "description": "Lower Kosi Watershed"
      },
      "geometry": {
        "type": "Point",
        "coordinates": ["85.3522", "26.8265"]
      }
    },
    {
      "type": "Feature",
      "properties": {
        "description": "lower Mae Chaem watershed"
      },
      "geometry": {
        "type": "Point",
        "coordinates": ["98.4800", "18.8000"]
      }
    },
    {
      "type": "Feature",
      "properties": {
        "description": "Lower Mekong River Basin in Southeast Asia"
      },
      "geometry": {
        "type": "Point",
        "coordinates": ["102.6167", "13.6667"]
      }
    },
    {
      "type": "Feature",
      "properties": {
        "description": "lower western region of Ladakh"
      },
      "geometry": {
        "type": "Point",
        "coordinates": ["77.7783", "34.1526"]
      }
    },
    {
      "type": "Feature",
      "properties": {
        "description": "lowlands in Mid-Western Nepal"
      },
      "geometry": {
        "type": "Point",
        "coordinates": ["82.18", "28.05"]
      }
    },
    {
      "type": "Feature",
      "properties": {
        "description": "LRB"
      },
      "geometry": {
        "type": "Point",
        "coordinates": ["0.0", "0.0"]
      }
    },
    {
      "type": "Feature",
      "properties": {
        "description": "Lu - Shan"
      },
      "geometry": {
        "type": "Point",
        "coordinates": ["115.5667", "29.5667"]
      }
    },
    {
      "type": "Feature",
      "properties": {
        "description": "Luc Yen district"
      },
      "geometry": {
        "type": "Point",
        "coordinates": ["105.1707", "21.7423"]
      }
    },
    {
      "type": "Feature",
      "properties": {
        "description": "Lucca"
      },
      "geometry": {
        "type": "Point",
        "coordinates": ["10.3140", "43.8428"]
      }
    },
    {
      "type": "Feature",
      "properties": {
        "description": "Ludian"
      },
      "geometry": {
        "type": "Point",
        "coordinates": ["103.3810", "26.4261"]
      }
    },
    {
      "type": "Feature",
      "properties": {
        "description": "Ludian County"
      },
      "geometry": {
        "type": "Point",
        "coordinates": ["103.5", "26.5"]
      }
    },
    {
      "type": "Feature",
      "properties": {
        "description": "Ludian districts"
      },
      "geometry": {
        "type": "Point",
        "coordinates": ["103.5", "26.5"]
      }
    },
    {
      "type": "Feature",
      "properties": {
        "description": "Luding"
      },
      "geometry": {
        "type": "Point",
        "coordinates": ["102.0775", "29.9097"]
      }
    },
    {
      "type": "Feature",
      "properties": {
        "description": "Lunglei district of Mizoram"
      },
      "geometry": {
        "type": "Point",
        "coordinates": ["92.7337", "22.8782"]
      }
    },
    {
      "type": "Feature",
      "properties": {
        "description": "Luoding and Xinyi Counties"
      },
      "geometry": {
        "type": "Point",
        "coordinates": ["111.0", "22.5"]
      }
    },
    {
      "type": "Feature",
      "properties": {
        "description": "Luoi"
      },
      "geometry": {
        "type": "Point",
        "coordinates": ["106.7679", "16.2361"]
      }
    },
    {
      "type": "Feature",
      "properties": {
        "description": "Lushan"
      },
      "geometry": {
        "type": "Point",
        "coordinates": ["116.0095", "29.5623"]
      }
    },
    {
      "type": "Feature",
      "properties": {
        "description": "Lushan County"
      },
      "geometry": {
        "type": "Point",
        "coordinates": ["115.9839", "27.7066"]
      }
    },
    {
      "type": "Feature",
      "properties": {
        "description": "Lushan County of China"
      },
      "geometry": {
        "type": "Point",
        "coordinates": ["115.9826", "27.8508"]
      }
    },
    {
      "type": "Feature",
      "properties": {
        "description": "Lushan County of Sichuan Province in China"
      },
      "geometry": {
        "type": "Point",
        "coordinates": ["103.0227", "30.4339"]
      }
    },
    {
      "type": "Feature",
      "properties": {
        "description": "Lushan earthquake disaster"
      },
      "geometry": {
        "type": "Point",
        "coordinates": ["115.5", "29.5"]
      }
    },
    {
      "type": "Feature",
      "properties": {
        "description": "Lushui"
      },
      "geometry": {
        "type": "Point",
        "coordinates": ["98.8637", "25.8887"]
      }
    },
    {
      "type": "Feature",
      "properties": {
        "description": "Luzon Island"
      },
      "geometry": {
        "type": "Point",
        "coordinates": ["122.7500", "13.0000"]
      }
    },
    {
      "type": "Feature",
      "properties": {
        "description": "Machu Picchu"
      },
      "geometry": {
        "type": "Point",
        "coordinates": ["72.5450", "13.1631"]
      }
    },
    {
      "type": "Feature",
      "properties": {
        "description": "Macka District of Trabzon"
      },
      "geometry": {
        "type": "Point",
        "coordinates": ["39.5", "41.0"]
      }
    },
    {
      "type": "Feature",
      "properties": {
        "description": "Magoffin County"
      },
      "geometry": {
        "type": "Point",
        "coordinates": ["83.0282", "37.8916"]
      }
    },
    {
      "type": "Feature",
      "properties": {
        "description": "Maharashtra"
      },
      "geometry": {
        "type": "Point",
        "coordinates": ["75.7139", "19.7515"]
      }
    },
    {
      "type": "Feature",
      "properties": {
        "description": "Mai Salong Nok in Mae Fa Luang District"
      },
      "geometry": {
        "type": "Point",
        "coordinates": ["99.9616", "20.3277"]
      }
    },
    {
      "type": "Feature",
      "properties": {
        "description": "Mailuu - Suu catchment"
      },
      "geometry": {
        "type": "Point",
        "coordinates": ["72.6284", "41.5729"]
      }
    },
    {
      "type": "Feature",
      "properties": {
        "description": "Mailuu-Suu catchment in Kyrgyzstan"
      },
      "geometry": {
        "type": "Point",
        "coordinates": ["73.0", "41.5"]
      }
    },
    {
      "type": "Feature",
      "properties": {
        "description": "Main Ethiopian Rift and Afar Depression"
      },
      "geometry": {
        "type": "Point",
        "coordinates": ["40.0", "10.0"]
      }
    },
    {
      "type": "Feature",
      "properties": {
        "description": "main island of Taiwan"
      },
      "geometry": {
        "type": "Point",
        "coordinates": ["121.0", "23.5"]
      }
    },
    {
      "type": "Feature",
      "properties": {
        "description": "Majene Regency"
      },
      "geometry": {
        "type": "Point",
        "coordinates": ["118.98", "-3.33"]
      }
    },
    {
      "type": "Feature",
      "properties": {
        "description": "Majiagou"
      },
      "geometry": {
        "type": "Point",
        "coordinates": ["116.37", "39.12"]
      }
    },
    {
      "type": "Feature",
      "properties": {
        "description": "major port in Brazil"
      },
      "geometry": {
        "type": "Point",
        "coordinates": ["-48.57", "-25.42"]
      }
    },
    {
      "type": "Feature",
      "properties": {
        "description": "Maku and Shafa - Roud dam reservoirs"
      },
      "geometry": {
        "type": "Point",
        "coordinates": ["44.77", "39.15"]
      }
    },
    {
      "type": "Feature",
      "properties": {
        "description": "Malaga"
      },
      "geometry": {
        "type": "Point",
        "coordinates": ["-4.42", "36.72"]
      }
    },
    {
      "type": "Feature",
      "properties": {
        "description": "Malang Regency"
      },
      "geometry": {
        "type": "Point",
        "coordinates": ["112.63", "-8.06"]
      }
    },
    {
      "type": "Feature",
      "properties": {
        "description": "Malappuram districts"
      },
      "geometry": {
        "type": "Point",
        "coordinates": ["76.13", "11.07"]
      }
    },
    {
      "type": "Feature",
      "properties": {
        "description": "Malawi"
      },
      "geometry": {
        "type": "Point",
        "coordinates": ["34.29", "-13.25"]
      }
    },
    {
      "type": "Feature",
      "properties": {
        "description": "Malaysia"
      },
      "geometry": {
        "type": "Point",
        "coordinates": ["101.97", "4.21"]
      }
    },
    {
      "type": "Feature",
      "properties": {
        "description": "Maliulin"
      },
      "geometry": {
        "type": "Point",
        "coordinates": ["151.05", "60.0"]
      }
    },
    {
      "type": "Feature",
      "properties": {
        "description": "Mandakini River basin"
      },
      "geometry": {
        "type": "Point",
        "coordinates": ["79.45", "30.72"]
      }
    },
    {
      "type": "Feature",
      "properties": {
        "description": "Mandakini valley of Uttarakhand Himalayas"
      },
      "geometry": {
        "type": "Point",
        "coordinates": ["79.54", "30.51"]
      }
    },
    {
      "type": "Feature",
      "properties": {
        "description": "Mandi district"
      },
      "geometry": {
        "type": "Point",
        "coordinates": ["76.92", "31.71"]
      }
    },
    {
      "type": "Feature",
      "properties": {
        "description": "Mandra"
      },
      "geometry": {
        "type": "Point",
        "coordinates": ["73.25", "33.21"]
      }
    },
    {
      "type": "Feature",
      "properties": {
        "description": "Manipur"
      },
      "geometry": {
        "type": "Point",
        "coordinates": ["93.93", "24.66"]
      }
    },
    {
      "type": "Feature",
      "properties": {
        "description": "Mansehra - Muzaffarabad - Mirpur and Mangla"
      },
      "geometry": {
        "type": "Point",
        "coordinates": ["73.38", "33.72"]
      }
    },
    {
      "type": "Feature",
      "properties": {
        "description": "Mansehra and Muzaffarabad districts"
      },
      "geometry": {
        "type": "Point",
        "coordinates": ["73.38", "33.72"]
      }
    },
    {
      "type": "Feature",
      "properties": {
        "description": "Mansehra and Torghar districts"
      },
      "geometry": {
        "type": "Point",
        "coordinates": ["73.38", "33.72"]
      }
    },
    {
      "type": "Feature",
      "properties": {
        "description": "Many hilly parts of Vietnam"
      },
      "geometry": {
        "type": "Point",
        "coordinates": ["106.5", "14.5"]
      }
    },
    {
      "type": "Feature",
      "properties": {
        "description": "Mao - Maram of"
      },
      "geometry": {
        "type": "Point",
        "coordinates": ["94.3260", "25.4740"]
      }
    },
    {
      "type": "Feature",
      "properties": {
        "description": "Mao County"
      },
      "geometry": {
        "type": "Point",
        "coordinates": ["101.5474", "24.7955"]
      }
    },
    {
      "type": "Feature",
      "properties": {
        "description": "Mao to Kangpokpi from AH - 1"
      },
      "geometry": {
        "type": "Point",
        "coordinates": ["94.1163", "25.0494"]
      }
    },
    {
      "type": "Feature",
      "properties": {
        "description": "Maoxian"
      },
      "geometry": {
        "type": "Point",
        "coordinates": ["103.8881", "31.7104"]
      }
    },
    {
      "type": "Feature",
      "properties": {
        "description": "Maoxian County"
      },
      "geometry": {
        "type": "Point",
        "coordinates": ["103.2789", "31.3926"]
      }
    },
    {
      "type": "Feature",
      "properties": {
        "description": "Mardi Khola"
      },
      "geometry": {
        "type": "Point",
        "coordinates": ["84.2170", "28.2406"]
      }
    },
    {
      "type": "Feature",
      "properties": {
        "description": "Markazi Province of Iran"
      },
      "geometry": {
        "type": "Point",
        "coordinates": ["49.6944", "34.8046"]
      }
    },
    {
      "type": "Feature",
      "properties": {
        "description": "Marumori"
      },
      "geometry": {
        "type": "Point",
        "coordinates": ["140.8293", "38.8998"]
      }
    },
    {
      "type": "Feature",
      "properties": {
        "description": "Matera"
      },
      "geometry": {
        "type": "Point",
        "coordinates": ["16.6070", "40.6666"]
      }
    },
    {
      "type": "Feature",
      "properties": {
        "description": "Mauritius Island"
      },
      "geometry": {
        "type": "Point",
        "coordinates": ["57.5522", "20.3484"]
      }
    },
    {
      "type": "Feature",
      "properties": {
        "description": "Mawiongrim"
      },
      "geometry": {
        "type": "Point",
        "coordinates": ["91.9869", "25.4807"]
      }
    },
    {
      "type": "Feature",
      "properties": {
        "description": "Mayang County"
      },
      "geometry": {
        "type": "Point",
        "coordinates": ["110.7034", "27.9748"]
      }
    },
    {
      "type": "Feature",
      "properties": {
        "description": "Mazandaran province"
      },
      "geometry": {
        "type": "Point",
        "coordinates": ["52.5461", "36.3472"]
      }
    },
    {
      "type": "Feature",
      "properties": {
        "description": "Mazandaran Province of Iran"
      },
      "geometry": {
        "type": "Point",
        "coordinates": ["52.5461", "36.3472"]
      }
    },
    {
      "type": "Feature",
      "properties": {
        "description": "Mazandran Province"
      },
      "geometry": {
        "type": "Point",
        "coordinates": ["52.5461", "36.3472"]
      }
    },
    {
      "type": "Feature",
      "properties": {
        "description": "Medellin in Colombia"
      },
      "geometry": {
        "type": "Point",
        "coordinates": ["75.5636", "6.2442"]
      }
    },
    {
      "type": "Feature",
      "properties": {
        "description": "Mediterranean"
      },
      "geometry": {
        "type": "Point",
        "coordinates": ["15.2551", "34.5531"]
      }
    },
    {
      "type": "Feature",
      "properties": {
        "description": "Mediterranean catchment"
      },
      "geometry": {
        "type": "Point",
        "coordinates": ["15.2551", "34.5531"]
      }
    },
    {
      "type": "Feature",
      "properties": {
        "description": "Mediterranean Kabylia"
      },
      "geometry": {
        "type": "Point",
        "coordinates": ["3.3452", "36.4330"]
      }
    },
    {
      "type": "Feature",
      "properties": {
        "description": "Mediterranean Rif coastal zone of Morocco"
      },
      "geometry": {
        "type": "Point",
        "coordinates": ["5.4493", "35.7718"]
      }
    },
    {
      "type": "Feature",
      "properties": {
        "description": "Meghalaya"
      },
      "geometry": {
        "type": "Point",
        "coordinates": ["91.2794", "25.4670"]
      }
    },
    {
      "type": "Feature",
      "properties": {
        "description": "Melen Gorge in the Northwestern part of Turkey"
      },
      "geometry": {
        "type": "Point",
        "coordinates": ["34.0837", "40.8982"]
      }
    },
    {
      "type": "Feature",
      "properties": {
        "description": "Mesima Basin"
      },
      "geometry": {
        "type": "Point",
        "coordinates": ["37.7159", "7.0353"]
      }
    },
    {
      "type": "Feature",
      "properties": {
        "description": "Mesima surroundings"
      },
      "geometry": {
        "type": "Point",
        "coordinates": ["37.7075", "7.0300"]
      }
    },
    {
      "type": "Feature",
      "properties": {
        "description": "Messina Straits graben"
      },
      "geometry": {
        "type": "Point",
        "coordinates": ["15.6444", "38.2265"]
      }
    },
    {
      "type": "Feature",
      "properties": {
        "description": "Metropolitan District of Quito"
      },
      "geometry": {
        "type": "Point",
        "coordinates": ["78.4700", "0.1807"]
      }
    },
    {
      "type": "Feature",
      "properties": {
        "description": "metropolitan region of Sao Paulo - Brazil"
      },
      "geometry": {
        "type": "Point",
        "coordinates": ["46.6333", "23.5505"]
      }
    },
    {
      "type": "Feature",
      "properties": {
        "description": "Mettman Ridge study area in Oregon"
      },
      "geometry": {
        "type": "Point",
        "coordinates": ["122.7475", "44.3577"]
      }
    },
    {
      "type": "Feature",
      "properties": {
        "description": "Mettur dam"
      },
      "geometry": {
        "type": "Point",
        "coordinates": ["77.8765", "11.8123"]
      }
    },
    {
      "type": "Feature",
      "properties": {
        "description": "Mexico"
      },
      "geometry": {
        "type": "Point",
        "coordinates": ["102.5528", "23.6345"]
      }
    },
    {
      "type": "Feature",
      "properties": {
        "description": "Miandarband"
      },
      "geometry": {
        "type": "Point",
        "coordinates": ["47.2391", "37.4157"]
      }
    },
    {
      "type": "Feature",
      "properties": {
        "description": "Miansi town"
      },
      "geometry": {
        "type": "Point",
        "coordinates": ["108.4634", "35.7083"]
      }
    },
    {
      "type": "Feature",
      "properties": {
        "description": "Mianyang City"
      },
      "geometry": {
        "type": "Point",
        "coordinates": ["104.7487", "31.1801"]
      }
    },
    {
      "type": "Feature",
      "properties": {
        "description": "Miao Li"
      },
      "geometry": {
        "type": "Point",
        "coordinates": ["120.5489", "24.5570"]
      }
    },
    {
      "type": "Feature",
      "properties": {
        "description": "mid-Adriatic"
      },
      "geometry": {
        "type": "Point",
        "coordinates": ["15.2551", "42.3852"]
      }
    },
    {
      "type": "Feature",
      "properties": {
        "description": "middle and upper reaches of the Yangtze River"
      },
      "geometry": {
        "type": "Point",
        "coordinates": ["106.8294", "30.6062"]
      }
    },
    {
      "type": "Feature",
      "properties": {
        "description": "Middle East"
      },
      "geometry": {
        "type": "Point",
        "coordinates": ["46.6753", "24.6877"]
      }
    },
    {
      "type": "Feature",
      "properties": {
        "description": "Middle East and Africa"
      },
      "geometry": {
        "type": "Point",
        "coordinates": ["19.5014", "6.1864"]
      }
    },
    {
      "type": "Feature",
      "properties": {
        "description": "Middle Fork"
      },
      "geometry": {
        "type": "Point",
        "coordinates": ["121.1680", "47.4557"]
      }
    },
    {
      "type": "Feature",
      "properties": {
        "description": "middle Himalayan region of Himachal Pradesh"
      },
      "geometry": {
        "type": "Point",
        "coordinates": ["77.1722", "31.8760"]
      }
    },
    {
      "type": "Feature",
      "properties": {
        "description": "middle part of the Serchio River basin"
      },
      "geometry": {
        "type": "Point",
        "coordinates": ["10.3712", "44.0225"]
      }
    },
    {
      "type": "Feature",
      "properties": {
        "description": "Mid-Levels region in Hong Kong"
      },
      "geometry": {
        "type": "Point",
        "coordinates": ["114.1559", "22.2779"]
      }
    },
    {
      "type": "Feature",
      "properties": {
        "description": "Milin County"
      },
      "geometry": {
        "type": "Point",
        "coordinates": ["94.2067", "29.2364"]
      }
    },
    {
      "type": "Feature",
      "properties": {
        "description": "Minamata"
      },
      "geometry": {
        "type": "Point",
        "coordinates": ["130.0533", "32.2211"]
      }
    },
    {
      "type": "Feature",
      "properties": {
        "description": "Minamata area of southern Kyushu Island"
      },
      "geometry": {
        "type": "Point",
        "coordinates": ["130.0349", "32.2233"]
      }
    },
    {
      "type": "Feature",
      "properties": {
        "description": "Minas Gerais"
      },
      "geometry": {
        "type": "Point",
        "coordinates": ["44.5637", "18.5125"]
      }
    },
    {
      "type": "Feature",
      "properties": {
        "description": "Mingchukur"
      },
      "geometry": {
        "type": "Point",
        "coordinates": ["84.0792", "32.5167"]
      }
    },
    {
      "type": "Feature",
      "properties": {
        "description": "Minjiang River"
      },
      "geometry": {
        "type": "Point",
        "coordinates": ["103.2298", "28.0000"]
      }
    },
    {
      "type": "Feature",
      "properties": {
        "description": "Minxian"
      },
      "geometry": {
        "type": "Point",
        "coordinates": ["104.0444", "34.4453"]
      }
    },
    {
      "type": "Feature",
      "properties": {
        "description": "Minxian - Zhangxian"
      },
      "geometry": {
        "type": "Point",
        "coordinates": ["104.2531", "34.0059"]
      }
    },
    {
      "type": "Feature",
      "properties": {
        "description": "Miyi county"
      },
      "geometry": {
        "type": "Point",
        "coordinates": ["102.0424", "28.6026"]
      }
    },
    {
      "type": "Feature",
      "properties": {
        "description": "Miyun country"
      },
      "geometry": {
        "type": "Point",
        "coordinates": ["116.8964", "40.4576"]
      }
    },
    {
      "type": "Feature",
      "properties": {
        "description": "Mizoram"
      },
      "geometry": {
        "type": "Point",
        "coordinates": ["92.9376", "23.1645"]
      }
    },
    {
      "type": "Feature",
      "properties": {
        "description": "Mizunami City"
      },
      "geometry": {
        "type": "Point",
        "coordinates": ["137.2552", "35.3646"]
      }
    },
    {
      "type": "Feature",
      "properties": {
        "description": "MMMM"
      },
      "geometry": {
        "type": "Point",
        "coordinates": ["0.0931", "51.4793"]
      }
    },
    {
      "type": "Feature",
      "properties": {
        "description": "Modi Khola"
      },
      "geometry": {
        "type": "Point",
        "coordinates": ["84.1287", "28.0857"]
      }
    },
    {
      "type": "Feature",
      "properties": {
        "description": "Modi Khola valley"
      },
      "geometry": {
        "type": "Point",
        "coordinates": ["84.1526", "28.1062"]
      }
    },
    {
      "type": "Feature",
      "properties": {
        "description": "Moldavian"
      },
      "geometry": {
        "type": "Point",
        "coordinates": ["28.3697", "47.4116"]
      }
    },
    {
      "type": "Feature",
      "properties": {
        "description": "Moldavian Plateau"
      },
      "geometry": {
        "type": "Point",
        "coordinates": ["27.2619", "46.8127"]
      }
    },
    {
      "type": "Feature",
      "properties": {
        "description": "Molise"
      },
      "geometry": {
        "type": "Point",
        "coordinates": ["14.0", "41.6"]
      }
    },
    {
      "type": "Feature",
      "properties": {
        "description": "Monesi di Mendatica"
      },
      "geometry": {
        "type": "Point",
        "coordinates": ["7.9487", "44.0715"]
      }
    },
    {
      "type": "Feature",
      "properties": {
        "description": "Mont - Emilius and Mont - Cervin Mountain Communities"
      },
      "geometry": {
        "type": "Point",
        "coordinates": ["7.4894", "45.7323"]
      }
    },
    {
      "type": "Feature",
      "properties": {
        "description": "Monterosso catchment"
      },
      "geometry": {
        "type": "Point",
        "coordinates": ["9.6546", "44.1275"]
      }
    },
    {
      "type": "Feature",
      "properties": {
        "description": "Moonnilavu"
      },
      "geometry": {
        "type": "Point",
        "coordinates": ["77.1624", "10.1789"]
      }
    },
    {
      "type": "Feature",
      "properties": {
        "description": "More and Romsdal region of Norway"
      },
      "geometry": {
        "type": "Point",
        "coordinates": ["7.5924", "62.5031"]
      }
    },
    {
      "type": "Feature",
      "properties": {
        "description": "Moroccan Safi"
      },
      "geometry": {
        "type": "Point",
        "coordinates": ["9.2206", "32.2995"]
      }
    },
    {
      "type": "Feature",
      "properties": {
        "description": "Morocco"
      },
      "geometry": {
        "type": "Point",
        "coordinates": ["7.0926", "31.7917"]
      }
    },
    {
      "type": "Feature",
      "properties": {
        "description": "motorway A9"
      },
      "geometry": {
        "type": "Point",
        "coordinates": ["18.2739", "42.8810"]
      }
    },
    {
      "type": "Feature",
      "properties": {
        "description": "motorway A90 in Chania"
      },
      "geometry": {
        "type": "Point",
        "coordinates": ["24.0249", "35.5110"]
      }
    },
    {
      "type": "Feature",
      "properties": {
        "description": "Motozintla"
      },
      "geometry": {
        "type": "Point",
        "coordinates": ["92.3963", "15.2683"]
      }
    },
    {
      "type": "Feature",
      "properties": {
        "description": "Mountain areas in the southern western corner of the Kingdom of Saudi Arabia"
      },
      "geometry": {
        "type": "Point",
        "coordinates": ["42.4232", "17.6424"]
      }
    },
    {
      "type": "Feature",
      "properties": {
        "description": "mountain foothills of Central Chile"
      },
      "geometry": {
        "type": "Point",
        "coordinates": ["70.1253", "31.4605"]
      }
    },
    {
      "type": "Feature",
      "properties": {
        "description": "mountain highways"
      },
      "geometry": {
        "type": "Point",
        "coordinates": ["0.0", "0.0"]
      }
    },
    {
      "type": "Feature",
      "properties": {
        "description": "mountainous"
      },
      "geometry": {
        "type": "Point",
        "coordinates": ["0.0", "0.0"]
      }
    },
    {
      "type": "Feature",
      "properties": {
        "description": "mountainous area in Central Bengkulu"
      },
      "geometry": {
        "type": "Point",
        "coordinates": ["102.1900", "4.6328"]
      }
    },
    {
      "type": "Feature",
      "properties": {
        "description": "mountainous area in Northern Thailand"
      },
      "geometry": {
        "type": "Point",
        "coordinates": ["99.6703", "19.8633"]
      }
    },
    {
      "type": "Feature",
      "properties": {
        "description": "mountainous area of northern Morocco"
      },
      "geometry": {
        "type": "Point",
        "coordinates": ["4.0041", "35.7454"]
      }
    },
    {
      "type": "Feature",
      "properties": {
        "description": "mountainous area of Rio de Janeiro"
      },
      "geometry": {
        "type": "Point",
        "coordinates": ["43.2096", "22.9068"]
      }
    },
    {
      "type": "Feature",
      "properties": {
        "description": "mountainous area of the Cordillera Blanca"
      },
      "geometry": {
        "type": "Point",
        "coordinates": ["77.6273", "9.2083"]
      }
    },
    {
      "type": "Feature",
      "properties": {
        "description": "mountainous areas in China"
      },
      "geometry": {
        "type": "Point",
        "coordinates": ["104.1954", "35.8617"]
      }
    },
    {
      "type": "Feature",
      "properties": {
        "description": "mountainous areas of Nepal"
      },
      "geometry": {
        "type": "Point",
        "coordinates": ["84.1240", "28.3949"]
      }
    },
    {
      "type": "Feature",
      "properties": {
        "description": "Mountainous areas of Taiwan Island"
      },
      "geometry": {
        "type": "Point",
        "coordinates": ["121.0", "23.5"]
      }
    },
    {
      "type": "Feature",
      "properties": {
        "description": "mountainous areas of Vietnam"
      },
      "geometry": {
        "type": "Point",
        "coordinates": ["107.4176", "13.2904"]
      }
    },
    {
      "type": "Feature",
      "properties": {
        "description": "Mountainous catchment"
      },
      "geometry": {
        "type": "Point",
        "coordinates": ["104.0", "28.0"]
      }
    },
    {
      "type": "Feature",
      "properties": {
        "description": "Mountainous communities in India's Lesser Himalayas"
      },
      "geometry": {
        "type": "Point",
        "coordinates": ["78.0", "32.0"]
      }
    },
    {
      "type": "Feature",
      "properties": {
        "description": "Mountainous county"
      },
      "geometry": {
        "type": "Point",
        "coordinates": ["105.0", "30.0"]
      }
    },
    {
      "type": "Feature",
      "properties": {
        "description": "Mountainous hilly"
      },
      "geometry": {
        "type": "Point",
        "coordinates": ["104.5", "30.0"]
      }
    },
    {
      "type": "Feature",
      "properties": {
        "description": "Mountainous region of Greater Sochi"
      },
      "geometry": {
        "type": "Point",
        "coordinates": ["40.5", "43.5"]
      }
    },
    {
      "type": "Feature",
      "properties": {
        "description": "mountainous region of Hakha City"
      },
      "geometry": {
        "type": "Point",
        "coordinates": ["93.5760", "22.6114"]
      }
    },
    {
      "type": "Feature",
      "properties": {
        "description": "mountainous regions of northeast Algeria"
      },
      "geometry": {
        "type": "Point",
        "coordinates": ["5.6178", "36.6928"]
      }
    },
    {
      "type": "Feature",
      "properties": {
        "description": "mountainous regions of Sikkim Himalaya"
      },
      "geometry": {
        "type": "Point",
        "coordinates": ["88.7288", "27.5242"]
      }
    },
    {
      "type": "Feature",
      "properties": {
        "description": "mountainous road of the Salavat Abad saddle"
      },
      "geometry": {
        "type": "Point",
        "coordinates": ["51.2996", "35.9324"]
      }
    },
    {
      "type": "Feature",
      "properties": {
        "description": "Mountainous southern Mackenzie Valley"
      },
      "geometry": {
        "type": "Point",
        "coordinates": ["-123.0", "54.0"]
      }
    },
    {
      "type": "Feature",
      "properties": {
        "description": "Mountainous Western Ghats"
      },
      "geometry": {
        "type": "Point",
        "coordinates": ["74.0", "15.0"]
      }
    },
    {
      "type": "Feature",
      "properties": {
        "description": "Mountainous WG"
      },
      "geometry": {
        "type": "Point",
        "coordinates": ["75.0", "16.5"]
      }
    },
    {
      "type": "Feature",
      "properties": {
        "description": "Mt. Umyeon"
      },
      "geometry": {
        "type": "Point",
        "coordinates": ["126.9417", "37.5931"]
      }
    },
    {
      "type": "Feature",
      "properties": {
        "description": "Mt. Umyeon in Korea"
      },
      "geometry": {
        "type": "Point",
        "coordinates": ["126.9", "35.3"]
      }
    },
    {
      "type": "Feature",
      "properties": {
        "description": "Mu Cang Chai district"
      },
      "geometry": {
        "type": "Point",
        "coordinates": ["104.1648", "21.8172"]
      }
    },
    {
      "type": "Feature",
      "properties": {
        "description": "Mu Cang Chai District located in Yen Bai Province"
      },
      "geometry": {
        "type": "Point",
        "coordinates": ["104.2642", "21.8065"]
      }
    },
    {
      "type": "Feature",
      "properties": {
        "description": "Muchuan"
      },
      "geometry": {
        "type": "Point",
        "coordinates": ["103.6341", "28.5472"]
      }
    },
    {
      "type": "Feature",
      "properties": {
        "description": "Muchuan County"
      },
      "geometry": {
        "type": "Point",
        "coordinates": ["103.6527", "31.8192"]
      }
    },
    {
      "type": "Feature",
      "properties": {
        "description": "Munggung"
      },
      "geometry": {
        "type": "Point",
        "coordinates": ["123.7114", "25.6311"]
      }
    },
    {
      "type": "Feature",
      "properties": {
        "description": "Munnilavu"
      },
      "geometry": {
        "type": "Point",
        "coordinates": ["80.3500", "8.3978"]
      }
    },
    {
      "type": "Feature",
      "properties": {
        "description": "Muong Lay district"
      },
      "geometry": {
        "type": "Point",
        "coordinates": ["103.0450", "21.6731"]
      }
    },
    {
      "type": "Feature",
      "properties": {
        "description": "Muong Lay district of Vietnam"
      },
      "geometry": {
        "type": "Point",
        "coordinates": ["103.0500", "21.6800"]
      }
    },
    {
      "type": "Feature",
      "properties": {
        "description": "Muong Te district"
      },
      "geometry": {
        "type": "Point",
        "coordinates": ["103.2478", "22.4046"]
      }
    },
    {
      "type": "Feature",
      "properties": {
        "description": "Muping town of Baoxing county"
      },
      "geometry": {
        "type": "Point",
        "coordinates": ["102.8122", "30.5347"]
      }
    },
    {
      "type": "Feature",
      "properties": {
        "description": "Mussoorie Township and its surrounding"
      },
      "geometry": {
        "type": "Point",
        "coordinates": ["78.0652", "30.4599"]
      }
    },
    {
      "type": "Feature",
      "properties": {
        "description": "Musuk"
      },
      "geometry": {
        "type": "Point",
        "coordinates": ["113.0347", "4.3769"]
      }
    },
    {
      "type": "Feature",
      "properties": {
        "description": "Muzaffarabad"
      },
      "geometry": {
        "type": "Point",
        "coordinates": ["73.4725", "34.3700"]
      }
    },
    {
      "type": "Feature",
      "properties": {
        "description": "Muzaffarabad district"
      },
      "geometry": {
        "type": "Point",
        "coordinates": ["73.4194", "34.2864"]
      }
    },
    {
      "type": "Feature",
      "properties": {
        "description": "Myanmar"
      },
      "geometry": {
        "type": "Point",
        "coordinates": ["96.4886", "21.9162"]
      }
    },
    {
      "type": "Feature",
      "properties": {
        "description": "Nagaland"
      },
      "geometry": {
        "type": "Point",
        "coordinates": ["94.5624", "26.1584"]
      }
    },
    {
      "type": "Feature",
      "properties": {
        "description": "Nam Dan commune"
      },
      "geometry": {
        "type": "Point",
        "coordinates": ["104.2214", "18.1656"]
      }
    },
    {
      "type": "Feature",
      "properties": {
        "description": "Nam Pam"
      },
      "geometry": {
        "type": "Point",
        "coordinates": ["95.1470", "28.6025"]
      }
    },
    {
      "type": "Feature",
      "properties": {
        "description": "Namasigue watershed"
      },
      "geometry": {
        "type": "Point",
        "coordinates": ["87.8849", "14.0241"]
      }
    },
    {
      "type": "Feature",
      "properties": {
        "description": "Namchi district of Sikkim"
      },
      "geometry": {
        "type": "Point",
        "coordinates": ["88.3773", "27.1679"]
      }
    },
    {
      "type": "Feature",
      "properties": {
        "description": "Nanchuan County"
      },
      "geometry": {
        "type": "Point",
        "coordinates": ["107.0981", "28.8405"]
      }
    },
    {
      "type": "Feature",
      "properties": {
        "description": "Nanchuan District"
      },
      "geometry": {
        "type": "Point",
        "coordinates": ["108.5712", "26.1664"]
      }
    },
    {
      "type": "Feature",
      "properties": {
        "description": "Nanchuan region of Chongqing"
      },
      "geometry": {
        "type": "Point",
        "coordinates": ["107.0985", "29.2010"]
      }
    },
    {
      "type": "Feature",
      "properties": {
        "description": "Nantian"
      },
      "geometry": {
        "type": "Point",
        "coordinates": ["113.3176", "23.2658"]
      }
    },
    {
      "type": "Feature",
      "properties": {
        "description": "Nantian area in southeastern hilly"
      },
      "geometry": {
        "type": "Point",
        "coordinates": ["113.3000", "23.2833"]
      }
    },
    {
      "type": "Feature",
      "properties": {
        "description": "Nantou County"
      },
      "geometry": {
        "type": "Point",
        "coordinates": ["120.9675", "23.9134"]
      }
    },
    {
      "type": "Feature",
      "properties": {
        "description": "Napf catchment "
      },
      "geometry": {
        "type": "Point",
        "coordinates": ["8.0874", "47.1516"]
      }
    },
    {
      "type": "Feature",
      "properties": {
        "description": "Naples"
      },
      "geometry": {
        "type": "Point",
        "coordinates": ["14.2704", "40.8518"]
      }
    },
    {
      "type": "Feature",
      "properties": {
        "description": "Natal"
      },
      "geometry": {
        "type": "Point",
        "coordinates": ["35.2094", "-5.7945"]
      }
    },
    {
      "type": "Feature",
      "properties": {
        "description": "National Highway 1D"
      },
      "geometry": {
        "type": "Point",
        "coordinates": ["77.7819", "34.4389"]
      }
    },
    {
      "type": "Feature",
      "properties": {
        "description": "National Highway 1D from Sonamarg to Kargil"
      },
      "geometry": {
        "type": "Point",
        "coordinates": ["76.8975", "34.3081"]
      }
    },
    {
      "type": "Feature",
      "properties": {
        "description": "national highway 5"
      },
      "geometry": {
        "type": "Point",
        "coordinates": ["77.1441", "28.6483"]
      }
    },
    {
      "type": "Feature",
      "properties": {
        "description": "National Highway G69"
      },
      "geometry": {
        "type": "Point",
        "coordinates": ["112.5703", "24.7374"]
      }
    },
    {
      "type": "Feature",
      "properties": {
        "description": "National Road Number 9"
      },
      "geometry": {
        "type": "Point",
        "coordinates": ["1.1526", "43.5936"]
      }
    },
    {
      "type": "Feature",
      "properties": {
        "description": "National Road Number 9 in the Tizi N'tichka"
      },
      "geometry": {
        "type": "Point",
        "coordinates": ["-7.1313", "31.3287"]
      }
    },
    {
      "type": "Feature",
      "properties": {
        "description": "Nayong in Guizhou"
      },
      "geometry": {
        "type": "Point",
        "coordinates": ["105.1167", "27.7833"]
      }
    },
    {
      "type": "Feature",
      "properties": {
        "description": "NE Algeria"
      },
      "geometry": {
        "type": "Point",
        "coordinates": ["3.0518", "35.7135"]
      }
    },
    {
      "type": "Feature",
      "properties": {
        "description": "NE Sicily"
      },
      "geometry": {
        "type": "Point",
        "coordinates": ["14.8841", "37.6833"]
      }
    },
    {
      "type": "Feature",
      "properties": {
        "description": "NE Turkey"
      },
      "geometry": {
        "type": "Point",
        "coordinates": ["41.9167", "40.0000"]
      }
    },
    {
      "type": "Feature",
      "properties": {
        "description": "near Faizabad"
      },
      "geometry": {
        "type": "Point",
        "coordinates": ["83.5824", "26.7783"]
      }
    },
    {
      "type": "Feature",
      "properties": {
        "description": "Neom promising"
      },
      "geometry": {
        "type": "Point",
        "coordinates": ["35.9375", "28.0341"]
      }
    },
    {
      "type": "Feature",
      "properties": {
        "description": "Neom promising city"
      },
      "geometry": {
        "type": "Point",
        "coordinates": ["35.9375", "28.0341"]
      }
    },
    {
      "type": "Feature",
      "properties": {
        "description": "Nepal"
      },
      "geometry": {
        "type": "Point",
        "coordinates": ["84.1240", "28.3949"]
      }
    },
    {
      "type": "Feature",
      "properties": {
        "description": "Nepal border in Tibet"
      },
      "geometry": {
        "type": "Point",
        "coordinates": ["87.6977", "27.9054"]
      }
    },
    {
      "type": "Feature",
      "properties": {
        "description": "Nepal Himalaya"
      },
      "geometry": {
        "type": "Point",
        "coordinates": ["86.9250", "28.1455"]
      }
    },
    {
      "type": "Feature",
      "properties": {
        "description": "Nepal 's central mountain"
      },
      "geometry": {
        "type": "Point",
        "coordinates": ["86.7894", "28.2585"]
      }
    },
    {
      "type": "Feature",
      "properties": {
        "description": "Nepalese"
      },
      "geometry": {
        "type": "Point",
        "coordinates": ["84.1240", "28.3949"]
      }
    },
    {
      "type": "Feature",
      "properties": {
        "description": "New Badong County"
      },
      "geometry": {
        "type": "Point",
        "coordinates": ["111.8388", "35.2610"]
      }
    },
    {
      "type": "Feature",
      "properties": {
        "description": "NH - 154A"
      },
      "geometry": {
        "type": "Point",
        "coordinates": ["77.2", "32.0"]
      }
    },
    {
      "type": "Feature",
      "properties": {
        "description": "NH 1D"
      },
      "geometry": {
        "type": "Point",
        "coordinates": ["77.5", "32.1"]
      }
    },
    {
      "type": "Feature",
      "properties": {
        "description": "NH 58"
      },
      "geometry": {
        "type": "Point",
        "coordinates": ["78.3", "30.5"]
      }
    },
    {
      "type": "Feature",
      "properties": {
        "description": "NH 58 area in India"
      },
      "geometry": {
        "type": "Point",
        "coordinates": ["78.4", "30.6"]
      }
    },
    {
      "type": "Feature",
      "properties": {
        "description": "Nicaragua"
      },
      "geometry": {
        "type": "Point",
        "coordinates": ["85.2072", "12.8654"]
      }
    },
    {
      "type": "Feature",
      "properties": {
        "description": "Niigata"
      },
      "geometry": {
        "type": "Point",
        "coordinates": ["138.2915", "37.3230"]
      }
    },
    {
      "type": "Feature",
      "properties": {
        "description": "Nilgiri district"
      },
      "geometry": {
        "type": "Point",
        "coordinates": ["76.6002", "11.4167"]
      }
    },
    {
      "type": "Feature",
      "properties": {
        "description": "Nilgiris"
      },
      "geometry": {
        "type": "Point",
        "coordinates": ["76.6353", "11.4064"]
      }
    },
    {
      "type": "Feature",
      "properties": {
        "description": "Nilgiris district in Tamil Nadu"
      },
      "geometry": {
        "type": "Point",
        "coordinates": ["76.6353", "11.4064"]
      }
    },
    {
      "type": "Feature",
      "properties": {
        "description": "Nilgiris district in Western Ghats of India"
      },
      "geometry": {
        "type": "Point",
        "coordinates": ["76.6353", "11.4064"]
      }
    },
    {
      "type": "Feature",
      "properties": {
        "description": "nine plateau lake watersheds in Yunnan"
      },
      "geometry": {
        "type": "Point",
        "coordinates": ["101.3431", "24.4752"]
      }
    },
    {
      "type": "Feature",
      "properties": {
        "description": "Ningdu County"
      },
      "geometry": {
        "type": "Point",
        "coordinates": ["116.0192", "26.6444"]
      }
    },
    {
      "type": "Feature",
      "properties": {
        "description": "Ningdu County of China"
      },
      "geometry": {
        "type": "Point",
        "coordinates": ["116.0192", "26.6444"]
      }
    },
    {
      "type": "Feature",
      "properties": {
        "description": "Ningguo City"
      },
      "geometry": {
        "type": "Point",
        "coordinates": ["118.9816", "30.6260"]
      }
    },
    {
      "type": "Feature",
      "properties": {
        "description": "Ningxia Hui Autonomous Region of China"
      },
      "geometry": {
        "type": "Point",
        "coordinates": ["106.0", "37.0"]
      }
    },
    {
      "type": "Feature",
      "properties": {
        "description": "Niraj catchment"
      },
      "geometry": {
        "type": "Point",
        "coordinates": ["83.9250", "28.2500"]
      }
    },
    {
      "type": "Feature",
      "properties": {
        "description": "Nkongsamba"
      },
      "geometry": {
        "type": "Point",
        "coordinates": ["9.9406", "5.9609"]
      }
    },
    {
      "type": "Feature",
      "properties": {
        "description": "NNW - SSE oriented Western Ghat Mountains"
      },
      "geometry": {
        "type": "Point",
        "coordinates": ["75.5844", "14.8396"]
      }
    },
    {
      "type": "Feature",
      "properties": {
        "description": "Noklak district in the eastern part of Nagaland bordering Myanmar"
      },
      "geometry": {
        "type": "Point",
        "coordinates": ["94.8925", "26.2379"]
      }
    },
    {
      "type": "Feature",
      "properties": {
        "description": "Noklak town"
      },
      "geometry": {
        "type": "Point",
        "coordinates": ["94.9600", "26.0500"]
      }
    },
    {
      "type": "Feature",
      "properties": {
        "description": "Noney and Khongsag railway station"
      },
      "geometry": {
        "type": "Point",
        "coordinates": ["93.2044", "24.9642"]
      }
    },
    {
      "type": "Feature",
      "properties": {
        "description": "Nongsa"
      },
      "geometry": {
        "type": "Point",
        "coordinates": ["104.0408", "1.1806"]
      }
    },
    {
      "type": "Feature",
      "properties": {
        "description": "North"
      },
      "geometry": {
        "type": "Point",
        "coordinates": ["0.0000", "0.0000"]
      }
    },
    {
      "type": "Feature",
      "properties": {
        "description": "north - east of Algeria"
      },
      "geometry": {
        "type": "Point",
        "coordinates": ["5.7275", "35.7178"]
      }
    },
    {
      "type": "Feature",
      "properties": {
        "description": "north - east of the Langat River Basin"
      },
      "geometry": {
        "type": "Point",
        "coordinates": ["101.7111", "3.0032"]
      }
    },
    {
      "type": "Feature",
      "properties": {
        "description": "North - Eastern Himalaya"
      },
      "geometry": {
        "type": "Point",
        "coordinates": ["88.0000", "27.5000"]
      }
    },
    {
      "type": "Feature",
      "properties": {
        "description": "north - eastern of Jiangxi province"
      },
      "geometry": {
        "type": "Point",
        "coordinates": ["115.6996", "27.5350"]
      }
    },
    {
      "type": "Feature",
      "properties": {
        "description": "north - eastern state of India"
      },
      "geometry": {
        "type": "Point",
        "coordinates": ["94.8781", "26.1584"]
      }
    },
    {
      "type": "Feature",
      "properties": {
        "description": "North - Moungo perimeter"
      },
      "geometry": {
        "type": "Point",
        "coordinates": ["9.5000", "4.6667"]
      }
    },
    {
      "type": "Feature",
      "properties": {
        "description": "north - west China"
      },
      "geometry": {
        "type": "Point",
        "coordinates": ["89.1167", "42.9167"]
      }
    },
    {
      "type": "Feature",
      "properties": {
        "description": "north - western Italy"
      },
      "geometry": {
        "type": "Point",
        "coordinates": ["9.1914", "45.4642"]
      }
    },
    {
      "type": "Feature",
      "properties": {
        "description": "North - Western Sicily"
      },
      "geometry": {
        "type": "Point",
        "coordinates": ["12.6405", "38.0030"]
      }
    },
    {
      "type": "Feature",
      "properties": {
        "description": "north - western side of Daunia"
      },
      "geometry": {
        "type": "Point",
        "coordinates": ["15.9647", "41.1231"]
      }
    },
    {
      "type": "Feature",
      "properties": {
        "description": "North Anatolian Fault Zone"
      },
      "geometry": {
        "type": "Point",
        "coordinates": ["32.8542", "40.7434"]
      }
    },
    {
      "type": "Feature",
      "properties": {
        "description": "north and northeast parts of Maragheh County"
      },
      "geometry": {
        "type": "Point",
        "coordinates": ["46.2256", "37.3828"]
      }
    },
    {
      "type": "Feature",
      "properties": {
        "description": "North Calabria"
      },
      "geometry": {
        "type": "Point",
        "coordinates": ["16.4637", "38.9151"]
      }
    },
    {
      "type": "Feature",
      "properties": {
        "description": "north east of Tehran"
      },
      "geometry": {
        "type": "Point",
        "coordinates": ["51.3890", "35.6892"]
      }
    },
    {
      "type": "Feature",
      "properties": {
        "description": "north east Turkey"
      },
      "geometry": {
        "type": "Point",
        "coordinates": ["38.9600", "38.9637"]
      }
    },
    {
      "type": "Feature",
      "properties": {
        "description": "North Korean"
      },
      "geometry": {
        "type": "Point",
        "coordinates": ["126.0", "40.0"]
      }
    },
    {
      "type": "Feature",
      "properties": {
        "description": "north of Iran"
      },
      "geometry": {
        "type": "Point",
        "coordinates": ["54.4270", "32.4279"]
      }
    },
    {
      "type": "Feature",
      "properties": {
        "description": "north of Jordan"
      },
      "geometry": {
        "type": "Point",
        "coordinates": ["36.6810", "31.9522"]
      }
    },
    {
      "type": "Feature",
      "properties": {
        "description": "north of Khorramabad"
      },
      "geometry": {
        "type": "Point",
        "coordinates": ["48.3550", "33.4878"]
      }
    },
    {
      "type": "Feature",
      "properties": {
        "description": "North of Morocco"
      },
      "geometry": {
        "type": "Point",
        "coordinates": ["6.1013", "34.0596"]
      }
    },
    {
      "type": "Feature",
      "properties": {
        "description": "north of Pakistan"
      },
      "geometry": {
        "type": "Point",
        "coordinates": ["69.3451", "30.3753"]
      }
    },
    {
      "type": "Feature",
      "properties": {
        "description": "North of Setif"
      },
      "geometry": {
        "type": "Point",
        "coordinates": ["5.4009", "36.1877"]
      }
    },
    {
      "type": "Feature",
      "properties": {
        "description": "north of the Kermanshah Province"
      },
      "geometry": {
        "type": "Point",
        "coordinates": ["46.1943", "34.3142"]
      }
    },
    {
      "type": "Feature",
      "properties": {
        "description": "North Santa Cruz Mountains"
      },
      "geometry": {
        "type": "Point",
        "coordinates": ["122.2018", "37.2089"]
      }
    },
    {
      "type": "Feature",
      "properties": {
        "description": "North Sikkim"
      },
      "geometry": {
        "type": "Point",
        "coordinates": ["88.6412", "27.4907"]
      }
    },
    {
      "type": "Feature",
      "properties": {
        "description": "North Sikkim Himalayas"
      },
      "geometry": {
        "type": "Point",
        "coordinates": ["88.6420", "27.7172"]
      }
    },
    {
      "type": "Feature",
      "properties": {
        "description": "northeast - facing slopes of the Girne Mountains"
      },
      "geometry": {
        "type": "Point",
        "coordinates": ["33.3790", "35.3343"]
      }
    },
    {
      "type": "Feature",
      "properties": {
        "description": "northeast of France"
      },
      "geometry": {
        "type": "Point",
        "coordinates": ["3.9862", "48.7995"]
      }
    },
    {
      "type": "Feature",
      "properties": {
        "description": "northeast of Iran"
      },
      "geometry": {
        "type": "Point",
        "coordinates": ["58.8302", "36.6739"]
      }
    },
    {
      "type": "Feature",
      "properties": {
        "description": "northeast of the Yunnan - Guizhou Plateau of China"
      },
      "geometry": {
        "type": "Point",
        "coordinates": ["104.0488", "28.7333"]
      }
    },
    {
      "type": "Feature",
      "properties": {
        "description": "Northeast part of India"
      },
      "geometry": {
        "type": "Point",
        "coordinates": ["94.7679", "26.9124"]
      }
    },
    {
      "type": "Feature",
      "properties": {
        "description": "northeast part of Turkey"
      },
      "geometry": {
        "type": "Point",
        "coordinates": ["35.5134", "39.9334"]
      }
    },
    {
      "type": "Feature",
      "properties": {
        "description": "northeastern China"
      },
      "geometry": {
        "type": "Point",
        "coordinates": ["110.4578", "40.0722"]
      }
    },
    {
      "type": "Feature",
      "properties": {
        "description": "northeastern Chongqing"
      },
      "geometry": {
        "type": "Point",
        "coordinates": ["106.5344", "29.4316"]
      }
    },
    {
      "type": "Feature",
      "properties": {
        "description": "northeastern downstream of the Alishan catchment"
      },
      "geometry": {
        "type": "Point",
        "coordinates": ["120.8047", "23.5096"]
      }
    },
    {
      "type": "Feature",
      "properties": {
        "description": "northeastern Iran"
      },
      "geometry": {
        "type": "Point",
        "coordinates": ["54.3666", "33.5348"]
      }
    },
    {
      "type": "Feature",
      "properties": {
        "description": "northeastern part of Geling"
      },
      "geometry": {
        "type": "Point",
        "coordinates": ["102.7606", "23.0123"]
      }
    },
    {
      "type": "Feature",
      "properties": {
        "description": "northeastern part of Korea"
      },
      "geometry": {
        "type": "Point",
        "coordinates": ["127.7669", "37.6872"]
      }
    },
    {
      "type": "Feature",
      "properties": {
        "description": "northeastern region of India"
      },
      "geometry": {
        "type": "Point",
        "coordinates": ["92.9376", "23.7533"]
      }
    },
    {
      "type": "Feature",
      "properties": {
        "description": "Northeastern USA"
      },
      "geometry": {
        "type": "Point",
        "coordinates": ["74.0060", "40.7128"]
      }
    },
    {
      "type": "Feature",
      "properties": {
        "description": "northern Algeria"
      },
      "geometry": {
        "type": "Point",
        "coordinates": ["2.6336", "28.0339"]
      }
    },
    {
      "type": "Feature",
      "properties": {
        "description": "Northern Apennines of Italy"
      },
      "geometry": {
        "type": "Point",
        "coordinates": ["11.2550", "43.7711"]
      }
    },
    {
      "type": "Feature",
      "properties": {
        "description": "northern Caucasus"
      },
      "geometry": {
        "type": "Point",
        "coordinates": ["44.6994", "43.3196"]
      }
    },
    {
      "type": "Feature",
      "properties": {
        "description": "northern Chilean Patagonia"
      },
      "geometry": {
        "type": "Point",
        "coordinates": ["73.0480", "51.4575"]
      }
    },
    {
      "type": "Feature",
      "properties": {
        "description": "Northern China"
      },
      "geometry": {
        "type": "Point",
        "coordinates": ["116.4074", "39.9042"]
      }
    },
    {
      "type": "Feature",
      "properties": {
        "description": "Northern East Bay segment of the Hayward fault"
      },
      "geometry": {
        "type": "Point",
        "coordinates": ["122.2711", "37.8044"]
      }
    },
    {
      "type": "Feature",
      "properties": {
        "description": "northern foothills of the Swiss Alps"
      },
      "geometry": {
        "type": "Point",
        "coordinates": ["8.2275", "46.8182"]
      }
    },
    {
      "type": "Feature",
      "properties": {
        "description": "northern Himalayas"
      },
      "geometry": {
        "type": "Point",
        "coordinates": ["85.9000", "28.3949"]
      }
    },
    {
      "type": "Feature",
      "properties": {
        "description": "northern Iceland"
      },
      "geometry": {
        "type": "Point",
        "coordinates": ["19.0208", "64.9631"]
      }
    },
    {
      "type": "Feature",
      "properties": {
        "description": "northern Italian"
      },
      "geometry": {
        "type": "Point",
        "coordinates": ["12.4964", "41.9028"]
      }
    },
    {
      "type": "Feature",
      "properties": {
        "description": "northern Italy"
      },
      "geometry": {
        "type": "Point",
        "coordinates": ["11.3415", "44.4056"]
      }
    },
    {
      "type": "Feature",
      "properties": {
        "description": "northern Pakistan"
      },
      "geometry": {
        "type": "Point",
        "coordinates": ["74.3587", "35.7500"]
      }
    },
    {
      "type": "Feature",
      "properties": {
        "description": "northern part of Chania prefecture"
      },
      "geometry": {
        "type": "Point",
        "coordinates": ["23.9618", "35.4634"]
      }
    },
    {
      "type": "Feature",
      "properties": {
        "description": "northern part of Greece"
      },
      "geometry": {
        "type": "Point",
        "coordinates": ["22.4076", "39.0742"]
      }
    },
    {
      "type": "Feature",
      "properties": {
        "description": "northern part of the Pithoragarh district"
      },
      "geometry": {
        "type": "Point",
        "coordinates": ["80.1885", "29.3117"]
      }
    },
    {
      "type": "Feature",
      "properties": {
        "description": "northern part of the Tien Shan Range in Central Asia"
      },
      "geometry": {
        "type": "Point",
        "coordinates": ["78.0799", "42.8047"]
      }
    },
    {
      "type": "Feature",
      "properties": {
        "description": "Northern part of Uttarakhand"
      },
      "geometry": {
        "type": "Point",
        "coordinates": ["79.0193", "30.0668"]
      }
    },
    {
      "type": "Feature",
      "properties": {
        "description": "northern parts of Iran"
      },
      "geometry": {
        "type": "Point",
        "coordinates": ["53.6880", "32.4279"]
      }
    },
    {
      "type": "Feature",
      "properties": {
        "description": "northern Peloponnese"
      },
      "geometry": {
        "type": "Point",
        "coordinates": ["21.9375", "37.5630"]
      }
    },
    {
      "type": "Feature",
      "properties": {
        "description": "northern Rocky Mountains"
      },
      "geometry": {
        "type": "Point",
        "coordinates": ["116.2305", "45.2654"]
      }
    },
    {
      "type": "Feature",
      "properties": {
        "description": "northern slope of Mt. Changbai"
      },
      "geometry": {
        "type": "Point",
        "coordinates": ["127.7470", "42.3345"]
      }
    },
    {
      "type": "Feature",
      "properties": {
        "description": "northern Spain"
      },
      "geometry": {
        "type": "Point",
        "coordinates": ["3.7492", "40.4637"]
      }
    },
    {
      "type": "Feature",
      "properties": {
        "description": "northern stretch of the Arun watershed in East Nepal"
      },
      "geometry": {
        "type": "Point",
        "coordinates": ["87.4068", "27.7881"]
      }
    },
    {
      "type": "Feature",
      "properties": {
        "description": "northern Thailand"
      },
      "geometry": {
        "type": "Point",
        "coordinates": ["100.9925", "15.8700"]
      }
    },
    {
      "type": "Feature",
      "properties": {
        "description": "northern Turkey"
      },
      "geometry": {
        "type": "Point",
        "coordinates": ["35.2433", "38.9637"]
      }
    },
    {
      "type": "Feature",
      "properties": {
        "description": "northern Vietnam"
      },
      "geometry": {
        "type": "Point",
        "coordinates": ["105.3188", "21.0285"]
      }
    },
    {
      "type": "Feature",
      "properties": {
        "description": "Northridge"
      },
      "geometry": {
        "type": "Point",
        "coordinates": ["118.5374", "34.2358"]
      }
    },
    {
      "type": "Feature",
      "properties": {
        "description": "northwest China"
      },
      "geometry": {
        "type": "Point",
        "coordinates": ["86.9023", "40.4637"]
      }
    },
    {
      "type": "Feature",
      "properties": {
        "description": "northwest mountain areas of Yunnan province of China"
      },
      "geometry": {
        "type": "Point",
        "coordinates": ["100.9736", "26.2004"]
      }
    },
    {
      "type": "Feature",
      "properties": {
        "description": "Northwest of Qingliang Town"
      },
      "geometry": {
        "type": "Point",
        "coordinates": ["105.0", "37.0"]
      }
    },
    {
      "type": "Feature",
      "properties": {
        "description": "Northwest region and the"
      },
      "geometry": {
        "type": "Point",
        "coordinates": ["104.0", "38.0"]
      }
    },
    {
      "type": "Feature",
      "properties": {
        "description": "Northwest region of Viet Nam"
      },
      "geometry": {
        "type": "Point",
        "coordinates": ["105.0", "21.0"]
      }
    },
    {
      "type": "Feature",
      "properties": {
        "description": "Northwest Tasmania in Australia"
      },
      "geometry": {
        "type": "Point",
        "coordinates": ["146.0", "-42.0"]
      }
    },
    {
      "type": "Feature",
      "properties": {
        "description": "Northwest Territories"
      },
      "geometry": {
        "type": "Point",
        "coordinates": ["-122.7207", "64.8255"]
      }
    },
    {
      "type": "Feature",
      "properties": {
        "description": "Northwestern and the north of Iran"
      },
      "geometry": {
        "type": "Point",
        "coordinates": ["47.0", "35.0"]
      }
    },
    {
      "type": "Feature",
      "properties": {
        "description": "Northwestern coast of Malta"
      },
      "geometry": {
        "type": "Point",
        "coordinates": ["14.5", "35.9"]
      }
    },
    {
      "type": "Feature",
      "properties": {
        "description": "Northwestern Ethiopia"
      },
      "geometry": {
        "type": "Point",
        "coordinates": ["37.5", "12.5"]
      }
    },
    {
      "type": "Feature",
      "properties": {
        "description": "Northwestern Fars province of Iran"
      },
      "geometry": {
        "type": "Point",
        "coordinates": ["51.0", "30.5"]
      }
    },
    {
      "type": "Feature",
      "properties": {
        "description": "Northwestern flank of La Fossa Cone on the island of Vulcano"
      },
      "geometry": {
        "type": "Point",
        "coordinates": ["14.9", "38.4"]
      }
    },
    {
      "type": "Feature",
      "properties": {
        "description": "Northwestern Italy"
      },
      "geometry": {
        "type": "Point",
        "coordinates": ["8.0", "45.0"]
      }
    },
    {
      "type": "Feature",
      "properties": {
        "description": "Northwestern part of Muzaffarabad"
      },
      "geometry": {
        "type": "Point",
        "coordinates": ["73.5", "34.5"]
      }
    },
    {
      "type": "Feature",
      "properties": {
        "description": "Northwestern Saudi Arabia"
      },
      "geometry": {
        "type": "Point",
        "coordinates": ["40.0", "26.5"]
      }
    },
    {
      "type": "Feature",
      "properties": {
        "description": "Northwestern Tunisia"
      },
      "geometry": {
        "type": "Point",
        "coordinates": ["9.5", "37.0"]
      }
    },
    {
      "type": "Feature",
      "properties": {
        "description": "NW - Iran"
      },
      "geometry": {
        "type": "Point",
        "coordinates": ["48.0", "32.0"]
      }
    },
    {
      "type": "Feature",
      "properties": {
        "description": "NW China"
      },
      "geometry": {
        "type": "Point",
        "coordinates": ["91.0", "36.0"]
      }
    },
    {
      "type": "Feature",
      "properties": {
        "description": "NW Himalaya"
      },
      "geometry": {
        "type": "Point",
        "coordinates": ["82.5", "35.0"]
      }
    },
    {
      "type": "Feature",
      "properties": {
        "description": "NW Himalayas"
      },
      "geometry": {
        "type": "Point",
        "coordinates": ["80.0", "34.5"]
      }
    },
    {
      "type": "Feature",
      "properties": {
        "description": "NW Italy"
      },
      "geometry": {
        "type": "Point",
        "coordinates": ["7.0", "45.0"]
      }
    },
    {
      "type": "Feature",
      "properties": {
        "description": "NW Shiraz"
      },
      "geometry": {
        "type": "Point",
        "coordinates": ["51.0", "29.5"]
      }
    },
    {
      "type": "Feature",
      "properties": {
        "description": "NW slopes of Fruska GoraMountain"
      },
      "geometry": {
        "type": "Point",
        "coordinates": ["19.5", "45.0"]
      }
    },
    {
      "type": "Feature",
      "properties": {
        "description": "NW Turkey"
      },
      "geometry": {
        "type": "Point",
        "coordinates": ["31.0791", "41.0082"]
      }
    },
    {
      "type": "Feature",
      "properties": {
        "description": "Nyingchi"
      },
      "geometry": {
        "type": "Point",
        "coordinates": ["94.3616", "29.4316"]
      }
    },
    {
      "type": "Feature",
      "properties": {
        "description": "Parts of Punch district"
      },
      "geometry": {
        "type": "Point",
        "coordinates": ["75.5", "33.5"]
      }
    },
    {
      "type": "Feature",
      "properties": {
        "description": "Okharpauwa"
      },
      "geometry": {
        "type": "Point",
        "coordinates": ["85.3333", "28.1833"]
      }
    },
    {
      "type": "Feature",
      "properties": {
        "description": "Olympic ski - jump complex"
      },
      "geometry": {
        "type": "Point",
        "coordinates": ["27.5111", "54.7436"]
      }
    },
    {
      "type": "Feature",
      "properties": {
        "description": "Oregon"
      },
      "geometry": {
        "type": "Point",
        "coordinates": ["120.7392", "43.8041"]
      }
    },
    {
      "type": "Feature",
      "properties": {
        "description": "Oregon Coast Range"
      },
      "geometry": {
        "type": "Point",
        "coordinates": ["123.8006", "44.6431"]
      }
    },
    {
      "type": "Feature",
      "properties": {
        "description": "Oregon Department"
      },
      "geometry": {
        "type": "Point",
        "coordinates": ["123.1774", "44.5646"]
      }
    },
    {
      "type": "Feature",
      "properties": {
        "description": "Oshvand watershed"
      },
      "geometry": {
        "type": "Point",
        "coordinates": ["46.5640", "39.4380"]
      }
    },
    {
      "type": "Feature",
      "properties": {
        "description": "Owsley County"
      },
      "geometry": {
        "type": "Point",
        "coordinates": ["83.9167", "37.4333"]
      }
    },
    {
      "type": "Feature",
      "properties": {
        "description": "Pacific Rim"
      },
      "geometry": {
        "type": "Point",
        "coordinates": ["126.9135", "53.7267"]
      }
    },
    {
      "type": "Feature",
      "properties": {
        "description": "Pahuatlan"
      },
      "geometry": {
        "type": "Point",
        "coordinates": ["98.0833", "20.2000"]
      }
    },
    {
      "type": "Feature",
      "properties": {
        "description": "Paipu - Yongning and Daduan - Guqiao Towns"
      },
      "geometry": {
        "type": "Point",
        "coordinates": ["107.9975", "27.6481"]
      }
    },
    {
      "type": "Feature",
      "properties": {
        "description": "Pakistan"
      },
      "geometry": {
        "type": "Point",
        "coordinates": ["69.3451", "30.3753"]
      }
    },
    {
      "type": "Feature",
      "properties": {
        "description": "Paldau"
      },
      "geometry": {
        "type": "Point",
        "coordinates": ["15.7278", "46.9881"]
      }
    },
    {
      "type": "Feature",
      "properties": {
        "description": "Panchthar district"
      },
      "geometry": {
        "type": "Point",
        "coordinates": ["87.8167", "27.1833"]
      }
    },
    {
      "type": "Feature",
      "properties": {
        "description": "Pandras"
      },
      "geometry": {
        "type": "Point",
        "coordinates": ["72.6500", "31.1333"]
      }
    },
    {
      "type": "Feature",
      "properties": {
        "description": "Panzhihua - Huize section"
      },
      "geometry": {
        "type": "Point",
        "coordinates": ["101.3333", "26.4333"]
      }
    },
    {
      "type": "Feature",
      "properties": {
        "description": "PFZ"
      },
      "geometry": {
        "type": "Point",
        "coordinates": ["124.0", "10.5"]
      }
    },
    {
      "type": "Feature",
      "properties": {
        "description": "Passo della Morte"
      },
      "geometry": {
        "type": "Point",
        "coordinates": ["9.2833", "45.0500"]
      }
    },
    {
      "type": "Feature",
      "properties": {
        "description": "Patrick and Dawson - Chu Slide in North Vancouver"
      },
      "geometry": {
        "type": "Point",
        "coordinates": ["123.0723", "49.3166"]
      }
    },
    {
      "type": "Feature",
      "properties": {
        "description": "Pauri Garhwal district"
      },
      "geometry": {
        "type": "Point",
        "coordinates": ["78.7746", "30.1588"]
      }
    },
    {
      "type": "Feature",
      "properties": {
        "description": "Payette River"
      },
      "geometry": {
        "type": "Point",
        "coordinates": ["116.9230", "44.0885"]
      }
    },
    {
      "type": "Feature",
      "properties": {
        "description": "Pays de Herve"
      },
      "geometry": {
        "type": "Point",
        "coordinates": ["5.7293", "50.6261"]
      }
    },
    {
      "type": "Feature",
      "properties": {
        "description": "Pearl River Delta"
      },
      "geometry": {
        "type": "Point",
        "coordinates": ["113.3222", "22.3193"]
      }
    },
    {
      "type": "Feature",
      "properties": {
        "description": "Pechabun"
      },
      "geometry": {
        "type": "Point",
        "coordinates": ["101.1589", "16.2506"]
      }
    },
    {
      "type": "Feature",
      "properties": {
        "description": "Peloponnese"
      },
      "geometry": {
        "type": "Point",
        "coordinates": ["21.8182", "37.2982"]
      }
    },
    {
      "type": "Feature",
      "properties": {
        "description": "Peloponnese peninsula"
      },
      "geometry": {
        "type": "Point",
        "coordinates": ["22.0000", "37.5000"]
      }
    },
    {
      "type": "Feature",
      "properties": {
        "description": "Peloritani range"
      },
      "geometry": {
        "type": "Point",
        "coordinates": ["15.4317", "38.1500"]
      }
    },
    {
      "type": "Feature",
      "properties": {
        "description": "Pemalang"
      },
      "geometry": {
        "type": "Point",
        "coordinates": ["109.3927", "7.0560"]
      }
    },
    {
      "type": "Feature",
      "properties": {
        "description": "Penang in Malaysia"
      },
      "geometry": {
        "type": "Point",
        "coordinates": ["100.3354", "5.2916"]
      }
    },
    {
      "type": "Feature",
      "properties": {
        "description": "Penang Island"
      },
      "geometry": {
        "type": "Point",
        "coordinates": ["100.3089", "5.4164"]
      }
    },
    {
      "type": "Feature",
      "properties": {
        "description": "Penang Island of Malaysia"
      },
      "geometry": {
        "type": "Point",
        "coordinates": ["100.3354", "5.2916"]
      }
    },
    {
      "type": "Feature",
      "properties": {
        "description": "Pengshui"
      },
      "geometry": {
        "type": "Point",
        "coordinates": ["108.3969", "28.3315"]
      }
    },
    {
      "type": "Feature",
      "properties": {
        "description": "Pengyang County"
      },
      "geometry": {
        "type": "Point",
        "coordinates": ["106.6406", "35.4693"]
      }
    },
    {
      "type": "Feature",
      "properties": {
        "description": "Peninsular Malaysia"
      },
      "geometry": {
        "type": "Point",
        "coordinates": ["102.2551", "4.2105"]
      }
    },
    {
      "type": "Feature",
      "properties": {
        "description": "Perez Zeledon"
      },
      "geometry": {
        "type": "Point",
        "coordinates": ["83.7351", "9.4252"]
      }
    },
    {
      "type": "Feature",
      "properties": {
        "description": "Peru"
      },
      "geometry": {
        "type": "Point",
        "coordinates": ["75.0152", "9.1898"]
      }
    },
    {
      "type": "Feature",
      "properties": {
        "description": "Petacciato"
      },
      "geometry": {
        "type": "Point",
        "coordinates": ["14.9889", "41.9622"]
      }
    },
    {
      "type": "Feature",
      "properties": {
        "description": "Phuentsholing Thimphu highway"
      },
      "geometry": {
        "type": "Point",
        "coordinates": ["89.6", "26.9"]
      }
    },
    {
      "type": "Feature",
      "properties": {
        "description": "Philippines"
      },
      "geometry": {
        "type": "Point",
        "coordinates": ["122.8765", "11.8090"]
      }
    },
    {
      "type": "Feature",
      "properties": {
        "description": "Phu Chifa at Thoeng District"
      },
      "geometry": {
        "type": "Point",
        "coordinates": ["100.9524", "19.3702"]
      }
    },
    {
      "type": "Feature",
      "properties": {
        "description": "Phuentsholing"
      },
      "geometry": {
        "type": "Point",
        "coordinates": ["89.1066", "26.8484"]
      }
    },
    {
      "type": "Feature",
      "properties": {
        "description": "Pistoia and Prato"
      },
      "geometry": {
        "type": "Point",
        "coordinates": ["10.9", "43.9"]
      }
    },
    {
      "type": "Feature",
      "properties": {
        "description": "Piedmont"
      },
      "geometry": {
        "type": "Point",
        "coordinates": ["8.0633", "45.0732"]
      }
    },
    {
      "type": "Feature",
      "properties": {
        "description": "Pinggu district"
      },
      "geometry": {
        "type": "Point",
        "coordinates": ["117.1367", "40.1670"]
      }
    },
    {
      "type": "Feature",
      "properties": {
        "description": "Pingwu County"
      },
      "geometry": {
        "type": "Point",
        "coordinates": ["103.8297", "32.7493"]
      }
    },
    {
      "type": "Feature",
      "properties": {
        "description": "Pinios artificial lake"
      },
      "geometry": {
        "type": "Point",
        "coordinates": ["22.4310", "39.6352"]
      }
    },
    {
      "type": "Feature",
      "properties": {
        "description": "Pistoia"
      },
      "geometry": {
        "type": "Point",
        "coordinates": ["10.9137", "43.9369"]
      }
    },
    {
      "type": "Feature",
      "properties": {
        "description": "Pistoia and Prato"
      },
      "geometry": {
        "type": "Point",
        "coordinates": ["10.9", "43.9"]
      }
    },
    {
      "type": "Feature",
      "properties": {
        "description": "Pithoragarh"
      },
      "geometry": {
        "type": "Point",
        "coordinates": ["80.2254", "29.5820"]
      }
    },
    {
      "type": "Feature",
      "properties": {
        "description": "Pithoragarh district"
      },
      "geometry": {
        "type": "Point",
        "coordinates": ["80.2261", "29.7319"]
      }
    },
    {
      "type": "Feature",
      "properties": {
        "description": "Pithoragarh region along a National Highway"
      },
      "geometry": {
        "type": "Point",
        "coordinates": ["80.2", "29.6"]
      }
    },
    {
      "type": "Feature",
      "properties": {
        "description": "Plan / profile curvature"
      },
      "geometry": {
        "type": "Point",
        "coordinates": ["0.0", "0.0"]
      }
    },
    {
      "type": "Feature",
      "properties": {
        "description": "Pohang and Gyeongju Cities"
      },
      "geometry": {
        "type": "Point",
        "coordinates": ["129.4", "35.9"]
      }
    },
    {
      "type": "Feature",
      "properties": {
        "description": "Ponorogo"
      },
      "geometry": {
        "type": "Point",
        "coordinates": ["111.4780", "-7.8631"]
      }
    },
    {
      "type": "Feature",
      "properties": {
        "description": "Poonjar - Thekkekara"
      },
      "geometry": {
        "type": "Point",
        "coordinates": ["76.8", "9.5"]
      }
    },
    {
      "type": "Feature",
      "properties": {
        "description": "Porto Alegre"
      },
      "geometry": {
        "type": "Point",
        "coordinates": ["-51.2177", "-30.0346"]
      }
    },
    {
      "type": "Feature",
      "properties": {
        "description": "Portofino promontory"
      },
      "geometry": {
        "type": "Point",
        "coordinates": ["9.1934", "44.3111"]
      }
    },
    {
      "type": "Feature",
      "properties": {
        "description": "Portugal mainland"
      },
      "geometry": {
        "type": "Point",
        "coordinates": ["8.2245", "39.3999"]
      }
    },
    {
      "type": "Feature",
      "properties": {
        "description": "Portuguese"
      },
      "geometry": {
        "type": "Point",
        "coordinates": ["-8.0", "39.5"]
      }
    },
    {
      "type": "Feature",
      "properties": {
        "description": "Potenza"
      },
      "geometry": {
        "type": "Point",
        "coordinates": ["15.8051", "40.6426"]
      }
    },
    {
      "type": "Feature",
      "properties": {
        "description": "Prahova River in the Curvature Subcarpathians"
      },
      "geometry": {
        "type": "Point",
        "coordinates": ["26.0667", "45.3036"]
      }
    },
    {
      "type": "Feature",
      "properties": {
        "description": "Precipitation indices"
      },
      "geometry": {
        "type": "Point",
        "coordinates": ["0.0", "0.0"]
      }
    },
    {
      "type": "Feature",
      "properties": {
        "description": "Probability model"
      },
      "geometry": {
        "type": "Point",
        "coordinates": ["0.0", "0.0"]
      }
    },
    {
      "type": "Feature",
      "properties": {
        "description": "Province"
      },
      "geometry": {
        "type": "Point",
        "coordinates": ["0.0", "0.0"]
      }
    },
    {
      "type": "Feature",
      "properties": {
        "description": "Province of Lower Austria"
      },
      "geometry": {
        "type": "Point",
        "coordinates": ["14.5", "48.2"]
      }
    },
    {
      "type": "Feature",
      "properties": {
        "description": "Provo Canyon in Utah"
      },
      "geometry": {
        "type": "Point",
        "coordinates": ["-111.5", "40.2"]
      }
    },
    {
      "type": "Feature",
      "properties": {
        "description": "Puebla"
      },
      "geometry": {
        "type": "Point",
        "coordinates": ["98.1862", "19.0413"]
      }
    },
    {
      "type": "Feature",
      "properties": {
        "description": "Puget Sound area of Washington State"
      },
      "geometry": {
        "type": "Point",
        "coordinates": ["122.8148", "47.6062"]
      }
    },
    {
      "type": "Feature",
      "properties": {
        "description": "Pulung sub-district"
      },
      "geometry": {
        "type": "Point",
        "coordinates": ["112.7726", "22.7072"]
      }
    },
    {
      "type": "Feature",
      "properties": {
        "description": "Purwosari"
      },
      "geometry": {
        "type": "Point",
        "coordinates": ["110.1278", "7.3528"]
      }
    },
    {
      "type": "Feature",
      "properties": {
        "description": "Pusa in western Guizhou Province"
      },
      "geometry": {
        "type": "Point",
        "coordinates": ["105.9833", "26.0019"]
      }
    },
    {
      "type": "Feature",
      "properties": {
        "description": "Pyeong - Chang"
      },
      "geometry": {
        "type": "Point",
        "coordinates": ["128.3925", "37.3705"]
      }
    },
    {
      "type": "Feature",
      "properties": {
        "description": "Pyeongchang - gun"
      },
      "geometry": {
        "type": "Point",
        "coordinates": ["128.3894", "37.3705"]
      }
    },
    {
      "type": "Feature",
      "properties": {
        "description": "Pyungchang area of Korea"
      },
      "geometry": {
        "type": "Point",
        "coordinates": ["128.3925", "37.3705"]
      }
    },
    {
      "type": "Feature",
      "properties": {
        "description": "Qaemshahr area in northern Iran"
      },
      "geometry": {
        "type": "Point",
        "coordinates": ["52.8565", "36.4636"]
      }
    },
    {
      "type": "Feature",
      "properties": {
        "description": "Qazvin Province"
      },
      "geometry": {
        "type": "Point",
        "coordinates": ["49.7119", "36.2704"]
      }
    },
    {
      "type": "Feature",
      "properties": {
        "description": "Qazvin province - N Iran"
      },
      "geometry": {
        "type": "Point",
        "coordinates": ["49.0", "36.3"]
      }
    },
    {
      "type": "Feature",
      "properties": {
        "description": "Qianjiangping"
      },
      "geometry": {
        "type": "Point",
        "coordinates": ["110.3400", "33.0000"]
      }
    },
    {
      "type": "Feature",
      "properties": {
        "description": "Qianyang County of Baoji city"
      },
      "geometry": {
        "type": "Point",
        "coordinates": ["107.5260", "33.7833"]
      }
    },
    {
      "type": "Feature",
      "properties": {
        "description": "Qilihe District in Lanzhou City of northwestern China"
      },
      "geometry": {
        "type": "Point",
        "coordinates": ["103.8406", "36.0702"]
      }
    },
    {
      "type": "Feature",
      "properties": {
        "description": "Qin Mountain"
      },
      "geometry": {
        "type": "Point",
        "coordinates": ["113.6000", "34.5000"]
      }
    },
    {
      "type": "Feature",
      "properties": {
        "description": "Qingchuan County"
      },
      "geometry": {
        "type": "Point",
        "coordinates": ["104.1942", "32.5811"]
      }
    },
    {
      "type": "Feature",
      "properties": {
        "description": "Qingchuan County of Sichuan Province"
      },
      "geometry": {
        "type": "Point",
        "coordinates": ["104.1942", "32.5811"]
      }
    },
    {
      "type": "Feature",
      "properties": {
        "description": "Qinggan River delta"
      },
      "geometry": {
        "type": "Point",
        "coordinates": ["123.9456", "41.1432"]
      }
    },
    {
      "type": "Feature",
      "properties": {
        "description": "Qinghai"
      },
      "geometry": {
        "type": "Point",
        "coordinates": ["96.3942", "35.7518"]
      }
    },
    {
      "type": "Feature",
      "properties": {
        "description": "Qinghai - Tibet"
      },
      "geometry": {
        "type": "Point",
        "coordinates": ["87.3900", "31.8070"]
      }
    },
    {
      "type": "Feature",
      "properties": {
        "description": "Qinghai - Tibet Plateau"
      },
      "geometry": {
        "type": "Point",
        "coordinates": ["85.6796", "32.3329"]
      }
    },
    {
      "type": "Feature",
      "properties": {
        "description": "Qinghai - Tibet Plateau , loess Plateau and Sichuan Basin"
      },
      "geometry": {
        "type": "Point",
        "coordinates": ["101.9846", "33.5520"]
      }
    },
    {
      "type": "Feature",
      "properties": {
        "description": "Qingliangfeng"
      },
      "geometry": {
        "type": "Point",
        "coordinates": ["108.0421", "27.7341"]
      }
    },
    {
      "type": "Feature",
      "properties": {
        "description": "Qingshui River Basin"
      },
      "geometry": {
        "type": "Point",
        "coordinates": ["106.7784", "34.4583"]
      }
    },
    {
      "type": "Feature",
      "properties": {
        "description": "Qingshui River watershed"
      },
      "geometry": {
        "type": "Point",
        "coordinates": ["106.7784", "34.4583"]
      }
    },
    {
      "type": "Feature",
      "properties": {
        "description": "Qinzhou"
      },
      "geometry": {
        "type": "Point",
        "coordinates": ["108.6314", "21.9163"]
      }
    },
    {
      "type": "Feature",
      "properties": {
        "description": "QTP"
      },
      "geometry": {
        "type": "Point",
        "coordinates": ["88.3393", "29.2089"]
      }
    },
    {
      "type": "Feature",
      "properties": {
        "description": "Quang Nam"
      },
      "geometry": {
        "type": "Point",
        "coordinates": ["108.5745", "14.9533"]
      }
    },
    {
      "type": "Feature",
      "properties": {
        "description": "Quang Ninh province"
      },
      "geometry": {
        "type": "Point",
        "coordinates": ["107.3453", "21.1069"]
      }
    },
    {
      "type": "Feature",
      "properties": {
        "description": "Quanzhou district"
      },
      "geometry": {
        "type": "Point",
        "coordinates": ["118.5858", "24.8799"]
      }
    },
    {
      "type": "Feature",
      "properties": {
        "description": "Quitandinha river basin region in the municipality of Petr polis"
      },
      "geometry": {
        "type": "Point",
        "coordinates": ["43.1688", "22.5167"]
      }
    },
    {
      "type": "Feature",
      "properties": {
        "description": "Quito"
      },
      "geometry": {
        "type": "Point",
        "coordinates": ["78.4678", "0.1807"]
      }
    },
    {
      "type": "Feature",
      "properties": {
        "description": "railway test site located in northern England"
      },
      "geometry": {
        "type": "Point",
        "coordinates": ["1.5033", "53.2911"]
      }
    },
    {
      "type": "Feature",
      "properties": {
        "description": "Rainfall"
      },
      "geometry": {
        "type": "Point",
        "coordinates": ["0.0", "0.0"]
      }
    },
    {
      "type": "Feature",
      "properties": {
        "description": "Ramganga catchment"
      },
      "geometry": {
        "type": "Point",
        "coordinates": ["79.6055", "29.5812"]
      }
    },
    {
      "type": "Feature",
      "properties": {
        "description": "Rangamati District"
      },
      "geometry": {
        "type": "Point",
        "coordinates": ["92.3165", "22.6066"]
      }
    },
    {
      "type": "Feature",
      "properties": {
        "description": "Rangamati district in Bangladesh"
      },
      "geometry": {
        "type": "Point",
        "coordinates": ["92.3165", "22.6066"]
      }
    },
    {
      "type": "Feature",
      "properties": {
        "description": "Rangamati municipality of Rangamati district"
      },
      "geometry": {
        "type": "Point",
        "coordinates": ["92.3165", "22.6066"]
      }
    },
    {
      "type": "Feature",
      "properties": {
        "description": "Rangpo River Basin"
      },
      "geometry": {
        "type": "Point",
        "coordinates": ["88.6348", "27.6305"]
      }
    },
    {
      "type": "Feature",
      "properties": {
        "description": "Ratnapura District"
      },
      "geometry": {
        "type": "Point",
        "coordinates": ["80.5300", "6.7051"]
      }
    },
    {
      "type": "Feature",
      "properties": {
        "description": "Ravi river catchment"
      },
      "geometry": {
        "type": "Point",
        "coordinates": ["72.6834", "31.7480"]
      }
    },
    {
      "type": "Feature",
      "properties": {
        "description": "Reggio Calabria metropolitan"
      },
      "geometry": {
        "type": "Point",
        "coordinates": ["15.5504", "38.1147"]
      }
    },
    {
      "type": "Feature",
      "properties": {
        "description": "Republic of Croatia"
      },
      "geometry": {
        "type": "Point",
        "coordinates": ["16.1542", "45.1000"]
      }
    },
    {
      "type": "Feature",
      "properties": {
        "description": "reservoir in Xinjiang"
      },
      "geometry": {
        "type": "Point",
        "coordinates": ["86.0411", "40.0336"]
      }
    },
    {
      "type": "Feature",
      "properties": {
        "description": "reservoir region of the Three Gorges project"
      },
      "geometry": {
        "type": "Point",
        "coordinates": ["110.9773", "30.8241"]
      }
    },
    {
      "type": "Feature",
      "properties": {
        "description": "Residential quarters along two flanks of the Yangtze River"
      },
      "geometry": {
        "type": "Point",
        "coordinates": ["118.0", "31.0"]
      }
    },
    {
      "type": "Feature",
      "properties": {
        "description": "Rheinhessen cuesta"
      },
      "geometry": {
        "type": "Point",
        "coordinates": ["8.0416", "49.8519"]
      }
    },
    {
      "type": "Feature",
      "properties": {
        "description": "Ribeira Grande"
      },
      "geometry": {
        "type": "Point",
        "coordinates": ["25.6099", "37.8215"]
      }
    },
    {
      "type": "Feature",
      "properties": {
        "description": "Rif"
      },
      "geometry": {
        "type": "Point",
        "coordinates": ["5.9142", "34.9904"]
      }
    },
    {
      "type": "Feature",
      "properties": {
        "description": "Rinchending Goenpa"
      },
      "geometry": {
        "type": "Point",
        "coordinates": ["89.2059", "27.5221"]
      }
    },
    {
      "type": "Feature",
      "properties": {
        "description": "Rio de Janeiro"
      },
      "geometry": {
        "type": "Point",
        "coordinates": ["-43.2", "-22.9"]
      }
    },
    {
      "type": "Feature",
      "properties": {
        "description": "Rio de Janeiro city"
      },
      "geometry": {
        "type": "Point",
        "coordinates": ["43.1729", "22.9068"]
      }
    },
    {
      "type": "Feature",
      "properties": {
        "description": "Rio El Estado watershed on the southwestern flank of Pico de Orizaba volcano"
      },
      "geometry": {
        "type": "Point",
        "coordinates": ["97.2633", "18.8397"]
      }
    },
    {
      "type": "Feature",
      "properties": {
        "description": "Rio Grande do Norte state"
      },
      "geometry": {
        "type": "Point",
        "coordinates": ["35.2094", "5.7945"]
      }
    },
    {
      "type": "Feature",
      "properties": {
        "description": "river basin of Kelantan"
      },
      "geometry": {
        "type": "Point",
        "coordinates": ["102.3516", "6.1257"]
      }
    },
    {
      "type": "Feature",
      "properties": {
        "description": "River Coca"
      },
      "geometry": {
        "type": "Point",
        "coordinates": ["77.0902", "0.2551"]
      }
    },
    {
      "type": "Feature",
      "properties": {
        "description": "Rize"
      },
      "geometry": {
        "type": "Point",
        "coordinates": ["40.5219", "41.0201"]
      }
    },
    {
      "type": "Feature",
      "properties": {
        "description": "Rize province"
      },
      "geometry": {
        "type": "Point",
        "coordinates": ["40.8111", "41.1512"]
      }
    },
    {
      "type": "Feature",
      "properties": {
        "description": "RM"
      },
      "geometry": {
        "type": "Point",
        "coordinates": ["101.8211", "3.0024"]
      }
    },
    {
      "type": "Feature",
      "properties": {
        "description": "road in Tun - Sardon area of Penang Island"
      },
      "geometry": {
        "type": "Point",
        "coordinates": ["100.2086", "5.4369"]
      }
    },
    {
      "type": "Feature",
      "properties": {
        "description": "road section connecting Marrakech and Ouarzazate"
      },
      "geometry": {
        "type": "Point",
        "coordinates": ["7.3998", "31.6258"]
      }
    },
    {
      "type": "Feature",
      "properties": {
        "description": "road section of Neelum Highway"
      },
      "geometry": {
        "type": "Point",
        "coordinates": ["74.3156", "34.4194"]
      }
    },
    {
      "type": "Feature",
      "properties": {
        "description": "road stretch in Uttarkashi district of the Uttarakhand State"
      },
      "geometry": {
        "type": "Point",
        "coordinates": ["78.4268", "30.7324"]
      }
    },
    {
      "type": "Feature",
      "properties": {
        "description": "Roads"
      },
      "geometry": {
        "type": "Point",
        "coordinates": ["0.0", "0.0"]
      }
    },
    {
      "type": "Feature",
      "properties": {
        "description": "Roccella torrent"
      },
      "geometry": {
        "type": "Point",
        "coordinates": ["15.1019", "38.1291"]
      }
    },
    {
      "type": "Feature",
      "properties": {
        "description": "Roccella Valdemone"
      },
      "geometry": {
        "type": "Point",
        "coordinates": ["14.8898", "37.9025"]
      }
    },
    {
      "type": "Feature",
      "properties": {
        "description": "rock slope located in central Italy"
      },
      "geometry": {
        "type": "Point",
        "coordinates": ["12.6836", "42.0282"]
      }
    },
    {
      "type": "Feature",
      "properties": {
        "description": "Rolante river basin"
      },
      "geometry": {
        "type": "Point",
        "coordinates": ["50.6253", "29.3092"]
      }
    },
    {
      "type": "Feature",
      "properties": {
        "description": "Romania"
      },
      "geometry": {
        "type": "Point",
        "coordinates": ["24.9668", "45.9432"]
      }
    },
    {
      "type": "Feature",
      "properties": {
        "description": "Romanian"
      },
      "geometry": {
        "type": "Point",
        "coordinates": ["24.0", "45.0"]
      }
    },
    {
      "type": "Feature",
      "properties": {
        "description": "Rome"
      },
      "geometry": {
        "type": "Point",
        "coordinates": ["12.4964", "41.9028"]
      }
    },
    {
      "type": "Feature",
      "properties": {
        "description": "Rorachu river basin"
      },
      "geometry": {
        "type": "Point",
        "coordinates": ["88.5515", "27.3398"]
      }
    },
    {
      "type": "Feature",
      "properties": {
        "description": "Rorachu river basin of eastern Sikkim Himalaya"
      },
      "geometry": {
        "type": "Point",
        "coordinates": ["88.4667", "27.3333"]
      }
    },
    {
      "type": "Feature",
      "properties": {
        "description": "Roudbar"
      },
      "geometry": {
        "type": "Point",
        "coordinates": ["50.3087", "36.2054"]
      }
    },
    {
      "type": "Feature",
      "properties": {
        "description": "Roudbar - Manjil"
      },
      "geometry": {
        "type": "Point",
        "coordinates": ["51.3431", "36.5133"]
      }
    },
    {
      "type": "Feature",
      "properties": {
        "description": "Rudraprayag district"
      },
      "geometry": {
        "type": "Point",
        "coordinates": ["79.3175", "30.3039"]
      }
    },
    {
      "type": "Feature",
      "properties": {
        "description": "Rudraprayag district of Garhwal Himalaya"
      },
      "geometry": {
        "type": "Point",
        "coordinates": ["79.3175", "30.3039"]
      }
    },
    {
      "type": "Feature",
      "properties": {
        "description": "Rudraprayag district of Uttarakhand state"
      },
      "geometry": {
        "type": "Point",
        "coordinates": ["79.3175", "30.3039"]
      }
    },
    {
      "type": "Feature",
      "properties": {
        "description": "Rudraprayag in Garhwal Himalayan"
      },
      "geometry": {
        "type": "Point",
        "coordinates": ["79.3175", "30.3039"]
      }
    },
    {
      "type": "Feature",
      "properties": {
        "description": "Rugged mountainous terrain of Shigar and Shyok Basins in northern areas of Pakistan"
      },
      "geometry": {
        "type": "Point",
        "coordinates": ["75.6", "35.3"]
      }
    },
    {
      "type": "Feature",
      "properties": {
        "description": "Rugged terrain of northern Pakistan"
      },
      "geometry": {
        "type": "Point",
        "coordinates": ["74.5", "35.0"]
      }
    },
    {
      "type": "Feature",
      "properties": {
        "description": "Ruijin"
      },
      "geometry": {
        "type": "Point",
        "coordinates": ["116.0167", "25.8833"]
      }
    },
    {
      "type": "Feature",
      "properties": {
        "description": "Ruijin City"
      },
      "geometry": {
        "type": "Point",
        "coordinates": ["116.0167", "25.8833"]
      }
    },
    {
      "type": "Feature",
      "properties": {
        "description": "Ruijin City in China"
      },
      "geometry": {
        "type": "Point",
        "coordinates": ["116.0", "25.5"]
      }
    },
    {
      "type": "Feature",
      "properties": {
        "description": "Ruijin County of China"
      },
      "geometry": {
        "type": "Point",
        "coordinates": ["116.0167", "25.8833"]
      }
    },
    {
      "type": "Feature",
      "properties": {
        "description": "Rumphi district of northern Malawi"
      },
      "geometry": {
        "type": "Point",
        "coordinates": ["34.8671", "-11.0175"]
      }
    },
    {
      "type": "Feature",
      "properties": {
        "description": "Rutki"
      },
      "geometry": {
        "type": "Point",
        "coordinates": ["21.7083", "52.5538"]
      }
    },
    {
      "type": "Feature",
      "properties": {
        "description": "Rwanda"
      },
      "geometry": {
        "type": "Point",
        "coordinates": ["29.8739", "-1.9403"]
      }
    },
    {
      "type": "Feature",
      "properties": {
        "description": "Rwenzori Mountains"
      },
      "geometry": {
        "type": "Point",
        "coordinates": ["29.88", "0.383"]
      }
    },
    {
      "type": "Feature",
      "properties": {
        "description": "S. Miguel Island"
      },
      "geometry": {
        "type": "Point",
        "coordinates": ["25.583", "37.7667"]
      }
    },
    {
      "type": "Feature",
      "properties": {
        "description": "Sa Pa district"
      },
      "geometry": {
        "type": "Point",
        "coordinates": ["103.8451", "22.3364"]
      }
    },
    {
      "type": "Feature",
      "properties": {
        "description": "Sabah"
      },
      "geometry": {
        "type": "Point",
        "coordinates": ["116.1094", "5.9788"]
      }
    },
    {
      "type": "Feature",
      "properties": {
        "description": "Sacheon - myeon area of South Korea"
      },
      "geometry": {
        "type": "Point",
        "coordinates": ["128.0566", "34.5586"]
      }
    },
    {
      "type": "Feature",
      "properties": {
        "description": "Sairi villages"
      },
      "geometry": {
        "type": "Point",
        "coordinates": ["44.5181", "36.4766"]
      }
    },
    {
      "type": "Feature",
      "properties": {
        "description": "Sajarood basin"
      },
      "geometry": {
        "type": "Point",
        "coordinates": ["51.7334", "30.7313"]
      }
    },
    {
      "type": "Feature",
      "properties": {
        "description": "Sajaroud"
      },
      "geometry": {
        "type": "Point",
        "coordinates": ["51.7167", "30.5000"]
      }
    },
    {
      "type": "Feature",
      "properties": {
        "description": "Salem district"
      },
      "geometry": {
        "type": "Point",
        "coordinates": ["78.1528", "11.6622"]
      }
    },
    {
      "type": "Feature",
      "properties": {
        "description": "Salhoub and Gaza camp"
      },
      "geometry": {
        "type": "Point",
        "coordinates": ["35.1717", "31.5016"]
      }
    },
    {
      "type": "Feature",
      "properties": {
        "description": "Samdrup Jongkhar - Trashigang highway in eastern Bhutan"
      },
      "geometry": {
        "type": "Point",
        "coordinates": ["91.8296", "27.2583"]
      }
    },
    {
      "type": "Feature",
      "properties": {
        "description": "San Carlos"
      },
      "geometry": {
        "type": "Point",
        "coordinates": ["55.0150", "9.9807"]
      }
    },
    {
      "type": "Feature",
      "properties": {
        "description": "San Francisco Bay"
      },
      "geometry": {
        "type": "Point",
        "coordinates": ["122.4194", "37.7749"]
      }
    },
    {
      "type": "Feature",
      "properties": {
        "description": "San Miguel"
      },
      "geometry": {
        "type": "Point",
        "coordinates": ["88.2506", "13.4848"]
      }
    },
    {
      "type": "Feature",
      "properties": {
        "description": "San Rafael waterfall in Northeast Ecuador"
      },
      "geometry": {
        "type": "Point",
        "coordinates": ["77.7910", "0.3368"]
      }
    },
    {
      "type": "Feature",
      "properties": {
        "description": "San Ramon Ravine"
      },
      "geometry": {
        "type": "Point",
        "coordinates": ["120.9515", "37.5841"]
      }
    },
    {
      "type": "Feature",
      "properties": {
        "description": "San Salvador"
      },
      "geometry": {
        "type": "Point",
        "coordinates": ["89.1913", "13.6929"]
      }
    },
    {
      "type": "Feature",
      "properties": {
        "description": "San Vicente Volcanoes"
      },
      "geometry": {
        "type": "Point",
        "coordinates": ["121.1276", "13.5901"]
      }
    },
    {
      "type": "Feature",
      "properties": {
        "description": "Sangju"
      },
      "geometry": {
        "type": "Point",
        "coordinates": ["128.1586", "36.4154"]
      }
    },
    {
      "type": "Feature",
      "properties": {
        "description": "Sangtarashan watershed"
      },
      "geometry": {
        "type": "Point",
        "coordinates": ["47.2060", "33.2332"]
      }
    },
    {
      "type": "Feature",
      "properties": {
        "description": "Santiago"
      },
      "geometry": {
        "type": "Point",
        "coordinates": ["70.6483", "33.4489"]
      }
    },
    {
      "type": "Feature",
      "properties": {
        "description": "Sari - Kiasar watershed"
      },
      "geometry": {
        "type": "Point",
        "coordinates": ["53.3588", "36.5633"]
      }
    },
    {
      "type": "Feature",
      "properties": {
        "description": "Sarkhoon watershed"
      },
      "geometry": {
        "type": "Point",
        "coordinates": ["54.5", "27.5"]
      }
    },
    {
      "type": "Feature",
      "properties": {
        "description": "Sataun in the Sirmur district of Himachal Pradesh"
      },
      "geometry": {
        "type": "Point",
        "coordinates": ["77.3", "30.6"]
      }
    },
    {
      "type": "Feature",
      "properties": {
        "description": "Satuk village in the Yenice district of the province of Karabuk in the Western Black Sea"
      },
      "geometry": {
        "type": "Point",
        "coordinates": ["32.5", "41.3"]
      }
    },
    {
      "type": "Feature",
      "properties": {
        "description": "Saudi Arabia"
      },
      "geometry": {
        "type": "Point",
        "coordinates": ["45.0792", "23.8859"]
      }
    },
    {
      "type": "Feature",
      "properties": {
        "description": "Savsat city"
      },
      "geometry": {
        "type": "Point",
        "coordinates": ["41.5", "41.5"]
      }
    },
    {
      "type": "Feature",
      "properties": {
        "description": "SE Spain"
      },
      "geometry": {
        "type": "Point",
        "coordinates": ["-2.0", "37.5"]
      }
    },
    {
      "type": "Feature",
      "properties": {
        "description": "SEA"
      },
      "geometry": {
        "type": "Point",
        "coordinates": ["100.0", "10.0"]
      }
    },
    {
      "type": "Feature",
      "properties": {
        "description": "Seattle"
      },
      "geometry": {
        "type": "Point",
        "coordinates": ["-122.3", "47.6"]
      }
    },
    {
      "type": "Feature",
      "properties": {
        "description": "Selangor"
      },
      "geometry": {
        "type": "Point",
        "coordinates": ["101.6", "3.0"]
      }
    },
    {
      "type": "Feature",
      "properties": {
        "description": "Selinous River drainage basin"
      },
      "geometry": {
        "type": "Point",
        "coordinates": ["14.7", "37.5"]
      }
    },
    {
      "type": "Feature",
      "properties": {
        "description": "Seorak Mountain in Korea"
      },
      "geometry": {
        "type": "Point",
        "coordinates": ["128.6", "38.2"]
      }
    },
    {
      "type": "Feature",
      "properties": {
        "description": "Seoul metropolitan and southern coastal"
      },
      "geometry": {
        "type": "Point",
        "coordinates": ["126.9", "37.5"]
      }
    },
    {
      "type": "Feature",
      "properties": {
        "description": "Sephidargole area in Semnan province"
      },
      "geometry": {
        "type": "Point",
        "coordinates": ["53.5", "35.4"]
      }
    },
    {
      "type": "Feature",
      "properties": {
        "description": "Serbia"
      },
      "geometry": {
        "type": "Point",
        "coordinates": ["21.0", "44.0"]
      }
    },
    {
      "type": "Feature",
      "properties": {
        "description": "Serchhip"
      },
      "geometry": {
        "type": "Point",
        "coordinates": ["93.2", "23.3"]
      }
    },
    {
      "type": "Feature",
      "properties": {
        "description": "Serchhip township"
      },
      "geometry": {
        "type": "Point",
        "coordinates": ["93.2", "23.3"]
      }
    },
    {
      "type": "Feature",
      "properties": {
        "description": "Serra Geral"
      },
      "geometry": {
        "type": "Point",
        "coordinates": ["-50.3", "-27.0"]
      }
    },
    {
      "type": "Feature",
      "properties": {
        "description": "SH37"
      },
      "geometry": {
        "type": "Point",
        "coordinates": ["0.0", "0.0"]
      }
    },
    {
      "type": "Feature",
      "properties": {
        "description": "Shaanxi"
      },
      "geometry": {
        "type": "Point",
        "coordinates": ["108.0", "34.0"]
      }
    },
    {
      "type": "Feature",
      "properties": {
        "description": "Shaanxi Province"
      },
      "geometry": {
        "type": "Point",
        "coordinates": ["108.0", "34.0"]
      }
    },
    {
      "type": "Feature",
      "properties": {
        "description": "Shaanxi Province, China"
      },
      "geometry": {
        "type": "Point",
        "coordinates": ["107.2903", "33.8683"]
      }
    },
    {
      "type": "Feature",
      "properties": {
        "description": "Shangge"
      },
      "geometry": {
        "type": "Point",
        "coordinates": ["113.4967", "34.0761"]
      }
    },
    {
      "type": "Feature",
      "properties": {
        "description": "Shangnan County"
      },
      "geometry": {
        "type": "Point",
        "coordinates": ["110.0139", "33.3467"]
      }
    },
    {
      "type": "Feature",
      "properties": {
        "description": "Shangzhou District"
      },
      "geometry": {
        "type": "Point",
        "coordinates": ["112.2126", "33.8733"]
      }
    },
    {
      "type": "Feature",
      "properties": {
        "description": "Shangzhou District of Shangluo City"
      },
      "geometry": {
        "type": "Point",
        "coordinates": ["112.2126", "33.8733"]
      }
    },
    {
      "type": "Feature",
      "properties": {
        "description": "Shan'xi Province"
      },
      "geometry": {
        "type": "Point",
        "coordinates": ["112.7838", "35.4719"]
      }
    },
    {
      "type": "Feature",
      "properties": {
        "description": "Shei - Pa National Park in Taiwan"
      },
      "geometry": {
        "type": "Point",
        "coordinates": ["120.9512", "24.5148"]
      }
    },
    {
      "type": "Feature",
      "properties": {
        "description": "Shei Pa National Park"
      },
      "geometry": {
        "type": "Point",
        "coordinates": ["120.9512", "24.5148"]
      }
    },
    {
      "type": "Feature",
      "properties": {
        "description": "Shennongjia Forestry District"
      },
      "geometry": {
        "type": "Point",
        "coordinates": ["110.5863", "31.4570"]
      }
    },
    {
      "type": "Feature",
      "properties": {
        "description": "Shenzhen"
      },
      "geometry": {
        "type": "Point",
        "coordinates": ["114.0545", "22.5431"]
      }
    },
    {
      "type": "Feature",
      "properties": {
        "description": "Shenzhen city"
      },
      "geometry": {
        "type": "Point",
        "coordinates": ["114.0545", "22.5431"]
      }
    },
    {
      "type": "Feature",
      "properties": {
        "description": "Shexian"
      },
      "geometry": {
        "type": "Point",
        "coordinates": ["118.8163", "29.7956"]
      }
    },
    {
      "type": "Feature",
      "properties": {
        "description": "Shexian County"
      },
      "geometry": {
        "type": "Point",
        "coordinates": ["119.1823", "29.1935"]
      }
    },
    {
      "type": "Feature",
      "properties": {
        "description": "Shicheng County"
      },
      "geometry": {
        "type": "Point",
        "coordinates": ["116.3635", "27.4220"]
      }
    },
    {
      "type": "Feature",
      "properties": {
        "description": "Shicheng County in Jiangxi Province of China"
      },
      "geometry": {
        "type": "Point",
        "coordinates": ["116.3635", "27.4220"]
      }
    },
    {
      "type": "Feature",
      "properties": {
        "description": "Shihmen watershed"
      },
      "geometry": {
        "type": "Point",
        "coordinates": ["121.3069", "24.8257"]
      }
    },
    {
      "type": "Feature",
      "properties": {
        "description": "Shiliushubao"
      },
      "geometry": {
        "type": "Point",
        "coordinates": ["111.6634", "28.7245"]
      }
    },
    {
      "type": "Feature",
      "properties": {
        "description": "Shillong Plateau in the North Eastern Region of India"
      },
      "geometry": {
        "type": "Point",
        "coordinates": ["91.8825", "25.6180"]
      }
    },
    {
      "type": "Feature",
      "properties": {
        "description": "Shilongmen reservoir"
      },
      "geometry": {
        "type": "Point",
        "coordinates": ["117.2174", "31.6892"]
      }
    },
    {
      "type": "Feature",
      "properties": {
        "description": "Shimla"
      },
      "geometry": {
        "type": "Point",
        "coordinates": ["77.1734", "31.1048"]
      }
    },
    {
      "type": "Feature",
      "properties": {
        "description": "Shiv - khola watershed"
      },
      "geometry": {
        "type": "Point",
        "coordinates": ["87.2183", "27.6655"]
      }
    },
    {
      "type": "Feature",
      "properties": {
        "description": "Shivkhola Watershed"
      },
      "geometry": {
        "type": "Point",
        "coordinates": ["87.2183", "27.6655"]
      }
    },
    {
      "type": "Feature",
      "properties": {
        "description": "Shiwangmiao"
      },
      "geometry": {
        "type": "Point",
        "coordinates": ["106.4923", "29.8343"]
      }
    },
    {
      "type": "Feature",
      "properties": {
        "description": "Shizhu"
      },
      "geometry": {
        "type": "Point",
        "coordinates": ["108.5447", "30.0328"]
      }
    },
    {
      "type": "Feature",
      "properties": {
        "description": "Shizuoka County"
      },
      "geometry": {
        "type": "Point",
        "coordinates": ["138.3121", "34.8049"]
      }
    },
    {
      "type": "Feature",
      "properties": {
        "description": "Sholaikkadu at the top"
      },
      "geometry": {
        "type": "Point",
        "coordinates": ["77.9871", "8.6940"]
      }
    },
    {
      "type": "Feature",
      "properties": {
        "description": "Shuangbai County"
      },
      "geometry": {
        "type": "Point",
        "coordinates": ["99.8244", "24.7031"]
      }
    },
    {
      "type": "Feature",
      "properties": {
        "description": "Shuangshi town and Longmen town of Lushan county"
      },
      "geometry": {
        "type": "Point",
        "coordinates": ["111.0828", "28.2830"]
      }
    },
    {
      "type": "Feature",
      "properties": {
        "description": "Shuicheng County"
      },
      "geometry": {
        "type": "Point",
        "coordinates": ["104.9531", "27.7569"]
      }
    },
    {
      "type": "Feature",
      "properties": {
        "description": "Shunxi segment of Zhongwu gas pipeline in Zhong County"
      },
      "geometry": {
        "type": "Point",
        "coordinates": ["105.3083", "32.2863"]
      }
    },
    {
      "type": "Feature",
      "properties": {
        "description": "Sichuan - Tibet Engineering Corridor"
      },
      "geometry": {
        "type": "Point",
        "coordinates": ["101.3150", "30.2570"]
      }
    },
    {
      "type": "Feature",
      "properties": {
        "description": "Sichuan - Tibet Highway"
      },
      "geometry": {
        "type": "Point",
        "coordinates": ["102.0756", "29.7470"]
      }
    },
    {
      "type": "Feature",
      "properties": {
        "description": "Sichuan - Tibet Railway"
      },
      "geometry": {
        "type": "Point",
        "coordinates": ["103.4284", "30.3824"]
      }
    },
    {
      "type": "Feature",
      "properties": {
        "description": "Sichuan - Tibet transportation corridor"
      },
      "geometry": {
        "type": "Point",
        "coordinates": ["102.0756", "29.7470"]
      }
    },
    {
      "type": "Feature",
      "properties": {
        "description": "Sichuan Plain to the Qinghai Tibet Plateau"
      },
      "geometry": {
        "type": "Point",
        "coordinates": ["101.3431", "24.4752"]
      }
    },
    {
      "type": "Feature",
      "properties": {
        "description": "Sichuan Province of China"
      },
      "geometry": {
        "type": "Point",
        "coordinates": ["102.7103", "30.6516"]
      }
    },
    {
      "type": "Feature",
      "properties": {
        "description": "Sicilian territory"
      },
      "geometry": {
        "type": "Point",
        "coordinates": ["13.3594", "37.5991"]
      }
    },
    {
      "type": "Feature",
      "properties": {
        "description": "Sicily"
      },
      "geometry": {
        "type": "Point",
        "coordinates": ["14.0154", "37.6009"]
      }
    },
    {
      "type": "Feature",
      "properties": {
        "description": "Sidi Abdellah"
      },
      "geometry": {
        "type": "Point",
        "coordinates": ["6.9556", "33.9629"]
      }
    },
    {
      "type": "Feature",
      "properties": {
        "description": "Sierra - Costa"
      },
      "geometry": {
        "type": "Point",
        "coordinates": ["117.9111", "14.7690"]
      }
    },
    {
      "type": "Feature",
      "properties": {
        "description": "Sierra - Costa region in the southwestern part of the Michoacan state"
      },
      "geometry": {
        "type": "Point",
        "coordinates": ["-102.4207", "18.7751"]
      }
    },
    {
      "type": "Feature",
      "properties": {
        "description": "Sierra Leone"
      },
      "geometry": {
        "type": "Point",
        "coordinates": ["-11.8439", "8.4606"]
      }
    },
    {
      "type": "Feature",
      "properties": {
        "description": "Sierra Norte de Puebla"
      },
      "geometry": {
        "type": "Point",
        "coordinates": ["-97.4065", "19.8620"]
      }
    },
    {
      "type": "Feature",
      "properties": {
        "description": "Sikkim"
      },
      "geometry": {
        "type": "Point",
        "coordinates": ["88.5122", "27.5330"]
      }
    },
    {
      "type": "Feature",
      "properties": {
        "description": "Sikkim Himalaya"
      },
      "geometry": {
        "type": "Point",
        "coordinates": ["88.6198", "27.6252"]
      }
    },
    {
      "type": "Feature",
      "properties": {
        "description": "Sikkim State of India"
      },
      "geometry": {
        "type": "Point",
        "coordinates": ["88.5122", "27.5330"]
      }
    },
    {
      "type": "Feature",
      "properties": {
        "description": "Sin Ho district"
      },
      "geometry": {
        "type": "Point",
        "coordinates": ["103.1409", "22.1362"]
      }
    },
    {
      "type": "Feature",
      "properties": {
        "description": "Sinan County of Guizhou Province in China"
      },
      "geometry": {
        "type": "Point",
        "coordinates": ["108.1914", "28.8477"]
      }
    },
    {
      "type": "Feature",
      "properties": {
        "description": "Sindhupalchowk District"
      },
      "geometry": {
        "type": "Point",
        "coordinates": ["85.4884", "27.9635"]
      }
    },
    {
      "type": "Feature",
      "properties": {
        "description": "Singgahan"
      },
      "geometry": {
        "type": "Point",
        "coordinates": ["121.1833", "7.7444"]
      }
    },
    {
      "type": "Feature",
      "properties": {
        "description": "Sinop"
      },
      "geometry": {
        "type": "Point",
        "coordinates": ["34.8681", "42.0226"]
      }
    },
    {
      "type": "Feature",
      "properties": {
        "description": "Sinop province of the Black Sea region of Turkey"
      },
      "geometry": {
        "type": "Point",
        "coordinates": ["34.8681", "42.0226"]
      }
    },
    {
      "type": "Feature",
      "properties": {
        "description": "Sisak - Moslavina County in Croatia"
      },
      "geometry": {
        "type": "Point",
        "coordinates": ["16.3752", "45.3907"]
      }
    },
    {
      "type": "Feature",
      "properties": {
        "description": "Sivas"
      },
      "geometry": {
        "type": "Point",
        "coordinates": ["37.9763", "39.7392"]
      }
    },
    {
      "type": "Feature",
      "properties": {
        "description": "Siwalik , the Lesser and the Great Himalayan ranges"
      },
      "geometry": {
        "type": "Point",
        "coordinates": ["78.2089", "30.8313"]
      }
    },
    {
      "type": "Feature",
      "properties": {
        "description": "Siwalik Hills"
      },
      "geometry": {
        "type": "Point",
        "coordinates": ["77.7128", "29.9206"]
      }
    },
    {
      "type": "Feature",
      "properties": {
        "description": "Siwalik zone of Nepal Himalaya"
      },
      "geometry": {
        "type": "Point",
        "coordinates": ["78.5398", "29.9422"]
      }
    },
    {
      "type": "Feature",
      "properties": {
        "description": "Siwaliks"
      },
      "geometry": {
        "type": "Point",
        "coordinates": ["77.7128", "29.9206"]
      }
    },
    {
      "type": "Feature",
      "properties": {
        "description": "SJP"
      },
      "geometry": {
        "type": "Point",
        "coordinates": ["-47.8825", "-15.7942"]
      }
    },
    {
      "type": "Feature",
      "properties": {
        "description": "Skagafjorour"
      },
      "geometry": {
        "type": "Point",
        "coordinates": ["-19.6347", "65.8181"]
      }
    },
    {
      "type": "Feature",
      "properties": {
        "description": "Slope"
      },
      "geometry": {
        "type": "Point",
        "coordinates": ["0.0", "0.0"]
      }
    },
    {
      "type": "Feature",
      "properties": {
        "description": "Slope angle"
      },
      "geometry": {
        "type": "Point",
        "coordinates": ["0.0", "0.0"]
      }
    },
    {
      "type": "Feature",
      "properties": {
        "description": "Slovakia"
      },
      "geometry": {
        "type": "Point",
        "coordinates": ["19.6990", "48.6690"]
      }
    },
    {
      "type": "Feature",
      "properties": {
        "description": "Solo"
      },
      "geometry": {
        "type": "Point",
        "coordinates": ["110.8190", "-7.6360"]
      }
    },
    {
      "type": "Feature",
      "properties": {
        "description": "Son La hydropower reservoir basin"
      },
      "geometry": {
        "type": "Point",
        "coordinates": ["104.1313", "21.1254"]
      }
    },
    {
      "type": "Feature",
      "properties": {
        "description": "Songkou"
      },
      "geometry": {
        "type": "Point",
        "coordinates": ["113.8366", "33.0433"]
      }
    },
    {
      "type": "Feature",
      "properties": {
        "description": "Songyang County"
      },
      "geometry": {
        "type": "Point",
        "coordinates": ["119.2104", "28.4465"]
      }
    },
    {
      "type": "Feature",
      "properties": {
        "description": "Sonmarg"
      },
      "geometry": {
        "type": "Point",
        "coordinates": ["75.2875", "34.3141"]
      }
    },
    {
      "type": "Feature",
      "properties": {
        "description": "Sopot"
      },
      "geometry": {
        "type": "Point",
        "coordinates": ["18.5560", "54.4416"]
      }
    },
    {
      "type": "Feature",
      "properties": {
        "description": "Sorkhab basin"
      },
      "geometry": {
        "type": "Point",
        "coordinates": ["50.5409", "32.6050"]
      }
    },
    {
      "type": "Feature",
      "properties": {
        "description": "Souk Ahras"
      },
      "geometry": {
        "type": "Point",
        "coordinates": ["7.9465", "36.2864"]
      }
    },
    {
      "type": "Feature",
      "properties": {
        "description": "Souk Ahras province"
      },
      "geometry": {
        "type": "Point",
        "coordinates": ["7.9325", "36.2507"]
      }
    },
    {
      "type": "Feature",
      "properties": {
        "description": "south"
      },
      "geometry": {
        "type": "Point",
        "coordinates": ["0.0000", "0.0000"]
      }
    },
    {
      "type": "Feature",
      "properties": {
        "description": "south - Asia"
      },
      "geometry": {
        "type": "Point",
        "coordinates": ["78.9629", "20.5937"]
      }
    },
    {
      "type": "Feature",
      "properties": {
        "description": "South - Asian"
      },
      "geometry": {
        "type": "Point",
        "coordinates": ["78.9629", "20.5937"]
      }
    },
    {
      "type": "Feature",
      "properties": {
        "description": "south - eastern Alps"
      },
      "geometry": {
        "type": "Point",
        "coordinates": ["14.0544", "46.9754"]
      }
    },
    {
      "type": "Feature",
      "properties": {
        "description": "south - eastern French Massif central"
      },
      "geometry": {
        "type": "Point",
        "coordinates": ["3.1623", "45.8855"]
      }
    },
    {
      "type": "Feature",
      "properties": {
        "description": "south - eastern part of the Sikkim state in India"
      },
      "geometry": {
        "type": "Point",
        "coordinates": ["88.5122", "27.5330"]
      }
    },
    {
      "type": "Feature",
      "properties": {
        "description": "south - western Iran"
      },
      "geometry": {
        "type": "Point",
        "coordinates": ["48.5293", "30.3753"]
      }
    },
    {
      "type": "Feature",
      "properties": {
        "description": "south - western part of Montenegro"
      },
      "geometry": {
        "type": "Point",
        "coordinates": ["19.3000", "42.5000"]
      }
    },
    {
      "type": "Feature",
      "properties": {
        "description": "South Africa"
      },
      "geometry": {
        "type": "Point",
        "coordinates": ["28.0473", "26.2041"]
      }
    },
    {
      "type": "Feature",
      "properties": {
        "description": "south and north parts of the Izmir Bay"
      },
      "geometry": {
        "type": "Point",
        "coordinates": ["27.4426", "38.4192"]
      }
    },
    {
      "type": "Feature",
      "properties": {
        "description": "South China"
      },
      "geometry": {
        "type": "Point",
        "coordinates": ["113.7633", "23.6978"]
      }
    },
    {
      "type": "Feature",
      "properties": {
        "description": "South Greece"
      },
      "geometry": {
        "type": "Point",
        "coordinates": ["21.8243", "37.9838"]
      }
    },
    {
      "type": "Feature",
      "properties": {
        "description": "South India"
      },
      "geometry": {
        "type": "Point",
        "coordinates": ["78.9629", "20.5937"]
      }
    },
    {
      "type": "Feature",
      "properties": {
        "description": "south Italy"
      },
      "geometry": {
        "type": "Point",
        "coordinates": ["15.2551", "37.7749"]
      }
    },
    {
      "type": "Feature",
      "properties": {
        "description": "South Korea"
      },
      "geometry": {
        "type": "Point",
        "coordinates": ["127.7669", "35.9078"]
      }
    },
    {
      "type": "Feature",
      "properties": {
        "description": "south of Seoul"
      },
      "geometry": {
        "type": "Point",
        "coordinates": ["126.9770", "37.5665"]
      }
    },
    {
      "type": "Feature",
      "properties": {
        "description": "south of Songkou Town"
      },
      "geometry": {
        "type": "Point",
        "coordinates": ["113.0547", "36.7433"]
      }
    },
    {
      "type": "Feature",
      "properties": {
        "description": "south of Yangtze River"
      },
      "geometry": {
        "type": "Point",
        "coordinates": ["119.4120", "32.7702"]
      }
    },
    {
      "type": "Feature",
      "properties": {
        "description": "South Sikkim"
      },
      "geometry": {
        "type": "Point",
        "coordinates": ["88.6100", "27.5330"]
      }
    },
    {
      "type": "Feature",
      "properties": {
        "description": "South Sinai"
      },
      "geometry": {
        "type": "Point",
        "coordinates": ["33.9782", "28.5562"]
      }
    },
    {
      "type": "Feature",
      "properties": {
        "description": "South Taiwan"
      },
      "geometry": {
        "type": "Point",
        "coordinates": ["120.9605", "23.6978"]
      }
    },
    {
      "type": "Feature",
      "properties": {
        "description": "South Tyrol"
      },
      "geometry": {
        "type": "Point",
        "coordinates": ["11.3531", "46.6166"]
      }
    },
    {
      "type": "Feature",
      "properties": {
        "description": "Southeast Asia"
      },
      "geometry": {
        "type": "Point",
        "coordinates": ["105.3188", "4.2105"]
      }
    },
    {
      "type": "Feature",
      "properties": {
        "description": "southeast coastal areas of China"
      },
      "geometry": {
        "type": "Point",
        "coordinates": ["117.9249", "23.7777"]
      }
    },
    {
      "type": "Feature",
      "properties": {
        "description": "southeast coastal mountainous area of China"
      },
      "geometry": {
        "type": "Point",
        "coordinates": ["115.6074", "25.2582"]
      }
    },
    {
      "type": "Feature",
      "properties": {
        "description": "Southeast Nigeria"
      },
      "geometry": {
        "type": "Point",
        "coordinates": ["8.6753", "9.0820"]
      }
    },
    {
      "type": "Feature",
      "properties": {
        "description": "southeast of Brazil"
      },
      "geometry": {
        "type": "Point",
        "coordinates": ["48.5126", "10.7808"]
      }
    },
    {
      "type": "Feature",
      "properties": {
        "description": "Southeast of Dayang Town and Baiyun Town"
      },
      "geometry": {
        "type": "Point",
        "coordinates": ["120.3086", "36.4106"]
      }
    },
    {
      "type": "Feature",
      "properties": {
        "description": "southeast of Turkey"
      },
      "geometry": {
        "type": "Point",
        "coordinates": ["39.9334", "37.0902"]
      }
    },
    {
      "type": "Feature",
      "properties": {
        "description": "southeastern Alpine forelands"
      },
      "geometry": {
        "type": "Point",
        "coordinates": ["12.4964", "47.5162"]
      }
    },
    {
      "type": "Feature",
      "properties": {
        "description": "southeastern China"
      },
      "geometry": {
        "type": "Point",
        "coordinates": ["113.7633", "23.3790"]
      }
    },
    {
      "type": "Feature",
      "properties": {
        "description": "southeastern Gansu"
      },
      "geometry": {
        "type": "Point",
        "coordinates": ["104.2861", "34.4803"]
      }
    },
    {
      "type": "Feature",
      "properties": {
        "description": "Southeastern Helong City"
      },
      "geometry": {
        "type": "Point",
        "coordinates": ["129.0024", "42.2151"]
      }
    },
    {
      "type": "Feature",
      "properties": {
        "description": "southeastern margins of the Tibetan Plateau"
      },
      "geometry": {
        "type": "Point",
        "coordinates": ["91.7669", "31.2989"]
      }
    },
    {
      "type": "Feature",
      "properties": {
        "description": "Southeastern Nigeria"
      },
      "geometry": {
        "type": "Point",
        "coordinates": ["8.6753", "9.0820"]
      }
    },
    {
      "type": "Feature",
      "properties": {
        "description": "southeastern region of Brazil"
      },
      "geometry": {
        "type": "Point",
        "coordinates": ["46.6333", "23.5505"]
      }
    },
    {
      "type": "Feature",
      "properties": {
        "description": "southeastern Wutong"
      },
      "geometry": {
        "type": "Point",
        "coordinates": ["113.8916", "22.9762"]
      }
    },
    {
      "type": "Feature",
      "properties": {
        "description": "southern and northern Apennines"
      },
      "geometry": {
        "type": "Point",
        "coordinates": ["13.0000", "42.5000"]
      }
    },
    {
      "type": "Feature",
      "properties": {
        "description": "southern Anhui"
      },
      "geometry": {
        "type": "Point",
        "coordinates": ["117.2159", "30.5238"]
      }
    },
    {
      "type": "Feature",
      "properties": {
        "description": "southern Brazil"
      },
      "geometry": {
        "type": "Point",
        "coordinates": ["51.9253", "14.2350"]
      }
    },
    {
      "type": "Feature",
      "properties": {
        "description": "southern Calabria"
      },
      "geometry": {
        "type": "Point",
        "coordinates": ["16.6505", "38.9054"]
      }
    },
    {
      "type": "Feature",
      "properties": {
        "description": "southern California"
      },
      "geometry": {
        "type": "Point",
        "coordinates": ["119.4179", "36.7783"]
      }
    },
    {
      "type": "Feature",
      "properties": {
        "description": "southern Chixi"
      },
      "geometry": {
        "type": "Point",
        "coordinates": ["108.4251", "35.1398"]
      }
    },
    {
      "type": "Feature",
      "properties": {
        "description": "southern Colombia"
      },
      "geometry": {
        "type": "Point",
        "coordinates": ["73.0840", "4.5709"]
      }
    },
    {
      "type": "Feature",
      "properties": {
        "description": "Southern Gansu"
      },
      "geometry": {
        "type": "Point",
        "coordinates": ["104.2861", "34.4803"]
      }
    },
    {
      "type": "Feature",
      "properties": {
        "description": "southern Honduras"
      },
      "geometry": {
        "type": "Point",
        "coordinates": ["87.0599", "14.5844"]
      }
    },
    {
      "type": "Feature",
      "properties": {
        "description": "southern Italy"
      },
      "geometry": {
        "type": "Point",
        "coordinates": ["15.2000", "41.8719"]
      }
    },
    {
      "type": "Feature",
      "properties": {
        "description": "Southern Jingyang Plateau"
      },
      "geometry": {
        "type": "Point",
        "coordinates": ["108.5671", "33.9601"]
      }
    },
    {
      "type": "Feature",
      "properties": {
        "description": "southern Kyrgyzstan"
      },
      "geometry": {
        "type": "Point",
        "coordinates": ["74.7661", "41.2044"]
      }
    },
    {
      "type": "Feature",
      "properties": {
        "description": "southern Laonong River watershed"
      },
      "geometry": {
        "type": "Point",
        "coordinates": ["120.7697", "22.3235"]
      }
    },
    {
      "type": "Feature",
      "properties": {
        "description": "Southern Leyte"
      },
      "geometry": {
        "type": "Point",
        "coordinates": ["125.0158", "10.2592"]
      }
    },
    {
      "type": "Feature",
      "properties": {
        "description": "southern Nilgiris Mountains"
      },
      "geometry": {
        "type": "Point",
        "coordinates": ["76.6167", "11.4000"]
      }
    },
    {
      "type": "Feature",
      "properties": {
        "description": "southern part of Golestan province"
      },
      "geometry": {
        "type": "Point",
        "coordinates": ["54.4342", "36.8369"]
      }
    },
    {
      "type": "Feature",
      "properties": {
        "description": "southern part of Guilan province"
      },
      "geometry": {
        "type": "Point",
        "coordinates": ["49.6838", "37.3628"]
      }
    },
    {
      "type": "Feature",
      "properties": {
        "description": "southern part of the Aizawl district"
      },
      "geometry": {
        "type": "Point",
        "coordinates": ["92.7474", "23.7099"]
      }
    },
    {
      "type": "Feature",
      "properties": {
        "description": "southern Peru"
      },
      "geometry": {
        "type": "Point",
        "coordinates": ["74.7661", "9.1900"]
      }
    },
    {
      "type": "Feature",
      "properties": {
        "description": "southern portion belonging to Davao City and Kitao - tao and Arakan Municipalities"
      },
      "geometry": {
        "type": "Point",
        "coordinates": ["125.6848", "7.0644"]
      }
    },
    {
      "type": "Feature",
      "properties": {
        "description": "southern Quebec"
      },
      "geometry": {
        "type": "Point",
        "coordinates": ["71.2080", "48.8284"]
      }
    },
    {
      "type": "Feature",
      "properties": {
        "description": "southern Shaanxi Province"
      },
      "geometry": {
        "type": "Point",
        "coordinates": ["108.7759", "33.8563"]
      }
    },
    {
      "type": "Feature",
      "properties": {
        "description": "southern slope of the Peloritani Mountains"
      },
      "geometry": {
        "type": "Point",
        "coordinates": ["15.2804", "38.1975"]
      }
    },
    {
      "type": "Feature",
      "properties": {
        "description": "southern Taiwan"
      },
      "geometry": {
        "type": "Point",
        "coordinates": ["120.9543", "23.6978"]
      }
    },
    {
      "type": "Feature",
      "properties": {
        "description": "southern Western Ghats"
      },
      "geometry": {
        "type": "Point",
        "coordinates": ["77.2689", "10.8505"]
      }
    },
    {
      "type": "Feature",
      "properties": {
        "description": "Southern Western Ghats in Kerala"
      },
      "geometry": {
        "type": "Point",
        "coordinates": ["76.6944", "9.9312"]
      }
    },
    {
      "type": "Feature",
      "properties": {
        "description": "southern WG"
      },
      "geometry": {
        "type": "Point",
        "coordinates": ["77.6780", "10.8505"]
      }
    },
    {
      "type": "Feature",
      "properties": {
        "description": "Southern Yangyang Province"
      },
      "geometry": {
        "type": "Point",
        "coordinates": ["124.2216", "10.9446"]
      }
    },
    {
      "type": "Feature",
      "properties": {
        "description": "southern Zagros Mountains"
      },
      "geometry": {
        "type": "Point",
        "coordinates": ["50.0000", "31.0000"]
      }
    },
    {
      "type": "Feature",
      "properties": {
        "description": "southwest mountainous watershed"
      },
      "geometry": {
        "type": "Point",
        "coordinates": ["117.5852", "26.1536"]
      }
    },
    {
      "type": "Feature",
      "properties": {
        "description": "southwest of China"
      },
      "geometry": {
        "type": "Point",
        "coordinates": ["103.9526", "29.5456"]
      }
    },
    {
      "type": "Feature",
      "properties": {
        "description": "southwest Sweden"
      },
      "geometry": {
        "type": "Point",
        "coordinates": ["13.0195", "58.5897"]
      }
    },
    {
      "type": "Feature",
      "properties": {
        "description": "southwestern Annapurna Range of the central Nepalese Himalaya"
      },
      "geometry": {
        "type": "Point",
        "coordinates": ["83.8200", "28.5917"]
      }
    },
    {
      "type": "Feature",
      "properties": {
        "description": "southwestern Bhutan"
      },
      "geometry": {
        "type": "Point",
        "coordinates": ["89.2903", "27.5142"]
      }
    },
    {
      "type": "Feature",
      "properties": {
        "description": "Southwestern Japan"
      },
      "geometry": {
        "type": "Point",
        "coordinates": ["136.6705", "37.1504"]
      }
    },
    {
      "type": "Feature",
      "properties": {
        "description": "southwestern part of the Bhutan Himalayas"
      },
      "geometry": {
        "type": "Point",
        "coordinates": ["89.6419", "27.1706"]
      }
    },
    {
      "type": "Feature",
      "properties": {
        "description": "Southwestern region of China"
      },
      "geometry": {
        "type": "Point",
        "coordinates": ["103.1526", "28.3449"]
      }
    },
    {
      "type": "Feature",
      "properties": {
        "description": "southwestern region of Cyprus"
      },
      "geometry": {
        "type": "Point",
        "coordinates": ["32.8742", "34.8226"]
      }
    },
    {
      "type": "Feature",
      "properties": {
        "description": "southwestern region of India in the state of Karnataka"
      },
      "geometry": {
        "type": "Point",
        "coordinates": ["75.7139", "14.9716"]
      }
    },
    {
      "type": "Feature",
      "properties": {
        "description": "Spain"
      },
      "geometry": {
        "type": "Point",
        "coordinates": ["3.7038", "40.4168"]
      }
    },
    {
      "type": "Feature",
      "properties": {
        "description": "Sperchios River basin"
      },
      "geometry": {
        "type": "Point",
        "coordinates": ["22.9478", "39.1977"]
      }
    },
    {
      "type": "Feature",
      "properties": {
        "description": "Sri Lanka"
      },
      "geometry": {
        "type": "Point",
        "coordinates": ["80.7718", "7.8731"]
      }
    },
    {
      "type": "Feature",
      "properties": {
        "description": "SS87 national road"
      },
      "geometry": {
        "type": "Point",
        "coordinates": ["19.0958", "45.7106"]
      }
    },
    {
      "type": "Feature",
      "properties": {
        "description": "St. Bernard"
      },
      "geometry": {
        "type": "Point",
        "coordinates": ["7.1264", "45.8694"]
      }
    },
    {
      "type": "Feature",
      "properties": {
        "description": "Staffora River basin"
      },
      "geometry": {
        "type": "Point",
        "coordinates": ["9.1702", "44.9815"]
      }
    },
    {
      "type": "Feature",
      "properties": {
        "description": "state capital of Himachal"
      },
      "geometry": {
        "type": "Point",
        "coordinates": ["77.1623", "31.1048"]
      }
    },
    {
      "type": "Feature",
      "properties": {
        "description": "STEC"
      },
      "geometry": {
        "type": "Point",
        "coordinates": ["100.5933", "13.8962"]
      }
    },
    {
      "type": "Feature",
      "properties": {
        "description": "Styrian Basin in Austria"
      },
      "geometry": {
        "type": "Point",
        "coordinates": ["15.2494", "47.2838"]
      }
    },
    {
      "type": "Feature",
      "properties": {
        "description": "Subao River basin"
      },
      "geometry": {
        "type": "Point",
        "coordinates": ["108.2991", "22.4287"]
      }
    },
    {
      "type": "Feature",
      "properties": {
        "description": "Subcarpathian"
      },
      "geometry": {
        "type": "Point",
        "coordinates": ["22.5976", "48.7244"]
      }
    },
    {
      "type": "Feature",
      "properties": {
        "description": "Subcarpathian chain"
      },
      "geometry": {
        "type": "Point",
        "coordinates": ["24.8627", "49.3943"]
      }
    },
    {
      "type": "Feature",
      "properties": {
        "description": "Subcarpathian sector of the Prahova River"
      },
      "geometry": {
        "type": "Point",
        "coordinates": ["26.0572", "45.2732"]
      }
    },
    {
      "type": "Feature",
      "properties": {
        "description": "sub-Himalayan region of Pakistan"
      },
      "geometry": {
        "type": "Point",
        "coordinates": ["73.2432", "34.0479"]
      }
    },
    {
      "type": "Feature",
      "properties": {
        "description": "Sub-Himalayas"
      },
      "geometry": {
        "type": "Point",
        "coordinates": ["77.2090", "28.3692"]
      }
    },
    {
      "type": "Feature",
      "properties": {
        "description": "Suichuan"
      },
      "geometry": {
        "type": "Point",
        "coordinates": ["114.5319", "27.8129"]
      }
    },
    {
      "type": "Feature",
      "properties": {
        "description": "Sultan Mountains"
      },
      "geometry": {
        "type": "Point",
        "coordinates": ["29.9842", "37.1812"]
      }
    },
    {
      "type": "Feature",
      "properties": {
        "description": "Sultan Mountains of south - western Turkey"
      },
      "geometry": {
        "type": "Point",
        "coordinates": ["30.8623", "37.2678"]
      }
    },
    {
      "type": "Feature",
      "properties": {
        "description": "Sumatra"
      },
      "geometry": {
        "type": "Point",
        "coordinates": ["101.2559", "0.7893"]
      }
    },
    {
      "type": "Feature",
      "properties": {
        "description": "Summit Ridge"
      },
      "geometry": {
        "type": "Point",
        "coordinates": ["124.1732", "8.9052"]
      }
    },
    {
      "type": "Feature",
      "properties": {
        "description": "surrounding area of Dujiangyan"
      },
      "geometry": {
        "type": "Point",
        "coordinates": ["103.6191", "31.0055"]
      }
    },
    {
      "type": "Feature",
      "properties": {
        "description": "Suusamyr"
      },
      "geometry": {
        "type": "Point",
        "coordinates": ["73.7872", "42.0808"]
      }
    },
    {
      "type": "Feature",
      "properties": {
        "description": "Suusamyr valley"
      },
      "geometry": {
        "type": "Point",
        "coordinates": ["73.6901", "42.0989"]
      }
    },
    {
      "type": "Feature",
      "properties": {
        "description": "Suusamyr Valley and on the southern slopes of the adjacent Suusamyr Range"
      },
      "geometry": {
        "type": "Point",
        "coordinates": ["73.7434", "42.0756"]
      }
    },
    {
      "type": "Feature",
      "properties": {
        "description": "SW - Germany"
      },
      "geometry": {
        "type": "Point",
        "coordinates": ["9.6096", "48.7826"]
      }
    },
    {
      "type": "Feature",
      "properties": {
        "description": "SW coast of Dakar"
      },
      "geometry": {
        "type": "Point",
        "coordinates": ["17.4417", "14.7167"]
      }
    },
    {
      "type": "Feature",
      "properties": {
        "description": "Swabian Alb valleys"
      },
      "geometry": {
        "type": "Point",
        "coordinates": ["9.4117", "48.4148"]
      }
    },
    {
      "type": "Feature",
      "properties": {
        "description": "Switzerland"
      },
      "geometry": {
        "type": "Point",
        "coordinates": ["8.2275", "46.8182"]
      }
    },
    {
      "type": "Feature",
      "properties": {
        "description": "Tachia River"
      },
      "geometry": {
        "type": "Point",
        "coordinates": ["120.4018", "23.4781"]
      }
    },
    {
      "type": "Feature",
      "properties": {
        "description": "Taibai County"
      },
      "geometry": {
        "type": "Point",
        "coordinates": ["107.3763", "33.9733"]
      }
    },
    {
      "type": "Feature",
      "properties": {
        "description": "Taihe open pit iron mine in Xichang"
      },
      "geometry": {
        "type": "Point",
        "coordinates": ["102.2634", "27.8108"]
      }
    },
    {
      "type": "Feature",
      "properties": {
        "description": "Taiwan"
      },
      "geometry": {
        "type": "Point",
        "coordinates": ["121.5654", "23.6978"]
      }
    },
    {
      "type": "Feature",
      "properties": {
        "description": "Taiyuan City"
      },
      "geometry": {
        "type": "Point",
        "coordinates": ["112.5489", "37.8706"]
      }
    },
    {
      "type": "Feature",
      "properties": {
        "description": "Tajan Watershed in northern Iran"
      },
      "geometry": {
        "type": "Point",
        "coordinates": ["49.2087", "36.2824"]
      }
    },
    {
      "type": "Feature",
      "properties": {
        "description": "Talanad"
      },
      "geometry": {
        "type": "Point",
        "coordinates": ["75.0322", "15.7223"]
      }
    },
    {
      "type": "Feature",
      "properties": {
        "description": "Taleghan - Alamut basin of Iran"
      },
      "geometry": {
        "type": "Point",
        "coordinates": ["50.5215", "36.2106"]
      }
    },
    {
      "type": "Feature",
      "properties": {
        "description": "Taleghan basin"
      },
      "geometry": {
        "type": "Point",
        "coordinates": ["50.5215", "36.2106"]
      }
    },
    {
      "type": "Feature",
      "properties": {
        "description": "Taleghan basin of Alborz province"
      },
      "geometry": {
        "type": "Point",
        "coordinates": ["50.5215", "36.2106"]
      }
    },
    {
      "type": "Feature",
      "properties": {
        "description": "Tamenglong and Senapati districts"
      },
      "geometry": {
        "type": "Point",
        "coordinates": ["93.5678", "24.7759"]
      }
    },
    {
      "type": "Feature",
      "properties": {
        "description": "Tamil Nadu"
      },
      "geometry": {
        "type": "Point",
        "coordinates": ["78.9591", "11.1271"]
      }
    },
    {
      "type": "Feature",
      "properties": {
        "description": "Tan Uyen district of Vietnam"
      },
      "geometry": {
        "type": "Point",
        "coordinates": ["106.4591", "11.5965"]
      }
    },
    {
      "type": "Feature",
      "properties": {
        "description": "Tanarello stream"
      },
      "geometry": {
        "type": "Point",
        "coordinates": ["15.2250", "40.0553"]
      }
    },
    {
      "type": "Feature",
      "properties": {
        "description": "Taojiang County"
      },
      "geometry": {
        "type": "Point",
        "coordinates": ["111.2477", "28.9050"]
      }
    },
    {
      "type": "Feature",
      "properties": {
        "description": "Taounate - Ain Aicha and Tahar Souk regions in the central part of the Rif Mountains in Morocco"
      },
      "geometry": {
        "type": "Point",
        "coordinates": ["4.6347", "34.5415"]
      }
    },
    {
      "type": "Feature",
      "properties": {
        "description": "Taounate city"
      },
      "geometry": {
        "type": "Point",
        "coordinates": ["4.6429", "34.5483"]
      }
    },
    {
      "type": "Feature",
      "properties": {
        "description": "Tebat Karai"
      },
      "geometry": {
        "type": "Point",
        "coordinates": ["101.8901", "2.5717"]
      }
    },
    {
      "type": "Feature",
      "properties": {
        "description": "Teesta River in Sikkim Himalaya"
      },
      "geometry": {
        "type": "Point",
        "coordinates": ["88.6646", "27.1635"]
      }
    },
    {
      "type": "Feature",
      "properties": {
        "description": "Tegucigalpa"
      },
      "geometry": {
        "type": "Point",
        "coordinates": ["87.2068", "14.0723"]
      }
    },
    {
      "type": "Feature",
      "properties": {
        "description": "Tehran"
      },
      "geometry": {
        "type": "Point",
        "coordinates": ["51.3890", "35.6895"]
      }
    },
    {
      "type": "Feature",
      "properties": {
        "description": "Tehri"
      },
      "geometry": {
        "type": "Point",
        "coordinates": ["78.3942", "30.3753"]
      }
    },
    {
      "type": "Feature",
      "properties": {
        "description": "Tehri Garhwal district of Uttarakhand state"
      },
      "geometry": {
        "type": "Point",
        "coordinates": ["78.4311", "30.3717"]
      }
    },
    {
      "type": "Feature",
      "properties": {
        "description": "Tehri region of the Indian Himalayas"
      },
      "geometry": {
        "type": "Point",
        "coordinates": ["78.3916", "30.3874"]
      }
    },
    {
      "type": "Feature",
      "properties": {
        "description": "Tehri reservoir"
      },
      "geometry": {
        "type": "Point",
        "coordinates": ["78.4532", "30.3771"]
      }
    },
    {
      "type": "Feature",
      "properties": {
        "description": "Tehri reservoir rim"
      },
      "geometry": {
        "type": "Point",
        "coordinates": ["78.5075", "30.3998"]
      }
    },
    {
      "type": "Feature",
      "properties": {
        "description": "Tekeze River basins"
      },
      "geometry": {
        "type": "Point",
        "coordinates": ["38.0146", "13.2348"]
      }
    },
    {
      "type": "Feature",
      "properties": {
        "description": "Terrain"
      },
      "geometry": {
        "type": "Point",
        "coordinates": ["0.1495", "51.5002"]
      }
    },
    {
      "type": "Feature",
      "properties": {
        "description": "Terzona catchment"
      },
      "geometry": {
        "type": "Point",
        "coordinates": ["9.1895", "44.4777"]
      }
    },
    {
      "type": "Feature",
      "properties": {
        "description": "Tevankarai Ar sub-watershed"
      },
      "geometry": {
        "type": "Point",
        "coordinates": ["77.3870", "11.1060"]
      }
    },
    {
      "type": "Feature",
      "properties": {
        "description": "Texas"
      },
      "geometry": {
        "type": "Point",
        "coordinates": ["99.9018", "31.9686"]
      }
    },
    {
      "type": "Feature",
      "properties": {
        "description": "Teziutlan municipality"
      },
      "geometry": {
        "type": "Point",
        "coordinates": ["97.4519", "18.0810"]
      }
    },
    {
      "type": "Feature",
      "properties": {
        "description": "TGP"
      },
      "geometry": {
        "type": "Point",
        "coordinates": ["118.2934", "28.1466"]
      }
    },
    {
      "type": "Feature",
      "properties": {
        "description": "TGR"
      },
      "geometry": {
        "type": "Point",
        "coordinates": ["110.6088", "30.8607"]
      }
    },
    {
      "type": "Feature",
      "properties": {
        "description": "TGR region on the Yangtze River in Zigui County"
      },
      "geometry": {
        "type": "Point",
        "coordinates": ["110.6254", "30.7236"]
      }
    },
    {
      "type": "Feature",
      "properties": {
        "description": "TGRA"
      },
      "geometry": {
        "type": "Point",
        "coordinates": ["90.4253", "24.4246"]
      }
    },
    {
      "type": "Feature",
      "properties": {
        "description": "Thailand"
      },
      "geometry": {
        "type": "Point",
        "coordinates": ["100.9925", "15.8700"]
      }
    },
    {
      "type": "Feature",
      "properties": {
        "description": "Thalanad"
      },
      "geometry": {
        "type": "Point",
        "coordinates": ["76.1196", "11.4186"]
      }
    },
    {
      "type": "Feature",
      "properties": {
        "description": "the Central Italian Alps"
      },
      "geometry": {
        "type": "Point",
        "coordinates": ["10.4515", "46.5596"]
      }
    },
    {
      "type": "Feature",
      "properties": {
        "description": "the city of Loja"
      },
      "geometry": {
        "type": "Point",
        "coordinates": ["79.2153", "3.9937"]
      }
    },
    {
      "type": "Feature",
      "properties": {
        "description": "the eastern slopes of Sabalan"
      },
      "geometry": {
        "type": "Point",
        "coordinates": ["48.0423", "38.2533"]
      }
    },
    {
      "type": "Feature",
      "properties": {
        "description": "the Kuenlun Mountains in the northern Tibetan Plateau"
      },
      "geometry": {
        "type": "Point",
        "coordinates": ["86.6666", "36.0000"]
      }
    },
    {
      "type": "Feature",
      "properties": {
        "description": "The mountainous area of southwest China"
      },
      "geometry": {
        "type": "Point",
        "coordinates": ["104.0", "28.0"]
      }
    },
    {
      "type": "Feature",
      "properties": {
        "description": "The national road 11 linking Mateur to Beja"
      },
      "geometry": {
        "type": "Point",
        "coordinates": ["9.5", "36.5"]
      }
    },
    {
      "type": "Feature",
      "properties": {
        "description": "The North-easternmost sector of Sicily"
      },
      "geometry": {
        "type": "Point",
        "coordinates": ["13.5", "38.0"]
      }
    },
    {
      "type": "Feature",
      "properties": {
        "description": "The Republic of Korea"
      },
      "geometry": {
        "type": "Point",
        "coordinates": ["127.5", "36.0"]
      }
    },
    {
      "type": "Feature",
      "properties": {
        "description": "The Three Gorges dam"
      },
      "geometry": {
        "type": "Point",
        "coordinates": ["111.0", "30.8"]
      }
    },
    {
      "type": "Feature",
      "properties": {
        "description": "The Valtellina Valley"
      },
      "geometry": {
        "type": "Point",
        "coordinates": ["9.6", "46.2"]
      }
    },
    {
      "type": "Feature",
      "properties": {
        "description": "The western flanks of the Western Ghats"
      },
      "geometry": {
        "type": "Point",
        "coordinates": ["73.5", "16.5"]
      }
    },
    {
      "type": "Feature",
      "properties": {
        "description": "The Zhongxian-Shizhu Segment in the Three Gorges Reservoir region of China"
      },
      "geometry": {
        "type": "Point",
        "coordinates": ["108.2", "30.7"]
      }
    },
    {
      "type": "Feature",
      "properties": {
        "description": "Theni district"
      },
      "geometry": {
        "type": "Point",
        "coordinates": ["77.4776", "9.9696"]
      }
    },
    {
      "type": "Feature",
      "properties": {
        "description": "Three Georges"
      },
      "geometry": {
        "type": "Point",
        "coordinates": ["111.0", "30.0"]
      }
    },
    {
      "type": "Feature",
      "properties": {
        "description": "Three - Gorge Reservoir"
      },
      "geometry": {
        "type": "Point",
        "coordinates": ["111.1176", "30.8231"]
      }
    },
    {
      "type": "Feature",
      "properties": {
        "description": "Three Gorges"
      },
      "geometry": {
        "type": "Point",
        "coordinates": ["111.0", "30.0"]
      }
    },
    {
      "type": "Feature",
      "properties": {
        "description": "Three Gorges areas in China"
      },
      "geometry": {
        "type": "Point",
        "coordinates": ["111.0", "30.0"]
      }
    },
    {
      "type": "Feature",
      "properties": {
        "description": "Three Gorges areas in China"
      },
      "geometry": {
        "type": "Point",
        "coordinates": ["0", "0"]
      }
    },
    {
      "type": "Feature",
      "properties": {
        "description": "Three Gorges Reservoir area - Longshuigou landslide in Fengjie County of Chongqing city in China"
      },
      "geometry": {
        "type": "Point",
        "coordinates": ["107.7659", "31.2743"]
      }
    },
    {
      "type": "Feature",
      "properties": {
        "description": "Three Gorges Reservoir area of the Yangtze River"
      },
      "geometry": {
        "type": "Point",
        "coordinates": ["111.4540", "30.8231"]
      }
    },
    {
      "type": "Feature",
      "properties": {
        "description": "Three Gorges Reservoir area to the Padang section"
      },
      "geometry": {
        "type": "Point",
        "coordinates": ["108.0920", "30.8357"]
      }
    },
    {
      "type": "Feature",
      "properties": {
        "description": "Three Gorges Reservoir region of China"
      },
      "geometry": {
        "type": "Point",
        "coordinates": ["111.4540", "30.8231"]
      }
    },
    {
      "type": "Feature",
      "properties": {
        "description": "Thua Thien Hue province of Vietnam"
      },
      "geometry": {
        "type": "Point",
        "coordinates": ["107.5915", "16.4498"]
      }
    },
    {
      "type": "Feature",
      "properties": {
        "description": "Tianshan Mountains in Northwestern Basins"
      },
      "geometry": {
        "type": "Point",
        "coordinates": ["86.0844", "43.7931"]
      }
    },
    {
      "type": "Feature",
      "properties": {
        "description": "Tianshui"
      },
      "geometry": {
        "type": "Point",
        "coordinates": ["105.7316", "34.5794"]
      }
    },
    {
      "type": "Feature",
      "properties": {
        "description": "Tianshui seismic zone"
      },
      "geometry": {
        "type": "Point",
        "coordinates": ["105.6736", "34.5543"]
      }
    },
    {
      "type": "Feature",
      "properties": {
        "description": "Tibet"
      },
      "geometry": {
        "type": "Point",
        "coordinates": ["88.7879", "31.9686"]
      }
    },
    {
      "type": "Feature",
      "properties": {
        "description": "Tibet in China"
      },
      "geometry": {
        "type": "Point",
        "coordinates": ["88.7879", "31.9686"]
      }
    },
    {
      "type": "Feature",
      "properties": {
        "description": "Tikoy"
      },
      "geometry": {
        "type": "Point",
        "coordinates": ["122.754", "13.357"]
      }
    },
    {
      "type": "Feature",
      "properties": {
        "description": "Tinau watershed"
      },
      "geometry": {
        "type": "Point",
        "coordinates": ["83.866", "27.427"]
      }
    },
    {
      "type": "Feature",
      "properties": {
        "description": "Tipari to Ghuttu highway corridors in the Garhwal Himalaya"
      },
      "geometry": {
        "type": "Point",
        "coordinates": ["78.5558", "30.8485"]
      }
    },
    {
      "type": "Feature",
      "properties": {
        "description": "Tizi N'tichka region in the High Atlas"
      },
      "geometry": {
        "type": "Point",
        "coordinates": ["7.4293", "31.7994"]
      }
    },
    {
      "type": "Feature",
      "properties": {
        "description": "Tokat Turkey"
      },
      "geometry": {
        "type": "Point",
        "coordinates": ["36.5544", "40.422"]
      }
    },
    {
      "type": "Feature",
      "properties": {
        "description": "Tonggu County"
      },
      "geometry": {
        "type": "Point",
        "coordinates": ["111.9203", "28.4224"]
      }
    },
    {
      "type": "Feature",
      "properties": {
        "description": "Tonglvshan ancient copper mine site"
      },
      "geometry": {
        "type": "Point",
        "coordinates": ["112.701", "29.7635"]
      }
    },
    {
      "type": "Feature",
      "properties": {
        "description": "Tonglvshan mining"
      },
      "geometry": {
        "type": "Point",
        "coordinates": ["112.701", "29.7635"]
      }
    },
    {
      "type": "Feature",
      "properties": {
        "description": "Tons river valley"
      },
      "geometry": {
        "type": "Point",
        "coordinates": ["78.8807", "30.9936"]
      }
    },
    {
      "type": "Feature",
      "properties": {
        "description": "Torgiovannetto"
      },
      "geometry": {
        "type": "Point",
        "coordinates": ["9.2908", "42.8507"]
      }
    },
    {
      "type": "Feature",
      "properties": {
        "description": "towns of Phuentsholing and Chukha"
      },
      "geometry": {
        "type": "Point",
        "coordinates": ["89.1973", "26.843"]
      }
    },
    {
      "type": "Feature",
      "properties": {
        "description": "Trabzon"
      },
      "geometry": {
        "type": "Point",
        "coordinates": ["39.7269", "41.0082"]
      }
    },
    {
      "type": "Feature",
      "properties": {
        "description": "Trabzon province"
      },
      "geometry": {
        "type": "Point",
        "coordinates": ["39.7269", "41.0082"]
      }
    },
    {
      "type": "Feature",
      "properties": {
        "description": "Transylvanian Plateaux"
      },
      "geometry": {
        "type": "Point",
        "coordinates": ["25.0419", "46.4388"]
      }
    },
    {
      "type": "Feature",
      "properties": {
        "description": "Travis County"
      },
      "geometry": {
        "type": "Point",
        "coordinates": ["97.7361", "30.2672"]
      }
    },
    {
      "type": "Feature",
      "properties": {
        "description": "Tri-City"
      },
      "geometry": {
        "type": "Point",
        "coordinates": ["23.6167", "46.7712"]
      }
    },
    {
      "type": "Feature",
      "properties": {
        "description": "Trishuli river in Nepal"
      },
      "geometry": {
        "type": "Point",
        "coordinates": ["84.3871", "27.9582"]
      }
    },
    {
      "type": "Feature",
      "properties": {
        "description": "tropical hilly area of Malaysia"
      },
      "geometry": {
        "type": "Point",
        "coordinates": ["101.9758", "4.2105"]
      }
    },
    {
      "type": "Feature",
      "properties": {
        "description": "tropical region Indonesia"
      },
      "geometry": {
        "type": "Point",
        "coordinates": ["120.9543", "-3.0604"]
      }
    },
    {
      "type": "Feature",
      "properties": {
        "description": "Trung Khanh district of the Cao Bang Province"
      },
      "geometry": {
        "type": "Point",
        "coordinates": ["106.5976", "22.7932"]
      }
    },
    {
      "type": "Feature",
      "properties": {
        "description": "TRW"
      },
      "geometry": {
        "type": "Point",
        "coordinates": ["-118.2538", "34.1721"]
      }
    },
    {
      "type": "Feature",
      "properties": {
        "description": "Tsao"
      },
      "geometry": {
        "type": "Point",
        "coordinates": ["116.3787", "39.0093"]
      }
    },
    {
      "type": "Feature",
      "properties": {
        "description": "Tsengwen River Watershed"
      },
      "geometry": {
        "type": "Point",
        "coordinates": ["120.4356", "23.3132"]
      }
    },
    {
      "type": "Feature",
      "properties": {
        "description": "Tsugawa area of Agano River"
      },
      "geometry": {
        "type": "Point",
        "coordinates": ["138.8314", "37.6107"]
      }
    },
    {
      "type": "Feature",
      "properties": {
        "description": "Tumen"
      },
      "geometry": {
        "type": "Point",
        "coordinates": ["129.8433", "42.5377"]
      }
    },
    {
      "type": "Feature",
      "properties": {
        "description": "Tupul landslide"
      },
      "geometry": {
        "type": "Point",
        "coordinates": ["94.0336", "24.5139"]
      }
    },
    {
      "type": "Feature",
      "properties": {
        "description": "Turbolo River catchment"
      },
      "geometry": {
        "type": "Point",
        "coordinates": ["145.2065", "-6.2778"]
      }
    },
    {
      "type": "Feature",
      "properties": {
        "description": "Turkey"
      },
      "geometry": {
        "type": "Point",
        "coordinates": ["35.2433", "38.9637"]
      }
    },
    {
      "type": "Feature",
      "properties": {
        "description": "Turkiye"
      },
      "geometry": {
        "type": "Point",
        "coordinates": ["35.2433", "38.9637"]
      }
    },
    {
      "type": "Feature",
      "properties": {
        "description": "Turnoff Creek rock avalanche in Canada"
      },
      "geometry": {
        "type": "Point",
        "coordinates": ["-130.8247", "54.2754"]
      }
    },
    {
      "type": "Feature",
      "properties": {
        "description": "Turrialba"
      },
      "geometry": {
        "type": "Point",
        "coordinates": ["-83.7666", "9.9045"]
      }
    },
    {
      "type": "Feature",
      "properties": {
        "description": "Tuscany"
      },
      "geometry": {
        "type": "Point",
        "coordinates": ["11.2550", "43.7711"]
      }
    },
    {
      "type": "Feature",
      "properties": {
        "description": "Tutkabon"
      },
      "geometry": {
        "type": "Point",
        "coordinates": ["117.0254", "0.9892"]
      }
    },
    {
      "type": "Feature",
      "properties": {
        "description": "Two towns in the Three - Gorge Reservoir area of China"
      },
      "geometry": {
        "type": "Point",
        "coordinates": ["110.9788", "30.8240"]
      }
    },
    {
      "type": "Feature",
      "properties": {
        "description": "U.K."
      },
      "geometry": {
        "type": "Point",
        "coordinates": ["0.1276", "51.5074"]
      }
    },
    {
      "type": "Feature",
      "properties": {
        "description": "U.P."
      },
      "geometry": {
        "type": "Point",
        "coordinates": ["80.9462", "26.8467"]
      }
    },
    {
      "type": "Feature",
      "properties": {
        "description": "U.S."
      },
      "geometry": {
        "type": "Point",
        "coordinates": ["95.7129", "37.0902"]
      }
    },
    {
      "type": "Feature",
      "properties": {
        "description": "Uatzau"
      },
      "geometry": {
        "type": "Point",
        "coordinates": ["38.9530", "13.0421"]
      }
    },
    {
      "type": "Feature",
      "properties": {
        "description": "Uatzau basin in northwestern Ethiopia"
      },
      "geometry": {
        "type": "Point",
        "coordinates": ["38.9827", "12.8299"]
      }
    },
    {
      "type": "Feature",
      "properties": {
        "description": "Ucab"
      },
      "geometry": {
        "type": "Point",
        "coordinates": ["120.6975", "15.0171"]
      }
    },
    {
      "type": "Feature",
      "properties": {
        "description": "Udi - Iva Valley region of Enugu state"
      },
      "geometry": {
        "type": "Point",
        "coordinates": ["7.4468", "6.5303"]
      }
    },
    {
      "type": "Feature",
      "properties": {
        "description": "Ujung Loe Watershed"
      },
      "geometry": {
        "type": "Point",
        "coordinates": ["119.3075", "0.6124"]
      }
    },
    {
      "type": "Feature",
      "properties": {
        "description": "UK"
      },
      "geometry": {
        "type": "Point",
        "coordinates": ["0.1276", "51.5074"]
      }
    },
    {
      "type": "Feature",
      "properties": {
        "description": "Ulsan"
      },
      "geometry": {
        "type": "Point",
        "coordinates": ["129.3114", "35.5384"]
      }
    },
    {
      "type": "Feature",
      "properties": {
        "description": "Ulus district of the Bartin province"
      },
      "geometry": {
        "type": "Point",
        "coordinates": ["32.4057", "41.9656"]
      }
    },
    {
      "type": "Feature",
      "properties": {
        "description": "Umbria"
      },
      "geometry": {
        "type": "Point",
        "coordinates": ["12.4964", "42.9384"]
      }
    },
    {
      "type": "Feature",
      "properties": {
        "description": "Umyeonsan"
      },
      "geometry": {
        "type": "Point",
        "coordinates": ["126.9464", "37.2594"]
      }
    },
    {
      "type": "Feature",
      "properties": {
        "description": "United States"
      },
      "geometry": {
        "type": "Point",
        "coordinates": ["95.7129", "37.0902"]
      }
    },
    {
      "type": "Feature",
      "properties": {
        "description": "upland catchment of river Meenachil"
      },
      "geometry": {
        "type": "Point",
        "coordinates": ["76.8512", "9.9519"]
      }
    },
    {
      "type": "Feature",
      "properties": {
        "description": "upper basin of Ataturk Dam"
      },
      "geometry": {
        "type": "Point",
        "coordinates": ["37.1679", "37.5645"]
      }
    },
    {
      "type": "Feature",
      "properties": {
        "description": "upper Blue Nile"
      },
      "geometry": {
        "type": "Point",
        "coordinates": ["35.2268", "12.1425"]
      }
    },
    {
      "type": "Feature",
      "properties": {
        "description": "upper catchment areas of the Mandakini river"
      },
      "geometry": {
        "type": "Point",
        "coordinates": ["79.1378", "30.7264"]
      }
    },
    {
      "type": "Feature",
      "properties": {
        "description": "upper catchment of Meenachil river of Kerala"
      },
      "geometry": {
        "type": "Point",
        "coordinates": ["77.1936", "9.6685"]
      }
    },
    {
      "type": "Feature",
      "properties": {
        "description": "upper Citarum River catchment"
      },
      "geometry": {
        "type": "Point",
        "coordinates": ["107.3276", "6.8846"]
      }
    },
    {
      "type": "Feature",
      "properties": {
        "description": "upper Indus watershed"
      },
      "geometry": {
        "type": "Point",
        "coordinates": ["76.6393", "33.6844"]
      }
    },
    {
      "type": "Feature",
      "properties": {
        "description": "upper Jinsha River"
      },
      "geometry": {
        "type": "Point",
        "coordinates": ["101.8216", "29.9604"]
      }
    },
    {
      "type": "Feature",
      "properties": {
        "description": "Upper Maili Suu river basin"
      },
      "geometry": {
        "type": "Point",
        "coordinates": ["74.7125", "39.7769"]
      }
    },
    {
      "type": "Feature",
      "properties": {
        "description": "upper Minjiang River Basin"
      },
      "geometry": {
        "type": "Point",
        "coordinates": ["102.8326", "30.0178"]
      }
    },
    {
      "type": "Feature",
      "properties": {
        "description": "upper northern region of Thailand"
      },
      "geometry": {
        "type": "Point",
        "coordinates": ["100.9925", "18.7900"]
      }
    },
    {
      "type": "Feature",
      "properties": {
        "description": "upper Nyabarongo catchment"
      },
      "geometry": {
        "type": "Point",
        "coordinates": ["29.6051", "-2.0061"]
      }
    },
    {
      "type": "Feature",
      "properties": {
        "description": "upper part of Badong County"
      },
      "geometry": {
        "type": "Point",
        "coordinates": ["111.8271", "31.0456"]
      }
    },
    {
      "type": "Feature",
      "properties": {
        "description": "upper Rangit catchment"
      },
      "geometry": {
        "type": "Point",
        "coordinates": ["88.8210", "27.4967"]
      }
    },
    {
      "type": "Feature",
      "properties": {
        "description": "Upper Rangit River basin of eastern Himalayan"
      },
      "geometry": {
        "type": "Point",
        "coordinates": ["88.9368", "27.6642"]
      }
    },
    {
      "type": "Feature",
      "properties": {
        "description": "Upper Reaches Area of Red River Basin"
      },
      "geometry": {
        "type": "Point",
        "coordinates": ["105.5641", "23.5926"]
      }
    },
    {
      "type": "Feature",
      "properties": {
        "description": "upper reaches of the Jinsha River"
      },
      "geometry": {
        "type": "Point",
        "coordinates": ["99.8728", "28.9802"]
      }
    },
    {
      "type": "Feature",
      "properties": {
        "description": "Upper Sele river Valley"
      },
      "geometry": {
        "type": "Point",
        "coordinates": ["15.0060", "46.3341"]
      }
    },
    {
      "type": "Feature",
      "properties": {
        "description": "upper Tanarello stream basin"
      },
      "geometry": {
        "type": "Point",
        "coordinates": ["7.7662", "44.2251"]
      }
    },
    {
      "type": "Feature",
      "properties": {
        "description": "upper western sections of Jammu & Kashmir"
      },
      "geometry": {
        "type": "Point",
        "coordinates": ["74.6691", "33.7782"]
      }
    },
    {
      "type": "Feature",
      "properties": {
        "description": "upstream of the Minjiang River on the eastern Tibetan Plateau"
      },
      "geometry": {
        "type": "Point",
        "coordinates": ["101.3459", "31.3357"]
      }
    },
    {
      "type": "Feature",
      "properties": {
        "description": "urban area of Azazga"
      },
      "geometry": {
        "type": "Point",
        "coordinates": ["4.4276", "36.7274"]
      }
    },
    {
      "type": "Feature",
      "properties": {
        "description": "urban area of Sidi Abdellah"
      },
      "geometry": {
        "type": "Point",
        "coordinates": ["-3.0328", "36.7037"]
      }
    },
    {
      "type": "Feature",
      "properties": {
        "description": "urban area of Wanzhou"
      },
      "geometry": {
        "type": "Point",
        "coordinates": ["108.4120", "30.8150"]
      }
    },
    {
      "type": "Feature",
      "properties": {
        "description": "urban region of Ouro Preto"
      },
      "geometry": {
        "type": "Point",
        "coordinates": ["-43.5282", "-20.3800"]
      }
    },
    {
      "type": "Feature",
      "properties": {
        "description": "Urmia lake basin"
      },
      "geometry": {
        "type": "Point",
        "coordinates": ["46.7717", "37.6046"]
      }
    },
    {
      "type": "Feature",
      "properties": {
        "description": "Urmia lake basin in northwest Iran"
      },
      "geometry": {
        "type": "Point",
        "coordinates": ["45.0761", "37.5525"]
      }
    },
    {
      "type": "Feature",
      "properties": {
        "description": "URRB"
      },
      "geometry": {
        "type": "Point",
        "coordinates": ["58.0014", "38.7465"]
      }
    },
    {
      "type": "Feature",
      "properties": {
        "description": "US"
      },
      "geometry": {
        "type": "Point",
        "coordinates": ["100.4459", "39.7837"]
      }
    },
    {
      "type": "Feature",
      "properties": {
        "description": "USA"
      },
      "geometry": {
        "type": "Point",
        "coordinates": ["100.4459", "39.7837"]
      }
    },
    {
      "type": "Feature",
      "properties": {
        "description": "Uttarakashi district"
      },
      "geometry": {
        "type": "Point",
        "coordinates": ["78.4564", "30.7304"]
      }
    },
    {
      "type": "Feature",
      "properties": {
        "description": "Uttarakhand"
      },
      "geometry": {
        "type": "Point",
        "coordinates": ["78.7714", "30.0668"]
      }
    },
    {
      "type": "Feature",
      "properties": {
        "description": "Uttarakhand containing"
      },
      "geometry": {
        "type": "Point",
        "coordinates": ["78.7714", "30.0668"]
      }
    },
    {
      "type": "Feature",
      "properties": {
        "description": "Uttarakhand Himalayas of India"
      },
      "geometry": {
        "type": "Point",
        "coordinates": ["79.0193", "30.0668"]
      }
    },
    {
      "type": "Feature",
      "properties": {
        "description": "Uttarakhand region of Himalaya"
      },
      "geometry": {
        "type": "Point",
        "coordinates": ["79.0193", "30.0668"]
      }
    },
    {
      "type": "Feature",
      "properties": {
        "description": "uttarakhand state districts"
      },
      "geometry": {
        "type": "Point",
        "coordinates": ["78.0337", "30.0668"]
      }
    },
    {
      "type": "Feature",
      "properties": {
        "description": "Uttarkashi district of India"
      },
      "geometry": {
        "type": "Point",
        "coordinates": ["78.4564", "30.7304"]
      }
    },
    {
      "type": "Feature",
      "properties": {
        "description": "Uttarkashi district of the Uttarakhand state"
      },
      "geometry": {
        "type": "Point",
        "coordinates": ["78.4564", "30.7304"]
      }
    },
    {
      "type": "Feature",
      "properties": {
        "description": "Uwajima City"
      },
      "geometry": {
        "type": "Point",
        "coordinates": ["132.5594", "33.2203"]
      }
    },
    {
      "type": "Feature",
      "properties": {
        "description": "Uzbekistan"
      },
      "geometry": {
        "type": "Point",
        "coordinates": ["64.5853", "41.3775"]
      }
    },
    {
      "type": "Feature",
      "properties": {
        "description": "Valencia"
      },
      "geometry": {
        "type": "Point",
        "coordinates": ["0.3763", "39.4699"]
      }
    },
    {
      "type": "Feature",
      "properties": {
        "description": "Valjevo City"
      },
      "geometry": {
        "type": "Point",
        "coordinates": ["19.9013", "44.2706"]
      }
    },
    {
      "type": "Feature",
      "properties": {
        "description": "valley regions of Sikkim Himalaya"
      },
      "geometry": {
        "type": "Point",
        "coordinates": ["88.5399", "27.5329"]
      }
    },
    {
      "type": "Feature",
      "properties": {
        "description": "Van"
      },
      "geometry": {
        "type": "Point",
        "coordinates": ["42.8719", "38.3732"]
      }
    },
    {
      "type": "Feature",
      "properties": {
        "description": "Van Chan district"
      },
      "geometry": {
        "type": "Point",
        "coordinates": ["104.7583", "21.6300"]
      }
    },
    {
      "type": "Feature",
      "properties": {
        "description": "Van Chan district of the Yen Bai Province"
      },
      "geometry": {
        "type": "Point",
        "coordinates": ["104.7583", "21.6300"]
      }
    },
    {
      "type": "Feature",
      "properties": {
        "description": "Vancouver Island"
      },
      "geometry": {
        "type": "Point",
        "coordinates": ["125.2730", "49.2827"]
      }
    },
    {
      "type": "Feature",
      "properties": {
        "description": "Vegetated slopes in Malipo"
      },
      "geometry": {
        "type": "Point",
        "coordinates": ["104.0", "25.0"]
      }
    },
    {
      "type": "Feature",
      "properties": {
        "description": "Vejle Fjord"
      },
      "geometry": {
        "type": "Point",
        "coordinates": ["9.7333", "55.7200"]
      }
    },
    {
      "type": "Feature",
      "properties": {
        "description": "Vernazza catchment"
      },
      "geometry": {
        "type": "Point",
        "coordinates": ["9.6784", "44.1344"]
      }
    },
    {
      "type": "Feature",
      "properties": {
        "description": "Viet Nam"
      },
      "geometry": {
        "type": "Point",
        "coordinates": ["108.2772", "14.0583"]
      }
    },
    {
      "type": "Feature",
      "properties": {
        "description": "Vietnam"
      },
      "geometry": {
        "type": "Point",
        "coordinates": ["108.2772", "14.0583"]
      }
    },
    {
      "type": "Feature",
      "properties": {
        "description": "Vietnamese Laotian border district"
      },
      "geometry": {
        "type": "Point",
        "coordinates": ["105.5544", "18.2892"]
      }
    },
    {
      "type": "Feature",
      "properties": {
        "description": "Villa Santa Lucia"
      },
      "geometry": {
        "type": "Point",
        "coordinates": ["123.6992", "52.5872"]
      }
    },
    {
      "type": "Feature",
      "properties": {
        "description": "village of Rampac Grande in northern Peru"
      },
      "geometry": {
        "type": "Point",
        "coordinates": ["78.0842", "8.8659"]
      }
    },
    {
      "type": "Feature",
      "properties": {
        "description": "village Podi"
      },
      "geometry": {
        "type": "Point",
        "coordinates": ["120.4219", "10.6017"]
      }
    },
    {
      "type": "Feature",
      "properties": {
        "description": "Vitoria"
      },
      "geometry": {
        "type": "Point",
        "coordinates": ["2.7358", "42.8595"]
      }
    },
    {
      "type": "Feature",
      "properties": {
        "description": "Vitravo River catchment"
      },
      "geometry": {
        "type": "Point",
        "coordinates": ["121.9625", "0.5702"]
      }
    },
    {
      "type": "Feature",
      "properties": {
        "description": "volcanic mountains in West Java Province"
      },
      "geometry": {
        "type": "Point",
        "coordinates": ["107.6179", "6.9175"]
      }
    },
    {
      "type": "Feature",
      "properties": {
        "description": "Vrancea - Buzau seismogenic region in the Carpathian Mountains"
      },
      "geometry": {
        "type": "Point",
        "coordinates": ["26.6485", "45.8286"]
      }
    },
    {
      "type": "Feature",
      "properties": {
        "description": "Wadi Watier"
      },
      "geometry": {
        "type": "Point",
        "coordinates": ["35.6586", "26.6984"]
      }
    },
    {
      "type": "Feature",
      "properties": {
        "description": "Wagirkidul"
      },
      "geometry": {
        "type": "Point",
        "coordinates": ["111.3894", "6.8434"]
      }
    },
    {
      "type": "Feature",
      "properties": {
        "description": "Waidhofen / Ybbs"
      },
      "geometry": {
        "type": "Point",
        "coordinates": ["14.7710", "47.9658"]
      }
    },
    {
      "type": "Feature",
      "properties": {
        "description": "Waidhofen an der Ybbs"
      },
      "geometry": {
        "type": "Point",
        "coordinates": ["14.7710", "47.9658"]
      }
    },
    {
      "type": "Feature",
      "properties": {
        "description": "Wan county"
      },
      "geometry": {
        "type": "Point",
        "coordinates": ["100.9520", "34.5212"]
      }
    },
    {
      "type": "Feature",
      "properties": {
        "description": "Wanzhou County"
      },
      "geometry": {
        "type": "Point",
        "coordinates": ["108.3843", "30.8252"]
      }
    },
    {
      "type": "Feature",
      "properties": {
        "description": "Wanzhou district"
      },
      "geometry": {
        "type": "Point",
        "coordinates": ["108.3853", "30.8071"]
      }
    },
    {
      "type": "Feature",
      "properties": {
        "description": "Wanzhou district in the Three Gorges Reservoir"
      },
      "geometry": {
        "type": "Point",
        "coordinates": ["108.9076", "30.7913"]
      }
    },
    {
      "type": "Feature",
      "properties": {
        "description": "Wanzhou district of Chongqing city"
      },
      "geometry": {
        "type": "Point",
        "coordinates": ["108.3853", "30.8071"]
      }
    },
    {
      "type": "Feature",
      "properties": {
        "description": "Wanzhou in Three Gorges"
      },
      "geometry": {
        "type": "Point",
        "coordinates": ["108.5801", "30.8401"]
      }
    },
    {
      "type": "Feature",
      "properties": {
        "description": "Wanzhou section"
      },
      "geometry": {
        "type": "Point",
        "coordinates": ["108.3853", "30.8071"]
      }
    },
    {
      "type": "Feature",
      "properties": {
        "description": "Washington"
      },
      "geometry": {
        "type": "Point",
        "coordinates": ["77.0369", "38.9072"]
      }
    },
    {
      "type": "Feature",
      "properties": {
        "description": "Washington State"
      },
      "geometry": {
        "type": "Point",
        "coordinates": ["120.7401", "47.7511"]
      }
    },
    {
      "type": "Feature",
      "properties": {
        "description": "watershed region in northern Taiwan"
      },
      "geometry": {
        "type": "Point",
        "coordinates": ["121.5090", "25.1055"]
      }
    },
    {
      "type": "Feature",
      "properties": {
        "description": "Wayanad"
      },
      "geometry": {
        "type": "Point",
        "coordinates": ["76.0830", "11.6856"]
      }
    },
    {
      "type": "Feature",
      "properties": {
        "description": "Wayanad district of Kerala state in India"
      },
      "geometry": {
        "type": "Point",
        "coordinates": ["76.0830", "11.6856"]
      }
    },
    {
      "type": "Feature",
      "properties": {
        "description": "Wen County"
      },
      "geometry": {
        "type": "Point",
        "coordinates": ["102.7130", "34.8494"]
      }
    },
    {
      "type": "Feature",
      "properties": {
        "description": "Wenchuan"
      },
      "geometry": {
        "type": "Point",
        "coordinates": ["103.5790", "31.4399"]
      }
    },
    {
      "type": "Feature",
      "properties": {
        "description": "Wenchuan - Yingxiu"
      },
      "geometry": {
        "type": "Point",
        "coordinates": ["103.2270", "31.0855"]
      }
    },
    {
      "type": "Feature",
      "properties": {
        "description": "Wenchuan area in southwestern China"
      },
      "geometry": {
        "type": "Point",
        "coordinates": ["103.5790", "31.4399"]
      }
    },
    {
      "type": "Feature",
      "properties": {
        "description": "Wenchuan County"
      },
      "geometry": {
        "type": "Point",
        "coordinates": ["103.5790", "31.4399"]
      }
    },
    {
      "type": "Feature",
      "properties": {
        "description": "Wenchuan earthquake"
      },
      "geometry": {
        "type": "Point",
        "coordinates": ["103.3323", "31.0173"]
      }
    },
    {
      "type": "Feature",
      "properties": {
        "description": "Wenchuan earthquake region of China"
      },
      "geometry": {
        "type": "Point",
        "coordinates": ["103.3323", "31.0173"]
      }
    },
    {
      "type": "Feature",
      "properties": {
        "description": "West Bengal"
      },
      "geometry": {
        "type": "Point",
        "coordinates": ["87.8550", "22.9868"]
      }
    },
    {
      "type": "Feature",
      "properties": {
        "description": "West coast"
      },
      "geometry": {
        "type": "Point",
        "coordinates": ["120.0", "18.0"]
      }
    },
    {
      "type": "Feature",
      "properties": {
        "description": "West Java Province"
      },
      "geometry": {
        "type": "Point",
        "coordinates": ["107.6175", "-6.9175"]
      }
    },
    {
      "type": "Feature",
      "properties": {
        "description": "west of Iran"
      },
      "geometry": {
        "type": "Point",
        "coordinates": ["49.8333", "32.4279"]
      }
    },
    {
      "type": "Feature",
      "properties": {
        "description": "west of Kermanshah Province"
      },
      "geometry": {
        "type": "Point",
        "coordinates": ["46.2086", "34.3142"]
      }
    },
    {
      "type": "Feature",
      "properties": {
        "description": "west of the Gat - e Kash village"
      },
      "geometry": {
        "type": "Point",
        "coordinates": ["48.3722", "34.7484"]
      }
    },
    {
      "type": "Feature",
      "properties": {
        "description": "West Sikkim"
      },
      "geometry": {
        "type": "Point",
        "coordinates": ["88.3000", "27.3333"]
      }
    },
    {
      "type": "Feature",
      "properties": {
        "description": "West Sikkim district in India"
      },
      "geometry": {
        "type": "Point",
        "coordinates": ["88.3000", "27.3333"]
      }
    },
    {
      "type": "Feature",
      "properties": {
        "description": "west Turkey"
      },
      "geometry": {
        "type": "Point",
        "coordinates": ["31.1656", "37.0902"]
      }
    },
    {
      "type": "Feature",
      "properties": {
        "description": "Western"
      },
      "geometry": {
        "type": "Point",
        "coordinates": ["94.2596", "36.7783"]
      }
    },
    {
      "type": "Feature",
      "properties": {
        "description": "Western Algeria"
      },
      "geometry": {
        "type": "Point",
        "coordinates": ["2.6333", "28.0339"]
      }
    },
    {
      "type": "Feature",
      "properties": {
        "description": "Western and Eastern Ghats of India"
      },
      "geometry": {
        "type": "Point",
        "coordinates": ["78.9629", "20.5937"]
      }
    },
    {
      "type": "Feature",
      "properties": {
        "description": "western Antalya"
      },
      "geometry": {
        "type": "Point",
        "coordinates": ["30.7133", "36.8969"]
      }
    },
    {
      "type": "Feature",
      "properties": {
        "description": "western Azerbaijan"
      },
      "geometry": {
        "type": "Point",
        "coordinates": ["47.5000", "40.1431"]
      }
    },
    {
      "type": "Feature",
      "properties": {
        "description": "Western Ghats region in Kollam district"
      },
      "geometry": {
        "type": "Point",
        "coordinates": ["76.6112", "8.5241"]
      }
    },
    {
      "type": "Feature",
      "properties": {
        "description": "Western Ghats region of Karnataka province"
      },
      "geometry": {
        "type": "Point",
        "coordinates": ["75.7139", "14.5204"]
      }
    },
    {
      "type": "Feature",
      "properties": {
        "description": "Western Greece"
      },
      "geometry": {
        "type": "Point",
        "coordinates": ["21.7536", "37.9838"]
      }
    },
    {
      "type": "Feature",
      "properties": {
        "description": "Western Himalayan Kaghan Valley of Pakistan"
      },
      "geometry": {
        "type": "Point",
        "coordinates": ["73.5144", "34.7995"]
      }
    },
    {
      "type": "Feature",
      "properties": {
        "description": "western India"
      },
      "geometry": {
        "type": "Point",
        "coordinates": ["72.8777", "19.7515"]
      }
    },
    {
      "type": "Feature",
      "properties": {
        "description": "Western Iran"
      },
      "geometry": {
        "type": "Point",
        "coordinates": ["49.8333", "32.4279"]
      }
    },
    {
      "type": "Feature",
      "properties": {
        "description": "western Olympic Mountains of Washington State"
      },
      "geometry": {
        "type": "Point",
        "coordinates": ["123.3117", "47.8021"]
      }
    },
    {
      "type": "Feature",
      "properties": {
        "description": "western part of Crete Island"
      },
      "geometry": {
        "type": "Point",
        "coordinates": ["23.8360", "35.2401"]
      }
    },
    {
      "type": "Feature",
      "properties": {
        "description": "western part of Hong Kong island"
      },
      "geometry": {
        "type": "Point",
        "coordinates": ["113.9448", "22.2817"]
      }
    },
    {
      "type": "Feature",
      "properties": {
        "description": "western part of the Indian Ocean"
      },
      "geometry": {
        "type": "Point",
        "coordinates": ["49.0975", "13.7416"]
      }
    },
    {
      "type": "Feature",
      "properties": {
        "description": "western part of the Republic of Serbia"
      },
      "geometry": {
        "type": "Point",
        "coordinates": ["19.4562", "44.0165"]
      }
    },
    {
      "type": "Feature",
      "properties": {
        "description": "western part of Tyrol/Austria"
      },
      "geometry": {
        "type": "Point",
        "coordinates": ["11.3340", "47.0481"]
      }
    },
    {
      "type": "Feature",
      "properties": {
        "description": "western portion of Tijuca Massif"
      },
      "geometry": {
        "type": "Point",
        "coordinates": ["43.2267", "22.9584"]
      }
    },
    {
      "type": "Feature",
      "properties": {
        "description": "western province of Rwanda"
      },
      "geometry": {
        "type": "Point",
        "coordinates": ["29.8540", "-2.0026"]
      }
    },
    {
      "type": "Feature",
      "properties": {
        "description": "western region of Thua Thien Hue province"
      },
      "geometry": {
        "type": "Point",
        "coordinates": ["107.8964", "16.3015"]
      }
    },
    {
      "type": "Feature",
      "properties": {
        "description": "western Serbia"
      },
      "geometry": {
        "type": "Point",
        "coordinates": ["19.4562", "44.0165"]
      }
    },
    {
      "type": "Feature",
      "properties": {
        "description": "western STEC"
      },
      "geometry": {
        "type": "Point",
        "coordinates": ["82.9485", "54.9391"]
      }
    },
    {
      "type": "Feature",
      "properties": {
        "description": "WG"
      },
      "geometry": {
        "type": "Point",
        "coordinates": ["122.4058", "37.7749"]
      }
    },
    {
      "type": "Feature",
      "properties": {
        "description": "whole Rif mountains in Morocco"
      },
      "geometry": {
        "type": "Point",
        "coordinates": ["-4.0364", "35.1615"]
      }
    },
    {
      "type": "Feature",
      "properties": {
        "description": "windward slopes of the southern Western Ghats"
      },
      "geometry": {
        "type": "Point",
        "coordinates": ["76.8943", "10.8505"]
      }
    },
    {
      "type": "Feature",
      "properties": {
        "description": "Wonosobo"
      },
      "geometry": {
        "type": "Point",
        "coordinates": ["110.7588", "-7.3602"]
      }
    },
    {
      "type": "Feature",
      "properties": {
        "description": "Woomyeon Mountain"
      },
      "geometry": {
        "type": "Point",
        "coordinates": ["126.7582", "37.6920"]
      }
    },
    {
      "type": "Feature",
      "properties": {
        "description": "Wu River"
      },
      "geometry": {
        "type": "Point",
        "coordinates": ["114.7375", "23.9628"]
      }
    },
    {
      "type": "Feature",
      "properties": {
        "description": "Wudu County in northwestern China"
      },
      "geometry": {
        "type": "Point",
        "coordinates": ["102.7762", "31.9196"]
      }
    },
    {
      "type": "Feature",
      "properties": {
        "description": "Wulipo"
      },
      "geometry": {
        "type": "Point",
        "coordinates": ["128.0352", "38.2675"]
      }
    },
    {
      "type": "Feature",
      "properties": {
        "description": "Wulong"
      },
      "geometry": {
        "type": "Point",
        "coordinates": ["107.4087", "29.3237"]
      }
    },
    {
      "type": "Feature",
      "properties": {
        "description": "Wuqi County"
      },
      "geometry": {
        "type": "Point",
        "coordinates": ["109.9393", "34.1677"]
      }
    },
    {
      "type": "Feature",
      "properties": {
        "description": "Wushan"
      },
      "geometry": {
        "type": "Point",
        "coordinates": ["108.6", "31.5"]
      }
    },
    {
      "type": "Feature",
      "properties": {
        "description": "Wushan - Badong area in the Three Gorges"
      },
      "geometry": {
        "type": "Point",
        "coordinates": ["109.5736", "31.0917"]
      }
    },
    {
      "type": "Feature",
      "properties": {
        "description": "Wushan and Badong Towns"
      },
      "geometry": {
        "type": "Point",
        "coordinates": ["110.8038", "31.0658"]
      }
    },
    {
      "type": "Feature",
      "properties": {
        "description": "Wushan County"
      },
      "geometry": {
        "type": "Point",
        "coordinates": ["109.6941", "31.1597"]
      }
    },
    {
      "type": "Feature",
      "properties": {
        "description": "Wushan segment of TGRA"
      },
      "geometry": {
        "type": "Point",
        "coordinates": ["109.5761", "32.1253"]
      }
    },
    {
      "type": "Feature",
      "properties": {
        "description": "Wuxi"
      },
      "geometry": {
        "type": "Point",
        "coordinates": ["120.2934", "31.4912"]
      }
    },
    {
      "type": "Feature",
      "properties": {
        "description": "Wuyuan"
      },
      "geometry": {
        "type": "Point",
        "coordinates": ["117.8223", "29.3122"]
      }
    },
    {
      "type": "Feature",
      "properties": {
        "description": "Xi an"
      },
      "geometry": {
        "type": "Point",
        "coordinates": ["108.9402", "34.3416"]
      }
    },
    {
      "type": "Feature",
      "properties": {
        "description": "Xiangjiaba Reservoir"
      },
      "geometry": {
        "type": "Point",
        "coordinates": ["109.0292", "31.6368"]
      }
    },
    {
      "type": "Feature",
      "properties": {
        "description": "Xianshuihe fault"
      },
      "geometry": {
        "type": "Point",
        "coordinates": ["102.8257", "30.9966"]
      }
    },
    {
      "type": "Feature",
      "properties": {
        "description": "Xianyang City"
      },
      "geometry": {
        "type": "Point",
        "coordinates": ["108.7004", "34.3363"]
      }
    },
    {
      "type": "Feature",
      "properties": {
        "description": "Xiaojiang watershed"
      },
      "geometry": {
        "type": "Point",
        "coordinates": ["108.6347", "28.0688"]
      }
    },
    {
      "type": "Feature",
      "properties": {
        "description": "Xiaojin County"
      },
      "geometry": {
        "type": "Point",
        "coordinates": ["102.3651", "29.0059"]
      }
    },
    {
      "type": "Feature",
      "properties": {
        "description": "Xiaowan project"
      },
      "geometry": {
        "type": "Point",
        "coordinates": ["100.8959", "25.6196"]
      }
    },
    {
      "type": "Feature",
      "properties": {
        "description": "Xing Guo County"
      },
      "geometry": {
        "type": "Point",
        "coordinates": ["114.5094", "25.4416"]
      }
    },
    {
      "type": "Feature",
      "properties": {
        "description": "Xingshan County"
      },
      "geometry": {
        "type": "Point",
        "coordinates": ["110.7781", "31.1969"]
      }
    },
    {
      "type": "Feature",
      "properties": {
        "description": "Xinmo village of Maoxian County"
      },
      "geometry": {
        "type": "Point",
        "coordinates": ["103.0665", "31.9769"]
      }
    },
    {
      "type": "Feature",
      "properties": {
        "description": "Xintan"
      },
      "geometry": {
        "type": "Point",
        "coordinates": ["109.2461", "31.7576"]
      }
    },
    {
      "type": "Feature",
      "properties": {
        "description": "Xiushui"
      },
      "geometry": {
        "type": "Point",
        "coordinates": ["114.5386", "29.6132"]
      }
    },
    {
      "type": "Feature",
      "properties": {
        "description": "XLG"
      },
      "geometry": {
        "type": "Point",
        "coordinates": ["0.0", "0.0"]
      }
    },

    {
      "type": "Feature",
      "properties": {
        "description": "XSF zone"
      },
      "geometry": {
        "type": "Point",
        "coordinates": ["113.7771", "34.7466"]
      }
    },
    {
      "type": "Feature",
      "properties": {
        "description": "Xulong Gully"
      },
      "geometry": {
        "type": "Point",
        "coordinates": ["100.5751", "29.3629"]
      }
    },
    {
      "type": "Feature",
      "properties": {
        "description": "Xunwu"
      },
      "geometry": {
        "type": "Point",
        "coordinates": ["115.6503", "24.9509"]
      }
    },
    {
      "type": "Feature",
      "properties": {
        "description": "Xunwu County"
      },
      "geometry": {
        "type": "Point",
        "coordinates": ["115.6503", "24.9509"]
      }
    },
    {
      "type": "Feature",
      "properties": {
        "description": "Xunwu County of Jiangxi Province in China"
      },
      "geometry": {
        "type": "Point",
        "coordinates": ["115.6503", "24.9509"]
      }
    },
    {
      "type": "Feature",
      "properties": {
        "description": "Yadong County"
      },
      "geometry": {
        "type": "Point",
        "coordinates": ["80.1033", "27.4829"]
      }
    },
    {
      "type": "Feature",
      "properties": {
        "description": "Yahiko Mountain"
      },
      "geometry": {
        "type": "Point",
        "coordinates": ["139.0984", "37.6862"]
      }
    },
    {
      "type": "Feature",
      "properties": {
        "description": "Yan an City"
      },
      "geometry": {
        "type": "Point",
        "coordinates": ["110.4272", "36.6113"]
      }
    },
    {
      "type": "Feature",
      "properties": {
        "description": "Yan- n City"
      },
      "geometry": {
        "type": "Point",
        "coordinates": ["110.4589", "37.7693"]
      }
    },
    {
      "type": "Feature",
      "properties": {
        "description": "Yanbian Prefecture"
      },
      "geometry": {
        "type": "Point",
        "coordinates": ["129.3880", "42.8964"]
      }
    },
    {
      "type": "Feature",
      "properties": {
        "description": "Yangfanggou hydropower station on the Yalong River"
      },
      "geometry": {
        "type": "Point",
        "coordinates": ["102.1630", "29.1064"]
      }
    },
    {
      "type": "Feature",
      "properties": {
        "description": "Yangjiashan"
      },
      "geometry": {
        "type": "Point",
        "coordinates": ["117.0446", "23.9345"]
      }
    },
    {
      "type": "Feature",
      "properties": {
        "description": "Yangou small watershed"
      },
      "geometry": {
        "type": "Point",
        "coordinates": ["116.2112", "27.9921"]
      }
    },
    {
      "type": "Feature",
      "properties": {
        "description": "Yangtze and its tributaries"
      },
      "geometry": {
        "type": "Point",
        "coordinates": ["105.9246", "29.0244"]
      }
    },
    {
      "type": "Feature",
      "properties": {
        "description": "Yangtze River"
      },
      "geometry": {
        "type": "Point",
        "coordinates": ["112.4594", "31.0856"]
      }
    },
    {
      "type": "Feature",
      "properties": {
        "description": "Yangtze River Economic Zone"
      },
      "geometry": {
        "type": "Point",
        "coordinates": ["121.7986", "29.4082"]
      }
    },
    {
      "type": "Feature",
      "properties": {
        "description": "Yangtze River in China"
      },
      "geometry": {
        "type": "Point",
        "coordinates": ["112.4594", "31.0856"]
      }
    },
    {
      "type": "Feature",
      "properties": {
        "description": "Yangu"
      },
      "geometry": {
        "type": "Point",
        "coordinates": ["116.5625", "37.2176"]
      }
    },
    {
      "type": "Feature",
      "properties": {
        "description": "Yanshan country and Yongxin country in China"
      },
      "geometry": {
        "type": "Point",
        "coordinates": ["115.9517", "24.8796"]
      }
    },
    {
      "type": "Feature",
      "properties": {
        "description": "Yanshan County"
      },
      "geometry": {
        "type": "Point",
        "coordinates": ["116.0", "39.8"]
      }
    },
    {
      "type": "Feature",
      "properties": {
        "description": "Yanshan County located in Shangrao Municipality"
      },
      "geometry": {
        "type": "Point",
        "coordinates": ["117.4634", "28.6688"]
      }
    },
    {
      "type": "Feature",
      "properties": {
        "description": "Yarlung Zangbo Grand Canyon"
      },
      "geometry": {
        "type": "Point",
        "coordinates": ["94.6014", "29.4188"]
      }
    },
    {
      "type": "Feature",
      "properties": {
        "description": "Yelwandi river basin"
      },
      "geometry": {
        "type": "Point",
        "coordinates": ["75.7738", "18.0786"]
      }
    },
    {
      "type": "Feature",
      "properties": {
        "description": "Yelwandi river basin in Maharashtra"
      },
      "geometry": {
        "type": "Point",
        "coordinates": ["75.7738", "18.0786"]
      }
    },
    {
      "type": "Feature",
      "properties": {
        "description": "Yen Bai province"
      },
      "geometry": {
        "type": "Point",
        "coordinates": ["104.8986", "21.7050"]
      }
    },
    {
      "type": "Feature",
      "properties": {
        "description": "Yenice"
      },
      "geometry": {
        "type": "Point",
        "coordinates": ["32.0", "41.5"]
      }
    },
    {
      "type": "Feature",
      "properties": {
        "description": "Yenice district of Karabuk in Turkey"
      },
      "geometry": {
        "type": "Point",
        "coordinates": ["32.4750", "41.4728"]
      }
    },
    {
      "type": "Feature",
      "properties": {
        "description": "Yigong"
      },
      "geometry": {
        "type": "Point",
        "coordinates": ["88.9347", "29.8330"]
      }
    },
    {
      "type": "Feature",
      "properties": {
        "description": "Yihuang"
      },
      "geometry": {
        "type": "Point",
        "coordinates": ["117.3471", "27.5469"]
      }
    },
    {
      "type": "Feature",
      "properties": {
        "description": "Yili"
      },
      "geometry": {
        "type": "Point",
        "coordinates": ["84.2546", "43.1894"]
      }
    },
    {
      "type": "Feature",
      "properties": {
        "description": "Yinghu Lake Basin in Ankang City"
      },
      "geometry": {
        "type": "Point",
        "coordinates": ["109.1001", "32.6809"]
      }
    },
    {
      "type": "Feature",
      "properties": {
        "description": "YLTP"
      },
      "geometry": {
        "type": "Point",
        "coordinates": ["112.5031", "6.5244"]
      }
    },
    {
      "type": "Feature",
      "properties": {
        "description": "Yom River catchment"
      },
      "geometry": {
        "type": "Point",
        "coordinates": ["12.3149", "11.1858"]
      }
    },
    {
      "type": "Feature",
      "properties": {
        "description": "Yongin"
      },
      "geometry": {
        "type": "Point",
        "coordinates": ["127.2", "37.2"]
      }
    },
    {
      "type": "Feature",
      "properties": {
        "description": "Yongin area in Korea"
      },
      "geometry": {
        "type": "Point",
        "coordinates": ["127.1478", "37.2411"]
      }
    },
    {
      "type": "Feature",
      "properties": {
        "description": "Yongin in Korea"
      },
      "geometry": {
        "type": "Point",
        "coordinates": ["127.1478", "37.2411"]
      }
    },
    {
      "type": "Feature",
      "properties": {
        "description": "Yongping County"
      },
      "geometry": {
        "type": "Point",
        "coordinates": ["101.8683", "25.6880"]
      }
    },
    {
      "type": "Feature",
      "properties": {
        "description": "Yongtai County"
      },
      "geometry": {
        "type": "Point",
        "coordinates": ["118.9397", "25.8959"]
      }
    },
    {
      "type": "Feature",
      "properties": {
        "description": "Yongxin"
      },
      "geometry": {
        "type": "Point",
        "coordinates": ["115.3947", "28.2331"]
      }
    },
    {
      "type": "Feature",
      "properties": {
        "description": "Yongxin Country"
      },
      "geometry": {
        "type": "Point",
        "coordinates": ["114.2317", "40.7981"]
      }
    },
    {
      "type": "Feature",
      "properties": {
        "description": "Yongxin County"
      },
      "geometry": {
        "type": "Point",
        "coordinates": ["117.8628", "28.1018"]
      }
    },
    {
      "type": "Feature",
      "properties": {
        "description": "Yongxin County from China"
      },
      "geometry": {
        "type": "Point",
        "coordinates": ["114.5", "27.5"]
      }
    },
    {
      "type": "Feature",
      "properties": {
        "description": "Youfang catchment"
      },
      "geometry": {
        "type": "Point",
        "coordinates": ["113.1526", "24.4700"]
      }
    },
    {
      "type": "Feature",
      "properties": {
        "description": "Youfang catchment of Longnan mountain"
      },
      "geometry": {
        "type": "Point",
        "coordinates": ["106.9201", "33.9086"]
      }
    },
    {
      "type": "Feature",
      "properties": {
        "description": "Youngin"
      },
      "geometry": {
        "type": "Point",
        "coordinates": ["126.9715", "37.3201"]
      }
    },
    {
      "type": "Feature",
      "properties": {
        "description": "Yountville and Capell Valley"
      },
      "geometry": {
        "type": "Point",
        "coordinates": ["122.3733", "38.4044"]
      }
    },
    {
      "type": "Feature",
      "properties": {
        "description": "Yuan'an County in China"
      },
      "geometry": {
        "type": "Point",
        "coordinates": ["108.5182", "31.6081"]
      }
    },
    {
      "type": "Feature",
      "properties": {
        "description": "Yuanyang County of Southwest China"
      },
      "geometry": {
        "type": "Point",
        "coordinates": ["102.7489", "23.1115"]
      }
    },
    {
      "type": "Feature",
      "properties": {
        "description": "Yunfu City"
      },
      "geometry": {
        "type": "Point",
        "coordinates": ["112.0435", "22.9320"]
      }
    },
    {
      "type": "Feature",
      "properties": {
        "description": "Yunnan"
      },
      "geometry": {
        "type": "Point",
        "coordinates": ["101.3431", "24.4752"]
      }
    },
    {
      "type": "Feature",
      "properties": {
        "description": "Yunnan Province"
      },
      "geometry": {
        "type": "Point",
        "coordinates": ["101.3431", "24.4752"]
      }
    },
    {
      "type": "Feature",
      "properties": {
        "description": "Yunyang Country"
      },
      "geometry": {
        "type": "Point",
        "coordinates": ["108.8830", "32.9617"]
      }
    },
    {
      "type": "Feature",
      "properties": {
        "description": "Yunyang County"
      },
      "geometry": {
        "type": "Point",
        "coordinates": ["108.8636", "30.2209"]
      }
    },
    {
      "type": "Feature",
      "properties": {
        "description": "Yuzi River catchment along the eastern margin of the Tibetan Plateau"
      },
      "geometry": {
        "type": "Point",
        "coordinates": ["101.4815", "26.3640"]
      }
    },
    {
      "type": "Feature",
      "properties": {
        "description": "Zab river basin"
      },
      "geometry": {
        "type": "Point",
        "coordinates": ["45.4328", "36.2280"]
      }
    },
    {
      "type": "Feature",
      "properties": {
        "description": "Zagros fold and thrust belt"
      },
      "geometry": {
        "type": "Point",
        "coordinates": ["48.6133", "32.3996"]
      }
    },
    {
      "type": "Feature",
      "properties": {
        "description": "Zanjan"
      },
      "geometry": {
        "type": "Point",
        "coordinates": ["48.4740", "36.6699"]
      }
    },
    {
      "type": "Feature",
      "properties": {
        "description": "Zanou 's river"
      },
      "geometry": {
        "type": "Point",
        "coordinates": ["5.9729", "7.4361"]
      }
    },
    {
      "type": "Feature",
      "properties": {
        "description": "Zemun settlement on the northern outskirts of Belgrade"
      },
      "geometry": {
        "type": "Point",
        "coordinates": ["20.4033", "44.8400"]
      }
    },
    {
      "type": "Feature",
      "properties": {
        "description": "Zentoku"
      },
      "geometry": {
        "type": "Point",
        "coordinates": ["101.3431", "24.4752"]
      }
    },
    {
      "type": "Feature",
      "properties": {
        "description": "Zhangzha Town in Sichuan Province"
      },
      "geometry": {
        "type": "Point",
        "coordinates": ["104.0863", "31.0425"]
      }
    },
    {
      "type": "Feature",
      "properties": {
        "description": "Zhaoping County of eastern Guangxi"
      },
      "geometry": {
        "type": "Point",
        "coordinates": ["110.9966", "24.1366"]
      }
    },
    {
      "type": "Feature",
      "properties": {
        "description": "Zhashui County"
      },
      "geometry": {
        "type": "Point",
        "coordinates": ["108.5180", "33.7867"]
      }
    },
    {
      "type": "Feature",
      "properties": {
        "description": "Zhejiang Province"
      },
      "geometry": {
        "type": "Point",
        "coordinates": ["120.1536", "29.1556"]
      }
    },
    {
      "type": "Feature",
      "properties": {
        "description": "Zhen'an County"
      },
      "geometry": {
        "type": "Point",
        "coordinates": ["109.1503", "31.1582"]
      }
    },
    {
      "type": "Feature",
      "properties": {
        "description": "Zhenping County"
      },
      "geometry": {
        "type": "Point",
        "coordinates": ["112.2354", "31.8514"]
      }
    },
    {
      "type": "Feature",
      "properties": {
        "description": "Zhenxiong County"
      },
      "geometry": {
        "type": "Point",
        "coordinates": ["104.8046", "27.0845"]
      }
    },
    {
      "type": "Feature",
      "properties": {
        "description": "Zhidan County"
      },
      "geometry": {
        "type": "Point",
        "coordinates": ["110.5933", "33.5864"]
      }
    },
    {
      "type": "Feature",
      "properties": {
        "description": "Zhong - Wu natural gas pipeline from Zhongxian County to Wuhan"
      },
      "geometry": {
        "type": "Point",
        "coordinates": ["114.3115", "30.5928"]
      }
    },
    {
      "type": "Feature",
      "properties": {
        "description": "Zhong County"
      },
      "geometry": {
        "type": "Point",
        "coordinates": ["100.3163", "30.8555"]
      }
    },
    {
      "type": "Feature",
      "properties": {
        "description": "Zhoujiaba"
      },
      "geometry": {
        "type": "Point",
        "coordinates": ["102.5828", "29.9947"]
      }
    },
    {
      "type": "Feature",
      "properties": {
        "description": "Zhouqu"
      },
      "geometry": {
        "type": "Point",
        "coordinates": ["104.3653", "33.7884"]
      }
    },
    {
      "type": "Feature",
      "properties": {
        "description": "Zhouqu area of Gansu Province"
      },
      "geometry": {
        "type": "Point",
        "coordinates": ["104.3653", "33.7884"]
      }
    },
    {
      "type": "Feature",
      "properties": {
        "description": "Zhouqu County"
      },
      "geometry": {
        "type": "Point",
        "coordinates": ["104.3653", "33.7884"]
      }
    },
    {
      "type": "Feature",
      "properties": {
        "description": "Zhouqu segment in the Bailongjiang basin in north - western China"
      },
      "geometry": {
        "type": "Point",
        "coordinates": ["104.3653", "33.7884"]
      }
    },
    {
      "type": "Feature",
      "properties": {
        "description": "Zhouqu to Wudu segment in the Bailong River Basin"
      },
      "geometry": {
        "type": "Point",
        "coordinates": ["104.3653", "33.7884"]
      }
    },
    {
      "type": "Feature",
      "properties": {
        "description": "Zhushan County in China"
      },
      "geometry": {
        "type": "Point",
        "coordinates": ["112.2219", "32.3190"]
      }
    },
    {
      "type": "Feature",
      "properties": {
        "description": "Ziarat watershed"
      },
      "geometry": {
        "type": "Point",
        "coordinates": ["67.7750", "30.3595"]
      }
    },
    {
      "type": "Feature",
      "properties": {
        "description": "Zichang City"
      },
      "geometry": {
        "type": "Point",
        "coordinates": ["115.1903", "23.8248"]
      }
    },
    {
      "type": "Feature",
      "properties": {
        "description": "Zichang County"
      },
      "geometry": {
        "type": "Point",
        "coordinates": ["101.6213", "34.0353"]
      }
    },
    {
      "type": "Feature",
      "properties": {
        "description": "Zigui"
      },
      "geometry": {
        "type": "Point",
        "coordinates": ["110.8431", "30.8230"]
      }
    },
    {
      "type": "Feature",
      "properties": {
        "description": "Zigui - Badong"
      },
      "geometry": {
        "type": "Point",
        "coordinates": ["110.5321", "30.8614"]
      }
    },
    {
      "type": "Feature",
      "properties": {
        "description": "Zigui - Badong section"
      },
      "geometry": {
        "type": "Point",
        "coordinates": ["110.4889", "30.8918"]
      }
    },
    {
      "type": "Feature",
      "properties": {
        "description": "Zigui - Badong section in the Three Gorges"
      },
      "geometry": {
        "type": "Point",
        "coordinates": ["110.5835", "30.8727"]
      }
    },
    {
      "type": "Feature",
      "properties": {
        "description": "Zigui Badong area in the Three Gorges region of China"
      },
      "geometry": {
        "type": "Point",
        "coordinates": ["110.6270", "30.8799"]
      }
    },
    {
      "type": "Feature",
      "properties": {
        "description": "Zigui Basin"
      },
      "geometry": {
        "type": "Point",
        "coordinates": ["110.8565", "30.9199"]
      }
    },
    {
      "type": "Feature",
      "properties": {
        "description": "Zigui County"
      },
      "geometry": {
        "type": "Point",
        "coordinates": ["110.9915", "30.8193"]
      }
    },
    {
      "type": "Feature",
      "properties": {
        "description": "Zigui section in three gorges reservoir"
      },
      "geometry": {
        "type": "Point",
        "coordinates": ["110.8953", "30.9229"]
      }
    },
    {
      "type": "Feature",
      "properties": {
        "description": "Zigui segment"
      },
      "geometry": {
        "type": "Point",
        "coordinates": ["110.8431", "30.8230"]
      }
    },
    {
      "type": "Feature",
      "properties": {
        "description": "Zigui to Badong section of the Three Gorges Reservoir"
      },
      "geometry": {
        "type": "Point",
        "coordinates": ["110.5321", "30.8614"]
      }
    },
    {
      "type": "Feature",
      "properties": {
        "description": "ZJB"
      },
      "geometry": {
        "type": "Point",
        "coordinates": ["112.2385", "30.3164"]
      }
    },
    {
      "type": "Feature",
      "properties": {
        "description": "Zojila pass"
      },
      "geometry": {
        "type": "Point",
        "coordinates": ["75.0783", "34.3118"]
      }
    }
  ]
}
