size,path,id,color,name,coordinates,description,type
5000,landslide,landslide,"rgb(255, 136, 0)",landslide,,,root
1000,landslide/landslide.0,landslide.0,"rgb(154, 255, 255)",landslide.landslide.0,"['101.3431', '24.4752']",10 km from the VII isobar of the Gengma,Spot
1000,landslide/landslide.1,landslide.1,"rgb(154, 255, 255)",landslide.landslide.1,"['50.5253', '25.2744']",41 - km rail that crosses the Serra do Mar mountain range,Spot
1000,landslide/landslide.2,landslide.2,"rgb(154, 255, 255)",landslide.landslide.2,"['3.0857', '36.7372']",70 km southeast of the Algerian capital,Spot
1000,landslide/landslide.3,landslide.3,"rgb(154, 255, 255)",landslide.landslide.3,"['78.4322', '30.3090']",a famous tourist destination in the Indian State of Uttarakhand,Spot
1000,landslide/landslide.4,landslide.4,"rgb(154, 255, 255)",landslide.landslide.4,"['6.8481', '49.3727']",A lagou,Spot
1000,landslide/landslide.5,landslide.5,"rgb(154, 255, 255)",landslide.landslide.5,"['38.1317', '9.9378']",Aba Libanos area in Northwestern Ethiopia,Spot
1000,landslide/landslide.6,landslide.6,"rgb(154, 255, 255)",landslide.landslide.6,"['37.4031', '11.7990']",Abay Gorge near Dejen,Spot
1000,landslide/landslide.7,landslide.7,"rgb(154, 255, 255)",landslide.landslide.7,"['73.2407', '34.1688']",Abbottabad,Spot
1000,landslide/landslide.8,landslide.8,"rgb(154, 255, 255)",landslide.landslide.8,"['34.9967', '14.4105']",Abe Barek,Spot
1000,landslide/landslide.9,landslide.9,"rgb(154, 255, 255)",landslide.landslide.9,"['13.6747', '42.3512']",Abruzzo,Spot
1000,landslide/landslide.10,landslide.10,"rgb(154, 255, 255)",landslide.landslide.10,"['21.6536', '38.1313']",Achaia Regional Unit located in Northern Peloponnese,Spot
1000,landslide/landslide.11,landslide.11,"rgb(154, 255, 255)",landslide.landslide.11,"['77.1025', '28.7041']",adjacent to the National Highways,Spot
1000,landslide/landslide.12,landslide.12,"rgb(154, 255, 255)",landslide.landslide.12,"['16.7187', '42.2596']",Adriatic coast,Spot
1000,landslide/landslide.13,landslide.13,"rgb(154, 255, 255)",landslide.landslide.13,"['17.1232', '40.6395']",Adriatic Coast of south Italy,Spot
1000,landslide/landslide.14,landslide.14,"rgb(154, 255, 255)",landslide.landslide.14,"['14.8498', '38.4693']",Aeolian Archipelago,Spot
1000,landslide/landslide.15,landslide.15,"rgb(154, 255, 255)",landslide.landslide.15,"['21.2911', '38.7205']",Aetolia - Acarnania and Evritania prefectures,Spot
1000,landslide/landslide.16,landslide.16,"rgb(154, 255, 255)",landslide.landslide.16,"['14.9333', '37.8219']",affluent of the Alcantara River,Spot
1000,landslide/landslide.17,landslide.17,"rgb(154, 255, 255)",landslide.landslide.17,"['66.2385', '33.9391']",Afghanistan,Spot
1000,landslide/landslide.18,landslide.18,"rgb(154, 255, 255)",landslide.landslide.18,"['17.3660', '8.7832']",Africa,Spot
1000,landslide/landslide.19,landslide.19,"rgb(154, 255, 255)",landslide.landslide.19,"['9.6304', '30.4202']",Agadir Ida - Ou - Tanane province,Spot
1000,landslide/landslide.20,landslide.20,"rgb(154, 255, 255)",landslide.landslide.20,"['14.5233', '41.5833']",Agnone,Spot
1000,landslide/landslide.21,landslide.21,"rgb(154, 255, 255)",landslide.landslide.21,"['146.7265', '-41.1211']",Agnus Creek valley,Spot
1000,landslide/landslide.22,landslide.22,"rgb(154, 255, 255)",landslide.landslide.22,"['5.5311', '5.5060']",Ago District,Spot
1000,landslide/landslide.23,landslide.23,"rgb(154, 255, 255)",landslide.landslide.23,"['72.7833', '34.0192']",AH - 1,Spot
1000,landslide/landslide.24,landslide.24,"rgb(154, 255, 255)",landslide.landslide.24,"['74.1280', '34.1271']",AH - 2,Spot
1000,landslide/landslide.25,landslide.25,"rgb(154, 255, 255)",landslide.landslide.25,"['72.7833', '34.0192']",AH48,Spot
1000,landslide/landslide.26,landslide.26,"rgb(154, 255, 255)",landslide.landslide.26,"['35.7516', '32.3335']",Ajloun and Jerash governorates in Jordan,Spot
1000,landslide/landslide.27,landslide.27,"rgb(154, 255, 255)",landslide.landslide.27,"['138.1875', '35.6595']",Akaishi Mountains,Spot
1000,landslide/landslide.28,landslide.28,"rgb(154, 255, 255)",landslide.landslide.28,"['-3.9492', '35.0527']",Aknoul region in the Rif,Spot
1000,landslide/landslide.29,landslide.29,"rgb(154, 255, 255)",landslide.landslide.29,"['35.1400', '32.0986']",Al - Hasher,Spot
1000,landslide/landslide.30,landslide.30,"rgb(154, 255, 255)",landslide.landslide.30,"['-84.0926', '10.0159']",Alajuela,Spot
1000,landslide/landslide.31,landslide.31,"rgb(154, 255, 255)",landslide.landslide.31,"['106.7290', '32.9829']",Alamout basin,Spot
1000,landslide/landslide.32,landslide.32,"rgb(154, 255, 255)",landslide.landslide.32,"['50.2201', '36.5486']",Alamut watershed,Spot
1000,landslide/landslide.33,landslide.33,"rgb(154, 255, 255)",landslide.landslide.33,"['51.4667', '35.9931']",Alborz Mountain Belt,Spot
1000,landslide/landslide.34,landslide.34,"rgb(154, 255, 255)",landslide.landslide.34,"['-0.6171', '38.6910']",Alcoy,Spot
1000,landslide/landslide.35,landslide.35,"rgb(154, 255, 255)",landslide.landslide.35,"['2.6329', '28.0339']",Algeria,Spot
1000,landslide/landslide.36,landslide.36,"rgb(154, 255, 255)",landslide.landslide.36,"['3.0588', '36.7372']",Algiers,Spot
1000,landslide/landslide.37,landslide.37,"rgb(154, 255, 255)",landslide.landslide.37,"['3.2935', '36.8402']",Algiers Sahel,Spot
1000,landslide/landslide.38,landslide.38,"rgb(154, 255, 255)",landslide.landslide.38,"['-0.4907', '38.3452']",Alicante,Spot
1000,landslide/landslide.39,landslide.39,"rgb(154, 255, 255)",landslide.landslide.39,"['120.7184', '23.5116']",Alishan D098 sub-basin,Spot
1000,landslide/landslide.40,landslide.40,"rgb(154, 255, 255)",landslide.landslide.40,"['120.7879', '23.4973']",Alishan River in southern Taiwan,Spot
1000,landslide/landslide.41,landslide.41,"rgb(154, 255, 255)",landslide.landslide.41,"['79.6667', '29.6000']",Almora district,Spot
1000,landslide/landslide.42,landslide.42,"rgb(154, 255, 255)",landslide.landslide.42,"['79.0193', '30.0668']",along road corridors in the Indian Himalayas,Spot
1000,landslide/landslide.43,landslide.43,"rgb(154, 255, 255)",landslide.landslide.43,"['104.3586', '33.7856']",alpine - canyon region of Zhouqu,Spot
1000,landslide/landslide.44,landslide.44,"rgb(154, 255, 255)",landslide.landslide.44,"['10.4515', '46.2322']",Alpine regions of northern Italy,Spot
1000,landslide/landslide.45,landslide.45,"rgb(154, 255, 255)",landslide.landslide.45,"['10.0', '45.0']",Alpine sector,Spot
1000,landslide/landslide.46,landslide.46,"rgb(154, 255, 255)",landslide.landslide.46,"['7.7964', '45.9458']",Alps,Spot
1000,landslide/landslide.47,landslide.47,"rgb(154, 255, 255)",landslide.landslide.47,"['128.1816', '3.6956']",Ambon,Spot
1000,landslide/landslide.48,landslide.48,"rgb(154, 255, 255)",landslide.landslide.48,"['113.5', '-0.5']",Ampel,Spot
1000,landslide/landslide.49,landslide.49,"rgb(154, 255, 255)",landslide.landslide.49,"['33.4597', '38.5414']",Anatolian Fault Zone of Turkey,Spot
1000,landslide/landslide.50,landslide.50,"rgb(154, 255, 255)",landslide.landslide.50,"['149.9003', '61.2181']",Anchorage,Spot
1000,landslide/landslide.51,landslide.51,"rgb(154, 255, 255)",landslide.landslide.51,"['13.5189', '43.6158']",Ancona,Spot
1000,landslide/landslide.52,landslide.52,"rgb(154, 255, 255)",landslide.landslide.52,"['13.5189', '43.6158']",Ancona municipality on the Adriatic coast of central Italy,Spot
1000,landslide/landslide.53,landslide.53,"rgb(154, 255, 255)",landslide.landslide.53,"['4.7130', '37.5443']",Andalusia,Spot
1000,landslide/landslide.54,landslide.54,"rgb(154, 255, 255)",landslide.landslide.54,"['-75.0', '-3.5']",Andean mountain range,Spot
1000,landslide/landslide.55,landslide.55,"rgb(154, 255, 255)",landslide.landslide.55,"['77.6560', '0.0774']",Andean tropics close to the volcano Reventador,Spot
1000,landslide/landslide.56,landslide.56,"rgb(154, 255, 255)",landslide.landslide.56,"['71.1177', '19.4969']",Andes,Spot
1000,landslide/landslide.57,landslide.57,"rgb(154, 255, 255)",landslide.landslide.57,"['115.1900', '27.4288']",Anfu County,Spot
1000,landslide/landslide.58,landslide.58,"rgb(154, 255, 255)",landslide.landslide.58,"['111.2270', '28.9701']",Anhua County,Spot
1000,landslide/landslide.59,landslide.59,"rgb(154, 255, 255)",landslide.landslide.59,"['111.2270', '28.9701']",Anhua County in China,Spot
1000,landslide/landslide.60,landslide.60,"rgb(154, 255, 255)",landslide.landslide.60,"['83.8207', '28.5953']",Annapurna,Spot
1000,landslide/landslide.61,landslide.61,"rgb(154, 255, 255)",landslide.landslide.61,"['115.0588', '25.4279']",Anyuan County,Spot
1000,landslide/landslide.62,landslide.62,"rgb(154, 255, 255)",landslide.landslide.62,"['13.7633', '42.6266']",Apennines of central Italy,Spot
1000,landslide/landslide.63,landslide.63,"rgb(154, 255, 255)",landslide.landslide.63,"['83.8239', '35.7382']",Appalachian Mountains,Spot
1000,landslide/landslide.64,landslide.64,"rgb(154, 255, 255)",landslide.landslide.64,"['16.6126', '40.9581']",Apulia,Spot
1000,landslide/landslide.65,landslide.65,"rgb(154, 255, 255)",landslide.landslide.65,"['41.6170', '19.2163']",Aqabat,Spot
1000,landslide/landslide.66,landslide.66,"rgb(154, 255, 255)",landslide.landslide.66,"['44.1266', '18.2096']",Aqabat Al - Sulbat,Spot
1000,landslide/landslide.67,landslide.67,"rgb(154, 255, 255)",landslide.landslide.67,"['42.8266', '18.5073']",Aqabat Al - Sulbat Asir region of Saudi Arabia,Spot
1000,landslide/landslide.68,landslide.68,"rgb(154, 255, 255)",landslide.landslide.68,"['80.2894', '7.3397']",Aranayaka and Kurukudegama,Spot
1000,landslide/landslide.69,landslide.69,"rgb(154, 255, 255)",landslide.landslide.69,"['48.1184', '38.4853']",Ardabil province,Spot
1000,landslide/landslide.70,landslide.70,"rgb(154, 255, 255)",landslide.landslide.70,"['48.2953', '38.2511']",Ardabil province of Iran,Spot
1000,landslide/landslide.71,landslide.71,"rgb(154, 255, 255)",landslide.landslide.71,"['48.1184', '38.4853']",Ardebil province,Spot
1000,landslide/landslide.72,landslide.72,"rgb(154, 255, 255)",landslide.landslide.72,"['40.9625', '41.1911']",Ardesen,Spot
1000,landslide/landslide.73,landslide.73,"rgb(154, 255, 255)",landslide.landslide.73,"['40.9530', '41.0353']",Ardesen and Findikli districts of Rize Province,Spot
1000,landslide/landslide.74,landslide.74,"rgb(154, 255, 255)",landslide.landslide.74,"['9.1393', '38.7223']",area north of Lisbon,Spot
1000,landslide/landslide.75,landslide.75,"rgb(154, 255, 255)",landslide.landslide.75,"['49.7306', '36.2133']",Argo and Yaftali Sufla,Spot
1000,landslide/landslide.76,landslide.76,"rgb(154, 255, 255)",landslide.landslide.76,"['41.5736', '41.2344']",Arhavi,Spot
1000,landslide/landslide.77,landslide.77,"rgb(154, 255, 255)",landslide.landslide.77,"['41.5116', '41.3206']",Arhavi - Kabisre river basin,Spot
1000,landslide/landslide.78,landslide.78,"rgb(154, 255, 255)",landslide.landslide.78,"['11.9176', '43.7711']",Arno basin,Spot
1000,landslide/landslide.79,landslide.79,"rgb(154, 255, 255)",landslide.landslide.79,"['103.8198', '34.0479']",Asia,Spot
1000,landslide/landslide.80,landslide.80,"rgb(154, 255, 255)",landslide.landslide.80,"['100.0', '30.0']",Asian Highway,Spot
1000,landslide/landslide.81,landslide.81,"rgb(154, 255, 255)",landslide.landslide.81,"['105.0', '20.0']",Asian Highway - 1,Spot
1000,landslide/landslide.82,landslide.82,"rgb(154, 255, 255)",landslide.landslide.82,"['42.5325', '19.1390']",Asir,Spot
1000,landslide/landslide.83,landslide.83,"rgb(154, 255, 255)",landslide.landslide.83,"['142.9833', '43.5399']",Atsuma,Spot
1000,landslide/landslide.84,landslide.84,"rgb(154, 255, 255)",landslide.landslide.84,"['142.9855', '43.5494']",Atsuma Town,Spot
1000,landslide/landslide.85,landslide.85,"rgb(154, 255, 255)",landslide.landslide.85,"['23.7294', '37.9838']",Attica,Spot
1000,landslide/landslide.86,landslide.86,"rgb(154, 255, 255)",landslide.landslide.86,"['23.7428', '37.9838']",Attica region in Greece,Spot
1000,landslide/landslide.87,landslide.87,"rgb(154, 255, 255)",landslide.landslide.87,"['4.0017', '48.0999']",Aube department,Spot
1000,landslide/landslide.88,landslide.88,"rgb(154, 255, 255)",landslide.landslide.88,"['14.5501', '47.5162']",Austria,Spot
1000,landslide/landslide.89,landslide.89,"rgb(154, 255, 255)",landslide.landslide.89,"['13.3333', '47.3333']",Austrian municipalities,Spot
1000,landslide/landslide.90,landslide.90,"rgb(154, 255, 255)",landslide.landslide.90,"['13.3333', '47.3333']",Austrian territory,Spot
1000,landslide/landslide.91,landslide.91,"rgb(154, 255, 255)",landslide.landslide.91,"['38.4687', '40.8933']",Avutmus district of Sebinkarahisar,Spot
1000,landslide/landslide.92,landslide.92,"rgb(154, 255, 255)",landslide.landslide.92,"['7.4188', '6.1978']",Awgu,Spot
1000,landslide/landslide.93,landslide.93,"rgb(154, 255, 255)",landslide.landslide.93,"['73.7674', '33.6007']",Azad Jammu,Spot
1000,landslide/landslide.94,landslide.94,"rgb(154, 255, 255)",landslide.landslide.94,"['74.3926', '33.7878']",Azad Jammu and Kashmir region of Pakistan,Spot
1000,landslide/landslide.95,landslide.95,"rgb(154, 255, 255)",landslide.landslide.95,"['74.3926', '33.7878']",Azad Kashmir,Spot
1000,landslide/landslide.96,landslide.96,"rgb(154, 255, 255)",landslide.landslide.96,"['64.2439', '31.6244']",Azad River,Spot
1000,landslide/landslide.97,landslide.97,"rgb(154, 255, 255)",landslide.landslide.97,"['25.6833', '37.7412']",Azores,Spot
1000,landslide/landslide.98,landslide.98,"rgb(154, 255, 255)",landslide.landslide.98,"['71.6874', '36.4325']",Badakhshan Province,Spot
1000,landslide/landslide.99,landslide.99,"rgb(154, 255, 255)",landslide.landslide.99,"['71.1062', '36.7389']",Badakhshan province of Afghanistan,Spot
1000,landslide/landslide.100,landslide.100,"rgb(154, 255, 255)",landslide.landslide.100,"['111.3586', '31.0444']",Badong,Spot
1000,landslide/landslide.101,landslide.101,"rgb(154, 255, 255)",landslide.landslide.101,"['111.7078', '31.0025']",Badong Country,Spot
1000,landslide/landslide.102,landslide.102,"rgb(154, 255, 255)",landslide.landslide.102,"['81.0846', '6.9934']",Badulla District,Spot
1000,landslide/landslide.103,landslide.103,"rgb(154, 255, 255)",landslide.landslide.103,"['99.8348', '33.9788']",Baige,Spot
1000,landslide/landslide.104,landslide.104,"rgb(154, 255, 255)",landslide.landslide.104,"['81.4525', '40.1375']",Baige Village,Spot
1000,landslide/landslide.105,landslide.105,"rgb(154, 255, 255)",landslide.landslide.105,"['103.5095', '35.0698']",Bailong River Basin,Spot
1000,landslide/landslide.106,landslide.106,"rgb(154, 255, 255)",landslide.landslide.106,"['102.7069', '34.6093']",Bailongjiang River,Spot
1000,landslide/landslide.107,landslide.107,"rgb(154, 255, 255)",landslide.landslide.107,"['102.7390', '34.5964']",Bailongjiang watershed in southern Gansu province,Spot
1000,landslide/landslide.108,landslide.108,"rgb(154, 255, 255)",landslide.landslide.108,"['120.0093', '30.3423']",Baiyuzui,Spot
1000,landslide/landslide.109,landslide.109,"rgb(154, 255, 255)",landslide.landslide.109,"['88.9724', '28.0540']",Balason River basin,Spot
1000,landslide/landslide.110,landslide.110,"rgb(154, 255, 255)",landslide.landslide.110,"['100.2190', '5.3528']",Balik Pulau area in Penang Island,Spot
1000,landslide/landslide.111,landslide.111,"rgb(154, 255, 255)",landslide.landslide.111,"['103.9482', '22.8861']",Ban Khoang,Spot
1000,landslide/landslide.112,landslide.112,"rgb(154, 255, 255)",landslide.landslide.112,"['99.8642', '20.4864']",Ban Pha Duea at Mae Salong Nai,Spot
1000,landslide/landslide.113,landslide.113,"rgb(154, 255, 255)",landslide.landslide.113,"['112.6610', '0.7966']",Banaran,Spot
1000,landslide/landslide.114,landslide.114,"rgb(154, 255, 255)",landslide.landslide.114,"['54.7294', '36.8452']",Bandar Torkaman in northern Iran,Spot
1000,landslide/landslide.115,landslide.115,"rgb(154, 255, 255)",landslide.landslide.115,"['82.0718', '29.8600']",Bangesimal and Manma towns,Spot
1000,landslide/landslide.116,landslide.116,"rgb(154, 255, 255)",landslide.landslide.116,"['90.3563', '23.6850']",Bangladesh,Spot
1000,landslide/landslide.117,landslide.117,"rgb(154, 255, 255)",landslide.landslide.117,"['112.2661', '28.7105']",bank of Yangtze and its major tributaries,Spot
1000,landslide/landslide.118,landslide.118,"rgb(154, 255, 255)",landslide.landslide.118,"['81.2696', '29.2767']",banks of the Karnali River,Spot
1000,landslide/landslide.119,landslide.119,"rgb(154, 255, 255)",landslide.landslide.119,"['106.1092', '-6.4058']",Banten,Spot
1000,landslide/landslide.120,landslide.120,"rgb(154, 255, 255)",landslide.landslide.120,"['110.2766', '35.0127']",Baota District,Spot
1000,landslide/landslide.121,landslide.121,"rgb(154, 255, 255)",landslide.landslide.121,"['6.6647', '44.3867']",Barcelonnette Basin,Spot
1000,landslide/landslide.122,landslide.122,"rgb(154, 255, 255)",landslide.landslide.122,"['32.4610', '41.8387']",Bartin Province of Western Black Sea,Spot
1000,landslide/landslide.123,landslide.123,"rgb(154, 255, 255)",landslide.landslide.123,"['16.5559', '40.6395']",Basilicata,Spot
1000,landslide/landslide.124,landslide.124,"rgb(154, 255, 255)",landslide.landslide.124,"['10.1096', '43.7711']",basin of the Arno River,Spot
1000,landslide/landslide.125,landslide.125,"rgb(154, 255, 255)",landslide.landslide.125,"['104.0319', '1.1301']",Batam Island,Spot
1000,landslide/landslide.126,landslide.126,"rgb(154, 255, 255)",landslide.landslide.126,"['104.0646', '-0.9223']",Batu Aji Subdistrict,Spot
1000,landslide/landslide.127,landslide.127,"rgb(154, 255, 255)",landslide.landslide.127,"['119.8671', '31.8854']",Baxie River basin,Spot
1000,landslide/landslide.128,landslide.128,"rgb(154, 255, 255)",landslide.landslide.128,"['106.5655', '29.7328']",Bazimen,Spot
1000,landslide/landslide.129,landslide.129,"rgb(154, 255, 255)",landslide.landslide.129,"['-73.9926', '40.7440']",BC,Spot
1000,landslide/landslide.130,landslide.130,"rgb(154, 255, 255)",landslide.landslide.130,"['72.8572', '39.8322']",Bedrug,Spot
1000,landslide/landslide.131,landslide.131,"rgb(154, 255, 255)",landslide.landslide.131,"['104.2755', '31.8284']",Beichuan Country,Spot
1000,landslide/landslide.132,landslide.132,"rgb(154, 255, 255)",landslide.landslide.132,"['104.2227', '31.7851']",Beichuan county town,Spot
1000,landslide/landslide.133,landslide.133,"rgb(154, 255, 255)",landslide.landslide.133,"['111.6933', '24.5792']",Beijiang River Basin,Spot
1000,landslide/landslide.134,landslide.134,"rgb(154, 255, 255)",landslide.landslide.134,"['116.4074', '39.9042']",Beijing,Spot
1000,landslide/landslide.135,landslide.135,"rgb(154, 255, 255)",landslide.landslide.135,"['113.0473', '-8.1543']",Bekiring,Spot
1000,landslide/landslide.136,landslide.136,"rgb(154, 255, 255)",landslide.landslide.136,"['2.8453', '50.5039']",Belg,Spot
1000,landslide/landslide.137,landslide.137,"rgb(154, 255, 255)",landslide.landslide.137,"['4.4699', '50.5039']",Belgium,Spot
1000,landslide/landslide.138,landslide.138,"rgb(154, 255, 255)",landslide.landslide.138,"['-5.0424', '36.5236']",Benahavis,Spot
1000,landslide/landslide.139,landslide.139,"rgb(154, 255, 255)",landslide.landslide.139,"['120.6020', '16.4160']",Benguet,Spot
1000,landslide/landslide.140,landslide.140,"rgb(154, 255, 255)",landslide.landslide.140,"['84.6077', '27.7905']",Benighat - Rorang RM,Spot
1000,landslide/landslide.141,landslide.141,"rgb(154, 255, 255)",landslide.landslide.141,"['84.6077', '27.7905']",Benighat - Rorang Rural Municipality,Spot
1000,landslide/landslide.142,landslide.142,"rgb(154, 255, 255)",landslide.landslide.142,"['-1.3607', '35.1264']",Bensekrane in Tlemcen in Algeria,Spot
1000,landslide/landslide.143,landslide.143,"rgb(154, 255, 255)",landslide.landslide.143,"['99.8516', '27.8250']",Benzilan Town and Waka Town,Spot
1000,landslide/landslide.144,landslide.144,"rgb(154, 255, 255)",landslide.landslide.144,"['78.3764', '31.3555']",Bhagirathi river basin,Spot
1000,landslide/landslide.145,landslide.145,"rgb(154, 255, 255)",landslide.landslide.145,"['78.9228', '30.0664']",Bhagirathi river valley in the Indian Himalayas,Spot
1000,landslide/landslide.146,landslide.146,"rgb(154, 255, 255)",landslide.landslide.146,"['82.2386', '28.8727']",Bhalubang - Shiwapur section of Mahendra Highway lying in Western Nepal,Spot
1000,landslide/landslide.147,landslide.147,"rgb(154, 255, 255)",landslide.landslide.147,"['77.0925', '29.4393']",Bhanupali - Beri,Spot
1000,landslide/landslide.148,landslide.148,"rgb(154, 255, 255)",landslide.landslide.148,"['77.4981', '11.2326']",Bhavani basin,Spot
1000,landslide/landslide.149,landslide.149,"rgb(154, 255, 255)",landslide.landslide.149,"['90.4336', '27.5142']",Bhutan,Spot
1000,landslide/landslide.150,landslide.150,"rgb(154, 255, 255)",landslide.landslide.150,"['47.6114', '35.8664']",Bijar City,Spot
1000,landslide/landslide.151,landslide.151,"rgb(154, 255, 255)",landslide.landslide.151,"['47.6114', '35.8664']",Bijar City in Kurdistan province,Spot
1000,landslide/landslide.152,landslide.152,"rgb(154, 255, 255)",landslide.landslide.152,"['47.7475', '35.8691']",Bijar County,Spot
1000,landslide/landslide.153,landslide.153,"rgb(154, 255, 255)",landslide.landslide.153,"['105.3015', '27.2985']",Bijie,Spot
1000,landslide/landslide.154,landslide.154,"rgb(154, 255, 255)",landslide.landslide.154,"['105.3015', '27.2985']",Bijie in the Karst Region of Southwest China,Spot
1000,landslide/landslide.155,landslide.155,"rgb(154, 255, 255)",landslide.landslide.155,"['15.4859', '40.9485']",Bisaccia,Spot
1000,landslide/landslide.156,landslide.156,"rgb(154, 255, 255)",landslide.landslide.156,"['36.3002', '41.3237']",Black Sea,Spot
1000,landslide/landslide.157,landslide.157,"rgb(154, 255, 255)",landslide.landslide.157,"['41.6432', '41.1603']",Black Sea coast in the Artvin province,Spot
1000,landslide/landslide.158,landslide.158,"rgb(154, 255, 255)",landslide.landslide.158,"['77.0208', '11.5148']",Bodi - Bodimettu Ghat section,Spot
1000,landslide/landslide.159,landslide.159,"rgb(154, 255, 255)",landslide.landslide.159,"['127.2841', '36.4923']",Boeun,Spot
1000,landslide/landslide.160,landslide.160,"rgb(154, 255, 255)",landslide.landslide.160,"['127.7570', '36.4877']",Boeun in Korea,Spot
1000,landslide/landslide.161,landslide.161,"rgb(154, 255, 255)",landslide.landslide.161,"['106.7955', '-6.5950']",Bogor,Spot
1000,landslide/landslide.162,landslide.162,"rgb(154, 255, 255)",landslide.landslide.162,"['73.3512', '4.7110']",Bogota - Villavicencio road in the central sector of the Eastern Cordillera,Spot
1000,landslide/landslide.163,landslide.163,"rgb(154, 255, 255)",landslide.landslide.163,"['36.7199', '7.2749']",Bonga town,Spot
1000,landslide/landslide.164,landslide.164,"rgb(154, 255, 255)",landslide.landslide.164,"['69.3073', '41.3929']",Bostanlik district,Spot
1000,landslide/landslide.165,landslide.165,"rgb(154, 255, 255)",landslide.landslide.165,"['69.3073', '41.3929']",Bostanlik districts of Tashkent,Spot
1000,landslide/landslide.166,landslide.166,"rgb(154, 255, 255)",landslide.landslide.166,"['112.2707', '31.9489']",both sides of the Yangtze River,Spot
1000,landslide/landslide.167,landslide.167,"rgb(154, 255, 255)",landslide.landslide.167,"['13.1799', '3.3642']",Bouandas,Spot
1000,landslide/landslide.168,landslide.168,"rgb(154, 255, 255)",landslide.landslide.168,"['15.5858', '3.5126']",Boun,Spot
1000,landslide/landslide.169,landslide.169,"rgb(154, 255, 255)",landslide.landslide.169,"['127.3176', '36.8172']",Boun region of Korea,Spot
1000,landslide/landslide.170,landslide.170,"rgb(154, 255, 255)",landslide.landslide.170,"['110.6749', '-7.5315']",Boyolali Regency,Spot
1000,landslide/landslide.171,landslide.171,"rgb(154, 255, 255)",landslide.landslide.171,"['83.4380', '23.8335']",Brahmur,Spot
1000,landslide/landslide.172,landslide.172,"rgb(154, 255, 255)",landslide.landslide.172,"['51.9253', '14.2350']",Brazil,Spot
1000,landslide/landslide.173,landslide.173,"rgb(154, 255, 255)",landslide.landslide.173,"['49.2725', '-15.8267']",Brazilian countryside,Spot
1000,landslide/landslide.174,landslide.174,"rgb(154, 255, 255)",landslide.landslide.174,"['9.6690', '45.8937']",Brembilla Municipality,Spot
1000,landslide/landslide.175,landslide.175,"rgb(154, 255, 255)",landslide.landslide.175,"['122.8140', '11.4550']",Brgy,Spot
1000,landslide/landslide.176,landslide.176,"rgb(154, 255, 255)",landslide.landslide.176,"['125.6972', '53.7267']",British Columbia,Spot
1000,landslide/landslide.177,landslide.177,"rgb(154, 255, 255)",landslide.landslide.177,"['128.0000', '53.7267']",British Columbia north coast,Spot
1000,landslide/landslide.178,landslide.178,"rgb(154, 255, 255)",landslide.landslide.178,"['16.7776', '39.2927']",Buoninventre,Spot
1000,landslide/landslide.179,landslide.179,"rgb(154, 255, 255)",landslide.landslide.179,"['26.3075', '45.1500']",Buzau Sector of the Curvature Subcarpathians of Romania,Spot
1000,landslide/landslide.180,landslide.180,"rgb(154, 255, 255)",landslide.landslide.180,"['-119.4179', '36.7783']","CA (California, USA)",Spot
1000,landslide/landslide.181,landslide.181,"rgb(154, 255, 255)",landslide.landslide.181,"['124.6853', '8.4800']",Cagayan de Oro -LRB- CDO -RRB- - Bukidnon - Davao City -LRB- Buda -RRB- highway,Spot
1000,landslide/landslide.182,landslide.182,"rgb(154, 255, 255)",landslide.landslide.182,"['112.2219', '30.3151']",Caiyuan Basin,Spot
1000,landslide/landslide.183,landslide.183,"rgb(154, 255, 255)",landslide.landslide.183,"['16.4128', '38.9059']",Calabria,Spot
1000,landslide/landslide.184,landslide.184,"rgb(154, 255, 255)",landslide.landslide.184,"['16.4128', '38.9059']",Calabrian,Spot
1000,landslide/landslide.185,landslide.185,"rgb(154, 255, 255)",landslide.landslide.185,"['16.4128', '38.9059']",Calabrian territory,Spot
1000,landslide/landslide.186,landslide.186,"rgb(154, 255, 255)",landslide.landslide.186,"['75.7662', '11.2588']",Calicut Nilampur Gudalurghat section,Spot
1000,landslide/landslide.187,landslide.187,"rgb(154, 255, 255)",landslide.landslide.187,"['119.4179', '36.7783']",California,Spot
1000,landslide/landslide.188,landslide.188,"rgb(154, 255, 255)",landslide.landslide.188,"['119.4179', '36.7783']",California site,Spot
1000,landslide/landslide.189,landslide.189,"rgb(154, 255, 255)",landslide.landslide.189,"['15.3552', '40.9487']",Calitri,Spot
1000,landslide/landslide.190,landslide.190,"rgb(154, 255, 255)",landslide.landslide.190,"['11.3930', '43.3994']",Camaldoli and Agnano hill,Spot
1000,landslide/landslide.191,landslide.191,"rgb(154, 255, 255)",landslide.landslide.191,"['104.9909', '12.5657']",Cambodia,Spot
1000,landslide/landslide.192,landslide.192,"rgb(154, 255, 255)",landslide.landslide.192,"['99.3386', '4.6126']",Cameron,Spot
1000,landslide/landslide.193,landslide.193,"rgb(154, 255, 255)",landslide.landslide.193,"['145.9914', '-24.9015']",Cameron catchment,Spot
1000,landslide/landslide.194,landslide.194,"rgb(154, 255, 255)",landslide.landslide.194,"['101.3925', '4.4721']",Cameron Highland,Spot
1000,landslide/landslide.195,landslide.195,"rgb(154, 255, 255)",landslide.landslide.195,"['101.3925', '4.4721']",Cameron Highlands,Spot
1000,landslide/landslide.196,landslide.196,"rgb(154, 255, 255)",landslide.landslide.196,"['101.3925', '4.4721']",Cameron Highlands areas in Malaysia,Spot
1000,landslide/landslide.197,landslide.197,"rgb(154, 255, 255)",landslide.landslide.197,"['12.3547', '7.3697']",Cameroon,Spot
1000,landslide/landslide.198,landslide.198,"rgb(154, 255, 255)",landslide.landslide.198,"['12.0', '5.0']",Cameroon Volcanic Line,Spot
1000,landslide/landslide.199,landslide.199,"rgb(154, 255, 255)",landslide.landslide.199,"['14.5', '40.8']",Campania,Spot
1000,landslide/landslide.200,landslide.200,"rgb(154, 255, 255)",landslide.landslide.200,"['106.3468', '56.1304']",Canada,Spot
1000,landslide/landslide.201,landslide.201,"rgb(154, 255, 255)",landslide.landslide.201,"['35.0513', '38.3992']",Candir catchment,Spot
1000,landslide/landslide.202,landslide.202,"rgb(154, 255, 255)",landslide.landslide.202,"['9.1939', '45.0567']",Canneto Pavese,Spot
1000,landslide/landslide.203,landslide.203,"rgb(154, 255, 255)",landslide.landslide.203,"['6.5657', '46.6273']",Canton Vaud,Spot
1000,landslide/landslide.204,landslide.204,"rgb(154, 255, 255)",landslide.landslide.204,"['14.0206', '42.1097']",Caramanico Terme,Spot
1000,landslide/landslide.205,landslide.205,"rgb(154, 255, 255)",landslide.landslide.205,"['66.7215', '18.4698']",Caribbean islands,Spot
1000,landslide/landslide.206,landslide.206,"rgb(154, 255, 255)",landslide.landslide.206,"['66.7215', '18.4698']",Caribbean shows,Spot
1000,landslide/landslide.207,landslide.207,"rgb(154, 255, 255)",landslide.landslide.207,"['19.1451', '49.8153']",Carpathian region in southern Poland,Spot
1000,landslide/landslide.208,landslide.208,"rgb(154, 255, 255)",landslide.landslide.208,"['73.4115', '46.7453']",Carretera Austral,Spot
1000,landslide/landslide.209,landslide.209,"rgb(154, 255, 255)",landslide.landslide.209,"['83.9467', '9.8771']",Cartago,Spot
1000,landslide/landslide.210,landslide.210,"rgb(154, 255, 255)",landslide.landslide.210,"['16.6051', '38.8876']",Catanzaro,Spot
1000,landslide/landslide.211,landslide.211,"rgb(154, 255, 255)",landslide.landslide.211,"['128.1938', '38.0673']",catchment in the Inje region of South Korea,Spot
1000,landslide/landslide.212,landslide.212,"rgb(154, 255, 255)",landslide.landslide.212,"['26.7561', '3.9386']",catchment of the Vunguvungu and Banga rivers,Spot
1000,landslide/landslide.213,landslide.213,"rgb(154, 255, 255)",landslide.landslide.213,"['84.1240', '27.7086']",catchments of the Siwaliks in the Nepal Himalaya,Spot
1000,landslide/landslide.214,landslide.214,"rgb(154, 255, 255)",landslide.landslide.214,"['103.8927', '1.3343']",CCC,Spot
1000,landslide/landslide.215,landslide.215,"rgb(154, 255, 255)",landslide.landslide.215,"['100.6814', '17.4392']",center and southern region of Guerrero,Spot
1000,landslide/landslide.216,landslide.216,"rgb(154, 255, 255)",landslide.landslide.216,"['126.9780', '37.5665']",center of Seoul,Spot
1000,landslide/landslide.217,landslide.217,"rgb(154, 255, 255)",landslide.landslide.217,"['34.8888', '1.3733']",central - east Africa,Spot
1000,landslide/landslide.218,landslide.218,"rgb(154, 255, 255)",landslide.landslide.218,"['35.0', '1.0']",Central - East African,Spot
1000,landslide/landslide.219,landslide.219,"rgb(154, 255, 255)",landslide.landslide.219,"['51.4215', '35.7510']",Central Alborz,Spot
1000,landslide/landslide.220,landslide.220,"rgb(154, 255, 255)",landslide.landslide.220,"['-86.9023', '14.9161']",Central America,Spot
1000,landslide/landslide.221,landslide.221,"rgb(154, 255, 255)",landslide.landslide.221,"['100.5633', '27.7554']",central and southeastern regions of the Hengduan Mountain,Spot
1000,landslide/landslide.222,landslide.222,"rgb(154, 255, 255)",landslide.landslide.222,"['21.7956', '38.2466']",Central and Western Greece,Spot
1000,landslide/landslide.223,landslide.223,"rgb(154, 255, 255)",landslide.landslide.223,"['114.1772', '22.3193']",central area of Hong Kong,Spot
1000,landslide/landslide.224,landslide.224,"rgb(154, 255, 255)",landslide.landslide.224,"['114.0545', '22.5431']",central area of Shenzhen,Spot
1000,landslide/landslide.225,landslide.225,"rgb(154, 255, 255)",landslide.landslide.225,"['65.4910', '47.7511']",Central Asia,Spot
1000,landslide/landslide.226,landslide.226,"rgb(154, 255, 255)",landslide.landslide.226,"['-70.1924', '-33.7502']",central Chilean Andes,Spot
1000,landslide/landslide.227,landslide.227,"rgb(154, 255, 255)",landslide.landslide.227,"['39.5490', '9.1450']",Central Ethiopia,Spot
1000,landslide/landslide.228,landslide.228,"rgb(154, 255, 255)",landslide.landslide.228,"['15.2551', '49.8153']",Central Europe,Spot
1000,landslide/landslide.229,landslide.229,"rgb(154, 255, 255)",landslide.landslide.229,"['86.9203', '27.8418']",Central Himalaya,Spot
1000,landslide/landslide.230,landslide.230,"rgb(154, 255, 255)",landslide.landslide.230,"['81.2402', '29.3632']",central Himalayan arc,Spot
1000,landslide/landslide.231,landslide.231,"rgb(154, 255, 255)",landslide.landslide.231,"['-114.6340', '44.0682']",central Idaho,Spot
1000,landslide/landslide.232,landslide.232,"rgb(154, 255, 255)",landslide.landslide.232,"['12.5674', '41.8719']",Central Italy,Spot
1000,landslide/landslide.233,landslide.233,"rgb(154, 255, 255)",landslide.landslide.233,"['110.4203', '-7.1095']",Central Java Province,Spot
1000,landslide/landslide.234,landslide.234,"rgb(154, 255, 255)",landslide.landslide.234,"['17.1059', '35.8617']",central Mediterranean Sea,Spot
1000,landslide/landslide.235,landslide.235,"rgb(154, 255, 255)",landslide.landslide.235,"['84.1240', '28.3949']",central Nepal,Spot
1000,landslide/landslide.236,landslide.236,"rgb(154, 255, 255)",landslide.landslide.236,"['84.4869', '28.3672']",central part of Barpak village,Spot
1000,landslide/landslide.237,landslide.237,"rgb(154, 255, 255)",landslide.landslide.237,"['106.2468', '22.4816']",central part of Lao Cai province,Spot
1000,landslide/landslide.238,landslide.238,"rgb(154, 255, 255)",landslide.landslide.238,"['24.4895', '35.3610']",Central part of Rethymnon Prefecture,Spot
1000,landslide/landslide.239,landslide.239,"rgb(154, 255, 255)",landslide.landslide.239,"['16.2500', '38.2500']",Central part of the Calabria,Spot
1000,landslide/landslide.240,landslide.240,"rgb(154, 255, 255)",landslide.landslide.240,"['84.6611', '28.0806']",Central part of the Gorkha District,Spot
1000,landslide/landslide.241,landslide.241,"rgb(154, 255, 255)",landslide.landslide.241,"['86.5', '28.5']",Central part of the Nepal Himalayas,Spot
1000,landslide/landslide.242,landslide.242,"rgb(154, 255, 255)",landslide.landslide.242,"['25.0', '40.0']",Central Radunia Valley,Spot
1000,landslide/landslide.243,landslide.243,"rgb(154, 255, 255)",landslide.landslide.243,"['85.0', '27.5']",Central region of the Nepal Himalaya,Spot
1000,landslide/landslide.244,landslide.244,"rgb(154, 255, 255)",landslide.landslide.244,"['120.5', '23.5']",Central Taiwan,Spot
1000,landslide/landslide.245,landslide.245,"rgb(154, 255, 255)",landslide.landslide.245,"['108.0', '14.0']",Central Vietnam,Spot
1000,landslide/landslide.246,landslide.246,"rgb(154, 255, 255)",landslide.landslide.246,"['120.0', '23.5']",Central western Taiwan,Spot
1000,landslide/landslide.247,landslide.247,"rgb(154, 255, 255)",landslide.landslide.247,"['109.1915', '23.1413']",Cenxi,Spot
1000,landslide/landslide.248,landslide.248,"rgb(154, 255, 255)",landslide.landslide.248,"['110.6750', '-7.6411']",Cepogo Sub Districts,Spot
1000,landslide/landslide.249,landslide.249,"rgb(154, 255, 255)",landslide.landslide.249,"['35.5639', '37.0']",Ceyhan river watershed,Spot
1000,landslide/landslide.250,landslide.250,"rgb(154, 255, 255)",landslide.landslide.250,"['50.0', '35.0']",CHA,Spot
1000,landslide/landslide.251,landslide.251,"rgb(154, 255, 255)",landslide.landslide.251,"['50.0', '32.5']",Chaharmahal - w - bakhtiari,Spot
1000,landslide/landslide.252,landslide.252,"rgb(154, 255, 255)",landslide.landslide.252,"['76.1194', '32.5532']",Chamba,Spot
1000,landslide/landslide.253,landslide.253,"rgb(154, 255, 255)",landslide.landslide.253,"['76.1194', '32.5532']",Chamba and Bharmour cities,Spot
1000,landslide/landslide.254,landslide.254,"rgb(154, 255, 255)",landslide.landslide.254,"['76.1194', '32.5532']",Chamba region in bosom of Himalaya,Spot
1000,landslide/landslide.255,landslide.255,"rgb(154, 255, 255)",landslide.landslide.255,"['76.1194', '32.5532']",Chamba to Bharmour road corridor of National Highway,Spot
1000,landslide/landslide.256,landslide.256,"rgb(154, 255, 255)",landslide.landslide.256,"['76.1194', '32.5532']",Chamba to Bharmour road corridor of NH-154A in Himachal Pradesh,Spot
1000,landslide/landslide.257,landslide.257,"rgb(154, 255, 255)",landslide.landslide.257,"['79.5357', '30.4371']",Chamoli district,Spot
1000,landslide/landslide.258,landslide.258,"rgb(154, 255, 255)",landslide.landslide.258,"['79.4696', '30.4102']",Chamoli district of Uttarakhand,Spot
1000,landslide/landslide.259,landslide.259,"rgb(154, 255, 255)",landslide.landslide.259,"['77.6321', '31.1048']",Chandigarh - Manali highway,Spot
1000,landslide/landslide.260,landslide.260,"rgb(154, 255, 255)",landslide.landslide.260,"['95.4375', '27.0784']",Chandmari,Spot
1000,landslide/landslide.261,landslide.261,"rgb(154, 255, 255)",landslide.landslide.261,"['95.4375', '27.0784']",Chandmari landslide,Spot
1000,landslide/landslide.262,landslide.262,"rgb(154, 255, 255)",landslide.landslide.262,"['126.1342', '41.9973']",Changbai Mountain,Spot
1000,landslide/landslide.263,landslide.263,"rgb(154, 255, 255)",landslide.landslide.263,"['126.2229', '41.8465']",Changbai Mountain Area in Jilin Province,Spot
1000,landslide/landslide.264,landslide.264,"rgb(154, 255, 255)",landslide.landslide.264,"['97.1912', '31.1382']",Changdu and Nyingchi Cities,Spot
1000,landslide/landslide.265,landslide.265,"rgb(154, 255, 255)",landslide.landslide.265,"['111.2670', '23.9572']",Changzhou town in Wuzhou,Spot
1000,landslide/landslide.266,landslide.266,"rgb(154, 255, 255)",landslide.landslide.266,"['24.0167', '35.5121']",Chania Prefecture,Spot
1000,landslide/landslide.267,landslide.267,"rgb(154, 255, 255)",landslide.landslide.267,"['24.0167', '35.5121']",Chania Prefecture of Crete Island,Spot
1000,landslide/landslide.268,landslide.268,"rgb(154, 255, 255)",landslide.landslide.268,"['24.0167', '35.5121']",Chania regional,Spot
1000,landslide/landslide.269,landslide.269,"rgb(154, 255, 255)",landslide.landslide.269,"['88.3427', '27.0603']",Chapanu,Spot
1000,landslide/landslide.270,landslide.270,"rgb(154, 255, 255)",landslide.landslide.270,"['84.3136', '27.8467']",Charnath,Spot
1000,landslide/landslide.271,landslide.271,"rgb(154, 255, 255)",landslide.landslide.271,"['84.3136', '27.8467']",Charnath and Jalad of the Siwaliks in eastern Nepal,Spot
1000,landslide/landslide.272,landslide.272,"rgb(154, 255, 255)",landslide.landslide.272,"['91.8004', '22.3569']",Chattagram District of Bangladesh,Spot
1000,landslide/landslide.273,landslide.273,"rgb(154, 255, 255)",landslide.landslide.273,"['98.2500', '30.0997']",Chaya County,Spot
1000,landslide/landslide.274,landslide.274,"rgb(154, 255, 255)",landslide.landslide.274,"['37.4875', '14.2344']",Chemoga River Sub-Basin,Spot
1000,landslide/landslide.275,landslide.275,"rgb(154, 255, 255)",landslide.landslide.275,"['37.4875', '14.2344']",Chemoga watershed,Spot
1000,landslide/landslide.276,landslide.276,"rgb(154, 255, 255)",landslide.landslide.276,"['75.7170', '33.6404']",Chenab valley,Spot
1000,landslide/landslide.277,landslide.277,"rgb(154, 255, 255)",landslide.landslide.277,"['104.0669', '30.5728']",Chengdu city,Spot
1000,landslide/landslide.278,landslide.278,"rgb(154, 255, 255)",landslide.landslide.278,"['107.5482', '36.0489']",Chenggu County,Spot
1000,landslide/landslide.279,landslide.279,"rgb(154, 255, 255)",landslide.landslide.279,"['108.9360', '31.0056']",Chengkou,Spot
1000,landslide/landslide.280,landslide.280,"rgb(154, 255, 255)",landslide.landslide.280,"['127.4886', '36.6434']",CheongJu region in South Korea,Spot
1000,landslide/landslide.281,landslide.281,"rgb(154, 255, 255)",landslide.landslide.281,"['99.8947', '19.9105']",Chiang Rai,Spot
1000,landslide/landslide.282,landslide.282,"rgb(154, 255, 255)",landslide.landslide.282,"['99.9917', '19.8912']",Chiang Rai and Chiang Mai Provinces,Spot
1000,landslide/landslide.283,landslide.283,"rgb(154, 255, 255)",landslide.landslide.283,"['71.5429', '35.6751']",Chile,Spot
1000,landslide/landslide.284,landslide.284,"rgb(154, 255, 255)",landslide.landslide.284,"['104.1954', '35.8617']",China,Spot
1000,landslide/landslide.285,landslide.285,"rgb(154, 255, 255)",landslide.landslide.285,"['83.9046', '28.1715']",China - Nepal road corridors in the Kali Gandaki valley,Spot
1000,landslide/landslide.286,landslide.286,"rgb(154, 255, 255)",landslide.landslide.286,"['73.0651', '24.8607']",China - Pakistan Economic Corridor,Spot
1000,landslide/landslide.287,landslide.287,"rgb(154, 255, 255)",landslide.landslide.287,"['101.2403', '14.7566']",China - Thailand Railway from Saraburi to Sikhio,Spot
1000,landslide/landslide.288,landslide.288,"rgb(154, 255, 255)",landslide.landslide.288,"['77.6936', '35.8863']",China Pakistan Karakoram Highway,Spot
1000,landslide/landslide.289,landslide.289,"rgb(154, 255, 255)",landslide.landslide.289,"['118.0819', '25.2663']",China 's Fujian province,Spot
1000,landslide/landslide.290,landslide.290,"rgb(154, 255, 255)",landslide.landslide.290,"['85.3153', '28.3949']",Chinese Himalayas in Tibet,Spot
1000,landslide/landslide.291,landslide.291,"rgb(154, 255, 255)",landslide.landslide.291,"['107.9075', '35.3323']",Chinese Loess Plateau,Spot
1000,landslide/landslide.292,landslide.292,"rgb(154, 255, 255)",landslide.landslide.292,"['102.7096', '28.3831']",Chinese mountainous,Spot
1000,landslide/landslide.293,landslide.293,"rgb(154, 255, 255)",landslide.landslide.293,"['120.6472', '24.1179']",Chinshui watershed,Spot
1000,landslide/landslide.294,landslide.294,"rgb(154, 255, 255)",landslide.landslide.294,"['121.3002', '24.8748']",Chishan River watershed in Taiwan,Spot
1000,landslide/landslide.295,landslide.295,"rgb(154, 255, 255)",landslide.landslide.295,"['121.2631', '24.8852']",Chishan watershed,Spot
1000,landslide/landslide.296,landslide.296,"rgb(154, 255, 255)",landslide.landslide.296,"['71.7829', '35.8504']",Chitral,Spot
1000,landslide/landslide.297,landslide.297,"rgb(154, 255, 255)",landslide.landslide.297,"['71.8601', '35.8515']",Chitral district,Spot
1000,landslide/landslide.298,landslide.298,"rgb(154, 255, 255)",landslide.landslide.298,"['71.8453', '35.8461']",Chitral valley,Spot
1000,landslide/landslide.299,landslide.299,"rgb(154, 255, 255)",landslide.landslide.299,"['91.8008', '22.3569']",Chittagong City Corporation,Spot
1000,landslide/landslide.300,landslide.300,"rgb(154, 255, 255)",landslide.landslide.300,"['91.8008', '22.3569']",Chittagong District of Bangladesh,Spot
1000,landslide/landslide.301,landslide.301,"rgb(154, 255, 255)",landslide.landslide.301,"['91.8008', '22.3930']",Chittagong Hilly,Spot
1000,landslide/landslide.302,landslide.302,"rgb(154, 255, 255)",landslide.landslide.302,"['37.9190', '10.5083']",Choke Mountain,Spot
1000,landslide/landslide.303,landslide.303,"rgb(154, 255, 255)",landslide.landslide.303,"['106.5516', '29.5628']",Chongqing,Spot
1000,landslide/landslide.304,landslide.304,"rgb(154, 255, 255)",landslide.landslide.304,"['106.5516', '29.5628']",Chongqing City,Spot
1000,landslide/landslide.305,landslide.305,"rgb(154, 255, 255)",landslide.landslide.305,"['115.3546', '27.6868']",Chongren,Spot
1000,landslide/landslide.306,landslide.306,"rgb(154, 255, 255)",landslide.landslide.306,"['116.0497', '25.8900']",Chongren County,Spot
1000,landslide/landslide.307,landslide.307,"rgb(154, 255, 255)",landslide.landslide.307,"['114.0278', '25.5837']",Chongyi County,Spot
1000,landslide/landslide.308,landslide.308,"rgb(154, 255, 255)",landslide.landslide.308,"['92.3789', '23.9059']",CHT,Spot
1000,landslide/landslide.309,landslide.309,"rgb(154, 255, 255)",landslide.landslide.309,"['138.9096', '37.2657']",Chuetsu,Spot
1000,landslide/landslide.310,landslide.310,"rgb(154, 255, 255)",landslide.landslide.310,"['138.9176', '37.4328']",Chuetsu - Niigata,Spot
1000,landslide/landslide.311,landslide.311,"rgb(154, 255, 255)",landslide.landslide.311,"['89.5824', '27.1175']",Chukha Dzongkhag,Spot
1000,landslide/landslide.312,landslide.312,"rgb(154, 255, 255)",landslide.landslide.312,"['127.7388', '37.8749']",Chuncheon,Spot
1000,landslide/landslide.313,landslide.313,"rgb(154, 255, 255)",landslide.landslide.313,"['120.5688', '24.1258']",Chuoshui River in Taiwan,Spot
1000,landslide/landslide.314,landslide.314,"rgb(154, 255, 255)",landslide.landslide.314,"['101.5550', '25.0266']",Chuxiong,Spot
1000,landslide/landslide.315,landslide.315,"rgb(154, 255, 255)",landslide.landslide.315,"['9.6491', '44.1112']",Cinque Terre,Spot
1000,landslide/landslide.316,landslide.316,"rgb(154, 255, 255)",landslide.landslide.316,"['46.3325', '23.9542']",city of Santos,Spot
1000,landslide/landslide.317,landslide.317,"rgb(154, 255, 255)",landslide.landslide.317,"['122.3321', '47.6062']",City of Seattle,Spot
1000,landslide/landslide.318,landslide.318,"rgb(154, 255, 255)",landslide.landslide.318,"['-115.8504', '45.4877']",Clearwater National Forest,Spot
1000,landslide/landslide.319,landslide.319,"rgb(154, 255, 255)",landslide.landslide.319,"['-115.8504', '45.4877']",Clearwater National Forest in north-central Idaho,Spot
1000,landslide/landslide.320,landslide.320,"rgb(154, 255, 255)",landslide.landslide.320,"['120.3194', '45.2530']",Cleveland Corral,Spot
1000,landslide/landslide.321,landslide.321,"rgb(154, 255, 255)",landslide.landslide.321,"['72.8374', '18.5204']",CMA,Spot
1000,landslide/landslide.322,landslide.322,"rgb(154, 255, 255)",landslide.landslide.322,"['114.3900', '46.6169']",CNF,Spot
1000,landslide/landslide.323,landslide.323,"rgb(154, 255, 255)",landslide.landslide.323,"['112.5627', '37.7010']",coal mining mountain area of Shanxi Province,Spot
1000,landslide/landslide.324,landslide.324,"rgb(154, 255, 255)",landslide.landslide.324,"['88.8965', '13.7942']",coastal area of El Salvador,Spot
1000,landslide/landslide.325,landslide.325,"rgb(154, 255, 255)",landslide.landslide.325,"['9.2333', '32.3000']",coastal cliffs in the south of Safi,Spot
1000,landslide/landslide.326,landslide.326,"rgb(154, 255, 255)",landslide.landslide.326,"['0.0892', '35.9314']",coastal district of Mostaganem,Spot
1000,landslide/landslide.327,landslide.327,"rgb(154, 255, 255)",landslide.landslide.327,"['122.4869', '37.6138']",coastal watershed in Pacifica,Spot
1000,landslide/landslide.328,landslide.328,"rgb(154, 255, 255)",landslide.landslide.328,"['5.3037', '35.7568']",coastline between Tetouan and Bou Ahmed in the northernmost Rif of Morocco and its hinterland,Spot
1000,landslide/landslide.329,landslide.329,"rgb(154, 255, 255)",landslide.landslide.329,"['5.3037', '35.7568']",coastline Mediterranean between Tetouan - Bou Ahmed,Spot
1000,landslide/landslide.330,landslide.330,"rgb(154, 255, 255)",landslide.landslide.330,"['9.6583', '44.1022']",coasts of Cinque Terre,Spot
1000,landslide/landslide.331,landslide.331,"rgb(154, 255, 255)",landslide.landslide.331,"['12.3317', '42.9315']",Collazzone,Spot
1000,landslide/landslide.332,landslide.332,"rgb(154, 255, 255)",landslide.landslide.332,"['74.2973', '4.5709']",Colombia,Spot
1000,landslide/landslide.333,landslide.333,"rgb(154, 255, 255)",landslide.landslide.333,"['75.2422', '4.4368']",Combeima valley in Colombia,Spot
1000,landslide/landslide.334,landslide.334,"rgb(154, 255, 255)",landslide.landslide.334,"['61.3700', '15.4150']",Commonwealth of Dominica,Spot
1000,landslide/landslide.335,landslide.335,"rgb(154, 255, 255)",landslide.landslide.335,"['6.2833', '36.3650']",Constantine,Spot
1000,landslide/landslide.336,landslide.336,"rgb(154, 255, 255)",landslide.landslide.336,"['76.8144', '11.3530']",Coonoor,Spot
1000,landslide/landslide.337,landslide.337,"rgb(154, 255, 255)",landslide.landslide.337,"['76.8144', '11.3530']",Coonoor Taluk of Uthagamandalam District in Tamil Nadu,Spot
1000,landslide/landslide.338,landslide.338,"rgb(154, 255, 255)",landslide.landslide.338,"['77.6300', '8.9167']",Cordillera Blanca,Spot
1000,landslide/landslide.339,landslide.339,"rgb(154, 255, 255)",landslide.landslide.339,"['84.2089', '9.9281']",Costa Rica,Spot
1000,landslide/landslide.340,landslide.340,"rgb(154, 255, 255)",landslide.landslide.340,"['24.8698', '41.1425']",County of Xanthi,Spot
1000,landslide/landslide.341,landslide.341,"rgb(154, 255, 255)",landslide.landslide.341,"['92.0171', '21.4272']",Cox 's bazar,Spot
1000,landslide/landslide.342,landslide.342,"rgb(154, 255, 255)",landslide.landslide.342,"['92.0171', '21.4272']",Cox 's Bazar district of Bangladesh,Spot
1000,landslide/landslide.343,landslide.343,"rgb(154, 255, 255)",landslide.landslide.343,"['71.4916', '33.6844']",CPEC,Spot
1000,landslide/landslide.344,landslide.344,"rgb(154, 255, 255)",landslide.landslide.344,"['24.8700', '35.2401']",Crete Island,Spot
1000,landslide/landslide.345,landslide.345,"rgb(154, 255, 255)",landslide.landslide.345,"['120.3299', '36.1215']",CRSB,Spot
1000,landslide/landslide.346,landslide.346,"rgb(154, 255, 255)",landslide.landslide.346,"['2.8833', '40.0806']",Cuenca,Spot
1000,landslide/landslide.347,landslide.347,"rgb(154, 255, 255)",landslide.landslide.347,"['2.8833', '40.0806']",Cuenca city,Spot
1000,landslide/landslide.348,landslide.348,"rgb(154, 255, 255)",landslide.landslide.348,"['122.4200', '38.5675']",CVL,Spot
1000,landslide/landslide.349,landslide.349,"rgb(154, 255, 255)",landslide.landslide.349,"['15.4730', '49.8153']",Czech Republic,Spot
1000,landslide/landslide.350,landslide.350,"rgb(154, 255, 255)",landslide.landslide.350,"['108.4178', '11.9404']",Da Lat province,Spot
1000,landslide/landslide.351,landslide.351,"rgb(154, 255, 255)",landslide.landslide.351,"['115.0117', '33.2589']",Dabie Mountain area of Anhui Province,Spot
1000,landslide/landslide.352,landslide.352,"rgb(154, 255, 255)",landslide.landslide.352,"['68.4963', '26.6606']",Dadu River Basin,Spot
1000,landslide/landslide.353,landslide.353,"rgb(154, 255, 255)",landslide.landslide.353,"['101.4555', '24.0326']",Daguan County,Spot
1000,landslide/landslide.354,landslide.354,"rgb(154, 255, 255)",landslide.landslide.354,"['120.4866', '46.5167']",Dagushan,Spot
1000,landslide/landslide.355,landslide.355,"rgb(154, 255, 255)",landslide.landslide.355,"['81.8333', '28.8833']",Dailekh district,Spot
1000,landslide/landslide.356,landslide.356,"rgb(154, 255, 255)",landslide.landslide.356,"['129.3234', '43.7972']",Dajie township,Spot
1000,landslide/landslide.357,landslide.357,"rgb(154, 255, 255)",landslide.landslide.357,"['17.4439', '14.7167']",Dakar coastal,Spot
1000,landslide/landslide.358,landslide.358,"rgb(154, 255, 255)",landslide.landslide.358,"['75.9779', '32.6499']",Dalhousie,Spot
1000,landslide/landslide.359,landslide.359,"rgb(154, 255, 255)",landslide.landslide.359,"['96.1108', '16.0453']",Damre Romel,Spot
1000,landslide/landslide.360,landslide.360,"rgb(154, 255, 255)",landslide.landslide.360,"['25.9767', '44.4417']",Danube -  right river bank,Spot
1000,landslide/landslide.361,landslide.361,"rgb(154, 255, 255)",landslide.landslide.361,"['103.426', '29.3506']",Daoshi,Spot
1000,landslide/landslide.362,landslide.362,"rgb(154, 255, 255)",landslide.landslide.362,"['88.2636', '27.0357']",Darjeeling,Spot
1000,landslide/landslide.363,landslide.363,"rgb(154, 255, 255)",landslide.landslide.363,"['88.4726', '27.0357']",Darjeeling and Kalimpong district,Spot
1000,landslide/landslide.364,landslide.364,"rgb(154, 255, 255)",landslide.landslide.364,"['88.4726', '27.0357']",Darjeeling and Kalimpong districts of West Bengal,Spot
1000,landslide/landslide.365,landslide.365,"rgb(154, 255, 255)",landslide.landslide.365,"['88.2666', '27.0026']",Darjeeling Himalaya,Spot
1000,landslide/landslide.366,landslide.366,"rgb(154, 255, 255)",landslide.landslide.366,"['88.2666', '27.0026']",Darjeeling Himalayan,Spot
1000,landslide/landslide.367,landslide.367,"rgb(154, 255, 255)",landslide.landslide.367,"['88.2666', '27.0026']",Darjeeling Himalayas of India,Spot
1000,landslide/landslide.368,landslide.368,"rgb(154, 255, 255)",landslide.landslide.368,"['88.2495', '27.1046']",Darjiling Himalaya,Spot
1000,landslide/landslide.369,landslide.369,"rgb(154, 255, 255)",landslide.landslide.369,"['101.6016', '36.5519']",Datong mining area in Qinghai Province,Spot
1000,landslide/landslide.370,landslide.370,"rgb(154, 255, 255)",landslide.landslide.370,"['15.5673', '41.3817']",Daunia,Spot
1000,landslide/landslide.371,landslide.371,"rgb(154, 255, 255)",landslide.landslide.371,"['15.5673', '41.3817']",Daunia - Lucanian mountains,Spot
1000,landslide/landslide.372,landslide.372,"rgb(154, 255, 255)",landslide.landslide.372,"['15.5673', '41.3817']",Daunia hillslopes,Spot
1000,landslide/landslide.373,landslide.373,"rgb(154, 255, 255)",landslide.landslide.373,"['107.468', '31.2108']",Dazhou town,Spot
1000,landslide/landslide.374,landslide.374,"rgb(154, 255, 255)",landslide.landslide.374,"['37.7304', '10.3389']",Debre Markos town,Spot
1000,landslide/landslide.375,landslide.375,"rgb(154, 255, 255)",landslide.landslide.375,"['38.0516', '9.5487']",Debre Sina,Spot
1000,landslide/landslide.376,landslide.376,"rgb(154, 255, 255)",landslide.landslide.376,"['98.5894', '24.4412']",Dehong Prefecture,Spot
1000,landslide/landslide.377,landslide.377,"rgb(154, 255, 255)",landslide.landslide.377,"['117.7049', '25.6246']",Dehua County,Spot
1000,landslide/landslide.378,landslide.378,"rgb(154, 255, 255)",landslide.landslide.378,"['10.0', '56.0']",Denmark,Spot
1000,landslide/landslide.379,landslide.379,"rgb(154, 255, 255)",landslide.landslide.379,"['128.6217', '37.1604']",Deokjeok - ri Creek,Spot
1000,landslide/landslide.380,landslide.380,"rgb(154, 255, 255)",landslide.landslide.380,"['128.6283', '37.1687']",Deokjeokri catchment,Spot
1000,landslide/landslide.381,landslide.381,"rgb(154, 255, 255)",landslide.landslide.381,"['77.1226', '8.3305']",department of Ancash,Spot
1000,landslide/landslide.382,landslide.382,"rgb(154, 255, 255)",landslide.landslide.382,"['99.8933', '27.8188']",Deqin County,Spot
1000,landslide/landslide.383,landslide.383,"rgb(154, 255, 255)",landslide.landslide.383,"['99.8233', '27.7781']",Derong and Deqin County,Spot
1000,landslide/landslide.384,landslide.384,"rgb(154, 255, 255)",landslide.landslide.384,"['84.0846', '9.8825']",Desamparados,Spot
1000,landslide/landslide.385,landslide.385,"rgb(154, 255, 255)",landslide.landslide.385,"['30.9736', '41.2463']",Devrek town,Spot
1000,landslide/landslide.386,landslide.386,"rgb(154, 255, 255)",landslide.landslide.386,"['104.4010', '31.1269']",Deyang,Spot
1000,landslide/landslide.387,landslide.387,"rgb(154, 255, 255)",landslide.landslide.387,"['84.9055', '28.1611']",Dhading,Spot
1000,landslide/landslide.388,landslide.388,"rgb(154, 255, 255)",landslide.landslide.388,"['84.9055', '28.1611']",Dhading district of Nepal 's Bagmati province,Spot
1000,landslide/landslide.389,landslide.389,"rgb(154, 255, 255)",landslide.landslide.389,"['80.6212', '28.4863']",Dhaira,Spot
1000,landslide/landslide.390,landslide.390,"rgb(154, 255, 255)",landslide.landslide.390,"['76.3188', '32.2190']",Dharamshala,Spot
1000,landslide/landslide.391,landslide.391,"rgb(154, 255, 255)",landslide.landslide.391,"['76.3188', '32.2190']",Dharamshala region of Kangra valley,Spot
1000,landslide/landslide.392,landslide.392,"rgb(154, 255, 255)",landslide.landslide.392,"['102.8083', '25.8058']",Dianchi Lake watershed,Spot
1000,landslide/landslide.393,landslide.393,"rgb(154, 255, 255)",landslide.landslide.393,"['103.4233', '31.5141']",Diexi,Spot
1000,landslide/landslide.394,landslide.394,"rgb(154, 255, 255)",landslide.landslide.394,"['102.8192', '31.7312']",Diexi area located along the upstream stretch of the Minjiang River,Spot
1000,landslide/landslide.395,landslide.395,"rgb(154, 255, 255)",landslide.landslide.395,"['73.2434', '36.4426']",District Ghizer,Spot
1000,landslide/landslide.396,landslide.396,"rgb(154, 255, 255)",landslide.landslide.396,"['73.0069', '33.7890']",District Hattian Bala,Spot
1000,landslide/landslide.397,landslide.397,"rgb(154, 255, 255)",landslide.landslide.397,"['106.8276', '6.2088']",DKI Jakarta,Spot
1000,landslide/landslide.398,landslide.398,"rgb(154, 255, 255)",landslide.landslide.398,"['18.0840', '44.7310']",Doboj City,Spot
1000,landslide/landslide.399,landslide.399,"rgb(154, 255, 255)",landslide.landslide.399,"['47.0291', '36.6226']",Dodangeh watershed,Spot
1000,landslide/landslide.400,landslide.400,"rgb(154, 255, 255)",landslide.landslide.400,"['85.9485', '27.6760']",Dolalghat - Kodari section in Araniko Highway,Spot
1000,landslide/landslide.401,landslide.401,"rgb(154, 255, 255)",landslide.landslide.401,"['61.3709', '15.4150']",Dominica,Spot
1000,landslide/landslide.402,landslide.402,"rgb(154, 255, 255)",landslide.landslide.402,"['83.8630', '9.2480']",Dominical,Spot
1000,landslide/landslide.403,landslide.403,"rgb(154, 255, 255)",landslide.landslide.403,"['127.8986', '42.6788']",Dongfeng,Spot
1000,landslide/landslide.404,landslide.404,"rgb(154, 255, 255)",landslide.landslide.404,"['114.1303', '23.9326']",Dongjiang Reservoir Watershed,Spot
1000,landslide/landslide.405,landslide.405,"rgb(154, 255, 255)",landslide.landslide.405,"['113.8958', '36.3013']",Dongzhiyuan,Spot
1000,landslide/landslide.406,landslide.406,"rgb(154, 255, 255)",landslide.landslide.406,"['137.1485', '61.5167']",Donjek River area within the Yukon Alaska Highway Corridor,Spot
1000,landslide/landslide.407,landslide.407,"rgb(154, 255, 255)",landslide.landslide.407,"['116.7113', '35.6832']",DS,Spot
1000,landslide/landslide.408,landslide.408,"rgb(154, 255, 255)",landslide.landslide.408,"['115.0367', '35.7125']",DS railway segments from Puyang town to Dengsheng village,Spot
1000,landslide/landslide.409,landslide.409,"rgb(154, 255, 255)",landslide.landslide.409,"['77.3589', '28.1248']",Dubair,Spot
1000,landslide/landslide.410,landslide.410,"rgb(154, 255, 255)",landslide.landslide.410,"['103.5326', '30.9564']",Dujiangyan city to Siguniang Mountain,Spot
1000,landslide/landslide.411,landslide.411,"rgb(154, 255, 255)",landslide.landslide.411,"['112.3491', '33.0173']",Duwen basin of China,Spot
1000,landslide/landslide.412,landslide.412,"rgb(154, 255, 255)",landslide.landslide.412,"['114.5375', '33.5111']",Duwen Highway Basin,Spot
1000,landslide/landslide.413,landslide.413,"rgb(154, 255, 255)",landslide.landslide.413,"['120.9401', '24.1985']",Duxiantou,Spot
1000,landslide/landslide.414,landslide.414,"rgb(154, 255, 255)",landslide.landslide.414,"['79.5045', '43.6529']",DVP,Spot
1000,landslide/landslide.415,landslide.415,"rgb(154, 255, 255)",landslide.landslide.415,"['4.4699', '50.5011']",E Belgium,Spot
1000,landslide/landslide.416,landslide.416,"rgb(154, 255, 255)",landslide.landslide.416,"['90.1933', '15.7835']",east - central Guatemala,Spot
1000,landslide/landslide.417,landslide.417,"rgb(154, 255, 255)",landslide.landslide.417,"['36.8219', '1.2991']",East Africa,Spot
1000,landslide/landslide.418,landslide.418,"rgb(154, 255, 255)",landslide.landslide.418,"['46.1876', '37.9163']",East Azerbaijan,Spot
1000,landslide/landslide.419,landslide.419,"rgb(154, 255, 255)",landslide.landslide.419,"['37.9167', '11.4833']",East Gojjam,Spot
1000,landslide/landslide.420,landslide.420,"rgb(154, 255, 255)",landslide.landslide.420,"['112.7208', '-7.2575']",East Java,Spot
1000,landslide/landslide.421,landslide.421,"rgb(154, 255, 255)",landslide.landslide.421,"['94.1500', '34.5500']",east of the Qinghai - Tibet Plateau,Spot
1000,landslide/landslide.422,landslide.422,"rgb(154, 255, 255)",landslide.landslide.422,"['93.6000', '29.4000']",east of the Tibetan Plateau,Spot
1000,landslide/landslide.423,landslide.423,"rgb(154, 255, 255)",landslide.landslide.423,"['15.4667', '38.0667']",East Peloritani Fault System,Spot
1000,landslide/landslide.424,landslide.424,"rgb(154, 255, 255)",landslide.landslide.424,"['88.6155', '27.3303']",East Sikkim Himalaya,Spot
1000,landslide/landslide.425,landslide.425,"rgb(154, 255, 255)",landslide.landslide.425,"['88.6116', '27.3321']",East Sikkim Himalaya region of India,Spot
1000,landslide/landslide.426,landslide.426,"rgb(154, 255, 255)",landslide.landslide.426,"['113.7537', '23.1291']",eastern and southern parts of China,Spot
1000,landslide/landslide.427,landslide.427,"rgb(154, 255, 255)",landslide.landslide.427,"['14.5500', '48.2000']",eastern Austria,Spot
1000,landslide/landslide.428,landslide.428,"rgb(154, 255, 255)",landslide.landslide.428,"['17.4400', '48.2100']",eastern basin of the largest central European,Spot
1000,landslide/landslide.429,landslide.429,"rgb(154, 255, 255)",landslide.landslide.429,"['37.2923', '40.4553']",Eastern Black Sea,Spot
1000,landslide/landslide.430,landslide.430,"rgb(154, 255, 255)",landslide.landslide.430,"['38.7857', '41.1553']",Eastern Black Sea region of Turkey,Spot
1000,landslide/landslide.431,landslide.431,"rgb(154, 255, 255)",landslide.landslide.431,"['101.6800', '33.9500']",eastern boundary of the Tibetan Plateau,Spot
1000,landslide/landslide.432,landslide.432,"rgb(154, 255, 255)",landslide.landslide.432,"['108.3667', '22.7614']",eastern Chengfeng,Spot
1000,landslide/landslide.433,landslide.433,"rgb(154, 255, 255)",landslide.landslide.433,"['121.4737', '31.2304']",eastern coast of China,Spot
1000,landslide/landslide.434,landslide.434,"rgb(154, 255, 255)",landslide.landslide.434,"['77.7806', '20.3500']",eastern Cuba,Spot
1000,landslide/landslide.435,landslide.435,"rgb(154, 255, 255)",landslide.landslide.435,"['108.6740', '24.1150']",eastern Guangxi,Spot
1000,landslide/landslide.436,landslide.436,"rgb(154, 255, 255)",landslide.landslide.436,"['89.5674', '27.3585']",eastern Himalayan road corridor,Spot
1000,landslide/landslide.437,landslide.437,"rgb(154, 255, 255)",landslide.landslide.437,"['91.1042', '29.6497']",eastern Himalayan syntaxis in Tibet,Spot
1000,landslide/landslide.438,landslide.438,"rgb(154, 255, 255)",landslide.landslide.438,"['88.7879', '27.9881']",eastern Himalayas,Spot
1000,landslide/landslide.439,landslide.439,"rgb(154, 255, 255)",landslide.landslide.439,"['67.8325', '36.8036']",eastern Hindu Kush range,Spot
1000,landslide/landslide.440,landslide.440,"rgb(154, 255, 255)",landslide.landslide.440,"['142.2874', '42.5773']",Eastern Iburi,Spot
1000,landslide/landslide.441,landslide.441,"rgb(154, 255, 255)",landslide.landslide.441,"['86.1901', '20.5937']",Eastern India,Spot
1000,landslide/landslide.442,landslide.442,"rgb(154, 255, 255)",landslide.landslide.442,"['12.1374', '45.8150']",Eastern Italian Alps,Spot
1000,landslide/landslide.443,landslide.443,"rgb(154, 255, 255)",landslide.landslide.443,"['83.6974', '37.8393']",eastern Kentucky,Spot
1000,landslide/landslide.444,landslide.444,"rgb(154, 255, 255)",landslide.landslide.444,"['8.9306', '44.4009']",eastern Liguria,Spot
1000,landslide/landslide.445,landslide.445,"rgb(154, 255, 255)",landslide.landslide.445,"['84.1240', '28.3949']",Eastern Nepal,Spot
1000,landslide/landslide.446,landslide.446,"rgb(154, 255, 255)",landslide.landslide.446,"['79.3832', '46.8139']",eastern Ontario,Spot
1000,landslide/landslide.447,landslide.447,"rgb(154, 255, 255)",landslide.landslide.447,"['103.8343', '36.0611']",eastern part of Lanzhou,Spot
1000,landslide/landslide.448,landslide.448,"rgb(154, 255, 255)",landslide.landslide.448,"['48.2426', '31.2710']",eastern part of the Khuzestan province of southern Iran,Spot
1000,landslide/landslide.449,landslide.449,"rgb(154, 255, 255)",landslide.landslide.449,"['2.4367', '42.3317']",Eastern Pyreenes,Spot
1000,landslide/landslide.450,landslide.450,"rgb(154, 255, 255)",landslide.landslide.450,"['73.7457', '40.7952']",eastern rim of the Fergana Basin,Spot
1000,landslide/landslide.451,landslide.451,"rgb(154, 255, 255)",landslide.landslide.451,"['72.1969', '26.7453']",eastern road section of the China - Pakistan Economic Corridor,Spot
1000,landslide/landslide.452,landslide.452,"rgb(154, 255, 255)",landslide.landslide.452,"['24.9668', '45.9432']",eastern Romania,Spot
1000,landslide/landslide.453,landslide.453,"rgb(154, 255, 255)",landslide.landslide.453,"['76.1054', '12.3375']",eastern side of the Western Ghats in the Kodagu district,Spot
1000,landslide/landslide.454,landslide.454,"rgb(154, 255, 255)",landslide.landslide.454,"['92.9201', '31.9686']",eastern Tibet,Spot
1000,landslide/landslide.455,landslide.455,"rgb(154, 255, 255)",landslide.landslide.455,"['37.5368', '6.8488']",Ebantu district of the Oromia regional state of western Ethiopia,Spot
1000,landslide/landslide.456,landslide.456,"rgb(154, 255, 255)",landslide.landslide.456,"['78.1834', '1.8312']",Ecuador,Spot
1000,landslide/landslide.457,landslide.457,"rgb(154, 255, 255)",landslide.landslide.457,"['81.9773', '28.3949']",edge of the Himalaya Mountains,Spot
1000,landslide/landslide.458,landslide.458,"rgb(154, 255, 255)",landslide.landslide.458,"['30.8028', '26.8205']",Egypt,Spot
1000,landslide/landslide.459,landslide.459,"rgb(154, 255, 255)",landslide.landslide.459,"['103.5599', '31.5100']",Eight-kilometer range of the main road in Wenchuan County,Spot
1000,landslide/landslide.460,landslide.460,"rgb(154, 255, 255)",landslide.landslide.460,"['-106.2250', '25.0957']",El Berrinche,Spot
1000,landslide/landslide.461,landslide.461,"rgb(154, 255, 255)",landslide.landslide.461,"['-99.7833', '18.0167']",El Plateado,Spot
1000,landslide/landslide.462,landslide.462,"rgb(154, 255, 255)",landslide.landslide.462,"['-95.9353', '16.4036']",El Triunfo watershed,Spot
1000,landslide/landslide.463,landslide.463,"rgb(154, 255, 255)",landslide.landslide.463,"['0.0000', '0.0000']",elevation relief,Spot
1000,landslide/landslide.464,landslide.464,"rgb(154, 255, 255)",landslide.landslide.464,"['97.5380', '29.6132']",end of the Eastern Himalayan Syntaxis,Spot
1000,landslide/landslide.465,landslide.465,"rgb(154, 255, 255)",landslide.landslide.465,"['109.4828', '30.2729']",Enshi,Spot
1000,landslide/landslide.466,landslide.466,"rgb(154, 255, 255)",landslide.landslide.466,"['109.4833', '30.3000']",Enshi City,Spot
1000,landslide/landslide.467,landslide.467,"rgb(154, 255, 255)",landslide.landslide.467,"['109.4833', '30.3000']",Enshi County,Spot
1000,landslide/landslide.468,landslide.468,"rgb(154, 255, 255)",landslide.landslide.468,"['109.5100', '30.3000']",Enshi region in China,Spot
1000,landslide/landslide.469,landslide.469,"rgb(154, 255, 255)",landslide.landslide.469,"['76.2673', '9.9312']",Ernakulam,Spot
1000,landslide/landslide.470,landslide.470,"rgb(154, 255, 255)",landslide.landslide.470,"['-40.3089', '-19.1834']",Espirito Santo,Spot
1000,landslide/landslide.471,landslide.471,"rgb(154, 255, 255)",landslide.landslide.471,"['40.4897', '9.1450']",Ethiopia,Spot
1000,landslide/landslide.472,landslide.472,"rgb(154, 255, 255)",landslide.landslide.472,"['10.4515', '51.1657']",Europe,Spot
1000,landslide/landslide.473,landslide.473,"rgb(154, 255, 255)",landslide.landslide.473,"['10.4515', '51.1657']",European,Spot
1000,landslide/landslide.474,landslide.474,"rgb(154, 255, 255)",landslide.landslide.474,"['126.9780', '37.5665']",expressways in Korea,Spot
1000,landslide/landslide.475,landslide.475,"rgb(154, 255, 255)",landslide.landslide.475,"['53.0689', '29.1044']",Fars Province,Spot
1000,landslide/landslide.476,landslide.476,"rgb(154, 255, 255)",landslide.landslide.476,"['107.7280', '29.6669']",Fengdu County of the,Spot
1000,landslide/landslide.477,landslide.477,"rgb(154, 255, 255)",landslide.landslide.477,"['109.4744', '31.0062']",Fengjie,Spot
1000,landslide/landslide.478,landslide.478,"rgb(154, 255, 255)",landslide.landslide.478,"['108.3972', '31.0078']",Fengjie County,Spot
1000,landslide/landslide.479,landslide.479,"rgb(154, 255, 255)",landslide.landslide.479,"['107.7222', '31.4060']",Fengjie County in China,Spot
1000,landslide/landslide.480,landslide.480,"rgb(154, 255, 255)",landslide.landslide.480,"['109.4512', '31.1033']",Fengjie County in the Three Gorges Reservoir,Spot
1000,landslide/landslide.481,landslide.481,"rgb(154, 255, 255)",landslide.landslide.481,"['3.7626', '50.8218']",Flemish Ardennes,Spot
1000,landslide/landslide.482,landslide.482,"rgb(154, 255, 255)",landslide.landslide.482,"['122.2026', '8.6118']",Flores Island,Spot
1000,landslide/landslide.483,landslide.483,"rgb(154, 255, 255)",landslide.landslide.483,"['12.25', '44.5']",Flysch,Spot
1000,landslide/landslide.484,landslide.484,"rgb(154, 255, 255)",landslide.landslide.484,"['16.3917', '48.2098']",Flysch areas including the Penninic Klippen in the Vienna Forest,Spot
1000,landslide/landslide.485,landslide.485,"rgb(154, 255, 255)",landslide.landslide.485,"['77.5', '32.5']",Foothill of Lesser Himalayas,Spot
1000,landslide/landslide.486,landslide.486,"rgb(154, 255, 255)",landslide.landslide.486,"['77.1432', '9.9030']",Foothills at Karavallikkombai,Spot
1000,landslide/landslide.487,landslide.487,"rgb(154, 255, 255)",landslide.landslide.487,"['71.0', '41.5']",Foothills of the high mountain ranges along the Eastern rim of the Fergana Basin,Spot
1000,landslide/landslide.488,landslide.488,"rgb(154, 255, 255)",landslide.landslide.488,"['119.7110', '29.7361']",Forest-covered areas in Lin'an,Spot
1000,landslide/landslide.489,landslide.489,"rgb(154, 255, 255)",landslide.landslide.489,"['35.0', '33.0']",Forested watersheds,Spot
1000,landslide/landslide.490,landslide.490,"rgb(154, 255, 255)",landslide.landslide.490,"['35.0', '33.0']",Forests,Spot
1000,landslide/landslide.491,landslide.491,"rgb(154, 255, 255)",landslide.landslide.491,"['-71.0', '45.0']",Former Champlain Sea,Spot
1000,landslide/landslide.492,landslide.492,"rgb(154, 255, 255)",landslide.landslide.492,"['86.5', '27.5']",Fragile mountainous terrain in the eastern part of Nepal,Spot
1000,landslide/landslide.493,landslide.493,"rgb(154, 255, 255)",landslide.landslide.493,"['2.2137', '46.2276']",France,Spot
1000,landslide/landslide.494,landslide.494,"rgb(154, 255, 255)",landslide.landslide.494,"['10.6000', '49.0000']",Franconian Alb,Spot
1000,landslide/landslide.495,landslide.495,"rgb(154, 255, 255)",landslide.landslide.495,"['0.0', '0.0']",Frequencies,Spot
1000,landslide/landslide.496,landslide.496,"rgb(154, 255, 255)",landslide.landslide.496,"['0.0', '0.0']",FS,Spot
1000,landslide/landslide.497,landslide.497,"rgb(154, 255, 255)",landslide.landslide.497,"['119.6807', '27.0910']",Fu'an City,Spot
1000,landslide/landslide.498,landslide.498,"rgb(154, 255, 255)",landslide.landslide.498,"['111.8895', '38.3181']",Fugu County of Shaanxi Province,Spot
1000,landslide/landslide.499,landslide.499,"rgb(154, 255, 255)",landslide.landslide.499,"['119.2965', '26.0763']",Fujian Province,Spot
1000,landslide/landslide.500,landslide.500,"rgb(154, 255, 255)",landslide.landslide.500,"['114.2533', '36.0709']",Fukou,Spot
1000,landslide/landslide.501,landslide.501,"rgb(154, 255, 255)",landslide.landslide.501,"['107.3911', '29.7034']",Fuling District,Spot
1000,landslide/landslide.502,landslide.502,"rgb(154, 255, 255)",landslide.landslide.502,"['119.2965', '26.0745']",Fuzhou City,Spot
1000,landslide/landslide.503,landslide.503,"rgb(154, 255, 255)",landslide.landslide.503,"['120.3434', '30.5824']",G69,Spot
1000,landslide/landslide.504,landslide.504,"rgb(154, 255, 255)",landslide.landslide.504,"['37.9855', '6.5666']",Gamo Zone of south Ethiopia,Spot
1000,landslide/landslide.505,landslide.505,"rgb(154, 255, 255)",landslide.landslide.505,"['128.8965', '37.7510']",Gangneung,Spot
1000,landslide/landslide.506,landslide.506,"rgb(154, 255, 255)",landslide.landslide.506,"['128.8965', '37.7510']",Gangneung - si,Spot
1000,landslide/landslide.507,landslide.507,"rgb(154, 255, 255)",landslide.landslide.507,"['128.8965', '37.7510']",Gangneung in Korea,Spot
1000,landslide/landslide.508,landslide.508,"rgb(154, 255, 255)",landslide.landslide.508,"['88.6138', '27.3314']",Gangtok city,Spot
1000,landslide/landslide.509,landslide.509,"rgb(154, 255, 255)",landslide.landslide.509,"['88.6140', '27.3389']",Gangtok city of Sikkim state,Spot
1000,landslide/landslide.510,landslide.510,"rgb(154, 255, 255)",landslide.landslide.510,"['88.6140', '27.3389']",Gangtok subdivision in east Sikkim district,Spot
1000,landslide/landslide.511,landslide.511,"rgb(154, 255, 255)",landslide.landslide.511,"['128.5467', '37.8228']",Gangwon Province,Spot
1000,landslide/landslide.512,landslide.512,"rgb(154, 255, 255)",landslide.landslide.512,"['102.4576', '35.7528']",Gansu,Spot
1000,landslide/landslide.513,landslide.513,"rgb(154, 255, 255)",landslide.landslide.513,"['102.4576', '35.7528']",Gansu Province,Spot
1000,landslide/landslide.514,landslide.514,"rgb(154, 255, 255)",landslide.landslide.514,"['78.4370', '30.2889']",Gardhwal Himalayan terrain,Spot
1000,landslide/landslide.515,landslide.515,"rgb(154, 255, 255)",landslide.landslide.515,"['78.8262', '30.3256']",Garhwal Himalaya,Spot
1000,landslide/landslide.516,landslide.516,"rgb(154, 255, 255)",landslide.landslide.516,"['78.8262', '30.3256']",Garhwal Himalayas,Spot
1000,landslide/landslide.517,landslide.517,"rgb(154, 255, 255)",landslide.landslide.517,"['78.8262', '30.3256']",Garhwal Lesser Himalaya,Spot
1000,landslide/landslide.518,landslide.518,"rgb(154, 255, 255)",landslide.landslide.518,"['10.8769', '11.6542']",Garuwa sub-basin,Spot
1000,landslide/landslide.519,landslide.519,"rgb(154, 255, 255)",landslide.landslide.519,"['18.6466', '54.3520']",Gdansk,Spot
1000,landslide/landslide.520,landslide.520,"rgb(154, 255, 255)",landslide.landslide.520,"['18.5308', '54.5189']",Gdynia,Spot
1000,landslide/landslide.521,landslide.521,"rgb(154, 255, 255)",landslide.landslide.521,"['0.0000', '0.0000']",geological,Spot
1000,landslide/landslide.522,landslide.522,"rgb(154, 255, 255)",landslide.landslide.522,"['0.0000', '0.0000']",geomorphological units,Spot
1000,landslide/landslide.523,landslide.523,"rgb(154, 255, 255)",landslide.landslide.523,"['43.3569', '42.3154']",Georgia,Spot
1000,landslide/landslide.524,landslide.524,"rgb(154, 255, 255)",landslide.landslide.524,"['10.4515', '51.1657']",Germany,Spot
1000,landslide/landslide.525,landslide.525,"rgb(154, 255, 255)",landslide.landslide.525,"['24.9384', '44.4194']",Getic Piedmont,Spot
1000,landslide/landslide.526,landslide.526,"rgb(154, 255, 255)",landslide.landslide.526,"['1.0307', '7.9465']",Ghana,Spot
1000,landslide/landslide.527,landslide.527,"rgb(154, 255, 255)",landslide.landslide.527,"['73.5', '18.7']",Ghat road section,Spot
1000,landslide/landslide.528,landslide.528,"rgb(154, 255, 255)",landslide.landslide.528,"['85.3', '27.7']",Ghurmi - Dhad Khola,Spot
1000,landslide/landslide.529,landslide.529,"rgb(154, 255, 255)",landslide.landslide.529,"['49.5670', '37.2887']",Gilan province,Spot
1000,landslide/landslide.530,landslide.530,"rgb(154, 255, 255)",landslide.landslide.530,"['74.3773', '35.8824']",Gilgit Baltistan,Spot
1000,landslide/landslide.531,landslide.531,"rgb(154, 255, 255)",landslide.landslide.531,"['14.7034', '38.0656']",Gioiosa Marea municipality,Spot
1000,landslide/landslide.532,landslide.532,"rgb(154, 255, 255)",landslide.landslide.532,"['38.3897', '40.5931']",Giresun,Spot
1000,landslide/landslide.533,landslide.533,"rgb(154, 255, 255)",landslide.landslide.533,"['33.5333', '35.3369']",Girne,Spot
1000,landslide/landslide.534,landslide.534,"rgb(154, 255, 255)",landslide.landslide.534,"['38.0', '9.0']",Gish River basin,Spot
1000,landslide/landslide.535,landslide.535,"rgb(154, 255, 255)",landslide.landslide.535,"['54.3745', '37.2861']",Golestan province,Spot
1000,landslide/landslide.536,landslide.536,"rgb(154, 255, 255)",landslide.landslide.536,"['59.2861', '36.3750']",Golmakan Watershed as part of Binaloud northern hillsides,Spot
1000,landslide/landslide.537,landslide.537,"rgb(154, 255, 255)",landslide.landslide.537,"['37.4', '11.5']",Goncha Siso Eneses area of East Gojam Zone in northwestern Ethiopia,Spot
1000,landslide/landslide.538,landslide.538,"rgb(154, 255, 255)",landslide.landslide.538,"['82.2456', '43.3689']",Gongliu county,Spot
1000,landslide/landslide.539,landslide.539,"rgb(154, 255, 255)",landslide.landslide.539,"['55.2203', '36.4318']",Gorganroud watershed,Spot
1000,landslide/landslide.540,landslide.540,"rgb(154, 255, 255)",landslide.landslide.540,"['84.6450', '28.2871']",Gorkha,Spot
1000,landslide/landslide.541,landslide.541,"rgb(154, 255, 255)",landslide.landslide.541,"['67.5304', '35.7929']",Gorzineh - khil,Spot
1000,landslide/landslide.542,landslide.542,"rgb(154, 255, 255)",landslide.landslide.542,"['78.7008', '28.3324']",Greater - Himalaya mountainous,Spot
1000,landslide/landslide.543,landslide.543,"rgb(154, 255, 255)",landslide.landslide.543,"['21.8243', '39.0742']",Greece,Spot
1000,landslide/landslide.544,landslide.544,"rgb(154, 255, 255)",landslide.landslide.544,"['-5.0479', '36.4619']",Guadalmansa River basin,Spot
1000,landslide/landslide.545,landslide.545,"rgb(154, 255, 255)",landslide.landslide.545,"['113.7633', '23.3790']",Guangdong Province,Spot
1000,landslide/landslide.546,landslide.546,"rgb(154, 255, 255)",landslide.landslide.546,"['108.6249', '23.8298']",Guangxi,Spot
1000,landslide/landslide.547,landslide.547,"rgb(154, 255, 255)",landslide.landslide.547,"['108.6249', '23.8298']",Guangxi Zhuang Autonomous Region of China,Spot
1000,landslide/landslide.548,landslide.548,"rgb(154, 255, 255)",landslide.landslide.548,"['-74.6799', '20.0633']",Guantanamo Province of Cuba,Spot
1000,landslide/landslide.549,landslide.549,"rgb(154, 255, 255)",landslide.landslide.549,"['-90.2308', '15.7835']",Guatemala,Spot
1000,landslide/landslide.550,landslide.550,"rgb(154, 255, 255)",landslide.landslide.550,"['106.7162', '38.0790']",Gucheng town of Ningxia province in China,Spot
1000,landslide/landslide.551,landslide.551,"rgb(154, 255, 255)",landslide.landslide.551,"['-99.8014', '17.4392']",Guerrero,Spot
1000,landslide/landslide.552,landslide.552,"rgb(154, 255, 255)",landslide.landslide.552,"['104.9573', '28.8235']",Gufenping landslide in Nanjiang,Spot
1000,landslide/landslide.553,landslide.553,"rgb(154, 255, 255)",landslide.landslide.553,"['49.3592', '37.0942']",Guilan Province,Spot
1000,landslide/landslide.554,landslide.554,"rgb(154, 255, 255)",landslide.landslide.554,"['125.0781', '10.3270']",Guinsaugon,Spot
1000,landslide/landslide.555,landslide.555,"rgb(154, 255, 255)",landslide.landslide.555,"['117.2095', '29.4061']",Guixi,Spot
1000,landslide/landslide.556,landslide.556,"rgb(154, 255, 255)",landslide.landslide.556,"['117.2095', '29.4061']",Guixi County in eastern Jiangxi,Spot
1000,landslide/landslide.557,landslide.557,"rgb(154, 255, 255)",landslide.landslide.557,"['117.2095', '29.4061']",Guixi in northeast Jiangxi,Spot
1000,landslide/landslide.558,landslide.558,"rgb(154, 255, 255)",landslide.landslide.558,"['106.7344', '26.9028']",Guizhou,Spot
1000,landslide/landslide.559,landslide.559,"rgb(154, 255, 255)",landslide.landslide.559,"['106.7344', '26.9028']",Guizhou Province,Spot
1000,landslide/landslide.560,landslide.560,"rgb(154, 255, 255)",landslide.landslide.560,"['43.8317', '40.0691']",Gumri,Spot
1000,landslide/landslide.561,landslide.561,"rgb(154, 255, 255)",landslide.landslide.561,"['138.9986', '36.5073']",GunmaGunma prefecture,Spot
1000,landslide/landslide.562,landslide.562,"rgb(154, 255, 255)",landslide.landslide.562,"['74.0552', '33.5643']",Guoien Nullah road,Spot
1000,landslide/landslide.563,landslide.563,"rgb(154, 255, 255)",landslide.landslide.563,"['113.1910', '33.1824']",Guojiaba,Spot
1000,landslide/landslide.564,landslide.564,"rgb(154, 255, 255)",landslide.landslide.564,"['88.0606', '31.3562']",Guozigou Valley,Spot
1000,landslide/landslide.565,landslide.565,"rgb(154, 255, 255)",landslide.landslide.565,"['77.1025', '32.0842']",H.P.,Spot
1000,landslide/landslide.566,landslide.566,"rgb(154, 255, 255)",landslide.landslide.566,"['105.0231', '22.8338']",Ha Giang city,Spot
1000,landslide/landslide.567,landslide.567,"rgb(154, 255, 255)",landslide.landslide.567,"['105.0231', '22.8338']",Ha Giang province,Spot
1000,landslide/landslide.568,landslide.568,"rgb(154, 255, 255)",landslide.landslide.568,"['107.0804', '20.9101']",Ha Long city,Spot
1000,landslide/landslide.569,landslide.569,"rgb(154, 255, 255)",landslide.landslide.569,"['85.3952', '23.9314']",Haila town,Spot
1000,landslide/landslide.570,landslide.570,"rgb(154, 255, 255)",landslide.landslide.570,"['106.7905', '33.9739']",Haizhou open - pit coal mine,Spot
1000,landslide/landslide.571,landslide.571,"rgb(154, 255, 255)",landslide.landslide.571,"['48.5100', '34.7987']",Hamadan Province,Spot
1000,landslide/landslide.572,landslide.572,"rgb(154, 255, 255)",landslide.landslide.572,"['18.7439', '48.7647']",Handlova,Spot
1000,landslide/landslide.573,landslide.573,"rgb(154, 255, 255)",landslide.landslide.573,"['102.6054', '31.8867']",Hanyuan County,Spot
1000,landslide/landslide.574,landslide.574,"rgb(154, 255, 255)",landslide.landslide.574,"['107.0327', '33.0779']",Hanzhong City,Spot
1000,landslide/landslide.575,landslide.575,"rgb(154, 255, 255)",landslide.landslide.575,"['51.6834', '36.0773']",Haraz watershed,Spot
1000,landslide/landslide.576,landslide.576,"rgb(154, 255, 255)",landslide.landslide.576,"['45.5592', '37.4773']",Hashtchin,Spot
1000,landslide/landslide.577,landslide.577,"rgb(154, 255, 255)",landslide.landslide.577,"['75.3000', '34.0000']",Hazara,Spot
1000,landslide/landslide.578,landslide.578,"rgb(154, 255, 255)",landslide.landslide.578,"['76.8533', '9.9312']",headwater region of Manimala river basin in the Western Ghats of Kerala,Spot
1000,landslide/landslide.579,landslide.579,"rgb(154, 255, 255)",landslide.landslide.579,"['118.8386', '28.9738']",Heba Expressway,Spot
1000,landslide/landslide.580,landslide.580,"rgb(154, 255, 255)",landslide.landslide.580,"['115.4378', '38.2701']",HeBei section of Jing Cheng highway,Spot
1000,landslide/landslide.581,landslide.581,"rgb(154, 255, 255)",landslide.landslide.581,"['105.9023', '29.9334']",Hechuan District in Chongqing,Spot
1000,landslide/landslide.582,landslide.582,"rgb(154, 255, 255)",landslide.landslide.582,"['126.6333', '45.7500']",Heilongjiang province,Spot
1000,landslide/landslide.583,landslide.583,"rgb(154, 255, 255)",landslide.landslide.583,"['129.4192', '42.5331']",Helong city,Spot
1000,landslide/landslide.584,landslide.584,"rgb(154, 255, 255)",landslide.landslide.584,"['113.5317', '33.8820']",Henan,Spot
1000,landslide/landslide.585,landslide.585,"rgb(154, 255, 255)",landslide.landslide.585,"['100.5882', '27.5919']",Hengduan Mountain Region in southwest China,Spot
1000,landslide/landslide.586,landslide.586,"rgb(154, 255, 255)",landslide.landslide.586,"['100.4892', '28.0081']",Hengduan Mountains,Spot
1000,landslide/landslide.587,landslide.587,"rgb(154, 255, 255)",landslide.landslide.587,"['99.9167', '18.9184']",high - slope mountain roads in the upper northern region of Thailand,Spot
1000,landslide/landslide.588,landslide.588,"rgb(154, 255, 255)",landslide.landslide.588,"['7.7552', '31.5157']",High Atlas Mountains,Spot
1000,landslide/landslide.589,landslide.589,"rgb(154, 255, 255)",landslide.landslide.589,"['136.4859', '36.4100']",high snowfall area in central Japan,Spot
1000,landslide/landslide.590,landslide.590,"rgb(154, 255, 255)",landslide.landslide.590,"['19.0290', '19.0236']",highest mountain in Mexico,Spot
1000,landslide/landslide.591,landslide.591,"rgb(154, 255, 255)",landslide.landslide.591,"['17.6994', '3.8480']",highland areas of Africa,Spot
1000,landslide/landslide.592,landslide.592,"rgb(154, 255, 255)",landslide.landslide.592,"['77.0000', '12.0000']",highland region of the western slopes of the southern WG,Spot
1000,landslide/landslide.593,landslide.593,"rgb(154, 255, 255)",landslide.landslide.593,"['91.8108', '22.3475']",highly urbanized hilly areas in Chittagong Metropolitan,Spot
1000,landslide/landslide.594,landslide.594,"rgb(154, 255, 255)",landslide.landslide.594,"['96.5278', '39.7441']",highway G30 in the Guozigou Valley,Spot
1000,landslide/landslide.595,landslide.595,"rgb(154, 255, 255)",landslide.landslide.595,"['6.6094', '36.3650']",highway road section in Constantine,Spot
1000,landslide/landslide.596,landslide.596,"rgb(154, 255, 255)",landslide.landslide.596,"['120.9543', '23.6978']",highway section in Taiwan,Spot
1000,landslide/landslide.597,landslide.597,"rgb(154, 255, 255)",landslide.landslide.597,"['118.0', '31.5']",Highways along the south bank of the Yangtze River,Spot
1000,landslide/landslide.598,landslide.598,"rgb(154, 255, 255)",landslide.landslide.598,"['125.0', '7.0']",Highways in Mindanao,Spot
1000,landslide/landslide.599,landslide.599,"rgb(154, 255, 255)",landslide.landslide.599,"['79.0', '29.0']",Hill and mountain ranges of India,Spot
1000,landslide/landslide.600,landslide.600,"rgb(154, 255, 255)",landslide.landslide.600,"['77.0', '11.0']",Hill town in Tamilnadu,Spot
1000,landslide/landslide.601,landslide.601,"rgb(154, 255, 255)",landslide.landslide.601,"['111.0', '34.0']",Hillsides of the area Elga coal field,Spot
1000,landslide/landslide.602,landslide.602,"rgb(154, 255, 255)",landslide.landslide.602,"['13.0', '42.0']",Hilly-coastal test-area in Adriatic Central Italy,Spot
1000,landslide/landslide.603,landslide.603,"rgb(154, 255, 255)",landslide.landslide.603,"['11.0', '44.0']",Hilly and mountainous region in the northern Apennines,Spot
1000,landslide/landslide.604,landslide.604,"rgb(154, 255, 255)",landslide.landslide.604,"['104.0', '30.5']",Hilly area in Sichuan province,Spot
1000,landslide/landslide.605,landslide.605,"rgb(154, 255, 255)",landslide.landslide.605,"['25.0', '45.0']",Hilly area in the Subcarpathian sector of the Prahova Valley,Spot
1000,landslide/landslide.606,landslide.606,"rgb(154, 255, 255)",landslide.landslide.606,"['11.0', '49.0']",Hilly region in Northern Bavaria,Spot
1000,landslide/landslide.607,landslide.607,"rgb(154, 255, 255)",landslide.landslide.607,"['127.0', '37.0']",Hilly region of South Korea,Spot
1000,landslide/landslide.608,landslide.608,"rgb(154, 255, 255)",landslide.landslide.608,"['78.5', '22.0']",Hilly regions of India,Spot
1000,landslide/landslide.609,landslide.609,"rgb(154, 255, 255)",landslide.landslide.609,"['78.2', '30.5']",Hilly regions of Uttarakhand,Spot
1000,landslide/landslide.610,landslide.610,"rgb(154, 255, 255)",landslide.landslide.610,"['77.0', '30.0']",Hilly state in the Himalayas,Spot
1000,landslide/landslide.611,landslide.611,"rgb(154, 255, 255)",landslide.landslide.611,"['77.5', '32.0']",Himachal Pradesh state,Spot
1000,landslide/landslide.612,landslide.612,"rgb(154, 255, 255)",landslide.landslide.612,"['82.9116', '31.8393']",Himalaya,Spot
1000,landslide/landslide.613,landslide.613,"rgb(154, 255, 255)",landslide.landslide.613,"['74.5', '35.0']",Himalaya mountainous region of northern Pakistan,Spot
1000,landslide/landslide.614,landslide.614,"rgb(154, 255, 255)",landslide.landslide.614,"['85.0', '28.5']",Himalayan,Spot
1000,landslide/landslide.615,landslide.615,"rgb(154, 255, 255)",landslide.landslide.615,"['86.0', '28.0']",Himalayan belt,Spot
1000,landslide/landslide.616,landslide.616,"rgb(154, 255, 255)",landslide.landslide.616,"['78.3', '27.3']",Himalayan city,Spot
1000,landslide/landslide.617,landslide.617,"rgb(154, 255, 255)",landslide.landslide.617,"['85.0', '28.5']",Himalayan mountainous ranges,Spot
1000,landslide/landslide.618,landslide.618,"rgb(154, 255, 255)",landslide.landslide.618,"['77.5', '32.5']",Himalayan mountainous terrains of India,Spot
1000,landslide/landslide.619,landslide.619,"rgb(154, 255, 255)",landslide.landslide.619,"['74.5', '35.0']",Himalayan mountains in northern Pakistan,Spot
1000,landslide/landslide.620,landslide.620,"rgb(154, 255, 255)",landslide.landslide.620,"['85.0', '28.5']",Himalayan range,Spot
1000,landslide/landslide.621,landslide.621,"rgb(154, 255, 255)",landslide.landslide.621,"['85.0', '28.5']",Himalayan terrain,Spot
1000,landslide/landslide.622,landslide.622,"rgb(154, 255, 255)",landslide.landslide.622,"['85.0', '28.5']",Himalayan territory,Spot
1000,landslide/landslide.623,landslide.623,"rgb(154, 255, 255)",landslide.landslide.623,"['85.0', '27.0']",Himalayas,Spot
1000,landslide/landslide.624,landslide.624,"rgb(154, 255, 255)",landslide.landslide.624,"['85.0', '28.5']",Himalayas and South Asia,Spot
1000,landslide/landslide.625,landslide.625,"rgb(154, 255, 255)",landslide.landslide.625,"['71.5', '36.5']",Hindukush mountain ranges of northern Pakistan,Spot
1000,landslide/landslide.626,landslide.626,"rgb(154, 255, 255)",landslide.landslide.626,"['-5.0', '34.0']",Hinterlands North Morocco,Spot
1000,landslide/landslide.627,landslide.627,"rgb(154, 255, 255)",landslide.landslide.627,"['132.8', '34.3963']",Hiroshima Prefecture,Spot
1000,landslide/landslide.628,landslide.628,"rgb(154, 255, 255)",landslide.landslide.628,"['105.3457', '20.5977']",Hoa Binh province of Vietnam,Spot
1000,landslide/landslide.629,landslide.629,"rgb(154, 255, 255)",landslide.landslide.629,"['141.3468', '43.2203']",Hokkaido,Spot
1000,landslide/landslide.630,landslide.630,"rgb(154, 255, 255)",landslide.landslide.630,"['-83.5', '13.5']",Honduras,Spot
1000,landslide/landslide.631,landslide.631,"rgb(154, 255, 255)",landslide.landslide.631,"['114.1694', '22.3193']",Hong Kong,Spot
1000,landslide/landslide.632,landslide.632,"rgb(154, 255, 255)",landslide.landslide.632,"['121.5072', '31.2962']",Hongkou Town,Spot
1000,landslide/landslide.633,landslide.633,"rgb(154, 255, 255)",landslide.landslide.633,"['108.0', '29.0']",Hongxi River Basin,Spot
1000,landslide/landslide.634,landslide.634,"rgb(154, 255, 255)",landslide.landslide.634,"['115.0', '27.0']",Hongxing,Spot
1000,landslide/landslide.635,landslide.635,"rgb(154, 255, 255)",landslide.landslide.635,"['41.3986', '41.3886']",Hopa,Spot
1000,landslide/landslide.636,landslide.636,"rgb(154, 255, 255)",landslide.landslide.636,"['77.5', '32.0']",HP,Spot
1000,landslide/landslide.637,landslide.637,"rgb(154, 255, 255)",landslide.landslide.637,"['101.9212', '15.5702']",Huai Nam Phung Subbasin,Spot
1000,landslide/landslide.638,landslide.638,"rgb(154, 255, 255)",landslide.landslide.638,"['110.3567', '31.0123']",Huangtupo,Spot
1000,landslide/landslide.639,landslide.639,"rgb(154, 255, 255)",landslide.landslide.639,"['112.2711', '30.5928']",Hubei province,Spot
1000,landslide/landslide.640,landslide.640,"rgb(154, 255, 255)",landslide.landslide.640,"['110.9669', '30.8111']",Hubei Province section of the Three Gorges Reservoir,Spot
1000,landslide/landslide.641,landslide.641,"rgb(154, 255, 255)",landslide.landslide.641,"['116.3614', '25.9833']",Huichang County and its surrounding,Spot
1000,landslide/landslide.642,landslide.642,"rgb(154, 255, 255)",landslide.landslide.642,"['116.2442', '25.9833']",Huichang County in China,Spot
1000,landslide/landslide.643,landslide.643,"rgb(154, 255, 255)",landslide.landslide.643,"['111.7088', '27.6104']",Hunan Province,Spot
1000,landslide/landslide.644,landslide.644,"rgb(154, 255, 255)",landslide.landslide.644,"['19.5033', '47.1625']",Hungary,Spot
1000,landslide/landslide.645,landslide.645,"rgb(154, 255, 255)",landslide.landslide.645,"['74.4536', '36.3182']",Hunza - Nagar valley in northern Pakistan,Spot
1000,landslide/landslide.646,landslide.646,"rgb(154, 255, 255)",landslide.landslide.646,"['74.2847', '36.1699']",Hunza and Nagar Districts in the Northern part of Pakistan,Spot
1000,landslide/landslide.647,landslide.647,"rgb(154, 255, 255)",landslide.landslide.647,"['14.2786', '38.0188']",hydrographic basin of the Roccella torrent,Spot
1000,landslide/landslide.648,landslide.648,"rgb(154, 255, 255)",landslide.landslide.648,"['121.1500', '24.8936']",I - Lan,Spot
1000,landslide/landslide.649,landslide.649,"rgb(154, 255, 255)",landslide.landslide.649,"['13.0500', '37.8500']",Iato River Basin,Spot
1000,landslide/landslide.650,landslide.650,"rgb(154, 255, 255)",landslide.landslide.650,"['127.4420', '37.2792']",Icheon Township,Spot
1000,landslide/landslide.651,landslide.651,"rgb(154, 255, 255)",landslide.landslide.651,"['114.3637', '43.6448']",Idaho,Spot
1000,landslide/landslide.652,landslide.652,"rgb(154, 255, 255)",landslide.landslide.652,"['77.1391', '9.8567']",Idukki,Spot
1000,landslide/landslide.653,landslide.653,"rgb(154, 255, 255)",landslide.landslide.653,"['77.1549', '9.9423']",Idukki district,Spot
1000,landslide/landslide.654,landslide.654,"rgb(154, 255, 255)",landslide.landslide.654,"['77.1549', '9.9423']",Idukki district in southern part of India,Spot
1000,landslide/landslide.655,landslide.655,"rgb(154, 255, 255)",landslide.landslide.655,"['94.0631', '28.8500']",Igo River Basin in the West Siang District of Arunachal Pradesh,Spot
1000,landslide/landslide.656,landslide.656,"rgb(154, 255, 255)",landslide.landslide.656,"['21.6597', '37.8114']",Ilia,Spot
1000,landslide/landslide.657,landslide.657,"rgb(154, 255, 255)",landslide.landslide.657,"['89.1869', '13.6742']",Ilopango and Coatepeque caldera,Spot
1000,landslide/landslide.658,landslide.658,"rgb(154, 255, 255)",landslide.landslide.658,"['93.9426', '24.8160']",Imphal - Jiribam railway corridor,Spot
1000,landslide/landslide.659,landslide.659,"rgb(154, 255, 255)",landslide.landslide.659,"['72.2917', '13.1631']",Inca City,Spot
1000,landslide/landslide.660,landslide.660,"rgb(154, 255, 255)",landslide.landslide.660,"['78.9629', '20.5937']",India,Spot
1000,landslide/landslide.661,landslide.661,"rgb(154, 255, 255)",landslide.landslide.661,"['77.2090', '28.6139']",India s political border,Spot
1000,landslide/landslide.662,landslide.662,"rgb(154, 255, 255)",landslide.landslide.662,"['78.6407', '30.3635']",Indian Himalaya,Spot
1000,landslide/landslide.663,landslide.663,"rgb(154, 255, 255)",landslide.landslide.663,"['78.9619', '30.7133']",Indian Himalayan,Spot
1000,landslide/landslide.664,landslide.664,"rgb(154, 255, 255)",landslide.landslide.664,"['78.9603', '30.7942']",Indian Himalayas,Spot
1000,landslide/landslide.665,landslide.665,"rgb(154, 255, 255)",landslide.landslide.665,"['79.0193', '30.0668']",Indian State of Uttarakhand,Spot
1000,landslide/landslide.666,landslide.666,"rgb(154, 255, 255)",landslide.landslide.666,"['88.4146', '27.7814']",Indo - Nepal - Bhutan Himalayan,Spot
1000,landslide/landslide.667,landslide.667,"rgb(154, 255, 255)",landslide.landslide.667,"['113.9213', '-0.7893']",Indonesia,Spot
1000,landslide/landslide.668,landslide.668,"rgb(154, 255, 255)",landslide.landslide.668,"['124.8457', '-4.5481']",Indonesian territory,Spot
1000,landslide/landslide.669,landslide.669,"rgb(154, 255, 255)",landslide.landslide.669,"['128.2484', '38.0718']",Inje,Spot
1000,landslide/landslide.670,landslide.670,"rgb(154, 255, 255)",landslide.landslide.670,"['-75.5830', '0.1807']",Inter-Andean,Spot
1000,landslide/landslide.671,landslide.671,"rgb(154, 255, 255)",landslide.landslide.671,"['53.6880', '32.4279']",Iran,Spot
1000,landslide/landslide.672,landslide.672,"rgb(154, 255, 255)",landslide.landslide.672,"['45.8154', '35.3469']",Iran 's West Kurdistan,Spot
1000,landslide/landslide.673,landslide.673,"rgb(154, 255, 255)",landslide.landslide.673,"['-6.2603', '53.3498']",Irish Rail,Spot
1000,landslide/landslide.674,landslide.674,"rgb(154, 255, 255)",landslide.landslide.674,"['13.9022', '40.7314']",Ischia,Spot
1000,landslide/landslide.675,landslide.675,"rgb(154, 255, 255)",landslide.landslide.675,"['-61.2225', '15.4149']",island nation in the eastern Caribbean,Spot
1000,landslide/landslide.676,landslide.676,"rgb(154, 255, 255)",landslide.landslide.676,"['20.6145', '38.7063']",Island of Lefkada,Spot
1000,landslide/landslide.677,landslide.677,"rgb(154, 255, 255)",landslide.landslide.677,"['14.9511', '38.4730']",Island of Lipari,Spot
1000,landslide/landslide.678,landslide.678,"rgb(154, 255, 255)",landslide.landslide.678,"['-66.5902', '18.2208']",Island of Puerto Rico,Spot
1000,landslide/landslide.679,landslide.679,"rgb(154, 255, 255)",landslide.landslide.679,"['14.9511', '38.4730']",Islands of Lipari and Vulcano,Spot
1000,landslide/landslide.680,landslide.680,"rgb(154, 255, 255)",landslide.landslide.680,"['48.7018', '26.9116']",Itajai - Acu river valley,Spot
1000,landslide/landslide.681,landslide.681,"rgb(154, 255, 255)",landslide.landslide.681,"['12.4964', '41.9028']",Italian,Spot
1000,landslide/landslide.682,landslide.682,"rgb(154, 255, 255)",landslide.landslide.682,"['12.4964', '41.9028']",Italian territory,Spot
1000,landslide/landslide.683,landslide.683,"rgb(154, 255, 255)",landslide.landslide.683,"['12.4964', '41.9028']",Italy,Spot
1000,landslide/landslide.684,landslide.684,"rgb(154, 255, 255)",landslide.landslide.684,"['120.6905', '16.3535']",Itogon,Spot
1000,landslide/landslide.685,landslide.685,"rgb(154, 255, 255)",landslide.landslide.685,"['49.4306', '31.8272']",Izeh River basin,Spot
1000,landslide/landslide.686,landslide.686,"rgb(154, 255, 255)",landslide.landslide.686,"['27.1428', '38.4192']",Izmir,Spot
1000,landslide/landslide.687,landslide.687,"rgb(154, 255, 255)",landslide.landslide.687,"['27.1428', '38.4192']",Izmir city,Spot
1000,landslide/landslide.688,landslide.688,"rgb(154, 255, 255)",landslide.landslide.688,"['27.1428', '38.4192']",Izmir metropolitan,Spot
1000,landslide/landslide.689,landslide.689,"rgb(154, 255, 255)",landslide.landslide.689,"['139.0759', '35.1925']",Izu Mountain,Spot
1000,landslide/landslide.690,landslide.690,"rgb(154, 255, 255)",landslide.landslide.690,"['82.0809', '28.8000']",Jajarkot district of Nepal,Spot
1000,landslide/landslide.691,landslide.691,"rgb(154, 255, 255)",landslide.landslide.691,"['11.7987', '10.4843']",Jalad,Spot
1000,landslide/landslide.692,landslide.692,"rgb(154, 255, 255)",landslide.landslide.692,"['77.2975', '18.1096']",Jamaica,Spot
1000,landslide/landslide.693,landslide.693,"rgb(154, 255, 255)",landslide.landslide.693,"['74.8570', '32.7266']",Jammu,Spot
1000,landslide/landslide.694,landslide.694,"rgb(154, 255, 255)",landslide.landslide.694,"['75.5280', '33.7653']",Jammu - Srinagar National Highway,Spot
1000,landslide/landslide.695,landslide.695,"rgb(154, 255, 255)",landslide.landslide.695,"['76.5762', '33.7782']",Jammu and Kashmir,Spot
1000,landslide/landslide.696,landslide.696,"rgb(154, 255, 255)",landslide.landslide.696,"['76.2711', '34.0837']",Jammu and Kashmir region of India,Spot
1000,landslide/landslide.697,landslide.697,"rgb(154, 255, 255)",landslide.landslide.697,"['126.9105', '34.6657']",Jangheung area in Korea,Spot
1000,landslide/landslide.698,landslide.698,"rgb(154, 255, 255)",landslide.landslide.698,"['126.7858', '34.5715']",Jangheung in Korea,Spot
1000,landslide/landslide.699,landslide.699,"rgb(154, 255, 255)",landslide.landslide.699,"['127.1506', '35.4458']",Janghung,Spot
1000,landslide/landslide.700,landslide.700,"rgb(154, 255, 255)",landslide.landslide.700,"['127.0804', '35.3812']",Janghung area in Korea,Spot
1000,landslide/landslide.701,landslide.701,"rgb(154, 255, 255)",landslide.landslide.701,"['138.2529', '36.2048']",Japan,Spot
1000,landslide/landslide.702,landslide.702,"rgb(154, 255, 255)",landslide.landslide.702,"['138.177212', '36.204824']",Japanese archipelago,Spot
1000,landslide/landslide.703,landslide.703,"rgb(154, 255, 255)",landslide.landslide.703,"['110.4263', '-7.7956']",Java,Spot
1000,landslide/landslide.704,landslide.704,"rgb(154, 255, 255)",landslide.landslide.704,"['107.6098', '-6.9204']",Jawa Barat,Spot
1000,landslide/landslide.705,landslide.705,"rgb(154, 255, 255)",landslide.landslide.705,"['126.4983', '33.4996']",Jeju Island,Spot
1000,landslide/landslide.706,landslide.706,"rgb(154, 255, 255)",landslide.landslide.706,"['100.5292', '5.4999']",Jeli - Gerik highway,Spot
1000,landslide/landslide.707,landslide.707,"rgb(154, 255, 255)",landslide.landslide.707,"['35.8883', '32.2820']",Jerash Amman highway,Spot
1000,landslide/landslide.708,landslide.708,"rgb(154, 255, 255)",landslide.landslide.708,"['35.9362', '32.2772']",Jerash Governorate,Spot
1000,landslide/landslide.709,landslide.709,"rgb(154, 255, 255)",landslide.landslide.709,"['99.7602', '16.0793']",Jhutaya village,Spot
1000,landslide/landslide.710,landslide.710,"rgb(154, 255, 255)",landslide.landslide.710,"['106.2176', '30.2850']",Jian ge County,Spot
1000,landslide/landslide.711,landslide.711,"rgb(154, 255, 255)",landslide.landslide.711,"['121.5495', '29.9724']",Jiangdong District,Spot
1000,landslide/landslide.712,landslide.712,"rgb(154, 255, 255)",landslide.landslide.712,"['102.1671', '31.1291']",Jiange County,Spot
1000,landslide/landslide.713,landslide.713,"rgb(154, 255, 255)",landslide.landslide.713,"['115.7221', '27.6140']",Jiangxi,Spot
1000,landslide/landslide.714,landslide.714,"rgb(154, 255, 255)",landslide.landslide.714,"['115.7221', '27.6140']",Jiangxi Province,Spot
1000,landslide/landslide.715,landslide.715,"rgb(154, 255, 255)",landslide.landslide.715,"['115.7221', '27.6140']",Jiangxi province in Central China,Spot
1000,landslide/landslide.716,landslide.716,"rgb(154, 255, 255)",landslide.landslide.716,"['127.3317', '43.6883']",Jiaohe County in Jilin Province,Spot
1000,landslide/landslide.717,landslide.717,"rgb(154, 255, 255)",landslide.landslide.717,"['71.2387', '35.3521']",Jijal,Spot
1000,landslide/landslide.718,landslide.718,"rgb(154, 255, 255)",landslide.landslide.718,"['126.5530', '43.8378']",Jilin province,Spot
1000,landslide/landslide.719,landslide.719,"rgb(154, 255, 255)",landslide.landslide.719,"['100.0376', '29.6484']",Jilong Valley,Spot
1000,landslide/landslide.720,landslide.720,"rgb(154, 255, 255)",landslide.landslide.720,"['128.1967', '38.1572']",Jinbu,Spot
1000,landslide/landslide.721,landslide.721,"rgb(154, 255, 255)",landslide.landslide.721,"['117.2219', '36.7309']",Jinnan,Spot
1000,landslide/landslide.722,landslide.722,"rgb(154, 255, 255)",landslide.landslide.722,"['102.2586', '25.7928']",Jinsha River,Spot
1000,landslide/landslide.723,landslide.723,"rgb(154, 255, 255)",landslide.landslide.723,"['99.8942', '28.7836']",Jinshajiang River valley in China,Spot
1000,landslide/landslide.724,landslide.724,"rgb(154, 255, 255)",landslide.landslide.724,"['117.0948', '36.2303']",Jipazi,Spot
1000,landslide/landslide.725,landslide.725,"rgb(154, 255, 255)",landslide.landslide.725,"['127.3736', '35.2948']",Jirisan National Park,Spot
1000,landslide/landslide.726,landslide.726,"rgb(154, 255, 255)",landslide.landslide.726,"['112.6383', '25.3613']",Jiumine in the main part of Xishan Coalfield,Spot
1000,landslide/landslide.727,landslide.727,"rgb(154, 255, 255)",landslide.landslide.727,"['103.9208', '33.2520']",Jiuzhaigou,Spot
1000,landslide/landslide.728,landslide.728,"rgb(154, 255, 255)",landslide.landslide.728,"['103.9178', '33.2633']",Jiuzhaigou County,Spot
1000,landslide/landslide.729,landslide.729,"rgb(154, 255, 255)",landslide.landslide.729,"['103.9100', '33.2248']",Jiuzhaigou meizoseismal region of China,Spot
1000,landslide/landslide.730,landslide.730,"rgb(154, 255, 255)",landslide.landslide.730,"['42.5548', '16.8895']",Jizan,Spot
1000,landslide/landslide.731,landslide.731,"rgb(154, 255, 255)",landslide.landslide.731,"['77.3581', '31.9216']",Joginder Nagar area of Mandi district Himachal Pradesh,Spot
1000,landslide/landslide.732,landslide.732,"rgb(154, 255, 255)",landslide.landslide.732,"['129.2479', '37.2604']",Jumunjin - eup,Spot
1000,landslide/landslide.733,landslide.733,"rgb(154, 255, 255)",landslide.landslide.733,"['129.2114', '37.2683']",Jumunjin Country in South Korea,Spot
1000,landslide/landslide.734,landslide.734,"rgb(154, 255, 255)",landslide.landslide.734,"['9.1313', '48.8002']",Jurassic escarpment in the Swabian Alb,Spot
1000,landslide/landslide.735,landslide.735,"rgb(154, 255, 255)",landslide.landslide.735,"['9.1000', '56.0000']",Jutland,Spot
1000,landslide/landslide.736,landslide.736,"rgb(154, 255, 255)",landslide.landslide.736,"['121.15', '16.87']",Kabawetan,Spot
1000,landslide/landslide.737,landslide.737,"rgb(154, 255, 255)",landslide.landslide.737,"['73.68', '34.89']",Kaghan valley catchment,Spot
1000,landslide/landslide.738,landslide.738,"rgb(154, 255, 255)",landslide.landslide.738,"['81.31', '30.80']",Kailash Sacred Landscape,Spot
1000,landslide/landslide.739,landslide.739,"rgb(154, 255, 255)",landslide.landslide.739,"['108.77', '31.15']",Kaixian,Spot
1000,landslide/landslide.740,landslide.740,"rgb(154, 255, 255)",landslide.landslide.740,"['106.57', '27.33']",Kaiyang County,Spot
1000,landslide/landslide.741,landslide.741,"rgb(154, 255, 255)",landslide.landslide.741,"['114.12', '14.98']",Kakan catchment,Spot
1000,landslide/landslide.742,landslide.742,"rgb(154, 255, 255)",landslide.landslide.742,"['139.45', '37.15']",Kakuda - Yahiko Mountains of Central Japan,Spot
1000,landslide/landslide.743,landslide.743,"rgb(154, 255, 255)",landslide.landslide.743,"['140.97', '38.85']",Kakuda Mountain,Spot
1000,landslide/landslide.744,landslide.744,"rgb(154, 255, 255)",landslide.landslide.744,"['53.34', '37.38']",Kalaleh Township area of the Golestan province,Spot
1000,landslide/landslide.745,landslide.745,"rgb(154, 255, 255)",landslide.landslide.745,"['53.30', '37.38']",Kalaleh watershed,Spot
1000,landslide/landslide.746,landslide.746,"rgb(154, 255, 255)",landslide.landslide.746,"['83.83', '28.64']",Kali Gandaki valley,Spot
1000,landslide/landslide.747,landslide.747,"rgb(154, 255, 255)",landslide.landslide.747,"['75.63', '34.00']",Kali River valley,Spot
1000,landslide/landslide.748,landslide.748,"rgb(154, 255, 255)",landslide.landslide.748,"['88.47', '27.06']",Kalimpong,Spot
1000,landslide/landslide.749,landslide.749,"rgb(154, 255, 255)",landslide.landslide.749,"['88.48', '27.06']",Kalimpong district,Spot
1000,landslide/landslide.750,landslide.750,"rgb(154, 255, 255)",landslide.landslide.750,"['88.47', '27.06']",Kalimpong of Darjeeling Himalayas,Spot
1000,landslide/landslide.751,landslide.751,"rgb(154, 255, 255)",landslide.landslide.751,"['88.47', '27.06']",Kalimpong town,Spot
1000,landslide/landslide.752,landslide.752,"rgb(154, 255, 255)",landslide.landslide.752,"['77.24', '30.31']",Kallar River Sub Watersheds,Spot
1000,landslide/landslide.753,landslide.753,"rgb(154, 255, 255)",landslide.landslide.753,"['77.72', '30.72']",Kalsi - Chakrata road corridor,Spot
1000,landslide/landslide.754,landslide.754,"rgb(154, 255, 255)",landslide.landslide.754,"['77.72', '30.72']",Kalsi - Chakrata road corridor of Uttarakhand,Spot
1000,landslide/landslide.755,landslide.755,"rgb(154, 255, 255)",landslide.landslide.755,"['73.67', '19.60']",Kalsubai region of Deccan volcanic province,Spot
1000,landslide/landslide.756,landslide.756,"rgb(154, 255, 255)",landslide.landslide.756,"['79.9647', '6.5794']",Kalutara district,Spot
1000,landslide/landslide.757,landslide.757,"rgb(154, 255, 255)",landslide.landslide.757,"['45.0337', '35.5483']",Kamenziwan,Spot
1000,landslide/landslide.758,landslide.758,"rgb(154, 255, 255)",landslide.landslide.758,"['45.8000', '34.7500']",Kamyaran - Sarvabad road in the Kurdistan province of Iran,Spot
1000,landslide/landslide.759,landslide.759,"rgb(154, 255, 255)",landslide.landslide.759,"['45.5000', '34.7500']",Kamyaran city in Kurdistan Province,Spot
1000,landslide/landslide.760,landslide.760,"rgb(154, 255, 255)",landslide.landslide.760,"['87.0', '27.5']",Kankai watershed in east Nepal,Spot
1000,landslide/landslide.761,landslide.761,"rgb(154, 255, 255)",landslide.landslide.761,"['120.4172', '22.7176']",Kaoping River Basin,Spot
1000,landslide/landslide.762,landslide.762,"rgb(154, 255, 255)",landslide.landslide.762,"['32.6275', '41.2']",Karabuk province of Turkey,Spot
1000,landslide/landslide.763,landslide.763,"rgb(154, 255, 255)",landslide.landslide.763,"['50.8764', '35.7833']",Karaj Dam Basin in Iran,Spot
1000,landslide/landslide.764,landslide.764,"rgb(154, 255, 255)",landslide.landslide.764,"['77.5828', '35.5577']",Karakoram,Spot
1000,landslide/landslide.765,landslide.765,"rgb(154, 255, 255)",landslide.landslide.765,"['74.5825', '35.9006']",Karakoram Highway,Spot
1000,landslide/landslide.766,landslide.766,"rgb(154, 255, 255)",landslide.landslide.766,"['76.5155', '35.8047']",Karakorum mountainous,Spot
1000,landslide/landslide.767,landslide.767,"rgb(154, 255, 255)",landslide.landslide.767,"['76.1292', '34.5519']",Kargil,Spot
1000,landslide/landslide.768,landslide.768,"rgb(154, 255, 255)",landslide.landslide.768,"['37.3929', '37.7373']",Karisanri catchment,Spot
1000,landslide/landslide.769,landslide.769,"rgb(154, 255, 255)",landslide.landslide.769,"['81.8769', '29.0479']",Karnali,Spot
1000,landslide/landslide.770,landslide.770,"rgb(154, 255, 255)",landslide.landslide.770,"['81.4827', '28.2975']",Karnali highway,Spot
1000,landslide/landslide.771,landslide.771,"rgb(154, 255, 255)",landslide.landslide.771,"['76.6817', '12.2958']",Karnataka,Spot
1000,landslide/landslide.772,landslide.772,"rgb(154, 255, 255)",landslide.landslide.772,"['104.9501', '25.4871']",Karst,Spot
1000,landslide/landslide.773,landslide.773,"rgb(154, 255, 255)",landslide.landslide.773,"['107.0', '23.5']",Karst mountain region in Southwest China,Spot
1000,landslide/landslide.774,landslide.774,"rgb(154, 255, 255)",landslide.landslide.774,"['49.0', '32.5']",Karun watershed in the Zagros Mountains,Spot
1000,landslide/landslide.775,landslide.775,"rgb(154, 255, 255)",landslide.landslide.775,"['75.2407', '33.7782']",Kashmir,Spot
1000,landslide/landslide.776,landslide.776,"rgb(154, 255, 255)",landslide.landslide.776,"['75.7873', '34.0837']",Kashmir valley,Spot
1000,landslide/landslide.777,landslide.777,"rgb(154, 255, 255)",landslide.landslide.777,"['99.5218', '18.9008']",Kat County,Spot
1000,landslide/landslide.778,landslide.778,"rgb(154, 255, 255)",landslide.landslide.778,"['85.3306', '27.7172']",Kathmandu Kyirong Highway,Spot
1000,landslide/landslide.779,landslide.779,"rgb(154, 255, 255)",landslide.landslide.779,"['85.3158', '27.7631']",Kathmandu Trishuli highway,Spot
1000,landslide/landslide.780,landslide.780,"rgb(154, 255, 255)",landslide.landslide.780,"['109.8219', '-7.2546']",Kejajar District,Spot
1000,landslide/landslide.781,landslide.781,"rgb(154, 255, 255)",landslide.landslide.781,"['102.2501', '5.2670']",Kelantan state,Spot
1000,landslide/landslide.782,landslide.782,"rgb(154, 255, 255)",landslide.landslide.782,"['112.5895', '-7.9450']",Kelindang Village,Spot
1000,landslide/landslide.783,landslide.783,"rgb(154, 255, 255)",landslide.landslide.783,"['27.2650', '38.4263']",Kemalpasa districts,Spot
1000,landslide/landslide.784,landslide.784,"rgb(154, 255, 255)",landslide.landslide.784,"['84.2700', '37.8393']",Kentucky,Spot
1000,landslide/landslide.785,landslide.785,"rgb(154, 255, 255)",landslide.landslide.785,"['37.9062', '-0.0236']",Kenya,Spot
1000,landslide/landslide.786,landslide.786,"rgb(154, 255, 255)",landslide.landslide.786,"['102.4894', '-3.5709']",Kepahiang,Spot
1000,landslide/landslide.787,landslide.787,"rgb(154, 255, 255)",landslide.landslide.787,"['102.3575', '-3.6092']",Kepahiang Regency of Bengkulu Province,Spot
1000,landslide/landslide.788,landslide.788,"rgb(154, 255, 255)",landslide.landslide.788,"['76.2711', '10.8505']",Kerala state,Spot
1000,landslide/landslide.789,landslide.789,"rgb(154, 255, 255)",landslide.landslide.789,"['47.0653', '34.3142']",Kermanshah,Spot
1000,landslide/landslide.790,landslide.790,"rgb(154, 255, 255)",landslide.landslide.790,"['46.2218', '34.3144']",Kermanshah province of Iran,Spot
1000,landslide/landslide.791,landslide.791,"rgb(154, 255, 255)",landslide.landslide.791,"['-103.4791', '31.8572']",Kermit,Spot
1000,landslide/landslide.792,landslide.792,"rgb(154, 255, 255)",landslide.landslide.792,"['76.0880', '32.9502']",Khachak,Spot
1000,landslide/landslide.793,landslide.793,"rgb(154, 255, 255)",landslide.landslide.793,"['48.2014', '37.6164']",Khalkhal - Tarom Basin,Spot
1000,landslide/landslide.794,landslide.794,"rgb(154, 255, 255)",landslide.landslide.794,"['78.1392', '31.7160']",Kinnaur district,Spot
1000,landslide/landslide.795,landslide.795,"rgb(154, 255, 255)",landslide.landslide.795,"['76.4831', '31.4192']",Kiratpur Sahib to Nauni road stretch along NH - 205 in Himachal Pradesh,Spot
1000,landslide/landslide.796,landslide.796,"rgb(154, 255, 255)",landslide.landslide.796,"['77.0', '35.5']",KKH,Spot
1000,landslide/landslide.797,landslide.797,"rgb(154, 255, 255)",landslide.landslide.797,"['123.8530', '48.8235']",Klanawa Watershed,Spot
1000,landslide/landslide.798,landslide.798,"rgb(154, 255, 255)",landslide.landslide.798,"['101.6948', '3.1390']",Klang valley,Spot
1000,landslide/landslide.799,landslide.799,"rgb(154, 255, 255)",landslide.landslide.799,"['101.6948', '3.1390']",Klang Valley areas i Malaysia,Spot
1000,landslide/landslide.800,landslide.800,"rgb(154, 255, 255)",landslide.landslide.800,"['49.8723', '36.6682']",Klijanerestagh area of Iran,Spot
1000,landslide/landslide.801,landslide.801,"rgb(154, 255, 255)",landslide.landslide.801,"['49.8723', '36.6682']",Klijanrestagh Watershed,Spot
1000,landslide/landslide.802,landslide.802,"rgb(154, 255, 255)",landslide.landslide.802,"['75.8069', '12.3375']",Kodagu district of Karnataka,Spot
1000,landslide/landslide.803,landslide.803,"rgb(154, 255, 255)",landslide.landslide.803,"['77.4892', '10.2381']",Kodaikkanal,Spot
1000,landslide/landslide.804,landslide.804,"rgb(154, 255, 255)",landslide.landslide.804,"['77.4892', '10.2381']",Kodaikkanal in the Western Ghats,Spot
1000,landslide/landslide.805,landslide.805,"rgb(154, 255, 255)",landslide.landslide.805,"['77.4892', '10.2381']",Kodaikkanal Palani,Spot
1000,landslide/landslide.806,landslide.806,"rgb(154, 255, 255)",landslide.landslide.806,"['77.4892', '10.2381']",Kodaikkanal town,Spot
1000,landslide/landslide.807,landslide.807,"rgb(154, 255, 255)",landslide.landslide.807,"['73.4640', '35.2368']",Kohistan,Spot
1000,landslide/landslide.808,landslide.808,"rgb(154, 255, 255)",landslide.landslide.808,"['51.7413', '36.0194']",Kojour pathway,Spot
1000,landslide/landslide.809,landslide.809,"rgb(154, 255, 255)",landslide.landslide.809,"['78.2991', '11.3500']",Kolli hills situated in the tail end of the Eastern Ghats in Namakkal district of Tamil Nadu,Spot
1000,landslide/landslide.810,landslide.810,"rgb(154, 255, 255)",landslide.landslide.810,"['76.6394', '9.6782']",Koottickal,Spot
1000,landslide/landslide.811,landslide.811,"rgb(154, 255, 255)",landslide.landslide.811,"['76.6394', '9.6782']",Koottickal area of the Kottayam district,Spot
1000,landslide/landslide.812,landslide.812,"rgb(154, 255, 255)",landslide.landslide.812,"['127.7669', '35.9078']",Korea,Spot
1000,landslide/landslide.813,landslide.813,"rgb(154, 255, 255)",landslide.landslide.813,"['127.7669', '35.9078']",Korean,Spot
1000,landslide/landslide.814,landslide.814,"rgb(154, 255, 255)",landslide.landslide.814,"['76.6981', '10.2895']",Koruthodu,Spot
1000,landslide/landslide.815,landslide.815,"rgb(154, 255, 255)",landslide.landslide.815,"['116.0714', '5.9804']",Kota Kinabalu,Spot
1000,landslide/landslide.816,landslide.816,"rgb(154, 255, 255)",landslide.landslide.816,"['76.5222', '9.5916']",Kottayam,Spot
1000,landslide/landslide.817,landslide.817,"rgb(154, 255, 255)",landslide.landslide.817,"['76.5222', '9.5916']",Kottayam district,Spot
1000,landslide/landslide.818,landslide.818,"rgb(154, 255, 255)",landslide.landslide.818,"['35.3560', '39.0539']",Koyulhisar,Spot
1000,landslide/landslide.819,landslide.819,"rgb(154, 255, 255)",landslide.landslide.819,"['75.7662', '11.2588']",Kozhikode,Spot
1000,landslide/landslide.820,landslide.820,"rgb(154, 255, 255)",landslide.landslide.820,"['45.0792', '23.8859']",KSA,Spot
1000,landslide/landslide.821,landslide.821,"rgb(154, 255, 255)",landslide.landslide.821,"['73.4733', '38.9657']",KSL,Spot
1000,landslide/landslide.822,landslide.822,"rgb(154, 255, 255)",landslide.landslide.822,"['101.6865', '3.1390']",Kuala Lumpur,Spot
1000,landslide/landslide.823,landslide.823,"rgb(154, 255, 255)",landslide.landslide.823,"['101.6865', '3.1390']",Kuala Lumpur city,Spot
1000,landslide/landslide.824,landslide.824,"rgb(154, 255, 255)",landslide.landslide.824,"['85.2893', '27.7440']",Kulekhani River Basin in Central Nepal,Spot
1000,landslide/landslide.825,landslide.825,"rgb(154, 255, 255)",landslide.landslide.825,"['77.3149', '31.9816']",Kullu district,Spot
1000,landslide/landslide.826,landslide.826,"rgb(154, 255, 255)",landslide.landslide.826,"['77.3149', '31.9816']",Kullu valley,Spot
1000,landslide/landslide.827,landslide.827,"rgb(154, 255, 255)",landslide.landslide.827,"['77.3149', '31.9816']",Kullu valley region in the Himalayas,Spot
1000,landslide/landslide.828,landslide.828,"rgb(154, 255, 255)",landslide.landslide.828,"['130.5201', '32.8039']",Kumamoto,Spot
1000,landslide/landslide.829,landslide.829,"rgb(154, 255, 255)",landslide.landslide.829,"['136.1302', '34.2811']",Kumano River in the Kii Mountains of Japan,Spot
1000,landslide/landslide.830,landslide.830,"rgb(154, 255, 255)",landslide.landslide.830,"['79.4914', '29.0588']",Kumaun Himalaya,Spot
1000,landslide/landslide.831,landslide.831,"rgb(154, 255, 255)",landslide.landslide.831,"['79.4914', '29.0588']",Kumaun Himalaya in Uttarakhand,Spot
1000,landslide/landslide.832,landslide.832,"rgb(154, 255, 255)",landslide.landslide.832,"['30.2869', '36.3706']",Kumluca watershed,Spot
1000,landslide/landslide.833,landslide.833,"rgb(154, 255, 255)",landslide.landslide.833,"['44.4323', '36.7736']",Kurdistan,Spot
1000,landslide/landslide.834,landslide.834,"rgb(154, 255, 255)",landslide.landslide.834,"['45.7763', '35.3233']",Kurdistan Province,Spot
1000,landslide/landslide.835,landslide.835,"rgb(154, 255, 255)",landslide.landslide.835,"['45.7763', '35.3233']",Kurdistan province in Iran,Spot
1000,landslide/landslide.836,landslide.836,"rgb(154, 255, 255)",landslide.landslide.836,"['133.5150', '34.7578']",Kure City,Spot
1000,landslide/landslide.837,landslide.837,"rgb(154, 255, 255)",landslide.landslide.837,"['88.2542', '26.8796']",Kurseong,Spot
1000,landslide/landslide.838,landslide.838,"rgb(154, 255, 255)",landslide.landslide.838,"['30.0865', '28.1789']",Kuzulu village,Spot
1000,landslide/landslide.839,landslide.839,"rgb(154, 255, 255)",landslide.landslide.839,"['30.5595', '29.5410']",KwaZulu - Natal,Spot
1000,landslide/landslide.840,landslide.840,"rgb(154, 255, 255)",landslide.landslide.840,"['33.4308', '35.3403']",Kyrenia,Spot
1000,landslide/landslide.841,landslide.841,"rgb(154, 255, 255)",landslide.landslide.841,"['74.7661', '41.2044']",Kyrgyzstan,Spot
1000,landslide/landslide.842,landslide.842,"rgb(154, 255, 255)",landslide.landslide.842,"['18.2000', '49.3400']",Kysuca river basin,Spot
1000,landslide/landslide.843,landslide.843,"rgb(154, 255, 255)",landslide.landslide.843,"['18.7875', '49.1418']",Kysucke Nove Mesto in Slovakia,Spot
1000,landslide/landslide.844,landslide.844,"rgb(154, 255, 255)",landslide.landslide.844,"['99.7464', '19.1625']",La Cienega watershed on the eastern flank of the volcano Nevado de Toluca,Spot
1000,landslide/landslide.845,landslide.845,"rgb(154, 255, 255)",landslide.landslide.845,"['6.0262', '46.0709']",La Frasse,Spot
1000,landslide/landslide.846,landslide.846,"rgb(154, 255, 255)",landslide.landslide.846,"['0.7556', '38.7467']",La Marina,Spot
1000,landslide/landslide.847,landslide.847,"rgb(154, 255, 255)",landslide.landslide.847,"['1.9727', '42.2452']",La Pobla de Lillet,Spot
1000,landslide/landslide.848,landslide.848,"rgb(154, 255, 255)",landslide.landslide.848,"['88.5490', '27.7167']",Lachung,Spot
1000,landslide/landslide.849,landslide.849,"rgb(154, 255, 255)",landslide.landslide.849,"['88.6283', '27.7189']",Lachung River basin,Spot
1000,landslide/landslide.850,landslide.850,"rgb(154, 255, 255)",landslide.landslide.850,"['88.7139', '27.6994']",Lachung valley,Spot
1000,landslide/landslide.851,landslide.851,"rgb(154, 255, 255)",landslide.landslide.851,"['103.1526', '22.4050']",Lai Chau,Spot
1000,landslide/landslide.852,landslide.852,"rgb(154, 255, 255)",landslide.landslide.852,"['103.2678', '22.3947']",Lai Chau province,Spot
1000,landslide/landslide.853,landslide.853,"rgb(154, 255, 255)",landslide.landslide.853,"['103.2633', '22.4136']",Lai Chau province of Vietnam,Spot
1000,landslide/landslide.854,landslide.854,"rgb(154, 255, 255)",landslide.landslide.854,"['109.2287', '23.7408']",Laibin,Spot
1000,landslide/landslide.855,landslide.855,"rgb(154, 255, 255)",landslide.landslide.855,"['8.5349', '37.4733']",Lajedo parish,Spot
1000,landslide/landslide.856,landslide.856,"rgb(154, 255, 255)",landslide.landslide.856,"['91.2684', '14.6903']",Lake Atitlan watershed in Guatemala,Spot
1000,landslide/landslide.857,landslide.857,"rgb(154, 255, 255)",landslide.landslide.857,"['17.4492', '46.8684']",Lake Balaton,Spot
1000,landslide/landslide.858,landslide.858,"rgb(154, 255, 255)",landslide.landslide.858,"['92.7013', '29.6415']","Lancang , Nu , and Yarlung Tsangpo",Spot
1000,landslide/landslide.859,landslide.859,"rgb(154, 255, 255)",landslide.landslide.859,"['99.0514', '25.9550']",Lancang River,Spot
1000,landslide/landslide.860,landslide.860,"rgb(154, 255, 255)",landslide.landslide.860,"['0.0', '0.0']",Land use,Spot
1000,landslide/landslide.861,landslide.861,"rgb(154, 255, 255)",landslide.landslide.861,"['106.7522', '21.8230']",Lang Son,Spot
1000,landslide/landslide.862,landslide.862,"rgb(154, 255, 255)",landslide.landslide.862,"['106.4099', '21.6596']",Lang Son province,Spot
1000,landslide/landslide.863,landslide.863,"rgb(154, 255, 255)",landslide.landslide.863,"['111.9676', '36.4714']",Langao County,Spot
1000,landslide/landslide.864,landslide.864,"rgb(154, 255, 255)",landslide.landslide.864,"['101.4993', '3.3095']",Langat River Basin,Spot
1000,landslide/landslide.865,landslide.865,"rgb(154, 255, 255)",landslide.landslide.865,"['101.8126', '3.8674']",Langat River Basin in Selangor,Spot
1000,landslide/landslide.866,landslide.866,"rgb(154, 255, 255)",landslide.landslide.866,"['113.9720', '22.2664']",Lantau,Spot
1000,landslide/landslide.867,landslide.867,"rgb(154, 255, 255)",landslide.landslide.867,"['113.8777', '22.2580']",Lantau Island,Spot
1000,landslide/landslide.868,landslide.868,"rgb(154, 255, 255)",landslide.landslide.868,"['113.9091', '22.2435']",Lantau Island in Hong Kong,Spot
1000,landslide/landslide.869,landslide.869,"rgb(154, 255, 255)",landslide.landslide.869,"['98.4547', '22.1699']",Lantsang River,Spot
1000,landslide/landslide.870,landslide.870,"rgb(154, 255, 255)",landslide.landslide.870,"['103.8343', '36.0613']",Lanzhou,Spot
1000,landslide/landslide.871,landslide.871,"rgb(154, 255, 255)",landslide.landslide.871,"['103.8343', '36.0613']",Lanzhou city,Spot
1000,landslide/landslide.872,landslide.872,"rgb(154, 255, 255)",landslide.landslide.872,"['104.0545', '22.5726']",Lao Cai Province,Spot
1000,landslide/landslide.873,landslide.873,"rgb(154, 255, 255)",landslide.landslide.873,"['51.3187', '35.9821']",Lashgarak,Spot
1000,landslide/landslide.874,landslide.874,"rgb(154, 255, 255)",landslide.landslide.874,"['51.4127', '35.8967']",Lashgarak region of Tehran,Spot
1000,landslide/landslide.875,landslide.875,"rgb(154, 255, 255)",landslide.landslide.875,"['51.2217', '35.7814']",Latian Dam,Spot
1000,landslide/landslide.876,landslide.876,"rgb(154, 255, 255)",landslide.landslide.876,"['52.0', '33.0']",Layleh valley,Spot
1000,landslide/landslide.877,landslide.877,"rgb(154, 255, 255)",landslide.landslide.877,"['77.0', '30.5']",Lesser Himalaya,Spot
1000,landslide/landslide.878,landslide.878,"rgb(154, 255, 255)",landslide.landslide.878,"['77.0', '30.5']",Lesser Himalayan,Spot
1000,landslide/landslide.879,landslide.879,"rgb(154, 255, 255)",landslide.landslide.879,"['77.0', '32.0']",Lesser Himalayan region of district Kullu,Spot
1000,landslide/landslide.880,landslide.880,"rgb(154, 255, 255)",landslide.landslide.880,"['77.0', '30.5']",Lesser Himalayan road corridor,Spot
1000,landslide/landslide.881,landslide.881,"rgb(154, 255, 255)",landslide.landslide.881,"['124.0', '10.5']",Leyte,Spot
1000,landslide/landslide.882,landslide.882,"rgb(154, 255, 255)",landslide.landslide.882,"['124.0', '10.5']",Leyte Island,Spot
1000,landslide/landslide.883,landslide.883,"rgb(154, 255, 255)",landslide.landslide.883,"['124.0', '10.5']",Leyte segment of the PFZ,Spot
1000,landslide/landslide.884,landslide.884,"rgb(154, 255, 255)",landslide.landslide.884,"['124.0', '10.5']",Leyte segment of the Philippine Fault Zone,Spot
1000,landslide/landslide.885,landslide.885,"rgb(154, 255, 255)",landslide.landslide.885,"['103.0', '24.0']",Li Mountain,Spot
1000,landslide/landslide.886,landslide.886,"rgb(154, 255, 255)",landslide.landslide.886,"['102.0', '27.0']",Liangshan,Spot
1000,landslide/landslide.887,landslide.887,"rgb(154, 255, 255)",landslide.landslide.887,"['102.0', '35.0']",Lianlu Hydropower Station on the Tao River in Gansu province,Spot
1000,landslide/landslide.888,landslide.888,"rgb(154, 255, 255)",landslide.landslide.888,"['119.1246', '34.6001']",Lianyungang city,Spot
1000,landslide/landslide.889,landslide.889,"rgb(154, 255, 255)",landslide.landslide.889,"['13.0', '50.5']",Lignite open-pit mine in North Bohemia,Spot
1000,landslide/landslide.890,landslide.890,"rgb(154, 255, 255)",landslide.landslide.890,"['8.0', '44.5']",Liguria,Spot
1000,landslide/landslide.891,landslide.891,"rgb(154, 255, 255)",landslide.landslide.891,"['8.0', '44.0']",Ligurian Alps,Spot
1000,landslide/landslide.892,landslide.892,"rgb(154, 255, 255)",landslide.landslide.892,"['116.3', '37.6']",Linglong towns,Spot
1000,landslide/landslide.893,landslide.893,"rgb(154, 255, 255)",landslide.landslide.893,"['108.2', '34.5']",Linyou County,Spot
1000,landslide/landslide.894,landslide.894,"rgb(154, 255, 255)",landslide.landslide.894,"['94.3641', '29.6500']",Linzhi City,Spot
1000,landslide/landslide.895,landslide.895,"rgb(154, 255, 255)",landslide.landslide.895,"['14.9511', '38.4730']",Lipari,Spot
1000,landslide/landslide.896,landslide.896,"rgb(154, 255, 255)",landslide.landslide.896,"['88.2998', '27.0368']",Lish river basin of Eastern Darjeeling Himalaya,Spot
1000,landslide/landslide.897,landslide.897,"rgb(154, 255, 255)",landslide.landslide.897,"['88.0', '27.0']",Lish river basin of Eastern Darjiling Himalaya,Spot
1000,landslide/landslide.898,landslide.898,"rgb(154, 255, 255)",landslide.landslide.898,"['119.9293', '28.4601']",Lishui City in Zhejiang Province,Spot
1000,landslide/landslide.899,landslide.899,"rgb(154, 255, 255)",landslide.landslide.899,"['0.0', '0.0']",Lithology,Spot
1000,landslide/landslide.900,landslide.900,"rgb(154, 255, 255)",landslide.landslide.900,"['0.0', '0.0']",Littoral,Spot
1000,landslide/landslide.901,landslide.901,"rgb(154, 255, 255)",landslide.landslide.901,"['104.9340', '26.5944']",Liupanshui City,Spot
1000,landslide/landslide.902,landslide.902,"rgb(154, 255, 255)",landslide.landslide.902,"['104.9912', '34.2317']",Lixian - Luojiabu fault zone in Gansu province in China,Spot
1000,landslide/landslide.903,landslide.903,"rgb(154, 255, 255)",landslide.landslide.903,"['103.0650', '35.5913']",Lixian County,Spot
1000,landslide/landslide.904,landslide.904,"rgb(154, 255, 255)",landslide.landslide.904,"['106.5', '35.0']",Loess,Spot
1000,landslide/landslide.905,landslide.905,"rgb(154, 255, 255)",landslide.landslide.905,"['111.5', '37.5']",Loess area Lvliang,Spot
1000,landslide/landslide.906,landslide.906,"rgb(154, 255, 255)",landslide.landslide.906,"['106.2', '35.5']",Loess catchment in the Huachi County,Spot
1000,landslide/landslide.907,landslide.907,"rgb(154, 255, 255)",landslide.landslide.907,"['105.0', '34.5']",Loess cliffs of the Zemun loess plateau,Spot
1000,landslide/landslide.908,landslide.908,"rgb(154, 255, 255)",landslide.landslide.908,"['108.7881', '34.3804']",Loess Plateau,Spot
1000,landslide/landslide.909,landslide.909,"rgb(154, 255, 255)",landslide.landslide.909,"['112.0', '36.0']",Loess Plateau area in Shanxi Province,Spot
1000,landslide/landslide.910,landslide.910,"rgb(154, 255, 255)",landslide.landslide.910,"['108.0', '35.5']",Loess Plateau in North-Central China,Spot
1000,landslide/landslide.911,landslide.911,"rgb(154, 255, 255)",landslide.landslide.911,"['106.5', '35.0']",Loess tableland,Spot
1000,landslide/landslide.912,landslide.912,"rgb(154, 255, 255)",landslide.landslide.912,"['9.1916', '45.4642']",Lombardia,Spot
1000,landslide/landslide.913,landslide.913,"rgb(154, 255, 255)",landslide.landslide.913,"['116.2160', '-8.6500']",Lombok Island,Spot
1000,landslide/landslide.914,landslide.914,"rgb(154, 255, 255)",landslide.landslide.914,"['131.1668', '23.2882']",Long County,Spot
1000,landslide/landslide.915,landslide.915,"rgb(154, 255, 255)",landslide.landslide.915,"['104.7134', '31.8371']",Longfeng town,Spot
1000,landslide/landslide.916,landslide.916,"rgb(154, 255, 255)",landslide.landslide.916,"['110.9649', '29.9630']",Longju in the Three Gorges Reservoir area in China,Spot
1000,landslide/landslide.917,landslide.917,"rgb(154, 255, 255)",landslide.landslide.917,"['111.25', '34.25']",Longmen Mountains,Spot
1000,landslide/landslide.918,landslide.918,"rgb(154, 255, 255)",landslide.landslide.918,"['103.5', '32.25']",Longmenshan,Spot
1000,landslide/landslide.919,landslide.919,"rgb(154, 255, 255)",landslide.landslide.919,"['104.9227', '33.3933']",Longnan City,Spot
1000,landslide/landslide.920,landslide.920,"rgb(154, 255, 255)",landslide.landslide.920,"['104.1951', '30.7176']",Longshuigou,Spot
1000,landslide/landslide.921,landslide.921,"rgb(154, 255, 255)",landslide.landslide.921,"['104.4977', '34.0396']",Longxi river basin,Spot
1000,landslide/landslide.922,landslide.922,"rgb(154, 255, 255)",landslide.landslide.922,"['88.8611', '31.9740']",Longzi River Basin in Tibet,Spot
1000,landslide/landslide.923,landslide.923,"rgb(154, 255, 255)",landslide.landslide.923,"['1.7009', '37.6715']",Lorca,Spot
1000,landslide/landslide.924,landslide.924,"rgb(154, 255, 255)",landslide.landslide.924,"['0.0', '0.0']",Lower,Spot
1000,landslide/landslide.925,landslide.925,"rgb(154, 255, 255)",landslide.landslide.925,"['80.3241', '28.4964']",Lower Himalayas,Spot
1000,landslide/landslide.926,landslide.926,"rgb(154, 255, 255)",landslide.landslide.926,"['85.3522', '26.8265']",Lower Kosi Watershed,Spot
1000,landslide/landslide.927,landslide.927,"rgb(154, 255, 255)",landslide.landslide.927,"['98.4800', '18.8000']",lower Mae Chaem watershed,Spot
1000,landslide/landslide.928,landslide.928,"rgb(154, 255, 255)",landslide.landslide.928,"['102.6167', '13.6667']",Lower Mekong River Basin in Southeast Asia,Spot
1000,landslide/landslide.929,landslide.929,"rgb(154, 255, 255)",landslide.landslide.929,"['77.7783', '34.1526']",lower western region of Ladakh,Spot
1000,landslide/landslide.930,landslide.930,"rgb(154, 255, 255)",landslide.landslide.930,"['82.18', '28.05']",lowlands in Mid-Western Nepal,Spot
1000,landslide/landslide.931,landslide.931,"rgb(154, 255, 255)",landslide.landslide.931,"['0.0', '0.0']",LRB,Spot
1000,landslide/landslide.932,landslide.932,"rgb(154, 255, 255)",landslide.landslide.932,"['115.5667', '29.5667']",Lu - Shan,Spot
1000,landslide/landslide.933,landslide.933,"rgb(154, 255, 255)",landslide.landslide.933,"['105.1707', '21.7423']",Luc Yen district,Spot
1000,landslide/landslide.934,landslide.934,"rgb(154, 255, 255)",landslide.landslide.934,"['10.3140', '43.8428']",Lucca,Spot
1000,landslide/landslide.935,landslide.935,"rgb(154, 255, 255)",landslide.landslide.935,"['103.3810', '26.4261']",Ludian,Spot
1000,landslide/landslide.936,landslide.936,"rgb(154, 255, 255)",landslide.landslide.936,"['103.5', '26.5']",Ludian County,Spot
1000,landslide/landslide.937,landslide.937,"rgb(154, 255, 255)",landslide.landslide.937,"['103.5', '26.5']",Ludian districts,Spot
1000,landslide/landslide.938,landslide.938,"rgb(154, 255, 255)",landslide.landslide.938,"['102.0775', '29.9097']",Luding,Spot
1000,landslide/landslide.939,landslide.939,"rgb(154, 255, 255)",landslide.landslide.939,"['92.7337', '22.8782']",Lunglei district of Mizoram,Spot
1000,landslide/landslide.940,landslide.940,"rgb(154, 255, 255)",landslide.landslide.940,"['111.0', '22.5']",Luoding and Xinyi Counties,Spot
1000,landslide/landslide.941,landslide.941,"rgb(154, 255, 255)",landslide.landslide.941,"['106.7679', '16.2361']",Luoi,Spot
1000,landslide/landslide.942,landslide.942,"rgb(154, 255, 255)",landslide.landslide.942,"['116.0095', '29.5623']",Lushan,Spot
1000,landslide/landslide.943,landslide.943,"rgb(154, 255, 255)",landslide.landslide.943,"['115.9839', '27.7066']",Lushan County,Spot
1000,landslide/landslide.944,landslide.944,"rgb(154, 255, 255)",landslide.landslide.944,"['115.9826', '27.8508']",Lushan County of China,Spot
1000,landslide/landslide.945,landslide.945,"rgb(154, 255, 255)",landslide.landslide.945,"['103.0227', '30.4339']",Lushan County of Sichuan Province in China,Spot
1000,landslide/landslide.946,landslide.946,"rgb(154, 255, 255)",landslide.landslide.946,"['115.5', '29.5']",Lushan earthquake disaster,Spot
1000,landslide/landslide.947,landslide.947,"rgb(154, 255, 255)",landslide.landslide.947,"['98.8637', '25.8887']",Lushui,Spot
1000,landslide/landslide.948,landslide.948,"rgb(154, 255, 255)",landslide.landslide.948,"['122.7500', '13.0000']",Luzon Island,Spot
1000,landslide/landslide.949,landslide.949,"rgb(154, 255, 255)",landslide.landslide.949,"['72.5450', '13.1631']",Machu Picchu,Spot
1000,landslide/landslide.950,landslide.950,"rgb(154, 255, 255)",landslide.landslide.950,"['39.5', '41.0']",Macka District of Trabzon,Spot
1000,landslide/landslide.951,landslide.951,"rgb(154, 255, 255)",landslide.landslide.951,"['83.0282', '37.8916']",Magoffin County,Spot
1000,landslide/landslide.952,landslide.952,"rgb(154, 255, 255)",landslide.landslide.952,"['75.7139', '19.7515']",Maharashtra,Spot
1000,landslide/landslide.953,landslide.953,"rgb(154, 255, 255)",landslide.landslide.953,"['99.9616', '20.3277']",Mai Salong Nok in Mae Fa Luang District,Spot
1000,landslide/landslide.954,landslide.954,"rgb(154, 255, 255)",landslide.landslide.954,"['72.6284', '41.5729']",Mailuu - Suu catchment,Spot
1000,landslide/landslide.955,landslide.955,"rgb(154, 255, 255)",landslide.landslide.955,"['73.0', '41.5']",Mailuu-Suu catchment in Kyrgyzstan,Spot
1000,landslide/landslide.956,landslide.956,"rgb(154, 255, 255)",landslide.landslide.956,"['40.0', '10.0']",Main Ethiopian Rift and Afar Depression,Spot
1000,landslide/landslide.957,landslide.957,"rgb(154, 255, 255)",landslide.landslide.957,"['121.0', '23.5']",main island of Taiwan,Spot
1000,landslide/landslide.958,landslide.958,"rgb(154, 255, 255)",landslide.landslide.958,"['118.98', '-3.33']",Majene Regency,Spot
1000,landslide/landslide.959,landslide.959,"rgb(154, 255, 255)",landslide.landslide.959,"['116.37', '39.12']",Majiagou,Spot
1000,landslide/landslide.960,landslide.960,"rgb(154, 255, 255)",landslide.landslide.960,"['-48.57', '-25.42']",major port in Brazil,Spot
1000,landslide/landslide.961,landslide.961,"rgb(154, 255, 255)",landslide.landslide.961,"['44.77', '39.15']",Maku and Shafa - Roud dam reservoirs,Spot
1000,landslide/landslide.962,landslide.962,"rgb(154, 255, 255)",landslide.landslide.962,"['-4.42', '36.72']",Malaga,Spot
1000,landslide/landslide.963,landslide.963,"rgb(154, 255, 255)",landslide.landslide.963,"['112.63', '-8.06']",Malang Regency,Spot
1000,landslide/landslide.964,landslide.964,"rgb(154, 255, 255)",landslide.landslide.964,"['76.13', '11.07']",Malappuram districts,Spot
1000,landslide/landslide.965,landslide.965,"rgb(154, 255, 255)",landslide.landslide.965,"['34.29', '-13.25']",Malawi,Spot
1000,landslide/landslide.966,landslide.966,"rgb(154, 255, 255)",landslide.landslide.966,"['101.97', '4.21']",Malaysia,Spot
1000,landslide/landslide.967,landslide.967,"rgb(154, 255, 255)",landslide.landslide.967,"['151.05', '60.0']",Maliulin,Spot
1000,landslide/landslide.968,landslide.968,"rgb(154, 255, 255)",landslide.landslide.968,"['79.45', '30.72']",Mandakini River basin,Spot
1000,landslide/landslide.969,landslide.969,"rgb(154, 255, 255)",landslide.landslide.969,"['79.54', '30.51']",Mandakini valley of Uttarakhand Himalayas,Spot
1000,landslide/landslide.970,landslide.970,"rgb(154, 255, 255)",landslide.landslide.970,"['76.92', '31.71']",Mandi district,Spot
1000,landslide/landslide.971,landslide.971,"rgb(154, 255, 255)",landslide.landslide.971,"['73.25', '33.21']",Mandra,Spot
1000,landslide/landslide.972,landslide.972,"rgb(154, 255, 255)",landslide.landslide.972,"['93.93', '24.66']",Manipur,Spot
1000,landslide/landslide.973,landslide.973,"rgb(154, 255, 255)",landslide.landslide.973,"['73.38', '33.72']",Mansehra - Muzaffarabad - Mirpur and Mangla,Spot
1000,landslide/landslide.974,landslide.974,"rgb(154, 255, 255)",landslide.landslide.974,"['73.38', '33.72']",Mansehra and Muzaffarabad districts,Spot
1000,landslide/landslide.975,landslide.975,"rgb(154, 255, 255)",landslide.landslide.975,"['73.38', '33.72']",Mansehra and Torghar districts,Spot
1000,landslide/landslide.976,landslide.976,"rgb(154, 255, 255)",landslide.landslide.976,"['106.5', '14.5']",Many hilly parts of Vietnam,Spot
1000,landslide/landslide.977,landslide.977,"rgb(154, 255, 255)",landslide.landslide.977,"['94.3260', '25.4740']",Mao - Maram of,Spot
1000,landslide/landslide.978,landslide.978,"rgb(154, 255, 255)",landslide.landslide.978,"['101.5474', '24.7955']",Mao County,Spot
1000,landslide/landslide.979,landslide.979,"rgb(154, 255, 255)",landslide.landslide.979,"['94.1163', '25.0494']",Mao to Kangpokpi from AH - 1,Spot
1000,landslide/landslide.980,landslide.980,"rgb(154, 255, 255)",landslide.landslide.980,"['103.8881', '31.7104']",Maoxian,Spot
1000,landslide/landslide.981,landslide.981,"rgb(154, 255, 255)",landslide.landslide.981,"['103.2789', '31.3926']",Maoxian County,Spot
1000,landslide/landslide.982,landslide.982,"rgb(154, 255, 255)",landslide.landslide.982,"['84.2170', '28.2406']",Mardi Khola,Spot
1000,landslide/landslide.983,landslide.983,"rgb(154, 255, 255)",landslide.landslide.983,"['49.6944', '34.8046']",Markazi Province of Iran,Spot
1000,landslide/landslide.984,landslide.984,"rgb(154, 255, 255)",landslide.landslide.984,"['140.8293', '38.8998']",Marumori,Spot
1000,landslide/landslide.985,landslide.985,"rgb(154, 255, 255)",landslide.landslide.985,"['16.6070', '40.6666']",Matera,Spot
1000,landslide/landslide.986,landslide.986,"rgb(154, 255, 255)",landslide.landslide.986,"['57.5522', '20.3484']",Mauritius Island,Spot
1000,landslide/landslide.987,landslide.987,"rgb(154, 255, 255)",landslide.landslide.987,"['91.9869', '25.4807']",Mawiongrim,Spot
1000,landslide/landslide.988,landslide.988,"rgb(154, 255, 255)",landslide.landslide.988,"['110.7034', '27.9748']",Mayang County,Spot
1000,landslide/landslide.989,landslide.989,"rgb(154, 255, 255)",landslide.landslide.989,"['52.5461', '36.3472']",Mazandaran province,Spot
1000,landslide/landslide.990,landslide.990,"rgb(154, 255, 255)",landslide.landslide.990,"['52.5461', '36.3472']",Mazandaran Province of Iran,Spot
1000,landslide/landslide.991,landslide.991,"rgb(154, 255, 255)",landslide.landslide.991,"['52.5461', '36.3472']",Mazandran Province,Spot
1000,landslide/landslide.992,landslide.992,"rgb(154, 255, 255)",landslide.landslide.992,"['75.5636', '6.2442']",Medellin in Colombia,Spot
1000,landslide/landslide.993,landslide.993,"rgb(154, 255, 255)",landslide.landslide.993,"['15.2551', '34.5531']",Mediterranean,Spot
1000,landslide/landslide.994,landslide.994,"rgb(154, 255, 255)",landslide.landslide.994,"['15.2551', '34.5531']",Mediterranean catchment,Spot
1000,landslide/landslide.995,landslide.995,"rgb(154, 255, 255)",landslide.landslide.995,"['3.3452', '36.4330']",Mediterranean Kabylia,Spot
1000,landslide/landslide.996,landslide.996,"rgb(154, 255, 255)",landslide.landslide.996,"['5.4493', '35.7718']",Mediterranean Rif coastal zone of Morocco,Spot
1000,landslide/landslide.997,landslide.997,"rgb(154, 255, 255)",landslide.landslide.997,"['91.2794', '25.4670']",Meghalaya,Spot
1000,landslide/landslide.998,landslide.998,"rgb(154, 255, 255)",landslide.landslide.998,"['34.0837', '40.8982']",Melen Gorge in the Northwestern part of Turkey,Spot
1000,landslide/landslide.999,landslide.999,"rgb(154, 255, 255)",landslide.landslide.999,"['37.7159', '7.0353']",Mesima Basin,Spot
1000,landslide/landslide.1000,landslide.1000,"rgb(154, 255, 255)",landslide.landslide.1000,"['37.7075', '7.0300']",Mesima surroundings,Spot
1000,landslide/landslide.1001,landslide.1001,"rgb(154, 255, 255)",landslide.landslide.1001,"['15.6444', '38.2265']",Messina Straits graben,Spot
1000,landslide/landslide.1002,landslide.1002,"rgb(154, 255, 255)",landslide.landslide.1002,"['78.4700', '0.1807']",Metropolitan District of Quito,Spot
1000,landslide/landslide.1003,landslide.1003,"rgb(154, 255, 255)",landslide.landslide.1003,"['46.6333', '23.5505']",metropolitan region of Sao Paulo - Brazil,Spot
1000,landslide/landslide.1004,landslide.1004,"rgb(154, 255, 255)",landslide.landslide.1004,"['122.7475', '44.3577']",Mettman Ridge study area in Oregon,Spot
1000,landslide/landslide.1005,landslide.1005,"rgb(154, 255, 255)",landslide.landslide.1005,"['77.8765', '11.8123']",Mettur dam,Spot
1000,landslide/landslide.1006,landslide.1006,"rgb(154, 255, 255)",landslide.landslide.1006,"['102.5528', '23.6345']",Mexico,Spot
1000,landslide/landslide.1007,landslide.1007,"rgb(154, 255, 255)",landslide.landslide.1007,"['47.2391', '37.4157']",Miandarband,Spot
1000,landslide/landslide.1008,landslide.1008,"rgb(154, 255, 255)",landslide.landslide.1008,"['108.4634', '35.7083']",Miansi town,Spot
1000,landslide/landslide.1009,landslide.1009,"rgb(154, 255, 255)",landslide.landslide.1009,"['104.7487', '31.1801']",Mianyang City,Spot
1000,landslide/landslide.1010,landslide.1010,"rgb(154, 255, 255)",landslide.landslide.1010,"['120.5489', '24.5570']",Miao Li,Spot
1000,landslide/landslide.1011,landslide.1011,"rgb(154, 255, 255)",landslide.landslide.1011,"['15.2551', '42.3852']",mid-Adriatic,Spot
1000,landslide/landslide.1012,landslide.1012,"rgb(154, 255, 255)",landslide.landslide.1012,"['106.8294', '30.6062']",middle and upper reaches of the Yangtze River,Spot
1000,landslide/landslide.1013,landslide.1013,"rgb(154, 255, 255)",landslide.landslide.1013,"['46.6753', '24.6877']",Middle East,Spot
1000,landslide/landslide.1014,landslide.1014,"rgb(154, 255, 255)",landslide.landslide.1014,"['19.5014', '6.1864']",Middle East and Africa,Spot
1000,landslide/landslide.1015,landslide.1015,"rgb(154, 255, 255)",landslide.landslide.1015,"['121.1680', '47.4557']",Middle Fork,Spot
1000,landslide/landslide.1016,landslide.1016,"rgb(154, 255, 255)",landslide.landslide.1016,"['77.1722', '31.8760']",middle Himalayan region of Himachal Pradesh,Spot
1000,landslide/landslide.1017,landslide.1017,"rgb(154, 255, 255)",landslide.landslide.1017,"['10.3712', '44.0225']",middle part of the Serchio River basin,Spot
1000,landslide/landslide.1018,landslide.1018,"rgb(154, 255, 255)",landslide.landslide.1018,"['114.1559', '22.2779']",Mid-Levels region in Hong Kong,Spot
1000,landslide/landslide.1019,landslide.1019,"rgb(154, 255, 255)",landslide.landslide.1019,"['94.2067', '29.2364']",Milin County,Spot
1000,landslide/landslide.1020,landslide.1020,"rgb(154, 255, 255)",landslide.landslide.1020,"['130.0533', '32.2211']",Minamata,Spot
1000,landslide/landslide.1021,landslide.1021,"rgb(154, 255, 255)",landslide.landslide.1021,"['130.0349', '32.2233']",Minamata area of southern Kyushu Island,Spot
1000,landslide/landslide.1022,landslide.1022,"rgb(154, 255, 255)",landslide.landslide.1022,"['44.5637', '18.5125']",Minas Gerais,Spot
1000,landslide/landslide.1023,landslide.1023,"rgb(154, 255, 255)",landslide.landslide.1023,"['84.0792', '32.5167']",Mingchukur,Spot
1000,landslide/landslide.1024,landslide.1024,"rgb(154, 255, 255)",landslide.landslide.1024,"['103.2298', '28.0000']",Minjiang River,Spot
1000,landslide/landslide.1025,landslide.1025,"rgb(154, 255, 255)",landslide.landslide.1025,"['104.0444', '34.4453']",Minxian,Spot
1000,landslide/landslide.1026,landslide.1026,"rgb(154, 255, 255)",landslide.landslide.1026,"['104.2531', '34.0059']",Minxian - Zhangxian,Spot
1000,landslide/landslide.1027,landslide.1027,"rgb(154, 255, 255)",landslide.landslide.1027,"['102.0424', '28.6026']",Miyi county,Spot
1000,landslide/landslide.1028,landslide.1028,"rgb(154, 255, 255)",landslide.landslide.1028,"['116.8964', '40.4576']",Miyun country,Spot
1000,landslide/landslide.1029,landslide.1029,"rgb(154, 255, 255)",landslide.landslide.1029,"['92.9376', '23.1645']",Mizoram,Spot
1000,landslide/landslide.1030,landslide.1030,"rgb(154, 255, 255)",landslide.landslide.1030,"['137.2552', '35.3646']",Mizunami City,Spot
1000,landslide/landslide.1031,landslide.1031,"rgb(154, 255, 255)",landslide.landslide.1031,"['0.0931', '51.4793']",MMMM,Spot
1000,landslide/landslide.1032,landslide.1032,"rgb(154, 255, 255)",landslide.landslide.1032,"['84.1287', '28.0857']",Modi Khola,Spot
1000,landslide/landslide.1033,landslide.1033,"rgb(154, 255, 255)",landslide.landslide.1033,"['84.1526', '28.1062']",Modi Khola valley,Spot
1000,landslide/landslide.1034,landslide.1034,"rgb(154, 255, 255)",landslide.landslide.1034,"['28.3697', '47.4116']",Moldavian,Spot
1000,landslide/landslide.1035,landslide.1035,"rgb(154, 255, 255)",landslide.landslide.1035,"['27.2619', '46.8127']",Moldavian Plateau,Spot
1000,landslide/landslide.1036,landslide.1036,"rgb(154, 255, 255)",landslide.landslide.1036,"['14.0', '41.6']",Molise,Spot
1000,landslide/landslide.1037,landslide.1037,"rgb(154, 255, 255)",landslide.landslide.1037,"['7.9487', '44.0715']",Monesi di Mendatica,Spot
1000,landslide/landslide.1038,landslide.1038,"rgb(154, 255, 255)",landslide.landslide.1038,"['7.4894', '45.7323']",Mont - Emilius and Mont - Cervin Mountain Communities,Spot
1000,landslide/landslide.1039,landslide.1039,"rgb(154, 255, 255)",landslide.landslide.1039,"['9.6546', '44.1275']",Monterosso catchment,Spot
1000,landslide/landslide.1040,landslide.1040,"rgb(154, 255, 255)",landslide.landslide.1040,"['77.1624', '10.1789']",Moonnilavu,Spot
1000,landslide/landslide.1041,landslide.1041,"rgb(154, 255, 255)",landslide.landslide.1041,"['7.5924', '62.5031']",More and Romsdal region of Norway,Spot
1000,landslide/landslide.1042,landslide.1042,"rgb(154, 255, 255)",landslide.landslide.1042,"['9.2206', '32.2995']",Moroccan Safi,Spot
1000,landslide/landslide.1043,landslide.1043,"rgb(154, 255, 255)",landslide.landslide.1043,"['7.0926', '31.7917']",Morocco,Spot
1000,landslide/landslide.1044,landslide.1044,"rgb(154, 255, 255)",landslide.landslide.1044,"['18.2739', '42.8810']",motorway A9,Spot
1000,landslide/landslide.1045,landslide.1045,"rgb(154, 255, 255)",landslide.landslide.1045,"['24.0249', '35.5110']",motorway A90 in Chania,Spot
1000,landslide/landslide.1046,landslide.1046,"rgb(154, 255, 255)",landslide.landslide.1046,"['92.3963', '15.2683']",Motozintla,Spot
1000,landslide/landslide.1047,landslide.1047,"rgb(154, 255, 255)",landslide.landslide.1047,"['42.4232', '17.6424']",Mountain areas in the southern western corner of the Kingdom of Saudi Arabia,Spot
1000,landslide/landslide.1048,landslide.1048,"rgb(154, 255, 255)",landslide.landslide.1048,"['70.1253', '31.4605']",mountain foothills of Central Chile,Spot
1000,landslide/landslide.1049,landslide.1049,"rgb(154, 255, 255)",landslide.landslide.1049,"['0.0', '0.0']",mountain highways,Spot
1000,landslide/landslide.1050,landslide.1050,"rgb(154, 255, 255)",landslide.landslide.1050,"['0.0', '0.0']",mountainous,Spot
1000,landslide/landslide.1051,landslide.1051,"rgb(154, 255, 255)",landslide.landslide.1051,"['102.1900', '4.6328']",mountainous area in Central Bengkulu,Spot
1000,landslide/landslide.1052,landslide.1052,"rgb(154, 255, 255)",landslide.landslide.1052,"['99.6703', '19.8633']",mountainous area in Northern Thailand,Spot
1000,landslide/landslide.1053,landslide.1053,"rgb(154, 255, 255)",landslide.landslide.1053,"['4.0041', '35.7454']",mountainous area of northern Morocco,Spot
1000,landslide/landslide.1054,landslide.1054,"rgb(154, 255, 255)",landslide.landslide.1054,"['43.2096', '22.9068']",mountainous area of Rio de Janeiro,Spot
1000,landslide/landslide.1055,landslide.1055,"rgb(154, 255, 255)",landslide.landslide.1055,"['77.6273', '9.2083']",mountainous area of the Cordillera Blanca,Spot
1000,landslide/landslide.1056,landslide.1056,"rgb(154, 255, 255)",landslide.landslide.1056,"['104.1954', '35.8617']",mountainous areas in China,Spot
1000,landslide/landslide.1057,landslide.1057,"rgb(154, 255, 255)",landslide.landslide.1057,"['84.1240', '28.3949']",mountainous areas of Nepal,Spot
1000,landslide/landslide.1058,landslide.1058,"rgb(154, 255, 255)",landslide.landslide.1058,"['121.0', '23.5']",Mountainous areas of Taiwan Island,Spot
1000,landslide/landslide.1059,landslide.1059,"rgb(154, 255, 255)",landslide.landslide.1059,"['107.4176', '13.2904']",mountainous areas of Vietnam,Spot
1000,landslide/landslide.1060,landslide.1060,"rgb(154, 255, 255)",landslide.landslide.1060,"['104.0', '28.0']",Mountainous catchment,Spot
1000,landslide/landslide.1061,landslide.1061,"rgb(154, 255, 255)",landslide.landslide.1061,"['78.0', '32.0']",Mountainous communities in India's Lesser Himalayas,Spot
1000,landslide/landslide.1062,landslide.1062,"rgb(154, 255, 255)",landslide.landslide.1062,"['105.0', '30.0']",Mountainous county,Spot
1000,landslide/landslide.1063,landslide.1063,"rgb(154, 255, 255)",landslide.landslide.1063,"['104.5', '30.0']",Mountainous hilly,Spot
1000,landslide/landslide.1064,landslide.1064,"rgb(154, 255, 255)",landslide.landslide.1064,"['40.5', '43.5']",Mountainous region of Greater Sochi,Spot
1000,landslide/landslide.1065,landslide.1065,"rgb(154, 255, 255)",landslide.landslide.1065,"['93.5760', '22.6114']",mountainous region of Hakha City,Spot
1000,landslide/landslide.1066,landslide.1066,"rgb(154, 255, 255)",landslide.landslide.1066,"['5.6178', '36.6928']",mountainous regions of northeast Algeria,Spot
1000,landslide/landslide.1067,landslide.1067,"rgb(154, 255, 255)",landslide.landslide.1067,"['88.7288', '27.5242']",mountainous regions of Sikkim Himalaya,Spot
1000,landslide/landslide.1068,landslide.1068,"rgb(154, 255, 255)",landslide.landslide.1068,"['51.2996', '35.9324']",mountainous road of the Salavat Abad saddle,Spot
1000,landslide/landslide.1069,landslide.1069,"rgb(154, 255, 255)",landslide.landslide.1069,"['-123.0', '54.0']",Mountainous southern Mackenzie Valley,Spot
1000,landslide/landslide.1070,landslide.1070,"rgb(154, 255, 255)",landslide.landslide.1070,"['74.0', '15.0']",Mountainous Western Ghats,Spot
1000,landslide/landslide.1071,landslide.1071,"rgb(154, 255, 255)",landslide.landslide.1071,"['75.0', '16.5']",Mountainous WG,Spot
1000,landslide/landslide.1072,landslide.1072,"rgb(154, 255, 255)",landslide.landslide.1072,"['126.9417', '37.5931']",Mt. Umyeon,Spot
1000,landslide/landslide.1073,landslide.1073,"rgb(154, 255, 255)",landslide.landslide.1073,"['126.9', '35.3']",Mt. Umyeon in Korea,Spot
1000,landslide/landslide.1074,landslide.1074,"rgb(154, 255, 255)",landslide.landslide.1074,"['104.1648', '21.8172']",Mu Cang Chai district,Spot
1000,landslide/landslide.1075,landslide.1075,"rgb(154, 255, 255)",landslide.landslide.1075,"['104.2642', '21.8065']",Mu Cang Chai District located in Yen Bai Province,Spot
1000,landslide/landslide.1076,landslide.1076,"rgb(154, 255, 255)",landslide.landslide.1076,"['103.6341', '28.5472']",Muchuan,Spot
1000,landslide/landslide.1077,landslide.1077,"rgb(154, 255, 255)",landslide.landslide.1077,"['103.6527', '31.8192']",Muchuan County,Spot
1000,landslide/landslide.1078,landslide.1078,"rgb(154, 255, 255)",landslide.landslide.1078,"['123.7114', '25.6311']",Munggung,Spot
1000,landslide/landslide.1079,landslide.1079,"rgb(154, 255, 255)",landslide.landslide.1079,"['80.3500', '8.3978']",Munnilavu,Spot
1000,landslide/landslide.1080,landslide.1080,"rgb(154, 255, 255)",landslide.landslide.1080,"['103.0450', '21.6731']",Muong Lay district,Spot
1000,landslide/landslide.1081,landslide.1081,"rgb(154, 255, 255)",landslide.landslide.1081,"['103.0500', '21.6800']",Muong Lay district of Vietnam,Spot
1000,landslide/landslide.1082,landslide.1082,"rgb(154, 255, 255)",landslide.landslide.1082,"['103.2478', '22.4046']",Muong Te district,Spot
1000,landslide/landslide.1083,landslide.1083,"rgb(154, 255, 255)",landslide.landslide.1083,"['102.8122', '30.5347']",Muping town of Baoxing county,Spot
1000,landslide/landslide.1084,landslide.1084,"rgb(154, 255, 255)",landslide.landslide.1084,"['78.0652', '30.4599']",Mussoorie Township and its surrounding,Spot
1000,landslide/landslide.1085,landslide.1085,"rgb(154, 255, 255)",landslide.landslide.1085,"['113.0347', '4.3769']",Musuk,Spot
1000,landslide/landslide.1086,landslide.1086,"rgb(154, 255, 255)",landslide.landslide.1086,"['73.4725', '34.3700']",Muzaffarabad,Spot
1000,landslide/landslide.1087,landslide.1087,"rgb(154, 255, 255)",landslide.landslide.1087,"['73.4194', '34.2864']",Muzaffarabad district,Spot
1000,landslide/landslide.1088,landslide.1088,"rgb(154, 255, 255)",landslide.landslide.1088,"['96.4886', '21.9162']",Myanmar,Spot
1000,landslide/landslide.1089,landslide.1089,"rgb(154, 255, 255)",landslide.landslide.1089,"['94.5624', '26.1584']",Nagaland,Spot
1000,landslide/landslide.1090,landslide.1090,"rgb(154, 255, 255)",landslide.landslide.1090,"['104.2214', '18.1656']",Nam Dan commune,Spot
1000,landslide/landslide.1091,landslide.1091,"rgb(154, 255, 255)",landslide.landslide.1091,"['95.1470', '28.6025']",Nam Pam,Spot
1000,landslide/landslide.1092,landslide.1092,"rgb(154, 255, 255)",landslide.landslide.1092,"['87.8849', '14.0241']",Namasigue watershed,Spot
1000,landslide/landslide.1093,landslide.1093,"rgb(154, 255, 255)",landslide.landslide.1093,"['88.3773', '27.1679']",Namchi district of Sikkim,Spot
1000,landslide/landslide.1094,landslide.1094,"rgb(154, 255, 255)",landslide.landslide.1094,"['107.0981', '28.8405']",Nanchuan County,Spot
1000,landslide/landslide.1095,landslide.1095,"rgb(154, 255, 255)",landslide.landslide.1095,"['108.5712', '26.1664']",Nanchuan District,Spot
1000,landslide/landslide.1096,landslide.1096,"rgb(154, 255, 255)",landslide.landslide.1096,"['107.0985', '29.2010']",Nanchuan region of Chongqing,Spot
1000,landslide/landslide.1097,landslide.1097,"rgb(154, 255, 255)",landslide.landslide.1097,"['113.3176', '23.2658']",Nantian,Spot
1000,landslide/landslide.1098,landslide.1098,"rgb(154, 255, 255)",landslide.landslide.1098,"['113.3000', '23.2833']",Nantian area in southeastern hilly,Spot
1000,landslide/landslide.1099,landslide.1099,"rgb(154, 255, 255)",landslide.landslide.1099,"['120.9675', '23.9134']",Nantou County,Spot
1000,landslide/landslide.1100,landslide.1100,"rgb(154, 255, 255)",landslide.landslide.1100,"['8.0874', '47.1516']",Napf catchment ,Spot
1000,landslide/landslide.1101,landslide.1101,"rgb(154, 255, 255)",landslide.landslide.1101,"['14.2704', '40.8518']",Naples,Spot
1000,landslide/landslide.1102,landslide.1102,"rgb(154, 255, 255)",landslide.landslide.1102,"['35.2094', '-5.7945']",Natal,Spot
1000,landslide/landslide.1103,landslide.1103,"rgb(154, 255, 255)",landslide.landslide.1103,"['77.7819', '34.4389']",National Highway 1D,Spot
1000,landslide/landslide.1104,landslide.1104,"rgb(154, 255, 255)",landslide.landslide.1104,"['76.8975', '34.3081']",National Highway 1D from Sonamarg to Kargil,Spot
1000,landslide/landslide.1105,landslide.1105,"rgb(154, 255, 255)",landslide.landslide.1105,"['77.1441', '28.6483']",national highway 5,Spot
1000,landslide/landslide.1106,landslide.1106,"rgb(154, 255, 255)",landslide.landslide.1106,"['112.5703', '24.7374']",National Highway G69,Spot
1000,landslide/landslide.1107,landslide.1107,"rgb(154, 255, 255)",landslide.landslide.1107,"['1.1526', '43.5936']",National Road Number 9,Spot
1000,landslide/landslide.1108,landslide.1108,"rgb(154, 255, 255)",landslide.landslide.1108,"['-7.1313', '31.3287']",National Road Number 9 in the Tizi N'tichka,Spot
1000,landslide/landslide.1109,landslide.1109,"rgb(154, 255, 255)",landslide.landslide.1109,"['105.1167', '27.7833']",Nayong in Guizhou,Spot
1000,landslide/landslide.1110,landslide.1110,"rgb(154, 255, 255)",landslide.landslide.1110,"['3.0518', '35.7135']",NE Algeria,Spot
1000,landslide/landslide.1111,landslide.1111,"rgb(154, 255, 255)",landslide.landslide.1111,"['14.8841', '37.6833']",NE Sicily,Spot
1000,landslide/landslide.1112,landslide.1112,"rgb(154, 255, 255)",landslide.landslide.1112,"['41.9167', '40.0000']",NE Turkey,Spot
1000,landslide/landslide.1113,landslide.1113,"rgb(154, 255, 255)",landslide.landslide.1113,"['83.5824', '26.7783']",near Faizabad,Spot
1000,landslide/landslide.1114,landslide.1114,"rgb(154, 255, 255)",landslide.landslide.1114,"['35.9375', '28.0341']",Neom promising,Spot
1000,landslide/landslide.1115,landslide.1115,"rgb(154, 255, 255)",landslide.landslide.1115,"['35.9375', '28.0341']",Neom promising city,Spot
1000,landslide/landslide.1116,landslide.1116,"rgb(154, 255, 255)",landslide.landslide.1116,"['84.1240', '28.3949']",Nepal,Spot
1000,landslide/landslide.1117,landslide.1117,"rgb(154, 255, 255)",landslide.landslide.1117,"['87.6977', '27.9054']",Nepal border in Tibet,Spot
1000,landslide/landslide.1118,landslide.1118,"rgb(154, 255, 255)",landslide.landslide.1118,"['86.9250', '28.1455']",Nepal Himalaya,Spot
1000,landslide/landslide.1119,landslide.1119,"rgb(154, 255, 255)",landslide.landslide.1119,"['86.7894', '28.2585']",Nepal 's central mountain,Spot
1000,landslide/landslide.1120,landslide.1120,"rgb(154, 255, 255)",landslide.landslide.1120,"['84.1240', '28.3949']",Nepalese,Spot
1000,landslide/landslide.1121,landslide.1121,"rgb(154, 255, 255)",landslide.landslide.1121,"['111.8388', '35.2610']",New Badong County,Spot
1000,landslide/landslide.1122,landslide.1122,"rgb(154, 255, 255)",landslide.landslide.1122,"['77.2', '32.0']",NH - 154A,Spot
1000,landslide/landslide.1123,landslide.1123,"rgb(154, 255, 255)",landslide.landslide.1123,"['77.5', '32.1']",NH 1D,Spot
1000,landslide/landslide.1124,landslide.1124,"rgb(154, 255, 255)",landslide.landslide.1124,"['78.3', '30.5']",NH 58,Spot
1000,landslide/landslide.1125,landslide.1125,"rgb(154, 255, 255)",landslide.landslide.1125,"['78.4', '30.6']",NH 58 area in India,Spot
1000,landslide/landslide.1126,landslide.1126,"rgb(154, 255, 255)",landslide.landslide.1126,"['85.2072', '12.8654']",Nicaragua,Spot
1000,landslide/landslide.1127,landslide.1127,"rgb(154, 255, 255)",landslide.landslide.1127,"['138.2915', '37.3230']",Niigata,Spot
1000,landslide/landslide.1128,landslide.1128,"rgb(154, 255, 255)",landslide.landslide.1128,"['76.6002', '11.4167']",Nilgiri district,Spot
1000,landslide/landslide.1129,landslide.1129,"rgb(154, 255, 255)",landslide.landslide.1129,"['76.6353', '11.4064']",Nilgiris,Spot
1000,landslide/landslide.1130,landslide.1130,"rgb(154, 255, 255)",landslide.landslide.1130,"['76.6353', '11.4064']",Nilgiris district in Tamil Nadu,Spot
1000,landslide/landslide.1131,landslide.1131,"rgb(154, 255, 255)",landslide.landslide.1131,"['76.6353', '11.4064']",Nilgiris district in Western Ghats of India,Spot
1000,landslide/landslide.1132,landslide.1132,"rgb(154, 255, 255)",landslide.landslide.1132,"['101.3431', '24.4752']",nine plateau lake watersheds in Yunnan,Spot
1000,landslide/landslide.1133,landslide.1133,"rgb(154, 255, 255)",landslide.landslide.1133,"['116.0192', '26.6444']",Ningdu County,Spot
1000,landslide/landslide.1134,landslide.1134,"rgb(154, 255, 255)",landslide.landslide.1134,"['116.0192', '26.6444']",Ningdu County of China,Spot
1000,landslide/landslide.1135,landslide.1135,"rgb(154, 255, 255)",landslide.landslide.1135,"['118.9816', '30.6260']",Ningguo City,Spot
1000,landslide/landslide.1136,landslide.1136,"rgb(154, 255, 255)",landslide.landslide.1136,"['106.0', '37.0']",Ningxia Hui Autonomous Region of China,Spot
1000,landslide/landslide.1137,landslide.1137,"rgb(154, 255, 255)",landslide.landslide.1137,"['83.9250', '28.2500']",Niraj catchment,Spot
1000,landslide/landslide.1138,landslide.1138,"rgb(154, 255, 255)",landslide.landslide.1138,"['9.9406', '5.9609']",Nkongsamba,Spot
1000,landslide/landslide.1139,landslide.1139,"rgb(154, 255, 255)",landslide.landslide.1139,"['75.5844', '14.8396']",NNW - SSE oriented Western Ghat Mountains,Spot
1000,landslide/landslide.1140,landslide.1140,"rgb(154, 255, 255)",landslide.landslide.1140,"['94.8925', '26.2379']",Noklak district in the eastern part of Nagaland bordering Myanmar,Spot
1000,landslide/landslide.1141,landslide.1141,"rgb(154, 255, 255)",landslide.landslide.1141,"['94.9600', '26.0500']",Noklak town,Spot
1000,landslide/landslide.1142,landslide.1142,"rgb(154, 255, 255)",landslide.landslide.1142,"['93.2044', '24.9642']",Noney and Khongsag railway station,Spot
1000,landslide/landslide.1143,landslide.1143,"rgb(154, 255, 255)",landslide.landslide.1143,"['104.0408', '1.1806']",Nongsa,Spot
1000,landslide/landslide.1144,landslide.1144,"rgb(154, 255, 255)",landslide.landslide.1144,"['0.0000', '0.0000']",North,Spot
1000,landslide/landslide.1145,landslide.1145,"rgb(154, 255, 255)",landslide.landslide.1145,"['5.7275', '35.7178']",north - east of Algeria,Spot
1000,landslide/landslide.1146,landslide.1146,"rgb(154, 255, 255)",landslide.landslide.1146,"['101.7111', '3.0032']",north - east of the Langat River Basin,Spot
1000,landslide/landslide.1147,landslide.1147,"rgb(154, 255, 255)",landslide.landslide.1147,"['88.0000', '27.5000']",North - Eastern Himalaya,Spot
1000,landslide/landslide.1148,landslide.1148,"rgb(154, 255, 255)",landslide.landslide.1148,"['115.6996', '27.5350']",north - eastern of Jiangxi province,Spot
1000,landslide/landslide.1149,landslide.1149,"rgb(154, 255, 255)",landslide.landslide.1149,"['94.8781', '26.1584']",north - eastern state of India,Spot
1000,landslide/landslide.1150,landslide.1150,"rgb(154, 255, 255)",landslide.landslide.1150,"['9.5000', '4.6667']",North - Moungo perimeter,Spot
1000,landslide/landslide.1151,landslide.1151,"rgb(154, 255, 255)",landslide.landslide.1151,"['89.1167', '42.9167']",north - west China,Spot
1000,landslide/landslide.1152,landslide.1152,"rgb(154, 255, 255)",landslide.landslide.1152,"['9.1914', '45.4642']",north - western Italy,Spot
1000,landslide/landslide.1153,landslide.1153,"rgb(154, 255, 255)",landslide.landslide.1153,"['12.6405', '38.0030']",North - Western Sicily,Spot
1000,landslide/landslide.1154,landslide.1154,"rgb(154, 255, 255)",landslide.landslide.1154,"['15.9647', '41.1231']",north - western side of Daunia,Spot
1000,landslide/landslide.1155,landslide.1155,"rgb(154, 255, 255)",landslide.landslide.1155,"['32.8542', '40.7434']",North Anatolian Fault Zone,Spot
1000,landslide/landslide.1156,landslide.1156,"rgb(154, 255, 255)",landslide.landslide.1156,"['46.2256', '37.3828']",north and northeast parts of Maragheh County,Spot
1000,landslide/landslide.1157,landslide.1157,"rgb(154, 255, 255)",landslide.landslide.1157,"['16.4637', '38.9151']",North Calabria,Spot
1000,landslide/landslide.1158,landslide.1158,"rgb(154, 255, 255)",landslide.landslide.1158,"['51.3890', '35.6892']",north east of Tehran,Spot
1000,landslide/landslide.1159,landslide.1159,"rgb(154, 255, 255)",landslide.landslide.1159,"['38.9600', '38.9637']",north east Turkey,Spot
1000,landslide/landslide.1160,landslide.1160,"rgb(154, 255, 255)",landslide.landslide.1160,"['126.0', '40.0']",North Korean,Spot
1000,landslide/landslide.1161,landslide.1161,"rgb(154, 255, 255)",landslide.landslide.1161,"['54.4270', '32.4279']",north of Iran,Spot
1000,landslide/landslide.1162,landslide.1162,"rgb(154, 255, 255)",landslide.landslide.1162,"['36.6810', '31.9522']",north of Jordan,Spot
1000,landslide/landslide.1163,landslide.1163,"rgb(154, 255, 255)",landslide.landslide.1163,"['48.3550', '33.4878']",north of Khorramabad,Spot
1000,landslide/landslide.1164,landslide.1164,"rgb(154, 255, 255)",landslide.landslide.1164,"['6.1013', '34.0596']",North of Morocco,Spot
1000,landslide/landslide.1165,landslide.1165,"rgb(154, 255, 255)",landslide.landslide.1165,"['69.3451', '30.3753']",north of Pakistan,Spot
1000,landslide/landslide.1166,landslide.1166,"rgb(154, 255, 255)",landslide.landslide.1166,"['5.4009', '36.1877']",North of Setif,Spot
1000,landslide/landslide.1167,landslide.1167,"rgb(154, 255, 255)",landslide.landslide.1167,"['46.1943', '34.3142']",north of the Kermanshah Province,Spot
1000,landslide/landslide.1168,landslide.1168,"rgb(154, 255, 255)",landslide.landslide.1168,"['122.2018', '37.2089']",North Santa Cruz Mountains,Spot
1000,landslide/landslide.1169,landslide.1169,"rgb(154, 255, 255)",landslide.landslide.1169,"['88.6412', '27.4907']",North Sikkim,Spot
1000,landslide/landslide.1170,landslide.1170,"rgb(154, 255, 255)",landslide.landslide.1170,"['88.6420', '27.7172']",North Sikkim Himalayas,Spot
1000,landslide/landslide.1171,landslide.1171,"rgb(154, 255, 255)",landslide.landslide.1171,"['33.3790', '35.3343']",northeast - facing slopes of the Girne Mountains,Spot
1000,landslide/landslide.1172,landslide.1172,"rgb(154, 255, 255)",landslide.landslide.1172,"['3.9862', '48.7995']",northeast of France,Spot
1000,landslide/landslide.1173,landslide.1173,"rgb(154, 255, 255)",landslide.landslide.1173,"['58.8302', '36.6739']",northeast of Iran,Spot
1000,landslide/landslide.1174,landslide.1174,"rgb(154, 255, 255)",landslide.landslide.1174,"['104.0488', '28.7333']",northeast of the Yunnan - Guizhou Plateau of China,Spot
1000,landslide/landslide.1175,landslide.1175,"rgb(154, 255, 255)",landslide.landslide.1175,"['94.7679', '26.9124']",Northeast part of India,Spot
1000,landslide/landslide.1176,landslide.1176,"rgb(154, 255, 255)",landslide.landslide.1176,"['35.5134', '39.9334']",northeast part of Turkey,Spot
1000,landslide/landslide.1177,landslide.1177,"rgb(154, 255, 255)",landslide.landslide.1177,"['110.4578', '40.0722']",northeastern China,Spot
1000,landslide/landslide.1178,landslide.1178,"rgb(154, 255, 255)",landslide.landslide.1178,"['106.5344', '29.4316']",northeastern Chongqing,Spot
1000,landslide/landslide.1179,landslide.1179,"rgb(154, 255, 255)",landslide.landslide.1179,"['120.8047', '23.5096']",northeastern downstream of the Alishan catchment,Spot
1000,landslide/landslide.1180,landslide.1180,"rgb(154, 255, 255)",landslide.landslide.1180,"['54.3666', '33.5348']",northeastern Iran,Spot
1000,landslide/landslide.1181,landslide.1181,"rgb(154, 255, 255)",landslide.landslide.1181,"['102.7606', '23.0123']",northeastern part of Geling,Spot
1000,landslide/landslide.1182,landslide.1182,"rgb(154, 255, 255)",landslide.landslide.1182,"['127.7669', '37.6872']",northeastern part of Korea,Spot
1000,landslide/landslide.1183,landslide.1183,"rgb(154, 255, 255)",landslide.landslide.1183,"['92.9376', '23.7533']",northeastern region of India,Spot
1000,landslide/landslide.1184,landslide.1184,"rgb(154, 255, 255)",landslide.landslide.1184,"['74.0060', '40.7128']",Northeastern USA,Spot
1000,landslide/landslide.1185,landslide.1185,"rgb(154, 255, 255)",landslide.landslide.1185,"['2.6336', '28.0339']",northern Algeria,Spot
1000,landslide/landslide.1186,landslide.1186,"rgb(154, 255, 255)",landslide.landslide.1186,"['11.2550', '43.7711']",Northern Apennines of Italy,Spot
1000,landslide/landslide.1187,landslide.1187,"rgb(154, 255, 255)",landslide.landslide.1187,"['44.6994', '43.3196']",northern Caucasus,Spot
1000,landslide/landslide.1188,landslide.1188,"rgb(154, 255, 255)",landslide.landslide.1188,"['73.0480', '51.4575']",northern Chilean Patagonia,Spot
1000,landslide/landslide.1189,landslide.1189,"rgb(154, 255, 255)",landslide.landslide.1189,"['116.4074', '39.9042']",Northern China,Spot
1000,landslide/landslide.1190,landslide.1190,"rgb(154, 255, 255)",landslide.landslide.1190,"['122.2711', '37.8044']",Northern East Bay segment of the Hayward fault,Spot
1000,landslide/landslide.1191,landslide.1191,"rgb(154, 255, 255)",landslide.landslide.1191,"['8.2275', '46.8182']",northern foothills of the Swiss Alps,Spot
1000,landslide/landslide.1192,landslide.1192,"rgb(154, 255, 255)",landslide.landslide.1192,"['85.9000', '28.3949']",northern Himalayas,Spot
1000,landslide/landslide.1193,landslide.1193,"rgb(154, 255, 255)",landslide.landslide.1193,"['19.0208', '64.9631']",northern Iceland,Spot
1000,landslide/landslide.1194,landslide.1194,"rgb(154, 255, 255)",landslide.landslide.1194,"['12.4964', '41.9028']",northern Italian,Spot
1000,landslide/landslide.1195,landslide.1195,"rgb(154, 255, 255)",landslide.landslide.1195,"['11.3415', '44.4056']",northern Italy,Spot
1000,landslide/landslide.1196,landslide.1196,"rgb(154, 255, 255)",landslide.landslide.1196,"['74.3587', '35.7500']",northern Pakistan,Spot
1000,landslide/landslide.1197,landslide.1197,"rgb(154, 255, 255)",landslide.landslide.1197,"['23.9618', '35.4634']",northern part of Chania prefecture,Spot
1000,landslide/landslide.1198,landslide.1198,"rgb(154, 255, 255)",landslide.landslide.1198,"['22.4076', '39.0742']",northern part of Greece,Spot
1000,landslide/landslide.1199,landslide.1199,"rgb(154, 255, 255)",landslide.landslide.1199,"['80.1885', '29.3117']",northern part of the Pithoragarh district,Spot
1000,landslide/landslide.1200,landslide.1200,"rgb(154, 255, 255)",landslide.landslide.1200,"['78.0799', '42.8047']",northern part of the Tien Shan Range in Central Asia,Spot
1000,landslide/landslide.1201,landslide.1201,"rgb(154, 255, 255)",landslide.landslide.1201,"['79.0193', '30.0668']",Northern part of Uttarakhand,Spot
1000,landslide/landslide.1202,landslide.1202,"rgb(154, 255, 255)",landslide.landslide.1202,"['53.6880', '32.4279']",northern parts of Iran,Spot
1000,landslide/landslide.1203,landslide.1203,"rgb(154, 255, 255)",landslide.landslide.1203,"['21.9375', '37.5630']",northern Peloponnese,Spot
1000,landslide/landslide.1204,landslide.1204,"rgb(154, 255, 255)",landslide.landslide.1204,"['116.2305', '45.2654']",northern Rocky Mountains,Spot
1000,landslide/landslide.1205,landslide.1205,"rgb(154, 255, 255)",landslide.landslide.1205,"['127.7470', '42.3345']",northern slope of Mt. Changbai,Spot
1000,landslide/landslide.1206,landslide.1206,"rgb(154, 255, 255)",landslide.landslide.1206,"['3.7492', '40.4637']",northern Spain,Spot
1000,landslide/landslide.1207,landslide.1207,"rgb(154, 255, 255)",landslide.landslide.1207,"['87.4068', '27.7881']",northern stretch of the Arun watershed in East Nepal,Spot
1000,landslide/landslide.1208,landslide.1208,"rgb(154, 255, 255)",landslide.landslide.1208,"['100.9925', '15.8700']",northern Thailand,Spot
1000,landslide/landslide.1209,landslide.1209,"rgb(154, 255, 255)",landslide.landslide.1209,"['35.2433', '38.9637']",northern Turkey,Spot
1000,landslide/landslide.1210,landslide.1210,"rgb(154, 255, 255)",landslide.landslide.1210,"['105.3188', '21.0285']",northern Vietnam,Spot
1000,landslide/landslide.1211,landslide.1211,"rgb(154, 255, 255)",landslide.landslide.1211,"['118.5374', '34.2358']",Northridge,Spot
1000,landslide/landslide.1212,landslide.1212,"rgb(154, 255, 255)",landslide.landslide.1212,"['86.9023', '40.4637']",northwest China,Spot
1000,landslide/landslide.1213,landslide.1213,"rgb(154, 255, 255)",landslide.landslide.1213,"['100.9736', '26.2004']",northwest mountain areas of Yunnan province of China,Spot
1000,landslide/landslide.1214,landslide.1214,"rgb(154, 255, 255)",landslide.landslide.1214,"['105.0', '37.0']",Northwest of Qingliang Town,Spot
1000,landslide/landslide.1215,landslide.1215,"rgb(154, 255, 255)",landslide.landslide.1215,"['104.0', '38.0']",Northwest region and the,Spot
1000,landslide/landslide.1216,landslide.1216,"rgb(154, 255, 255)",landslide.landslide.1216,"['105.0', '21.0']",Northwest region of Viet Nam,Spot
1000,landslide/landslide.1217,landslide.1217,"rgb(154, 255, 255)",landslide.landslide.1217,"['146.0', '-42.0']",Northwest Tasmania in Australia,Spot
1000,landslide/landslide.1218,landslide.1218,"rgb(154, 255, 255)",landslide.landslide.1218,"['-122.7207', '64.8255']",Northwest Territories,Spot
1000,landslide/landslide.1219,landslide.1219,"rgb(154, 255, 255)",landslide.landslide.1219,"['47.0', '35.0']",Northwestern and the north of Iran,Spot
1000,landslide/landslide.1220,landslide.1220,"rgb(154, 255, 255)",landslide.landslide.1220,"['14.5', '35.9']",Northwestern coast of Malta,Spot
1000,landslide/landslide.1221,landslide.1221,"rgb(154, 255, 255)",landslide.landslide.1221,"['37.5', '12.5']",Northwestern Ethiopia,Spot
1000,landslide/landslide.1222,landslide.1222,"rgb(154, 255, 255)",landslide.landslide.1222,"['51.0', '30.5']",Northwestern Fars province of Iran,Spot
1000,landslide/landslide.1223,landslide.1223,"rgb(154, 255, 255)",landslide.landslide.1223,"['14.9', '38.4']",Northwestern flank of La Fossa Cone on the island of Vulcano,Spot
1000,landslide/landslide.1224,landslide.1224,"rgb(154, 255, 255)",landslide.landslide.1224,"['8.0', '45.0']",Northwestern Italy,Spot
1000,landslide/landslide.1225,landslide.1225,"rgb(154, 255, 255)",landslide.landslide.1225,"['73.5', '34.5']",Northwestern part of Muzaffarabad,Spot
1000,landslide/landslide.1226,landslide.1226,"rgb(154, 255, 255)",landslide.landslide.1226,"['40.0', '26.5']",Northwestern Saudi Arabia,Spot
1000,landslide/landslide.1227,landslide.1227,"rgb(154, 255, 255)",landslide.landslide.1227,"['9.5', '37.0']",Northwestern Tunisia,Spot
1000,landslide/landslide.1228,landslide.1228,"rgb(154, 255, 255)",landslide.landslide.1228,"['48.0', '32.0']",NW - Iran,Spot
1000,landslide/landslide.1229,landslide.1229,"rgb(154, 255, 255)",landslide.landslide.1229,"['91.0', '36.0']",NW China,Spot
1000,landslide/landslide.1230,landslide.1230,"rgb(154, 255, 255)",landslide.landslide.1230,"['82.5', '35.0']",NW Himalaya,Spot
1000,landslide/landslide.1231,landslide.1231,"rgb(154, 255, 255)",landslide.landslide.1231,"['80.0', '34.5']",NW Himalayas,Spot
1000,landslide/landslide.1232,landslide.1232,"rgb(154, 255, 255)",landslide.landslide.1232,"['7.0', '45.0']",NW Italy,Spot
1000,landslide/landslide.1233,landslide.1233,"rgb(154, 255, 255)",landslide.landslide.1233,"['51.0', '29.5']",NW Shiraz,Spot
1000,landslide/landslide.1234,landslide.1234,"rgb(154, 255, 255)",landslide.landslide.1234,"['19.5', '45.0']",NW slopes of Fruska GoraMountain,Spot
1000,landslide/landslide.1235,landslide.1235,"rgb(154, 255, 255)",landslide.landslide.1235,"['31.0791', '41.0082']",NW Turkey,Spot
1000,landslide/landslide.1236,landslide.1236,"rgb(154, 255, 255)",landslide.landslide.1236,"['94.3616', '29.4316']",Nyingchi,Spot
1000,landslide/landslide.1237,landslide.1237,"rgb(154, 255, 255)",landslide.landslide.1237,"['75.5', '33.5']",Parts of Punch district,Spot
1000,landslide/landslide.1238,landslide.1238,"rgb(154, 255, 255)",landslide.landslide.1238,"['85.3333', '28.1833']",Okharpauwa,Spot
1000,landslide/landslide.1239,landslide.1239,"rgb(154, 255, 255)",landslide.landslide.1239,"['27.5111', '54.7436']",Olympic ski - jump complex,Spot
1000,landslide/landslide.1240,landslide.1240,"rgb(154, 255, 255)",landslide.landslide.1240,"['120.7392', '43.8041']",Oregon,Spot
1000,landslide/landslide.1241,landslide.1241,"rgb(154, 255, 255)",landslide.landslide.1241,"['123.8006', '44.6431']",Oregon Coast Range,Spot
1000,landslide/landslide.1242,landslide.1242,"rgb(154, 255, 255)",landslide.landslide.1242,"['123.1774', '44.5646']",Oregon Department,Spot
1000,landslide/landslide.1243,landslide.1243,"rgb(154, 255, 255)",landslide.landslide.1243,"['46.5640', '39.4380']",Oshvand watershed,Spot
1000,landslide/landslide.1244,landslide.1244,"rgb(154, 255, 255)",landslide.landslide.1244,"['83.9167', '37.4333']",Owsley County,Spot
1000,landslide/landslide.1245,landslide.1245,"rgb(154, 255, 255)",landslide.landslide.1245,"['126.9135', '53.7267']",Pacific Rim,Spot
1000,landslide/landslide.1246,landslide.1246,"rgb(154, 255, 255)",landslide.landslide.1246,"['98.0833', '20.2000']",Pahuatlan,Spot
1000,landslide/landslide.1247,landslide.1247,"rgb(154, 255, 255)",landslide.landslide.1247,"['107.9975', '27.6481']",Paipu - Yongning and Daduan - Guqiao Towns,Spot
1000,landslide/landslide.1248,landslide.1248,"rgb(154, 255, 255)",landslide.landslide.1248,"['69.3451', '30.3753']",Pakistan,Spot
1000,landslide/landslide.1249,landslide.1249,"rgb(154, 255, 255)",landslide.landslide.1249,"['15.7278', '46.9881']",Paldau,Spot
1000,landslide/landslide.1250,landslide.1250,"rgb(154, 255, 255)",landslide.landslide.1250,"['87.8167', '27.1833']",Panchthar district,Spot
1000,landslide/landslide.1251,landslide.1251,"rgb(154, 255, 255)",landslide.landslide.1251,"['72.6500', '31.1333']",Pandras,Spot
1000,landslide/landslide.1252,landslide.1252,"rgb(154, 255, 255)",landslide.landslide.1252,"['101.3333', '26.4333']",Panzhihua - Huize section,Spot
1000,landslide/landslide.1253,landslide.1253,"rgb(154, 255, 255)",landslide.landslide.1253,"['124.0', '10.5']",PFZ,Spot
1000,landslide/landslide.1254,landslide.1254,"rgb(154, 255, 255)",landslide.landslide.1254,"['9.2833', '45.0500']",Passo della Morte,Spot
1000,landslide/landslide.1255,landslide.1255,"rgb(154, 255, 255)",landslide.landslide.1255,"['123.0723', '49.3166']",Patrick and Dawson - Chu Slide in North Vancouver,Spot
1000,landslide/landslide.1256,landslide.1256,"rgb(154, 255, 255)",landslide.landslide.1256,"['78.7746', '30.1588']",Pauri Garhwal district,Spot
1000,landslide/landslide.1257,landslide.1257,"rgb(154, 255, 255)",landslide.landslide.1257,"['116.9230', '44.0885']",Payette River,Spot
1000,landslide/landslide.1258,landslide.1258,"rgb(154, 255, 255)",landslide.landslide.1258,"['5.7293', '50.6261']",Pays de Herve,Spot
1000,landslide/landslide.1259,landslide.1259,"rgb(154, 255, 255)",landslide.landslide.1259,"['113.3222', '22.3193']",Pearl River Delta,Spot
1000,landslide/landslide.1260,landslide.1260,"rgb(154, 255, 255)",landslide.landslide.1260,"['101.1589', '16.2506']",Pechabun,Spot
1000,landslide/landslide.1261,landslide.1261,"rgb(154, 255, 255)",landslide.landslide.1261,"['21.8182', '37.2982']",Peloponnese,Spot
1000,landslide/landslide.1262,landslide.1262,"rgb(154, 255, 255)",landslide.landslide.1262,"['22.0000', '37.5000']",Peloponnese peninsula,Spot
1000,landslide/landslide.1263,landslide.1263,"rgb(154, 255, 255)",landslide.landslide.1263,"['15.4317', '38.1500']",Peloritani range,Spot
1000,landslide/landslide.1264,landslide.1264,"rgb(154, 255, 255)",landslide.landslide.1264,"['109.3927', '7.0560']",Pemalang,Spot
1000,landslide/landslide.1265,landslide.1265,"rgb(154, 255, 255)",landslide.landslide.1265,"['100.3354', '5.2916']",Penang in Malaysia,Spot
1000,landslide/landslide.1266,landslide.1266,"rgb(154, 255, 255)",landslide.landslide.1266,"['100.3089', '5.4164']",Penang Island,Spot
1000,landslide/landslide.1267,landslide.1267,"rgb(154, 255, 255)",landslide.landslide.1267,"['100.3354', '5.2916']",Penang Island of Malaysia,Spot
1000,landslide/landslide.1268,landslide.1268,"rgb(154, 255, 255)",landslide.landslide.1268,"['108.3969', '28.3315']",Pengshui,Spot
1000,landslide/landslide.1269,landslide.1269,"rgb(154, 255, 255)",landslide.landslide.1269,"['106.6406', '35.4693']",Pengyang County,Spot
1000,landslide/landslide.1270,landslide.1270,"rgb(154, 255, 255)",landslide.landslide.1270,"['102.2551', '4.2105']",Peninsular Malaysia,Spot
1000,landslide/landslide.1271,landslide.1271,"rgb(154, 255, 255)",landslide.landslide.1271,"['83.7351', '9.4252']",Perez Zeledon,Spot
1000,landslide/landslide.1272,landslide.1272,"rgb(154, 255, 255)",landslide.landslide.1272,"['75.0152', '9.1898']",Peru,Spot
1000,landslide/landslide.1273,landslide.1273,"rgb(154, 255, 255)",landslide.landslide.1273,"['14.9889', '41.9622']",Petacciato,Spot
1000,landslide/landslide.1274,landslide.1274,"rgb(154, 255, 255)",landslide.landslide.1274,"['89.6', '26.9']",Phuentsholing Thimphu highway,Spot
1000,landslide/landslide.1275,landslide.1275,"rgb(154, 255, 255)",landslide.landslide.1275,"['122.8765', '11.8090']",Philippines,Spot
1000,landslide/landslide.1276,landslide.1276,"rgb(154, 255, 255)",landslide.landslide.1276,"['100.9524', '19.3702']",Phu Chifa at Thoeng District,Spot
1000,landslide/landslide.1277,landslide.1277,"rgb(154, 255, 255)",landslide.landslide.1277,"['89.1066', '26.8484']",Phuentsholing,Spot
1000,landslide/landslide.1278,landslide.1278,"rgb(154, 255, 255)",landslide.landslide.1278,"['10.9', '43.9']",Pistoia and Prato,Spot
1000,landslide/landslide.1279,landslide.1279,"rgb(154, 255, 255)",landslide.landslide.1279,"['8.0633', '45.0732']",Piedmont,Spot
1000,landslide/landslide.1280,landslide.1280,"rgb(154, 255, 255)",landslide.landslide.1280,"['117.1367', '40.1670']",Pinggu district,Spot
1000,landslide/landslide.1281,landslide.1281,"rgb(154, 255, 255)",landslide.landslide.1281,"['103.8297', '32.7493']",Pingwu County,Spot
1000,landslide/landslide.1282,landslide.1282,"rgb(154, 255, 255)",landslide.landslide.1282,"['22.4310', '39.6352']",Pinios artificial lake,Spot
1000,landslide/landslide.1283,landslide.1283,"rgb(154, 255, 255)",landslide.landslide.1283,"['10.9137', '43.9369']",Pistoia,Spot
1000,landslide/landslide.1284,landslide.1284,"rgb(154, 255, 255)",landslide.landslide.1284,"['10.9', '43.9']",Pistoia and Prato,Spot
1000,landslide/landslide.1285,landslide.1285,"rgb(154, 255, 255)",landslide.landslide.1285,"['80.2254', '29.5820']",Pithoragarh,Spot
1000,landslide/landslide.1286,landslide.1286,"rgb(154, 255, 255)",landslide.landslide.1286,"['80.2261', '29.7319']",Pithoragarh district,Spot
1000,landslide/landslide.1287,landslide.1287,"rgb(154, 255, 255)",landslide.landslide.1287,"['80.2', '29.6']",Pithoragarh region along a National Highway,Spot
1000,landslide/landslide.1288,landslide.1288,"rgb(154, 255, 255)",landslide.landslide.1288,"['0.0', '0.0']",Plan / profile curvature,Spot
1000,landslide/landslide.1289,landslide.1289,"rgb(154, 255, 255)",landslide.landslide.1289,"['129.4', '35.9']",Pohang and Gyeongju Cities,Spot
1000,landslide/landslide.1290,landslide.1290,"rgb(154, 255, 255)",landslide.landslide.1290,"['111.4780', '-7.8631']",Ponorogo,Spot
1000,landslide/landslide.1291,landslide.1291,"rgb(154, 255, 255)",landslide.landslide.1291,"['76.8', '9.5']",Poonjar - Thekkekara,Spot
1000,landslide/landslide.1292,landslide.1292,"rgb(154, 255, 255)",landslide.landslide.1292,"['-51.2177', '-30.0346']",Porto Alegre,Spot
1000,landslide/landslide.1293,landslide.1293,"rgb(154, 255, 255)",landslide.landslide.1293,"['9.1934', '44.3111']",Portofino promontory,Spot
1000,landslide/landslide.1294,landslide.1294,"rgb(154, 255, 255)",landslide.landslide.1294,"['8.2245', '39.3999']",Portugal mainland,Spot
1000,landslide/landslide.1295,landslide.1295,"rgb(154, 255, 255)",landslide.landslide.1295,"['-8.0', '39.5']",Portuguese,Spot
1000,landslide/landslide.1296,landslide.1296,"rgb(154, 255, 255)",landslide.landslide.1296,"['15.8051', '40.6426']",Potenza,Spot
1000,landslide/landslide.1297,landslide.1297,"rgb(154, 255, 255)",landslide.landslide.1297,"['26.0667', '45.3036']",Prahova River in the Curvature Subcarpathians,Spot
1000,landslide/landslide.1298,landslide.1298,"rgb(154, 255, 255)",landslide.landslide.1298,"['0.0', '0.0']",Precipitation indices,Spot
1000,landslide/landslide.1299,landslide.1299,"rgb(154, 255, 255)",landslide.landslide.1299,"['0.0', '0.0']",Probability model,Spot
1000,landslide/landslide.1300,landslide.1300,"rgb(154, 255, 255)",landslide.landslide.1300,"['0.0', '0.0']",Province,Spot
1000,landslide/landslide.1301,landslide.1301,"rgb(154, 255, 255)",landslide.landslide.1301,"['14.5', '48.2']",Province of Lower Austria,Spot
1000,landslide/landslide.1302,landslide.1302,"rgb(154, 255, 255)",landslide.landslide.1302,"['-111.5', '40.2']",Provo Canyon in Utah,Spot
1000,landslide/landslide.1303,landslide.1303,"rgb(154, 255, 255)",landslide.landslide.1303,"['98.1862', '19.0413']",Puebla,Spot
1000,landslide/landslide.1304,landslide.1304,"rgb(154, 255, 255)",landslide.landslide.1304,"['122.8148', '47.6062']",Puget Sound area of Washington State,Spot
1000,landslide/landslide.1305,landslide.1305,"rgb(154, 255, 255)",landslide.landslide.1305,"['112.7726', '22.7072']",Pulung sub-district,Spot
1000,landslide/landslide.1306,landslide.1306,"rgb(154, 255, 255)",landslide.landslide.1306,"['110.1278', '7.3528']",Purwosari,Spot
1000,landslide/landslide.1307,landslide.1307,"rgb(154, 255, 255)",landslide.landslide.1307,"['105.9833', '26.0019']",Pusa in western Guizhou Province,Spot
1000,landslide/landslide.1308,landslide.1308,"rgb(154, 255, 255)",landslide.landslide.1308,"['128.3925', '37.3705']",Pyeong - Chang,Spot
1000,landslide/landslide.1309,landslide.1309,"rgb(154, 255, 255)",landslide.landslide.1309,"['128.3894', '37.3705']",Pyeongchang - gun,Spot
1000,landslide/landslide.1310,landslide.1310,"rgb(154, 255, 255)",landslide.landslide.1310,"['128.3925', '37.3705']",Pyungchang area of Korea,Spot
1000,landslide/landslide.1311,landslide.1311,"rgb(154, 255, 255)",landslide.landslide.1311,"['52.8565', '36.4636']",Qaemshahr area in northern Iran,Spot
1000,landslide/landslide.1312,landslide.1312,"rgb(154, 255, 255)",landslide.landslide.1312,"['49.7119', '36.2704']",Qazvin Province,Spot
1000,landslide/landslide.1313,landslide.1313,"rgb(154, 255, 255)",landslide.landslide.1313,"['49.0', '36.3']",Qazvin province - N Iran,Spot
1000,landslide/landslide.1314,landslide.1314,"rgb(154, 255, 255)",landslide.landslide.1314,"['110.3400', '33.0000']",Qianjiangping,Spot
1000,landslide/landslide.1315,landslide.1315,"rgb(154, 255, 255)",landslide.landslide.1315,"['107.5260', '33.7833']",Qianyang County of Baoji city,Spot
1000,landslide/landslide.1316,landslide.1316,"rgb(154, 255, 255)",landslide.landslide.1316,"['103.8406', '36.0702']",Qilihe District in Lanzhou City of northwestern China,Spot
1000,landslide/landslide.1317,landslide.1317,"rgb(154, 255, 255)",landslide.landslide.1317,"['113.6000', '34.5000']",Qin Mountain,Spot
1000,landslide/landslide.1318,landslide.1318,"rgb(154, 255, 255)",landslide.landslide.1318,"['104.1942', '32.5811']",Qingchuan County,Spot
1000,landslide/landslide.1319,landslide.1319,"rgb(154, 255, 255)",landslide.landslide.1319,"['104.1942', '32.5811']",Qingchuan County of Sichuan Province,Spot
1000,landslide/landslide.1320,landslide.1320,"rgb(154, 255, 255)",landslide.landslide.1320,"['123.9456', '41.1432']",Qinggan River delta,Spot
1000,landslide/landslide.1321,landslide.1321,"rgb(154, 255, 255)",landslide.landslide.1321,"['96.3942', '35.7518']",Qinghai,Spot
1000,landslide/landslide.1322,landslide.1322,"rgb(154, 255, 255)",landslide.landslide.1322,"['87.3900', '31.8070']",Qinghai - Tibet,Spot
1000,landslide/landslide.1323,landslide.1323,"rgb(154, 255, 255)",landslide.landslide.1323,"['85.6796', '32.3329']",Qinghai - Tibet Plateau,Spot
1000,landslide/landslide.1324,landslide.1324,"rgb(154, 255, 255)",landslide.landslide.1324,"['101.9846', '33.5520']","Qinghai - Tibet Plateau , loess Plateau and Sichuan Basin",Spot
1000,landslide/landslide.1325,landslide.1325,"rgb(154, 255, 255)",landslide.landslide.1325,"['108.0421', '27.7341']",Qingliangfeng,Spot
1000,landslide/landslide.1326,landslide.1326,"rgb(154, 255, 255)",landslide.landslide.1326,"['106.7784', '34.4583']",Qingshui River Basin,Spot
1000,landslide/landslide.1327,landslide.1327,"rgb(154, 255, 255)",landslide.landslide.1327,"['106.7784', '34.4583']",Qingshui River watershed,Spot
1000,landslide/landslide.1328,landslide.1328,"rgb(154, 255, 255)",landslide.landslide.1328,"['108.6314', '21.9163']",Qinzhou,Spot
1000,landslide/landslide.1329,landslide.1329,"rgb(154, 255, 255)",landslide.landslide.1329,"['88.3393', '29.2089']",QTP,Spot
1000,landslide/landslide.1330,landslide.1330,"rgb(154, 255, 255)",landslide.landslide.1330,"['108.5745', '14.9533']",Quang Nam,Spot
1000,landslide/landslide.1331,landslide.1331,"rgb(154, 255, 255)",landslide.landslide.1331,"['107.3453', '21.1069']",Quang Ninh province,Spot
1000,landslide/landslide.1332,landslide.1332,"rgb(154, 255, 255)",landslide.landslide.1332,"['118.5858', '24.8799']",Quanzhou district,Spot
1000,landslide/landslide.1333,landslide.1333,"rgb(154, 255, 255)",landslide.landslide.1333,"['43.1688', '22.5167']",Quitandinha river basin region in the municipality of Petr polis,Spot
1000,landslide/landslide.1334,landslide.1334,"rgb(154, 255, 255)",landslide.landslide.1334,"['78.4678', '0.1807']",Quito,Spot
1000,landslide/landslide.1335,landslide.1335,"rgb(154, 255, 255)",landslide.landslide.1335,"['1.5033', '53.2911']",railway test site located in northern England,Spot
1000,landslide/landslide.1336,landslide.1336,"rgb(154, 255, 255)",landslide.landslide.1336,"['0.0', '0.0']",Rainfall,Spot
1000,landslide/landslide.1337,landslide.1337,"rgb(154, 255, 255)",landslide.landslide.1337,"['79.6055', '29.5812']",Ramganga catchment,Spot
1000,landslide/landslide.1338,landslide.1338,"rgb(154, 255, 255)",landslide.landslide.1338,"['92.3165', '22.6066']",Rangamati District,Spot
1000,landslide/landslide.1339,landslide.1339,"rgb(154, 255, 255)",landslide.landslide.1339,"['92.3165', '22.6066']",Rangamati district in Bangladesh,Spot
1000,landslide/landslide.1340,landslide.1340,"rgb(154, 255, 255)",landslide.landslide.1340,"['92.3165', '22.6066']",Rangamati municipality of Rangamati district,Spot
1000,landslide/landslide.1341,landslide.1341,"rgb(154, 255, 255)",landslide.landslide.1341,"['88.6348', '27.6305']",Rangpo River Basin,Spot
1000,landslide/landslide.1342,landslide.1342,"rgb(154, 255, 255)",landslide.landslide.1342,"['80.5300', '6.7051']",Ratnapura District,Spot
1000,landslide/landslide.1343,landslide.1343,"rgb(154, 255, 255)",landslide.landslide.1343,"['72.6834', '31.7480']",Ravi river catchment,Spot
1000,landslide/landslide.1344,landslide.1344,"rgb(154, 255, 255)",landslide.landslide.1344,"['15.5504', '38.1147']",Reggio Calabria metropolitan,Spot
1000,landslide/landslide.1345,landslide.1345,"rgb(154, 255, 255)",landslide.landslide.1345,"['16.1542', '45.1000']",Republic of Croatia,Spot
1000,landslide/landslide.1346,landslide.1346,"rgb(154, 255, 255)",landslide.landslide.1346,"['86.0411', '40.0336']",reservoir in Xinjiang,Spot
1000,landslide/landslide.1347,landslide.1347,"rgb(154, 255, 255)",landslide.landslide.1347,"['110.9773', '30.8241']",reservoir region of the Three Gorges project,Spot
1000,landslide/landslide.1348,landslide.1348,"rgb(154, 255, 255)",landslide.landslide.1348,"['118.0', '31.0']",Residential quarters along two flanks of the Yangtze River,Spot
1000,landslide/landslide.1349,landslide.1349,"rgb(154, 255, 255)",landslide.landslide.1349,"['8.0416', '49.8519']",Rheinhessen cuesta,Spot
1000,landslide/landslide.1350,landslide.1350,"rgb(154, 255, 255)",landslide.landslide.1350,"['25.6099', '37.8215']",Ribeira Grande,Spot
1000,landslide/landslide.1351,landslide.1351,"rgb(154, 255, 255)",landslide.landslide.1351,"['5.9142', '34.9904']",Rif,Spot
1000,landslide/landslide.1352,landslide.1352,"rgb(154, 255, 255)",landslide.landslide.1352,"['89.2059', '27.5221']",Rinchending Goenpa,Spot
1000,landslide/landslide.1353,landslide.1353,"rgb(154, 255, 255)",landslide.landslide.1353,"['-43.2', '-22.9']",Rio de Janeiro,Spot
1000,landslide/landslide.1354,landslide.1354,"rgb(154, 255, 255)",landslide.landslide.1354,"['43.1729', '22.9068']",Rio de Janeiro city,Spot
1000,landslide/landslide.1355,landslide.1355,"rgb(154, 255, 255)",landslide.landslide.1355,"['97.2633', '18.8397']",Rio El Estado watershed on the southwestern flank of Pico de Orizaba volcano,Spot
1000,landslide/landslide.1356,landslide.1356,"rgb(154, 255, 255)",landslide.landslide.1356,"['35.2094', '5.7945']",Rio Grande do Norte state,Spot
1000,landslide/landslide.1357,landslide.1357,"rgb(154, 255, 255)",landslide.landslide.1357,"['102.3516', '6.1257']",river basin of Kelantan,Spot
1000,landslide/landslide.1358,landslide.1358,"rgb(154, 255, 255)",landslide.landslide.1358,"['77.0902', '0.2551']",River Coca,Spot
1000,landslide/landslide.1359,landslide.1359,"rgb(154, 255, 255)",landslide.landslide.1359,"['40.5219', '41.0201']",Rize,Spot
1000,landslide/landslide.1360,landslide.1360,"rgb(154, 255, 255)",landslide.landslide.1360,"['40.8111', '41.1512']",Rize province,Spot
1000,landslide/landslide.1361,landslide.1361,"rgb(154, 255, 255)",landslide.landslide.1361,"['101.8211', '3.0024']",RM,Spot
1000,landslide/landslide.1362,landslide.1362,"rgb(154, 255, 255)",landslide.landslide.1362,"['100.2086', '5.4369']",road in Tun - Sardon area of Penang Island,Spot
1000,landslide/landslide.1363,landslide.1363,"rgb(154, 255, 255)",landslide.landslide.1363,"['7.3998', '31.6258']",road section connecting Marrakech and Ouarzazate,Spot
1000,landslide/landslide.1364,landslide.1364,"rgb(154, 255, 255)",landslide.landslide.1364,"['74.3156', '34.4194']",road section of Neelum Highway,Spot
1000,landslide/landslide.1365,landslide.1365,"rgb(154, 255, 255)",landslide.landslide.1365,"['78.4268', '30.7324']",road stretch in Uttarkashi district of the Uttarakhand State,Spot
1000,landslide/landslide.1366,landslide.1366,"rgb(154, 255, 255)",landslide.landslide.1366,"['0.0', '0.0']",Roads,Spot
1000,landslide/landslide.1367,landslide.1367,"rgb(154, 255, 255)",landslide.landslide.1367,"['15.1019', '38.1291']",Roccella torrent,Spot
1000,landslide/landslide.1368,landslide.1368,"rgb(154, 255, 255)",landslide.landslide.1368,"['14.8898', '37.9025']",Roccella Valdemone,Spot
1000,landslide/landslide.1369,landslide.1369,"rgb(154, 255, 255)",landslide.landslide.1369,"['12.6836', '42.0282']",rock slope located in central Italy,Spot
1000,landslide/landslide.1370,landslide.1370,"rgb(154, 255, 255)",landslide.landslide.1370,"['50.6253', '29.3092']",Rolante river basin,Spot
1000,landslide/landslide.1371,landslide.1371,"rgb(154, 255, 255)",landslide.landslide.1371,"['24.9668', '45.9432']",Romania,Spot
1000,landslide/landslide.1372,landslide.1372,"rgb(154, 255, 255)",landslide.landslide.1372,"['24.0', '45.0']",Romanian,Spot
1000,landslide/landslide.1373,landslide.1373,"rgb(154, 255, 255)",landslide.landslide.1373,"['12.4964', '41.9028']",Rome,Spot
1000,landslide/landslide.1374,landslide.1374,"rgb(154, 255, 255)",landslide.landslide.1374,"['88.5515', '27.3398']",Rorachu river basin,Spot
1000,landslide/landslide.1375,landslide.1375,"rgb(154, 255, 255)",landslide.landslide.1375,"['88.4667', '27.3333']",Rorachu river basin of eastern Sikkim Himalaya,Spot
1000,landslide/landslide.1376,landslide.1376,"rgb(154, 255, 255)",landslide.landslide.1376,"['50.3087', '36.2054']",Roudbar,Spot
1000,landslide/landslide.1377,landslide.1377,"rgb(154, 255, 255)",landslide.landslide.1377,"['51.3431', '36.5133']",Roudbar - Manjil,Spot
1000,landslide/landslide.1378,landslide.1378,"rgb(154, 255, 255)",landslide.landslide.1378,"['79.3175', '30.3039']",Rudraprayag district,Spot
1000,landslide/landslide.1379,landslide.1379,"rgb(154, 255, 255)",landslide.landslide.1379,"['79.3175', '30.3039']",Rudraprayag district of Garhwal Himalaya,Spot
1000,landslide/landslide.1380,landslide.1380,"rgb(154, 255, 255)",landslide.landslide.1380,"['79.3175', '30.3039']",Rudraprayag district of Uttarakhand state,Spot
1000,landslide/landslide.1381,landslide.1381,"rgb(154, 255, 255)",landslide.landslide.1381,"['79.3175', '30.3039']",Rudraprayag in Garhwal Himalayan,Spot
1000,landslide/landslide.1382,landslide.1382,"rgb(154, 255, 255)",landslide.landslide.1382,"['75.6', '35.3']",Rugged mountainous terrain of Shigar and Shyok Basins in northern areas of Pakistan,Spot
1000,landslide/landslide.1383,landslide.1383,"rgb(154, 255, 255)",landslide.landslide.1383,"['74.5', '35.0']",Rugged terrain of northern Pakistan,Spot
1000,landslide/landslide.1384,landslide.1384,"rgb(154, 255, 255)",landslide.landslide.1384,"['116.0167', '25.8833']",Ruijin,Spot
1000,landslide/landslide.1385,landslide.1385,"rgb(154, 255, 255)",landslide.landslide.1385,"['116.0167', '25.8833']",Ruijin City,Spot
1000,landslide/landslide.1386,landslide.1386,"rgb(154, 255, 255)",landslide.landslide.1386,"['116.0', '25.5']",Ruijin City in China,Spot
1000,landslide/landslide.1387,landslide.1387,"rgb(154, 255, 255)",landslide.landslide.1387,"['116.0167', '25.8833']",Ruijin County of China,Spot
1000,landslide/landslide.1388,landslide.1388,"rgb(154, 255, 255)",landslide.landslide.1388,"['34.8671', '-11.0175']",Rumphi district of northern Malawi,Spot
1000,landslide/landslide.1389,landslide.1389,"rgb(154, 255, 255)",landslide.landslide.1389,"['21.7083', '52.5538']",Rutki,Spot
1000,landslide/landslide.1390,landslide.1390,"rgb(154, 255, 255)",landslide.landslide.1390,"['29.8739', '-1.9403']",Rwanda,Spot
1000,landslide/landslide.1391,landslide.1391,"rgb(154, 255, 255)",landslide.landslide.1391,"['29.88', '0.383']",Rwenzori Mountains,Spot
1000,landslide/landslide.1392,landslide.1392,"rgb(154, 255, 255)",landslide.landslide.1392,"['25.583', '37.7667']",S. Miguel Island,Spot
1000,landslide/landslide.1393,landslide.1393,"rgb(154, 255, 255)",landslide.landslide.1393,"['103.8451', '22.3364']",Sa Pa district,Spot
1000,landslide/landslide.1394,landslide.1394,"rgb(154, 255, 255)",landslide.landslide.1394,"['116.1094', '5.9788']",Sabah,Spot
1000,landslide/landslide.1395,landslide.1395,"rgb(154, 255, 255)",landslide.landslide.1395,"['128.0566', '34.5586']",Sacheon - myeon area of South Korea,Spot
1000,landslide/landslide.1396,landslide.1396,"rgb(154, 255, 255)",landslide.landslide.1396,"['44.5181', '36.4766']",Sairi villages,Spot
1000,landslide/landslide.1397,landslide.1397,"rgb(154, 255, 255)",landslide.landslide.1397,"['51.7334', '30.7313']",Sajarood basin,Spot
1000,landslide/landslide.1398,landslide.1398,"rgb(154, 255, 255)",landslide.landslide.1398,"['51.7167', '30.5000']",Sajaroud,Spot
1000,landslide/landslide.1399,landslide.1399,"rgb(154, 255, 255)",landslide.landslide.1399,"['78.1528', '11.6622']",Salem district,Spot
1000,landslide/landslide.1400,landslide.1400,"rgb(154, 255, 255)",landslide.landslide.1400,"['35.1717', '31.5016']",Salhoub and Gaza camp,Spot
1000,landslide/landslide.1401,landslide.1401,"rgb(154, 255, 255)",landslide.landslide.1401,"['91.8296', '27.2583']",Samdrup Jongkhar - Trashigang highway in eastern Bhutan,Spot
1000,landslide/landslide.1402,landslide.1402,"rgb(154, 255, 255)",landslide.landslide.1402,"['55.0150', '9.9807']",San Carlos,Spot
1000,landslide/landslide.1403,landslide.1403,"rgb(154, 255, 255)",landslide.landslide.1403,"['122.4194', '37.7749']",San Francisco Bay,Spot
1000,landslide/landslide.1404,landslide.1404,"rgb(154, 255, 255)",landslide.landslide.1404,"['88.2506', '13.4848']",San Miguel,Spot
1000,landslide/landslide.1405,landslide.1405,"rgb(154, 255, 255)",landslide.landslide.1405,"['77.7910', '0.3368']",San Rafael waterfall in Northeast Ecuador,Spot
1000,landslide/landslide.1406,landslide.1406,"rgb(154, 255, 255)",landslide.landslide.1406,"['120.9515', '37.5841']",San Ramon Ravine,Spot
1000,landslide/landslide.1407,landslide.1407,"rgb(154, 255, 255)",landslide.landslide.1407,"['89.1913', '13.6929']",San Salvador,Spot
1000,landslide/landslide.1408,landslide.1408,"rgb(154, 255, 255)",landslide.landslide.1408,"['121.1276', '13.5901']",San Vicente Volcanoes,Spot
1000,landslide/landslide.1409,landslide.1409,"rgb(154, 255, 255)",landslide.landslide.1409,"['128.1586', '36.4154']",Sangju,Spot
1000,landslide/landslide.1410,landslide.1410,"rgb(154, 255, 255)",landslide.landslide.1410,"['47.2060', '33.2332']",Sangtarashan watershed,Spot
1000,landslide/landslide.1411,landslide.1411,"rgb(154, 255, 255)",landslide.landslide.1411,"['70.6483', '33.4489']",Santiago,Spot
1000,landslide/landslide.1412,landslide.1412,"rgb(154, 255, 255)",landslide.landslide.1412,"['53.3588', '36.5633']",Sari - Kiasar watershed,Spot
1000,landslide/landslide.1413,landslide.1413,"rgb(154, 255, 255)",landslide.landslide.1413,"['54.5', '27.5']",Sarkhoon watershed,Spot
1000,landslide/landslide.1414,landslide.1414,"rgb(154, 255, 255)",landslide.landslide.1414,"['77.3', '30.6']",Sataun in the Sirmur district of Himachal Pradesh,Spot
1000,landslide/landslide.1415,landslide.1415,"rgb(154, 255, 255)",landslide.landslide.1415,"['32.5', '41.3']",Satuk village in the Yenice district of the province of Karabuk in the Western Black Sea,Spot
1000,landslide/landslide.1416,landslide.1416,"rgb(154, 255, 255)",landslide.landslide.1416,"['45.0792', '23.8859']",Saudi Arabia,Spot
1000,landslide/landslide.1417,landslide.1417,"rgb(154, 255, 255)",landslide.landslide.1417,"['41.5', '41.5']",Savsat city,Spot
1000,landslide/landslide.1418,landslide.1418,"rgb(154, 255, 255)",landslide.landslide.1418,"['-2.0', '37.5']",SE Spain,Spot
1000,landslide/landslide.1419,landslide.1419,"rgb(154, 255, 255)",landslide.landslide.1419,"['100.0', '10.0']",SEA,Spot
1000,landslide/landslide.1420,landslide.1420,"rgb(154, 255, 255)",landslide.landslide.1420,"['-122.3', '47.6']",Seattle,Spot
1000,landslide/landslide.1421,landslide.1421,"rgb(154, 255, 255)",landslide.landslide.1421,"['101.6', '3.0']",Selangor,Spot
1000,landslide/landslide.1422,landslide.1422,"rgb(154, 255, 255)",landslide.landslide.1422,"['14.7', '37.5']",Selinous River drainage basin,Spot
1000,landslide/landslide.1423,landslide.1423,"rgb(154, 255, 255)",landslide.landslide.1423,"['128.6', '38.2']",Seorak Mountain in Korea,Spot
1000,landslide/landslide.1424,landslide.1424,"rgb(154, 255, 255)",landslide.landslide.1424,"['126.9', '37.5']",Seoul metropolitan and southern coastal,Spot
1000,landslide/landslide.1425,landslide.1425,"rgb(154, 255, 255)",landslide.landslide.1425,"['53.5', '35.4']",Sephidargole area in Semnan province,Spot
1000,landslide/landslide.1426,landslide.1426,"rgb(154, 255, 255)",landslide.landslide.1426,"['21.0', '44.0']",Serbia,Spot
1000,landslide/landslide.1427,landslide.1427,"rgb(154, 255, 255)",landslide.landslide.1427,"['93.2', '23.3']",Serchhip,Spot
1000,landslide/landslide.1428,landslide.1428,"rgb(154, 255, 255)",landslide.landslide.1428,"['93.2', '23.3']",Serchhip township,Spot
1000,landslide/landslide.1429,landslide.1429,"rgb(154, 255, 255)",landslide.landslide.1429,"['-50.3', '-27.0']",Serra Geral,Spot
1000,landslide/landslide.1430,landslide.1430,"rgb(154, 255, 255)",landslide.landslide.1430,"['0.0', '0.0']",SH37,Spot
1000,landslide/landslide.1431,landslide.1431,"rgb(154, 255, 255)",landslide.landslide.1431,"['108.0', '34.0']",Shaanxi,Spot
1000,landslide/landslide.1432,landslide.1432,"rgb(154, 255, 255)",landslide.landslide.1432,"['108.0', '34.0']",Shaanxi Province,Spot
1000,landslide/landslide.1433,landslide.1433,"rgb(154, 255, 255)",landslide.landslide.1433,"['107.2903', '33.8683']","Shaanxi Province, China",Spot
1000,landslide/landslide.1434,landslide.1434,"rgb(154, 255, 255)",landslide.landslide.1434,"['113.4967', '34.0761']",Shangge,Spot
1000,landslide/landslide.1435,landslide.1435,"rgb(154, 255, 255)",landslide.landslide.1435,"['110.0139', '33.3467']",Shangnan County,Spot
1000,landslide/landslide.1436,landslide.1436,"rgb(154, 255, 255)",landslide.landslide.1436,"['112.2126', '33.8733']",Shangzhou District,Spot
1000,landslide/landslide.1437,landslide.1437,"rgb(154, 255, 255)",landslide.landslide.1437,"['112.2126', '33.8733']",Shangzhou District of Shangluo City,Spot
1000,landslide/landslide.1438,landslide.1438,"rgb(154, 255, 255)",landslide.landslide.1438,"['112.7838', '35.4719']",Shan'xi Province,Spot
1000,landslide/landslide.1439,landslide.1439,"rgb(154, 255, 255)",landslide.landslide.1439,"['120.9512', '24.5148']",Shei - Pa National Park in Taiwan,Spot
1000,landslide/landslide.1440,landslide.1440,"rgb(154, 255, 255)",landslide.landslide.1440,"['120.9512', '24.5148']",Shei Pa National Park,Spot
1000,landslide/landslide.1441,landslide.1441,"rgb(154, 255, 255)",landslide.landslide.1441,"['110.5863', '31.4570']",Shennongjia Forestry District,Spot
1000,landslide/landslide.1442,landslide.1442,"rgb(154, 255, 255)",landslide.landslide.1442,"['114.0545', '22.5431']",Shenzhen,Spot
1000,landslide/landslide.1443,landslide.1443,"rgb(154, 255, 255)",landslide.landslide.1443,"['114.0545', '22.5431']",Shenzhen city,Spot
1000,landslide/landslide.1444,landslide.1444,"rgb(154, 255, 255)",landslide.landslide.1444,"['118.8163', '29.7956']",Shexian,Spot
1000,landslide/landslide.1445,landslide.1445,"rgb(154, 255, 255)",landslide.landslide.1445,"['119.1823', '29.1935']",Shexian County,Spot
1000,landslide/landslide.1446,landslide.1446,"rgb(154, 255, 255)",landslide.landslide.1446,"['116.3635', '27.4220']",Shicheng County,Spot
1000,landslide/landslide.1447,landslide.1447,"rgb(154, 255, 255)",landslide.landslide.1447,"['116.3635', '27.4220']",Shicheng County in Jiangxi Province of China,Spot
1000,landslide/landslide.1448,landslide.1448,"rgb(154, 255, 255)",landslide.landslide.1448,"['121.3069', '24.8257']",Shihmen watershed,Spot
1000,landslide/landslide.1449,landslide.1449,"rgb(154, 255, 255)",landslide.landslide.1449,"['111.6634', '28.7245']",Shiliushubao,Spot
1000,landslide/landslide.1450,landslide.1450,"rgb(154, 255, 255)",landslide.landslide.1450,"['91.8825', '25.6180']",Shillong Plateau in the North Eastern Region of India,Spot
1000,landslide/landslide.1451,landslide.1451,"rgb(154, 255, 255)",landslide.landslide.1451,"['117.2174', '31.6892']",Shilongmen reservoir,Spot
1000,landslide/landslide.1452,landslide.1452,"rgb(154, 255, 255)",landslide.landslide.1452,"['77.1734', '31.1048']",Shimla,Spot
1000,landslide/landslide.1453,landslide.1453,"rgb(154, 255, 255)",landslide.landslide.1453,"['87.2183', '27.6655']",Shiv - khola watershed,Spot
1000,landslide/landslide.1454,landslide.1454,"rgb(154, 255, 255)",landslide.landslide.1454,"['87.2183', '27.6655']",Shivkhola Watershed,Spot
1000,landslide/landslide.1455,landslide.1455,"rgb(154, 255, 255)",landslide.landslide.1455,"['106.4923', '29.8343']",Shiwangmiao,Spot
1000,landslide/landslide.1456,landslide.1456,"rgb(154, 255, 255)",landslide.landslide.1456,"['108.5447', '30.0328']",Shizhu,Spot
1000,landslide/landslide.1457,landslide.1457,"rgb(154, 255, 255)",landslide.landslide.1457,"['138.3121', '34.8049']",Shizuoka County,Spot
1000,landslide/landslide.1458,landslide.1458,"rgb(154, 255, 255)",landslide.landslide.1458,"['77.9871', '8.6940']",Sholaikkadu at the top,Spot
1000,landslide/landslide.1459,landslide.1459,"rgb(154, 255, 255)",landslide.landslide.1459,"['99.8244', '24.7031']",Shuangbai County,Spot
1000,landslide/landslide.1460,landslide.1460,"rgb(154, 255, 255)",landslide.landslide.1460,"['111.0828', '28.2830']",Shuangshi town and Longmen town of Lushan county,Spot
1000,landslide/landslide.1461,landslide.1461,"rgb(154, 255, 255)",landslide.landslide.1461,"['104.9531', '27.7569']",Shuicheng County,Spot
1000,landslide/landslide.1462,landslide.1462,"rgb(154, 255, 255)",landslide.landslide.1462,"['105.3083', '32.2863']",Shunxi segment of Zhongwu gas pipeline in Zhong County,Spot
1000,landslide/landslide.1463,landslide.1463,"rgb(154, 255, 255)",landslide.landslide.1463,"['101.3150', '30.2570']",Sichuan - Tibet Engineering Corridor,Spot
1000,landslide/landslide.1464,landslide.1464,"rgb(154, 255, 255)",landslide.landslide.1464,"['102.0756', '29.7470']",Sichuan - Tibet Highway,Spot
1000,landslide/landslide.1465,landslide.1465,"rgb(154, 255, 255)",landslide.landslide.1465,"['103.4284', '30.3824']",Sichuan - Tibet Railway,Spot
1000,landslide/landslide.1466,landslide.1466,"rgb(154, 255, 255)",landslide.landslide.1466,"['102.0756', '29.7470']",Sichuan - Tibet transportation corridor,Spot
1000,landslide/landslide.1467,landslide.1467,"rgb(154, 255, 255)",landslide.landslide.1467,"['101.3431', '24.4752']",Sichuan Plain to the Qinghai Tibet Plateau,Spot
1000,landslide/landslide.1468,landslide.1468,"rgb(154, 255, 255)",landslide.landslide.1468,"['102.7103', '30.6516']",Sichuan Province of China,Spot
1000,landslide/landslide.1469,landslide.1469,"rgb(154, 255, 255)",landslide.landslide.1469,"['13.3594', '37.5991']",Sicilian territory,Spot
1000,landslide/landslide.1470,landslide.1470,"rgb(154, 255, 255)",landslide.landslide.1470,"['14.0154', '37.6009']",Sicily,Spot
1000,landslide/landslide.1471,landslide.1471,"rgb(154, 255, 255)",landslide.landslide.1471,"['6.9556', '33.9629']",Sidi Abdellah,Spot
1000,landslide/landslide.1472,landslide.1472,"rgb(154, 255, 255)",landslide.landslide.1472,"['117.9111', '14.7690']",Sierra - Costa,Spot
1000,landslide/landslide.1473,landslide.1473,"rgb(154, 255, 255)",landslide.landslide.1473,"['-102.4207', '18.7751']",Sierra - Costa region in the southwestern part of the Michoacan state,Spot
1000,landslide/landslide.1474,landslide.1474,"rgb(154, 255, 255)",landslide.landslide.1474,"['-11.8439', '8.4606']",Sierra Leone,Spot
1000,landslide/landslide.1475,landslide.1475,"rgb(154, 255, 255)",landslide.landslide.1475,"['-97.4065', '19.8620']",Sierra Norte de Puebla,Spot
1000,landslide/landslide.1476,landslide.1476,"rgb(154, 255, 255)",landslide.landslide.1476,"['88.5122', '27.5330']",Sikkim,Spot
1000,landslide/landslide.1477,landslide.1477,"rgb(154, 255, 255)",landslide.landslide.1477,"['88.6198', '27.6252']",Sikkim Himalaya,Spot
1000,landslide/landslide.1478,landslide.1478,"rgb(154, 255, 255)",landslide.landslide.1478,"['88.5122', '27.5330']",Sikkim State of India,Spot
1000,landslide/landslide.1479,landslide.1479,"rgb(154, 255, 255)",landslide.landslide.1479,"['103.1409', '22.1362']",Sin Ho district,Spot
1000,landslide/landslide.1480,landslide.1480,"rgb(154, 255, 255)",landslide.landslide.1480,"['108.1914', '28.8477']",Sinan County of Guizhou Province in China,Spot
1000,landslide/landslide.1481,landslide.1481,"rgb(154, 255, 255)",landslide.landslide.1481,"['85.4884', '27.9635']",Sindhupalchowk District,Spot
1000,landslide/landslide.1482,landslide.1482,"rgb(154, 255, 255)",landslide.landslide.1482,"['121.1833', '7.7444']",Singgahan,Spot
1000,landslide/landslide.1483,landslide.1483,"rgb(154, 255, 255)",landslide.landslide.1483,"['34.8681', '42.0226']",Sinop,Spot
1000,landslide/landslide.1484,landslide.1484,"rgb(154, 255, 255)",landslide.landslide.1484,"['34.8681', '42.0226']",Sinop province of the Black Sea region of Turkey,Spot
1000,landslide/landslide.1485,landslide.1485,"rgb(154, 255, 255)",landslide.landslide.1485,"['16.3752', '45.3907']",Sisak - Moslavina County in Croatia,Spot
1000,landslide/landslide.1486,landslide.1486,"rgb(154, 255, 255)",landslide.landslide.1486,"['37.9763', '39.7392']",Sivas,Spot
1000,landslide/landslide.1487,landslide.1487,"rgb(154, 255, 255)",landslide.landslide.1487,"['78.2089', '30.8313']","Siwalik , the Lesser and the Great Himalayan ranges",Spot
1000,landslide/landslide.1488,landslide.1488,"rgb(154, 255, 255)",landslide.landslide.1488,"['77.7128', '29.9206']",Siwalik Hills,Spot
1000,landslide/landslide.1489,landslide.1489,"rgb(154, 255, 255)",landslide.landslide.1489,"['78.5398', '29.9422']",Siwalik zone of Nepal Himalaya,Spot
1000,landslide/landslide.1490,landslide.1490,"rgb(154, 255, 255)",landslide.landslide.1490,"['77.7128', '29.9206']",Siwaliks,Spot
1000,landslide/landslide.1491,landslide.1491,"rgb(154, 255, 255)",landslide.landslide.1491,"['-47.8825', '-15.7942']",SJP,Spot
1000,landslide/landslide.1492,landslide.1492,"rgb(154, 255, 255)",landslide.landslide.1492,"['-19.6347', '65.8181']",Skagafjorour,Spot
1000,landslide/landslide.1493,landslide.1493,"rgb(154, 255, 255)",landslide.landslide.1493,"['0.0', '0.0']",Slope,Spot
1000,landslide/landslide.1494,landslide.1494,"rgb(154, 255, 255)",landslide.landslide.1494,"['0.0', '0.0']",Slope angle,Spot
1000,landslide/landslide.1495,landslide.1495,"rgb(154, 255, 255)",landslide.landslide.1495,"['19.6990', '48.6690']",Slovakia,Spot
1000,landslide/landslide.1496,landslide.1496,"rgb(154, 255, 255)",landslide.landslide.1496,"['110.8190', '-7.6360']",Solo,Spot
1000,landslide/landslide.1497,landslide.1497,"rgb(154, 255, 255)",landslide.landslide.1497,"['104.1313', '21.1254']",Son La hydropower reservoir basin,Spot
1000,landslide/landslide.1498,landslide.1498,"rgb(154, 255, 255)",landslide.landslide.1498,"['113.8366', '33.0433']",Songkou,Spot
1000,landslide/landslide.1499,landslide.1499,"rgb(154, 255, 255)",landslide.landslide.1499,"['119.2104', '28.4465']",Songyang County,Spot
1000,landslide/landslide.1500,landslide.1500,"rgb(154, 255, 255)",landslide.landslide.1500,"['75.2875', '34.3141']",Sonmarg,Spot
1000,landslide/landslide.1501,landslide.1501,"rgb(154, 255, 255)",landslide.landslide.1501,"['18.5560', '54.4416']",Sopot,Spot
1000,landslide/landslide.1502,landslide.1502,"rgb(154, 255, 255)",landslide.landslide.1502,"['50.5409', '32.6050']",Sorkhab basin,Spot
1000,landslide/landslide.1503,landslide.1503,"rgb(154, 255, 255)",landslide.landslide.1503,"['7.9465', '36.2864']",Souk Ahras,Spot
1000,landslide/landslide.1504,landslide.1504,"rgb(154, 255, 255)",landslide.landslide.1504,"['7.9325', '36.2507']",Souk Ahras province,Spot
1000,landslide/landslide.1505,landslide.1505,"rgb(154, 255, 255)",landslide.landslide.1505,"['0.0000', '0.0000']",south,Spot
1000,landslide/landslide.1506,landslide.1506,"rgb(154, 255, 255)",landslide.landslide.1506,"['78.9629', '20.5937']",south - Asia,Spot
1000,landslide/landslide.1507,landslide.1507,"rgb(154, 255, 255)",landslide.landslide.1507,"['78.9629', '20.5937']",South - Asian,Spot
1000,landslide/landslide.1508,landslide.1508,"rgb(154, 255, 255)",landslide.landslide.1508,"['14.0544', '46.9754']",south - eastern Alps,Spot
1000,landslide/landslide.1509,landslide.1509,"rgb(154, 255, 255)",landslide.landslide.1509,"['3.1623', '45.8855']",south - eastern French Massif central,Spot
1000,landslide/landslide.1510,landslide.1510,"rgb(154, 255, 255)",landslide.landslide.1510,"['88.5122', '27.5330']",south - eastern part of the Sikkim state in India,Spot
1000,landslide/landslide.1511,landslide.1511,"rgb(154, 255, 255)",landslide.landslide.1511,"['48.5293', '30.3753']",south - western Iran,Spot
1000,landslide/landslide.1512,landslide.1512,"rgb(154, 255, 255)",landslide.landslide.1512,"['19.3000', '42.5000']",south - western part of Montenegro,Spot
1000,landslide/landslide.1513,landslide.1513,"rgb(154, 255, 255)",landslide.landslide.1513,"['28.0473', '26.2041']",South Africa,Spot
1000,landslide/landslide.1514,landslide.1514,"rgb(154, 255, 255)",landslide.landslide.1514,"['27.4426', '38.4192']",south and north parts of the Izmir Bay,Spot
1000,landslide/landslide.1515,landslide.1515,"rgb(154, 255, 255)",landslide.landslide.1515,"['113.7633', '23.6978']",South China,Spot
1000,landslide/landslide.1516,landslide.1516,"rgb(154, 255, 255)",landslide.landslide.1516,"['21.8243', '37.9838']",South Greece,Spot
1000,landslide/landslide.1517,landslide.1517,"rgb(154, 255, 255)",landslide.landslide.1517,"['78.9629', '20.5937']",South India,Spot
1000,landslide/landslide.1518,landslide.1518,"rgb(154, 255, 255)",landslide.landslide.1518,"['15.2551', '37.7749']",south Italy,Spot
1000,landslide/landslide.1519,landslide.1519,"rgb(154, 255, 255)",landslide.landslide.1519,"['127.7669', '35.9078']",South Korea,Spot
1000,landslide/landslide.1520,landslide.1520,"rgb(154, 255, 255)",landslide.landslide.1520,"['126.9770', '37.5665']",south of Seoul,Spot
1000,landslide/landslide.1521,landslide.1521,"rgb(154, 255, 255)",landslide.landslide.1521,"['113.0547', '36.7433']",south of Songkou Town,Spot
1000,landslide/landslide.1522,landslide.1522,"rgb(154, 255, 255)",landslide.landslide.1522,"['119.4120', '32.7702']",south of Yangtze River,Spot
1000,landslide/landslide.1523,landslide.1523,"rgb(154, 255, 255)",landslide.landslide.1523,"['88.6100', '27.5330']",South Sikkim,Spot
1000,landslide/landslide.1524,landslide.1524,"rgb(154, 255, 255)",landslide.landslide.1524,"['33.9782', '28.5562']",South Sinai,Spot
1000,landslide/landslide.1525,landslide.1525,"rgb(154, 255, 255)",landslide.landslide.1525,"['120.9605', '23.6978']",South Taiwan,Spot
1000,landslide/landslide.1526,landslide.1526,"rgb(154, 255, 255)",landslide.landslide.1526,"['11.3531', '46.6166']",South Tyrol,Spot
1000,landslide/landslide.1527,landslide.1527,"rgb(154, 255, 255)",landslide.landslide.1527,"['105.3188', '4.2105']",Southeast Asia,Spot
1000,landslide/landslide.1528,landslide.1528,"rgb(154, 255, 255)",landslide.landslide.1528,"['117.9249', '23.7777']",southeast coastal areas of China,Spot
1000,landslide/landslide.1529,landslide.1529,"rgb(154, 255, 255)",landslide.landslide.1529,"['115.6074', '25.2582']",southeast coastal mountainous area of China,Spot
1000,landslide/landslide.1530,landslide.1530,"rgb(154, 255, 255)",landslide.landslide.1530,"['8.6753', '9.0820']",Southeast Nigeria,Spot
1000,landslide/landslide.1531,landslide.1531,"rgb(154, 255, 255)",landslide.landslide.1531,"['48.5126', '10.7808']",southeast of Brazil,Spot
1000,landslide/landslide.1532,landslide.1532,"rgb(154, 255, 255)",landslide.landslide.1532,"['120.3086', '36.4106']",Southeast of Dayang Town and Baiyun Town,Spot
1000,landslide/landslide.1533,landslide.1533,"rgb(154, 255, 255)",landslide.landslide.1533,"['39.9334', '37.0902']",southeast of Turkey,Spot
1000,landslide/landslide.1534,landslide.1534,"rgb(154, 255, 255)",landslide.landslide.1534,"['12.4964', '47.5162']",southeastern Alpine forelands,Spot
1000,landslide/landslide.1535,landslide.1535,"rgb(154, 255, 255)",landslide.landslide.1535,"['113.7633', '23.3790']",southeastern China,Spot
1000,landslide/landslide.1536,landslide.1536,"rgb(154, 255, 255)",landslide.landslide.1536,"['104.2861', '34.4803']",southeastern Gansu,Spot
1000,landslide/landslide.1537,landslide.1537,"rgb(154, 255, 255)",landslide.landslide.1537,"['129.0024', '42.2151']",Southeastern Helong City,Spot
1000,landslide/landslide.1538,landslide.1538,"rgb(154, 255, 255)",landslide.landslide.1538,"['91.7669', '31.2989']",southeastern margins of the Tibetan Plateau,Spot
1000,landslide/landslide.1539,landslide.1539,"rgb(154, 255, 255)",landslide.landslide.1539,"['8.6753', '9.0820']",Southeastern Nigeria,Spot
1000,landslide/landslide.1540,landslide.1540,"rgb(154, 255, 255)",landslide.landslide.1540,"['46.6333', '23.5505']",southeastern region of Brazil,Spot
1000,landslide/landslide.1541,landslide.1541,"rgb(154, 255, 255)",landslide.landslide.1541,"['113.8916', '22.9762']",southeastern Wutong,Spot
1000,landslide/landslide.1542,landslide.1542,"rgb(154, 255, 255)",landslide.landslide.1542,"['13.0000', '42.5000']",southern and northern Apennines,Spot
1000,landslide/landslide.1543,landslide.1543,"rgb(154, 255, 255)",landslide.landslide.1543,"['117.2159', '30.5238']",southern Anhui,Spot
1000,landslide/landslide.1544,landslide.1544,"rgb(154, 255, 255)",landslide.landslide.1544,"['51.9253', '14.2350']",southern Brazil,Spot
1000,landslide/landslide.1545,landslide.1545,"rgb(154, 255, 255)",landslide.landslide.1545,"['16.6505', '38.9054']",southern Calabria,Spot
1000,landslide/landslide.1546,landslide.1546,"rgb(154, 255, 255)",landslide.landslide.1546,"['119.4179', '36.7783']",southern California,Spot
1000,landslide/landslide.1547,landslide.1547,"rgb(154, 255, 255)",landslide.landslide.1547,"['108.4251', '35.1398']",southern Chixi,Spot
1000,landslide/landslide.1548,landslide.1548,"rgb(154, 255, 255)",landslide.landslide.1548,"['73.0840', '4.5709']",southern Colombia,Spot
1000,landslide/landslide.1549,landslide.1549,"rgb(154, 255, 255)",landslide.landslide.1549,"['104.2861', '34.4803']",Southern Gansu,Spot
1000,landslide/landslide.1550,landslide.1550,"rgb(154, 255, 255)",landslide.landslide.1550,"['87.0599', '14.5844']",southern Honduras,Spot
1000,landslide/landslide.1551,landslide.1551,"rgb(154, 255, 255)",landslide.landslide.1551,"['15.2000', '41.8719']",southern Italy,Spot
1000,landslide/landslide.1552,landslide.1552,"rgb(154, 255, 255)",landslide.landslide.1552,"['108.5671', '33.9601']",Southern Jingyang Plateau,Spot
1000,landslide/landslide.1553,landslide.1553,"rgb(154, 255, 255)",landslide.landslide.1553,"['74.7661', '41.2044']",southern Kyrgyzstan,Spot
1000,landslide/landslide.1554,landslide.1554,"rgb(154, 255, 255)",landslide.landslide.1554,"['120.7697', '22.3235']",southern Laonong River watershed,Spot
1000,landslide/landslide.1555,landslide.1555,"rgb(154, 255, 255)",landslide.landslide.1555,"['125.0158', '10.2592']",Southern Leyte,Spot
1000,landslide/landslide.1556,landslide.1556,"rgb(154, 255, 255)",landslide.landslide.1556,"['76.6167', '11.4000']",southern Nilgiris Mountains,Spot
1000,landslide/landslide.1557,landslide.1557,"rgb(154, 255, 255)",landslide.landslide.1557,"['54.4342', '36.8369']",southern part of Golestan province,Spot
1000,landslide/landslide.1558,landslide.1558,"rgb(154, 255, 255)",landslide.landslide.1558,"['49.6838', '37.3628']",southern part of Guilan province,Spot
1000,landslide/landslide.1559,landslide.1559,"rgb(154, 255, 255)",landslide.landslide.1559,"['92.7474', '23.7099']",southern part of the Aizawl district,Spot
1000,landslide/landslide.1560,landslide.1560,"rgb(154, 255, 255)",landslide.landslide.1560,"['74.7661', '9.1900']",southern Peru,Spot
1000,landslide/landslide.1561,landslide.1561,"rgb(154, 255, 255)",landslide.landslide.1561,"['125.6848', '7.0644']",southern portion belonging to Davao City and Kitao - tao and Arakan Municipalities,Spot
1000,landslide/landslide.1562,landslide.1562,"rgb(154, 255, 255)",landslide.landslide.1562,"['71.2080', '48.8284']",southern Quebec,Spot
1000,landslide/landslide.1563,landslide.1563,"rgb(154, 255, 255)",landslide.landslide.1563,"['108.7759', '33.8563']",southern Shaanxi Province,Spot
1000,landslide/landslide.1564,landslide.1564,"rgb(154, 255, 255)",landslide.landslide.1564,"['15.2804', '38.1975']",southern slope of the Peloritani Mountains,Spot
1000,landslide/landslide.1565,landslide.1565,"rgb(154, 255, 255)",landslide.landslide.1565,"['120.9543', '23.6978']",southern Taiwan,Spot
1000,landslide/landslide.1566,landslide.1566,"rgb(154, 255, 255)",landslide.landslide.1566,"['77.2689', '10.8505']",southern Western Ghats,Spot
1000,landslide/landslide.1567,landslide.1567,"rgb(154, 255, 255)",landslide.landslide.1567,"['76.6944', '9.9312']",Southern Western Ghats in Kerala,Spot
1000,landslide/landslide.1568,landslide.1568,"rgb(154, 255, 255)",landslide.landslide.1568,"['77.6780', '10.8505']",southern WG,Spot
1000,landslide/landslide.1569,landslide.1569,"rgb(154, 255, 255)",landslide.landslide.1569,"['124.2216', '10.9446']",Southern Yangyang Province,Spot
1000,landslide/landslide.1570,landslide.1570,"rgb(154, 255, 255)",landslide.landslide.1570,"['50.0000', '31.0000']",southern Zagros Mountains,Spot
1000,landslide/landslide.1571,landslide.1571,"rgb(154, 255, 255)",landslide.landslide.1571,"['117.5852', '26.1536']",southwest mountainous watershed,Spot
1000,landslide/landslide.1572,landslide.1572,"rgb(154, 255, 255)",landslide.landslide.1572,"['103.9526', '29.5456']",southwest of China,Spot
1000,landslide/landslide.1573,landslide.1573,"rgb(154, 255, 255)",landslide.landslide.1573,"['13.0195', '58.5897']",southwest Sweden,Spot
1000,landslide/landslide.1574,landslide.1574,"rgb(154, 255, 255)",landslide.landslide.1574,"['83.8200', '28.5917']",southwestern Annapurna Range of the central Nepalese Himalaya,Spot
1000,landslide/landslide.1575,landslide.1575,"rgb(154, 255, 255)",landslide.landslide.1575,"['89.2903', '27.5142']",southwestern Bhutan,Spot
1000,landslide/landslide.1576,landslide.1576,"rgb(154, 255, 255)",landslide.landslide.1576,"['136.6705', '37.1504']",Southwestern Japan,Spot
1000,landslide/landslide.1577,landslide.1577,"rgb(154, 255, 255)",landslide.landslide.1577,"['89.6419', '27.1706']",southwestern part of the Bhutan Himalayas,Spot
1000,landslide/landslide.1578,landslide.1578,"rgb(154, 255, 255)",landslide.landslide.1578,"['103.1526', '28.3449']",Southwestern region of China,Spot
1000,landslide/landslide.1579,landslide.1579,"rgb(154, 255, 255)",landslide.landslide.1579,"['32.8742', '34.8226']",southwestern region of Cyprus,Spot
1000,landslide/landslide.1580,landslide.1580,"rgb(154, 255, 255)",landslide.landslide.1580,"['75.7139', '14.9716']",southwestern region of India in the state of Karnataka,Spot
1000,landslide/landslide.1581,landslide.1581,"rgb(154, 255, 255)",landslide.landslide.1581,"['3.7038', '40.4168']",Spain,Spot
1000,landslide/landslide.1582,landslide.1582,"rgb(154, 255, 255)",landslide.landslide.1582,"['22.9478', '39.1977']",Sperchios River basin,Spot
1000,landslide/landslide.1583,landslide.1583,"rgb(154, 255, 255)",landslide.landslide.1583,"['80.7718', '7.8731']",Sri Lanka,Spot
1000,landslide/landslide.1584,landslide.1584,"rgb(154, 255, 255)",landslide.landslide.1584,"['19.0958', '45.7106']",SS87 national road,Spot
1000,landslide/landslide.1585,landslide.1585,"rgb(154, 255, 255)",landslide.landslide.1585,"['7.1264', '45.8694']",St. Bernard,Spot
1000,landslide/landslide.1586,landslide.1586,"rgb(154, 255, 255)",landslide.landslide.1586,"['9.1702', '44.9815']",Staffora River basin,Spot
1000,landslide/landslide.1587,landslide.1587,"rgb(154, 255, 255)",landslide.landslide.1587,"['77.1623', '31.1048']",state capital of Himachal,Spot
1000,landslide/landslide.1588,landslide.1588,"rgb(154, 255, 255)",landslide.landslide.1588,"['100.5933', '13.8962']",STEC,Spot
1000,landslide/landslide.1589,landslide.1589,"rgb(154, 255, 255)",landslide.landslide.1589,"['15.2494', '47.2838']",Styrian Basin in Austria,Spot
1000,landslide/landslide.1590,landslide.1590,"rgb(154, 255, 255)",landslide.landslide.1590,"['108.2991', '22.4287']",Subao River basin,Spot
1000,landslide/landslide.1591,landslide.1591,"rgb(154, 255, 255)",landslide.landslide.1591,"['22.5976', '48.7244']",Subcarpathian,Spot
1000,landslide/landslide.1592,landslide.1592,"rgb(154, 255, 255)",landslide.landslide.1592,"['24.8627', '49.3943']",Subcarpathian chain,Spot
1000,landslide/landslide.1593,landslide.1593,"rgb(154, 255, 255)",landslide.landslide.1593,"['26.0572', '45.2732']",Subcarpathian sector of the Prahova River,Spot
1000,landslide/landslide.1594,landslide.1594,"rgb(154, 255, 255)",landslide.landslide.1594,"['73.2432', '34.0479']",sub-Himalayan region of Pakistan,Spot
1000,landslide/landslide.1595,landslide.1595,"rgb(154, 255, 255)",landslide.landslide.1595,"['77.2090', '28.3692']",Sub-Himalayas,Spot
1000,landslide/landslide.1596,landslide.1596,"rgb(154, 255, 255)",landslide.landslide.1596,"['114.5319', '27.8129']",Suichuan,Spot
1000,landslide/landslide.1597,landslide.1597,"rgb(154, 255, 255)",landslide.landslide.1597,"['29.9842', '37.1812']",Sultan Mountains,Spot
1000,landslide/landslide.1598,landslide.1598,"rgb(154, 255, 255)",landslide.landslide.1598,"['30.8623', '37.2678']",Sultan Mountains of south - western Turkey,Spot
1000,landslide/landslide.1599,landslide.1599,"rgb(154, 255, 255)",landslide.landslide.1599,"['101.2559', '0.7893']",Sumatra,Spot
1000,landslide/landslide.1600,landslide.1600,"rgb(154, 255, 255)",landslide.landslide.1600,"['124.1732', '8.9052']",Summit Ridge,Spot
1000,landslide/landslide.1601,landslide.1601,"rgb(154, 255, 255)",landslide.landslide.1601,"['103.6191', '31.0055']",surrounding area of Dujiangyan,Spot
1000,landslide/landslide.1602,landslide.1602,"rgb(154, 255, 255)",landslide.landslide.1602,"['73.7872', '42.0808']",Suusamyr,Spot
1000,landslide/landslide.1603,landslide.1603,"rgb(154, 255, 255)",landslide.landslide.1603,"['73.6901', '42.0989']",Suusamyr valley,Spot
1000,landslide/landslide.1604,landslide.1604,"rgb(154, 255, 255)",landslide.landslide.1604,"['73.7434', '42.0756']",Suusamyr Valley and on the southern slopes of the adjacent Suusamyr Range,Spot
1000,landslide/landslide.1605,landslide.1605,"rgb(154, 255, 255)",landslide.landslide.1605,"['9.6096', '48.7826']",SW - Germany,Spot
1000,landslide/landslide.1606,landslide.1606,"rgb(154, 255, 255)",landslide.landslide.1606,"['17.4417', '14.7167']",SW coast of Dakar,Spot
1000,landslide/landslide.1607,landslide.1607,"rgb(154, 255, 255)",landslide.landslide.1607,"['9.4117', '48.4148']",Swabian Alb valleys,Spot
1000,landslide/landslide.1608,landslide.1608,"rgb(154, 255, 255)",landslide.landslide.1608,"['8.2275', '46.8182']",Switzerland,Spot
1000,landslide/landslide.1609,landslide.1609,"rgb(154, 255, 255)",landslide.landslide.1609,"['120.4018', '23.4781']",Tachia River,Spot
1000,landslide/landslide.1610,landslide.1610,"rgb(154, 255, 255)",landslide.landslide.1610,"['107.3763', '33.9733']",Taibai County,Spot
1000,landslide/landslide.1611,landslide.1611,"rgb(154, 255, 255)",landslide.landslide.1611,"['102.2634', '27.8108']",Taihe open pit iron mine in Xichang,Spot
1000,landslide/landslide.1612,landslide.1612,"rgb(154, 255, 255)",landslide.landslide.1612,"['121.5654', '23.6978']",Taiwan,Spot
1000,landslide/landslide.1613,landslide.1613,"rgb(154, 255, 255)",landslide.landslide.1613,"['112.5489', '37.8706']",Taiyuan City,Spot
1000,landslide/landslide.1614,landslide.1614,"rgb(154, 255, 255)",landslide.landslide.1614,"['49.2087', '36.2824']",Tajan Watershed in northern Iran,Spot
1000,landslide/landslide.1615,landslide.1615,"rgb(154, 255, 255)",landslide.landslide.1615,"['75.0322', '15.7223']",Talanad,Spot
1000,landslide/landslide.1616,landslide.1616,"rgb(154, 255, 255)",landslide.landslide.1616,"['50.5215', '36.2106']",Taleghan - Alamut basin of Iran,Spot
1000,landslide/landslide.1617,landslide.1617,"rgb(154, 255, 255)",landslide.landslide.1617,"['50.5215', '36.2106']",Taleghan basin,Spot
1000,landslide/landslide.1618,landslide.1618,"rgb(154, 255, 255)",landslide.landslide.1618,"['50.5215', '36.2106']",Taleghan basin of Alborz province,Spot
1000,landslide/landslide.1619,landslide.1619,"rgb(154, 255, 255)",landslide.landslide.1619,"['93.5678', '24.7759']",Tamenglong and Senapati districts,Spot
1000,landslide/landslide.1620,landslide.1620,"rgb(154, 255, 255)",landslide.landslide.1620,"['78.9591', '11.1271']",Tamil Nadu,Spot
1000,landslide/landslide.1621,landslide.1621,"rgb(154, 255, 255)",landslide.landslide.1621,"['106.4591', '11.5965']",Tan Uyen district of Vietnam,Spot
1000,landslide/landslide.1622,landslide.1622,"rgb(154, 255, 255)",landslide.landslide.1622,"['15.2250', '40.0553']",Tanarello stream,Spot
1000,landslide/landslide.1623,landslide.1623,"rgb(154, 255, 255)",landslide.landslide.1623,"['111.2477', '28.9050']",Taojiang County,Spot
1000,landslide/landslide.1624,landslide.1624,"rgb(154, 255, 255)",landslide.landslide.1624,"['4.6347', '34.5415']",Taounate - Ain Aicha and Tahar Souk regions in the central part of the Rif Mountains in Morocco,Spot
1000,landslide/landslide.1625,landslide.1625,"rgb(154, 255, 255)",landslide.landslide.1625,"['4.6429', '34.5483']",Taounate city,Spot
1000,landslide/landslide.1626,landslide.1626,"rgb(154, 255, 255)",landslide.landslide.1626,"['101.8901', '2.5717']",Tebat Karai,Spot
1000,landslide/landslide.1627,landslide.1627,"rgb(154, 255, 255)",landslide.landslide.1627,"['88.6646', '27.1635']",Teesta River in Sikkim Himalaya,Spot
1000,landslide/landslide.1628,landslide.1628,"rgb(154, 255, 255)",landslide.landslide.1628,"['87.2068', '14.0723']",Tegucigalpa,Spot
1000,landslide/landslide.1629,landslide.1629,"rgb(154, 255, 255)",landslide.landslide.1629,"['51.3890', '35.6895']",Tehran,Spot
1000,landslide/landslide.1630,landslide.1630,"rgb(154, 255, 255)",landslide.landslide.1630,"['78.3942', '30.3753']",Tehri,Spot
1000,landslide/landslide.1631,landslide.1631,"rgb(154, 255, 255)",landslide.landslide.1631,"['78.4311', '30.3717']",Tehri Garhwal district of Uttarakhand state,Spot
1000,landslide/landslide.1632,landslide.1632,"rgb(154, 255, 255)",landslide.landslide.1632,"['78.3916', '30.3874']",Tehri region of the Indian Himalayas,Spot
1000,landslide/landslide.1633,landslide.1633,"rgb(154, 255, 255)",landslide.landslide.1633,"['78.4532', '30.3771']",Tehri reservoir,Spot
1000,landslide/landslide.1634,landslide.1634,"rgb(154, 255, 255)",landslide.landslide.1634,"['78.5075', '30.3998']",Tehri reservoir rim,Spot
1000,landslide/landslide.1635,landslide.1635,"rgb(154, 255, 255)",landslide.landslide.1635,"['38.0146', '13.2348']",Tekeze River basins,Spot
1000,landslide/landslide.1636,landslide.1636,"rgb(154, 255, 255)",landslide.landslide.1636,"['0.1495', '51.5002']",Terrain,Spot
1000,landslide/landslide.1637,landslide.1637,"rgb(154, 255, 255)",landslide.landslide.1637,"['9.1895', '44.4777']",Terzona catchment,Spot
1000,landslide/landslide.1638,landslide.1638,"rgb(154, 255, 255)",landslide.landslide.1638,"['77.3870', '11.1060']",Tevankarai Ar sub-watershed,Spot
1000,landslide/landslide.1639,landslide.1639,"rgb(154, 255, 255)",landslide.landslide.1639,"['99.9018', '31.9686']",Texas,Spot
1000,landslide/landslide.1640,landslide.1640,"rgb(154, 255, 255)",landslide.landslide.1640,"['97.4519', '18.0810']",Teziutlan municipality,Spot
1000,landslide/landslide.1641,landslide.1641,"rgb(154, 255, 255)",landslide.landslide.1641,"['118.2934', '28.1466']",TGP,Spot
1000,landslide/landslide.1642,landslide.1642,"rgb(154, 255, 255)",landslide.landslide.1642,"['110.6088', '30.8607']",TGR,Spot
1000,landslide/landslide.1643,landslide.1643,"rgb(154, 255, 255)",landslide.landslide.1643,"['110.6254', '30.7236']",TGR region on the Yangtze River in Zigui County,Spot
1000,landslide/landslide.1644,landslide.1644,"rgb(154, 255, 255)",landslide.landslide.1644,"['90.4253', '24.4246']",TGRA,Spot
1000,landslide/landslide.1645,landslide.1645,"rgb(154, 255, 255)",landslide.landslide.1645,"['100.9925', '15.8700']",Thailand,Spot
1000,landslide/landslide.1646,landslide.1646,"rgb(154, 255, 255)",landslide.landslide.1646,"['76.1196', '11.4186']",Thalanad,Spot
1000,landslide/landslide.1647,landslide.1647,"rgb(154, 255, 255)",landslide.landslide.1647,"['10.4515', '46.5596']",the Central Italian Alps,Spot
1000,landslide/landslide.1648,landslide.1648,"rgb(154, 255, 255)",landslide.landslide.1648,"['79.2153', '3.9937']",the city of Loja,Spot
1000,landslide/landslide.1649,landslide.1649,"rgb(154, 255, 255)",landslide.landslide.1649,"['48.0423', '38.2533']",the eastern slopes of Sabalan,Spot
1000,landslide/landslide.1650,landslide.1650,"rgb(154, 255, 255)",landslide.landslide.1650,"['86.6666', '36.0000']",the Kuenlun Mountains in the northern Tibetan Plateau,Spot
1000,landslide/landslide.1651,landslide.1651,"rgb(154, 255, 255)",landslide.landslide.1651,"['104.0', '28.0']",The mountainous area of southwest China,Spot
1000,landslide/landslide.1652,landslide.1652,"rgb(154, 255, 255)",landslide.landslide.1652,"['9.5', '36.5']",The national road 11 linking Mateur to Beja,Spot
1000,landslide/landslide.1653,landslide.1653,"rgb(154, 255, 255)",landslide.landslide.1653,"['13.5', '38.0']",The North-easternmost sector of Sicily,Spot
1000,landslide/landslide.1654,landslide.1654,"rgb(154, 255, 255)",landslide.landslide.1654,"['127.5', '36.0']",The Republic of Korea,Spot
1000,landslide/landslide.1655,landslide.1655,"rgb(154, 255, 255)",landslide.landslide.1655,"['111.0', '30.8']",The Three Gorges dam,Spot
1000,landslide/landslide.1656,landslide.1656,"rgb(154, 255, 255)",landslide.landslide.1656,"['9.6', '46.2']",The Valtellina Valley,Spot
1000,landslide/landslide.1657,landslide.1657,"rgb(154, 255, 255)",landslide.landslide.1657,"['73.5', '16.5']",The western flanks of the Western Ghats,Spot
1000,landslide/landslide.1658,landslide.1658,"rgb(154, 255, 255)",landslide.landslide.1658,"['108.2', '30.7']",The Zhongxian-Shizhu Segment in the Three Gorges Reservoir region of China,Spot
1000,landslide/landslide.1659,landslide.1659,"rgb(154, 255, 255)",landslide.landslide.1659,"['77.4776', '9.9696']",Theni district,Spot
1000,landslide/landslide.1660,landslide.1660,"rgb(154, 255, 255)",landslide.landslide.1660,"['111.0', '30.0']",Three Georges,Spot
1000,landslide/landslide.1661,landslide.1661,"rgb(154, 255, 255)",landslide.landslide.1661,"['111.1176', '30.8231']",Three - Gorge Reservoir,Spot
1000,landslide/landslide.1662,landslide.1662,"rgb(154, 255, 255)",landslide.landslide.1662,"['111.0', '30.0']",Three Gorges,Spot
1000,landslide/landslide.1663,landslide.1663,"rgb(154, 255, 255)",landslide.landslide.1663,"['111.0', '30.0']",Three Gorges areas in China,Spot
1000,landslide/landslide.1664,landslide.1664,"rgb(154, 255, 255)",landslide.landslide.1664,"['0', '0']",Three Gorges areas in China,Spot
1000,landslide/landslide.1665,landslide.1665,"rgb(154, 255, 255)",landslide.landslide.1665,"['107.7659', '31.2743']",Three Gorges Reservoir area - Longshuigou landslide in Fengjie County of Chongqing city in China,Spot
1000,landslide/landslide.1666,landslide.1666,"rgb(154, 255, 255)",landslide.landslide.1666,"['111.4540', '30.8231']",Three Gorges Reservoir area of the Yangtze River,Spot
1000,landslide/landslide.1667,landslide.1667,"rgb(154, 255, 255)",landslide.landslide.1667,"['108.0920', '30.8357']",Three Gorges Reservoir area to the Padang section,Spot
1000,landslide/landslide.1668,landslide.1668,"rgb(154, 255, 255)",landslide.landslide.1668,"['111.4540', '30.8231']",Three Gorges Reservoir region of China,Spot
1000,landslide/landslide.1669,landslide.1669,"rgb(154, 255, 255)",landslide.landslide.1669,"['107.5915', '16.4498']",Thua Thien Hue province of Vietnam,Spot
1000,landslide/landslide.1670,landslide.1670,"rgb(154, 255, 255)",landslide.landslide.1670,"['86.0844', '43.7931']",Tianshan Mountains in Northwestern Basins,Spot
1000,landslide/landslide.1671,landslide.1671,"rgb(154, 255, 255)",landslide.landslide.1671,"['105.7316', '34.5794']",Tianshui,Spot
1000,landslide/landslide.1672,landslide.1672,"rgb(154, 255, 255)",landslide.landslide.1672,"['105.6736', '34.5543']",Tianshui seismic zone,Spot
1000,landslide/landslide.1673,landslide.1673,"rgb(154, 255, 255)",landslide.landslide.1673,"['88.7879', '31.9686']",Tibet,Spot
1000,landslide/landslide.1674,landslide.1674,"rgb(154, 255, 255)",landslide.landslide.1674,"['88.7879', '31.9686']",Tibet in China,Spot
1000,landslide/landslide.1675,landslide.1675,"rgb(154, 255, 255)",landslide.landslide.1675,"['122.754', '13.357']",Tikoy,Spot
1000,landslide/landslide.1676,landslide.1676,"rgb(154, 255, 255)",landslide.landslide.1676,"['83.866', '27.427']",Tinau watershed,Spot
1000,landslide/landslide.1677,landslide.1677,"rgb(154, 255, 255)",landslide.landslide.1677,"['78.5558', '30.8485']",Tipari to Ghuttu highway corridors in the Garhwal Himalaya,Spot
1000,landslide/landslide.1678,landslide.1678,"rgb(154, 255, 255)",landslide.landslide.1678,"['7.4293', '31.7994']",Tizi N'tichka region in the High Atlas,Spot
1000,landslide/landslide.1679,landslide.1679,"rgb(154, 255, 255)",landslide.landslide.1679,"['36.5544', '40.422']",Tokat Turkey,Spot
1000,landslide/landslide.1680,landslide.1680,"rgb(154, 255, 255)",landslide.landslide.1680,"['111.9203', '28.4224']",Tonggu County,Spot
1000,landslide/landslide.1681,landslide.1681,"rgb(154, 255, 255)",landslide.landslide.1681,"['112.701', '29.7635']",Tonglvshan ancient copper mine site,Spot
1000,landslide/landslide.1682,landslide.1682,"rgb(154, 255, 255)",landslide.landslide.1682,"['112.701', '29.7635']",Tonglvshan mining,Spot
1000,landslide/landslide.1683,landslide.1683,"rgb(154, 255, 255)",landslide.landslide.1683,"['78.8807', '30.9936']",Tons river valley,Spot
1000,landslide/landslide.1684,landslide.1684,"rgb(154, 255, 255)",landslide.landslide.1684,"['9.2908', '42.8507']",Torgiovannetto,Spot
1000,landslide/landslide.1685,landslide.1685,"rgb(154, 255, 255)",landslide.landslide.1685,"['89.1973', '26.843']",towns of Phuentsholing and Chukha,Spot
1000,landslide/landslide.1686,landslide.1686,"rgb(154, 255, 255)",landslide.landslide.1686,"['39.7269', '41.0082']",Trabzon,Spot
1000,landslide/landslide.1687,landslide.1687,"rgb(154, 255, 255)",landslide.landslide.1687,"['39.7269', '41.0082']",Trabzon province,Spot
1000,landslide/landslide.1688,landslide.1688,"rgb(154, 255, 255)",landslide.landslide.1688,"['25.0419', '46.4388']",Transylvanian Plateaux,Spot
1000,landslide/landslide.1689,landslide.1689,"rgb(154, 255, 255)",landslide.landslide.1689,"['97.7361', '30.2672']",Travis County,Spot
1000,landslide/landslide.1690,landslide.1690,"rgb(154, 255, 255)",landslide.landslide.1690,"['23.6167', '46.7712']",Tri-City,Spot
1000,landslide/landslide.1691,landslide.1691,"rgb(154, 255, 255)",landslide.landslide.1691,"['84.3871', '27.9582']",Trishuli river in Nepal,Spot
1000,landslide/landslide.1692,landslide.1692,"rgb(154, 255, 255)",landslide.landslide.1692,"['101.9758', '4.2105']",tropical hilly area of Malaysia,Spot
1000,landslide/landslide.1693,landslide.1693,"rgb(154, 255, 255)",landslide.landslide.1693,"['120.9543', '-3.0604']",tropical region Indonesia,Spot
1000,landslide/landslide.1694,landslide.1694,"rgb(154, 255, 255)",landslide.landslide.1694,"['106.5976', '22.7932']",Trung Khanh district of the Cao Bang Province,Spot
1000,landslide/landslide.1695,landslide.1695,"rgb(154, 255, 255)",landslide.landslide.1695,"['-118.2538', '34.1721']",TRW,Spot
1000,landslide/landslide.1696,landslide.1696,"rgb(154, 255, 255)",landslide.landslide.1696,"['116.3787', '39.0093']",Tsao,Spot
1000,landslide/landslide.1697,landslide.1697,"rgb(154, 255, 255)",landslide.landslide.1697,"['120.4356', '23.3132']",Tsengwen River Watershed,Spot
1000,landslide/landslide.1698,landslide.1698,"rgb(154, 255, 255)",landslide.landslide.1698,"['138.8314', '37.6107']",Tsugawa area of Agano River,Spot
1000,landslide/landslide.1699,landslide.1699,"rgb(154, 255, 255)",landslide.landslide.1699,"['129.8433', '42.5377']",Tumen,Spot
1000,landslide/landslide.1700,landslide.1700,"rgb(154, 255, 255)",landslide.landslide.1700,"['94.0336', '24.5139']",Tupul landslide,Spot
1000,landslide/landslide.1701,landslide.1701,"rgb(154, 255, 255)",landslide.landslide.1701,"['145.2065', '-6.2778']",Turbolo River catchment,Spot
1000,landslide/landslide.1702,landslide.1702,"rgb(154, 255, 255)",landslide.landslide.1702,"['35.2433', '38.9637']",Turkey,Spot
1000,landslide/landslide.1703,landslide.1703,"rgb(154, 255, 255)",landslide.landslide.1703,"['35.2433', '38.9637']",Turkiye,Spot
1000,landslide/landslide.1704,landslide.1704,"rgb(154, 255, 255)",landslide.landslide.1704,"['-130.8247', '54.2754']",Turnoff Creek rock avalanche in Canada,Spot
1000,landslide/landslide.1705,landslide.1705,"rgb(154, 255, 255)",landslide.landslide.1705,"['-83.7666', '9.9045']",Turrialba,Spot
1000,landslide/landslide.1706,landslide.1706,"rgb(154, 255, 255)",landslide.landslide.1706,"['11.2550', '43.7711']",Tuscany,Spot
1000,landslide/landslide.1707,landslide.1707,"rgb(154, 255, 255)",landslide.landslide.1707,"['117.0254', '0.9892']",Tutkabon,Spot
1000,landslide/landslide.1708,landslide.1708,"rgb(154, 255, 255)",landslide.landslide.1708,"['110.9788', '30.8240']",Two towns in the Three - Gorge Reservoir area of China,Spot
1000,landslide/landslide.1709,landslide.1709,"rgb(154, 255, 255)",landslide.landslide.1709,"['0.1276', '51.5074']",U.K.,Spot
1000,landslide/landslide.1710,landslide.1710,"rgb(154, 255, 255)",landslide.landslide.1710,"['80.9462', '26.8467']",U.P.,Spot
1000,landslide/landslide.1711,landslide.1711,"rgb(154, 255, 255)",landslide.landslide.1711,"['95.7129', '37.0902']",U.S.,Spot
1000,landslide/landslide.1712,landslide.1712,"rgb(154, 255, 255)",landslide.landslide.1712,"['38.9530', '13.0421']",Uatzau,Spot
1000,landslide/landslide.1713,landslide.1713,"rgb(154, 255, 255)",landslide.landslide.1713,"['38.9827', '12.8299']",Uatzau basin in northwestern Ethiopia,Spot
1000,landslide/landslide.1714,landslide.1714,"rgb(154, 255, 255)",landslide.landslide.1714,"['120.6975', '15.0171']",Ucab,Spot
1000,landslide/landslide.1715,landslide.1715,"rgb(154, 255, 255)",landslide.landslide.1715,"['7.4468', '6.5303']",Udi - Iva Valley region of Enugu state,Spot
1000,landslide/landslide.1716,landslide.1716,"rgb(154, 255, 255)",landslide.landslide.1716,"['119.3075', '0.6124']",Ujung Loe Watershed,Spot
1000,landslide/landslide.1717,landslide.1717,"rgb(154, 255, 255)",landslide.landslide.1717,"['0.1276', '51.5074']",UK,Spot
1000,landslide/landslide.1718,landslide.1718,"rgb(154, 255, 255)",landslide.landslide.1718,"['129.3114', '35.5384']",Ulsan,Spot
1000,landslide/landslide.1719,landslide.1719,"rgb(154, 255, 255)",landslide.landslide.1719,"['32.4057', '41.9656']",Ulus district of the Bartin province,Spot
1000,landslide/landslide.1720,landslide.1720,"rgb(154, 255, 255)",landslide.landslide.1720,"['12.4964', '42.9384']",Umbria,Spot
1000,landslide/landslide.1721,landslide.1721,"rgb(154, 255, 255)",landslide.landslide.1721,"['126.9464', '37.2594']",Umyeonsan,Spot
1000,landslide/landslide.1722,landslide.1722,"rgb(154, 255, 255)",landslide.landslide.1722,"['95.7129', '37.0902']",United States,Spot
1000,landslide/landslide.1723,landslide.1723,"rgb(154, 255, 255)",landslide.landslide.1723,"['76.8512', '9.9519']",upland catchment of river Meenachil,Spot
1000,landslide/landslide.1724,landslide.1724,"rgb(154, 255, 255)",landslide.landslide.1724,"['37.1679', '37.5645']",upper basin of Ataturk Dam,Spot
1000,landslide/landslide.1725,landslide.1725,"rgb(154, 255, 255)",landslide.landslide.1725,"['35.2268', '12.1425']",upper Blue Nile,Spot
1000,landslide/landslide.1726,landslide.1726,"rgb(154, 255, 255)",landslide.landslide.1726,"['79.1378', '30.7264']",upper catchment areas of the Mandakini river,Spot
1000,landslide/landslide.1727,landslide.1727,"rgb(154, 255, 255)",landslide.landslide.1727,"['77.1936', '9.6685']",upper catchment of Meenachil river of Kerala,Spot
1000,landslide/landslide.1728,landslide.1728,"rgb(154, 255, 255)",landslide.landslide.1728,"['107.3276', '6.8846']",upper Citarum River catchment,Spot
1000,landslide/landslide.1729,landslide.1729,"rgb(154, 255, 255)",landslide.landslide.1729,"['76.6393', '33.6844']",upper Indus watershed,Spot
1000,landslide/landslide.1730,landslide.1730,"rgb(154, 255, 255)",landslide.landslide.1730,"['101.8216', '29.9604']",upper Jinsha River,Spot
1000,landslide/landslide.1731,landslide.1731,"rgb(154, 255, 255)",landslide.landslide.1731,"['74.7125', '39.7769']",Upper Maili Suu river basin,Spot
1000,landslide/landslide.1732,landslide.1732,"rgb(154, 255, 255)",landslide.landslide.1732,"['102.8326', '30.0178']",upper Minjiang River Basin,Spot
1000,landslide/landslide.1733,landslide.1733,"rgb(154, 255, 255)",landslide.landslide.1733,"['100.9925', '18.7900']",upper northern region of Thailand,Spot
1000,landslide/landslide.1734,landslide.1734,"rgb(154, 255, 255)",landslide.landslide.1734,"['29.6051', '-2.0061']",upper Nyabarongo catchment,Spot
1000,landslide/landslide.1735,landslide.1735,"rgb(154, 255, 255)",landslide.landslide.1735,"['111.8271', '31.0456']",upper part of Badong County,Spot
1000,landslide/landslide.1736,landslide.1736,"rgb(154, 255, 255)",landslide.landslide.1736,"['88.8210', '27.4967']",upper Rangit catchment,Spot
1000,landslide/landslide.1737,landslide.1737,"rgb(154, 255, 255)",landslide.landslide.1737,"['88.9368', '27.6642']",Upper Rangit River basin of eastern Himalayan,Spot
1000,landslide/landslide.1738,landslide.1738,"rgb(154, 255, 255)",landslide.landslide.1738,"['105.5641', '23.5926']",Upper Reaches Area of Red River Basin,Spot
1000,landslide/landslide.1739,landslide.1739,"rgb(154, 255, 255)",landslide.landslide.1739,"['99.8728', '28.9802']",upper reaches of the Jinsha River,Spot
1000,landslide/landslide.1740,landslide.1740,"rgb(154, 255, 255)",landslide.landslide.1740,"['15.0060', '46.3341']",Upper Sele river Valley,Spot
1000,landslide/landslide.1741,landslide.1741,"rgb(154, 255, 255)",landslide.landslide.1741,"['7.7662', '44.2251']",upper Tanarello stream basin,Spot
1000,landslide/landslide.1742,landslide.1742,"rgb(154, 255, 255)",landslide.landslide.1742,"['74.6691', '33.7782']",upper western sections of Jammu & Kashmir,Spot
1000,landslide/landslide.1743,landslide.1743,"rgb(154, 255, 255)",landslide.landslide.1743,"['101.3459', '31.3357']",upstream of the Minjiang River on the eastern Tibetan Plateau,Spot
1000,landslide/landslide.1744,landslide.1744,"rgb(154, 255, 255)",landslide.landslide.1744,"['4.4276', '36.7274']",urban area of Azazga,Spot
1000,landslide/landslide.1745,landslide.1745,"rgb(154, 255, 255)",landslide.landslide.1745,"['-3.0328', '36.7037']",urban area of Sidi Abdellah,Spot
1000,landslide/landslide.1746,landslide.1746,"rgb(154, 255, 255)",landslide.landslide.1746,"['108.4120', '30.8150']",urban area of Wanzhou,Spot
1000,landslide/landslide.1747,landslide.1747,"rgb(154, 255, 255)",landslide.landslide.1747,"['-43.5282', '-20.3800']",urban region of Ouro Preto,Spot
1000,landslide/landslide.1748,landslide.1748,"rgb(154, 255, 255)",landslide.landslide.1748,"['46.7717', '37.6046']",Urmia lake basin,Spot
1000,landslide/landslide.1749,landslide.1749,"rgb(154, 255, 255)",landslide.landslide.1749,"['45.0761', '37.5525']",Urmia lake basin in northwest Iran,Spot
1000,landslide/landslide.1750,landslide.1750,"rgb(154, 255, 255)",landslide.landslide.1750,"['58.0014', '38.7465']",URRB,Spot
1000,landslide/landslide.1751,landslide.1751,"rgb(154, 255, 255)",landslide.landslide.1751,"['100.4459', '39.7837']",US,Spot
1000,landslide/landslide.1752,landslide.1752,"rgb(154, 255, 255)",landslide.landslide.1752,"['100.4459', '39.7837']",USA,Spot
1000,landslide/landslide.1753,landslide.1753,"rgb(154, 255, 255)",landslide.landslide.1753,"['78.4564', '30.7304']",Uttarakashi district,Spot
1000,landslide/landslide.1754,landslide.1754,"rgb(154, 255, 255)",landslide.landslide.1754,"['78.7714', '30.0668']",Uttarakhand,Spot
1000,landslide/landslide.1755,landslide.1755,"rgb(154, 255, 255)",landslide.landslide.1755,"['78.7714', '30.0668']",Uttarakhand containing,Spot
1000,landslide/landslide.1756,landslide.1756,"rgb(154, 255, 255)",landslide.landslide.1756,"['79.0193', '30.0668']",Uttarakhand Himalayas of India,Spot
1000,landslide/landslide.1757,landslide.1757,"rgb(154, 255, 255)",landslide.landslide.1757,"['79.0193', '30.0668']",Uttarakhand region of Himalaya,Spot
1000,landslide/landslide.1758,landslide.1758,"rgb(154, 255, 255)",landslide.landslide.1758,"['78.0337', '30.0668']",uttarakhand state districts,Spot
1000,landslide/landslide.1759,landslide.1759,"rgb(154, 255, 255)",landslide.landslide.1759,"['78.4564', '30.7304']",Uttarkashi district of India,Spot
1000,landslide/landslide.1760,landslide.1760,"rgb(154, 255, 255)",landslide.landslide.1760,"['78.4564', '30.7304']",Uttarkashi district of the Uttarakhand state,Spot
1000,landslide/landslide.1761,landslide.1761,"rgb(154, 255, 255)",landslide.landslide.1761,"['132.5594', '33.2203']",Uwajima City,Spot
1000,landslide/landslide.1762,landslide.1762,"rgb(154, 255, 255)",landslide.landslide.1762,"['64.5853', '41.3775']",Uzbekistan,Spot
1000,landslide/landslide.1763,landslide.1763,"rgb(154, 255, 255)",landslide.landslide.1763,"['0.3763', '39.4699']",Valencia,Spot
1000,landslide/landslide.1764,landslide.1764,"rgb(154, 255, 255)",landslide.landslide.1764,"['19.9013', '44.2706']",Valjevo City,Spot
1000,landslide/landslide.1765,landslide.1765,"rgb(154, 255, 255)",landslide.landslide.1765,"['88.5399', '27.5329']",valley regions of Sikkim Himalaya,Spot
1000,landslide/landslide.1766,landslide.1766,"rgb(154, 255, 255)",landslide.landslide.1766,"['42.8719', '38.3732']",Van,Spot
1000,landslide/landslide.1767,landslide.1767,"rgb(154, 255, 255)",landslide.landslide.1767,"['104.7583', '21.6300']",Van Chan district,Spot
1000,landslide/landslide.1768,landslide.1768,"rgb(154, 255, 255)",landslide.landslide.1768,"['104.7583', '21.6300']",Van Chan district of the Yen Bai Province,Spot
1000,landslide/landslide.1769,landslide.1769,"rgb(154, 255, 255)",landslide.landslide.1769,"['125.2730', '49.2827']",Vancouver Island,Spot
1000,landslide/landslide.1770,landslide.1770,"rgb(154, 255, 255)",landslide.landslide.1770,"['104.0', '25.0']",Vegetated slopes in Malipo,Spot
1000,landslide/landslide.1771,landslide.1771,"rgb(154, 255, 255)",landslide.landslide.1771,"['9.7333', '55.7200']",Vejle Fjord,Spot
1000,landslide/landslide.1772,landslide.1772,"rgb(154, 255, 255)",landslide.landslide.1772,"['9.6784', '44.1344']",Vernazza catchment,Spot
1000,landslide/landslide.1773,landslide.1773,"rgb(154, 255, 255)",landslide.landslide.1773,"['108.2772', '14.0583']",Viet Nam,Spot
1000,landslide/landslide.1774,landslide.1774,"rgb(154, 255, 255)",landslide.landslide.1774,"['108.2772', '14.0583']",Vietnam,Spot
1000,landslide/landslide.1775,landslide.1775,"rgb(154, 255, 255)",landslide.landslide.1775,"['105.5544', '18.2892']",Vietnamese Laotian border district,Spot
1000,landslide/landslide.1776,landslide.1776,"rgb(154, 255, 255)",landslide.landslide.1776,"['123.6992', '52.5872']",Villa Santa Lucia,Spot
1000,landslide/landslide.1777,landslide.1777,"rgb(154, 255, 255)",landslide.landslide.1777,"['78.0842', '8.8659']",village of Rampac Grande in northern Peru,Spot
1000,landslide/landslide.1778,landslide.1778,"rgb(154, 255, 255)",landslide.landslide.1778,"['120.4219', '10.6017']",village Podi,Spot
1000,landslide/landslide.1779,landslide.1779,"rgb(154, 255, 255)",landslide.landslide.1779,"['2.7358', '42.8595']",Vitoria,Spot
1000,landslide/landslide.1780,landslide.1780,"rgb(154, 255, 255)",landslide.landslide.1780,"['121.9625', '0.5702']",Vitravo River catchment,Spot
1000,landslide/landslide.1781,landslide.1781,"rgb(154, 255, 255)",landslide.landslide.1781,"['107.6179', '6.9175']",volcanic mountains in West Java Province,Spot
1000,landslide/landslide.1782,landslide.1782,"rgb(154, 255, 255)",landslide.landslide.1782,"['26.6485', '45.8286']",Vrancea - Buzau seismogenic region in the Carpathian Mountains,Spot
1000,landslide/landslide.1783,landslide.1783,"rgb(154, 255, 255)",landslide.landslide.1783,"['35.6586', '26.6984']",Wadi Watier,Spot
1000,landslide/landslide.1784,landslide.1784,"rgb(154, 255, 255)",landslide.landslide.1784,"['111.3894', '6.8434']",Wagirkidul,Spot
1000,landslide/landslide.1785,landslide.1785,"rgb(154, 255, 255)",landslide.landslide.1785,"['14.7710', '47.9658']",Waidhofen / Ybbs,Spot
1000,landslide/landslide.1786,landslide.1786,"rgb(154, 255, 255)",landslide.landslide.1786,"['14.7710', '47.9658']",Waidhofen an der Ybbs,Spot
1000,landslide/landslide.1787,landslide.1787,"rgb(154, 255, 255)",landslide.landslide.1787,"['100.9520', '34.5212']",Wan county,Spot
1000,landslide/landslide.1788,landslide.1788,"rgb(154, 255, 255)",landslide.landslide.1788,"['108.3843', '30.8252']",Wanzhou County,Spot
1000,landslide/landslide.1789,landslide.1789,"rgb(154, 255, 255)",landslide.landslide.1789,"['108.3853', '30.8071']",Wanzhou district,Spot
1000,landslide/landslide.1790,landslide.1790,"rgb(154, 255, 255)",landslide.landslide.1790,"['108.9076', '30.7913']",Wanzhou district in the Three Gorges Reservoir,Spot
1000,landslide/landslide.1791,landslide.1791,"rgb(154, 255, 255)",landslide.landslide.1791,"['108.3853', '30.8071']",Wanzhou district of Chongqing city,Spot
1000,landslide/landslide.1792,landslide.1792,"rgb(154, 255, 255)",landslide.landslide.1792,"['108.5801', '30.8401']",Wanzhou in Three Gorges,Spot
1000,landslide/landslide.1793,landslide.1793,"rgb(154, 255, 255)",landslide.landslide.1793,"['108.3853', '30.8071']",Wanzhou section,Spot
1000,landslide/landslide.1794,landslide.1794,"rgb(154, 255, 255)",landslide.landslide.1794,"['77.0369', '38.9072']",Washington,Spot
1000,landslide/landslide.1795,landslide.1795,"rgb(154, 255, 255)",landslide.landslide.1795,"['120.7401', '47.7511']",Washington State,Spot
1000,landslide/landslide.1796,landslide.1796,"rgb(154, 255, 255)",landslide.landslide.1796,"['121.5090', '25.1055']",watershed region in northern Taiwan,Spot
1000,landslide/landslide.1797,landslide.1797,"rgb(154, 255, 255)",landslide.landslide.1797,"['76.0830', '11.6856']",Wayanad,Spot
1000,landslide/landslide.1798,landslide.1798,"rgb(154, 255, 255)",landslide.landslide.1798,"['76.0830', '11.6856']",Wayanad district of Kerala state in India,Spot
1000,landslide/landslide.1799,landslide.1799,"rgb(154, 255, 255)",landslide.landslide.1799,"['102.7130', '34.8494']",Wen County,Spot
1000,landslide/landslide.1800,landslide.1800,"rgb(154, 255, 255)",landslide.landslide.1800,"['103.5790', '31.4399']",Wenchuan,Spot
1000,landslide/landslide.1801,landslide.1801,"rgb(154, 255, 255)",landslide.landslide.1801,"['103.2270', '31.0855']",Wenchuan - Yingxiu,Spot
1000,landslide/landslide.1802,landslide.1802,"rgb(154, 255, 255)",landslide.landslide.1802,"['103.5790', '31.4399']",Wenchuan area in southwestern China,Spot
1000,landslide/landslide.1803,landslide.1803,"rgb(154, 255, 255)",landslide.landslide.1803,"['103.5790', '31.4399']",Wenchuan County,Spot
1000,landslide/landslide.1804,landslide.1804,"rgb(154, 255, 255)",landslide.landslide.1804,"['103.3323', '31.0173']",Wenchuan earthquake,Spot
1000,landslide/landslide.1805,landslide.1805,"rgb(154, 255, 255)",landslide.landslide.1805,"['103.3323', '31.0173']",Wenchuan earthquake region of China,Spot
1000,landslide/landslide.1806,landslide.1806,"rgb(154, 255, 255)",landslide.landslide.1806,"['87.8550', '22.9868']",West Bengal,Spot
1000,landslide/landslide.1807,landslide.1807,"rgb(154, 255, 255)",landslide.landslide.1807,"['120.0', '18.0']",West coast,Spot
1000,landslide/landslide.1808,landslide.1808,"rgb(154, 255, 255)",landslide.landslide.1808,"['107.6175', '-6.9175']",West Java Province,Spot
1000,landslide/landslide.1809,landslide.1809,"rgb(154, 255, 255)",landslide.landslide.1809,"['49.8333', '32.4279']",west of Iran,Spot
1000,landslide/landslide.1810,landslide.1810,"rgb(154, 255, 255)",landslide.landslide.1810,"['46.2086', '34.3142']",west of Kermanshah Province,Spot
1000,landslide/landslide.1811,landslide.1811,"rgb(154, 255, 255)",landslide.landslide.1811,"['48.3722', '34.7484']",west of the Gat - e Kash village,Spot
1000,landslide/landslide.1812,landslide.1812,"rgb(154, 255, 255)",landslide.landslide.1812,"['88.3000', '27.3333']",West Sikkim,Spot
1000,landslide/landslide.1813,landslide.1813,"rgb(154, 255, 255)",landslide.landslide.1813,"['88.3000', '27.3333']",West Sikkim district in India,Spot
1000,landslide/landslide.1814,landslide.1814,"rgb(154, 255, 255)",landslide.landslide.1814,"['31.1656', '37.0902']",west Turkey,Spot
1000,landslide/landslide.1815,landslide.1815,"rgb(154, 255, 255)",landslide.landslide.1815,"['94.2596', '36.7783']",Western,Spot
1000,landslide/landslide.1816,landslide.1816,"rgb(154, 255, 255)",landslide.landslide.1816,"['2.6333', '28.0339']",Western Algeria,Spot
1000,landslide/landslide.1817,landslide.1817,"rgb(154, 255, 255)",landslide.landslide.1817,"['78.9629', '20.5937']",Western and Eastern Ghats of India,Spot
1000,landslide/landslide.1818,landslide.1818,"rgb(154, 255, 255)",landslide.landslide.1818,"['30.7133', '36.8969']",western Antalya,Spot
1000,landslide/landslide.1819,landslide.1819,"rgb(154, 255, 255)",landslide.landslide.1819,"['47.5000', '40.1431']",western Azerbaijan,Spot
1000,landslide/landslide.1820,landslide.1820,"rgb(154, 255, 255)",landslide.landslide.1820,"['76.6112', '8.5241']",Western Ghats region in Kollam district,Spot
1000,landslide/landslide.1821,landslide.1821,"rgb(154, 255, 255)",landslide.landslide.1821,"['75.7139', '14.5204']",Western Ghats region of Karnataka province,Spot
1000,landslide/landslide.1822,landslide.1822,"rgb(154, 255, 255)",landslide.landslide.1822,"['21.7536', '37.9838']",Western Greece,Spot
1000,landslide/landslide.1823,landslide.1823,"rgb(154, 255, 255)",landslide.landslide.1823,"['73.5144', '34.7995']",Western Himalayan Kaghan Valley of Pakistan,Spot
1000,landslide/landslide.1824,landslide.1824,"rgb(154, 255, 255)",landslide.landslide.1824,"['72.8777', '19.7515']",western India,Spot
1000,landslide/landslide.1825,landslide.1825,"rgb(154, 255, 255)",landslide.landslide.1825,"['49.8333', '32.4279']",Western Iran,Spot
1000,landslide/landslide.1826,landslide.1826,"rgb(154, 255, 255)",landslide.landslide.1826,"['123.3117', '47.8021']",western Olympic Mountains of Washington State,Spot
1000,landslide/landslide.1827,landslide.1827,"rgb(154, 255, 255)",landslide.landslide.1827,"['23.8360', '35.2401']",western part of Crete Island,Spot
1000,landslide/landslide.1828,landslide.1828,"rgb(154, 255, 255)",landslide.landslide.1828,"['113.9448', '22.2817']",western part of Hong Kong island,Spot
1000,landslide/landslide.1829,landslide.1829,"rgb(154, 255, 255)",landslide.landslide.1829,"['49.0975', '13.7416']",western part of the Indian Ocean,Spot
1000,landslide/landslide.1830,landslide.1830,"rgb(154, 255, 255)",landslide.landslide.1830,"['19.4562', '44.0165']",western part of the Republic of Serbia,Spot
1000,landslide/landslide.1831,landslide.1831,"rgb(154, 255, 255)",landslide.landslide.1831,"['11.3340', '47.0481']",western part of Tyrol/Austria,Spot
1000,landslide/landslide.1832,landslide.1832,"rgb(154, 255, 255)",landslide.landslide.1832,"['43.2267', '22.9584']",western portion of Tijuca Massif,Spot
1000,landslide/landslide.1833,landslide.1833,"rgb(154, 255, 255)",landslide.landslide.1833,"['29.8540', '-2.0026']",western province of Rwanda,Spot
1000,landslide/landslide.1834,landslide.1834,"rgb(154, 255, 255)",landslide.landslide.1834,"['107.8964', '16.3015']",western region of Thua Thien Hue province,Spot
1000,landslide/landslide.1835,landslide.1835,"rgb(154, 255, 255)",landslide.landslide.1835,"['19.4562', '44.0165']",western Serbia,Spot
1000,landslide/landslide.1836,landslide.1836,"rgb(154, 255, 255)",landslide.landslide.1836,"['82.9485', '54.9391']",western STEC,Spot
1000,landslide/landslide.1837,landslide.1837,"rgb(154, 255, 255)",landslide.landslide.1837,"['122.4058', '37.7749']",WG,Spot
1000,landslide/landslide.1838,landslide.1838,"rgb(154, 255, 255)",landslide.landslide.1838,"['-4.0364', '35.1615']",whole Rif mountains in Morocco,Spot
1000,landslide/landslide.1839,landslide.1839,"rgb(154, 255, 255)",landslide.landslide.1839,"['76.8943', '10.8505']",windward slopes of the southern Western Ghats,Spot
1000,landslide/landslide.1840,landslide.1840,"rgb(154, 255, 255)",landslide.landslide.1840,"['110.7588', '-7.3602']",Wonosobo,Spot
1000,landslide/landslide.1841,landslide.1841,"rgb(154, 255, 255)",landslide.landslide.1841,"['126.7582', '37.6920']",Woomyeon Mountain,Spot
1000,landslide/landslide.1842,landslide.1842,"rgb(154, 255, 255)",landslide.landslide.1842,"['114.7375', '23.9628']",Wu River,Spot
1000,landslide/landslide.1843,landslide.1843,"rgb(154, 255, 255)",landslide.landslide.1843,"['102.7762', '31.9196']",Wudu County in northwestern China,Spot
1000,landslide/landslide.1844,landslide.1844,"rgb(154, 255, 255)",landslide.landslide.1844,"['128.0352', '38.2675']",Wulipo,Spot
1000,landslide/landslide.1845,landslide.1845,"rgb(154, 255, 255)",landslide.landslide.1845,"['107.4087', '29.3237']",Wulong,Spot
1000,landslide/landslide.1846,landslide.1846,"rgb(154, 255, 255)",landslide.landslide.1846,"['109.9393', '34.1677']",Wuqi County,Spot
1000,landslide/landslide.1847,landslide.1847,"rgb(154, 255, 255)",landslide.landslide.1847,"['108.6', '31.5']",Wushan,Spot
1000,landslide/landslide.1848,landslide.1848,"rgb(154, 255, 255)",landslide.landslide.1848,"['109.5736', '31.0917']",Wushan - Badong area in the Three Gorges,Spot
1000,landslide/landslide.1849,landslide.1849,"rgb(154, 255, 255)",landslide.landslide.1849,"['110.8038', '31.0658']",Wushan and Badong Towns,Spot
1000,landslide/landslide.1850,landslide.1850,"rgb(154, 255, 255)",landslide.landslide.1850,"['109.6941', '31.1597']",Wushan County,Spot
1000,landslide/landslide.1851,landslide.1851,"rgb(154, 255, 255)",landslide.landslide.1851,"['109.5761', '32.1253']",Wushan segment of TGRA,Spot
1000,landslide/landslide.1852,landslide.1852,"rgb(154, 255, 255)",landslide.landslide.1852,"['120.2934', '31.4912']",Wuxi,Spot
1000,landslide/landslide.1853,landslide.1853,"rgb(154, 255, 255)",landslide.landslide.1853,"['117.8223', '29.3122']",Wuyuan,Spot
1000,landslide/landslide.1854,landslide.1854,"rgb(154, 255, 255)",landslide.landslide.1854,"['108.9402', '34.3416']",Xi an,Spot
1000,landslide/landslide.1855,landslide.1855,"rgb(154, 255, 255)",landslide.landslide.1855,"['109.0292', '31.6368']",Xiangjiaba Reservoir,Spot
1000,landslide/landslide.1856,landslide.1856,"rgb(154, 255, 255)",landslide.landslide.1856,"['102.8257', '30.9966']",Xianshuihe fault,Spot
1000,landslide/landslide.1857,landslide.1857,"rgb(154, 255, 255)",landslide.landslide.1857,"['108.7004', '34.3363']",Xianyang City,Spot
1000,landslide/landslide.1858,landslide.1858,"rgb(154, 255, 255)",landslide.landslide.1858,"['108.6347', '28.0688']",Xiaojiang watershed,Spot
1000,landslide/landslide.1859,landslide.1859,"rgb(154, 255, 255)",landslide.landslide.1859,"['102.3651', '29.0059']",Xiaojin County,Spot
1000,landslide/landslide.1860,landslide.1860,"rgb(154, 255, 255)",landslide.landslide.1860,"['100.8959', '25.6196']",Xiaowan project,Spot
1000,landslide/landslide.1861,landslide.1861,"rgb(154, 255, 255)",landslide.landslide.1861,"['114.5094', '25.4416']",Xing Guo County,Spot
1000,landslide/landslide.1862,landslide.1862,"rgb(154, 255, 255)",landslide.landslide.1862,"['110.7781', '31.1969']",Xingshan County,Spot
1000,landslide/landslide.1863,landslide.1863,"rgb(154, 255, 255)",landslide.landslide.1863,"['103.0665', '31.9769']",Xinmo village of Maoxian County,Spot
1000,landslide/landslide.1864,landslide.1864,"rgb(154, 255, 255)",landslide.landslide.1864,"['109.2461', '31.7576']",Xintan,Spot
1000,landslide/landslide.1865,landslide.1865,"rgb(154, 255, 255)",landslide.landslide.1865,"['114.5386', '29.6132']",Xiushui,Spot
1000,landslide/landslide.1866,landslide.1866,"rgb(154, 255, 255)",landslide.landslide.1866,"['0.0', '0.0']",XLG,Spot
1000,landslide/landslide.1867,landslide.1867,"rgb(154, 255, 255)",landslide.landslide.1867,"['113.7771', '34.7466']",XSF zone,Spot
1000,landslide/landslide.1868,landslide.1868,"rgb(154, 255, 255)",landslide.landslide.1868,"['100.5751', '29.3629']",Xulong Gully,Spot
1000,landslide/landslide.1869,landslide.1869,"rgb(154, 255, 255)",landslide.landslide.1869,"['115.6503', '24.9509']",Xunwu,Spot
1000,landslide/landslide.1870,landslide.1870,"rgb(154, 255, 255)",landslide.landslide.1870,"['115.6503', '24.9509']",Xunwu County,Spot
1000,landslide/landslide.1871,landslide.1871,"rgb(154, 255, 255)",landslide.landslide.1871,"['115.6503', '24.9509']",Xunwu County of Jiangxi Province in China,Spot
1000,landslide/landslide.1872,landslide.1872,"rgb(154, 255, 255)",landslide.landslide.1872,"['80.1033', '27.4829']",Yadong County,Spot
1000,landslide/landslide.1873,landslide.1873,"rgb(154, 255, 255)",landslide.landslide.1873,"['139.0984', '37.6862']",Yahiko Mountain,Spot
1000,landslide/landslide.1874,landslide.1874,"rgb(154, 255, 255)",landslide.landslide.1874,"['110.4272', '36.6113']",Yan an City,Spot
1000,landslide/landslide.1875,landslide.1875,"rgb(154, 255, 255)",landslide.landslide.1875,"['110.4589', '37.7693']",Yan- n City,Spot
1000,landslide/landslide.1876,landslide.1876,"rgb(154, 255, 255)",landslide.landslide.1876,"['129.3880', '42.8964']",Yanbian Prefecture,Spot
1000,landslide/landslide.1877,landslide.1877,"rgb(154, 255, 255)",landslide.landslide.1877,"['102.1630', '29.1064']",Yangfanggou hydropower station on the Yalong River,Spot
1000,landslide/landslide.1878,landslide.1878,"rgb(154, 255, 255)",landslide.landslide.1878,"['117.0446', '23.9345']",Yangjiashan,Spot
1000,landslide/landslide.1879,landslide.1879,"rgb(154, 255, 255)",landslide.landslide.1879,"['116.2112', '27.9921']",Yangou small watershed,Spot
1000,landslide/landslide.1880,landslide.1880,"rgb(154, 255, 255)",landslide.landslide.1880,"['105.9246', '29.0244']",Yangtze and its tributaries,Spot
1000,landslide/landslide.1881,landslide.1881,"rgb(154, 255, 255)",landslide.landslide.1881,"['112.4594', '31.0856']",Yangtze River,Spot
1000,landslide/landslide.1882,landslide.1882,"rgb(154, 255, 255)",landslide.landslide.1882,"['121.7986', '29.4082']",Yangtze River Economic Zone,Spot
1000,landslide/landslide.1883,landslide.1883,"rgb(154, 255, 255)",landslide.landslide.1883,"['112.4594', '31.0856']",Yangtze River in China,Spot
1000,landslide/landslide.1884,landslide.1884,"rgb(154, 255, 255)",landslide.landslide.1884,"['116.5625', '37.2176']",Yangu,Spot
1000,landslide/landslide.1885,landslide.1885,"rgb(154, 255, 255)",landslide.landslide.1885,"['115.9517', '24.8796']",Yanshan country and Yongxin country in China,Spot
1000,landslide/landslide.1886,landslide.1886,"rgb(154, 255, 255)",landslide.landslide.1886,"['116.0', '39.8']",Yanshan County,Spot
1000,landslide/landslide.1887,landslide.1887,"rgb(154, 255, 255)",landslide.landslide.1887,"['117.4634', '28.6688']",Yanshan County located in Shangrao Municipality,Spot
1000,landslide/landslide.1888,landslide.1888,"rgb(154, 255, 255)",landslide.landslide.1888,"['94.6014', '29.4188']",Yarlung Zangbo Grand Canyon,Spot
1000,landslide/landslide.1889,landslide.1889,"rgb(154, 255, 255)",landslide.landslide.1889,"['75.7738', '18.0786']",Yelwandi river basin,Spot
1000,landslide/landslide.1890,landslide.1890,"rgb(154, 255, 255)",landslide.landslide.1890,"['75.7738', '18.0786']",Yelwandi river basin in Maharashtra,Spot
1000,landslide/landslide.1891,landslide.1891,"rgb(154, 255, 255)",landslide.landslide.1891,"['104.8986', '21.7050']",Yen Bai province,Spot
1000,landslide/landslide.1892,landslide.1892,"rgb(154, 255, 255)",landslide.landslide.1892,"['32.0', '41.5']",Yenice,Spot
1000,landslide/landslide.1893,landslide.1893,"rgb(154, 255, 255)",landslide.landslide.1893,"['32.4750', '41.4728']",Yenice district of Karabuk in Turkey,Spot
1000,landslide/landslide.1894,landslide.1894,"rgb(154, 255, 255)",landslide.landslide.1894,"['88.9347', '29.8330']",Yigong,Spot
1000,landslide/landslide.1895,landslide.1895,"rgb(154, 255, 255)",landslide.landslide.1895,"['117.3471', '27.5469']",Yihuang,Spot
1000,landslide/landslide.1896,landslide.1896,"rgb(154, 255, 255)",landslide.landslide.1896,"['84.2546', '43.1894']",Yili,Spot
1000,landslide/landslide.1897,landslide.1897,"rgb(154, 255, 255)",landslide.landslide.1897,"['109.1001', '32.6809']",Yinghu Lake Basin in Ankang City,Spot
1000,landslide/landslide.1898,landslide.1898,"rgb(154, 255, 255)",landslide.landslide.1898,"['112.5031', '6.5244']",YLTP,Spot
1000,landslide/landslide.1899,landslide.1899,"rgb(154, 255, 255)",landslide.landslide.1899,"['12.3149', '11.1858']",Yom River catchment,Spot
1000,landslide/landslide.1900,landslide.1900,"rgb(154, 255, 255)",landslide.landslide.1900,"['127.2', '37.2']",Yongin,Spot
1000,landslide/landslide.1901,landslide.1901,"rgb(154, 255, 255)",landslide.landslide.1901,"['127.1478', '37.2411']",Yongin area in Korea,Spot
1000,landslide/landslide.1902,landslide.1902,"rgb(154, 255, 255)",landslide.landslide.1902,"['127.1478', '37.2411']",Yongin in Korea,Spot
1000,landslide/landslide.1903,landslide.1903,"rgb(154, 255, 255)",landslide.landslide.1903,"['101.8683', '25.6880']",Yongping County,Spot
1000,landslide/landslide.1904,landslide.1904,"rgb(154, 255, 255)",landslide.landslide.1904,"['118.9397', '25.8959']",Yongtai County,Spot
1000,landslide/landslide.1905,landslide.1905,"rgb(154, 255, 255)",landslide.landslide.1905,"['115.3947', '28.2331']",Yongxin,Spot
1000,landslide/landslide.1906,landslide.1906,"rgb(154, 255, 255)",landslide.landslide.1906,"['114.2317', '40.7981']",Yongxin Country,Spot
1000,landslide/landslide.1907,landslide.1907,"rgb(154, 255, 255)",landslide.landslide.1907,"['117.8628', '28.1018']",Yongxin County,Spot
1000,landslide/landslide.1908,landslide.1908,"rgb(154, 255, 255)",landslide.landslide.1908,"['114.5', '27.5']",Yongxin County from China,Spot
1000,landslide/landslide.1909,landslide.1909,"rgb(154, 255, 255)",landslide.landslide.1909,"['113.1526', '24.4700']",Youfang catchment,Spot
1000,landslide/landslide.1910,landslide.1910,"rgb(154, 255, 255)",landslide.landslide.1910,"['106.9201', '33.9086']",Youfang catchment of Longnan mountain,Spot
1000,landslide/landslide.1911,landslide.1911,"rgb(154, 255, 255)",landslide.landslide.1911,"['126.9715', '37.3201']",Youngin,Spot
1000,landslide/landslide.1912,landslide.1912,"rgb(154, 255, 255)",landslide.landslide.1912,"['122.3733', '38.4044']",Yountville and Capell Valley,Spot
1000,landslide/landslide.1913,landslide.1913,"rgb(154, 255, 255)",landslide.landslide.1913,"['108.5182', '31.6081']",Yuan'an County in China,Spot
1000,landslide/landslide.1914,landslide.1914,"rgb(154, 255, 255)",landslide.landslide.1914,"['102.7489', '23.1115']",Yuanyang County of Southwest China,Spot
1000,landslide/landslide.1915,landslide.1915,"rgb(154, 255, 255)",landslide.landslide.1915,"['112.0435', '22.9320']",Yunfu City,Spot
1000,landslide/landslide.1916,landslide.1916,"rgb(154, 255, 255)",landslide.landslide.1916,"['101.3431', '24.4752']",Yunnan,Spot
1000,landslide/landslide.1917,landslide.1917,"rgb(154, 255, 255)",landslide.landslide.1917,"['101.3431', '24.4752']",Yunnan Province,Spot
1000,landslide/landslide.1918,landslide.1918,"rgb(154, 255, 255)",landslide.landslide.1918,"['108.8830', '32.9617']",Yunyang Country,Spot
1000,landslide/landslide.1919,landslide.1919,"rgb(154, 255, 255)",landslide.landslide.1919,"['108.8636', '30.2209']",Yunyang County,Spot
1000,landslide/landslide.1920,landslide.1920,"rgb(154, 255, 255)",landslide.landslide.1920,"['101.4815', '26.3640']",Yuzi River catchment along the eastern margin of the Tibetan Plateau,Spot
1000,landslide/landslide.1921,landslide.1921,"rgb(154, 255, 255)",landslide.landslide.1921,"['45.4328', '36.2280']",Zab river basin,Spot
1000,landslide/landslide.1922,landslide.1922,"rgb(154, 255, 255)",landslide.landslide.1922,"['48.6133', '32.3996']",Zagros fold and thrust belt,Spot
1000,landslide/landslide.1923,landslide.1923,"rgb(154, 255, 255)",landslide.landslide.1923,"['48.4740', '36.6699']",Zanjan,Spot
1000,landslide/landslide.1924,landslide.1924,"rgb(154, 255, 255)",landslide.landslide.1924,"['5.9729', '7.4361']",Zanou 's river,Spot
1000,landslide/landslide.1925,landslide.1925,"rgb(154, 255, 255)",landslide.landslide.1925,"['20.4033', '44.8400']",Zemun settlement on the northern outskirts of Belgrade,Spot
1000,landslide/landslide.1926,landslide.1926,"rgb(154, 255, 255)",landslide.landslide.1926,"['101.3431', '24.4752']",Zentoku,Spot
1000,landslide/landslide.1927,landslide.1927,"rgb(154, 255, 255)",landslide.landslide.1927,"['104.0863', '31.0425']",Zhangzha Town in Sichuan Province,Spot
1000,landslide/landslide.1928,landslide.1928,"rgb(154, 255, 255)",landslide.landslide.1928,"['110.9966', '24.1366']",Zhaoping County of eastern Guangxi,Spot
1000,landslide/landslide.1929,landslide.1929,"rgb(154, 255, 255)",landslide.landslide.1929,"['108.5180', '33.7867']",Zhashui County,Spot
1000,landslide/landslide.1930,landslide.1930,"rgb(154, 255, 255)",landslide.landslide.1930,"['120.1536', '29.1556']",Zhejiang Province,Spot
1000,landslide/landslide.1931,landslide.1931,"rgb(154, 255, 255)",landslide.landslide.1931,"['109.1503', '31.1582']",Zhen'an County,Spot
1000,landslide/landslide.1932,landslide.1932,"rgb(154, 255, 255)",landslide.landslide.1932,"['112.2354', '31.8514']",Zhenping County,Spot
1000,landslide/landslide.1933,landslide.1933,"rgb(154, 255, 255)",landslide.landslide.1933,"['104.8046', '27.0845']",Zhenxiong County,Spot
1000,landslide/landslide.1934,landslide.1934,"rgb(154, 255, 255)",landslide.landslide.1934,"['110.5933', '33.5864']",Zhidan County,Spot
1000,landslide/landslide.1935,landslide.1935,"rgb(154, 255, 255)",landslide.landslide.1935,"['114.3115', '30.5928']",Zhong - Wu natural gas pipeline from Zhongxian County to Wuhan,Spot
1000,landslide/landslide.1936,landslide.1936,"rgb(154, 255, 255)",landslide.landslide.1936,"['100.3163', '30.8555']",Zhong County,Spot
1000,landslide/landslide.1937,landslide.1937,"rgb(154, 255, 255)",landslide.landslide.1937,"['102.5828', '29.9947']",Zhoujiaba,Spot
1000,landslide/landslide.1938,landslide.1938,"rgb(154, 255, 255)",landslide.landslide.1938,"['104.3653', '33.7884']",Zhouqu,Spot
1000,landslide/landslide.1939,landslide.1939,"rgb(154, 255, 255)",landslide.landslide.1939,"['104.3653', '33.7884']",Zhouqu area of Gansu Province,Spot
1000,landslide/landslide.1940,landslide.1940,"rgb(154, 255, 255)",landslide.landslide.1940,"['104.3653', '33.7884']",Zhouqu County,Spot
1000,landslide/landslide.1941,landslide.1941,"rgb(154, 255, 255)",landslide.landslide.1941,"['104.3653', '33.7884']",Zhouqu segment in the Bailongjiang basin in north - western China,Spot
1000,landslide/landslide.1942,landslide.1942,"rgb(154, 255, 255)",landslide.landslide.1942,"['104.3653', '33.7884']",Zhouqu to Wudu segment in the Bailong River Basin,Spot
1000,landslide/landslide.1943,landslide.1943,"rgb(154, 255, 255)",landslide.landslide.1943,"['112.2219', '32.3190']",Zhushan County in China,Spot
1000,landslide/landslide.1944,landslide.1944,"rgb(154, 255, 255)",landslide.landslide.1944,"['67.7750', '30.3595']",Ziarat watershed,Spot
1000,landslide/landslide.1945,landslide.1945,"rgb(154, 255, 255)",landslide.landslide.1945,"['115.1903', '23.8248']",Zichang City,Spot
1000,landslide/landslide.1946,landslide.1946,"rgb(154, 255, 255)",landslide.landslide.1946,"['101.6213', '34.0353']",Zichang County,Spot
1000,landslide/landslide.1947,landslide.1947,"rgb(154, 255, 255)",landslide.landslide.1947,"['110.8431', '30.8230']",Zigui,Spot
1000,landslide/landslide.1948,landslide.1948,"rgb(154, 255, 255)",landslide.landslide.1948,"['110.5321', '30.8614']",Zigui - Badong,Spot
1000,landslide/landslide.1949,landslide.1949,"rgb(154, 255, 255)",landslide.landslide.1949,"['110.4889', '30.8918']",Zigui - Badong section,Spot
1000,landslide/landslide.1950,landslide.1950,"rgb(154, 255, 255)",landslide.landslide.1950,"['110.5835', '30.8727']",Zigui - Badong section in the Three Gorges,Spot
1000,landslide/landslide.1951,landslide.1951,"rgb(154, 255, 255)",landslide.landslide.1951,"['110.6270', '30.8799']",Zigui Badong area in the Three Gorges region of China,Spot
1000,landslide/landslide.1952,landslide.1952,"rgb(154, 255, 255)",landslide.landslide.1952,"['110.8565', '30.9199']",Zigui Basin,Spot
1000,landslide/landslide.1953,landslide.1953,"rgb(154, 255, 255)",landslide.landslide.1953,"['110.9915', '30.8193']",Zigui County,Spot
1000,landslide/landslide.1954,landslide.1954,"rgb(154, 255, 255)",landslide.landslide.1954,"['110.8953', '30.9229']",Zigui section in three gorges reservoir,Spot
1000,landslide/landslide.1955,landslide.1955,"rgb(154, 255, 255)",landslide.landslide.1955,"['110.8431', '30.8230']",Zigui segment,Spot
1000,landslide/landslide.1956,landslide.1956,"rgb(154, 255, 255)",landslide.landslide.1956,"['110.5321', '30.8614']",Zigui to Badong section of the Three Gorges Reservoir,Spot
1000,landslide/landslide.1957,landslide.1957,"rgb(154, 255, 255)",landslide.landslide.1957,"['112.2385', '30.3164']",ZJB,Spot
1000,landslide/landslide.1958,landslide.1958,"rgb(154, 255, 255)",landslide.landslide.1958,"['75.0783', '34.3118']",Zojila pass,Spot
