size,path,id,color,name,coordinates,description,type,nodeVisibility
10000,LOC.0,LOC.0,#2579e8,landslide.LOC.0,"['101.3431', '24.4752']",10 km from the VII isobar of the Gengma,LOC,FALSE
5000,LOC.0/MED,LOC.0.MED,#27cf7e,landslide.LOC.0.MED,"['101.3431', '24.4752']",,MED,FALSE
5000,LOC.0/FAC,LOC.0.FAC,#f0a73a,landslide.LOC.0.FAC,"['101.3431', '24.4752']",,FAC,FALSE
5000,LOC.0/DATA,LOC.0.DATA,#8579ec,landslide.LOC.0.DATA,"['101.3431', '24.4752']",,DATA,FALSE
10000,LOC.1,LOC.1,#2579e8,landslide.LOC.1,"['50.5253', '25.2744']",41 - km rail that crosses the Serra do Mar mountain range,LOC,FALSE
5000,LOC.1/MED,LOC.1.MED,#27cf7e,landslide.LOC.1.MED,"['50.5253', '25.2744']",,MED,FALSE
5000,LOC.1/FAC,LOC.1.FAC,#f0a73a,landslide.LOC.1.FAC,"['50.5253', '25.2744']",,FAC,FALSE
5000,LOC.1/DATA,LOC.1.DATA,#8579ec,landslide.LOC.1.DATA,"['50.5253', '25.2744']",,DATA,FALSE
10000,LOC.2,LOC.2,#2579e8,landslide.LOC.2,"['3.0857', '36.7372']",70 km southeast of the Algerian capital,LOC,FALSE
5000,LOC.2/MED,LOC.2.MED,#27cf7e,landslide.LOC.2.MED,"['3.0857', '36.7372']",,MED,FALSE
5000,LOC.2/FAC,LOC.2.FAC,#f0a73a,landslide.LOC.2.FAC,"['3.0857', '36.7372']",,FAC,FALSE
5000,LOC.2/DATA,LOC.2.DATA,#8579ec,landslide.LOC.2.DATA,"['3.0857', '36.7372']",,DATA,FALSE
10000,LOC.3,LOC.3,#2579e8,landslide.LOC.3,"['78.4322', '30.3090']",a famous tourist destination in the Indian State of Uttarakhand,LOC,FALSE
5000,LOC.3/MED,LOC.3.MED,#27cf7e,landslide.LOC.3.MED,"['78.4322', '30.3090']",,MED,FALSE
5000,LOC.3/FAC,LOC.3.FAC,#f0a73a,landslide.LOC.3.FAC,"['78.4322', '30.3090']",,FAC,FALSE
5000,LOC.3/DATA,LOC.3.DATA,#8579ec,landslide.LOC.3.DATA,"['78.4322', '30.3090']",,DATA,FALSE
10000,LOC.4,LOC.4,#2579e8,landslide.LOC.4,"['6.8481', '49.3727']",A lagou,LOC,FALSE
5000,LOC.4/MED,LOC.4.MED,#27cf7e,landslide.LOC.4.MED,"['6.8481', '49.3727']",,MED,FALSE
5000,LOC.4/FAC,LOC.4.FAC,#f0a73a,landslide.LOC.4.FAC,"['6.8481', '49.3727']",,FAC,FALSE
5000,LOC.4/DATA,LOC.4.DATA,#8579ec,landslide.LOC.4.DATA,"['6.8481', '49.3727']",,DATA,FALSE
10000,LOC.5,LOC.5,#2579e8,landslide.LOC.5,"['38.1317', '9.9378']",Aba Libanos area in Northwestern Ethiopia,LOC,FALSE
5000,LOC.5/MED,LOC.5.MED,#27cf7e,landslide.LOC.5.MED,"['38.1317', '9.9378']",,MED,FALSE
5000,LOC.5/FAC,LOC.5.FAC,#f0a73a,landslide.LOC.5.FAC,"['38.1317', '9.9378']",,FAC,FALSE
5000,LOC.5/DATA,LOC.5.DATA,#8579ec,landslide.LOC.5.DATA,"['38.1317', '9.9378']",,DATA,FALSE
10000,LOC.6,LOC.6,#2579e8,landslide.LOC.6,"['37.4031', '11.7990']",Abay Gorge near Dejen,LOC,FALSE
5000,LOC.6/MED,LOC.6.MED,#27cf7e,landslide.LOC.6.MED,"['37.4031', '11.7990']",,MED,FALSE
5000,LOC.6/FAC,LOC.6.FAC,#f0a73a,landslide.LOC.6.FAC,"['37.4031', '11.7990']",,FAC,FALSE
5000,LOC.6/DATA,LOC.6.DATA,#8579ec,landslide.LOC.6.DATA,"['37.4031', '11.7990']",,DATA,FALSE
10000,LOC.7,LOC.7,#2579e8,landslide.LOC.7,"['73.2407', '34.1688']",Abbottabad,LOC,FALSE
5000,LOC.7/MED,LOC.7.MED,#27cf7e,landslide.LOC.7.MED,"['73.2407', '34.1688']",,MED,FALSE
5000,LOC.7/FAC,LOC.7.FAC,#f0a73a,landslide.LOC.7.FAC,"['73.2407', '34.1688']",,FAC,FALSE
5000,LOC.7/DATA,LOC.7.DATA,#8579ec,landslide.LOC.7.DATA,"['73.2407', '34.1688']",,DATA,FALSE
10000,LOC.8,LOC.8,#2579e8,landslide.LOC.8,"['34.9967', '14.4105']",Abe Barek,LOC,FALSE
5000,LOC.8/MED,LOC.8.MED,#27cf7e,landslide.LOC.8.MED,"['34.9967', '14.4105']",,MED,FALSE
5000,LOC.8/FAC,LOC.8.FAC,#f0a73a,landslide.LOC.8.FAC,"['34.9967', '14.4105']",,FAC,FALSE
5000,LOC.8/DATA,LOC.8.DATA,#8579ec,landslide.LOC.8.DATA,"['34.9967', '14.4105']",,DATA,FALSE
10000,LOC.9,LOC.9,#2579e8,landslide.LOC.9,"['13.6747', '42.3512']",Abruzzo,LOC,FALSE
5000,LOC.9/MED,LOC.9.MED,#27cf7e,landslide.LOC.9.MED,"['13.6747', '42.3512']",,MED,FALSE
5000,LOC.9/FAC,LOC.9.FAC,#f0a73a,landslide.LOC.9.FAC,"['13.6747', '42.3512']",,FAC,FALSE
5000,LOC.9/DATA,LOC.9.DATA,#8579ec,landslide.LOC.9.DATA,"['13.6747', '42.3512']",,DATA,FALSE
10000,LOC.10,LOC.10,#2579e8,landslide.LOC.10,"['21.6536', '38.1313']",Achaia Regional Unit located in Northern Peloponnese,LOC,FALSE
5000,LOC.10/MED,LOC.10.MED,#27cf7e,landslide.LOC.10.MED,"['21.6536', '38.1313']",,MED,FALSE
5000,LOC.10/FAC,LOC.10.FAC,#f0a73a,landslide.LOC.10.FAC,"['21.6536', '38.1313']",,FAC,FALSE
5000,LOC.10/DATA,LOC.10.DATA,#8579ec,landslide.LOC.10.DATA,"['21.6536', '38.1313']",,DATA,FALSE
10000,LOC.11,LOC.11,#2579e8,landslide.LOC.11,"['77.1025', '28.7041']",adjacent to the National Highways,LOC,FALSE
5000,LOC.11/MED,LOC.11.MED,#27cf7e,landslide.LOC.11.MED,"['77.1025', '28.7041']",,MED,FALSE
5000,LOC.11/FAC,LOC.11.FAC,#f0a73a,landslide.LOC.11.FAC,"['77.1025', '28.7041']",,FAC,FALSE
5000,LOC.11/DATA,LOC.11.DATA,#8579ec,landslide.LOC.11.DATA,"['77.1025', '28.7041']",,DATA,FALSE
10000,LOC.12,LOC.12,#2579e8,landslide.LOC.12,"['16.7187', '42.2596']",Adriatic coast,LOC,FALSE
5000,LOC.12/MED,LOC.12.MED,#27cf7e,landslide.LOC.12.MED,"['16.7187', '42.2596']",,MED,FALSE
5000,LOC.12/FAC,LOC.12.FAC,#f0a73a,landslide.LOC.12.FAC,"['16.7187', '42.2596']",,FAC,FALSE
5000,LOC.12/DATA,LOC.12.DATA,#8579ec,landslide.LOC.12.DATA,"['16.7187', '42.2596']",,DATA,FALSE
10000,LOC.13,LOC.13,#2579e8,landslide.LOC.13,"['17.1232', '40.6395']",Adriatic Coast of south Italy,LOC,FALSE
5000,LOC.13/MED,LOC.13.MED,#27cf7e,landslide.LOC.13.MED,"['17.1232', '40.6395']",,MED,FALSE
5000,LOC.13/FAC,LOC.13.FAC,#f0a73a,landslide.LOC.13.FAC,"['17.1232', '40.6395']",,FAC,FALSE
5000,LOC.13/DATA,LOC.13.DATA,#8579ec,landslide.LOC.13.DATA,"['17.1232', '40.6395']",,DATA,FALSE
10000,LOC.14,LOC.14,#2579e8,landslide.LOC.14,"['14.8498', '38.4693']",Aeolian Archipelago,LOC,FALSE
5000,LOC.14/MED,LOC.14.MED,#27cf7e,landslide.LOC.14.MED,"['14.8498', '38.4693']",,MED,FALSE
5000,LOC.14/FAC,LOC.14.FAC,#f0a73a,landslide.LOC.14.FAC,"['14.8498', '38.4693']",,FAC,FALSE
5000,LOC.14/DATA,LOC.14.DATA,#8579ec,landslide.LOC.14.DATA,"['14.8498', '38.4693']",,DATA,FALSE
10000,LOC.15,LOC.15,#2579e8,landslide.LOC.15,"['21.2911', '38.7205']",Aetolia - Acarnania and Evritania prefectures,LOC,FALSE
5000,LOC.15/MED,LOC.15.MED,#27cf7e,landslide.LOC.15.MED,"['21.2911', '38.7205']",,MED,FALSE
5000,LOC.15/FAC,LOC.15.FAC,#f0a73a,landslide.LOC.15.FAC,"['21.2911', '38.7205']",,FAC,FALSE
5000,LOC.15/DATA,LOC.15.DATA,#8579ec,landslide.LOC.15.DATA,"['21.2911', '38.7205']",,DATA,FALSE
10000,LOC.16,LOC.16,#2579e8,landslide.LOC.16,"['14.9333', '37.8219']",affluent of the Alcantara River,LOC,FALSE
5000,LOC.16/MED,LOC.16.MED,#27cf7e,landslide.LOC.16.MED,"['14.9333', '37.8219']",,MED,FALSE
5000,LOC.16/FAC,LOC.16.FAC,#f0a73a,landslide.LOC.16.FAC,"['14.9333', '37.8219']",,FAC,FALSE
5000,LOC.16/DATA,LOC.16.DATA,#8579ec,landslide.LOC.16.DATA,"['14.9333', '37.8219']",,DATA,FALSE
10000,LOC.17,LOC.17,#2579e8,landslide.LOC.17,"['66.2385', '33.9391']",Afghanistan,LOC,FALSE
5000,LOC.17/MED,LOC.17.MED,#27cf7e,landslide.LOC.17.MED,"['66.2385', '33.9391']",,MED,FALSE
5000,LOC.17/FAC,LOC.17.FAC,#f0a73a,landslide.LOC.17.FAC,"['66.2385', '33.9391']",,FAC,FALSE
5000,LOC.17/DATA,LOC.17.DATA,#8579ec,landslide.LOC.17.DATA,"['66.2385', '33.9391']",,DATA,FALSE
10000,LOC.18,LOC.18,#2579e8,landslide.LOC.18,"['17.3660', '8.7832']",Africa,LOC,FALSE
5000,LOC.18/MED,LOC.18.MED,#27cf7e,landslide.LOC.18.MED,"['17.3660', '8.7832']",,MED,FALSE
5000,LOC.18/FAC,LOC.18.FAC,#f0a73a,landslide.LOC.18.FAC,"['17.3660', '8.7832']",,FAC,FALSE
5000,LOC.18/DATA,LOC.18.DATA,#8579ec,landslide.LOC.18.DATA,"['17.3660', '8.7832']",,DATA,FALSE
10000,LOC.19,LOC.19,#2579e8,landslide.LOC.19,"['9.6304', '30.4202']",Agadir Ida - Ou - Tanane province,LOC,FALSE
5000,LOC.19/MED,LOC.19.MED,#27cf7e,landslide.LOC.19.MED,"['9.6304', '30.4202']",,MED,FALSE
5000,LOC.19/FAC,LOC.19.FAC,#f0a73a,landslide.LOC.19.FAC,"['9.6304', '30.4202']",,FAC,FALSE
5000,LOC.19/DATA,LOC.19.DATA,#8579ec,landslide.LOC.19.DATA,"['9.6304', '30.4202']",,DATA,FALSE
10000,LOC.20,LOC.20,#2579e8,landslide.LOC.20,"['14.5233', '41.5833']",Agnone,LOC,FALSE
5000,LOC.20/MED,LOC.20.MED,#27cf7e,landslide.LOC.20.MED,"['14.5233', '41.5833']",,MED,FALSE
5000,LOC.20/FAC,LOC.20.FAC,#f0a73a,landslide.LOC.20.FAC,"['14.5233', '41.5833']",,FAC,FALSE
5000,LOC.20/DATA,LOC.20.DATA,#8579ec,landslide.LOC.20.DATA,"['14.5233', '41.5833']",,DATA,FALSE
10000,LOC.21,LOC.21,#2579e8,landslide.LOC.21,"['146.7265', '-41.1211']",Agnus Creek valley,LOC,FALSE
5000,LOC.21/MED,LOC.21.MED,#27cf7e,landslide.LOC.21.MED,"['146.7265', '-41.1211']",,MED,FALSE
5000,LOC.21/FAC,LOC.21.FAC,#f0a73a,landslide.LOC.21.FAC,"['146.7265', '-41.1211']",,FAC,FALSE
5000,LOC.21/DATA,LOC.21.DATA,#8579ec,landslide.LOC.21.DATA,"['146.7265', '-41.1211']",,DATA,FALSE
10000,LOC.22,LOC.22,#2579e8,landslide.LOC.22,"['5.5311', '5.5060']",Ago District,LOC,FALSE
5000,LOC.22/MED,LOC.22.MED,#27cf7e,landslide.LOC.22.MED,"['5.5311', '5.5060']",,MED,FALSE
5000,LOC.22/FAC,LOC.22.FAC,#f0a73a,landslide.LOC.22.FAC,"['5.5311', '5.5060']",,FAC,FALSE
5000,LOC.22/DATA,LOC.22.DATA,#8579ec,landslide.LOC.22.DATA,"['5.5311', '5.5060']",,DATA,FALSE
10000,LOC.23,LOC.23,#2579e8,landslide.LOC.23,"['72.7833', '34.0192']",AH - 1,LOC,FALSE
5000,LOC.23/MED,LOC.23.MED,#27cf7e,landslide.LOC.23.MED,"['72.7833', '34.0192']",,MED,FALSE
5000,LOC.23/FAC,LOC.23.FAC,#f0a73a,landslide.LOC.23.FAC,"['72.7833', '34.0192']",,FAC,FALSE
5000,LOC.23/DATA,LOC.23.DATA,#8579ec,landslide.LOC.23.DATA,"['72.7833', '34.0192']",,DATA,FALSE
10000,LOC.24,LOC.24,#2579e8,landslide.LOC.24,"['74.1280', '34.1271']",AH - 2,LOC,FALSE
5000,LOC.24/MED,LOC.24.MED,#27cf7e,landslide.LOC.24.MED,"['74.1280', '34.1271']",,MED,FALSE
5000,LOC.24/FAC,LOC.24.FAC,#f0a73a,landslide.LOC.24.FAC,"['74.1280', '34.1271']",,FAC,FALSE
5000,LOC.24/DATA,LOC.24.DATA,#8579ec,landslide.LOC.24.DATA,"['74.1280', '34.1271']",,DATA,FALSE
10000,LOC.25,LOC.25,#2579e8,landslide.LOC.25,"['72.7833', '34.0192']",AH48,LOC,FALSE
5000,LOC.25/MED,LOC.25.MED,#27cf7e,landslide.LOC.25.MED,"['72.7833', '34.0192']",,MED,FALSE
5000,LOC.25/FAC,LOC.25.FAC,#f0a73a,landslide.LOC.25.FAC,"['72.7833', '34.0192']",,FAC,FALSE
5000,LOC.25/DATA,LOC.25.DATA,#8579ec,landslide.LOC.25.DATA,"['72.7833', '34.0192']",,DATA,FALSE
10000,LOC.26,LOC.26,#2579e8,landslide.LOC.26,"['35.7516', '32.3335']",Ajloun and Jerash governorates in Jordan,LOC,FALSE
5000,LOC.26/MED,LOC.26.MED,#27cf7e,landslide.LOC.26.MED,"['35.7516', '32.3335']",,MED,FALSE
5000,LOC.26/FAC,LOC.26.FAC,#f0a73a,landslide.LOC.26.FAC,"['35.7516', '32.3335']",,FAC,FALSE
5000,LOC.26/DATA,LOC.26.DATA,#8579ec,landslide.LOC.26.DATA,"['35.7516', '32.3335']",,DATA,FALSE
10000,LOC.27,LOC.27,#2579e8,landslide.LOC.27,"['138.1875', '35.6595']",Akaishi Mountains,LOC,FALSE
5000,LOC.27/MED,LOC.27.MED,#27cf7e,landslide.LOC.27.MED,"['138.1875', '35.6595']",,MED,FALSE
5000,LOC.27/FAC,LOC.27.FAC,#f0a73a,landslide.LOC.27.FAC,"['138.1875', '35.6595']",,FAC,FALSE
5000,LOC.27/DATA,LOC.27.DATA,#8579ec,landslide.LOC.27.DATA,"['138.1875', '35.6595']",,DATA,FALSE
10000,LOC.28,LOC.28,#2579e8,landslide.LOC.28,"['-3.9492', '35.0527']",Aknoul region in the Rif,LOC,FALSE
5000,LOC.28/MED,LOC.28.MED,#27cf7e,landslide.LOC.28.MED,"['-3.9492', '35.0527']",,MED,FALSE
5000,LOC.28/FAC,LOC.28.FAC,#f0a73a,landslide.LOC.28.FAC,"['-3.9492', '35.0527']",,FAC,FALSE
5000,LOC.28/DATA,LOC.28.DATA,#8579ec,landslide.LOC.28.DATA,"['-3.9492', '35.0527']",,DATA,FALSE
10000,LOC.29,LOC.29,#2579e8,landslide.LOC.29,"['35.1400', '32.0986']",Al - Hasher,LOC,FALSE
5000,LOC.29/MED,LOC.29.MED,#27cf7e,landslide.LOC.29.MED,"['35.1400', '32.0986']",,MED,FALSE
5000,LOC.29/FAC,LOC.29.FAC,#f0a73a,landslide.LOC.29.FAC,"['35.1400', '32.0986']",,FAC,FALSE
5000,LOC.29/DATA,LOC.29.DATA,#8579ec,landslide.LOC.29.DATA,"['35.1400', '32.0986']",,DATA,FALSE
10000,LOC.30,LOC.30,#2579e8,landslide.LOC.30,"['-84.0926', '10.0159']",Alajuela,LOC,FALSE
5000,LOC.30/MED,LOC.30.MED,#27cf7e,landslide.LOC.30.MED,"['-84.0926', '10.0159']",,MED,FALSE
5000,LOC.30/FAC,LOC.30.FAC,#f0a73a,landslide.LOC.30.FAC,"['-84.0926', '10.0159']",,FAC,FALSE
5000,LOC.30/DATA,LOC.30.DATA,#8579ec,landslide.LOC.30.DATA,"['-84.0926', '10.0159']",,DATA,FALSE
10000,LOC.31,LOC.31,#2579e8,landslide.LOC.31,"['106.7290', '32.9829']",Alamout basin,LOC,FALSE
5000,LOC.31/MED,LOC.31.MED,#27cf7e,landslide.LOC.31.MED,"['106.7290', '32.9829']",,MED,FALSE
5000,LOC.31/FAC,LOC.31.FAC,#f0a73a,landslide.LOC.31.FAC,"['106.7290', '32.9829']",,FAC,FALSE
5000,LOC.31/DATA,LOC.31.DATA,#8579ec,landslide.LOC.31.DATA,"['106.7290', '32.9829']",,DATA,FALSE
10000,LOC.32,LOC.32,#2579e8,landslide.LOC.32,"['50.2201', '36.5486']",Alamut watershed,LOC,FALSE
5000,LOC.32/MED,LOC.32.MED,#27cf7e,landslide.LOC.32.MED,"['50.2201', '36.5486']",,MED,FALSE
5000,LOC.32/FAC,LOC.32.FAC,#f0a73a,landslide.LOC.32.FAC,"['50.2201', '36.5486']",,FAC,FALSE
5000,LOC.32/DATA,LOC.32.DATA,#8579ec,landslide.LOC.32.DATA,"['50.2201', '36.5486']",,DATA,FALSE
10000,LOC.33,LOC.33,#2579e8,landslide.LOC.33,"['51.4667', '35.9931']",Alborz Mountain Belt,LOC,FALSE
5000,LOC.33/MED,LOC.33.MED,#27cf7e,landslide.LOC.33.MED,"['51.4667', '35.9931']",,MED,FALSE
5000,LOC.33/FAC,LOC.33.FAC,#f0a73a,landslide.LOC.33.FAC,"['51.4667', '35.9931']",,FAC,FALSE
5000,LOC.33/DATA,LOC.33.DATA,#8579ec,landslide.LOC.33.DATA,"['51.4667', '35.9931']",,DATA,FALSE
10000,LOC.34,LOC.34,#2579e8,landslide.LOC.34,"['-0.6171', '38.6910']",Alcoy,LOC,FALSE
5000,LOC.34/MED,LOC.34.MED,#27cf7e,landslide.LOC.34.MED,"['-0.6171', '38.6910']",,MED,FALSE
5000,LOC.34/FAC,LOC.34.FAC,#f0a73a,landslide.LOC.34.FAC,"['-0.6171', '38.6910']",,FAC,FALSE
5000,LOC.34/DATA,LOC.34.DATA,#8579ec,landslide.LOC.34.DATA,"['-0.6171', '38.6910']",,DATA,FALSE
10000,LOC.35,LOC.35,#2579e8,landslide.LOC.35,"['2.6329', '28.0339']",Algeria,LOC,FALSE
5000,LOC.35/MED,LOC.35.MED,#27cf7e,landslide.LOC.35.MED,"['2.6329', '28.0339']",,MED,FALSE
5000,LOC.35/FAC,LOC.35.FAC,#f0a73a,landslide.LOC.35.FAC,"['2.6329', '28.0339']",,FAC,FALSE
5000,LOC.35/DATA,LOC.35.DATA,#8579ec,landslide.LOC.35.DATA,"['2.6329', '28.0339']",,DATA,FALSE
10000,LOC.36,LOC.36,#2579e8,landslide.LOC.36,"['3.0588', '36.7372']",Algiers,LOC,FALSE
5000,LOC.36/MED,LOC.36.MED,#27cf7e,landslide.LOC.36.MED,"['3.0588', '36.7372']",,MED,FALSE
5000,LOC.36/FAC,LOC.36.FAC,#f0a73a,landslide.LOC.36.FAC,"['3.0588', '36.7372']",,FAC,FALSE
5000,LOC.36/DATA,LOC.36.DATA,#8579ec,landslide.LOC.36.DATA,"['3.0588', '36.7372']",,DATA,FALSE
10000,LOC.37,LOC.37,#2579e8,landslide.LOC.37,"['3.2935', '36.8402']",Algiers Sahel,LOC,FALSE
5000,LOC.37/MED,LOC.37.MED,#27cf7e,landslide.LOC.37.MED,"['3.2935', '36.8402']",,MED,FALSE
5000,LOC.37/FAC,LOC.37.FAC,#f0a73a,landslide.LOC.37.FAC,"['3.2935', '36.8402']",,FAC,FALSE
5000,LOC.37/DATA,LOC.37.DATA,#8579ec,landslide.LOC.37.DATA,"['3.2935', '36.8402']",,DATA,FALSE
10000,LOC.38,LOC.38,#2579e8,landslide.LOC.38,"['-0.4907', '38.3452']",Alicante,LOC,FALSE
5000,LOC.38/MED,LOC.38.MED,#27cf7e,landslide.LOC.38.MED,"['-0.4907', '38.3452']",,MED,FALSE
5000,LOC.38/FAC,LOC.38.FAC,#f0a73a,landslide.LOC.38.FAC,"['-0.4907', '38.3452']",,FAC,FALSE
5000,LOC.38/DATA,LOC.38.DATA,#8579ec,landslide.LOC.38.DATA,"['-0.4907', '38.3452']",,DATA,FALSE
10000,LOC.39,LOC.39,#2579e8,landslide.LOC.39,"['120.7184', '23.5116']",Alishan D098 sub-basin,LOC,FALSE
5000,LOC.39/MED,LOC.39.MED,#27cf7e,landslide.LOC.39.MED,"['120.7184', '23.5116']",,MED,FALSE
5000,LOC.39/FAC,LOC.39.FAC,#f0a73a,landslide.LOC.39.FAC,"['120.7184', '23.5116']",,FAC,FALSE
5000,LOC.39/DATA,LOC.39.DATA,#8579ec,landslide.LOC.39.DATA,"['120.7184', '23.5116']",,DATA,FALSE
10000,LOC.40,LOC.40,#2579e8,landslide.LOC.40,"['120.7879', '23.4973']",Alishan River in southern Taiwan,LOC,FALSE
5000,LOC.40/MED,LOC.40.MED,#27cf7e,landslide.LOC.40.MED,"['120.7879', '23.4973']",,MED,FALSE
5000,LOC.40/FAC,LOC.40.FAC,#f0a73a,landslide.LOC.40.FAC,"['120.7879', '23.4973']",,FAC,FALSE
5000,LOC.40/DATA,LOC.40.DATA,#8579ec,landslide.LOC.40.DATA,"['120.7879', '23.4973']",,DATA,FALSE
10000,LOC.41,LOC.41,#2579e8,landslide.LOC.41,"['79.6667', '29.6000']",Almora district,LOC,FALSE
5000,LOC.41/MED,LOC.41.MED,#27cf7e,landslide.LOC.41.MED,"['79.6667', '29.6000']",,MED,FALSE
5000,LOC.41/FAC,LOC.41.FAC,#f0a73a,landslide.LOC.41.FAC,"['79.6667', '29.6000']",,FAC,FALSE
5000,LOC.41/DATA,LOC.41.DATA,#8579ec,landslide.LOC.41.DATA,"['79.6667', '29.6000']",,DATA,FALSE
10000,LOC.42,LOC.42,#2579e8,landslide.LOC.42,"['79.0193', '30.0668']",along road corridors in the Indian Himalayas,LOC,FALSE
5000,LOC.42/MED,LOC.42.MED,#27cf7e,landslide.LOC.42.MED,"['79.0193', '30.0668']",,MED,FALSE
5000,LOC.42/FAC,LOC.42.FAC,#f0a73a,landslide.LOC.42.FAC,"['79.0193', '30.0668']",,FAC,FALSE
5000,LOC.42/DATA,LOC.42.DATA,#8579ec,landslide.LOC.42.DATA,"['79.0193', '30.0668']",,DATA,FALSE
10000,LOC.43,LOC.43,#2579e8,landslide.LOC.43,"['104.3586', '33.7856']",alpine - canyon region of Zhouqu,LOC,FALSE
5000,LOC.43/MED,LOC.43.MED,#27cf7e,landslide.LOC.43.MED,"['104.3586', '33.7856']",,MED,FALSE
5000,LOC.43/FAC,LOC.43.FAC,#f0a73a,landslide.LOC.43.FAC,"['104.3586', '33.7856']",,FAC,FALSE
5000,LOC.43/DATA,LOC.43.DATA,#8579ec,landslide.LOC.43.DATA,"['104.3586', '33.7856']",,DATA,FALSE
10000,LOC.44,LOC.44,#2579e8,landslide.LOC.44,"['10.4515', '46.2322']",Alpine regions of northern Italy,LOC,FALSE
5000,LOC.44/MED,LOC.44.MED,#27cf7e,landslide.LOC.44.MED,"['10.4515', '46.2322']",,MED,FALSE
5000,LOC.44/FAC,LOC.44.FAC,#f0a73a,landslide.LOC.44.FAC,"['10.4515', '46.2322']",,FAC,FALSE
5000,LOC.44/DATA,LOC.44.DATA,#8579ec,landslide.LOC.44.DATA,"['10.4515', '46.2322']",,DATA,FALSE
10000,LOC.45,LOC.45,#2579e8,landslide.LOC.45,"['10.0', '45.0']",Alpine sector,LOC,FALSE
5000,LOC.45/MED,LOC.45.MED,#27cf7e,landslide.LOC.45.MED,"['10.0', '45.0']",,MED,FALSE
5000,LOC.45/FAC,LOC.45.FAC,#f0a73a,landslide.LOC.45.FAC,"['10.0', '45.0']",,FAC,FALSE
5000,LOC.45/DATA,LOC.45.DATA,#8579ec,landslide.LOC.45.DATA,"['10.0', '45.0']",,DATA,FALSE
10000,LOC.46,LOC.46,#2579e8,landslide.LOC.46,"['7.7964', '45.9458']",Alps,LOC,FALSE
5000,LOC.46/MED,LOC.46.MED,#27cf7e,landslide.LOC.46.MED,"['7.7964', '45.9458']",,MED,FALSE
5000,LOC.46/FAC,LOC.46.FAC,#f0a73a,landslide.LOC.46.FAC,"['7.7964', '45.9458']",,FAC,FALSE
5000,LOC.46/DATA,LOC.46.DATA,#8579ec,landslide.LOC.46.DATA,"['7.7964', '45.9458']",,DATA,FALSE
10000,LOC.47,LOC.47,#2579e8,landslide.LOC.47,"['128.1816', '3.6956']",Ambon,LOC,FALSE
5000,LOC.47/MED,LOC.47.MED,#27cf7e,landslide.LOC.47.MED,"['128.1816', '3.6956']",,MED,FALSE
5000,LOC.47/FAC,LOC.47.FAC,#f0a73a,landslide.LOC.47.FAC,"['128.1816', '3.6956']",,FAC,FALSE
5000,LOC.47/DATA,LOC.47.DATA,#8579ec,landslide.LOC.47.DATA,"['128.1816', '3.6956']",,DATA,FALSE
10000,LOC.48,LOC.48,#2579e8,landslide.LOC.48,"['113.5', '-0.5']",Ampel,LOC,FALSE
5000,LOC.48/MED,LOC.48.MED,#27cf7e,landslide.LOC.48.MED,"['113.5', '-0.5']",,MED,FALSE
5000,LOC.48/FAC,LOC.48.FAC,#f0a73a,landslide.LOC.48.FAC,"['113.5', '-0.5']",,FAC,FALSE
5000,LOC.48/DATA,LOC.48.DATA,#8579ec,landslide.LOC.48.DATA,"['113.5', '-0.5']",,DATA,FALSE
10000,LOC.49,LOC.49,#2579e8,landslide.LOC.49,"['33.4597', '38.5414']",Anatolian Fault Zone of Turkey,LOC,FALSE
5000,LOC.49/MED,LOC.49.MED,#27cf7e,landslide.LOC.49.MED,"['33.4597', '38.5414']",,MED,FALSE
5000,LOC.49/FAC,LOC.49.FAC,#f0a73a,landslide.LOC.49.FAC,"['33.4597', '38.5414']",,FAC,FALSE
5000,LOC.49/DATA,LOC.49.DATA,#8579ec,landslide.LOC.49.DATA,"['33.4597', '38.5414']",,DATA,FALSE
10000,LOC.50,LOC.50,#2579e8,landslide.LOC.50,"['149.9003', '61.2181']",Anchorage,LOC,FALSE
5000,LOC.50/MED,LOC.50.MED,#27cf7e,landslide.LOC.50.MED,"['149.9003', '61.2181']",,MED,FALSE
5000,LOC.50/FAC,LOC.50.FAC,#f0a73a,landslide.LOC.50.FAC,"['149.9003', '61.2181']",,FAC,FALSE
5000,LOC.50/DATA,LOC.50.DATA,#8579ec,landslide.LOC.50.DATA,"['149.9003', '61.2181']",,DATA,FALSE
10000,LOC.51,LOC.51,#2579e8,landslide.LOC.51,"['13.5189', '43.6158']",Ancona,LOC,FALSE
5000,LOC.51/MED,LOC.51.MED,#27cf7e,landslide.LOC.51.MED,"['13.5189', '43.6158']",,MED,FALSE
5000,LOC.51/FAC,LOC.51.FAC,#f0a73a,landslide.LOC.51.FAC,"['13.5189', '43.6158']",,FAC,FALSE
5000,LOC.51/DATA,LOC.51.DATA,#8579ec,landslide.LOC.51.DATA,"['13.5189', '43.6158']",,DATA,FALSE
10000,LOC.52,LOC.52,#2579e8,landslide.LOC.52,"['13.5189', '43.6158']",Ancona municipality on the Adriatic coast of central Italy,LOC,FALSE
5000,LOC.52/MED,LOC.52.MED,#27cf7e,landslide.LOC.52.MED,"['13.5189', '43.6158']",,MED,FALSE
5000,LOC.52/FAC,LOC.52.FAC,#f0a73a,landslide.LOC.52.FAC,"['13.5189', '43.6158']",,FAC,FALSE
5000,LOC.52/DATA,LOC.52.DATA,#8579ec,landslide.LOC.52.DATA,"['13.5189', '43.6158']",,DATA,FALSE
10000,LOC.53,LOC.53,#2579e8,landslide.LOC.53,"['4.7130', '37.5443']",Andalusia,LOC,FALSE
5000,LOC.53/MED,LOC.53.MED,#27cf7e,landslide.LOC.53.MED,"['4.7130', '37.5443']",,MED,FALSE
5000,LOC.53/FAC,LOC.53.FAC,#f0a73a,landslide.LOC.53.FAC,"['4.7130', '37.5443']",,FAC,FALSE
5000,LOC.53/DATA,LOC.53.DATA,#8579ec,landslide.LOC.53.DATA,"['4.7130', '37.5443']",,DATA,FALSE
10000,LOC.54,LOC.54,#2579e8,landslide.LOC.54,"['-75.0', '-3.5']",Andean mountain range,LOC,FALSE
5000,LOC.54/MED,LOC.54.MED,#27cf7e,landslide.LOC.54.MED,"['-75.0', '-3.5']",,MED,FALSE
5000,LOC.54/FAC,LOC.54.FAC,#f0a73a,landslide.LOC.54.FAC,"['-75.0', '-3.5']",,FAC,FALSE
5000,LOC.54/DATA,LOC.54.DATA,#8579ec,landslide.LOC.54.DATA,"['-75.0', '-3.5']",,DATA,FALSE
10000,LOC.55,LOC.55,#2579e8,landslide.LOC.55,"['77.6560', '0.0774']",Andean tropics close to the volcano Reventador,LOC,FALSE
5000,LOC.55/MED,LOC.55.MED,#27cf7e,landslide.LOC.55.MED,"['77.6560', '0.0774']",,MED,FALSE
5000,LOC.55/FAC,LOC.55.FAC,#f0a73a,landslide.LOC.55.FAC,"['77.6560', '0.0774']",,FAC,FALSE
5000,LOC.55/DATA,LOC.55.DATA,#8579ec,landslide.LOC.55.DATA,"['77.6560', '0.0774']",,DATA,FALSE
10000,LOC.56,LOC.56,#2579e8,landslide.LOC.56,"['71.1177', '19.4969']",Andes,LOC,FALSE
5000,LOC.56/MED,LOC.56.MED,#27cf7e,landslide.LOC.56.MED,"['71.1177', '19.4969']",,MED,FALSE
5000,LOC.56/FAC,LOC.56.FAC,#f0a73a,landslide.LOC.56.FAC,"['71.1177', '19.4969']",,FAC,FALSE
5000,LOC.56/DATA,LOC.56.DATA,#8579ec,landslide.LOC.56.DATA,"['71.1177', '19.4969']",,DATA,FALSE
10000,LOC.57,LOC.57,#2579e8,landslide.LOC.57,"['115.1900', '27.4288']",Anfu County,LOC,FALSE
5000,LOC.57/MED,LOC.57.MED,#27cf7e,landslide.LOC.57.MED,"['115.1900', '27.4288']",,MED,FALSE
5000,LOC.57/FAC,LOC.57.FAC,#f0a73a,landslide.LOC.57.FAC,"['115.1900', '27.4288']",,FAC,FALSE
5000,LOC.57/DATA,LOC.57.DATA,#8579ec,landslide.LOC.57.DATA,"['115.1900', '27.4288']",,DATA,FALSE
10000,LOC.58,LOC.58,#2579e8,landslide.LOC.58,"['111.2270', '28.9701']",Anhua County,LOC,FALSE
5000,LOC.58/MED,LOC.58.MED,#27cf7e,landslide.LOC.58.MED,"['111.2270', '28.9701']",,MED,FALSE
5000,LOC.58/FAC,LOC.58.FAC,#f0a73a,landslide.LOC.58.FAC,"['111.2270', '28.9701']",,FAC,FALSE
5000,LOC.58/DATA,LOC.58.DATA,#8579ec,landslide.LOC.58.DATA,"['111.2270', '28.9701']",,DATA,FALSE
10000,LOC.59,LOC.59,#2579e8,landslide.LOC.59,"['111.2270', '28.9701']",Anhua County in China,LOC,FALSE
5000,LOC.59/MED,LOC.59.MED,#27cf7e,landslide.LOC.59.MED,"['111.2270', '28.9701']",,MED,FALSE
5000,LOC.59/FAC,LOC.59.FAC,#f0a73a,landslide.LOC.59.FAC,"['111.2270', '28.9701']",,FAC,FALSE
5000,LOC.59/DATA,LOC.59.DATA,#8579ec,landslide.LOC.59.DATA,"['111.2270', '28.9701']",,DATA,FALSE
10000,LOC.60,LOC.60,#2579e8,landslide.LOC.60,"['83.8207', '28.5953']",Annapurna,LOC,FALSE
5000,LOC.60/MED,LOC.60.MED,#27cf7e,landslide.LOC.60.MED,"['83.8207', '28.5953']",,MED,FALSE
5000,LOC.60/FAC,LOC.60.FAC,#f0a73a,landslide.LOC.60.FAC,"['83.8207', '28.5953']",,FAC,FALSE
5000,LOC.60/DATA,LOC.60.DATA,#8579ec,landslide.LOC.60.DATA,"['83.8207', '28.5953']",,DATA,FALSE
10000,LOC.61,LOC.61,#2579e8,landslide.LOC.61,"['115.0588', '25.4279']",Anyuan County,LOC,FALSE
5000,LOC.61/MED,LOC.61.MED,#27cf7e,landslide.LOC.61.MED,"['115.0588', '25.4279']",,MED,FALSE
5000,LOC.61/FAC,LOC.61.FAC,#f0a73a,landslide.LOC.61.FAC,"['115.0588', '25.4279']",,FAC,FALSE
5000,LOC.61/DATA,LOC.61.DATA,#8579ec,landslide.LOC.61.DATA,"['115.0588', '25.4279']",,DATA,FALSE
10000,LOC.62,LOC.62,#2579e8,landslide.LOC.62,"['13.7633', '42.6266']",Apennines of central Italy,LOC,FALSE
5000,LOC.62/MED,LOC.62.MED,#27cf7e,landslide.LOC.62.MED,"['13.7633', '42.6266']",,MED,FALSE
5000,LOC.62/FAC,LOC.62.FAC,#f0a73a,landslide.LOC.62.FAC,"['13.7633', '42.6266']",,FAC,FALSE
5000,LOC.62/DATA,LOC.62.DATA,#8579ec,landslide.LOC.62.DATA,"['13.7633', '42.6266']",,DATA,FALSE
10000,LOC.63,LOC.63,#2579e8,landslide.LOC.63,"['83.8239', '35.7382']",Appalachian Mountains,LOC,FALSE
5000,LOC.63/MED,LOC.63.MED,#27cf7e,landslide.LOC.63.MED,"['83.8239', '35.7382']",,MED,FALSE
5000,LOC.63/FAC,LOC.63.FAC,#f0a73a,landslide.LOC.63.FAC,"['83.8239', '35.7382']",,FAC,FALSE
5000,LOC.63/DATA,LOC.63.DATA,#8579ec,landslide.LOC.63.DATA,"['83.8239', '35.7382']",,DATA,FALSE
10000,LOC.64,LOC.64,#2579e8,landslide.LOC.64,"['16.6126', '40.9581']",Apulia,LOC,FALSE
5000,LOC.64/MED,LOC.64.MED,#27cf7e,landslide.LOC.64.MED,"['16.6126', '40.9581']",,MED,FALSE
5000,LOC.64/FAC,LOC.64.FAC,#f0a73a,landslide.LOC.64.FAC,"['16.6126', '40.9581']",,FAC,FALSE
5000,LOC.64/DATA,LOC.64.DATA,#8579ec,landslide.LOC.64.DATA,"['16.6126', '40.9581']",,DATA,FALSE
10000,LOC.65,LOC.65,#2579e8,landslide.LOC.65,"['41.6170', '19.2163']",Aqabat,LOC,FALSE
5000,LOC.65/MED,LOC.65.MED,#27cf7e,landslide.LOC.65.MED,"['41.6170', '19.2163']",,MED,FALSE
5000,LOC.65/FAC,LOC.65.FAC,#f0a73a,landslide.LOC.65.FAC,"['41.6170', '19.2163']",,FAC,FALSE
5000,LOC.65/DATA,LOC.65.DATA,#8579ec,landslide.LOC.65.DATA,"['41.6170', '19.2163']",,DATA,FALSE
10000,LOC.66,LOC.66,#2579e8,landslide.LOC.66,"['44.1266', '18.2096']",Aqabat Al - Sulbat,LOC,FALSE
5000,LOC.66/MED,LOC.66.MED,#27cf7e,landslide.LOC.66.MED,"['44.1266', '18.2096']",,MED,FALSE
5000,LOC.66/FAC,LOC.66.FAC,#f0a73a,landslide.LOC.66.FAC,"['44.1266', '18.2096']",,FAC,FALSE
5000,LOC.66/DATA,LOC.66.DATA,#8579ec,landslide.LOC.66.DATA,"['44.1266', '18.2096']",,DATA,FALSE
10000,LOC.67,LOC.67,#2579e8,landslide.LOC.67,"['42.8266', '18.5073']",Aqabat Al - Sulbat Asir region of Saudi Arabia,LOC,FALSE
5000,LOC.67/MED,LOC.67.MED,#27cf7e,landslide.LOC.67.MED,"['42.8266', '18.5073']",,MED,FALSE
5000,LOC.67/FAC,LOC.67.FAC,#f0a73a,landslide.LOC.67.FAC,"['42.8266', '18.5073']",,FAC,FALSE
5000,LOC.67/DATA,LOC.67.DATA,#8579ec,landslide.LOC.67.DATA,"['42.8266', '18.5073']",,DATA,FALSE
10000,LOC.68,LOC.68,#2579e8,landslide.LOC.68,"['80.2894', '7.3397']",Aranayaka and Kurukudegama,LOC,FALSE
5000,LOC.68/MED,LOC.68.MED,#27cf7e,landslide.LOC.68.MED,"['80.2894', '7.3397']",,MED,FALSE
5000,LOC.68/FAC,LOC.68.FAC,#f0a73a,landslide.LOC.68.FAC,"['80.2894', '7.3397']",,FAC,FALSE
5000,LOC.68/DATA,LOC.68.DATA,#8579ec,landslide.LOC.68.DATA,"['80.2894', '7.3397']",,DATA,FALSE
10000,LOC.69,LOC.69,#2579e8,landslide.LOC.69,"['48.1184', '38.4853']",Ardabil province,LOC,FALSE
5000,LOC.69/MED,LOC.69.MED,#27cf7e,landslide.LOC.69.MED,"['48.1184', '38.4853']",,MED,FALSE
5000,LOC.69/FAC,LOC.69.FAC,#f0a73a,landslide.LOC.69.FAC,"['48.1184', '38.4853']",,FAC,FALSE
5000,LOC.69/DATA,LOC.69.DATA,#8579ec,landslide.LOC.69.DATA,"['48.1184', '38.4853']",,DATA,FALSE
10000,LOC.70,LOC.70,#2579e8,landslide.LOC.70,"['48.2953', '38.2511']",Ardabil province of Iran,LOC,FALSE
5000,LOC.70/MED,LOC.70.MED,#27cf7e,landslide.LOC.70.MED,"['48.2953', '38.2511']",,MED,FALSE
5000,LOC.70/FAC,LOC.70.FAC,#f0a73a,landslide.LOC.70.FAC,"['48.2953', '38.2511']",,FAC,FALSE
5000,LOC.70/DATA,LOC.70.DATA,#8579ec,landslide.LOC.70.DATA,"['48.2953', '38.2511']",,DATA,FALSE
10000,LOC.71,LOC.71,#2579e8,landslide.LOC.71,"['48.1184', '38.4853']",Ardebil province,LOC,FALSE
5000,LOC.71/MED,LOC.71.MED,#27cf7e,landslide.LOC.71.MED,"['48.1184', '38.4853']",,MED,FALSE
5000,LOC.71/FAC,LOC.71.FAC,#f0a73a,landslide.LOC.71.FAC,"['48.1184', '38.4853']",,FAC,FALSE
5000,LOC.71/DATA,LOC.71.DATA,#8579ec,landslide.LOC.71.DATA,"['48.1184', '38.4853']",,DATA,FALSE
10000,LOC.72,LOC.72,#2579e8,landslide.LOC.72,"['40.9625', '41.1911']",Ardesen,LOC,FALSE
5000,LOC.72/MED,LOC.72.MED,#27cf7e,landslide.LOC.72.MED,"['40.9625', '41.1911']",,MED,FALSE
5000,LOC.72/FAC,LOC.72.FAC,#f0a73a,landslide.LOC.72.FAC,"['40.9625', '41.1911']",,FAC,FALSE
5000,LOC.72/DATA,LOC.72.DATA,#8579ec,landslide.LOC.72.DATA,"['40.9625', '41.1911']",,DATA,FALSE
10000,LOC.73,LOC.73,#2579e8,landslide.LOC.73,"['40.9530', '41.0353']",Ardesen and Findikli districts of Rize Province,LOC,FALSE
5000,LOC.73/MED,LOC.73.MED,#27cf7e,landslide.LOC.73.MED,"['40.9530', '41.0353']",,MED,FALSE
5000,LOC.73/FAC,LOC.73.FAC,#f0a73a,landslide.LOC.73.FAC,"['40.9530', '41.0353']",,FAC,FALSE
5000,LOC.73/DATA,LOC.73.DATA,#8579ec,landslide.LOC.73.DATA,"['40.9530', '41.0353']",,DATA,FALSE
10000,LOC.74,LOC.74,#2579e8,landslide.LOC.74,"['9.1393', '38.7223']",area north of Lisbon,LOC,FALSE
5000,LOC.74/MED,LOC.74.MED,#27cf7e,landslide.LOC.74.MED,"['9.1393', '38.7223']",,MED,FALSE
5000,LOC.74/FAC,LOC.74.FAC,#f0a73a,landslide.LOC.74.FAC,"['9.1393', '38.7223']",,FAC,FALSE
5000,LOC.74/DATA,LOC.74.DATA,#8579ec,landslide.LOC.74.DATA,"['9.1393', '38.7223']",,DATA,FALSE
10000,LOC.75,LOC.75,#2579e8,landslide.LOC.75,"['49.7306', '36.2133']",Argo and Yaftali Sufla,LOC,FALSE
5000,LOC.75/MED,LOC.75.MED,#27cf7e,landslide.LOC.75.MED,"['49.7306', '36.2133']",,MED,FALSE
5000,LOC.75/FAC,LOC.75.FAC,#f0a73a,landslide.LOC.75.FAC,"['49.7306', '36.2133']",,FAC,FALSE
5000,LOC.75/DATA,LOC.75.DATA,#8579ec,landslide.LOC.75.DATA,"['49.7306', '36.2133']",,DATA,FALSE
10000,LOC.76,LOC.76,#2579e8,landslide.LOC.76,"['41.5736', '41.2344']",Arhavi,LOC,FALSE
5000,LOC.76/MED,LOC.76.MED,#27cf7e,landslide.LOC.76.MED,"['41.5736', '41.2344']",,MED,FALSE
5000,LOC.76/FAC,LOC.76.FAC,#f0a73a,landslide.LOC.76.FAC,"['41.5736', '41.2344']",,FAC,FALSE
5000,LOC.76/DATA,LOC.76.DATA,#8579ec,landslide.LOC.76.DATA,"['41.5736', '41.2344']",,DATA,FALSE
10000,LOC.77,LOC.77,#2579e8,landslide.LOC.77,"['41.5116', '41.3206']",Arhavi - Kabisre river basin,LOC,FALSE
5000,LOC.77/MED,LOC.77.MED,#27cf7e,landslide.LOC.77.MED,"['41.5116', '41.3206']",,MED,FALSE
5000,LOC.77/FAC,LOC.77.FAC,#f0a73a,landslide.LOC.77.FAC,"['41.5116', '41.3206']",,FAC,FALSE
5000,LOC.77/DATA,LOC.77.DATA,#8579ec,landslide.LOC.77.DATA,"['41.5116', '41.3206']",,DATA,FALSE
10000,LOC.78,LOC.78,#2579e8,landslide.LOC.78,"['11.9176', '43.7711']",Arno basin,LOC,FALSE
5000,LOC.78/MED,LOC.78.MED,#27cf7e,landslide.LOC.78.MED,"['11.9176', '43.7711']",,MED,FALSE
5000,LOC.78/FAC,LOC.78.FAC,#f0a73a,landslide.LOC.78.FAC,"['11.9176', '43.7711']",,FAC,FALSE
5000,LOC.78/DATA,LOC.78.DATA,#8579ec,landslide.LOC.78.DATA,"['11.9176', '43.7711']",,DATA,FALSE
10000,LOC.79,LOC.79,#2579e8,landslide.LOC.79,"['103.8198', '34.0479']",Asia,LOC,FALSE
5000,LOC.79/MED,LOC.79.MED,#27cf7e,landslide.LOC.79.MED,"['103.8198', '34.0479']",,MED,FALSE
5000,LOC.79/FAC,LOC.79.FAC,#f0a73a,landslide.LOC.79.FAC,"['103.8198', '34.0479']",,FAC,FALSE
5000,LOC.79/DATA,LOC.79.DATA,#8579ec,landslide.LOC.79.DATA,"['103.8198', '34.0479']",,DATA,FALSE
10000,LOC.80,LOC.80,#2579e8,landslide.LOC.80,"['100.0', '30.0']",Asian Highway,LOC,FALSE
5000,LOC.80/MED,LOC.80.MED,#27cf7e,landslide.LOC.80.MED,"['100.0', '30.0']",,MED,FALSE
5000,LOC.80/FAC,LOC.80.FAC,#f0a73a,landslide.LOC.80.FAC,"['100.0', '30.0']",,FAC,FALSE
5000,LOC.80/DATA,LOC.80.DATA,#8579ec,landslide.LOC.80.DATA,"['100.0', '30.0']",,DATA,FALSE
10000,LOC.81,LOC.81,#2579e8,landslide.LOC.81,"['105.0', '20.0']",Asian Highway - 1,LOC,FALSE
5000,LOC.81/MED,LOC.81.MED,#27cf7e,landslide.LOC.81.MED,"['105.0', '20.0']",,MED,FALSE
5000,LOC.81/FAC,LOC.81.FAC,#f0a73a,landslide.LOC.81.FAC,"['105.0', '20.0']",,FAC,FALSE
5000,LOC.81/DATA,LOC.81.DATA,#8579ec,landslide.LOC.81.DATA,"['105.0', '20.0']",,DATA,FALSE
10000,LOC.82,LOC.82,#2579e8,landslide.LOC.82,"['42.5325', '19.1390']",Asir,LOC,FALSE
5000,LOC.82/MED,LOC.82.MED,#27cf7e,landslide.LOC.82.MED,"['42.5325', '19.1390']",,MED,FALSE
5000,LOC.82/FAC,LOC.82.FAC,#f0a73a,landslide.LOC.82.FAC,"['42.5325', '19.1390']",,FAC,FALSE
5000,LOC.82/DATA,LOC.82.DATA,#8579ec,landslide.LOC.82.DATA,"['42.5325', '19.1390']",,DATA,FALSE
10000,LOC.83,LOC.83,#2579e8,landslide.LOC.83,"['142.9833', '43.5399']",Atsuma,LOC,FALSE
5000,LOC.83/MED,LOC.83.MED,#27cf7e,landslide.LOC.83.MED,"['142.9833', '43.5399']",,MED,FALSE
5000,LOC.83/FAC,LOC.83.FAC,#f0a73a,landslide.LOC.83.FAC,"['142.9833', '43.5399']",,FAC,FALSE
5000,LOC.83/DATA,LOC.83.DATA,#8579ec,landslide.LOC.83.DATA,"['142.9833', '43.5399']",,DATA,FALSE
10000,LOC.84,LOC.84,#2579e8,landslide.LOC.84,"['142.9855', '43.5494']",Atsuma Town,LOC,FALSE
5000,LOC.84/MED,LOC.84.MED,#27cf7e,landslide.LOC.84.MED,"['142.9855', '43.5494']",,MED,FALSE
5000,LOC.84/FAC,LOC.84.FAC,#f0a73a,landslide.LOC.84.FAC,"['142.9855', '43.5494']",,FAC,FALSE
5000,LOC.84/DATA,LOC.84.DATA,#8579ec,landslide.LOC.84.DATA,"['142.9855', '43.5494']",,DATA,FALSE
10000,LOC.85,LOC.85,#2579e8,landslide.LOC.85,"['23.7294', '37.9838']",Attica,LOC,FALSE
5000,LOC.85/MED,LOC.85.MED,#27cf7e,landslide.LOC.85.MED,"['23.7294', '37.9838']",,MED,FALSE
5000,LOC.85/FAC,LOC.85.FAC,#f0a73a,landslide.LOC.85.FAC,"['23.7294', '37.9838']",,FAC,FALSE
5000,LOC.85/DATA,LOC.85.DATA,#8579ec,landslide.LOC.85.DATA,"['23.7294', '37.9838']",,DATA,FALSE
10000,LOC.86,LOC.86,#2579e8,landslide.LOC.86,"['23.7428', '37.9838']",Attica region in Greece,LOC,FALSE
5000,LOC.86/MED,LOC.86.MED,#27cf7e,landslide.LOC.86.MED,"['23.7428', '37.9838']",,MED,FALSE
5000,LOC.86/FAC,LOC.86.FAC,#f0a73a,landslide.LOC.86.FAC,"['23.7428', '37.9838']",,FAC,FALSE
5000,LOC.86/DATA,LOC.86.DATA,#8579ec,landslide.LOC.86.DATA,"['23.7428', '37.9838']",,DATA,FALSE
10000,LOC.87,LOC.87,#2579e8,landslide.LOC.87,"['4.0017', '48.0999']",Aube department,LOC,FALSE
5000,LOC.87/MED,LOC.87.MED,#27cf7e,landslide.LOC.87.MED,"['4.0017', '48.0999']",,MED,FALSE
5000,LOC.87/FAC,LOC.87.FAC,#f0a73a,landslide.LOC.87.FAC,"['4.0017', '48.0999']",,FAC,FALSE
5000,LOC.87/DATA,LOC.87.DATA,#8579ec,landslide.LOC.87.DATA,"['4.0017', '48.0999']",,DATA,FALSE
10000,LOC.88,LOC.88,#2579e8,landslide.LOC.88,"['14.5501', '47.5162']",Austria,LOC,FALSE
5000,LOC.88/MED,LOC.88.MED,#27cf7e,landslide.LOC.88.MED,"['14.5501', '47.5162']",,MED,FALSE
5000,LOC.88/FAC,LOC.88.FAC,#f0a73a,landslide.LOC.88.FAC,"['14.5501', '47.5162']",,FAC,FALSE
5000,LOC.88/DATA,LOC.88.DATA,#8579ec,landslide.LOC.88.DATA,"['14.5501', '47.5162']",,DATA,FALSE
10000,LOC.89,LOC.89,#2579e8,landslide.LOC.89,"['13.3333', '47.3333']",Austrian municipalities,LOC,FALSE
5000,LOC.89/MED,LOC.89.MED,#27cf7e,landslide.LOC.89.MED,"['13.3333', '47.3333']",,MED,FALSE
5000,LOC.89/FAC,LOC.89.FAC,#f0a73a,landslide.LOC.89.FAC,"['13.3333', '47.3333']",,FAC,FALSE
5000,LOC.89/DATA,LOC.89.DATA,#8579ec,landslide.LOC.89.DATA,"['13.3333', '47.3333']",,DATA,FALSE
10000,LOC.90,LOC.90,#2579e8,landslide.LOC.90,"['13.3333', '47.3333']",Austrian territory,LOC,FALSE
5000,LOC.90/MED,LOC.90.MED,#27cf7e,landslide.LOC.90.MED,"['13.3333', '47.3333']",,MED,FALSE
5000,LOC.90/FAC,LOC.90.FAC,#f0a73a,landslide.LOC.90.FAC,"['13.3333', '47.3333']",,FAC,FALSE
5000,LOC.90/DATA,LOC.90.DATA,#8579ec,landslide.LOC.90.DATA,"['13.3333', '47.3333']",,DATA,FALSE
10000,LOC.91,LOC.91,#2579e8,landslide.LOC.91,"['38.4687', '40.8933']",Avutmus district of Sebinkarahisar,LOC,FALSE
5000,LOC.91/MED,LOC.91.MED,#27cf7e,landslide.LOC.91.MED,"['38.4687', '40.8933']",,MED,FALSE
5000,LOC.91/FAC,LOC.91.FAC,#f0a73a,landslide.LOC.91.FAC,"['38.4687', '40.8933']",,FAC,FALSE
5000,LOC.91/DATA,LOC.91.DATA,#8579ec,landslide.LOC.91.DATA,"['38.4687', '40.8933']",,DATA,FALSE
10000,LOC.92,LOC.92,#2579e8,landslide.LOC.92,"['7.4188', '6.1978']",Awgu,LOC,FALSE
5000,LOC.92/MED,LOC.92.MED,#27cf7e,landslide.LOC.92.MED,"['7.4188', '6.1978']",,MED,FALSE
5000,LOC.92/FAC,LOC.92.FAC,#f0a73a,landslide.LOC.92.FAC,"['7.4188', '6.1978']",,FAC,FALSE
5000,LOC.92/DATA,LOC.92.DATA,#8579ec,landslide.LOC.92.DATA,"['7.4188', '6.1978']",,DATA,FALSE
10000,LOC.93,LOC.93,#2579e8,landslide.LOC.93,"['73.7674', '33.6007']",Azad Jammu,LOC,FALSE
5000,LOC.93/MED,LOC.93.MED,#27cf7e,landslide.LOC.93.MED,"['73.7674', '33.6007']",,MED,FALSE
5000,LOC.93/FAC,LOC.93.FAC,#f0a73a,landslide.LOC.93.FAC,"['73.7674', '33.6007']",,FAC,FALSE
5000,LOC.93/DATA,LOC.93.DATA,#8579ec,landslide.LOC.93.DATA,"['73.7674', '33.6007']",,DATA,FALSE
10000,LOC.94,LOC.94,#2579e8,landslide.LOC.94,"['74.3926', '33.7878']",Azad Jammu and Kashmir region of Pakistan,LOC,FALSE
5000,LOC.94/MED,LOC.94.MED,#27cf7e,landslide.LOC.94.MED,"['74.3926', '33.7878']",,MED,FALSE
5000,LOC.94/FAC,LOC.94.FAC,#f0a73a,landslide.LOC.94.FAC,"['74.3926', '33.7878']",,FAC,FALSE
5000,LOC.94/DATA,LOC.94.DATA,#8579ec,landslide.LOC.94.DATA,"['74.3926', '33.7878']",,DATA,FALSE
10000,LOC.95,LOC.95,#2579e8,landslide.LOC.95,"['74.3926', '33.7878']",Azad Kashmir,LOC,FALSE
5000,LOC.95/MED,LOC.95.MED,#27cf7e,landslide.LOC.95.MED,"['74.3926', '33.7878']",,MED,FALSE
5000,LOC.95/FAC,LOC.95.FAC,#f0a73a,landslide.LOC.95.FAC,"['74.3926', '33.7878']",,FAC,FALSE
5000,LOC.95/DATA,LOC.95.DATA,#8579ec,landslide.LOC.95.DATA,"['74.3926', '33.7878']",,DATA,FALSE
10000,LOC.96,LOC.96,#2579e8,landslide.LOC.96,"['64.2439', '31.6244']",Azad River,LOC,FALSE
5000,LOC.96/MED,LOC.96.MED,#27cf7e,landslide.LOC.96.MED,"['64.2439', '31.6244']",,MED,FALSE
5000,LOC.96/FAC,LOC.96.FAC,#f0a73a,landslide.LOC.96.FAC,"['64.2439', '31.6244']",,FAC,FALSE
5000,LOC.96/DATA,LOC.96.DATA,#8579ec,landslide.LOC.96.DATA,"['64.2439', '31.6244']",,DATA,FALSE
10000,LOC.97,LOC.97,#2579e8,landslide.LOC.97,"['25.6833', '37.7412']",Azores,LOC,FALSE
5000,LOC.97/MED,LOC.97.MED,#27cf7e,landslide.LOC.97.MED,"['25.6833', '37.7412']",,MED,FALSE
5000,LOC.97/FAC,LOC.97.FAC,#f0a73a,landslide.LOC.97.FAC,"['25.6833', '37.7412']",,FAC,FALSE
5000,LOC.97/DATA,LOC.97.DATA,#8579ec,landslide.LOC.97.DATA,"['25.6833', '37.7412']",,DATA,FALSE
10000,LOC.98,LOC.98,#2579e8,landslide.LOC.98,"['71.6874', '36.4325']",Badakhshan Province,LOC,FALSE
5000,LOC.98/MED,LOC.98.MED,#27cf7e,landslide.LOC.98.MED,"['71.6874', '36.4325']",,MED,FALSE
5000,LOC.98/FAC,LOC.98.FAC,#f0a73a,landslide.LOC.98.FAC,"['71.6874', '36.4325']",,FAC,FALSE
5000,LOC.98/DATA,LOC.98.DATA,#8579ec,landslide.LOC.98.DATA,"['71.6874', '36.4325']",,DATA,FALSE
10000,LOC.99,LOC.99,#2579e8,landslide.LOC.99,"['71.1062', '36.7389']",Badakhshan province of Afghanistan,LOC,FALSE
5000,LOC.99/MED,LOC.99.MED,#27cf7e,landslide.LOC.99.MED,"['71.1062', '36.7389']",,MED,FALSE
5000,LOC.99/FAC,LOC.99.FAC,#f0a73a,landslide.LOC.99.FAC,"['71.1062', '36.7389']",,FAC,FALSE
5000,LOC.99/DATA,LOC.99.DATA,#8579ec,landslide.LOC.99.DATA,"['71.1062', '36.7389']",,DATA,FALSE
10000,LOC.100,LOC.100,#2579e8,landslide.LOC.100,"['111.3586', '31.0444']",Badong,LOC,FALSE
5000,LOC.100/MED,LOC.100.MED,#27cf7e,landslide.LOC.100.MED,"['111.3586', '31.0444']",,MED,FALSE
5000,LOC.100/FAC,LOC.100.FAC,#f0a73a,landslide.LOC.100.FAC,"['111.3586', '31.0444']",,FAC,FALSE
5000,LOC.100/DATA,LOC.100.DATA,#8579ec,landslide.LOC.100.DATA,"['111.3586', '31.0444']",,DATA,FALSE
10000,LOC.101,LOC.101,#2579e8,landslide.LOC.101,"['111.7078', '31.0025']",Badong Country,LOC,FALSE
5000,LOC.101/MED,LOC.101.MED,#27cf7e,landslide.LOC.101.MED,"['111.7078', '31.0025']",,MED,FALSE
5000,LOC.101/FAC,LOC.101.FAC,#f0a73a,landslide.LOC.101.FAC,"['111.7078', '31.0025']",,FAC,FALSE
5000,LOC.101/DATA,LOC.101.DATA,#8579ec,landslide.LOC.101.DATA,"['111.7078', '31.0025']",,DATA,FALSE
10000,LOC.102,LOC.102,#2579e8,landslide.LOC.102,"['81.0846', '6.9934']",Badulla District,LOC,FALSE
5000,LOC.102/MED,LOC.102.MED,#27cf7e,landslide.LOC.102.MED,"['81.0846', '6.9934']",,MED,FALSE
5000,LOC.102/FAC,LOC.102.FAC,#f0a73a,landslide.LOC.102.FAC,"['81.0846', '6.9934']",,FAC,FALSE
5000,LOC.102/DATA,LOC.102.DATA,#8579ec,landslide.LOC.102.DATA,"['81.0846', '6.9934']",,DATA,FALSE
10000,LOC.103,LOC.103,#2579e8,landslide.LOC.103,"['99.8348', '33.9788']",Baige,LOC,FALSE
5000,LOC.103/MED,LOC.103.MED,#27cf7e,landslide.LOC.103.MED,"['99.8348', '33.9788']",,MED,FALSE
5000,LOC.103/FAC,LOC.103.FAC,#f0a73a,landslide.LOC.103.FAC,"['99.8348', '33.9788']",,FAC,FALSE
5000,LOC.103/DATA,LOC.103.DATA,#8579ec,landslide.LOC.103.DATA,"['99.8348', '33.9788']",,DATA,FALSE
10000,LOC.104,LOC.104,#2579e8,landslide.LOC.104,"['81.4525', '40.1375']",Baige Village,LOC,FALSE
5000,LOC.104/MED,LOC.104.MED,#27cf7e,landslide.LOC.104.MED,"['81.4525', '40.1375']",,MED,FALSE
5000,LOC.104/FAC,LOC.104.FAC,#f0a73a,landslide.LOC.104.FAC,"['81.4525', '40.1375']",,FAC,FALSE
5000,LOC.104/DATA,LOC.104.DATA,#8579ec,landslide.LOC.104.DATA,"['81.4525', '40.1375']",,DATA,FALSE
10000,LOC.105,LOC.105,#2579e8,landslide.LOC.105,"['103.5095', '35.0698']",Bailong River Basin,LOC,FALSE
5000,LOC.105/MED,LOC.105.MED,#27cf7e,landslide.LOC.105.MED,"['103.5095', '35.0698']",,MED,FALSE
5000,LOC.105/FAC,LOC.105.FAC,#f0a73a,landslide.LOC.105.FAC,"['103.5095', '35.0698']",,FAC,FALSE
5000,LOC.105/DATA,LOC.105.DATA,#8579ec,landslide.LOC.105.DATA,"['103.5095', '35.0698']",,DATA,FALSE
10000,LOC.106,LOC.106,#2579e8,landslide.LOC.106,"['102.7069', '34.6093']",Bailongjiang River,LOC,FALSE
5000,LOC.106/MED,LOC.106.MED,#27cf7e,landslide.LOC.106.MED,"['102.7069', '34.6093']",,MED,FALSE
5000,LOC.106/FAC,LOC.106.FAC,#f0a73a,landslide.LOC.106.FAC,"['102.7069', '34.6093']",,FAC,FALSE
5000,LOC.106/DATA,LOC.106.DATA,#8579ec,landslide.LOC.106.DATA,"['102.7069', '34.6093']",,DATA,FALSE
10000,LOC.107,LOC.107,#2579e8,landslide.LOC.107,"['102.7390', '34.5964']",Bailongjiang watershed in southern Gansu province,LOC,FALSE
5000,LOC.107/MED,LOC.107.MED,#27cf7e,landslide.LOC.107.MED,"['102.7390', '34.5964']",,MED,FALSE
5000,LOC.107/FAC,LOC.107.FAC,#f0a73a,landslide.LOC.107.FAC,"['102.7390', '34.5964']",,FAC,FALSE
5000,LOC.107/DATA,LOC.107.DATA,#8579ec,landslide.LOC.107.DATA,"['102.7390', '34.5964']",,DATA,FALSE
10000,LOC.108,LOC.108,#2579e8,landslide.LOC.108,"['120.0093', '30.3423']",Baiyuzui,LOC,FALSE
5000,LOC.108/MED,LOC.108.MED,#27cf7e,landslide.LOC.108.MED,"['120.0093', '30.3423']",,MED,FALSE
5000,LOC.108/FAC,LOC.108.FAC,#f0a73a,landslide.LOC.108.FAC,"['120.0093', '30.3423']",,FAC,FALSE
5000,LOC.108/DATA,LOC.108.DATA,#8579ec,landslide.LOC.108.DATA,"['120.0093', '30.3423']",,DATA,FALSE
10000,LOC.109,LOC.109,#2579e8,landslide.LOC.109,"['88.9724', '28.0540']",Balason River basin,LOC,FALSE
5000,LOC.109/MED,LOC.109.MED,#27cf7e,landslide.LOC.109.MED,"['88.9724', '28.0540']",,MED,FALSE
5000,LOC.109/FAC,LOC.109.FAC,#f0a73a,landslide.LOC.109.FAC,"['88.9724', '28.0540']",,FAC,FALSE
5000,LOC.109/DATA,LOC.109.DATA,#8579ec,landslide.LOC.109.DATA,"['88.9724', '28.0540']",,DATA,FALSE
10000,LOC.110,LOC.110,#2579e8,landslide.LOC.110,"['100.2190', '5.3528']",Balik Pulau area in Penang Island,LOC,FALSE
5000,LOC.110/MED,LOC.110.MED,#27cf7e,landslide.LOC.110.MED,"['100.2190', '5.3528']",,MED,FALSE
5000,LOC.110/FAC,LOC.110.FAC,#f0a73a,landslide.LOC.110.FAC,"['100.2190', '5.3528']",,FAC,FALSE
5000,LOC.110/DATA,LOC.110.DATA,#8579ec,landslide.LOC.110.DATA,"['100.2190', '5.3528']",,DATA,FALSE
10000,LOC.111,LOC.111,#2579e8,landslide.LOC.111,"['103.9482', '22.8861']",Ban Khoang,LOC,FALSE
5000,LOC.111/MED,LOC.111.MED,#27cf7e,landslide.LOC.111.MED,"['103.9482', '22.8861']",,MED,FALSE
5000,LOC.111/FAC,LOC.111.FAC,#f0a73a,landslide.LOC.111.FAC,"['103.9482', '22.8861']",,FAC,FALSE
5000,LOC.111/DATA,LOC.111.DATA,#8579ec,landslide.LOC.111.DATA,"['103.9482', '22.8861']",,DATA,FALSE
10000,LOC.112,LOC.112,#2579e8,landslide.LOC.112,"['99.8642', '20.4864']",Ban Pha Duea at Mae Salong Nai,LOC,FALSE
5000,LOC.112/MED,LOC.112.MED,#27cf7e,landslide.LOC.112.MED,"['99.8642', '20.4864']",,MED,FALSE
5000,LOC.112/FAC,LOC.112.FAC,#f0a73a,landslide.LOC.112.FAC,"['99.8642', '20.4864']",,FAC,FALSE
5000,LOC.112/DATA,LOC.112.DATA,#8579ec,landslide.LOC.112.DATA,"['99.8642', '20.4864']",,DATA,FALSE
10000,LOC.113,LOC.113,#2579e8,landslide.LOC.113,"['112.6610', '0.7966']",Banaran,LOC,FALSE
5000,LOC.113/MED,LOC.113.MED,#27cf7e,landslide.LOC.113.MED,"['112.6610', '0.7966']",,MED,FALSE
5000,LOC.113/FAC,LOC.113.FAC,#f0a73a,landslide.LOC.113.FAC,"['112.6610', '0.7966']",,FAC,FALSE
5000,LOC.113/DATA,LOC.113.DATA,#8579ec,landslide.LOC.113.DATA,"['112.6610', '0.7966']",,DATA,FALSE
10000,LOC.114,LOC.114,#2579e8,landslide.LOC.114,"['54.7294', '36.8452']",Bandar Torkaman in northern Iran,LOC,FALSE
5000,LOC.114/MED,LOC.114.MED,#27cf7e,landslide.LOC.114.MED,"['54.7294', '36.8452']",,MED,FALSE
5000,LOC.114/FAC,LOC.114.FAC,#f0a73a,landslide.LOC.114.FAC,"['54.7294', '36.8452']",,FAC,FALSE
5000,LOC.114/DATA,LOC.114.DATA,#8579ec,landslide.LOC.114.DATA,"['54.7294', '36.8452']",,DATA,FALSE
10000,LOC.115,LOC.115,#2579e8,landslide.LOC.115,"['82.0718', '29.8600']",Bangesimal and Manma towns,LOC,FALSE
5000,LOC.115/MED,LOC.115.MED,#27cf7e,landslide.LOC.115.MED,"['82.0718', '29.8600']",,MED,FALSE
5000,LOC.115/FAC,LOC.115.FAC,#f0a73a,landslide.LOC.115.FAC,"['82.0718', '29.8600']",,FAC,FALSE
5000,LOC.115/DATA,LOC.115.DATA,#8579ec,landslide.LOC.115.DATA,"['82.0718', '29.8600']",,DATA,FALSE
10000,LOC.116,LOC.116,#2579e8,landslide.LOC.116,"['90.3563', '23.6850']",Bangladesh,LOC,FALSE
5000,LOC.116/MED,LOC.116.MED,#27cf7e,landslide.LOC.116.MED,"['90.3563', '23.6850']",,MED,FALSE
5000,LOC.116/FAC,LOC.116.FAC,#f0a73a,landslide.LOC.116.FAC,"['90.3563', '23.6850']",,FAC,FALSE
5000,LOC.116/DATA,LOC.116.DATA,#8579ec,landslide.LOC.116.DATA,"['90.3563', '23.6850']",,DATA,FALSE
10000,LOC.117,LOC.117,#2579e8,landslide.LOC.117,"['112.2661', '28.7105']",bank of Yangtze and its major tributaries,LOC,FALSE
5000,LOC.117/MED,LOC.117.MED,#27cf7e,landslide.LOC.117.MED,"['112.2661', '28.7105']",,MED,FALSE
5000,LOC.117/FAC,LOC.117.FAC,#f0a73a,landslide.LOC.117.FAC,"['112.2661', '28.7105']",,FAC,FALSE
5000,LOC.117/DATA,LOC.117.DATA,#8579ec,landslide.LOC.117.DATA,"['112.2661', '28.7105']",,DATA,FALSE
10000,LOC.118,LOC.118,#2579e8,landslide.LOC.118,"['81.2696', '29.2767']",banks of the Karnali River,LOC,FALSE
5000,LOC.118/MED,LOC.118.MED,#27cf7e,landslide.LOC.118.MED,"['81.2696', '29.2767']",,MED,FALSE
5000,LOC.118/FAC,LOC.118.FAC,#f0a73a,landslide.LOC.118.FAC,"['81.2696', '29.2767']",,FAC,FALSE
5000,LOC.118/DATA,LOC.118.DATA,#8579ec,landslide.LOC.118.DATA,"['81.2696', '29.2767']",,DATA,FALSE
10000,LOC.119,LOC.119,#2579e8,landslide.LOC.119,"['106.1092', '-6.4058']",Banten,LOC,FALSE
5000,LOC.119/MED,LOC.119.MED,#27cf7e,landslide.LOC.119.MED,"['106.1092', '-6.4058']",,MED,FALSE
5000,LOC.119/FAC,LOC.119.FAC,#f0a73a,landslide.LOC.119.FAC,"['106.1092', '-6.4058']",,FAC,FALSE
5000,LOC.119/DATA,LOC.119.DATA,#8579ec,landslide.LOC.119.DATA,"['106.1092', '-6.4058']",,DATA,FALSE
10000,LOC.120,LOC.120,#2579e8,landslide.LOC.120,"['110.2766', '35.0127']",Baota District,LOC,FALSE
5000,LOC.120/MED,LOC.120.MED,#27cf7e,landslide.LOC.120.MED,"['110.2766', '35.0127']",,MED,FALSE
5000,LOC.120/FAC,LOC.120.FAC,#f0a73a,landslide.LOC.120.FAC,"['110.2766', '35.0127']",,FAC,FALSE
5000,LOC.120/DATA,LOC.120.DATA,#8579ec,landslide.LOC.120.DATA,"['110.2766', '35.0127']",,DATA,FALSE
10000,LOC.121,LOC.121,#2579e8,landslide.LOC.121,"['6.6647', '44.3867']",Barcelonnette Basin,LOC,FALSE
5000,LOC.121/MED,LOC.121.MED,#27cf7e,landslide.LOC.121.MED,"['6.6647', '44.3867']",,MED,FALSE
5000,LOC.121/FAC,LOC.121.FAC,#f0a73a,landslide.LOC.121.FAC,"['6.6647', '44.3867']",,FAC,FALSE
5000,LOC.121/DATA,LOC.121.DATA,#8579ec,landslide.LOC.121.DATA,"['6.6647', '44.3867']",,DATA,FALSE
10000,LOC.122,LOC.122,#2579e8,landslide.LOC.122,"['32.4610', '41.8387']",Bartin Province of Western Black Sea,LOC,FALSE
5000,LOC.122/MED,LOC.122.MED,#27cf7e,landslide.LOC.122.MED,"['32.4610', '41.8387']",,MED,FALSE
5000,LOC.122/FAC,LOC.122.FAC,#f0a73a,landslide.LOC.122.FAC,"['32.4610', '41.8387']",,FAC,FALSE
5000,LOC.122/DATA,LOC.122.DATA,#8579ec,landslide.LOC.122.DATA,"['32.4610', '41.8387']",,DATA,FALSE
10000,LOC.123,LOC.123,#2579e8,landslide.LOC.123,"['16.5559', '40.6395']",Basilicata,LOC,FALSE
5000,LOC.123/MED,LOC.123.MED,#27cf7e,landslide.LOC.123.MED,"['16.5559', '40.6395']",,MED,FALSE
5000,LOC.123/FAC,LOC.123.FAC,#f0a73a,landslide.LOC.123.FAC,"['16.5559', '40.6395']",,FAC,FALSE
5000,LOC.123/DATA,LOC.123.DATA,#8579ec,landslide.LOC.123.DATA,"['16.5559', '40.6395']",,DATA,FALSE
10000,LOC.124,LOC.124,#2579e8,landslide.LOC.124,"['10.1096', '43.7711']",basin of the Arno River,LOC,FALSE
5000,LOC.124/MED,LOC.124.MED,#27cf7e,landslide.LOC.124.MED,"['10.1096', '43.7711']",,MED,FALSE
5000,LOC.124/FAC,LOC.124.FAC,#f0a73a,landslide.LOC.124.FAC,"['10.1096', '43.7711']",,FAC,FALSE
5000,LOC.124/DATA,LOC.124.DATA,#8579ec,landslide.LOC.124.DATA,"['10.1096', '43.7711']",,DATA,FALSE
10000,LOC.125,LOC.125,#2579e8,landslide.LOC.125,"['104.0319', '1.1301']",Batam Island,LOC,FALSE
5000,LOC.125/MED,LOC.125.MED,#27cf7e,landslide.LOC.125.MED,"['104.0319', '1.1301']",,MED,FALSE
5000,LOC.125/FAC,LOC.125.FAC,#f0a73a,landslide.LOC.125.FAC,"['104.0319', '1.1301']",,FAC,FALSE
5000,LOC.125/DATA,LOC.125.DATA,#8579ec,landslide.LOC.125.DATA,"['104.0319', '1.1301']",,DATA,FALSE
10000,LOC.126,LOC.126,#2579e8,landslide.LOC.126,"['104.0646', '-0.9223']",Batu Aji Subdistrict,LOC,FALSE
5000,LOC.126/MED,LOC.126.MED,#27cf7e,landslide.LOC.126.MED,"['104.0646', '-0.9223']",,MED,FALSE
5000,LOC.126/FAC,LOC.126.FAC,#f0a73a,landslide.LOC.126.FAC,"['104.0646', '-0.9223']",,FAC,FALSE
5000,LOC.126/DATA,LOC.126.DATA,#8579ec,landslide.LOC.126.DATA,"['104.0646', '-0.9223']",,DATA,FALSE
10000,LOC.127,LOC.127,#2579e8,landslide.LOC.127,"['119.8671', '31.8854']",Baxie River basin,LOC,FALSE
5000,LOC.127/MED,LOC.127.MED,#27cf7e,landslide.LOC.127.MED,"['119.8671', '31.8854']",,MED,FALSE
5000,LOC.127/FAC,LOC.127.FAC,#f0a73a,landslide.LOC.127.FAC,"['119.8671', '31.8854']",,FAC,FALSE
5000,LOC.127/DATA,LOC.127.DATA,#8579ec,landslide.LOC.127.DATA,"['119.8671', '31.8854']",,DATA,FALSE
10000,LOC.128,LOC.128,#2579e8,landslide.LOC.128,"['106.5655', '29.7328']",Bazimen,LOC,FALSE
5000,LOC.128/MED,LOC.128.MED,#27cf7e,landslide.LOC.128.MED,"['106.5655', '29.7328']",,MED,FALSE
5000,LOC.128/FAC,LOC.128.FAC,#f0a73a,landslide.LOC.128.FAC,"['106.5655', '29.7328']",,FAC,FALSE
5000,LOC.128/DATA,LOC.128.DATA,#8579ec,landslide.LOC.128.DATA,"['106.5655', '29.7328']",,DATA,FALSE
10000,LOC.129,LOC.129,#2579e8,landslide.LOC.129,"['-73.9926', '40.7440']",BC,LOC,FALSE
5000,LOC.129/MED,LOC.129.MED,#27cf7e,landslide.LOC.129.MED,"['-73.9926', '40.7440']",,MED,FALSE
5000,LOC.129/FAC,LOC.129.FAC,#f0a73a,landslide.LOC.129.FAC,"['-73.9926', '40.7440']",,FAC,FALSE
5000,LOC.129/DATA,LOC.129.DATA,#8579ec,landslide.LOC.129.DATA,"['-73.9926', '40.7440']",,DATA,FALSE
10000,LOC.130,LOC.130,#2579e8,landslide.LOC.130,"['72.8572', '39.8322']",Bedrug,LOC,FALSE
5000,LOC.130/MED,LOC.130.MED,#27cf7e,landslide.LOC.130.MED,"['72.8572', '39.8322']",,MED,FALSE
5000,LOC.130/FAC,LOC.130.FAC,#f0a73a,landslide.LOC.130.FAC,"['72.8572', '39.8322']",,FAC,FALSE
5000,LOC.130/DATA,LOC.130.DATA,#8579ec,landslide.LOC.130.DATA,"['72.8572', '39.8322']",,DATA,FALSE
10000,LOC.131,LOC.131,#2579e8,landslide.LOC.131,"['104.2755', '31.8284']",Beichuan Country,LOC,FALSE
5000,LOC.131/MED,LOC.131.MED,#27cf7e,landslide.LOC.131.MED,"['104.2755', '31.8284']",,MED,FALSE
5000,LOC.131/FAC,LOC.131.FAC,#f0a73a,landslide.LOC.131.FAC,"['104.2755', '31.8284']",,FAC,FALSE
5000,LOC.131/DATA,LOC.131.DATA,#8579ec,landslide.LOC.131.DATA,"['104.2755', '31.8284']",,DATA,FALSE
10000,LOC.132,LOC.132,#2579e8,landslide.LOC.132,"['104.2227', '31.7851']",Beichuan county town,LOC,FALSE
5000,LOC.132/MED,LOC.132.MED,#27cf7e,landslide.LOC.132.MED,"['104.2227', '31.7851']",,MED,FALSE
5000,LOC.132/FAC,LOC.132.FAC,#f0a73a,landslide.LOC.132.FAC,"['104.2227', '31.7851']",,FAC,FALSE
5000,LOC.132/DATA,LOC.132.DATA,#8579ec,landslide.LOC.132.DATA,"['104.2227', '31.7851']",,DATA,FALSE
10000,LOC.133,LOC.133,#2579e8,landslide.LOC.133,"['111.6933', '24.5792']",Beijiang River Basin,LOC,FALSE
5000,LOC.133/MED,LOC.133.MED,#27cf7e,landslide.LOC.133.MED,"['111.6933', '24.5792']",,MED,FALSE
5000,LOC.133/FAC,LOC.133.FAC,#f0a73a,landslide.LOC.133.FAC,"['111.6933', '24.5792']",,FAC,FALSE
5000,LOC.133/DATA,LOC.133.DATA,#8579ec,landslide.LOC.133.DATA,"['111.6933', '24.5792']",,DATA,FALSE
10000,LOC.134,LOC.134,#2579e8,landslide.LOC.134,"['116.4074', '39.9042']",Beijing,LOC,FALSE
5000,LOC.134/MED,LOC.134.MED,#27cf7e,landslide.LOC.134.MED,"['116.4074', '39.9042']",,MED,FALSE
5000,LOC.134/FAC,LOC.134.FAC,#f0a73a,landslide.LOC.134.FAC,"['116.4074', '39.9042']",,FAC,FALSE
5000,LOC.134/DATA,LOC.134.DATA,#8579ec,landslide.LOC.134.DATA,"['116.4074', '39.9042']",,DATA,FALSE
10000,LOC.135,LOC.135,#2579e8,landslide.LOC.135,"['113.0473', '-8.1543']",Bekiring,LOC,FALSE
5000,LOC.135/MED,LOC.135.MED,#27cf7e,landslide.LOC.135.MED,"['113.0473', '-8.1543']",,MED,FALSE
5000,LOC.135/FAC,LOC.135.FAC,#f0a73a,landslide.LOC.135.FAC,"['113.0473', '-8.1543']",,FAC,FALSE
5000,LOC.135/DATA,LOC.135.DATA,#8579ec,landslide.LOC.135.DATA,"['113.0473', '-8.1543']",,DATA,FALSE
10000,LOC.136,LOC.136,#2579e8,landslide.LOC.136,"['2.8453', '50.5039']",Belg,LOC,FALSE
5000,LOC.136/MED,LOC.136.MED,#27cf7e,landslide.LOC.136.MED,"['2.8453', '50.5039']",,MED,FALSE
5000,LOC.136/FAC,LOC.136.FAC,#f0a73a,landslide.LOC.136.FAC,"['2.8453', '50.5039']",,FAC,FALSE
5000,LOC.136/DATA,LOC.136.DATA,#8579ec,landslide.LOC.136.DATA,"['2.8453', '50.5039']",,DATA,FALSE
10000,LOC.137,LOC.137,#2579e8,landslide.LOC.137,"['4.4699', '50.5039']",Belgium,LOC,FALSE
5000,LOC.137/MED,LOC.137.MED,#27cf7e,landslide.LOC.137.MED,"['4.4699', '50.5039']",,MED,FALSE
5000,LOC.137/FAC,LOC.137.FAC,#f0a73a,landslide.LOC.137.FAC,"['4.4699', '50.5039']",,FAC,FALSE
5000,LOC.137/DATA,LOC.137.DATA,#8579ec,landslide.LOC.137.DATA,"['4.4699', '50.5039']",,DATA,FALSE
10000,LOC.138,LOC.138,#2579e8,landslide.LOC.138,"['-5.0424', '36.5236']",Benahavis,LOC,FALSE
5000,LOC.138/MED,LOC.138.MED,#27cf7e,landslide.LOC.138.MED,"['-5.0424', '36.5236']",,MED,FALSE
5000,LOC.138/FAC,LOC.138.FAC,#f0a73a,landslide.LOC.138.FAC,"['-5.0424', '36.5236']",,FAC,FALSE
5000,LOC.138/DATA,LOC.138.DATA,#8579ec,landslide.LOC.138.DATA,"['-5.0424', '36.5236']",,DATA,FALSE
10000,LOC.139,LOC.139,#2579e8,landslide.LOC.139,"['120.6020', '16.4160']",Benguet,LOC,FALSE
5000,LOC.139/MED,LOC.139.MED,#27cf7e,landslide.LOC.139.MED,"['120.6020', '16.4160']",,MED,FALSE
5000,LOC.139/FAC,LOC.139.FAC,#f0a73a,landslide.LOC.139.FAC,"['120.6020', '16.4160']",,FAC,FALSE
5000,LOC.139/DATA,LOC.139.DATA,#8579ec,landslide.LOC.139.DATA,"['120.6020', '16.4160']",,DATA,FALSE
10000,LOC.140,LOC.140,#2579e8,landslide.LOC.140,"['84.6077', '27.7905']",Benighat - Rorang RM,LOC,FALSE
5000,LOC.140/MED,LOC.140.MED,#27cf7e,landslide.LOC.140.MED,"['84.6077', '27.7905']",,MED,FALSE
5000,LOC.140/FAC,LOC.140.FAC,#f0a73a,landslide.LOC.140.FAC,"['84.6077', '27.7905']",,FAC,FALSE
5000,LOC.140/DATA,LOC.140.DATA,#8579ec,landslide.LOC.140.DATA,"['84.6077', '27.7905']",,DATA,FALSE
10000,LOC.141,LOC.141,#2579e8,landslide.LOC.141,"['84.6077', '27.7905']",Benighat - Rorang Rural Municipality,LOC,FALSE
5000,LOC.141/MED,LOC.141.MED,#27cf7e,landslide.LOC.141.MED,"['84.6077', '27.7905']",,MED,FALSE
5000,LOC.141/FAC,LOC.141.FAC,#f0a73a,landslide.LOC.141.FAC,"['84.6077', '27.7905']",,FAC,FALSE
5000,LOC.141/DATA,LOC.141.DATA,#8579ec,landslide.LOC.141.DATA,"['84.6077', '27.7905']",,DATA,FALSE
10000,LOC.142,LOC.142,#2579e8,landslide.LOC.142,"['-1.3607', '35.1264']",Bensekrane in Tlemcen in Algeria,LOC,FALSE
5000,LOC.142/MED,LOC.142.MED,#27cf7e,landslide.LOC.142.MED,"['-1.3607', '35.1264']",,MED,FALSE
5000,LOC.142/FAC,LOC.142.FAC,#f0a73a,landslide.LOC.142.FAC,"['-1.3607', '35.1264']",,FAC,FALSE
5000,LOC.142/DATA,LOC.142.DATA,#8579ec,landslide.LOC.142.DATA,"['-1.3607', '35.1264']",,DATA,FALSE
10000,LOC.143,LOC.143,#2579e8,landslide.LOC.143,"['99.8516', '27.8250']",Benzilan Town and Waka Town,LOC,FALSE
5000,LOC.143/MED,LOC.143.MED,#27cf7e,landslide.LOC.143.MED,"['99.8516', '27.8250']",,MED,FALSE
5000,LOC.143/FAC,LOC.143.FAC,#f0a73a,landslide.LOC.143.FAC,"['99.8516', '27.8250']",,FAC,FALSE
5000,LOC.143/DATA,LOC.143.DATA,#8579ec,landslide.LOC.143.DATA,"['99.8516', '27.8250']",,DATA,FALSE
10000,LOC.144,LOC.144,#2579e8,landslide.LOC.144,"['78.3764', '31.3555']",Bhagirathi river basin,LOC,FALSE
5000,LOC.144/MED,LOC.144.MED,#27cf7e,landslide.LOC.144.MED,"['78.3764', '31.3555']",,MED,FALSE
5000,LOC.144/FAC,LOC.144.FAC,#f0a73a,landslide.LOC.144.FAC,"['78.3764', '31.3555']",,FAC,FALSE
5000,LOC.144/DATA,LOC.144.DATA,#8579ec,landslide.LOC.144.DATA,"['78.3764', '31.3555']",,DATA,FALSE
10000,LOC.145,LOC.145,#2579e8,landslide.LOC.145,"['78.9228', '30.0664']",Bhagirathi river valley in the Indian Himalayas,LOC,FALSE
5000,LOC.145/MED,LOC.145.MED,#27cf7e,landslide.LOC.145.MED,"['78.9228', '30.0664']",,MED,FALSE
5000,LOC.145/FAC,LOC.145.FAC,#f0a73a,landslide.LOC.145.FAC,"['78.9228', '30.0664']",,FAC,FALSE
5000,LOC.145/DATA,LOC.145.DATA,#8579ec,landslide.LOC.145.DATA,"['78.9228', '30.0664']",,DATA,FALSE
10000,LOC.146,LOC.146,#2579e8,landslide.LOC.146,"['82.2386', '28.8727']",Bhalubang - Shiwapur section of Mahendra Highway lying in Western Nepal,LOC,FALSE
5000,LOC.146/MED,LOC.146.MED,#27cf7e,landslide.LOC.146.MED,"['82.2386', '28.8727']",,MED,FALSE
5000,LOC.146/FAC,LOC.146.FAC,#f0a73a,landslide.LOC.146.FAC,"['82.2386', '28.8727']",,FAC,FALSE
5000,LOC.146/DATA,LOC.146.DATA,#8579ec,landslide.LOC.146.DATA,"['82.2386', '28.8727']",,DATA,FALSE
10000,LOC.147,LOC.147,#2579e8,landslide.LOC.147,"['77.0925', '29.4393']",Bhanupali - Beri,LOC,FALSE
5000,LOC.147/MED,LOC.147.MED,#27cf7e,landslide.LOC.147.MED,"['77.0925', '29.4393']",,MED,FALSE
5000,LOC.147/FAC,LOC.147.FAC,#f0a73a,landslide.LOC.147.FAC,"['77.0925', '29.4393']",,FAC,FALSE
5000,LOC.147/DATA,LOC.147.DATA,#8579ec,landslide.LOC.147.DATA,"['77.0925', '29.4393']",,DATA,FALSE
10000,LOC.148,LOC.148,#2579e8,landslide.LOC.148,"['77.4981', '11.2326']",Bhavani basin,LOC,FALSE
5000,LOC.148/MED,LOC.148.MED,#27cf7e,landslide.LOC.148.MED,"['77.4981', '11.2326']",,MED,FALSE
5000,LOC.148/FAC,LOC.148.FAC,#f0a73a,landslide.LOC.148.FAC,"['77.4981', '11.2326']",,FAC,FALSE
5000,LOC.148/DATA,LOC.148.DATA,#8579ec,landslide.LOC.148.DATA,"['77.4981', '11.2326']",,DATA,FALSE
10000,LOC.149,LOC.149,#2579e8,landslide.LOC.149,"['90.4336', '27.5142']",Bhutan,LOC,FALSE
5000,LOC.149/MED,LOC.149.MED,#27cf7e,landslide.LOC.149.MED,"['90.4336', '27.5142']",,MED,FALSE
5000,LOC.149/FAC,LOC.149.FAC,#f0a73a,landslide.LOC.149.FAC,"['90.4336', '27.5142']",,FAC,FALSE
5000,LOC.149/DATA,LOC.149.DATA,#8579ec,landslide.LOC.149.DATA,"['90.4336', '27.5142']",,DATA,FALSE
10000,LOC.150,LOC.150,#2579e8,landslide.LOC.150,"['47.6114', '35.8664']",Bijar City,LOC,FALSE
5000,LOC.150/MED,LOC.150.MED,#27cf7e,landslide.LOC.150.MED,"['47.6114', '35.8664']",,MED,FALSE
5000,LOC.150/FAC,LOC.150.FAC,#f0a73a,landslide.LOC.150.FAC,"['47.6114', '35.8664']",,FAC,FALSE
5000,LOC.150/DATA,LOC.150.DATA,#8579ec,landslide.LOC.150.DATA,"['47.6114', '35.8664']",,DATA,FALSE
10000,LOC.151,LOC.151,#2579e8,landslide.LOC.151,"['47.6114', '35.8664']",Bijar City in Kurdistan province,LOC,FALSE
5000,LOC.151/MED,LOC.151.MED,#27cf7e,landslide.LOC.151.MED,"['47.6114', '35.8664']",,MED,FALSE
5000,LOC.151/FAC,LOC.151.FAC,#f0a73a,landslide.LOC.151.FAC,"['47.6114', '35.8664']",,FAC,FALSE
5000,LOC.151/DATA,LOC.151.DATA,#8579ec,landslide.LOC.151.DATA,"['47.6114', '35.8664']",,DATA,FALSE
10000,LOC.152,LOC.152,#2579e8,landslide.LOC.152,"['47.7475', '35.8691']",Bijar County,LOC,FALSE
5000,LOC.152/MED,LOC.152.MED,#27cf7e,landslide.LOC.152.MED,"['47.7475', '35.8691']",,MED,FALSE
5000,LOC.152/FAC,LOC.152.FAC,#f0a73a,landslide.LOC.152.FAC,"['47.7475', '35.8691']",,FAC,FALSE
5000,LOC.152/DATA,LOC.152.DATA,#8579ec,landslide.LOC.152.DATA,"['47.7475', '35.8691']",,DATA,FALSE
10000,LOC.153,LOC.153,#2579e8,landslide.LOC.153,"['105.3015', '27.2985']",Bijie,LOC,FALSE
5000,LOC.153/MED,LOC.153.MED,#27cf7e,landslide.LOC.153.MED,"['105.3015', '27.2985']",,MED,FALSE
5000,LOC.153/FAC,LOC.153.FAC,#f0a73a,landslide.LOC.153.FAC,"['105.3015', '27.2985']",,FAC,FALSE
5000,LOC.153/DATA,LOC.153.DATA,#8579ec,landslide.LOC.153.DATA,"['105.3015', '27.2985']",,DATA,FALSE
10000,LOC.154,LOC.154,#2579e8,landslide.LOC.154,"['105.3015', '27.2985']",Bijie in the Karst Region of Southwest China,LOC,FALSE
5000,LOC.154/MED,LOC.154.MED,#27cf7e,landslide.LOC.154.MED,"['105.3015', '27.2985']",,MED,FALSE
5000,LOC.154/FAC,LOC.154.FAC,#f0a73a,landslide.LOC.154.FAC,"['105.3015', '27.2985']",,FAC,FALSE
5000,LOC.154/DATA,LOC.154.DATA,#8579ec,landslide.LOC.154.DATA,"['105.3015', '27.2985']",,DATA,FALSE
10000,LOC.155,LOC.155,#2579e8,landslide.LOC.155,"['15.4859', '40.9485']",Bisaccia,LOC,FALSE
5000,LOC.155/MED,LOC.155.MED,#27cf7e,landslide.LOC.155.MED,"['15.4859', '40.9485']",,MED,FALSE
5000,LOC.155/FAC,LOC.155.FAC,#f0a73a,landslide.LOC.155.FAC,"['15.4859', '40.9485']",,FAC,FALSE
5000,LOC.155/DATA,LOC.155.DATA,#8579ec,landslide.LOC.155.DATA,"['15.4859', '40.9485']",,DATA,FALSE
10000,LOC.156,LOC.156,#2579e8,landslide.LOC.156,"['36.3002', '41.3237']",Black Sea,LOC,FALSE
5000,LOC.156/MED,LOC.156.MED,#27cf7e,landslide.LOC.156.MED,"['36.3002', '41.3237']",,MED,FALSE
5000,LOC.156/FAC,LOC.156.FAC,#f0a73a,landslide.LOC.156.FAC,"['36.3002', '41.3237']",,FAC,FALSE
5000,LOC.156/DATA,LOC.156.DATA,#8579ec,landslide.LOC.156.DATA,"['36.3002', '41.3237']",,DATA,FALSE
10000,LOC.157,LOC.157,#2579e8,landslide.LOC.157,"['41.6432', '41.1603']",Black Sea coast in the Artvin province,LOC,FALSE
5000,LOC.157/MED,LOC.157.MED,#27cf7e,landslide.LOC.157.MED,"['41.6432', '41.1603']",,MED,FALSE
5000,LOC.157/FAC,LOC.157.FAC,#f0a73a,landslide.LOC.157.FAC,"['41.6432', '41.1603']",,FAC,FALSE
5000,LOC.157/DATA,LOC.157.DATA,#8579ec,landslide.LOC.157.DATA,"['41.6432', '41.1603']",,DATA,FALSE
10000,LOC.158,LOC.158,#2579e8,landslide.LOC.158,"['77.0208', '11.5148']",Bodi - Bodimettu Ghat section,LOC,FALSE
5000,LOC.158/MED,LOC.158.MED,#27cf7e,landslide.LOC.158.MED,"['77.0208', '11.5148']",,MED,FALSE
5000,LOC.158/FAC,LOC.158.FAC,#f0a73a,landslide.LOC.158.FAC,"['77.0208', '11.5148']",,FAC,FALSE
5000,LOC.158/DATA,LOC.158.DATA,#8579ec,landslide.LOC.158.DATA,"['77.0208', '11.5148']",,DATA,FALSE
10000,LOC.159,LOC.159,#2579e8,landslide.LOC.159,"['127.2841', '36.4923']",Boeun,LOC,FALSE
5000,LOC.159/MED,LOC.159.MED,#27cf7e,landslide.LOC.159.MED,"['127.2841', '36.4923']",,MED,FALSE
5000,LOC.159/FAC,LOC.159.FAC,#f0a73a,landslide.LOC.159.FAC,"['127.2841', '36.4923']",,FAC,FALSE
5000,LOC.159/DATA,LOC.159.DATA,#8579ec,landslide.LOC.159.DATA,"['127.2841', '36.4923']",,DATA,FALSE
10000,LOC.160,LOC.160,#2579e8,landslide.LOC.160,"['127.7570', '36.4877']",Boeun in Korea,LOC,FALSE
5000,LOC.160/MED,LOC.160.MED,#27cf7e,landslide.LOC.160.MED,"['127.7570', '36.4877']",,MED,FALSE
5000,LOC.160/FAC,LOC.160.FAC,#f0a73a,landslide.LOC.160.FAC,"['127.7570', '36.4877']",,FAC,FALSE
5000,LOC.160/DATA,LOC.160.DATA,#8579ec,landslide.LOC.160.DATA,"['127.7570', '36.4877']",,DATA,FALSE
10000,LOC.161,LOC.161,#2579e8,landslide.LOC.161,"['106.7955', '-6.5950']",Bogor,LOC,FALSE
5000,LOC.161/MED,LOC.161.MED,#27cf7e,landslide.LOC.161.MED,"['106.7955', '-6.5950']",,MED,FALSE
5000,LOC.161/FAC,LOC.161.FAC,#f0a73a,landslide.LOC.161.FAC,"['106.7955', '-6.5950']",,FAC,FALSE
5000,LOC.161/DATA,LOC.161.DATA,#8579ec,landslide.LOC.161.DATA,"['106.7955', '-6.5950']",,DATA,FALSE
10000,LOC.162,LOC.162,#2579e8,landslide.LOC.162,"['73.3512', '4.7110']",Bogota - Villavicencio road in the central sector of the Eastern Cordillera,LOC,FALSE
5000,LOC.162/MED,LOC.162.MED,#27cf7e,landslide.LOC.162.MED,"['73.3512', '4.7110']",,MED,FALSE
5000,LOC.162/FAC,LOC.162.FAC,#f0a73a,landslide.LOC.162.FAC,"['73.3512', '4.7110']",,FAC,FALSE
5000,LOC.162/DATA,LOC.162.DATA,#8579ec,landslide.LOC.162.DATA,"['73.3512', '4.7110']",,DATA,FALSE
10000,LOC.163,LOC.163,#2579e8,landslide.LOC.163,"['36.7199', '7.2749']",Bonga town,LOC,FALSE
5000,LOC.163/MED,LOC.163.MED,#27cf7e,landslide.LOC.163.MED,"['36.7199', '7.2749']",,MED,FALSE
5000,LOC.163/FAC,LOC.163.FAC,#f0a73a,landslide.LOC.163.FAC,"['36.7199', '7.2749']",,FAC,FALSE
5000,LOC.163/DATA,LOC.163.DATA,#8579ec,landslide.LOC.163.DATA,"['36.7199', '7.2749']",,DATA,FALSE
10000,LOC.164,LOC.164,#2579e8,landslide.LOC.164,"['69.3073', '41.3929']",Bostanlik district,LOC,FALSE
5000,LOC.164/MED,LOC.164.MED,#27cf7e,landslide.LOC.164.MED,"['69.3073', '41.3929']",,MED,FALSE
5000,LOC.164/FAC,LOC.164.FAC,#f0a73a,landslide.LOC.164.FAC,"['69.3073', '41.3929']",,FAC,FALSE
5000,LOC.164/DATA,LOC.164.DATA,#8579ec,landslide.LOC.164.DATA,"['69.3073', '41.3929']",,DATA,FALSE
10000,LOC.165,LOC.165,#2579e8,landslide.LOC.165,"['69.3073', '41.3929']",Bostanlik districts of Tashkent,LOC,FALSE
5000,LOC.165/MED,LOC.165.MED,#27cf7e,landslide.LOC.165.MED,"['69.3073', '41.3929']",,MED,FALSE
5000,LOC.165/FAC,LOC.165.FAC,#f0a73a,landslide.LOC.165.FAC,"['69.3073', '41.3929']",,FAC,FALSE
5000,LOC.165/DATA,LOC.165.DATA,#8579ec,landslide.LOC.165.DATA,"['69.3073', '41.3929']",,DATA,FALSE
10000,LOC.166,LOC.166,#2579e8,landslide.LOC.166,"['112.2707', '31.9489']",both sides of the Yangtze River,LOC,FALSE
5000,LOC.166/MED,LOC.166.MED,#27cf7e,landslide.LOC.166.MED,"['112.2707', '31.9489']",,MED,FALSE
5000,LOC.166/FAC,LOC.166.FAC,#f0a73a,landslide.LOC.166.FAC,"['112.2707', '31.9489']",,FAC,FALSE
5000,LOC.166/DATA,LOC.166.DATA,#8579ec,landslide.LOC.166.DATA,"['112.2707', '31.9489']",,DATA,FALSE
10000,LOC.167,LOC.167,#2579e8,landslide.LOC.167,"['13.1799', '3.3642']",Bouandas,LOC,FALSE
5000,LOC.167/MED,LOC.167.MED,#27cf7e,landslide.LOC.167.MED,"['13.1799', '3.3642']",,MED,FALSE
5000,LOC.167/FAC,LOC.167.FAC,#f0a73a,landslide.LOC.167.FAC,"['13.1799', '3.3642']",,FAC,FALSE
5000,LOC.167/DATA,LOC.167.DATA,#8579ec,landslide.LOC.167.DATA,"['13.1799', '3.3642']",,DATA,FALSE
10000,LOC.168,LOC.168,#2579e8,landslide.LOC.168,"['15.5858', '3.5126']",Boun,LOC,FALSE
5000,LOC.168/MED,LOC.168.MED,#27cf7e,landslide.LOC.168.MED,"['15.5858', '3.5126']",,MED,FALSE
5000,LOC.168/FAC,LOC.168.FAC,#f0a73a,landslide.LOC.168.FAC,"['15.5858', '3.5126']",,FAC,FALSE
5000,LOC.168/DATA,LOC.168.DATA,#8579ec,landslide.LOC.168.DATA,"['15.5858', '3.5126']",,DATA,FALSE
10000,LOC.169,LOC.169,#2579e8,landslide.LOC.169,"['127.3176', '36.8172']",Boun region of Korea,LOC,FALSE
5000,LOC.169/MED,LOC.169.MED,#27cf7e,landslide.LOC.169.MED,"['127.3176', '36.8172']",,MED,FALSE
5000,LOC.169/FAC,LOC.169.FAC,#f0a73a,landslide.LOC.169.FAC,"['127.3176', '36.8172']",,FAC,FALSE
5000,LOC.169/DATA,LOC.169.DATA,#8579ec,landslide.LOC.169.DATA,"['127.3176', '36.8172']",,DATA,FALSE
10000,LOC.170,LOC.170,#2579e8,landslide.LOC.170,"['110.6749', '-7.5315']",Boyolali Regency,LOC,FALSE
5000,LOC.170/MED,LOC.170.MED,#27cf7e,landslide.LOC.170.MED,"['110.6749', '-7.5315']",,MED,FALSE
5000,LOC.170/FAC,LOC.170.FAC,#f0a73a,landslide.LOC.170.FAC,"['110.6749', '-7.5315']",,FAC,FALSE
5000,LOC.170/DATA,LOC.170.DATA,#8579ec,landslide.LOC.170.DATA,"['110.6749', '-7.5315']",,DATA,FALSE
10000,LOC.171,LOC.171,#2579e8,landslide.LOC.171,"['83.4380', '23.8335']",Brahmur,LOC,FALSE
5000,LOC.171/MED,LOC.171.MED,#27cf7e,landslide.LOC.171.MED,"['83.4380', '23.8335']",,MED,FALSE
5000,LOC.171/FAC,LOC.171.FAC,#f0a73a,landslide.LOC.171.FAC,"['83.4380', '23.8335']",,FAC,FALSE
5000,LOC.171/DATA,LOC.171.DATA,#8579ec,landslide.LOC.171.DATA,"['83.4380', '23.8335']",,DATA,FALSE
10000,LOC.172,LOC.172,#2579e8,landslide.LOC.172,"['51.9253', '14.2350']",Brazil,LOC,FALSE
5000,LOC.172/MED,LOC.172.MED,#27cf7e,landslide.LOC.172.MED,"['51.9253', '14.2350']",,MED,FALSE
5000,LOC.172/FAC,LOC.172.FAC,#f0a73a,landslide.LOC.172.FAC,"['51.9253', '14.2350']",,FAC,FALSE
5000,LOC.172/DATA,LOC.172.DATA,#8579ec,landslide.LOC.172.DATA,"['51.9253', '14.2350']",,DATA,FALSE
10000,LOC.173,LOC.173,#2579e8,landslide.LOC.173,"['49.2725', '-15.8267']",Brazilian countryside,LOC,FALSE
5000,LOC.173/MED,LOC.173.MED,#27cf7e,landslide.LOC.173.MED,"['49.2725', '-15.8267']",,MED,FALSE
5000,LOC.173/FAC,LOC.173.FAC,#f0a73a,landslide.LOC.173.FAC,"['49.2725', '-15.8267']",,FAC,FALSE
5000,LOC.173/DATA,LOC.173.DATA,#8579ec,landslide.LOC.173.DATA,"['49.2725', '-15.8267']",,DATA,FALSE
10000,LOC.174,LOC.174,#2579e8,landslide.LOC.174,"['9.6690', '45.8937']",Brembilla Municipality,LOC,FALSE
5000,LOC.174/MED,LOC.174.MED,#27cf7e,landslide.LOC.174.MED,"['9.6690', '45.8937']",,MED,FALSE
5000,LOC.174/FAC,LOC.174.FAC,#f0a73a,landslide.LOC.174.FAC,"['9.6690', '45.8937']",,FAC,FALSE
5000,LOC.174/DATA,LOC.174.DATA,#8579ec,landslide.LOC.174.DATA,"['9.6690', '45.8937']",,DATA,FALSE
10000,LOC.175,LOC.175,#2579e8,landslide.LOC.175,"['122.8140', '11.4550']",Brgy,LOC,FALSE
5000,LOC.175/MED,LOC.175.MED,#27cf7e,landslide.LOC.175.MED,"['122.8140', '11.4550']",,MED,FALSE
5000,LOC.175/FAC,LOC.175.FAC,#f0a73a,landslide.LOC.175.FAC,"['122.8140', '11.4550']",,FAC,FALSE
5000,LOC.175/DATA,LOC.175.DATA,#8579ec,landslide.LOC.175.DATA,"['122.8140', '11.4550']",,DATA,FALSE
10000,LOC.176,LOC.176,#2579e8,landslide.LOC.176,"['125.6972', '53.7267']",British Columbia,LOC,FALSE
5000,LOC.176/MED,LOC.176.MED,#27cf7e,landslide.LOC.176.MED,"['125.6972', '53.7267']",,MED,FALSE
5000,LOC.176/FAC,LOC.176.FAC,#f0a73a,landslide.LOC.176.FAC,"['125.6972', '53.7267']",,FAC,FALSE
5000,LOC.176/DATA,LOC.176.DATA,#8579ec,landslide.LOC.176.DATA,"['125.6972', '53.7267']",,DATA,FALSE
10000,LOC.177,LOC.177,#2579e8,landslide.LOC.177,"['128.0000', '53.7267']",British Columbia north coast,LOC,FALSE
5000,LOC.177/MED,LOC.177.MED,#27cf7e,landslide.LOC.177.MED,"['128.0000', '53.7267']",,MED,FALSE
5000,LOC.177/FAC,LOC.177.FAC,#f0a73a,landslide.LOC.177.FAC,"['128.0000', '53.7267']",,FAC,FALSE
5000,LOC.177/DATA,LOC.177.DATA,#8579ec,landslide.LOC.177.DATA,"['128.0000', '53.7267']",,DATA,FALSE
10000,LOC.178,LOC.178,#2579e8,landslide.LOC.178,"['16.7776', '39.2927']",Buoninventre,LOC,FALSE
5000,LOC.178/MED,LOC.178.MED,#27cf7e,landslide.LOC.178.MED,"['16.7776', '39.2927']",,MED,FALSE
5000,LOC.178/FAC,LOC.178.FAC,#f0a73a,landslide.LOC.178.FAC,"['16.7776', '39.2927']",,FAC,FALSE
5000,LOC.178/DATA,LOC.178.DATA,#8579ec,landslide.LOC.178.DATA,"['16.7776', '39.2927']",,DATA,FALSE
10000,LOC.179,LOC.179,#2579e8,landslide.LOC.179,"['26.3075', '45.1500']",Buzau Sector of the Curvature Subcarpathians of Romania,LOC,FALSE
5000,LOC.179/MED,LOC.179.MED,#27cf7e,landslide.LOC.179.MED,"['26.3075', '45.1500']",,MED,FALSE
5000,LOC.179/FAC,LOC.179.FAC,#f0a73a,landslide.LOC.179.FAC,"['26.3075', '45.1500']",,FAC,FALSE
5000,LOC.179/DATA,LOC.179.DATA,#8579ec,landslide.LOC.179.DATA,"['26.3075', '45.1500']",,DATA,FALSE
10000,LOC.180,LOC.180,#2579e8,landslide.LOC.180,"['-119.4179', '36.7783']","CA (California, USA)",LOC,FALSE
5000,LOC.180/MED,LOC.180.MED,#27cf7e,landslide.LOC.180.MED,"['-119.4179', '36.7783']",,MED,FALSE
5000,LOC.180/FAC,LOC.180.FAC,#f0a73a,landslide.LOC.180.FAC,"['-119.4179', '36.7783']",,FAC,FALSE
5000,LOC.180/DATA,LOC.180.DATA,#8579ec,landslide.LOC.180.DATA,"['-119.4179', '36.7783']",,DATA,FALSE
10000,LOC.181,LOC.181,#2579e8,landslide.LOC.181,"['124.6853', '8.4800']",Cagayan de Oro -LRB- CDO -RRB- - Bukidnon - Davao City -LRB- Buda -RRB- highway,LOC,FALSE
5000,LOC.181/MED,LOC.181.MED,#27cf7e,landslide.LOC.181.MED,"['124.6853', '8.4800']",,MED,FALSE
5000,LOC.181/FAC,LOC.181.FAC,#f0a73a,landslide.LOC.181.FAC,"['124.6853', '8.4800']",,FAC,FALSE
5000,LOC.181/DATA,LOC.181.DATA,#8579ec,landslide.LOC.181.DATA,"['124.6853', '8.4800']",,DATA,FALSE
10000,LOC.182,LOC.182,#2579e8,landslide.LOC.182,"['112.2219', '30.3151']",Caiyuan Basin,LOC,FALSE
5000,LOC.182/MED,LOC.182.MED,#27cf7e,landslide.LOC.182.MED,"['112.2219', '30.3151']",,MED,FALSE
5000,LOC.182/FAC,LOC.182.FAC,#f0a73a,landslide.LOC.182.FAC,"['112.2219', '30.3151']",,FAC,FALSE
5000,LOC.182/DATA,LOC.182.DATA,#8579ec,landslide.LOC.182.DATA,"['112.2219', '30.3151']",,DATA,FALSE
10000,LOC.183,LOC.183,#2579e8,landslide.LOC.183,"['16.4128', '38.9059']",Calabria,LOC,FALSE
5000,LOC.183/MED,LOC.183.MED,#27cf7e,landslide.LOC.183.MED,"['16.4128', '38.9059']",,MED,FALSE
5000,LOC.183/FAC,LOC.183.FAC,#f0a73a,landslide.LOC.183.FAC,"['16.4128', '38.9059']",,FAC,FALSE
5000,LOC.183/DATA,LOC.183.DATA,#8579ec,landslide.LOC.183.DATA,"['16.4128', '38.9059']",,DATA,FALSE
10000,LOC.184,LOC.184,#2579e8,landslide.LOC.184,"['16.4128', '38.9059']",Calabrian,LOC,FALSE
5000,LOC.184/MED,LOC.184.MED,#27cf7e,landslide.LOC.184.MED,"['16.4128', '38.9059']",,MED,FALSE
5000,LOC.184/FAC,LOC.184.FAC,#f0a73a,landslide.LOC.184.FAC,"['16.4128', '38.9059']",,FAC,FALSE
5000,LOC.184/DATA,LOC.184.DATA,#8579ec,landslide.LOC.184.DATA,"['16.4128', '38.9059']",,DATA,FALSE
10000,LOC.185,LOC.185,#2579e8,landslide.LOC.185,"['16.4128', '38.9059']",Calabrian territory,LOC,FALSE
5000,LOC.185/MED,LOC.185.MED,#27cf7e,landslide.LOC.185.MED,"['16.4128', '38.9059']",,MED,FALSE
5000,LOC.185/FAC,LOC.185.FAC,#f0a73a,landslide.LOC.185.FAC,"['16.4128', '38.9059']",,FAC,FALSE
5000,LOC.185/DATA,LOC.185.DATA,#8579ec,landslide.LOC.185.DATA,"['16.4128', '38.9059']",,DATA,FALSE
10000,LOC.186,LOC.186,#2579e8,landslide.LOC.186,"['75.7662', '11.2588']",Calicut Nilampur Gudalurghat section,LOC,FALSE
5000,LOC.186/MED,LOC.186.MED,#27cf7e,landslide.LOC.186.MED,"['75.7662', '11.2588']",,MED,FALSE
5000,LOC.186/FAC,LOC.186.FAC,#f0a73a,landslide.LOC.186.FAC,"['75.7662', '11.2588']",,FAC,FALSE
5000,LOC.186/DATA,LOC.186.DATA,#8579ec,landslide.LOC.186.DATA,"['75.7662', '11.2588']",,DATA,FALSE
10000,LOC.187,LOC.187,#2579e8,landslide.LOC.187,"['119.4179', '36.7783']",California,LOC,FALSE
5000,LOC.187/MED,LOC.187.MED,#27cf7e,landslide.LOC.187.MED,"['119.4179', '36.7783']",,MED,FALSE
5000,LOC.187/FAC,LOC.187.FAC,#f0a73a,landslide.LOC.187.FAC,"['119.4179', '36.7783']",,FAC,FALSE
5000,LOC.187/DATA,LOC.187.DATA,#8579ec,landslide.LOC.187.DATA,"['119.4179', '36.7783']",,DATA,FALSE
10000,LOC.188,LOC.188,#2579e8,landslide.LOC.188,"['119.4179', '36.7783']",California site,LOC,FALSE
5000,LOC.188/MED,LOC.188.MED,#27cf7e,landslide.LOC.188.MED,"['119.4179', '36.7783']",,MED,FALSE
5000,LOC.188/FAC,LOC.188.FAC,#f0a73a,landslide.LOC.188.FAC,"['119.4179', '36.7783']",,FAC,FALSE
5000,LOC.188/DATA,LOC.188.DATA,#8579ec,landslide.LOC.188.DATA,"['119.4179', '36.7783']",,DATA,FALSE
10000,LOC.189,LOC.189,#2579e8,landslide.LOC.189,"['15.3552', '40.9487']",Calitri,LOC,FALSE
5000,LOC.189/MED,LOC.189.MED,#27cf7e,landslide.LOC.189.MED,"['15.3552', '40.9487']",,MED,FALSE
5000,LOC.189/FAC,LOC.189.FAC,#f0a73a,landslide.LOC.189.FAC,"['15.3552', '40.9487']",,FAC,FALSE
5000,LOC.189/DATA,LOC.189.DATA,#8579ec,landslide.LOC.189.DATA,"['15.3552', '40.9487']",,DATA,FALSE
10000,LOC.190,LOC.190,#2579e8,landslide.LOC.190,"['11.3930', '43.3994']",Camaldoli and Agnano hill,LOC,FALSE
5000,LOC.190/MED,LOC.190.MED,#27cf7e,landslide.LOC.190.MED,"['11.3930', '43.3994']",,MED,FALSE
5000,LOC.190/FAC,LOC.190.FAC,#f0a73a,landslide.LOC.190.FAC,"['11.3930', '43.3994']",,FAC,FALSE
5000,LOC.190/DATA,LOC.190.DATA,#8579ec,landslide.LOC.190.DATA,"['11.3930', '43.3994']",,DATA,FALSE
10000,LOC.191,LOC.191,#2579e8,landslide.LOC.191,"['104.9909', '12.5657']",Cambodia,LOC,FALSE
5000,LOC.191/MED,LOC.191.MED,#27cf7e,landslide.LOC.191.MED,"['104.9909', '12.5657']",,MED,FALSE
5000,LOC.191/FAC,LOC.191.FAC,#f0a73a,landslide.LOC.191.FAC,"['104.9909', '12.5657']",,FAC,FALSE
5000,LOC.191/DATA,LOC.191.DATA,#8579ec,landslide.LOC.191.DATA,"['104.9909', '12.5657']",,DATA,FALSE
10000,LOC.192,LOC.192,#2579e8,landslide.LOC.192,"['99.3386', '4.6126']",Cameron,LOC,FALSE
5000,LOC.192/MED,LOC.192.MED,#27cf7e,landslide.LOC.192.MED,"['99.3386', '4.6126']",,MED,FALSE
5000,LOC.192/FAC,LOC.192.FAC,#f0a73a,landslide.LOC.192.FAC,"['99.3386', '4.6126']",,FAC,FALSE
5000,LOC.192/DATA,LOC.192.DATA,#8579ec,landslide.LOC.192.DATA,"['99.3386', '4.6126']",,DATA,FALSE
10000,LOC.193,LOC.193,#2579e8,landslide.LOC.193,"['145.9914', '-24.9015']",Cameron catchment,LOC,FALSE
5000,LOC.193/MED,LOC.193.MED,#27cf7e,landslide.LOC.193.MED,"['145.9914', '-24.9015']",,MED,FALSE
5000,LOC.193/FAC,LOC.193.FAC,#f0a73a,landslide.LOC.193.FAC,"['145.9914', '-24.9015']",,FAC,FALSE
5000,LOC.193/DATA,LOC.193.DATA,#8579ec,landslide.LOC.193.DATA,"['145.9914', '-24.9015']",,DATA,FALSE
10000,LOC.194,LOC.194,#2579e8,landslide.LOC.194,"['101.3925', '4.4721']",Cameron Highland,LOC,FALSE
5000,LOC.194/MED,LOC.194.MED,#27cf7e,landslide.LOC.194.MED,"['101.3925', '4.4721']",,MED,FALSE
5000,LOC.194/FAC,LOC.194.FAC,#f0a73a,landslide.LOC.194.FAC,"['101.3925', '4.4721']",,FAC,FALSE
5000,LOC.194/DATA,LOC.194.DATA,#8579ec,landslide.LOC.194.DATA,"['101.3925', '4.4721']",,DATA,FALSE
10000,LOC.195,LOC.195,#2579e8,landslide.LOC.195,"['101.3925', '4.4721']",Cameron Highlands,LOC,FALSE
5000,LOC.195/MED,LOC.195.MED,#27cf7e,landslide.LOC.195.MED,"['101.3925', '4.4721']",,MED,FALSE
5000,LOC.195/FAC,LOC.195.FAC,#f0a73a,landslide.LOC.195.FAC,"['101.3925', '4.4721']",,FAC,FALSE
5000,LOC.195/DATA,LOC.195.DATA,#8579ec,landslide.LOC.195.DATA,"['101.3925', '4.4721']",,DATA,FALSE
10000,LOC.196,LOC.196,#2579e8,landslide.LOC.196,"['101.3925', '4.4721']",Cameron Highlands areas in Malaysia,LOC,FALSE
5000,LOC.196/MED,LOC.196.MED,#27cf7e,landslide.LOC.196.MED,"['101.3925', '4.4721']",,MED,FALSE
5000,LOC.196/FAC,LOC.196.FAC,#f0a73a,landslide.LOC.196.FAC,"['101.3925', '4.4721']",,FAC,FALSE
5000,LOC.196/DATA,LOC.196.DATA,#8579ec,landslide.LOC.196.DATA,"['101.3925', '4.4721']",,DATA,FALSE
10000,LOC.197,LOC.197,#2579e8,landslide.LOC.197,"['12.3547', '7.3697']",Cameroon,LOC,FALSE
5000,LOC.197/MED,LOC.197.MED,#27cf7e,landslide.LOC.197.MED,"['12.3547', '7.3697']",,MED,FALSE
5000,LOC.197/FAC,LOC.197.FAC,#f0a73a,landslide.LOC.197.FAC,"['12.3547', '7.3697']",,FAC,FALSE
5000,LOC.197/DATA,LOC.197.DATA,#8579ec,landslide.LOC.197.DATA,"['12.3547', '7.3697']",,DATA,FALSE
10000,LOC.198,LOC.198,#2579e8,landslide.LOC.198,"['12.0', '5.0']",Cameroon Volcanic Line,LOC,FALSE
5000,LOC.198/MED,LOC.198.MED,#27cf7e,landslide.LOC.198.MED,"['12.0', '5.0']",,MED,FALSE
5000,LOC.198/FAC,LOC.198.FAC,#f0a73a,landslide.LOC.198.FAC,"['12.0', '5.0']",,FAC,FALSE
5000,LOC.198/DATA,LOC.198.DATA,#8579ec,landslide.LOC.198.DATA,"['12.0', '5.0']",,DATA,FALSE
10000,LOC.199,LOC.199,#2579e8,landslide.LOC.199,"['14.5', '40.8']",Campania,LOC,FALSE
5000,LOC.199/MED,LOC.199.MED,#27cf7e,landslide.LOC.199.MED,"['14.5', '40.8']",,MED,FALSE
5000,LOC.199/FAC,LOC.199.FAC,#f0a73a,landslide.LOC.199.FAC,"['14.5', '40.8']",,FAC,FALSE
5000,LOC.199/DATA,LOC.199.DATA,#8579ec,landslide.LOC.199.DATA,"['14.5', '40.8']",,DATA,FALSE
10000,LOC.200,LOC.200,#2579e8,landslide.LOC.200,"['106.3468', '56.1304']",Canada,LOC,FALSE
5000,LOC.200/MED,LOC.200.MED,#27cf7e,landslide.LOC.200.MED,"['106.3468', '56.1304']",,MED,FALSE
5000,LOC.200/FAC,LOC.200.FAC,#f0a73a,landslide.LOC.200.FAC,"['106.3468', '56.1304']",,FAC,FALSE
5000,LOC.200/DATA,LOC.200.DATA,#8579ec,landslide.LOC.200.DATA,"['106.3468', '56.1304']",,DATA,FALSE
10000,LOC.201,LOC.201,#2579e8,landslide.LOC.201,"['35.0513', '38.3992']",Candir catchment,LOC,FALSE
5000,LOC.201/MED,LOC.201.MED,#27cf7e,landslide.LOC.201.MED,"['35.0513', '38.3992']",,MED,FALSE
5000,LOC.201/FAC,LOC.201.FAC,#f0a73a,landslide.LOC.201.FAC,"['35.0513', '38.3992']",,FAC,FALSE
5000,LOC.201/DATA,LOC.201.DATA,#8579ec,landslide.LOC.201.DATA,"['35.0513', '38.3992']",,DATA,FALSE
10000,LOC.202,LOC.202,#2579e8,landslide.LOC.202,"['9.1939', '45.0567']",Canneto Pavese,LOC,FALSE
5000,LOC.202/MED,LOC.202.MED,#27cf7e,landslide.LOC.202.MED,"['9.1939', '45.0567']",,MED,FALSE
5000,LOC.202/FAC,LOC.202.FAC,#f0a73a,landslide.LOC.202.FAC,"['9.1939', '45.0567']",,FAC,FALSE
5000,LOC.202/DATA,LOC.202.DATA,#8579ec,landslide.LOC.202.DATA,"['9.1939', '45.0567']",,DATA,FALSE
10000,LOC.203,LOC.203,#2579e8,landslide.LOC.203,"['6.5657', '46.6273']",Canton Vaud,LOC,FALSE
5000,LOC.203/MED,LOC.203.MED,#27cf7e,landslide.LOC.203.MED,"['6.5657', '46.6273']",,MED,FALSE
5000,LOC.203/FAC,LOC.203.FAC,#f0a73a,landslide.LOC.203.FAC,"['6.5657', '46.6273']",,FAC,FALSE
5000,LOC.203/DATA,LOC.203.DATA,#8579ec,landslide.LOC.203.DATA,"['6.5657', '46.6273']",,DATA,FALSE
10000,LOC.204,LOC.204,#2579e8,landslide.LOC.204,"['14.0206', '42.1097']",Caramanico Terme,LOC,FALSE
5000,LOC.204/MED,LOC.204.MED,#27cf7e,landslide.LOC.204.MED,"['14.0206', '42.1097']",,MED,FALSE
5000,LOC.204/FAC,LOC.204.FAC,#f0a73a,landslide.LOC.204.FAC,"['14.0206', '42.1097']",,FAC,FALSE
5000,LOC.204/DATA,LOC.204.DATA,#8579ec,landslide.LOC.204.DATA,"['14.0206', '42.1097']",,DATA,FALSE
10000,LOC.205,LOC.205,#2579e8,landslide.LOC.205,"['66.7215', '18.4698']",Caribbean islands,LOC,FALSE
5000,LOC.205/MED,LOC.205.MED,#27cf7e,landslide.LOC.205.MED,"['66.7215', '18.4698']",,MED,FALSE
5000,LOC.205/FAC,LOC.205.FAC,#f0a73a,landslide.LOC.205.FAC,"['66.7215', '18.4698']",,FAC,FALSE
5000,LOC.205/DATA,LOC.205.DATA,#8579ec,landslide.LOC.205.DATA,"['66.7215', '18.4698']",,DATA,FALSE
10000,LOC.206,LOC.206,#2579e8,landslide.LOC.206,"['66.7215', '18.4698']",Caribbean shows,LOC,FALSE
5000,LOC.206/MED,LOC.206.MED,#27cf7e,landslide.LOC.206.MED,"['66.7215', '18.4698']",,MED,FALSE
5000,LOC.206/FAC,LOC.206.FAC,#f0a73a,landslide.LOC.206.FAC,"['66.7215', '18.4698']",,FAC,FALSE
5000,LOC.206/DATA,LOC.206.DATA,#8579ec,landslide.LOC.206.DATA,"['66.7215', '18.4698']",,DATA,FALSE
10000,LOC.207,LOC.207,#2579e8,landslide.LOC.207,"['19.1451', '49.8153']",Carpathian region in southern Poland,LOC,FALSE
5000,LOC.207/MED,LOC.207.MED,#27cf7e,landslide.LOC.207.MED,"['19.1451', '49.8153']",,MED,FALSE
5000,LOC.207/FAC,LOC.207.FAC,#f0a73a,landslide.LOC.207.FAC,"['19.1451', '49.8153']",,FAC,FALSE
5000,LOC.207/DATA,LOC.207.DATA,#8579ec,landslide.LOC.207.DATA,"['19.1451', '49.8153']",,DATA,FALSE
10000,LOC.208,LOC.208,#2579e8,landslide.LOC.208,"['73.4115', '46.7453']",Carretera Austral,LOC,FALSE
5000,LOC.208/MED,LOC.208.MED,#27cf7e,landslide.LOC.208.MED,"['73.4115', '46.7453']",,MED,FALSE
5000,LOC.208/FAC,LOC.208.FAC,#f0a73a,landslide.LOC.208.FAC,"['73.4115', '46.7453']",,FAC,FALSE
5000,LOC.208/DATA,LOC.208.DATA,#8579ec,landslide.LOC.208.DATA,"['73.4115', '46.7453']",,DATA,FALSE
10000,LOC.209,LOC.209,#2579e8,landslide.LOC.209,"['83.9467', '9.8771']",Cartago,LOC,FALSE
5000,LOC.209/MED,LOC.209.MED,#27cf7e,landslide.LOC.209.MED,"['83.9467', '9.8771']",,MED,FALSE
5000,LOC.209/FAC,LOC.209.FAC,#f0a73a,landslide.LOC.209.FAC,"['83.9467', '9.8771']",,FAC,FALSE
5000,LOC.209/DATA,LOC.209.DATA,#8579ec,landslide.LOC.209.DATA,"['83.9467', '9.8771']",,DATA,FALSE
10000,LOC.210,LOC.210,#2579e8,landslide.LOC.210,"['16.6051', '38.8876']",Catanzaro,LOC,FALSE
5000,LOC.210/MED,LOC.210.MED,#27cf7e,landslide.LOC.210.MED,"['16.6051', '38.8876']",,MED,FALSE
5000,LOC.210/FAC,LOC.210.FAC,#f0a73a,landslide.LOC.210.FAC,"['16.6051', '38.8876']",,FAC,FALSE
5000,LOC.210/DATA,LOC.210.DATA,#8579ec,landslide.LOC.210.DATA,"['16.6051', '38.8876']",,DATA,FALSE
10000,LOC.211,LOC.211,#2579e8,landslide.LOC.211,"['128.1938', '38.0673']",catchment in the Inje region of South Korea,LOC,FALSE
5000,LOC.211/MED,LOC.211.MED,#27cf7e,landslide.LOC.211.MED,"['128.1938', '38.0673']",,MED,FALSE
5000,LOC.211/FAC,LOC.211.FAC,#f0a73a,landslide.LOC.211.FAC,"['128.1938', '38.0673']",,FAC,FALSE
5000,LOC.211/DATA,LOC.211.DATA,#8579ec,landslide.LOC.211.DATA,"['128.1938', '38.0673']",,DATA,FALSE
10000,LOC.212,LOC.212,#2579e8,landslide.LOC.212,"['26.7561', '3.9386']",catchment of the Vunguvungu and Banga rivers,LOC,FALSE
5000,LOC.212/MED,LOC.212.MED,#27cf7e,landslide.LOC.212.MED,"['26.7561', '3.9386']",,MED,FALSE
5000,LOC.212/FAC,LOC.212.FAC,#f0a73a,landslide.LOC.212.FAC,"['26.7561', '3.9386']",,FAC,FALSE
5000,LOC.212/DATA,LOC.212.DATA,#8579ec,landslide.LOC.212.DATA,"['26.7561', '3.9386']",,DATA,FALSE
10000,LOC.213,LOC.213,#2579e8,landslide.LOC.213,"['84.1240', '27.7086']",catchments of the Siwaliks in the Nepal Himalaya,LOC,FALSE
5000,LOC.213/MED,LOC.213.MED,#27cf7e,landslide.LOC.213.MED,"['84.1240', '27.7086']",,MED,FALSE
5000,LOC.213/FAC,LOC.213.FAC,#f0a73a,landslide.LOC.213.FAC,"['84.1240', '27.7086']",,FAC,FALSE
5000,LOC.213/DATA,LOC.213.DATA,#8579ec,landslide.LOC.213.DATA,"['84.1240', '27.7086']",,DATA,FALSE
10000,LOC.214,LOC.214,#2579e8,landslide.LOC.214,"['103.8927', '1.3343']",CCC,LOC,FALSE
5000,LOC.214/MED,LOC.214.MED,#27cf7e,landslide.LOC.214.MED,"['103.8927', '1.3343']",,MED,FALSE
5000,LOC.214/FAC,LOC.214.FAC,#f0a73a,landslide.LOC.214.FAC,"['103.8927', '1.3343']",,FAC,FALSE
5000,LOC.214/DATA,LOC.214.DATA,#8579ec,landslide.LOC.214.DATA,"['103.8927', '1.3343']",,DATA,FALSE
10000,LOC.215,LOC.215,#2579e8,landslide.LOC.215,"['100.6814', '17.4392']",center and southern region of Guerrero,LOC,FALSE
5000,LOC.215/MED,LOC.215.MED,#27cf7e,landslide.LOC.215.MED,"['100.6814', '17.4392']",,MED,FALSE
5000,LOC.215/FAC,LOC.215.FAC,#f0a73a,landslide.LOC.215.FAC,"['100.6814', '17.4392']",,FAC,FALSE
5000,LOC.215/DATA,LOC.215.DATA,#8579ec,landslide.LOC.215.DATA,"['100.6814', '17.4392']",,DATA,FALSE
10000,LOC.216,LOC.216,#2579e8,landslide.LOC.216,"['126.9780', '37.5665']",center of Seoul,LOC,FALSE
5000,LOC.216/MED,LOC.216.MED,#27cf7e,landslide.LOC.216.MED,"['126.9780', '37.5665']",,MED,FALSE
5000,LOC.216/FAC,LOC.216.FAC,#f0a73a,landslide.LOC.216.FAC,"['126.9780', '37.5665']",,FAC,FALSE
5000,LOC.216/DATA,LOC.216.DATA,#8579ec,landslide.LOC.216.DATA,"['126.9780', '37.5665']",,DATA,FALSE
10000,LOC.217,LOC.217,#2579e8,landslide.LOC.217,"['34.8888', '1.3733']",central - east Africa,LOC,FALSE
5000,LOC.217/MED,LOC.217.MED,#27cf7e,landslide.LOC.217.MED,"['34.8888', '1.3733']",,MED,FALSE
5000,LOC.217/FAC,LOC.217.FAC,#f0a73a,landslide.LOC.217.FAC,"['34.8888', '1.3733']",,FAC,FALSE
5000,LOC.217/DATA,LOC.217.DATA,#8579ec,landslide.LOC.217.DATA,"['34.8888', '1.3733']",,DATA,FALSE
10000,LOC.218,LOC.218,#2579e8,landslide.LOC.218,"['35.0', '1.0']",Central - East African,LOC,FALSE
5000,LOC.218/MED,LOC.218.MED,#27cf7e,landslide.LOC.218.MED,"['35.0', '1.0']",,MED,FALSE
5000,LOC.218/FAC,LOC.218.FAC,#f0a73a,landslide.LOC.218.FAC,"['35.0', '1.0']",,FAC,FALSE
5000,LOC.218/DATA,LOC.218.DATA,#8579ec,landslide.LOC.218.DATA,"['35.0', '1.0']",,DATA,FALSE
10000,LOC.219,LOC.219,#2579e8,landslide.LOC.219,"['51.4215', '35.7510']",Central Alborz,LOC,FALSE
5000,LOC.219/MED,LOC.219.MED,#27cf7e,landslide.LOC.219.MED,"['51.4215', '35.7510']",,MED,FALSE
5000,LOC.219/FAC,LOC.219.FAC,#f0a73a,landslide.LOC.219.FAC,"['51.4215', '35.7510']",,FAC,FALSE
5000,LOC.219/DATA,LOC.219.DATA,#8579ec,landslide.LOC.219.DATA,"['51.4215', '35.7510']",,DATA,FALSE
10000,LOC.220,LOC.220,#2579e8,landslide.LOC.220,"['-86.9023', '14.9161']",Central America,LOC,FALSE
5000,LOC.220/MED,LOC.220.MED,#27cf7e,landslide.LOC.220.MED,"['-86.9023', '14.9161']",,MED,FALSE
5000,LOC.220/FAC,LOC.220.FAC,#f0a73a,landslide.LOC.220.FAC,"['-86.9023', '14.9161']",,FAC,FALSE
5000,LOC.220/DATA,LOC.220.DATA,#8579ec,landslide.LOC.220.DATA,"['-86.9023', '14.9161']",,DATA,FALSE
10000,LOC.221,LOC.221,#2579e8,landslide.LOC.221,"['100.5633', '27.7554']",central and southeastern regions of the Hengduan Mountain,LOC,FALSE
5000,LOC.221/MED,LOC.221.MED,#27cf7e,landslide.LOC.221.MED,"['100.5633', '27.7554']",,MED,FALSE
5000,LOC.221/FAC,LOC.221.FAC,#f0a73a,landslide.LOC.221.FAC,"['100.5633', '27.7554']",,FAC,FALSE
5000,LOC.221/DATA,LOC.221.DATA,#8579ec,landslide.LOC.221.DATA,"['100.5633', '27.7554']",,DATA,FALSE
10000,LOC.222,LOC.222,#2579e8,landslide.LOC.222,"['21.7956', '38.2466']",Central and Western Greece,LOC,FALSE
5000,LOC.222/MED,LOC.222.MED,#27cf7e,landslide.LOC.222.MED,"['21.7956', '38.2466']",,MED,FALSE
5000,LOC.222/FAC,LOC.222.FAC,#f0a73a,landslide.LOC.222.FAC,"['21.7956', '38.2466']",,FAC,FALSE
5000,LOC.222/DATA,LOC.222.DATA,#8579ec,landslide.LOC.222.DATA,"['21.7956', '38.2466']",,DATA,FALSE
10000,LOC.223,LOC.223,#2579e8,landslide.LOC.223,"['114.1772', '22.3193']",central area of Hong Kong,LOC,FALSE
5000,LOC.223/MED,LOC.223.MED,#27cf7e,landslide.LOC.223.MED,"['114.1772', '22.3193']",,MED,FALSE
5000,LOC.223/FAC,LOC.223.FAC,#f0a73a,landslide.LOC.223.FAC,"['114.1772', '22.3193']",,FAC,FALSE
5000,LOC.223/DATA,LOC.223.DATA,#8579ec,landslide.LOC.223.DATA,"['114.1772', '22.3193']",,DATA,FALSE
10000,LOC.224,LOC.224,#2579e8,landslide.LOC.224,"['114.0545', '22.5431']",central area of Shenzhen,LOC,FALSE
5000,LOC.224/MED,LOC.224.MED,#27cf7e,landslide.LOC.224.MED,"['114.0545', '22.5431']",,MED,FALSE
5000,LOC.224/FAC,LOC.224.FAC,#f0a73a,landslide.LOC.224.FAC,"['114.0545', '22.5431']",,FAC,FALSE
5000,LOC.224/DATA,LOC.224.DATA,#8579ec,landslide.LOC.224.DATA,"['114.0545', '22.5431']",,DATA,FALSE
10000,LOC.225,LOC.225,#2579e8,landslide.LOC.225,"['65.4910', '47.7511']",Central Asia,LOC,FALSE
5000,LOC.225/MED,LOC.225.MED,#27cf7e,landslide.LOC.225.MED,"['65.4910', '47.7511']",,MED,FALSE
5000,LOC.225/FAC,LOC.225.FAC,#f0a73a,landslide.LOC.225.FAC,"['65.4910', '47.7511']",,FAC,FALSE
5000,LOC.225/DATA,LOC.225.DATA,#8579ec,landslide.LOC.225.DATA,"['65.4910', '47.7511']",,DATA,FALSE
10000,LOC.226,LOC.226,#2579e8,landslide.LOC.226,"['-70.1924', '-33.7502']",central Chilean Andes,LOC,FALSE
5000,LOC.226/MED,LOC.226.MED,#27cf7e,landslide.LOC.226.MED,"['-70.1924', '-33.7502']",,MED,FALSE
5000,LOC.226/FAC,LOC.226.FAC,#f0a73a,landslide.LOC.226.FAC,"['-70.1924', '-33.7502']",,FAC,FALSE
5000,LOC.226/DATA,LOC.226.DATA,#8579ec,landslide.LOC.226.DATA,"['-70.1924', '-33.7502']",,DATA,FALSE
10000,LOC.227,LOC.227,#2579e8,landslide.LOC.227,"['39.5490', '9.1450']",Central Ethiopia,LOC,FALSE
5000,LOC.227/MED,LOC.227.MED,#27cf7e,landslide.LOC.227.MED,"['39.5490', '9.1450']",,MED,FALSE
5000,LOC.227/FAC,LOC.227.FAC,#f0a73a,landslide.LOC.227.FAC,"['39.5490', '9.1450']",,FAC,FALSE
5000,LOC.227/DATA,LOC.227.DATA,#8579ec,landslide.LOC.227.DATA,"['39.5490', '9.1450']",,DATA,FALSE
10000,LOC.228,LOC.228,#2579e8,landslide.LOC.228,"['15.2551', '49.8153']",Central Europe,LOC,FALSE
5000,LOC.228/MED,LOC.228.MED,#27cf7e,landslide.LOC.228.MED,"['15.2551', '49.8153']",,MED,FALSE
5000,LOC.228/FAC,LOC.228.FAC,#f0a73a,landslide.LOC.228.FAC,"['15.2551', '49.8153']",,FAC,FALSE
5000,LOC.228/DATA,LOC.228.DATA,#8579ec,landslide.LOC.228.DATA,"['15.2551', '49.8153']",,DATA,FALSE
10000,LOC.229,LOC.229,#2579e8,landslide.LOC.229,"['86.9203', '27.8418']",Central Himalaya,LOC,FALSE
5000,LOC.229/MED,LOC.229.MED,#27cf7e,landslide.LOC.229.MED,"['86.9203', '27.8418']",,MED,FALSE
5000,LOC.229/FAC,LOC.229.FAC,#f0a73a,landslide.LOC.229.FAC,"['86.9203', '27.8418']",,FAC,FALSE
5000,LOC.229/DATA,LOC.229.DATA,#8579ec,landslide.LOC.229.DATA,"['86.9203', '27.8418']",,DATA,FALSE
10000,LOC.230,LOC.230,#2579e8,landslide.LOC.230,"['81.2402', '29.3632']",central Himalayan arc,LOC,FALSE
5000,LOC.230/MED,LOC.230.MED,#27cf7e,landslide.LOC.230.MED,"['81.2402', '29.3632']",,MED,FALSE
5000,LOC.230/FAC,LOC.230.FAC,#f0a73a,landslide.LOC.230.FAC,"['81.2402', '29.3632']",,FAC,FALSE
5000,LOC.230/DATA,LOC.230.DATA,#8579ec,landslide.LOC.230.DATA,"['81.2402', '29.3632']",,DATA,FALSE
10000,LOC.231,LOC.231,#2579e8,landslide.LOC.231,"['-114.6340', '44.0682']",central Idaho,LOC,FALSE
5000,LOC.231/MED,LOC.231.MED,#27cf7e,landslide.LOC.231.MED,"['-114.6340', '44.0682']",,MED,FALSE
5000,LOC.231/FAC,LOC.231.FAC,#f0a73a,landslide.LOC.231.FAC,"['-114.6340', '44.0682']",,FAC,FALSE
5000,LOC.231/DATA,LOC.231.DATA,#8579ec,landslide.LOC.231.DATA,"['-114.6340', '44.0682']",,DATA,FALSE
10000,LOC.232,LOC.232,#2579e8,landslide.LOC.232,"['12.5674', '41.8719']",Central Italy,LOC,FALSE
5000,LOC.232/MED,LOC.232.MED,#27cf7e,landslide.LOC.232.MED,"['12.5674', '41.8719']",,MED,FALSE
5000,LOC.232/FAC,LOC.232.FAC,#f0a73a,landslide.LOC.232.FAC,"['12.5674', '41.8719']",,FAC,FALSE
5000,LOC.232/DATA,LOC.232.DATA,#8579ec,landslide.LOC.232.DATA,"['12.5674', '41.8719']",,DATA,FALSE
10000,LOC.233,LOC.233,#2579e8,landslide.LOC.233,"['110.4203', '-7.1095']",Central Java Province,LOC,FALSE
5000,LOC.233/MED,LOC.233.MED,#27cf7e,landslide.LOC.233.MED,"['110.4203', '-7.1095']",,MED,FALSE
5000,LOC.233/FAC,LOC.233.FAC,#f0a73a,landslide.LOC.233.FAC,"['110.4203', '-7.1095']",,FAC,FALSE
5000,LOC.233/DATA,LOC.233.DATA,#8579ec,landslide.LOC.233.DATA,"['110.4203', '-7.1095']",,DATA,FALSE
10000,LOC.234,LOC.234,#2579e8,landslide.LOC.234,"['17.1059', '35.8617']",central Mediterranean Sea,LOC,FALSE
5000,LOC.234/MED,LOC.234.MED,#27cf7e,landslide.LOC.234.MED,"['17.1059', '35.8617']",,MED,FALSE
5000,LOC.234/FAC,LOC.234.FAC,#f0a73a,landslide.LOC.234.FAC,"['17.1059', '35.8617']",,FAC,FALSE
5000,LOC.234/DATA,LOC.234.DATA,#8579ec,landslide.LOC.234.DATA,"['17.1059', '35.8617']",,DATA,FALSE
10000,LOC.235,LOC.235,#2579e8,landslide.LOC.235,"['84.1240', '28.3949']",central Nepal,LOC,FALSE
5000,LOC.235/MED,LOC.235.MED,#27cf7e,landslide.LOC.235.MED,"['84.1240', '28.3949']",,MED,FALSE
5000,LOC.235/FAC,LOC.235.FAC,#f0a73a,landslide.LOC.235.FAC,"['84.1240', '28.3949']",,FAC,FALSE
5000,LOC.235/DATA,LOC.235.DATA,#8579ec,landslide.LOC.235.DATA,"['84.1240', '28.3949']",,DATA,FALSE
10000,LOC.236,LOC.236,#2579e8,landslide.LOC.236,"['84.4869', '28.3672']",central part of Barpak village,LOC,FALSE
5000,LOC.236/MED,LOC.236.MED,#27cf7e,landslide.LOC.236.MED,"['84.4869', '28.3672']",,MED,FALSE
5000,LOC.236/FAC,LOC.236.FAC,#f0a73a,landslide.LOC.236.FAC,"['84.4869', '28.3672']",,FAC,FALSE
5000,LOC.236/DATA,LOC.236.DATA,#8579ec,landslide.LOC.236.DATA,"['84.4869', '28.3672']",,DATA,FALSE
10000,LOC.237,LOC.237,#2579e8,landslide.LOC.237,"['106.2468', '22.4816']",central part of Lao Cai province,LOC,FALSE
5000,LOC.237/MED,LOC.237.MED,#27cf7e,landslide.LOC.237.MED,"['106.2468', '22.4816']",,MED,FALSE
5000,LOC.237/FAC,LOC.237.FAC,#f0a73a,landslide.LOC.237.FAC,"['106.2468', '22.4816']",,FAC,FALSE
5000,LOC.237/DATA,LOC.237.DATA,#8579ec,landslide.LOC.237.DATA,"['106.2468', '22.4816']",,DATA,FALSE
10000,LOC.238,LOC.238,#2579e8,landslide.LOC.238,"['24.4895', '35.3610']",Central part of Rethymnon Prefecture,LOC,FALSE
5000,LOC.238/MED,LOC.238.MED,#27cf7e,landslide.LOC.238.MED,"['24.4895', '35.3610']",,MED,FALSE
5000,LOC.238/FAC,LOC.238.FAC,#f0a73a,landslide.LOC.238.FAC,"['24.4895', '35.3610']",,FAC,FALSE
5000,LOC.238/DATA,LOC.238.DATA,#8579ec,landslide.LOC.238.DATA,"['24.4895', '35.3610']",,DATA,FALSE
10000,LOC.239,LOC.239,#2579e8,landslide.LOC.239,"['16.2500', '38.2500']",Central part of the Calabria,LOC,FALSE
5000,LOC.239/MED,LOC.239.MED,#27cf7e,landslide.LOC.239.MED,"['16.2500', '38.2500']",,MED,FALSE
5000,LOC.239/FAC,LOC.239.FAC,#f0a73a,landslide.LOC.239.FAC,"['16.2500', '38.2500']",,FAC,FALSE
5000,LOC.239/DATA,LOC.239.DATA,#8579ec,landslide.LOC.239.DATA,"['16.2500', '38.2500']",,DATA,FALSE
10000,LOC.240,LOC.240,#2579e8,landslide.LOC.240,"['84.6611', '28.0806']",Central part of the Gorkha District,LOC,FALSE
5000,LOC.240/MED,LOC.240.MED,#27cf7e,landslide.LOC.240.MED,"['84.6611', '28.0806']",,MED,FALSE
5000,LOC.240/FAC,LOC.240.FAC,#f0a73a,landslide.LOC.240.FAC,"['84.6611', '28.0806']",,FAC,FALSE
5000,LOC.240/DATA,LOC.240.DATA,#8579ec,landslide.LOC.240.DATA,"['84.6611', '28.0806']",,DATA,FALSE
10000,LOC.241,LOC.241,#2579e8,landslide.LOC.241,"['86.5', '28.5']",Central part of the Nepal Himalayas,LOC,FALSE
5000,LOC.241/MED,LOC.241.MED,#27cf7e,landslide.LOC.241.MED,"['86.5', '28.5']",,MED,FALSE
5000,LOC.241/FAC,LOC.241.FAC,#f0a73a,landslide.LOC.241.FAC,"['86.5', '28.5']",,FAC,FALSE
5000,LOC.241/DATA,LOC.241.DATA,#8579ec,landslide.LOC.241.DATA,"['86.5', '28.5']",,DATA,FALSE
10000,LOC.242,LOC.242,#2579e8,landslide.LOC.242,"['25.0', '40.0']",Central Radunia Valley,LOC,FALSE
5000,LOC.242/MED,LOC.242.MED,#27cf7e,landslide.LOC.242.MED,"['25.0', '40.0']",,MED,FALSE
5000,LOC.242/FAC,LOC.242.FAC,#f0a73a,landslide.LOC.242.FAC,"['25.0', '40.0']",,FAC,FALSE
5000,LOC.242/DATA,LOC.242.DATA,#8579ec,landslide.LOC.242.DATA,"['25.0', '40.0']",,DATA,FALSE
10000,LOC.243,LOC.243,#2579e8,landslide.LOC.243,"['85.0', '27.5']",Central region of the Nepal Himalaya,LOC,FALSE
5000,LOC.243/MED,LOC.243.MED,#27cf7e,landslide.LOC.243.MED,"['85.0', '27.5']",,MED,FALSE
5000,LOC.243/FAC,LOC.243.FAC,#f0a73a,landslide.LOC.243.FAC,"['85.0', '27.5']",,FAC,FALSE
5000,LOC.243/DATA,LOC.243.DATA,#8579ec,landslide.LOC.243.DATA,"['85.0', '27.5']",,DATA,FALSE
10000,LOC.244,LOC.244,#2579e8,landslide.LOC.244,"['120.5', '23.5']",Central Taiwan,LOC,FALSE
5000,LOC.244/MED,LOC.244.MED,#27cf7e,landslide.LOC.244.MED,"['120.5', '23.5']",,MED,FALSE
5000,LOC.244/FAC,LOC.244.FAC,#f0a73a,landslide.LOC.244.FAC,"['120.5', '23.5']",,FAC,FALSE
5000,LOC.244/DATA,LOC.244.DATA,#8579ec,landslide.LOC.244.DATA,"['120.5', '23.5']",,DATA,FALSE
10000,LOC.245,LOC.245,#2579e8,landslide.LOC.245,"['108.0', '14.0']",Central Vietnam,LOC,FALSE
5000,LOC.245/MED,LOC.245.MED,#27cf7e,landslide.LOC.245.MED,"['108.0', '14.0']",,MED,FALSE
5000,LOC.245/FAC,LOC.245.FAC,#f0a73a,landslide.LOC.245.FAC,"['108.0', '14.0']",,FAC,FALSE
5000,LOC.245/DATA,LOC.245.DATA,#8579ec,landslide.LOC.245.DATA,"['108.0', '14.0']",,DATA,FALSE
10000,LOC.246,LOC.246,#2579e8,landslide.LOC.246,"['120.0', '23.5']",Central western Taiwan,LOC,FALSE
5000,LOC.246/MED,LOC.246.MED,#27cf7e,landslide.LOC.246.MED,"['120.0', '23.5']",,MED,FALSE
5000,LOC.246/FAC,LOC.246.FAC,#f0a73a,landslide.LOC.246.FAC,"['120.0', '23.5']",,FAC,FALSE
5000,LOC.246/DATA,LOC.246.DATA,#8579ec,landslide.LOC.246.DATA,"['120.0', '23.5']",,DATA,FALSE
10000,LOC.247,LOC.247,#2579e8,landslide.LOC.247,"['109.1915', '23.1413']",Cenxi,LOC,FALSE
5000,LOC.247/MED,LOC.247.MED,#27cf7e,landslide.LOC.247.MED,"['109.1915', '23.1413']",,MED,FALSE
5000,LOC.247/FAC,LOC.247.FAC,#f0a73a,landslide.LOC.247.FAC,"['109.1915', '23.1413']",,FAC,FALSE
5000,LOC.247/DATA,LOC.247.DATA,#8579ec,landslide.LOC.247.DATA,"['109.1915', '23.1413']",,DATA,FALSE
10000,LOC.248,LOC.248,#2579e8,landslide.LOC.248,"['110.6750', '-7.6411']",Cepogo Sub Districts,LOC,FALSE
5000,LOC.248/MED,LOC.248.MED,#27cf7e,landslide.LOC.248.MED,"['110.6750', '-7.6411']",,MED,FALSE
5000,LOC.248/FAC,LOC.248.FAC,#f0a73a,landslide.LOC.248.FAC,"['110.6750', '-7.6411']",,FAC,FALSE
5000,LOC.248/DATA,LOC.248.DATA,#8579ec,landslide.LOC.248.DATA,"['110.6750', '-7.6411']",,DATA,FALSE
10000,LOC.249,LOC.249,#2579e8,landslide.LOC.249,"['35.5639', '37.0']",Ceyhan river watershed,LOC,FALSE
5000,LOC.249/MED,LOC.249.MED,#27cf7e,landslide.LOC.249.MED,"['35.5639', '37.0']",,MED,FALSE
5000,LOC.249/FAC,LOC.249.FAC,#f0a73a,landslide.LOC.249.FAC,"['35.5639', '37.0']",,FAC,FALSE
5000,LOC.249/DATA,LOC.249.DATA,#8579ec,landslide.LOC.249.DATA,"['35.5639', '37.0']",,DATA,FALSE
10000,LOC.250,LOC.250,#2579e8,landslide.LOC.250,"['50.0', '35.0']",CHA,LOC,FALSE
5000,LOC.250/MED,LOC.250.MED,#27cf7e,landslide.LOC.250.MED,"['50.0', '35.0']",,MED,FALSE
5000,LOC.250/FAC,LOC.250.FAC,#f0a73a,landslide.LOC.250.FAC,"['50.0', '35.0']",,FAC,FALSE
5000,LOC.250/DATA,LOC.250.DATA,#8579ec,landslide.LOC.250.DATA,"['50.0', '35.0']",,DATA,FALSE
10000,LOC.251,LOC.251,#2579e8,landslide.LOC.251,"['50.0', '32.5']",Chaharmahal - w - bakhtiari,LOC,FALSE
5000,LOC.251/MED,LOC.251.MED,#27cf7e,landslide.LOC.251.MED,"['50.0', '32.5']",,MED,FALSE
5000,LOC.251/FAC,LOC.251.FAC,#f0a73a,landslide.LOC.251.FAC,"['50.0', '32.5']",,FAC,FALSE
5000,LOC.251/DATA,LOC.251.DATA,#8579ec,landslide.LOC.251.DATA,"['50.0', '32.5']",,DATA,FALSE
10000,LOC.252,LOC.252,#2579e8,landslide.LOC.252,"['76.1194', '32.5532']",Chamba,LOC,FALSE
5000,LOC.252/MED,LOC.252.MED,#27cf7e,landslide.LOC.252.MED,"['76.1194', '32.5532']",,MED,FALSE
5000,LOC.252/FAC,LOC.252.FAC,#f0a73a,landslide.LOC.252.FAC,"['76.1194', '32.5532']",,FAC,FALSE
5000,LOC.252/DATA,LOC.252.DATA,#8579ec,landslide.LOC.252.DATA,"['76.1194', '32.5532']",,DATA,FALSE
10000,LOC.253,LOC.253,#2579e8,landslide.LOC.253,"['76.1194', '32.5532']",Chamba and Bharmour cities,LOC,FALSE
5000,LOC.253/MED,LOC.253.MED,#27cf7e,landslide.LOC.253.MED,"['76.1194', '32.5532']",,MED,FALSE
5000,LOC.253/FAC,LOC.253.FAC,#f0a73a,landslide.LOC.253.FAC,"['76.1194', '32.5532']",,FAC,FALSE
5000,LOC.253/DATA,LOC.253.DATA,#8579ec,landslide.LOC.253.DATA,"['76.1194', '32.5532']",,DATA,FALSE
10000,LOC.254,LOC.254,#2579e8,landslide.LOC.254,"['76.1194', '32.5532']",Chamba region in bosom of Himalaya,LOC,FALSE
5000,LOC.254/MED,LOC.254.MED,#27cf7e,landslide.LOC.254.MED,"['76.1194', '32.5532']",,MED,FALSE
5000,LOC.254/FAC,LOC.254.FAC,#f0a73a,landslide.LOC.254.FAC,"['76.1194', '32.5532']",,FAC,FALSE
5000,LOC.254/DATA,LOC.254.DATA,#8579ec,landslide.LOC.254.DATA,"['76.1194', '32.5532']",,DATA,FALSE
10000,LOC.255,LOC.255,#2579e8,landslide.LOC.255,"['76.1194', '32.5532']",Chamba to Bharmour road corridor of National Highway,LOC,FALSE
5000,LOC.255/MED,LOC.255.MED,#27cf7e,landslide.LOC.255.MED,"['76.1194', '32.5532']",,MED,FALSE
5000,LOC.255/FAC,LOC.255.FAC,#f0a73a,landslide.LOC.255.FAC,"['76.1194', '32.5532']",,FAC,FALSE
5000,LOC.255/DATA,LOC.255.DATA,#8579ec,landslide.LOC.255.DATA,"['76.1194', '32.5532']",,DATA,FALSE
10000,LOC.256,LOC.256,#2579e8,landslide.LOC.256,"['76.1194', '32.5532']",Chamba to Bharmour road corridor of NH-154A in Himachal Pradesh,LOC,FALSE
5000,LOC.256/MED,LOC.256.MED,#27cf7e,landslide.LOC.256.MED,"['76.1194', '32.5532']",,MED,FALSE
5000,LOC.256/FAC,LOC.256.FAC,#f0a73a,landslide.LOC.256.FAC,"['76.1194', '32.5532']",,FAC,FALSE
5000,LOC.256/DATA,LOC.256.DATA,#8579ec,landslide.LOC.256.DATA,"['76.1194', '32.5532']",,DATA,FALSE
10000,LOC.257,LOC.257,#2579e8,landslide.LOC.257,"['79.5357', '30.4371']",Chamoli district,LOC,FALSE
5000,LOC.257/MED,LOC.257.MED,#27cf7e,landslide.LOC.257.MED,"['79.5357', '30.4371']",,MED,FALSE
5000,LOC.257/FAC,LOC.257.FAC,#f0a73a,landslide.LOC.257.FAC,"['79.5357', '30.4371']",,FAC,FALSE
5000,LOC.257/DATA,LOC.257.DATA,#8579ec,landslide.LOC.257.DATA,"['79.5357', '30.4371']",,DATA,FALSE
10000,LOC.258,LOC.258,#2579e8,landslide.LOC.258,"['79.4696', '30.4102']",Chamoli district of Uttarakhand,LOC,FALSE
5000,LOC.258/MED,LOC.258.MED,#27cf7e,landslide.LOC.258.MED,"['79.4696', '30.4102']",,MED,FALSE
5000,LOC.258/FAC,LOC.258.FAC,#f0a73a,landslide.LOC.258.FAC,"['79.4696', '30.4102']",,FAC,FALSE
5000,LOC.258/DATA,LOC.258.DATA,#8579ec,landslide.LOC.258.DATA,"['79.4696', '30.4102']",,DATA,FALSE
10000,LOC.259,LOC.259,#2579e8,landslide.LOC.259,"['77.6321', '31.1048']",Chandigarh - Manali highway,LOC,FALSE
5000,LOC.259/MED,LOC.259.MED,#27cf7e,landslide.LOC.259.MED,"['77.6321', '31.1048']",,MED,FALSE
5000,LOC.259/FAC,LOC.259.FAC,#f0a73a,landslide.LOC.259.FAC,"['77.6321', '31.1048']",,FAC,FALSE
5000,LOC.259/DATA,LOC.259.DATA,#8579ec,landslide.LOC.259.DATA,"['77.6321', '31.1048']",,DATA,FALSE
10000,LOC.260,LOC.260,#2579e8,landslide.LOC.260,"['95.4375', '27.0784']",Chandmari,LOC,FALSE
5000,LOC.260/MED,LOC.260.MED,#27cf7e,landslide.LOC.260.MED,"['95.4375', '27.0784']",,MED,FALSE
5000,LOC.260/FAC,LOC.260.FAC,#f0a73a,landslide.LOC.260.FAC,"['95.4375', '27.0784']",,FAC,FALSE
5000,LOC.260/DATA,LOC.260.DATA,#8579ec,landslide.LOC.260.DATA,"['95.4375', '27.0784']",,DATA,FALSE
10000,LOC.261,LOC.261,#2579e8,landslide.LOC.261,"['95.4375', '27.0784']",Chandmari landslide,LOC,FALSE
5000,LOC.261/MED,LOC.261.MED,#27cf7e,landslide.LOC.261.MED,"['95.4375', '27.0784']",,MED,FALSE
5000,LOC.261/FAC,LOC.261.FAC,#f0a73a,landslide.LOC.261.FAC,"['95.4375', '27.0784']",,FAC,FALSE
5000,LOC.261/DATA,LOC.261.DATA,#8579ec,landslide.LOC.261.DATA,"['95.4375', '27.0784']",,DATA,FALSE
10000,LOC.262,LOC.262,#2579e8,landslide.LOC.262,"['126.1342', '41.9973']",Changbai Mountain,LOC,FALSE
5000,LOC.262/MED,LOC.262.MED,#27cf7e,landslide.LOC.262.MED,"['126.1342', '41.9973']",,MED,FALSE
5000,LOC.262/FAC,LOC.262.FAC,#f0a73a,landslide.LOC.262.FAC,"['126.1342', '41.9973']",,FAC,FALSE
5000,LOC.262/DATA,LOC.262.DATA,#8579ec,landslide.LOC.262.DATA,"['126.1342', '41.9973']",,DATA,FALSE
10000,LOC.263,LOC.263,#2579e8,landslide.LOC.263,"['126.2229', '41.8465']",Changbai Mountain Area in Jilin Province,LOC,FALSE
5000,LOC.263/MED,LOC.263.MED,#27cf7e,landslide.LOC.263.MED,"['126.2229', '41.8465']",,MED,FALSE
5000,LOC.263/FAC,LOC.263.FAC,#f0a73a,landslide.LOC.263.FAC,"['126.2229', '41.8465']",,FAC,FALSE
5000,LOC.263/DATA,LOC.263.DATA,#8579ec,landslide.LOC.263.DATA,"['126.2229', '41.8465']",,DATA,FALSE
10000,LOC.264,LOC.264,#2579e8,landslide.LOC.264,"['97.1912', '31.1382']",Changdu and Nyingchi Cities,LOC,FALSE
5000,LOC.264/MED,LOC.264.MED,#27cf7e,landslide.LOC.264.MED,"['97.1912', '31.1382']",,MED,FALSE
5000,LOC.264/FAC,LOC.264.FAC,#f0a73a,landslide.LOC.264.FAC,"['97.1912', '31.1382']",,FAC,FALSE
5000,LOC.264/DATA,LOC.264.DATA,#8579ec,landslide.LOC.264.DATA,"['97.1912', '31.1382']",,DATA,FALSE
10000,LOC.265,LOC.265,#2579e8,landslide.LOC.265,"['111.2670', '23.9572']",Changzhou town in Wuzhou,LOC,FALSE
5000,LOC.265/MED,LOC.265.MED,#27cf7e,landslide.LOC.265.MED,"['111.2670', '23.9572']",,MED,FALSE
5000,LOC.265/FAC,LOC.265.FAC,#f0a73a,landslide.LOC.265.FAC,"['111.2670', '23.9572']",,FAC,FALSE
5000,LOC.265/DATA,LOC.265.DATA,#8579ec,landslide.LOC.265.DATA,"['111.2670', '23.9572']",,DATA,FALSE
10000,LOC.266,LOC.266,#2579e8,landslide.LOC.266,"['24.0167', '35.5121']",Chania Prefecture,LOC,FALSE
5000,LOC.266/MED,LOC.266.MED,#27cf7e,landslide.LOC.266.MED,"['24.0167', '35.5121']",,MED,FALSE
5000,LOC.266/FAC,LOC.266.FAC,#f0a73a,landslide.LOC.266.FAC,"['24.0167', '35.5121']",,FAC,FALSE
5000,LOC.266/DATA,LOC.266.DATA,#8579ec,landslide.LOC.266.DATA,"['24.0167', '35.5121']",,DATA,FALSE
10000,LOC.267,LOC.267,#2579e8,landslide.LOC.267,"['24.0167', '35.5121']",Chania Prefecture of Crete Island,LOC,FALSE
5000,LOC.267/MED,LOC.267.MED,#27cf7e,landslide.LOC.267.MED,"['24.0167', '35.5121']",,MED,FALSE
5000,LOC.267/FAC,LOC.267.FAC,#f0a73a,landslide.LOC.267.FAC,"['24.0167', '35.5121']",,FAC,FALSE
5000,LOC.267/DATA,LOC.267.DATA,#8579ec,landslide.LOC.267.DATA,"['24.0167', '35.5121']",,DATA,FALSE
10000,LOC.268,LOC.268,#2579e8,landslide.LOC.268,"['24.0167', '35.5121']",Chania regional,LOC,FALSE
5000,LOC.268/MED,LOC.268.MED,#27cf7e,landslide.LOC.268.MED,"['24.0167', '35.5121']",,MED,FALSE
5000,LOC.268/FAC,LOC.268.FAC,#f0a73a,landslide.LOC.268.FAC,"['24.0167', '35.5121']",,FAC,FALSE
5000,LOC.268/DATA,LOC.268.DATA,#8579ec,landslide.LOC.268.DATA,"['24.0167', '35.5121']",,DATA,FALSE
10000,LOC.269,LOC.269,#2579e8,landslide.LOC.269,"['88.3427', '27.0603']",Chapanu,LOC,FALSE
5000,LOC.269/MED,LOC.269.MED,#27cf7e,landslide.LOC.269.MED,"['88.3427', '27.0603']",,MED,FALSE
5000,LOC.269/FAC,LOC.269.FAC,#f0a73a,landslide.LOC.269.FAC,"['88.3427', '27.0603']",,FAC,FALSE
5000,LOC.269/DATA,LOC.269.DATA,#8579ec,landslide.LOC.269.DATA,"['88.3427', '27.0603']",,DATA,FALSE
10000,LOC.270,LOC.270,#2579e8,landslide.LOC.270,"['84.3136', '27.8467']",Charnath,LOC,FALSE
5000,LOC.270/MED,LOC.270.MED,#27cf7e,landslide.LOC.270.MED,"['84.3136', '27.8467']",,MED,FALSE
5000,LOC.270/FAC,LOC.270.FAC,#f0a73a,landslide.LOC.270.FAC,"['84.3136', '27.8467']",,FAC,FALSE
5000,LOC.270/DATA,LOC.270.DATA,#8579ec,landslide.LOC.270.DATA,"['84.3136', '27.8467']",,DATA,FALSE
10000,LOC.271,LOC.271,#2579e8,landslide.LOC.271,"['84.3136', '27.8467']",Charnath and Jalad of the Siwaliks in eastern Nepal,LOC,FALSE
5000,LOC.271/MED,LOC.271.MED,#27cf7e,landslide.LOC.271.MED,"['84.3136', '27.8467']",,MED,FALSE
5000,LOC.271/FAC,LOC.271.FAC,#f0a73a,landslide.LOC.271.FAC,"['84.3136', '27.8467']",,FAC,FALSE
5000,LOC.271/DATA,LOC.271.DATA,#8579ec,landslide.LOC.271.DATA,"['84.3136', '27.8467']",,DATA,FALSE
10000,LOC.272,LOC.272,#2579e8,landslide.LOC.272,"['91.8004', '22.3569']",Chattagram District of Bangladesh,LOC,FALSE
5000,LOC.272/MED,LOC.272.MED,#27cf7e,landslide.LOC.272.MED,"['91.8004', '22.3569']",,MED,FALSE
5000,LOC.272/FAC,LOC.272.FAC,#f0a73a,landslide.LOC.272.FAC,"['91.8004', '22.3569']",,FAC,FALSE
5000,LOC.272/DATA,LOC.272.DATA,#8579ec,landslide.LOC.272.DATA,"['91.8004', '22.3569']",,DATA,FALSE
10000,LOC.273,LOC.273,#2579e8,landslide.LOC.273,"['98.2500', '30.0997']",Chaya County,LOC,FALSE
5000,LOC.273/MED,LOC.273.MED,#27cf7e,landslide.LOC.273.MED,"['98.2500', '30.0997']",,MED,FALSE
5000,LOC.273/FAC,LOC.273.FAC,#f0a73a,landslide.LOC.273.FAC,"['98.2500', '30.0997']",,FAC,FALSE
5000,LOC.273/DATA,LOC.273.DATA,#8579ec,landslide.LOC.273.DATA,"['98.2500', '30.0997']",,DATA,FALSE
10000,LOC.274,LOC.274,#2579e8,landslide.LOC.274,"['37.4875', '14.2344']",Chemoga River Sub-Basin,LOC,FALSE
5000,LOC.274/MED,LOC.274.MED,#27cf7e,landslide.LOC.274.MED,"['37.4875', '14.2344']",,MED,FALSE
5000,LOC.274/FAC,LOC.274.FAC,#f0a73a,landslide.LOC.274.FAC,"['37.4875', '14.2344']",,FAC,FALSE
5000,LOC.274/DATA,LOC.274.DATA,#8579ec,landslide.LOC.274.DATA,"['37.4875', '14.2344']",,DATA,FALSE
10000,LOC.275,LOC.275,#2579e8,landslide.LOC.275,"['37.4875', '14.2344']",Chemoga watershed,LOC,FALSE
5000,LOC.275/MED,LOC.275.MED,#27cf7e,landslide.LOC.275.MED,"['37.4875', '14.2344']",,MED,FALSE
5000,LOC.275/FAC,LOC.275.FAC,#f0a73a,landslide.LOC.275.FAC,"['37.4875', '14.2344']",,FAC,FALSE
5000,LOC.275/DATA,LOC.275.DATA,#8579ec,landslide.LOC.275.DATA,"['37.4875', '14.2344']",,DATA,FALSE
10000,LOC.276,LOC.276,#2579e8,landslide.LOC.276,"['75.7170', '33.6404']",Chenab valley,LOC,FALSE
5000,LOC.276/MED,LOC.276.MED,#27cf7e,landslide.LOC.276.MED,"['75.7170', '33.6404']",,MED,FALSE
5000,LOC.276/FAC,LOC.276.FAC,#f0a73a,landslide.LOC.276.FAC,"['75.7170', '33.6404']",,FAC,FALSE
5000,LOC.276/DATA,LOC.276.DATA,#8579ec,landslide.LOC.276.DATA,"['75.7170', '33.6404']",,DATA,FALSE
10000,LOC.277,LOC.277,#2579e8,landslide.LOC.277,"['104.0669', '30.5728']",Chengdu city,LOC,FALSE
5000,LOC.277/MED,LOC.277.MED,#27cf7e,landslide.LOC.277.MED,"['104.0669', '30.5728']",,MED,FALSE
5000,LOC.277/FAC,LOC.277.FAC,#f0a73a,landslide.LOC.277.FAC,"['104.0669', '30.5728']",,FAC,FALSE
5000,LOC.277/DATA,LOC.277.DATA,#8579ec,landslide.LOC.277.DATA,"['104.0669', '30.5728']",,DATA,FALSE
10000,LOC.278,LOC.278,#2579e8,landslide.LOC.278,"['107.5482', '36.0489']",Chenggu County,LOC,FALSE
5000,LOC.278/MED,LOC.278.MED,#27cf7e,landslide.LOC.278.MED,"['107.5482', '36.0489']",,MED,FALSE
5000,LOC.278/FAC,LOC.278.FAC,#f0a73a,landslide.LOC.278.FAC,"['107.5482', '36.0489']",,FAC,FALSE
5000,LOC.278/DATA,LOC.278.DATA,#8579ec,landslide.LOC.278.DATA,"['107.5482', '36.0489']",,DATA,FALSE
10000,LOC.279,LOC.279,#2579e8,landslide.LOC.279,"['108.9360', '31.0056']",Chengkou,LOC,FALSE
5000,LOC.279/MED,LOC.279.MED,#27cf7e,landslide.LOC.279.MED,"['108.9360', '31.0056']",,MED,FALSE
5000,LOC.279/FAC,LOC.279.FAC,#f0a73a,landslide.LOC.279.FAC,"['108.9360', '31.0056']",,FAC,FALSE
5000,LOC.279/DATA,LOC.279.DATA,#8579ec,landslide.LOC.279.DATA,"['108.9360', '31.0056']",,DATA,FALSE
10000,LOC.280,LOC.280,#2579e8,landslide.LOC.280,"['127.4886', '36.6434']",CheongJu region in South Korea,LOC,FALSE
5000,LOC.280/MED,LOC.280.MED,#27cf7e,landslide.LOC.280.MED,"['127.4886', '36.6434']",,MED,FALSE
5000,LOC.280/FAC,LOC.280.FAC,#f0a73a,landslide.LOC.280.FAC,"['127.4886', '36.6434']",,FAC,FALSE
5000,LOC.280/DATA,LOC.280.DATA,#8579ec,landslide.LOC.280.DATA,"['127.4886', '36.6434']",,DATA,FALSE
10000,LOC.281,LOC.281,#2579e8,landslide.LOC.281,"['99.8947', '19.9105']",Chiang Rai,LOC,FALSE
5000,LOC.281/MED,LOC.281.MED,#27cf7e,landslide.LOC.281.MED,"['99.8947', '19.9105']",,MED,FALSE
5000,LOC.281/FAC,LOC.281.FAC,#f0a73a,landslide.LOC.281.FAC,"['99.8947', '19.9105']",,FAC,FALSE
5000,LOC.281/DATA,LOC.281.DATA,#8579ec,landslide.LOC.281.DATA,"['99.8947', '19.9105']",,DATA,FALSE
10000,LOC.282,LOC.282,#2579e8,landslide.LOC.282,"['99.9917', '19.8912']",Chiang Rai and Chiang Mai Provinces,LOC,FALSE
5000,LOC.282/MED,LOC.282.MED,#27cf7e,landslide.LOC.282.MED,"['99.9917', '19.8912']",,MED,FALSE
5000,LOC.282/FAC,LOC.282.FAC,#f0a73a,landslide.LOC.282.FAC,"['99.9917', '19.8912']",,FAC,FALSE
5000,LOC.282/DATA,LOC.282.DATA,#8579ec,landslide.LOC.282.DATA,"['99.9917', '19.8912']",,DATA,FALSE
10000,LOC.283,LOC.283,#2579e8,landslide.LOC.283,"['71.5429', '35.6751']",Chile,LOC,FALSE
5000,LOC.283/MED,LOC.283.MED,#27cf7e,landslide.LOC.283.MED,"['71.5429', '35.6751']",,MED,FALSE
5000,LOC.283/FAC,LOC.283.FAC,#f0a73a,landslide.LOC.283.FAC,"['71.5429', '35.6751']",,FAC,FALSE
5000,LOC.283/DATA,LOC.283.DATA,#8579ec,landslide.LOC.283.DATA,"['71.5429', '35.6751']",,DATA,FALSE
10000,LOC.284,LOC.284,#2579e8,landslide.LOC.284,"['104.1954', '35.8617']",China,LOC,FALSE
5000,LOC.284/MED,LOC.284.MED,#27cf7e,landslide.LOC.284.MED,"['104.1954', '35.8617']",,MED,FALSE
5000,LOC.284/FAC,LOC.284.FAC,#f0a73a,landslide.LOC.284.FAC,"['104.1954', '35.8617']",,FAC,FALSE
5000,LOC.284/DATA,LOC.284.DATA,#8579ec,landslide.LOC.284.DATA,"['104.1954', '35.8617']",,DATA,FALSE
10000,LOC.285,LOC.285,#2579e8,landslide.LOC.285,"['83.9046', '28.1715']",China - Nepal road corridors in the Kali Gandaki valley,LOC,FALSE
5000,LOC.285/MED,LOC.285.MED,#27cf7e,landslide.LOC.285.MED,"['83.9046', '28.1715']",,MED,FALSE
5000,LOC.285/FAC,LOC.285.FAC,#f0a73a,landslide.LOC.285.FAC,"['83.9046', '28.1715']",,FAC,FALSE
5000,LOC.285/DATA,LOC.285.DATA,#8579ec,landslide.LOC.285.DATA,"['83.9046', '28.1715']",,DATA,FALSE
10000,LOC.286,LOC.286,#2579e8,landslide.LOC.286,"['73.0651', '24.8607']",China - Pakistan Economic Corridor,LOC,FALSE
5000,LOC.286/MED,LOC.286.MED,#27cf7e,landslide.LOC.286.MED,"['73.0651', '24.8607']",,MED,FALSE
5000,LOC.286/FAC,LOC.286.FAC,#f0a73a,landslide.LOC.286.FAC,"['73.0651', '24.8607']",,FAC,FALSE
5000,LOC.286/DATA,LOC.286.DATA,#8579ec,landslide.LOC.286.DATA,"['73.0651', '24.8607']",,DATA,FALSE
10000,LOC.287,LOC.287,#2579e8,landslide.LOC.287,"['101.2403', '14.7566']",China - Thailand Railway from Saraburi to Sikhio,LOC,FALSE
5000,LOC.287/MED,LOC.287.MED,#27cf7e,landslide.LOC.287.MED,"['101.2403', '14.7566']",,MED,FALSE
5000,LOC.287/FAC,LOC.287.FAC,#f0a73a,landslide.LOC.287.FAC,"['101.2403', '14.7566']",,FAC,FALSE
5000,LOC.287/DATA,LOC.287.DATA,#8579ec,landslide.LOC.287.DATA,"['101.2403', '14.7566']",,DATA,FALSE
10000,LOC.288,LOC.288,#2579e8,landslide.LOC.288,"['77.6936', '35.8863']",China Pakistan Karakoram Highway,LOC,FALSE
5000,LOC.288/MED,LOC.288.MED,#27cf7e,landslide.LOC.288.MED,"['77.6936', '35.8863']",,MED,FALSE
5000,LOC.288/FAC,LOC.288.FAC,#f0a73a,landslide.LOC.288.FAC,"['77.6936', '35.8863']",,FAC,FALSE
5000,LOC.288/DATA,LOC.288.DATA,#8579ec,landslide.LOC.288.DATA,"['77.6936', '35.8863']",,DATA,FALSE
10000,LOC.289,LOC.289,#2579e8,landslide.LOC.289,"['118.0819', '25.2663']",China 's Fujian province,LOC,FALSE
5000,LOC.289/MED,LOC.289.MED,#27cf7e,landslide.LOC.289.MED,"['118.0819', '25.2663']",,MED,FALSE
5000,LOC.289/FAC,LOC.289.FAC,#f0a73a,landslide.LOC.289.FAC,"['118.0819', '25.2663']",,FAC,FALSE
5000,LOC.289/DATA,LOC.289.DATA,#8579ec,landslide.LOC.289.DATA,"['118.0819', '25.2663']",,DATA,FALSE
10000,LOC.290,LOC.290,#2579e8,landslide.LOC.290,"['85.3153', '28.3949']",Chinese Himalayas in Tibet,LOC,FALSE
5000,LOC.290/MED,LOC.290.MED,#27cf7e,landslide.LOC.290.MED,"['85.3153', '28.3949']",,MED,FALSE
5000,LOC.290/FAC,LOC.290.FAC,#f0a73a,landslide.LOC.290.FAC,"['85.3153', '28.3949']",,FAC,FALSE
5000,LOC.290/DATA,LOC.290.DATA,#8579ec,landslide.LOC.290.DATA,"['85.3153', '28.3949']",,DATA,FALSE
10000,LOC.291,LOC.291,#2579e8,landslide.LOC.291,"['107.9075', '35.3323']",Chinese Loess Plateau,LOC,FALSE
5000,LOC.291/MED,LOC.291.MED,#27cf7e,landslide.LOC.291.MED,"['107.9075', '35.3323']",,MED,FALSE
5000,LOC.291/FAC,LOC.291.FAC,#f0a73a,landslide.LOC.291.FAC,"['107.9075', '35.3323']",,FAC,FALSE
5000,LOC.291/DATA,LOC.291.DATA,#8579ec,landslide.LOC.291.DATA,"['107.9075', '35.3323']",,DATA,FALSE
10000,LOC.292,LOC.292,#2579e8,landslide.LOC.292,"['102.7096', '28.3831']",Chinese mountainous,LOC,FALSE
5000,LOC.292/MED,LOC.292.MED,#27cf7e,landslide.LOC.292.MED,"['102.7096', '28.3831']",,MED,FALSE
5000,LOC.292/FAC,LOC.292.FAC,#f0a73a,landslide.LOC.292.FAC,"['102.7096', '28.3831']",,FAC,FALSE
5000,LOC.292/DATA,LOC.292.DATA,#8579ec,landslide.LOC.292.DATA,"['102.7096', '28.3831']",,DATA,FALSE
10000,LOC.293,LOC.293,#2579e8,landslide.LOC.293,"['120.6472', '24.1179']",Chinshui watershed,LOC,FALSE
5000,LOC.293/MED,LOC.293.MED,#27cf7e,landslide.LOC.293.MED,"['120.6472', '24.1179']",,MED,FALSE
5000,LOC.293/FAC,LOC.293.FAC,#f0a73a,landslide.LOC.293.FAC,"['120.6472', '24.1179']",,FAC,FALSE
5000,LOC.293/DATA,LOC.293.DATA,#8579ec,landslide.LOC.293.DATA,"['120.6472', '24.1179']",,DATA,FALSE
10000,LOC.294,LOC.294,#2579e8,landslide.LOC.294,"['121.3002', '24.8748']",Chishan River watershed in Taiwan,LOC,FALSE
5000,LOC.294/MED,LOC.294.MED,#27cf7e,landslide.LOC.294.MED,"['121.3002', '24.8748']",,MED,FALSE
5000,LOC.294/FAC,LOC.294.FAC,#f0a73a,landslide.LOC.294.FAC,"['121.3002', '24.8748']",,FAC,FALSE
5000,LOC.294/DATA,LOC.294.DATA,#8579ec,landslide.LOC.294.DATA,"['121.3002', '24.8748']",,DATA,FALSE
10000,LOC.295,LOC.295,#2579e8,landslide.LOC.295,"['121.2631', '24.8852']",Chishan watershed,LOC,FALSE
5000,LOC.295/MED,LOC.295.MED,#27cf7e,landslide.LOC.295.MED,"['121.2631', '24.8852']",,MED,FALSE
5000,LOC.295/FAC,LOC.295.FAC,#f0a73a,landslide.LOC.295.FAC,"['121.2631', '24.8852']",,FAC,FALSE
5000,LOC.295/DATA,LOC.295.DATA,#8579ec,landslide.LOC.295.DATA,"['121.2631', '24.8852']",,DATA,FALSE
10000,LOC.296,LOC.296,#2579e8,landslide.LOC.296,"['71.7829', '35.8504']",Chitral,LOC,FALSE
5000,LOC.296/MED,LOC.296.MED,#27cf7e,landslide.LOC.296.MED,"['71.7829', '35.8504']",,MED,FALSE
5000,LOC.296/FAC,LOC.296.FAC,#f0a73a,landslide.LOC.296.FAC,"['71.7829', '35.8504']",,FAC,FALSE
5000,LOC.296/DATA,LOC.296.DATA,#8579ec,landslide.LOC.296.DATA,"['71.7829', '35.8504']",,DATA,FALSE
10000,LOC.297,LOC.297,#2579e8,landslide.LOC.297,"['71.8601', '35.8515']",Chitral district,LOC,FALSE
5000,LOC.297/MED,LOC.297.MED,#27cf7e,landslide.LOC.297.MED,"['71.8601', '35.8515']",,MED,FALSE
5000,LOC.297/FAC,LOC.297.FAC,#f0a73a,landslide.LOC.297.FAC,"['71.8601', '35.8515']",,FAC,FALSE
5000,LOC.297/DATA,LOC.297.DATA,#8579ec,landslide.LOC.297.DATA,"['71.8601', '35.8515']",,DATA,FALSE
10000,LOC.298,LOC.298,#2579e8,landslide.LOC.298,"['71.8453', '35.8461']",Chitral valley,LOC,FALSE
5000,LOC.298/MED,LOC.298.MED,#27cf7e,landslide.LOC.298.MED,"['71.8453', '35.8461']",,MED,FALSE
5000,LOC.298/FAC,LOC.298.FAC,#f0a73a,landslide.LOC.298.FAC,"['71.8453', '35.8461']",,FAC,FALSE
5000,LOC.298/DATA,LOC.298.DATA,#8579ec,landslide.LOC.298.DATA,"['71.8453', '35.8461']",,DATA,FALSE
10000,LOC.299,LOC.299,#2579e8,landslide.LOC.299,"['91.8008', '22.3569']",Chittagong City Corporation,LOC,FALSE
5000,LOC.299/MED,LOC.299.MED,#27cf7e,landslide.LOC.299.MED,"['91.8008', '22.3569']",,MED,FALSE
5000,LOC.299/FAC,LOC.299.FAC,#f0a73a,landslide.LOC.299.FAC,"['91.8008', '22.3569']",,FAC,FALSE
5000,LOC.299/DATA,LOC.299.DATA,#8579ec,landslide.LOC.299.DATA,"['91.8008', '22.3569']",,DATA,FALSE
10000,LOC.300,LOC.300,#2579e8,landslide.LOC.300,"['91.8008', '22.3569']",Chittagong District of Bangladesh,LOC,FALSE
5000,LOC.300/MED,LOC.300.MED,#27cf7e,landslide.LOC.300.MED,"['91.8008', '22.3569']",,MED,FALSE
5000,LOC.300/FAC,LOC.300.FAC,#f0a73a,landslide.LOC.300.FAC,"['91.8008', '22.3569']",,FAC,FALSE
5000,LOC.300/DATA,LOC.300.DATA,#8579ec,landslide.LOC.300.DATA,"['91.8008', '22.3569']",,DATA,FALSE
10000,LOC.301,LOC.301,#2579e8,landslide.LOC.301,"['91.8008', '22.3930']",Chittagong Hilly,LOC,FALSE
5000,LOC.301/MED,LOC.301.MED,#27cf7e,landslide.LOC.301.MED,"['91.8008', '22.3930']",,MED,FALSE
5000,LOC.301/FAC,LOC.301.FAC,#f0a73a,landslide.LOC.301.FAC,"['91.8008', '22.3930']",,FAC,FALSE
5000,LOC.301/DATA,LOC.301.DATA,#8579ec,landslide.LOC.301.DATA,"['91.8008', '22.3930']",,DATA,FALSE
10000,LOC.302,LOC.302,#2579e8,landslide.LOC.302,"['37.9190', '10.5083']",Choke Mountain,LOC,FALSE
5000,LOC.302/MED,LOC.302.MED,#27cf7e,landslide.LOC.302.MED,"['37.9190', '10.5083']",,MED,FALSE
5000,LOC.302/FAC,LOC.302.FAC,#f0a73a,landslide.LOC.302.FAC,"['37.9190', '10.5083']",,FAC,FALSE
5000,LOC.302/DATA,LOC.302.DATA,#8579ec,landslide.LOC.302.DATA,"['37.9190', '10.5083']",,DATA,FALSE
10000,LOC.303,LOC.303,#2579e8,landslide.LOC.303,"['106.5516', '29.5628']",Chongqing,LOC,FALSE
5000,LOC.303/MED,LOC.303.MED,#27cf7e,landslide.LOC.303.MED,"['106.5516', '29.5628']",,MED,FALSE
5000,LOC.303/FAC,LOC.303.FAC,#f0a73a,landslide.LOC.303.FAC,"['106.5516', '29.5628']",,FAC,FALSE
5000,LOC.303/DATA,LOC.303.DATA,#8579ec,landslide.LOC.303.DATA,"['106.5516', '29.5628']",,DATA,FALSE
10000,LOC.304,LOC.304,#2579e8,landslide.LOC.304,"['106.5516', '29.5628']",Chongqing City,LOC,FALSE
5000,LOC.304/MED,LOC.304.MED,#27cf7e,landslide.LOC.304.MED,"['106.5516', '29.5628']",,MED,FALSE
5000,LOC.304/FAC,LOC.304.FAC,#f0a73a,landslide.LOC.304.FAC,"['106.5516', '29.5628']",,FAC,FALSE
5000,LOC.304/DATA,LOC.304.DATA,#8579ec,landslide.LOC.304.DATA,"['106.5516', '29.5628']",,DATA,FALSE
10000,LOC.305,LOC.305,#2579e8,landslide.LOC.305,"['115.3546', '27.6868']",Chongren,LOC,FALSE
5000,LOC.305/MED,LOC.305.MED,#27cf7e,landslide.LOC.305.MED,"['115.3546', '27.6868']",,MED,FALSE
5000,LOC.305/FAC,LOC.305.FAC,#f0a73a,landslide.LOC.305.FAC,"['115.3546', '27.6868']",,FAC,FALSE
5000,LOC.305/DATA,LOC.305.DATA,#8579ec,landslide.LOC.305.DATA,"['115.3546', '27.6868']",,DATA,FALSE
10000,LOC.306,LOC.306,#2579e8,landslide.LOC.306,"['116.0497', '25.8900']",Chongren County,LOC,FALSE
5000,LOC.306/MED,LOC.306.MED,#27cf7e,landslide.LOC.306.MED,"['116.0497', '25.8900']",,MED,FALSE
5000,LOC.306/FAC,LOC.306.FAC,#f0a73a,landslide.LOC.306.FAC,"['116.0497', '25.8900']",,FAC,FALSE
5000,LOC.306/DATA,LOC.306.DATA,#8579ec,landslide.LOC.306.DATA,"['116.0497', '25.8900']",,DATA,FALSE
10000,LOC.307,LOC.307,#2579e8,landslide.LOC.307,"['114.0278', '25.5837']",Chongyi County,LOC,FALSE
5000,LOC.307/MED,LOC.307.MED,#27cf7e,landslide.LOC.307.MED,"['114.0278', '25.5837']",,MED,FALSE
5000,LOC.307/FAC,LOC.307.FAC,#f0a73a,landslide.LOC.307.FAC,"['114.0278', '25.5837']",,FAC,FALSE
5000,LOC.307/DATA,LOC.307.DATA,#8579ec,landslide.LOC.307.DATA,"['114.0278', '25.5837']",,DATA,FALSE
10000,LOC.308,LOC.308,#2579e8,landslide.LOC.308,"['92.3789', '23.9059']",CHT,LOC,FALSE
5000,LOC.308/MED,LOC.308.MED,#27cf7e,landslide.LOC.308.MED,"['92.3789', '23.9059']",,MED,FALSE
5000,LOC.308/FAC,LOC.308.FAC,#f0a73a,landslide.LOC.308.FAC,"['92.3789', '23.9059']",,FAC,FALSE
5000,LOC.308/DATA,LOC.308.DATA,#8579ec,landslide.LOC.308.DATA,"['92.3789', '23.9059']",,DATA,FALSE
10000,LOC.309,LOC.309,#2579e8,landslide.LOC.309,"['138.9096', '37.2657']",Chuetsu,LOC,FALSE
5000,LOC.309/MED,LOC.309.MED,#27cf7e,landslide.LOC.309.MED,"['138.9096', '37.2657']",,MED,FALSE
5000,LOC.309/FAC,LOC.309.FAC,#f0a73a,landslide.LOC.309.FAC,"['138.9096', '37.2657']",,FAC,FALSE
5000,LOC.309/DATA,LOC.309.DATA,#8579ec,landslide.LOC.309.DATA,"['138.9096', '37.2657']",,DATA,FALSE
10000,LOC.310,LOC.310,#2579e8,landslide.LOC.310,"['138.9176', '37.4328']",Chuetsu - Niigata,LOC,FALSE
5000,LOC.310/MED,LOC.310.MED,#27cf7e,landslide.LOC.310.MED,"['138.9176', '37.4328']",,MED,FALSE
5000,LOC.310/FAC,LOC.310.FAC,#f0a73a,landslide.LOC.310.FAC,"['138.9176', '37.4328']",,FAC,FALSE
5000,LOC.310/DATA,LOC.310.DATA,#8579ec,landslide.LOC.310.DATA,"['138.9176', '37.4328']",,DATA,FALSE
10000,LOC.311,LOC.311,#2579e8,landslide.LOC.311,"['89.5824', '27.1175']",Chukha Dzongkhag,LOC,FALSE
5000,LOC.311/MED,LOC.311.MED,#27cf7e,landslide.LOC.311.MED,"['89.5824', '27.1175']",,MED,FALSE
5000,LOC.311/FAC,LOC.311.FAC,#f0a73a,landslide.LOC.311.FAC,"['89.5824', '27.1175']",,FAC,FALSE
5000,LOC.311/DATA,LOC.311.DATA,#8579ec,landslide.LOC.311.DATA,"['89.5824', '27.1175']",,DATA,FALSE
10000,LOC.312,LOC.312,#2579e8,landslide.LOC.312,"['127.7388', '37.8749']",Chuncheon,LOC,FALSE
5000,LOC.312/MED,LOC.312.MED,#27cf7e,landslide.LOC.312.MED,"['127.7388', '37.8749']",,MED,FALSE
5000,LOC.312/FAC,LOC.312.FAC,#f0a73a,landslide.LOC.312.FAC,"['127.7388', '37.8749']",,FAC,FALSE
5000,LOC.312/DATA,LOC.312.DATA,#8579ec,landslide.LOC.312.DATA,"['127.7388', '37.8749']",,DATA,FALSE
10000,LOC.313,LOC.313,#2579e8,landslide.LOC.313,"['120.5688', '24.1258']",Chuoshui River in Taiwan,LOC,FALSE
5000,LOC.313/MED,LOC.313.MED,#27cf7e,landslide.LOC.313.MED,"['120.5688', '24.1258']",,MED,FALSE
5000,LOC.313/FAC,LOC.313.FAC,#f0a73a,landslide.LOC.313.FAC,"['120.5688', '24.1258']",,FAC,FALSE
5000,LOC.313/DATA,LOC.313.DATA,#8579ec,landslide.LOC.313.DATA,"['120.5688', '24.1258']",,DATA,FALSE
10000,LOC.314,LOC.314,#2579e8,landslide.LOC.314,"['101.5550', '25.0266']",Chuxiong,LOC,FALSE
5000,LOC.314/MED,LOC.314.MED,#27cf7e,landslide.LOC.314.MED,"['101.5550', '25.0266']",,MED,FALSE
5000,LOC.314/FAC,LOC.314.FAC,#f0a73a,landslide.LOC.314.FAC,"['101.5550', '25.0266']",,FAC,FALSE
5000,LOC.314/DATA,LOC.314.DATA,#8579ec,landslide.LOC.314.DATA,"['101.5550', '25.0266']",,DATA,FALSE
10000,LOC.315,LOC.315,#2579e8,landslide.LOC.315,"['9.6491', '44.1112']",Cinque Terre,LOC,FALSE
5000,LOC.315/MED,LOC.315.MED,#27cf7e,landslide.LOC.315.MED,"['9.6491', '44.1112']",,MED,FALSE
5000,LOC.315/FAC,LOC.315.FAC,#f0a73a,landslide.LOC.315.FAC,"['9.6491', '44.1112']",,FAC,FALSE
5000,LOC.315/DATA,LOC.315.DATA,#8579ec,landslide.LOC.315.DATA,"['9.6491', '44.1112']",,DATA,FALSE
10000,LOC.316,LOC.316,#2579e8,landslide.LOC.316,"['46.3325', '23.9542']",city of Santos,LOC,FALSE
5000,LOC.316/MED,LOC.316.MED,#27cf7e,landslide.LOC.316.MED,"['46.3325', '23.9542']",,MED,FALSE
5000,LOC.316/FAC,LOC.316.FAC,#f0a73a,landslide.LOC.316.FAC,"['46.3325', '23.9542']",,FAC,FALSE
5000,LOC.316/DATA,LOC.316.DATA,#8579ec,landslide.LOC.316.DATA,"['46.3325', '23.9542']",,DATA,FALSE
10000,LOC.317,LOC.317,#2579e8,landslide.LOC.317,"['122.3321', '47.6062']",City of Seattle,LOC,FALSE
5000,LOC.317/MED,LOC.317.MED,#27cf7e,landslide.LOC.317.MED,"['122.3321', '47.6062']",,MED,FALSE
5000,LOC.317/FAC,LOC.317.FAC,#f0a73a,landslide.LOC.317.FAC,"['122.3321', '47.6062']",,FAC,FALSE
5000,LOC.317/DATA,LOC.317.DATA,#8579ec,landslide.LOC.317.DATA,"['122.3321', '47.6062']",,DATA,FALSE
10000,LOC.318,LOC.318,#2579e8,landslide.LOC.318,"['-115.8504', '45.4877']",Clearwater National Forest,LOC,FALSE
5000,LOC.318/MED,LOC.318.MED,#27cf7e,landslide.LOC.318.MED,"['-115.8504', '45.4877']",,MED,FALSE
5000,LOC.318/FAC,LOC.318.FAC,#f0a73a,landslide.LOC.318.FAC,"['-115.8504', '45.4877']",,FAC,FALSE
5000,LOC.318/DATA,LOC.318.DATA,#8579ec,landslide.LOC.318.DATA,"['-115.8504', '45.4877']",,DATA,FALSE
10000,LOC.319,LOC.319,#2579e8,landslide.LOC.319,"['-115.8504', '45.4877']",Clearwater National Forest in north-central Idaho,LOC,FALSE
5000,LOC.319/MED,LOC.319.MED,#27cf7e,landslide.LOC.319.MED,"['-115.8504', '45.4877']",,MED,FALSE
5000,LOC.319/FAC,LOC.319.FAC,#f0a73a,landslide.LOC.319.FAC,"['-115.8504', '45.4877']",,FAC,FALSE
5000,LOC.319/DATA,LOC.319.DATA,#8579ec,landslide.LOC.319.DATA,"['-115.8504', '45.4877']",,DATA,FALSE
10000,LOC.320,LOC.320,#2579e8,landslide.LOC.320,"['120.3194', '45.2530']",Cleveland Corral,LOC,FALSE
5000,LOC.320/MED,LOC.320.MED,#27cf7e,landslide.LOC.320.MED,"['120.3194', '45.2530']",,MED,FALSE
5000,LOC.320/FAC,LOC.320.FAC,#f0a73a,landslide.LOC.320.FAC,"['120.3194', '45.2530']",,FAC,FALSE
5000,LOC.320/DATA,LOC.320.DATA,#8579ec,landslide.LOC.320.DATA,"['120.3194', '45.2530']",,DATA,FALSE
10000,LOC.321,LOC.321,#2579e8,landslide.LOC.321,"['72.8374', '18.5204']",CMA,LOC,FALSE
5000,LOC.321/MED,LOC.321.MED,#27cf7e,landslide.LOC.321.MED,"['72.8374', '18.5204']",,MED,FALSE
5000,LOC.321/FAC,LOC.321.FAC,#f0a73a,landslide.LOC.321.FAC,"['72.8374', '18.5204']",,FAC,FALSE
5000,LOC.321/DATA,LOC.321.DATA,#8579ec,landslide.LOC.321.DATA,"['72.8374', '18.5204']",,DATA,FALSE
10000,LOC.322,LOC.322,#2579e8,landslide.LOC.322,"['114.3900', '46.6169']",CNF,LOC,FALSE
5000,LOC.322/MED,LOC.322.MED,#27cf7e,landslide.LOC.322.MED,"['114.3900', '46.6169']",,MED,FALSE
5000,LOC.322/FAC,LOC.322.FAC,#f0a73a,landslide.LOC.322.FAC,"['114.3900', '46.6169']",,FAC,FALSE
5000,LOC.322/DATA,LOC.322.DATA,#8579ec,landslide.LOC.322.DATA,"['114.3900', '46.6169']",,DATA,FALSE
10000,LOC.323,LOC.323,#2579e8,landslide.LOC.323,"['112.5627', '37.7010']",coal mining mountain area of Shanxi Province,LOC,FALSE
5000,LOC.323/MED,LOC.323.MED,#27cf7e,landslide.LOC.323.MED,"['112.5627', '37.7010']",,MED,FALSE
5000,LOC.323/FAC,LOC.323.FAC,#f0a73a,landslide.LOC.323.FAC,"['112.5627', '37.7010']",,FAC,FALSE
5000,LOC.323/DATA,LOC.323.DATA,#8579ec,landslide.LOC.323.DATA,"['112.5627', '37.7010']",,DATA,FALSE
10000,LOC.324,LOC.324,#2579e8,landslide.LOC.324,"['88.8965', '13.7942']",coastal area of El Salvador,LOC,FALSE
5000,LOC.324/MED,LOC.324.MED,#27cf7e,landslide.LOC.324.MED,"['88.8965', '13.7942']",,MED,FALSE
5000,LOC.324/FAC,LOC.324.FAC,#f0a73a,landslide.LOC.324.FAC,"['88.8965', '13.7942']",,FAC,FALSE
5000,LOC.324/DATA,LOC.324.DATA,#8579ec,landslide.LOC.324.DATA,"['88.8965', '13.7942']",,DATA,FALSE
10000,LOC.325,LOC.325,#2579e8,landslide.LOC.325,"['9.2333', '32.3000']",coastal cliffs in the south of Safi,LOC,FALSE
5000,LOC.325/MED,LOC.325.MED,#27cf7e,landslide.LOC.325.MED,"['9.2333', '32.3000']",,MED,FALSE
5000,LOC.325/FAC,LOC.325.FAC,#f0a73a,landslide.LOC.325.FAC,"['9.2333', '32.3000']",,FAC,FALSE
5000,LOC.325/DATA,LOC.325.DATA,#8579ec,landslide.LOC.325.DATA,"['9.2333', '32.3000']",,DATA,FALSE
10000,LOC.326,LOC.326,#2579e8,landslide.LOC.326,"['0.0892', '35.9314']",coastal district of Mostaganem,LOC,FALSE
5000,LOC.326/MED,LOC.326.MED,#27cf7e,landslide.LOC.326.MED,"['0.0892', '35.9314']",,MED,FALSE
5000,LOC.326/FAC,LOC.326.FAC,#f0a73a,landslide.LOC.326.FAC,"['0.0892', '35.9314']",,FAC,FALSE
5000,LOC.326/DATA,LOC.326.DATA,#8579ec,landslide.LOC.326.DATA,"['0.0892', '35.9314']",,DATA,FALSE
10000,LOC.327,LOC.327,#2579e8,landslide.LOC.327,"['122.4869', '37.6138']",coastal watershed in Pacifica,LOC,FALSE
5000,LOC.327/MED,LOC.327.MED,#27cf7e,landslide.LOC.327.MED,"['122.4869', '37.6138']",,MED,FALSE
5000,LOC.327/FAC,LOC.327.FAC,#f0a73a,landslide.LOC.327.FAC,"['122.4869', '37.6138']",,FAC,FALSE
5000,LOC.327/DATA,LOC.327.DATA,#8579ec,landslide.LOC.327.DATA,"['122.4869', '37.6138']",,DATA,FALSE
10000,LOC.328,LOC.328,#2579e8,landslide.LOC.328,"['5.3037', '35.7568']",coastline between Tetouan and Bou Ahmed in the northernmost Rif of Morocco and its hinterland,LOC,FALSE
5000,LOC.328/MED,LOC.328.MED,#27cf7e,landslide.LOC.328.MED,"['5.3037', '35.7568']",,MED,FALSE
5000,LOC.328/FAC,LOC.328.FAC,#f0a73a,landslide.LOC.328.FAC,"['5.3037', '35.7568']",,FAC,FALSE
5000,LOC.328/DATA,LOC.328.DATA,#8579ec,landslide.LOC.328.DATA,"['5.3037', '35.7568']",,DATA,FALSE
10000,LOC.329,LOC.329,#2579e8,landslide.LOC.329,"['5.3037', '35.7568']",coastline Mediterranean between Tetouan - Bou Ahmed,LOC,FALSE
5000,LOC.329/MED,LOC.329.MED,#27cf7e,landslide.LOC.329.MED,"['5.3037', '35.7568']",,MED,FALSE
5000,LOC.329/FAC,LOC.329.FAC,#f0a73a,landslide.LOC.329.FAC,"['5.3037', '35.7568']",,FAC,FALSE
5000,LOC.329/DATA,LOC.329.DATA,#8579ec,landslide.LOC.329.DATA,"['5.3037', '35.7568']",,DATA,FALSE
10000,LOC.330,LOC.330,#2579e8,landslide.LOC.330,"['9.6583', '44.1022']",coasts of Cinque Terre,LOC,FALSE
5000,LOC.330/MED,LOC.330.MED,#27cf7e,landslide.LOC.330.MED,"['9.6583', '44.1022']",,MED,FALSE
5000,LOC.330/FAC,LOC.330.FAC,#f0a73a,landslide.LOC.330.FAC,"['9.6583', '44.1022']",,FAC,FALSE
5000,LOC.330/DATA,LOC.330.DATA,#8579ec,landslide.LOC.330.DATA,"['9.6583', '44.1022']",,DATA,FALSE
10000,LOC.331,LOC.331,#2579e8,landslide.LOC.331,"['12.3317', '42.9315']",Collazzone,LOC,FALSE
5000,LOC.331/MED,LOC.331.MED,#27cf7e,landslide.LOC.331.MED,"['12.3317', '42.9315']",,MED,FALSE
5000,LOC.331/FAC,LOC.331.FAC,#f0a73a,landslide.LOC.331.FAC,"['12.3317', '42.9315']",,FAC,FALSE
5000,LOC.331/DATA,LOC.331.DATA,#8579ec,landslide.LOC.331.DATA,"['12.3317', '42.9315']",,DATA,FALSE
10000,LOC.332,LOC.332,#2579e8,landslide.LOC.332,"['74.2973', '4.5709']",Colombia,LOC,FALSE
5000,LOC.332/MED,LOC.332.MED,#27cf7e,landslide.LOC.332.MED,"['74.2973', '4.5709']",,MED,FALSE
5000,LOC.332/FAC,LOC.332.FAC,#f0a73a,landslide.LOC.332.FAC,"['74.2973', '4.5709']",,FAC,FALSE
5000,LOC.332/DATA,LOC.332.DATA,#8579ec,landslide.LOC.332.DATA,"['74.2973', '4.5709']",,DATA,FALSE
10000,LOC.333,LOC.333,#2579e8,landslide.LOC.333,"['75.2422', '4.4368']",Combeima valley in Colombia,LOC,FALSE
5000,LOC.333/MED,LOC.333.MED,#27cf7e,landslide.LOC.333.MED,"['75.2422', '4.4368']",,MED,FALSE
5000,LOC.333/FAC,LOC.333.FAC,#f0a73a,landslide.LOC.333.FAC,"['75.2422', '4.4368']",,FAC,FALSE
5000,LOC.333/DATA,LOC.333.DATA,#8579ec,landslide.LOC.333.DATA,"['75.2422', '4.4368']",,DATA,FALSE
10000,LOC.334,LOC.334,#2579e8,landslide.LOC.334,"['61.3700', '15.4150']",Commonwealth of Dominica,LOC,FALSE
5000,LOC.334/MED,LOC.334.MED,#27cf7e,landslide.LOC.334.MED,"['61.3700', '15.4150']",,MED,FALSE
5000,LOC.334/FAC,LOC.334.FAC,#f0a73a,landslide.LOC.334.FAC,"['61.3700', '15.4150']",,FAC,FALSE
5000,LOC.334/DATA,LOC.334.DATA,#8579ec,landslide.LOC.334.DATA,"['61.3700', '15.4150']",,DATA,FALSE
10000,LOC.335,LOC.335,#2579e8,landslide.LOC.335,"['6.2833', '36.3650']",Constantine,LOC,FALSE
5000,LOC.335/MED,LOC.335.MED,#27cf7e,landslide.LOC.335.MED,"['6.2833', '36.3650']",,MED,FALSE
5000,LOC.335/FAC,LOC.335.FAC,#f0a73a,landslide.LOC.335.FAC,"['6.2833', '36.3650']",,FAC,FALSE
5000,LOC.335/DATA,LOC.335.DATA,#8579ec,landslide.LOC.335.DATA,"['6.2833', '36.3650']",,DATA,FALSE
10000,LOC.336,LOC.336,#2579e8,landslide.LOC.336,"['76.8144', '11.3530']",Coonoor,LOC,FALSE
5000,LOC.336/MED,LOC.336.MED,#27cf7e,landslide.LOC.336.MED,"['76.8144', '11.3530']",,MED,FALSE
5000,LOC.336/FAC,LOC.336.FAC,#f0a73a,landslide.LOC.336.FAC,"['76.8144', '11.3530']",,FAC,FALSE
5000,LOC.336/DATA,LOC.336.DATA,#8579ec,landslide.LOC.336.DATA,"['76.8144', '11.3530']",,DATA,FALSE
10000,LOC.337,LOC.337,#2579e8,landslide.LOC.337,"['76.8144', '11.3530']",Coonoor Taluk of Uthagamandalam District in Tamil Nadu,LOC,FALSE
5000,LOC.337/MED,LOC.337.MED,#27cf7e,landslide.LOC.337.MED,"['76.8144', '11.3530']",,MED,FALSE
5000,LOC.337/FAC,LOC.337.FAC,#f0a73a,landslide.LOC.337.FAC,"['76.8144', '11.3530']",,FAC,FALSE
5000,LOC.337/DATA,LOC.337.DATA,#8579ec,landslide.LOC.337.DATA,"['76.8144', '11.3530']",,DATA,FALSE
10000,LOC.338,LOC.338,#2579e8,landslide.LOC.338,"['77.6300', '8.9167']",Cordillera Blanca,LOC,FALSE
5000,LOC.338/MED,LOC.338.MED,#27cf7e,landslide.LOC.338.MED,"['77.6300', '8.9167']",,MED,FALSE
5000,LOC.338/FAC,LOC.338.FAC,#f0a73a,landslide.LOC.338.FAC,"['77.6300', '8.9167']",,FAC,FALSE
5000,LOC.338/DATA,LOC.338.DATA,#8579ec,landslide.LOC.338.DATA,"['77.6300', '8.9167']",,DATA,FALSE
10000,LOC.339,LOC.339,#2579e8,landslide.LOC.339,"['84.2089', '9.9281']",Costa Rica,LOC,FALSE
5000,LOC.339/MED,LOC.339.MED,#27cf7e,landslide.LOC.339.MED,"['84.2089', '9.9281']",,MED,FALSE
5000,LOC.339/FAC,LOC.339.FAC,#f0a73a,landslide.LOC.339.FAC,"['84.2089', '9.9281']",,FAC,FALSE
5000,LOC.339/DATA,LOC.339.DATA,#8579ec,landslide.LOC.339.DATA,"['84.2089', '9.9281']",,DATA,FALSE
10000,LOC.340,LOC.340,#2579e8,landslide.LOC.340,"['24.8698', '41.1425']",County of Xanthi,LOC,FALSE
5000,LOC.340/MED,LOC.340.MED,#27cf7e,landslide.LOC.340.MED,"['24.8698', '41.1425']",,MED,FALSE
5000,LOC.340/FAC,LOC.340.FAC,#f0a73a,landslide.LOC.340.FAC,"['24.8698', '41.1425']",,FAC,FALSE
5000,LOC.340/DATA,LOC.340.DATA,#8579ec,landslide.LOC.340.DATA,"['24.8698', '41.1425']",,DATA,FALSE
10000,LOC.341,LOC.341,#2579e8,landslide.LOC.341,"['92.0171', '21.4272']",Cox 's bazar,LOC,FALSE
5000,LOC.341/MED,LOC.341.MED,#27cf7e,landslide.LOC.341.MED,"['92.0171', '21.4272']",,MED,FALSE
5000,LOC.341/FAC,LOC.341.FAC,#f0a73a,landslide.LOC.341.FAC,"['92.0171', '21.4272']",,FAC,FALSE
5000,LOC.341/DATA,LOC.341.DATA,#8579ec,landslide.LOC.341.DATA,"['92.0171', '21.4272']",,DATA,FALSE
10000,LOC.342,LOC.342,#2579e8,landslide.LOC.342,"['92.0171', '21.4272']",Cox 's Bazar district of Bangladesh,LOC,FALSE
5000,LOC.342/MED,LOC.342.MED,#27cf7e,landslide.LOC.342.MED,"['92.0171', '21.4272']",,MED,FALSE
5000,LOC.342/FAC,LOC.342.FAC,#f0a73a,landslide.LOC.342.FAC,"['92.0171', '21.4272']",,FAC,FALSE
5000,LOC.342/DATA,LOC.342.DATA,#8579ec,landslide.LOC.342.DATA,"['92.0171', '21.4272']",,DATA,FALSE
10000,LOC.343,LOC.343,#2579e8,landslide.LOC.343,"['71.4916', '33.6844']",CPEC,LOC,FALSE
5000,LOC.343/MED,LOC.343.MED,#27cf7e,landslide.LOC.343.MED,"['71.4916', '33.6844']",,MED,FALSE
5000,LOC.343/FAC,LOC.343.FAC,#f0a73a,landslide.LOC.343.FAC,"['71.4916', '33.6844']",,FAC,FALSE
5000,LOC.343/DATA,LOC.343.DATA,#8579ec,landslide.LOC.343.DATA,"['71.4916', '33.6844']",,DATA,FALSE
10000,LOC.344,LOC.344,#2579e8,landslide.LOC.344,"['24.8700', '35.2401']",Crete Island,LOC,FALSE
5000,LOC.344/MED,LOC.344.MED,#27cf7e,landslide.LOC.344.MED,"['24.8700', '35.2401']",,MED,FALSE
5000,LOC.344/FAC,LOC.344.FAC,#f0a73a,landslide.LOC.344.FAC,"['24.8700', '35.2401']",,FAC,FALSE
5000,LOC.344/DATA,LOC.344.DATA,#8579ec,landslide.LOC.344.DATA,"['24.8700', '35.2401']",,DATA,FALSE
10000,LOC.345,LOC.345,#2579e8,landslide.LOC.345,"['120.3299', '36.1215']",CRSB,LOC,FALSE
5000,LOC.345/MED,LOC.345.MED,#27cf7e,landslide.LOC.345.MED,"['120.3299', '36.1215']",,MED,FALSE
5000,LOC.345/FAC,LOC.345.FAC,#f0a73a,landslide.LOC.345.FAC,"['120.3299', '36.1215']",,FAC,FALSE
5000,LOC.345/DATA,LOC.345.DATA,#8579ec,landslide.LOC.345.DATA,"['120.3299', '36.1215']",,DATA,FALSE
10000,LOC.346,LOC.346,#2579e8,landslide.LOC.346,"['2.8833', '40.0806']",Cuenca,LOC,FALSE
5000,LOC.346/MED,LOC.346.MED,#27cf7e,landslide.LOC.346.MED,"['2.8833', '40.0806']",,MED,FALSE
5000,LOC.346/FAC,LOC.346.FAC,#f0a73a,landslide.LOC.346.FAC,"['2.8833', '40.0806']",,FAC,FALSE
5000,LOC.346/DATA,LOC.346.DATA,#8579ec,landslide.LOC.346.DATA,"['2.8833', '40.0806']",,DATA,FALSE
10000,LOC.347,LOC.347,#2579e8,landslide.LOC.347,"['2.8833', '40.0806']",Cuenca city,LOC,FALSE
5000,LOC.347/MED,LOC.347.MED,#27cf7e,landslide.LOC.347.MED,"['2.8833', '40.0806']",,MED,FALSE
5000,LOC.347/FAC,LOC.347.FAC,#f0a73a,landslide.LOC.347.FAC,"['2.8833', '40.0806']",,FAC,FALSE
5000,LOC.347/DATA,LOC.347.DATA,#8579ec,landslide.LOC.347.DATA,"['2.8833', '40.0806']",,DATA,FALSE
10000,LOC.348,LOC.348,#2579e8,landslide.LOC.348,"['122.4200', '38.5675']",CVL,LOC,FALSE
5000,LOC.348/MED,LOC.348.MED,#27cf7e,landslide.LOC.348.MED,"['122.4200', '38.5675']",,MED,FALSE
5000,LOC.348/FAC,LOC.348.FAC,#f0a73a,landslide.LOC.348.FAC,"['122.4200', '38.5675']",,FAC,FALSE
5000,LOC.348/DATA,LOC.348.DATA,#8579ec,landslide.LOC.348.DATA,"['122.4200', '38.5675']",,DATA,FALSE
10000,LOC.349,LOC.349,#2579e8,landslide.LOC.349,"['15.4730', '49.8153']",Czech Republic,LOC,FALSE
5000,LOC.349/MED,LOC.349.MED,#27cf7e,landslide.LOC.349.MED,"['15.4730', '49.8153']",,MED,FALSE
5000,LOC.349/FAC,LOC.349.FAC,#f0a73a,landslide.LOC.349.FAC,"['15.4730', '49.8153']",,FAC,FALSE
5000,LOC.349/DATA,LOC.349.DATA,#8579ec,landslide.LOC.349.DATA,"['15.4730', '49.8153']",,DATA,FALSE
10000,LOC.350,LOC.350,#2579e8,landslide.LOC.350,"['108.4178', '11.9404']",Da Lat province,LOC,FALSE
5000,LOC.350/MED,LOC.350.MED,#27cf7e,landslide.LOC.350.MED,"['108.4178', '11.9404']",,MED,FALSE
5000,LOC.350/FAC,LOC.350.FAC,#f0a73a,landslide.LOC.350.FAC,"['108.4178', '11.9404']",,FAC,FALSE
5000,LOC.350/DATA,LOC.350.DATA,#8579ec,landslide.LOC.350.DATA,"['108.4178', '11.9404']",,DATA,FALSE
10000,LOC.351,LOC.351,#2579e8,landslide.LOC.351,"['115.0117', '33.2589']",Dabie Mountain area of Anhui Province,LOC,FALSE
5000,LOC.351/MED,LOC.351.MED,#27cf7e,landslide.LOC.351.MED,"['115.0117', '33.2589']",,MED,FALSE
5000,LOC.351/FAC,LOC.351.FAC,#f0a73a,landslide.LOC.351.FAC,"['115.0117', '33.2589']",,FAC,FALSE
5000,LOC.351/DATA,LOC.351.DATA,#8579ec,landslide.LOC.351.DATA,"['115.0117', '33.2589']",,DATA,FALSE
10000,LOC.352,LOC.352,#2579e8,landslide.LOC.352,"['68.4963', '26.6606']",Dadu River Basin,LOC,FALSE
5000,LOC.352/MED,LOC.352.MED,#27cf7e,landslide.LOC.352.MED,"['68.4963', '26.6606']",,MED,FALSE
5000,LOC.352/FAC,LOC.352.FAC,#f0a73a,landslide.LOC.352.FAC,"['68.4963', '26.6606']",,FAC,FALSE
5000,LOC.352/DATA,LOC.352.DATA,#8579ec,landslide.LOC.352.DATA,"['68.4963', '26.6606']",,DATA,FALSE
10000,LOC.353,LOC.353,#2579e8,landslide.LOC.353,"['101.4555', '24.0326']",Daguan County,LOC,FALSE
5000,LOC.353/MED,LOC.353.MED,#27cf7e,landslide.LOC.353.MED,"['101.4555', '24.0326']",,MED,FALSE
5000,LOC.353/FAC,LOC.353.FAC,#f0a73a,landslide.LOC.353.FAC,"['101.4555', '24.0326']",,FAC,FALSE
5000,LOC.353/DATA,LOC.353.DATA,#8579ec,landslide.LOC.353.DATA,"['101.4555', '24.0326']",,DATA,FALSE
10000,LOC.354,LOC.354,#2579e8,landslide.LOC.354,"['120.4866', '46.5167']",Dagushan,LOC,FALSE
5000,LOC.354/MED,LOC.354.MED,#27cf7e,landslide.LOC.354.MED,"['120.4866', '46.5167']",,MED,FALSE
5000,LOC.354/FAC,LOC.354.FAC,#f0a73a,landslide.LOC.354.FAC,"['120.4866', '46.5167']",,FAC,FALSE
5000,LOC.354/DATA,LOC.354.DATA,#8579ec,landslide.LOC.354.DATA,"['120.4866', '46.5167']",,DATA,FALSE
10000,LOC.355,LOC.355,#2579e8,landslide.LOC.355,"['81.8333', '28.8833']",Dailekh district,LOC,FALSE
5000,LOC.355/MED,LOC.355.MED,#27cf7e,landslide.LOC.355.MED,"['81.8333', '28.8833']",,MED,FALSE
5000,LOC.355/FAC,LOC.355.FAC,#f0a73a,landslide.LOC.355.FAC,"['81.8333', '28.8833']",,FAC,FALSE
5000,LOC.355/DATA,LOC.355.DATA,#8579ec,landslide.LOC.355.DATA,"['81.8333', '28.8833']",,DATA,FALSE
10000,LOC.356,LOC.356,#2579e8,landslide.LOC.356,"['129.3234', '43.7972']",Dajie township,LOC,FALSE
5000,LOC.356/MED,LOC.356.MED,#27cf7e,landslide.LOC.356.MED,"['129.3234', '43.7972']",,MED,FALSE
5000,LOC.356/FAC,LOC.356.FAC,#f0a73a,landslide.LOC.356.FAC,"['129.3234', '43.7972']",,FAC,FALSE
5000,LOC.356/DATA,LOC.356.DATA,#8579ec,landslide.LOC.356.DATA,"['129.3234', '43.7972']",,DATA,FALSE
10000,LOC.357,LOC.357,#2579e8,landslide.LOC.357,"['17.4439', '14.7167']",Dakar coastal,LOC,FALSE
5000,LOC.357/MED,LOC.357.MED,#27cf7e,landslide.LOC.357.MED,"['17.4439', '14.7167']",,MED,FALSE
5000,LOC.357/FAC,LOC.357.FAC,#f0a73a,landslide.LOC.357.FAC,"['17.4439', '14.7167']",,FAC,FALSE
5000,LOC.357/DATA,LOC.357.DATA,#8579ec,landslide.LOC.357.DATA,"['17.4439', '14.7167']",,DATA,FALSE
10000,LOC.358,LOC.358,#2579e8,landslide.LOC.358,"['75.9779', '32.6499']",Dalhousie,LOC,FALSE
5000,LOC.358/MED,LOC.358.MED,#27cf7e,landslide.LOC.358.MED,"['75.9779', '32.6499']",,MED,FALSE
5000,LOC.358/FAC,LOC.358.FAC,#f0a73a,landslide.LOC.358.FAC,"['75.9779', '32.6499']",,FAC,FALSE
5000,LOC.358/DATA,LOC.358.DATA,#8579ec,landslide.LOC.358.DATA,"['75.9779', '32.6499']",,DATA,FALSE
10000,LOC.359,LOC.359,#2579e8,landslide.LOC.359,"['96.1108', '16.0453']",Damre Romel,LOC,FALSE
5000,LOC.359/MED,LOC.359.MED,#27cf7e,landslide.LOC.359.MED,"['96.1108', '16.0453']",,MED,FALSE
5000,LOC.359/FAC,LOC.359.FAC,#f0a73a,landslide.LOC.359.FAC,"['96.1108', '16.0453']",,FAC,FALSE
5000,LOC.359/DATA,LOC.359.DATA,#8579ec,landslide.LOC.359.DATA,"['96.1108', '16.0453']",,DATA,FALSE
10000,LOC.360,LOC.360,#2579e8,landslide.LOC.360,"['25.9767', '44.4417']",Danube -  right river bank,LOC,FALSE
5000,LOC.360/MED,LOC.360.MED,#27cf7e,landslide.LOC.360.MED,"['25.9767', '44.4417']",,MED,FALSE
5000,LOC.360/FAC,LOC.360.FAC,#f0a73a,landslide.LOC.360.FAC,"['25.9767', '44.4417']",,FAC,FALSE
5000,LOC.360/DATA,LOC.360.DATA,#8579ec,landslide.LOC.360.DATA,"['25.9767', '44.4417']",,DATA,FALSE
10000,LOC.361,LOC.361,#2579e8,landslide.LOC.361,"['103.426', '29.3506']",Daoshi,LOC,FALSE
5000,LOC.361/MED,LOC.361.MED,#27cf7e,landslide.LOC.361.MED,"['103.426', '29.3506']",,MED,FALSE
5000,LOC.361/FAC,LOC.361.FAC,#f0a73a,landslide.LOC.361.FAC,"['103.426', '29.3506']",,FAC,FALSE
5000,LOC.361/DATA,LOC.361.DATA,#8579ec,landslide.LOC.361.DATA,"['103.426', '29.3506']",,DATA,FALSE
10000,LOC.362,LOC.362,#2579e8,landslide.LOC.362,"['88.2636', '27.0357']",Darjeeling,LOC,FALSE
5000,LOC.362/MED,LOC.362.MED,#27cf7e,landslide.LOC.362.MED,"['88.2636', '27.0357']",,MED,FALSE
5000,LOC.362/FAC,LOC.362.FAC,#f0a73a,landslide.LOC.362.FAC,"['88.2636', '27.0357']",,FAC,FALSE
5000,LOC.362/DATA,LOC.362.DATA,#8579ec,landslide.LOC.362.DATA,"['88.2636', '27.0357']",,DATA,FALSE
10000,LOC.363,LOC.363,#2579e8,landslide.LOC.363,"['88.4726', '27.0357']",Darjeeling and Kalimpong district,LOC,FALSE
5000,LOC.363/MED,LOC.363.MED,#27cf7e,landslide.LOC.363.MED,"['88.4726', '27.0357']",,MED,FALSE
5000,LOC.363/FAC,LOC.363.FAC,#f0a73a,landslide.LOC.363.FAC,"['88.4726', '27.0357']",,FAC,FALSE
5000,LOC.363/DATA,LOC.363.DATA,#8579ec,landslide.LOC.363.DATA,"['88.4726', '27.0357']",,DATA,FALSE
10000,LOC.364,LOC.364,#2579e8,landslide.LOC.364,"['88.4726', '27.0357']",Darjeeling and Kalimpong districts of West Bengal,LOC,FALSE
5000,LOC.364/MED,LOC.364.MED,#27cf7e,landslide.LOC.364.MED,"['88.4726', '27.0357']",,MED,FALSE
5000,LOC.364/FAC,LOC.364.FAC,#f0a73a,landslide.LOC.364.FAC,"['88.4726', '27.0357']",,FAC,FALSE
5000,LOC.364/DATA,LOC.364.DATA,#8579ec,landslide.LOC.364.DATA,"['88.4726', '27.0357']",,DATA,FALSE
10000,LOC.365,LOC.365,#2579e8,landslide.LOC.365,"['88.2666', '27.0026']",Darjeeling Himalaya,LOC,FALSE
5000,LOC.365/MED,LOC.365.MED,#27cf7e,landslide.LOC.365.MED,"['88.2666', '27.0026']",,MED,FALSE
5000,LOC.365/FAC,LOC.365.FAC,#f0a73a,landslide.LOC.365.FAC,"['88.2666', '27.0026']",,FAC,FALSE
5000,LOC.365/DATA,LOC.365.DATA,#8579ec,landslide.LOC.365.DATA,"['88.2666', '27.0026']",,DATA,FALSE
10000,LOC.366,LOC.366,#2579e8,landslide.LOC.366,"['88.2666', '27.0026']",Darjeeling Himalayan,LOC,FALSE
5000,LOC.366/MED,LOC.366.MED,#27cf7e,landslide.LOC.366.MED,"['88.2666', '27.0026']",,MED,FALSE
5000,LOC.366/FAC,LOC.366.FAC,#f0a73a,landslide.LOC.366.FAC,"['88.2666', '27.0026']",,FAC,FALSE
5000,LOC.366/DATA,LOC.366.DATA,#8579ec,landslide.LOC.366.DATA,"['88.2666', '27.0026']",,DATA,FALSE
10000,LOC.367,LOC.367,#2579e8,landslide.LOC.367,"['88.2666', '27.0026']",Darjeeling Himalayas of India,LOC,FALSE
5000,LOC.367/MED,LOC.367.MED,#27cf7e,landslide.LOC.367.MED,"['88.2666', '27.0026']",,MED,FALSE
5000,LOC.367/FAC,LOC.367.FAC,#f0a73a,landslide.LOC.367.FAC,"['88.2666', '27.0026']",,FAC,FALSE
5000,LOC.367/DATA,LOC.367.DATA,#8579ec,landslide.LOC.367.DATA,"['88.2666', '27.0026']",,DATA,FALSE
10000,LOC.368,LOC.368,#2579e8,landslide.LOC.368,"['88.2495', '27.1046']",Darjiling Himalaya,LOC,FALSE
5000,LOC.368/MED,LOC.368.MED,#27cf7e,landslide.LOC.368.MED,"['88.2495', '27.1046']",,MED,FALSE
5000,LOC.368/FAC,LOC.368.FAC,#f0a73a,landslide.LOC.368.FAC,"['88.2495', '27.1046']",,FAC,FALSE
5000,LOC.368/DATA,LOC.368.DATA,#8579ec,landslide.LOC.368.DATA,"['88.2495', '27.1046']",,DATA,FALSE
10000,LOC.369,LOC.369,#2579e8,landslide.LOC.369,"['101.6016', '36.5519']",Datong mining area in Qinghai Province,LOC,FALSE
5000,LOC.369/MED,LOC.369.MED,#27cf7e,landslide.LOC.369.MED,"['101.6016', '36.5519']",,MED,FALSE
5000,LOC.369/FAC,LOC.369.FAC,#f0a73a,landslide.LOC.369.FAC,"['101.6016', '36.5519']",,FAC,FALSE
5000,LOC.369/DATA,LOC.369.DATA,#8579ec,landslide.LOC.369.DATA,"['101.6016', '36.5519']",,DATA,FALSE
10000,LOC.370,LOC.370,#2579e8,landslide.LOC.370,"['15.5673', '41.3817']",Daunia,LOC,FALSE
5000,LOC.370/MED,LOC.370.MED,#27cf7e,landslide.LOC.370.MED,"['15.5673', '41.3817']",,MED,FALSE
5000,LOC.370/FAC,LOC.370.FAC,#f0a73a,landslide.LOC.370.FAC,"['15.5673', '41.3817']",,FAC,FALSE
5000,LOC.370/DATA,LOC.370.DATA,#8579ec,landslide.LOC.370.DATA,"['15.5673', '41.3817']",,DATA,FALSE
10000,LOC.371,LOC.371,#2579e8,landslide.LOC.371,"['15.5673', '41.3817']",Daunia - Lucanian mountains,LOC,FALSE
5000,LOC.371/MED,LOC.371.MED,#27cf7e,landslide.LOC.371.MED,"['15.5673', '41.3817']",,MED,FALSE
5000,LOC.371/FAC,LOC.371.FAC,#f0a73a,landslide.LOC.371.FAC,"['15.5673', '41.3817']",,FAC,FALSE
5000,LOC.371/DATA,LOC.371.DATA,#8579ec,landslide.LOC.371.DATA,"['15.5673', '41.3817']",,DATA,FALSE
10000,LOC.372,LOC.372,#2579e8,landslide.LOC.372,"['15.5673', '41.3817']",Daunia hillslopes,LOC,FALSE
5000,LOC.372/MED,LOC.372.MED,#27cf7e,landslide.LOC.372.MED,"['15.5673', '41.3817']",,MED,FALSE
5000,LOC.372/FAC,LOC.372.FAC,#f0a73a,landslide.LOC.372.FAC,"['15.5673', '41.3817']",,FAC,FALSE
5000,LOC.372/DATA,LOC.372.DATA,#8579ec,landslide.LOC.372.DATA,"['15.5673', '41.3817']",,DATA,FALSE
10000,LOC.373,LOC.373,#2579e8,landslide.LOC.373,"['107.468', '31.2108']",Dazhou town,LOC,FALSE
5000,LOC.373/MED,LOC.373.MED,#27cf7e,landslide.LOC.373.MED,"['107.468', '31.2108']",,MED,FALSE
5000,LOC.373/FAC,LOC.373.FAC,#f0a73a,landslide.LOC.373.FAC,"['107.468', '31.2108']",,FAC,FALSE
5000,LOC.373/DATA,LOC.373.DATA,#8579ec,landslide.LOC.373.DATA,"['107.468', '31.2108']",,DATA,FALSE
10000,LOC.374,LOC.374,#2579e8,landslide.LOC.374,"['37.7304', '10.3389']",Debre Markos town,LOC,FALSE
5000,LOC.374/MED,LOC.374.MED,#27cf7e,landslide.LOC.374.MED,"['37.7304', '10.3389']",,MED,FALSE
5000,LOC.374/FAC,LOC.374.FAC,#f0a73a,landslide.LOC.374.FAC,"['37.7304', '10.3389']",,FAC,FALSE
5000,LOC.374/DATA,LOC.374.DATA,#8579ec,landslide.LOC.374.DATA,"['37.7304', '10.3389']",,DATA,FALSE
10000,LOC.375,LOC.375,#2579e8,landslide.LOC.375,"['38.0516', '9.5487']",Debre Sina,LOC,FALSE
5000,LOC.375/MED,LOC.375.MED,#27cf7e,landslide.LOC.375.MED,"['38.0516', '9.5487']",,MED,FALSE
5000,LOC.375/FAC,LOC.375.FAC,#f0a73a,landslide.LOC.375.FAC,"['38.0516', '9.5487']",,FAC,FALSE
5000,LOC.375/DATA,LOC.375.DATA,#8579ec,landslide.LOC.375.DATA,"['38.0516', '9.5487']",,DATA,FALSE
10000,LOC.376,LOC.376,#2579e8,landslide.LOC.376,"['98.5894', '24.4412']",Dehong Prefecture,LOC,FALSE
5000,LOC.376/MED,LOC.376.MED,#27cf7e,landslide.LOC.376.MED,"['98.5894', '24.4412']",,MED,FALSE
5000,LOC.376/FAC,LOC.376.FAC,#f0a73a,landslide.LOC.376.FAC,"['98.5894', '24.4412']",,FAC,FALSE
5000,LOC.376/DATA,LOC.376.DATA,#8579ec,landslide.LOC.376.DATA,"['98.5894', '24.4412']",,DATA,FALSE
10000,LOC.377,LOC.377,#2579e8,landslide.LOC.377,"['117.7049', '25.6246']",Dehua County,LOC,FALSE
5000,LOC.377/MED,LOC.377.MED,#27cf7e,landslide.LOC.377.MED,"['117.7049', '25.6246']",,MED,FALSE
5000,LOC.377/FAC,LOC.377.FAC,#f0a73a,landslide.LOC.377.FAC,"['117.7049', '25.6246']",,FAC,FALSE
5000,LOC.377/DATA,LOC.377.DATA,#8579ec,landslide.LOC.377.DATA,"['117.7049', '25.6246']",,DATA,FALSE
10000,LOC.378,LOC.378,#2579e8,landslide.LOC.378,"['10.0', '56.0']",Denmark,LOC,FALSE
5000,LOC.378/MED,LOC.378.MED,#27cf7e,landslide.LOC.378.MED,"['10.0', '56.0']",,MED,FALSE
5000,LOC.378/FAC,LOC.378.FAC,#f0a73a,landslide.LOC.378.FAC,"['10.0', '56.0']",,FAC,FALSE
5000,LOC.378/DATA,LOC.378.DATA,#8579ec,landslide.LOC.378.DATA,"['10.0', '56.0']",,DATA,FALSE
10000,LOC.379,LOC.379,#2579e8,landslide.LOC.379,"['128.6217', '37.1604']",Deokjeok - ri Creek,LOC,FALSE
5000,LOC.379/MED,LOC.379.MED,#27cf7e,landslide.LOC.379.MED,"['128.6217', '37.1604']",,MED,FALSE
5000,LOC.379/FAC,LOC.379.FAC,#f0a73a,landslide.LOC.379.FAC,"['128.6217', '37.1604']",,FAC,FALSE
5000,LOC.379/DATA,LOC.379.DATA,#8579ec,landslide.LOC.379.DATA,"['128.6217', '37.1604']",,DATA,FALSE
10000,LOC.380,LOC.380,#2579e8,landslide.LOC.380,"['128.6283', '37.1687']",Deokjeokri catchment,LOC,FALSE
5000,LOC.380/MED,LOC.380.MED,#27cf7e,landslide.LOC.380.MED,"['128.6283', '37.1687']",,MED,FALSE
5000,LOC.380/FAC,LOC.380.FAC,#f0a73a,landslide.LOC.380.FAC,"['128.6283', '37.1687']",,FAC,FALSE
5000,LOC.380/DATA,LOC.380.DATA,#8579ec,landslide.LOC.380.DATA,"['128.6283', '37.1687']",,DATA,FALSE
10000,LOC.381,LOC.381,#2579e8,landslide.LOC.381,"['77.1226', '8.3305']",department of Ancash,LOC,FALSE
5000,LOC.381/MED,LOC.381.MED,#27cf7e,landslide.LOC.381.MED,"['77.1226', '8.3305']",,MED,FALSE
5000,LOC.381/FAC,LOC.381.FAC,#f0a73a,landslide.LOC.381.FAC,"['77.1226', '8.3305']",,FAC,FALSE
5000,LOC.381/DATA,LOC.381.DATA,#8579ec,landslide.LOC.381.DATA,"['77.1226', '8.3305']",,DATA,FALSE
10000,LOC.382,LOC.382,#2579e8,landslide.LOC.382,"['99.8933', '27.8188']",Deqin County,LOC,FALSE
5000,LOC.382/MED,LOC.382.MED,#27cf7e,landslide.LOC.382.MED,"['99.8933', '27.8188']",,MED,FALSE
5000,LOC.382/FAC,LOC.382.FAC,#f0a73a,landslide.LOC.382.FAC,"['99.8933', '27.8188']",,FAC,FALSE
5000,LOC.382/DATA,LOC.382.DATA,#8579ec,landslide.LOC.382.DATA,"['99.8933', '27.8188']",,DATA,FALSE
10000,LOC.383,LOC.383,#2579e8,landslide.LOC.383,"['99.8233', '27.7781']",Derong and Deqin County,LOC,FALSE
5000,LOC.383/MED,LOC.383.MED,#27cf7e,landslide.LOC.383.MED,"['99.8233', '27.7781']",,MED,FALSE
5000,LOC.383/FAC,LOC.383.FAC,#f0a73a,landslide.LOC.383.FAC,"['99.8233', '27.7781']",,FAC,FALSE
5000,LOC.383/DATA,LOC.383.DATA,#8579ec,landslide.LOC.383.DATA,"['99.8233', '27.7781']",,DATA,FALSE
10000,LOC.384,LOC.384,#2579e8,landslide.LOC.384,"['84.0846', '9.8825']",Desamparados,LOC,FALSE
5000,LOC.384/MED,LOC.384.MED,#27cf7e,landslide.LOC.384.MED,"['84.0846', '9.8825']",,MED,FALSE
5000,LOC.384/FAC,LOC.384.FAC,#f0a73a,landslide.LOC.384.FAC,"['84.0846', '9.8825']",,FAC,FALSE
5000,LOC.384/DATA,LOC.384.DATA,#8579ec,landslide.LOC.384.DATA,"['84.0846', '9.8825']",,DATA,FALSE
10000,LOC.385,LOC.385,#2579e8,landslide.LOC.385,"['30.9736', '41.2463']",Devrek town,LOC,FALSE
5000,LOC.385/MED,LOC.385.MED,#27cf7e,landslide.LOC.385.MED,"['30.9736', '41.2463']",,MED,FALSE
5000,LOC.385/FAC,LOC.385.FAC,#f0a73a,landslide.LOC.385.FAC,"['30.9736', '41.2463']",,FAC,FALSE
5000,LOC.385/DATA,LOC.385.DATA,#8579ec,landslide.LOC.385.DATA,"['30.9736', '41.2463']",,DATA,FALSE
10000,LOC.386,LOC.386,#2579e8,landslide.LOC.386,"['104.4010', '31.1269']",Deyang,LOC,FALSE
5000,LOC.386/MED,LOC.386.MED,#27cf7e,landslide.LOC.386.MED,"['104.4010', '31.1269']",,MED,FALSE
5000,LOC.386/FAC,LOC.386.FAC,#f0a73a,landslide.LOC.386.FAC,"['104.4010', '31.1269']",,FAC,FALSE
5000,LOC.386/DATA,LOC.386.DATA,#8579ec,landslide.LOC.386.DATA,"['104.4010', '31.1269']",,DATA,FALSE
10000,LOC.387,LOC.387,#2579e8,landslide.LOC.387,"['84.9055', '28.1611']",Dhading,LOC,FALSE
5000,LOC.387/MED,LOC.387.MED,#27cf7e,landslide.LOC.387.MED,"['84.9055', '28.1611']",,MED,FALSE
5000,LOC.387/FAC,LOC.387.FAC,#f0a73a,landslide.LOC.387.FAC,"['84.9055', '28.1611']",,FAC,FALSE
5000,LOC.387/DATA,LOC.387.DATA,#8579ec,landslide.LOC.387.DATA,"['84.9055', '28.1611']",,DATA,FALSE
10000,LOC.388,LOC.388,#2579e8,landslide.LOC.388,"['84.9055', '28.1611']",Dhading district of Nepal 's Bagmati province,LOC,FALSE
5000,LOC.388/MED,LOC.388.MED,#27cf7e,landslide.LOC.388.MED,"['84.9055', '28.1611']",,MED,FALSE
5000,LOC.388/FAC,LOC.388.FAC,#f0a73a,landslide.LOC.388.FAC,"['84.9055', '28.1611']",,FAC,FALSE
5000,LOC.388/DATA,LOC.388.DATA,#8579ec,landslide.LOC.388.DATA,"['84.9055', '28.1611']",,DATA,FALSE
10000,LOC.389,LOC.389,#2579e8,landslide.LOC.389,"['80.6212', '28.4863']",Dhaira,LOC,FALSE
5000,LOC.389/MED,LOC.389.MED,#27cf7e,landslide.LOC.389.MED,"['80.6212', '28.4863']",,MED,FALSE
5000,LOC.389/FAC,LOC.389.FAC,#f0a73a,landslide.LOC.389.FAC,"['80.6212', '28.4863']",,FAC,FALSE
5000,LOC.389/DATA,LOC.389.DATA,#8579ec,landslide.LOC.389.DATA,"['80.6212', '28.4863']",,DATA,FALSE
10000,LOC.390,LOC.390,#2579e8,landslide.LOC.390,"['76.3188', '32.2190']",Dharamshala,LOC,FALSE
5000,LOC.390/MED,LOC.390.MED,#27cf7e,landslide.LOC.390.MED,"['76.3188', '32.2190']",,MED,FALSE
5000,LOC.390/FAC,LOC.390.FAC,#f0a73a,landslide.LOC.390.FAC,"['76.3188', '32.2190']",,FAC,FALSE
5000,LOC.390/DATA,LOC.390.DATA,#8579ec,landslide.LOC.390.DATA,"['76.3188', '32.2190']",,DATA,FALSE
10000,LOC.391,LOC.391,#2579e8,landslide.LOC.391,"['76.3188', '32.2190']",Dharamshala region of Kangra valley,LOC,FALSE
5000,LOC.391/MED,LOC.391.MED,#27cf7e,landslide.LOC.391.MED,"['76.3188', '32.2190']",,MED,FALSE
5000,LOC.391/FAC,LOC.391.FAC,#f0a73a,landslide.LOC.391.FAC,"['76.3188', '32.2190']",,FAC,FALSE
5000,LOC.391/DATA,LOC.391.DATA,#8579ec,landslide.LOC.391.DATA,"['76.3188', '32.2190']",,DATA,FALSE
10000,LOC.392,LOC.392,#2579e8,landslide.LOC.392,"['102.8083', '25.8058']",Dianchi Lake watershed,LOC,FALSE
5000,LOC.392/MED,LOC.392.MED,#27cf7e,landslide.LOC.392.MED,"['102.8083', '25.8058']",,MED,FALSE
5000,LOC.392/FAC,LOC.392.FAC,#f0a73a,landslide.LOC.392.FAC,"['102.8083', '25.8058']",,FAC,FALSE
5000,LOC.392/DATA,LOC.392.DATA,#8579ec,landslide.LOC.392.DATA,"['102.8083', '25.8058']",,DATA,FALSE
10000,LOC.393,LOC.393,#2579e8,landslide.LOC.393,"['103.4233', '31.5141']",Diexi,LOC,FALSE
5000,LOC.393/MED,LOC.393.MED,#27cf7e,landslide.LOC.393.MED,"['103.4233', '31.5141']",,MED,FALSE
5000,LOC.393/FAC,LOC.393.FAC,#f0a73a,landslide.LOC.393.FAC,"['103.4233', '31.5141']",,FAC,FALSE
5000,LOC.393/DATA,LOC.393.DATA,#8579ec,landslide.LOC.393.DATA,"['103.4233', '31.5141']",,DATA,FALSE
10000,LOC.394,LOC.394,#2579e8,landslide.LOC.394,"['102.8192', '31.7312']",Diexi area located along the upstream stretch of the Minjiang River,LOC,FALSE
5000,LOC.394/MED,LOC.394.MED,#27cf7e,landslide.LOC.394.MED,"['102.8192', '31.7312']",,MED,FALSE
5000,LOC.394/FAC,LOC.394.FAC,#f0a73a,landslide.LOC.394.FAC,"['102.8192', '31.7312']",,FAC,FALSE
5000,LOC.394/DATA,LOC.394.DATA,#8579ec,landslide.LOC.394.DATA,"['102.8192', '31.7312']",,DATA,FALSE
10000,LOC.395,LOC.395,#2579e8,landslide.LOC.395,"['73.2434', '36.4426']",District Ghizer,LOC,FALSE
5000,LOC.395/MED,LOC.395.MED,#27cf7e,landslide.LOC.395.MED,"['73.2434', '36.4426']",,MED,FALSE
5000,LOC.395/FAC,LOC.395.FAC,#f0a73a,landslide.LOC.395.FAC,"['73.2434', '36.4426']",,FAC,FALSE
5000,LOC.395/DATA,LOC.395.DATA,#8579ec,landslide.LOC.395.DATA,"['73.2434', '36.4426']",,DATA,FALSE
10000,LOC.396,LOC.396,#2579e8,landslide.LOC.396,"['73.0069', '33.7890']",District Hattian Bala,LOC,FALSE
5000,LOC.396/MED,LOC.396.MED,#27cf7e,landslide.LOC.396.MED,"['73.0069', '33.7890']",,MED,FALSE
5000,LOC.396/FAC,LOC.396.FAC,#f0a73a,landslide.LOC.396.FAC,"['73.0069', '33.7890']",,FAC,FALSE
5000,LOC.396/DATA,LOC.396.DATA,#8579ec,landslide.LOC.396.DATA,"['73.0069', '33.7890']",,DATA,FALSE
10000,LOC.397,LOC.397,#2579e8,landslide.LOC.397,"['106.8276', '6.2088']",DKI Jakarta,LOC,FALSE
5000,LOC.397/MED,LOC.397.MED,#27cf7e,landslide.LOC.397.MED,"['106.8276', '6.2088']",,MED,FALSE
5000,LOC.397/FAC,LOC.397.FAC,#f0a73a,landslide.LOC.397.FAC,"['106.8276', '6.2088']",,FAC,FALSE
5000,LOC.397/DATA,LOC.397.DATA,#8579ec,landslide.LOC.397.DATA,"['106.8276', '6.2088']",,DATA,FALSE
10000,LOC.398,LOC.398,#2579e8,landslide.LOC.398,"['18.0840', '44.7310']",Doboj City,LOC,FALSE
5000,LOC.398/MED,LOC.398.MED,#27cf7e,landslide.LOC.398.MED,"['18.0840', '44.7310']",,MED,FALSE
5000,LOC.398/FAC,LOC.398.FAC,#f0a73a,landslide.LOC.398.FAC,"['18.0840', '44.7310']",,FAC,FALSE
5000,LOC.398/DATA,LOC.398.DATA,#8579ec,landslide.LOC.398.DATA,"['18.0840', '44.7310']",,DATA,FALSE
10000,LOC.399,LOC.399,#2579e8,landslide.LOC.399,"['47.0291', '36.6226']",Dodangeh watershed,LOC,FALSE
5000,LOC.399/MED,LOC.399.MED,#27cf7e,landslide.LOC.399.MED,"['47.0291', '36.6226']",,MED,FALSE
5000,LOC.399/FAC,LOC.399.FAC,#f0a73a,landslide.LOC.399.FAC,"['47.0291', '36.6226']",,FAC,FALSE
5000,LOC.399/DATA,LOC.399.DATA,#8579ec,landslide.LOC.399.DATA,"['47.0291', '36.6226']",,DATA,FALSE
10000,LOC.400,LOC.400,#2579e8,landslide.LOC.400,"['85.9485', '27.6760']",Dolalghat - Kodari section in Araniko Highway,LOC,FALSE
5000,LOC.400/MED,LOC.400.MED,#27cf7e,landslide.LOC.400.MED,"['85.9485', '27.6760']",,MED,FALSE
5000,LOC.400/FAC,LOC.400.FAC,#f0a73a,landslide.LOC.400.FAC,"['85.9485', '27.6760']",,FAC,FALSE
5000,LOC.400/DATA,LOC.400.DATA,#8579ec,landslide.LOC.400.DATA,"['85.9485', '27.6760']",,DATA,FALSE
10000,LOC.401,LOC.401,#2579e8,landslide.LOC.401,"['61.3709', '15.4150']",Dominica,LOC,FALSE
5000,LOC.401/MED,LOC.401.MED,#27cf7e,landslide.LOC.401.MED,"['61.3709', '15.4150']",,MED,FALSE
5000,LOC.401/FAC,LOC.401.FAC,#f0a73a,landslide.LOC.401.FAC,"['61.3709', '15.4150']",,FAC,FALSE
5000,LOC.401/DATA,LOC.401.DATA,#8579ec,landslide.LOC.401.DATA,"['61.3709', '15.4150']",,DATA,FALSE
10000,LOC.402,LOC.402,#2579e8,landslide.LOC.402,"['83.8630', '9.2480']",Dominical,LOC,FALSE
5000,LOC.402/MED,LOC.402.MED,#27cf7e,landslide.LOC.402.MED,"['83.8630', '9.2480']",,MED,FALSE
5000,LOC.402/FAC,LOC.402.FAC,#f0a73a,landslide.LOC.402.FAC,"['83.8630', '9.2480']",,FAC,FALSE
5000,LOC.402/DATA,LOC.402.DATA,#8579ec,landslide.LOC.402.DATA,"['83.8630', '9.2480']",,DATA,FALSE
10000,LOC.403,LOC.403,#2579e8,landslide.LOC.403,"['127.8986', '42.6788']",Dongfeng,LOC,FALSE
5000,LOC.403/MED,LOC.403.MED,#27cf7e,landslide.LOC.403.MED,"['127.8986', '42.6788']",,MED,FALSE
5000,LOC.403/FAC,LOC.403.FAC,#f0a73a,landslide.LOC.403.FAC,"['127.8986', '42.6788']",,FAC,FALSE
5000,LOC.403/DATA,LOC.403.DATA,#8579ec,landslide.LOC.403.DATA,"['127.8986', '42.6788']",,DATA,FALSE
10000,LOC.404,LOC.404,#2579e8,landslide.LOC.404,"['114.1303', '23.9326']",Dongjiang Reservoir Watershed,LOC,FALSE
5000,LOC.404/MED,LOC.404.MED,#27cf7e,landslide.LOC.404.MED,"['114.1303', '23.9326']",,MED,FALSE
5000,LOC.404/FAC,LOC.404.FAC,#f0a73a,landslide.LOC.404.FAC,"['114.1303', '23.9326']",,FAC,FALSE
5000,LOC.404/DATA,LOC.404.DATA,#8579ec,landslide.LOC.404.DATA,"['114.1303', '23.9326']",,DATA,FALSE
10000,LOC.405,LOC.405,#2579e8,landslide.LOC.405,"['113.8958', '36.3013']",Dongzhiyuan,LOC,FALSE
5000,LOC.405/MED,LOC.405.MED,#27cf7e,landslide.LOC.405.MED,"['113.8958', '36.3013']",,MED,FALSE
5000,LOC.405/FAC,LOC.405.FAC,#f0a73a,landslide.LOC.405.FAC,"['113.8958', '36.3013']",,FAC,FALSE
5000,LOC.405/DATA,LOC.405.DATA,#8579ec,landslide.LOC.405.DATA,"['113.8958', '36.3013']",,DATA,FALSE
10000,LOC.406,LOC.406,#2579e8,landslide.LOC.406,"['137.1485', '61.5167']",Donjek River area within the Yukon Alaska Highway Corridor,LOC,FALSE
5000,LOC.406/MED,LOC.406.MED,#27cf7e,landslide.LOC.406.MED,"['137.1485', '61.5167']",,MED,FALSE
5000,LOC.406/FAC,LOC.406.FAC,#f0a73a,landslide.LOC.406.FAC,"['137.1485', '61.5167']",,FAC,FALSE
5000,LOC.406/DATA,LOC.406.DATA,#8579ec,landslide.LOC.406.DATA,"['137.1485', '61.5167']",,DATA,FALSE
10000,LOC.407,LOC.407,#2579e8,landslide.LOC.407,"['116.7113', '35.6832']",DS,LOC,FALSE
5000,LOC.407/MED,LOC.407.MED,#27cf7e,landslide.LOC.407.MED,"['116.7113', '35.6832']",,MED,FALSE
5000,LOC.407/FAC,LOC.407.FAC,#f0a73a,landslide.LOC.407.FAC,"['116.7113', '35.6832']",,FAC,FALSE
5000,LOC.407/DATA,LOC.407.DATA,#8579ec,landslide.LOC.407.DATA,"['116.7113', '35.6832']",,DATA,FALSE
10000,LOC.408,LOC.408,#2579e8,landslide.LOC.408,"['115.0367', '35.7125']",DS railway segments from Puyang town to Dengsheng village,LOC,FALSE
5000,LOC.408/MED,LOC.408.MED,#27cf7e,landslide.LOC.408.MED,"['115.0367', '35.7125']",,MED,FALSE
5000,LOC.408/FAC,LOC.408.FAC,#f0a73a,landslide.LOC.408.FAC,"['115.0367', '35.7125']",,FAC,FALSE
5000,LOC.408/DATA,LOC.408.DATA,#8579ec,landslide.LOC.408.DATA,"['115.0367', '35.7125']",,DATA,FALSE
10000,LOC.409,LOC.409,#2579e8,landslide.LOC.409,"['77.3589', '28.1248']",Dubair,LOC,FALSE
5000,LOC.409/MED,LOC.409.MED,#27cf7e,landslide.LOC.409.MED,"['77.3589', '28.1248']",,MED,FALSE
5000,LOC.409/FAC,LOC.409.FAC,#f0a73a,landslide.LOC.409.FAC,"['77.3589', '28.1248']",,FAC,FALSE
5000,LOC.409/DATA,LOC.409.DATA,#8579ec,landslide.LOC.409.DATA,"['77.3589', '28.1248']",,DATA,FALSE
10000,LOC.410,LOC.410,#2579e8,landslide.LOC.410,"['103.5326', '30.9564']",Dujiangyan city to Siguniang Mountain,LOC,FALSE
5000,LOC.410/MED,LOC.410.MED,#27cf7e,landslide.LOC.410.MED,"['103.5326', '30.9564']",,MED,FALSE
5000,LOC.410/FAC,LOC.410.FAC,#f0a73a,landslide.LOC.410.FAC,"['103.5326', '30.9564']",,FAC,FALSE
5000,LOC.410/DATA,LOC.410.DATA,#8579ec,landslide.LOC.410.DATA,"['103.5326', '30.9564']",,DATA,FALSE
10000,LOC.411,LOC.411,#2579e8,landslide.LOC.411,"['112.3491', '33.0173']",Duwen basin of China,LOC,FALSE
5000,LOC.411/MED,LOC.411.MED,#27cf7e,landslide.LOC.411.MED,"['112.3491', '33.0173']",,MED,FALSE
5000,LOC.411/FAC,LOC.411.FAC,#f0a73a,landslide.LOC.411.FAC,"['112.3491', '33.0173']",,FAC,FALSE
5000,LOC.411/DATA,LOC.411.DATA,#8579ec,landslide.LOC.411.DATA,"['112.3491', '33.0173']",,DATA,FALSE
10000,LOC.412,LOC.412,#2579e8,landslide.LOC.412,"['114.5375', '33.5111']",Duwen Highway Basin,LOC,FALSE
5000,LOC.412/MED,LOC.412.MED,#27cf7e,landslide.LOC.412.MED,"['114.5375', '33.5111']",,MED,FALSE
5000,LOC.412/FAC,LOC.412.FAC,#f0a73a,landslide.LOC.412.FAC,"['114.5375', '33.5111']",,FAC,FALSE
5000,LOC.412/DATA,LOC.412.DATA,#8579ec,landslide.LOC.412.DATA,"['114.5375', '33.5111']",,DATA,FALSE
10000,LOC.413,LOC.413,#2579e8,landslide.LOC.413,"['120.9401', '24.1985']",Duxiantou,LOC,FALSE
5000,LOC.413/MED,LOC.413.MED,#27cf7e,landslide.LOC.413.MED,"['120.9401', '24.1985']",,MED,FALSE
5000,LOC.413/FAC,LOC.413.FAC,#f0a73a,landslide.LOC.413.FAC,"['120.9401', '24.1985']",,FAC,FALSE
5000,LOC.413/DATA,LOC.413.DATA,#8579ec,landslide.LOC.413.DATA,"['120.9401', '24.1985']",,DATA,FALSE
10000,LOC.414,LOC.414,#2579e8,landslide.LOC.414,"['79.5045', '43.6529']",DVP,LOC,FALSE
5000,LOC.414/MED,LOC.414.MED,#27cf7e,landslide.LOC.414.MED,"['79.5045', '43.6529']",,MED,FALSE
5000,LOC.414/FAC,LOC.414.FAC,#f0a73a,landslide.LOC.414.FAC,"['79.5045', '43.6529']",,FAC,FALSE
5000,LOC.414/DATA,LOC.414.DATA,#8579ec,landslide.LOC.414.DATA,"['79.5045', '43.6529']",,DATA,FALSE
10000,LOC.415,LOC.415,#2579e8,landslide.LOC.415,"['4.4699', '50.5011']",E Belgium,LOC,FALSE
5000,LOC.415/MED,LOC.415.MED,#27cf7e,landslide.LOC.415.MED,"['4.4699', '50.5011']",,MED,FALSE
5000,LOC.415/FAC,LOC.415.FAC,#f0a73a,landslide.LOC.415.FAC,"['4.4699', '50.5011']",,FAC,FALSE
5000,LOC.415/DATA,LOC.415.DATA,#8579ec,landslide.LOC.415.DATA,"['4.4699', '50.5011']",,DATA,FALSE
10000,LOC.416,LOC.416,#2579e8,landslide.LOC.416,"['90.1933', '15.7835']",east - central Guatemala,LOC,FALSE
5000,LOC.416/MED,LOC.416.MED,#27cf7e,landslide.LOC.416.MED,"['90.1933', '15.7835']",,MED,FALSE
5000,LOC.416/FAC,LOC.416.FAC,#f0a73a,landslide.LOC.416.FAC,"['90.1933', '15.7835']",,FAC,FALSE
5000,LOC.416/DATA,LOC.416.DATA,#8579ec,landslide.LOC.416.DATA,"['90.1933', '15.7835']",,DATA,FALSE
10000,LOC.417,LOC.417,#2579e8,landslide.LOC.417,"['36.8219', '1.2991']",East Africa,LOC,FALSE
5000,LOC.417/MED,LOC.417.MED,#27cf7e,landslide.LOC.417.MED,"['36.8219', '1.2991']",,MED,FALSE
5000,LOC.417/FAC,LOC.417.FAC,#f0a73a,landslide.LOC.417.FAC,"['36.8219', '1.2991']",,FAC,FALSE
5000,LOC.417/DATA,LOC.417.DATA,#8579ec,landslide.LOC.417.DATA,"['36.8219', '1.2991']",,DATA,FALSE
10000,LOC.418,LOC.418,#2579e8,landslide.LOC.418,"['46.1876', '37.9163']",East Azerbaijan,LOC,FALSE
5000,LOC.418/MED,LOC.418.MED,#27cf7e,landslide.LOC.418.MED,"['46.1876', '37.9163']",,MED,FALSE
5000,LOC.418/FAC,LOC.418.FAC,#f0a73a,landslide.LOC.418.FAC,"['46.1876', '37.9163']",,FAC,FALSE
5000,LOC.418/DATA,LOC.418.DATA,#8579ec,landslide.LOC.418.DATA,"['46.1876', '37.9163']",,DATA,FALSE
10000,LOC.419,LOC.419,#2579e8,landslide.LOC.419,"['37.9167', '11.4833']",East Gojjam,LOC,FALSE
5000,LOC.419/MED,LOC.419.MED,#27cf7e,landslide.LOC.419.MED,"['37.9167', '11.4833']",,MED,FALSE
5000,LOC.419/FAC,LOC.419.FAC,#f0a73a,landslide.LOC.419.FAC,"['37.9167', '11.4833']",,FAC,FALSE
5000,LOC.419/DATA,LOC.419.DATA,#8579ec,landslide.LOC.419.DATA,"['37.9167', '11.4833']",,DATA,FALSE
10000,LOC.420,LOC.420,#2579e8,landslide.LOC.420,"['112.7208', '-7.2575']",East Java,LOC,FALSE
5000,LOC.420/MED,LOC.420.MED,#27cf7e,landslide.LOC.420.MED,"['112.7208', '-7.2575']",,MED,FALSE
5000,LOC.420/FAC,LOC.420.FAC,#f0a73a,landslide.LOC.420.FAC,"['112.7208', '-7.2575']",,FAC,FALSE
5000,LOC.420/DATA,LOC.420.DATA,#8579ec,landslide.LOC.420.DATA,"['112.7208', '-7.2575']",,DATA,FALSE
10000,LOC.421,LOC.421,#2579e8,landslide.LOC.421,"['94.1500', '34.5500']",east of the Qinghai - Tibet Plateau,LOC,FALSE
5000,LOC.421/MED,LOC.421.MED,#27cf7e,landslide.LOC.421.MED,"['94.1500', '34.5500']",,MED,FALSE
5000,LOC.421/FAC,LOC.421.FAC,#f0a73a,landslide.LOC.421.FAC,"['94.1500', '34.5500']",,FAC,FALSE
5000,LOC.421/DATA,LOC.421.DATA,#8579ec,landslide.LOC.421.DATA,"['94.1500', '34.5500']",,DATA,FALSE
10000,LOC.422,LOC.422,#2579e8,landslide.LOC.422,"['93.6000', '29.4000']",east of the Tibetan Plateau,LOC,FALSE
5000,LOC.422/MED,LOC.422.MED,#27cf7e,landslide.LOC.422.MED,"['93.6000', '29.4000']",,MED,FALSE
5000,LOC.422/FAC,LOC.422.FAC,#f0a73a,landslide.LOC.422.FAC,"['93.6000', '29.4000']",,FAC,FALSE
5000,LOC.422/DATA,LOC.422.DATA,#8579ec,landslide.LOC.422.DATA,"['93.6000', '29.4000']",,DATA,FALSE
10000,LOC.423,LOC.423,#2579e8,landslide.LOC.423,"['15.4667', '38.0667']",East Peloritani Fault System,LOC,FALSE
5000,LOC.423/MED,LOC.423.MED,#27cf7e,landslide.LOC.423.MED,"['15.4667', '38.0667']",,MED,FALSE
5000,LOC.423/FAC,LOC.423.FAC,#f0a73a,landslide.LOC.423.FAC,"['15.4667', '38.0667']",,FAC,FALSE
5000,LOC.423/DATA,LOC.423.DATA,#8579ec,landslide.LOC.423.DATA,"['15.4667', '38.0667']",,DATA,FALSE
10000,LOC.424,LOC.424,#2579e8,landslide.LOC.424,"['88.6155', '27.3303']",East Sikkim Himalaya,LOC,FALSE
5000,LOC.424/MED,LOC.424.MED,#27cf7e,landslide.LOC.424.MED,"['88.6155', '27.3303']",,MED,FALSE
5000,LOC.424/FAC,LOC.424.FAC,#f0a73a,landslide.LOC.424.FAC,"['88.6155', '27.3303']",,FAC,FALSE
5000,LOC.424/DATA,LOC.424.DATA,#8579ec,landslide.LOC.424.DATA,"['88.6155', '27.3303']",,DATA,FALSE
10000,LOC.425,LOC.425,#2579e8,landslide.LOC.425,"['88.6116', '27.3321']",East Sikkim Himalaya region of India,LOC,FALSE
5000,LOC.425/MED,LOC.425.MED,#27cf7e,landslide.LOC.425.MED,"['88.6116', '27.3321']",,MED,FALSE
5000,LOC.425/FAC,LOC.425.FAC,#f0a73a,landslide.LOC.425.FAC,"['88.6116', '27.3321']",,FAC,FALSE
5000,LOC.425/DATA,LOC.425.DATA,#8579ec,landslide.LOC.425.DATA,"['88.6116', '27.3321']",,DATA,FALSE
10000,LOC.426,LOC.426,#2579e8,landslide.LOC.426,"['113.7537', '23.1291']",eastern and southern parts of China,LOC,FALSE
5000,LOC.426/MED,LOC.426.MED,#27cf7e,landslide.LOC.426.MED,"['113.7537', '23.1291']",,MED,FALSE
5000,LOC.426/FAC,LOC.426.FAC,#f0a73a,landslide.LOC.426.FAC,"['113.7537', '23.1291']",,FAC,FALSE
5000,LOC.426/DATA,LOC.426.DATA,#8579ec,landslide.LOC.426.DATA,"['113.7537', '23.1291']",,DATA,FALSE
10000,LOC.427,LOC.427,#2579e8,landslide.LOC.427,"['14.5500', '48.2000']",eastern Austria,LOC,FALSE
5000,LOC.427/MED,LOC.427.MED,#27cf7e,landslide.LOC.427.MED,"['14.5500', '48.2000']",,MED,FALSE
5000,LOC.427/FAC,LOC.427.FAC,#f0a73a,landslide.LOC.427.FAC,"['14.5500', '48.2000']",,FAC,FALSE
5000,LOC.427/DATA,LOC.427.DATA,#8579ec,landslide.LOC.427.DATA,"['14.5500', '48.2000']",,DATA,FALSE
10000,LOC.428,LOC.428,#2579e8,landslide.LOC.428,"['17.4400', '48.2100']",eastern basin of the largest central European,LOC,FALSE
5000,LOC.428/MED,LOC.428.MED,#27cf7e,landslide.LOC.428.MED,"['17.4400', '48.2100']",,MED,FALSE
5000,LOC.428/FAC,LOC.428.FAC,#f0a73a,landslide.LOC.428.FAC,"['17.4400', '48.2100']",,FAC,FALSE
5000,LOC.428/DATA,LOC.428.DATA,#8579ec,landslide.LOC.428.DATA,"['17.4400', '48.2100']",,DATA,FALSE
10000,LOC.429,LOC.429,#2579e8,landslide.LOC.429,"['37.2923', '40.4553']",Eastern Black Sea,LOC,FALSE
5000,LOC.429/MED,LOC.429.MED,#27cf7e,landslide.LOC.429.MED,"['37.2923', '40.4553']",,MED,FALSE
5000,LOC.429/FAC,LOC.429.FAC,#f0a73a,landslide.LOC.429.FAC,"['37.2923', '40.4553']",,FAC,FALSE
5000,LOC.429/DATA,LOC.429.DATA,#8579ec,landslide.LOC.429.DATA,"['37.2923', '40.4553']",,DATA,FALSE
10000,LOC.430,LOC.430,#2579e8,landslide.LOC.430,"['38.7857', '41.1553']",Eastern Black Sea region of Turkey,LOC,FALSE
5000,LOC.430/MED,LOC.430.MED,#27cf7e,landslide.LOC.430.MED,"['38.7857', '41.1553']",,MED,FALSE
5000,LOC.430/FAC,LOC.430.FAC,#f0a73a,landslide.LOC.430.FAC,"['38.7857', '41.1553']",,FAC,FALSE
5000,LOC.430/DATA,LOC.430.DATA,#8579ec,landslide.LOC.430.DATA,"['38.7857', '41.1553']",,DATA,FALSE
10000,LOC.431,LOC.431,#2579e8,landslide.LOC.431,"['101.6800', '33.9500']",eastern boundary of the Tibetan Plateau,LOC,FALSE
5000,LOC.431/MED,LOC.431.MED,#27cf7e,landslide.LOC.431.MED,"['101.6800', '33.9500']",,MED,FALSE
5000,LOC.431/FAC,LOC.431.FAC,#f0a73a,landslide.LOC.431.FAC,"['101.6800', '33.9500']",,FAC,FALSE
5000,LOC.431/DATA,LOC.431.DATA,#8579ec,landslide.LOC.431.DATA,"['101.6800', '33.9500']",,DATA,FALSE
10000,LOC.432,LOC.432,#2579e8,landslide.LOC.432,"['108.3667', '22.7614']",eastern Chengfeng,LOC,FALSE
5000,LOC.432/MED,LOC.432.MED,#27cf7e,landslide.LOC.432.MED,"['108.3667', '22.7614']",,MED,FALSE
5000,LOC.432/FAC,LOC.432.FAC,#f0a73a,landslide.LOC.432.FAC,"['108.3667', '22.7614']",,FAC,FALSE
5000,LOC.432/DATA,LOC.432.DATA,#8579ec,landslide.LOC.432.DATA,"['108.3667', '22.7614']",,DATA,FALSE
10000,LOC.433,LOC.433,#2579e8,landslide.LOC.433,"['121.4737', '31.2304']",eastern coast of China,LOC,FALSE
5000,LOC.433/MED,LOC.433.MED,#27cf7e,landslide.LOC.433.MED,"['121.4737', '31.2304']",,MED,FALSE
5000,LOC.433/FAC,LOC.433.FAC,#f0a73a,landslide.LOC.433.FAC,"['121.4737', '31.2304']",,FAC,FALSE
5000,LOC.433/DATA,LOC.433.DATA,#8579ec,landslide.LOC.433.DATA,"['121.4737', '31.2304']",,DATA,FALSE
10000,LOC.434,LOC.434,#2579e8,landslide.LOC.434,"['77.7806', '20.3500']",eastern Cuba,LOC,FALSE
5000,LOC.434/MED,LOC.434.MED,#27cf7e,landslide.LOC.434.MED,"['77.7806', '20.3500']",,MED,FALSE
5000,LOC.434/FAC,LOC.434.FAC,#f0a73a,landslide.LOC.434.FAC,"['77.7806', '20.3500']",,FAC,FALSE
5000,LOC.434/DATA,LOC.434.DATA,#8579ec,landslide.LOC.434.DATA,"['77.7806', '20.3500']",,DATA,FALSE
10000,LOC.435,LOC.435,#2579e8,landslide.LOC.435,"['108.6740', '24.1150']",eastern Guangxi,LOC,FALSE
5000,LOC.435/MED,LOC.435.MED,#27cf7e,landslide.LOC.435.MED,"['108.6740', '24.1150']",,MED,FALSE
5000,LOC.435/FAC,LOC.435.FAC,#f0a73a,landslide.LOC.435.FAC,"['108.6740', '24.1150']",,FAC,FALSE
5000,LOC.435/DATA,LOC.435.DATA,#8579ec,landslide.LOC.435.DATA,"['108.6740', '24.1150']",,DATA,FALSE
10000,LOC.436,LOC.436,#2579e8,landslide.LOC.436,"['89.5674', '27.3585']",eastern Himalayan road corridor,LOC,FALSE
5000,LOC.436/MED,LOC.436.MED,#27cf7e,landslide.LOC.436.MED,"['89.5674', '27.3585']",,MED,FALSE
5000,LOC.436/FAC,LOC.436.FAC,#f0a73a,landslide.LOC.436.FAC,"['89.5674', '27.3585']",,FAC,FALSE
5000,LOC.436/DATA,LOC.436.DATA,#8579ec,landslide.LOC.436.DATA,"['89.5674', '27.3585']",,DATA,FALSE
10000,LOC.437,LOC.437,#2579e8,landslide.LOC.437,"['91.1042', '29.6497']",eastern Himalayan syntaxis in Tibet,LOC,FALSE
5000,LOC.437/MED,LOC.437.MED,#27cf7e,landslide.LOC.437.MED,"['91.1042', '29.6497']",,MED,FALSE
5000,LOC.437/FAC,LOC.437.FAC,#f0a73a,landslide.LOC.437.FAC,"['91.1042', '29.6497']",,FAC,FALSE
5000,LOC.437/DATA,LOC.437.DATA,#8579ec,landslide.LOC.437.DATA,"['91.1042', '29.6497']",,DATA,FALSE
10000,LOC.438,LOC.438,#2579e8,landslide.LOC.438,"['88.7879', '27.9881']",eastern Himalayas,LOC,FALSE
5000,LOC.438/MED,LOC.438.MED,#27cf7e,landslide.LOC.438.MED,"['88.7879', '27.9881']",,MED,FALSE
5000,LOC.438/FAC,LOC.438.FAC,#f0a73a,landslide.LOC.438.FAC,"['88.7879', '27.9881']",,FAC,FALSE
5000,LOC.438/DATA,LOC.438.DATA,#8579ec,landslide.LOC.438.DATA,"['88.7879', '27.9881']",,DATA,FALSE
10000,LOC.439,LOC.439,#2579e8,landslide.LOC.439,"['67.8325', '36.8036']",eastern Hindu Kush range,LOC,FALSE
5000,LOC.439/MED,LOC.439.MED,#27cf7e,landslide.LOC.439.MED,"['67.8325', '36.8036']",,MED,FALSE
5000,LOC.439/FAC,LOC.439.FAC,#f0a73a,landslide.LOC.439.FAC,"['67.8325', '36.8036']",,FAC,FALSE
5000,LOC.439/DATA,LOC.439.DATA,#8579ec,landslide.LOC.439.DATA,"['67.8325', '36.8036']",,DATA,FALSE
10000,LOC.440,LOC.440,#2579e8,landslide.LOC.440,"['142.2874', '42.5773']",Eastern Iburi,LOC,FALSE
5000,LOC.440/MED,LOC.440.MED,#27cf7e,landslide.LOC.440.MED,"['142.2874', '42.5773']",,MED,FALSE
5000,LOC.440/FAC,LOC.440.FAC,#f0a73a,landslide.LOC.440.FAC,"['142.2874', '42.5773']",,FAC,FALSE
5000,LOC.440/DATA,LOC.440.DATA,#8579ec,landslide.LOC.440.DATA,"['142.2874', '42.5773']",,DATA,FALSE
10000,LOC.441,LOC.441,#2579e8,landslide.LOC.441,"['86.1901', '20.5937']",Eastern India,LOC,FALSE
5000,LOC.441/MED,LOC.441.MED,#27cf7e,landslide.LOC.441.MED,"['86.1901', '20.5937']",,MED,FALSE
5000,LOC.441/FAC,LOC.441.FAC,#f0a73a,landslide.LOC.441.FAC,"['86.1901', '20.5937']",,FAC,FALSE
5000,LOC.441/DATA,LOC.441.DATA,#8579ec,landslide.LOC.441.DATA,"['86.1901', '20.5937']",,DATA,FALSE
10000,LOC.442,LOC.442,#2579e8,landslide.LOC.442,"['12.1374', '45.8150']",Eastern Italian Alps,LOC,FALSE
5000,LOC.442/MED,LOC.442.MED,#27cf7e,landslide.LOC.442.MED,"['12.1374', '45.8150']",,MED,FALSE
5000,LOC.442/FAC,LOC.442.FAC,#f0a73a,landslide.LOC.442.FAC,"['12.1374', '45.8150']",,FAC,FALSE
5000,LOC.442/DATA,LOC.442.DATA,#8579ec,landslide.LOC.442.DATA,"['12.1374', '45.8150']",,DATA,FALSE
10000,LOC.443,LOC.443,#2579e8,landslide.LOC.443,"['83.6974', '37.8393']",eastern Kentucky,LOC,FALSE
5000,LOC.443/MED,LOC.443.MED,#27cf7e,landslide.LOC.443.MED,"['83.6974', '37.8393']",,MED,FALSE
5000,LOC.443/FAC,LOC.443.FAC,#f0a73a,landslide.LOC.443.FAC,"['83.6974', '37.8393']",,FAC,FALSE
5000,LOC.443/DATA,LOC.443.DATA,#8579ec,landslide.LOC.443.DATA,"['83.6974', '37.8393']",,DATA,FALSE
10000,LOC.444,LOC.444,#2579e8,landslide.LOC.444,"['8.9306', '44.4009']",eastern Liguria,LOC,FALSE
5000,LOC.444/MED,LOC.444.MED,#27cf7e,landslide.LOC.444.MED,"['8.9306', '44.4009']",,MED,FALSE
5000,LOC.444/FAC,LOC.444.FAC,#f0a73a,landslide.LOC.444.FAC,"['8.9306', '44.4009']",,FAC,FALSE
5000,LOC.444/DATA,LOC.444.DATA,#8579ec,landslide.LOC.444.DATA,"['8.9306', '44.4009']",,DATA,FALSE
10000,LOC.445,LOC.445,#2579e8,landslide.LOC.445,"['84.1240', '28.3949']",Eastern Nepal,LOC,FALSE
5000,LOC.445/MED,LOC.445.MED,#27cf7e,landslide.LOC.445.MED,"['84.1240', '28.3949']",,MED,FALSE
5000,LOC.445/FAC,LOC.445.FAC,#f0a73a,landslide.LOC.445.FAC,"['84.1240', '28.3949']",,FAC,FALSE
5000,LOC.445/DATA,LOC.445.DATA,#8579ec,landslide.LOC.445.DATA,"['84.1240', '28.3949']",,DATA,FALSE
10000,LOC.446,LOC.446,#2579e8,landslide.LOC.446,"['79.3832', '46.8139']",eastern Ontario,LOC,FALSE
5000,LOC.446/MED,LOC.446.MED,#27cf7e,landslide.LOC.446.MED,"['79.3832', '46.8139']",,MED,FALSE
5000,LOC.446/FAC,LOC.446.FAC,#f0a73a,landslide.LOC.446.FAC,"['79.3832', '46.8139']",,FAC,FALSE
5000,LOC.446/DATA,LOC.446.DATA,#8579ec,landslide.LOC.446.DATA,"['79.3832', '46.8139']",,DATA,FALSE
10000,LOC.447,LOC.447,#2579e8,landslide.LOC.447,"['103.8343', '36.0611']",eastern part of Lanzhou,LOC,FALSE
5000,LOC.447/MED,LOC.447.MED,#27cf7e,landslide.LOC.447.MED,"['103.8343', '36.0611']",,MED,FALSE
5000,LOC.447/FAC,LOC.447.FAC,#f0a73a,landslide.LOC.447.FAC,"['103.8343', '36.0611']",,FAC,FALSE
5000,LOC.447/DATA,LOC.447.DATA,#8579ec,landslide.LOC.447.DATA,"['103.8343', '36.0611']",,DATA,FALSE
10000,LOC.448,LOC.448,#2579e8,landslide.LOC.448,"['48.2426', '31.2710']",eastern part of the Khuzestan province of southern Iran,LOC,FALSE
5000,LOC.448/MED,LOC.448.MED,#27cf7e,landslide.LOC.448.MED,"['48.2426', '31.2710']",,MED,FALSE
5000,LOC.448/FAC,LOC.448.FAC,#f0a73a,landslide.LOC.448.FAC,"['48.2426', '31.2710']",,FAC,FALSE
5000,LOC.448/DATA,LOC.448.DATA,#8579ec,landslide.LOC.448.DATA,"['48.2426', '31.2710']",,DATA,FALSE
10000,LOC.449,LOC.449,#2579e8,landslide.LOC.449,"['2.4367', '42.3317']",Eastern Pyreenes,LOC,FALSE
5000,LOC.449/MED,LOC.449.MED,#27cf7e,landslide.LOC.449.MED,"['2.4367', '42.3317']",,MED,FALSE
5000,LOC.449/FAC,LOC.449.FAC,#f0a73a,landslide.LOC.449.FAC,"['2.4367', '42.3317']",,FAC,FALSE
5000,LOC.449/DATA,LOC.449.DATA,#8579ec,landslide.LOC.449.DATA,"['2.4367', '42.3317']",,DATA,FALSE
10000,LOC.450,LOC.450,#2579e8,landslide.LOC.450,"['73.7457', '40.7952']",eastern rim of the Fergana Basin,LOC,FALSE
5000,LOC.450/MED,LOC.450.MED,#27cf7e,landslide.LOC.450.MED,"['73.7457', '40.7952']",,MED,FALSE
5000,LOC.450/FAC,LOC.450.FAC,#f0a73a,landslide.LOC.450.FAC,"['73.7457', '40.7952']",,FAC,FALSE
5000,LOC.450/DATA,LOC.450.DATA,#8579ec,landslide.LOC.450.DATA,"['73.7457', '40.7952']",,DATA,FALSE
10000,LOC.451,LOC.451,#2579e8,landslide.LOC.451,"['72.1969', '26.7453']",eastern road section of the China - Pakistan Economic Corridor,LOC,FALSE
5000,LOC.451/MED,LOC.451.MED,#27cf7e,landslide.LOC.451.MED,"['72.1969', '26.7453']",,MED,FALSE
5000,LOC.451/FAC,LOC.451.FAC,#f0a73a,landslide.LOC.451.FAC,"['72.1969', '26.7453']",,FAC,FALSE
5000,LOC.451/DATA,LOC.451.DATA,#8579ec,landslide.LOC.451.DATA,"['72.1969', '26.7453']",,DATA,FALSE
10000,LOC.452,LOC.452,#2579e8,landslide.LOC.452,"['24.9668', '45.9432']",eastern Romania,LOC,FALSE
5000,LOC.452/MED,LOC.452.MED,#27cf7e,landslide.LOC.452.MED,"['24.9668', '45.9432']",,MED,FALSE
5000,LOC.452/FAC,LOC.452.FAC,#f0a73a,landslide.LOC.452.FAC,"['24.9668', '45.9432']",,FAC,FALSE
5000,LOC.452/DATA,LOC.452.DATA,#8579ec,landslide.LOC.452.DATA,"['24.9668', '45.9432']",,DATA,FALSE
10000,LOC.453,LOC.453,#2579e8,landslide.LOC.453,"['76.1054', '12.3375']",eastern side of the Western Ghats in the Kodagu district,LOC,FALSE
5000,LOC.453/MED,LOC.453.MED,#27cf7e,landslide.LOC.453.MED,"['76.1054', '12.3375']",,MED,FALSE
5000,LOC.453/FAC,LOC.453.FAC,#f0a73a,landslide.LOC.453.FAC,"['76.1054', '12.3375']",,FAC,FALSE
5000,LOC.453/DATA,LOC.453.DATA,#8579ec,landslide.LOC.453.DATA,"['76.1054', '12.3375']",,DATA,FALSE
10000,LOC.454,LOC.454,#2579e8,landslide.LOC.454,"['92.9201', '31.9686']",eastern Tibet,LOC,FALSE
5000,LOC.454/MED,LOC.454.MED,#27cf7e,landslide.LOC.454.MED,"['92.9201', '31.9686']",,MED,FALSE
5000,LOC.454/FAC,LOC.454.FAC,#f0a73a,landslide.LOC.454.FAC,"['92.9201', '31.9686']",,FAC,FALSE
5000,LOC.454/DATA,LOC.454.DATA,#8579ec,landslide.LOC.454.DATA,"['92.9201', '31.9686']",,DATA,FALSE
10000,LOC.455,LOC.455,#2579e8,landslide.LOC.455,"['37.5368', '6.8488']",Ebantu district of the Oromia regional state of western Ethiopia,LOC,FALSE
5000,LOC.455/MED,LOC.455.MED,#27cf7e,landslide.LOC.455.MED,"['37.5368', '6.8488']",,MED,FALSE
5000,LOC.455/FAC,LOC.455.FAC,#f0a73a,landslide.LOC.455.FAC,"['37.5368', '6.8488']",,FAC,FALSE
5000,LOC.455/DATA,LOC.455.DATA,#8579ec,landslide.LOC.455.DATA,"['37.5368', '6.8488']",,DATA,FALSE
10000,LOC.456,LOC.456,#2579e8,landslide.LOC.456,"['78.1834', '1.8312']",Ecuador,LOC,FALSE
5000,LOC.456/MED,LOC.456.MED,#27cf7e,landslide.LOC.456.MED,"['78.1834', '1.8312']",,MED,FALSE
5000,LOC.456/FAC,LOC.456.FAC,#f0a73a,landslide.LOC.456.FAC,"['78.1834', '1.8312']",,FAC,FALSE
5000,LOC.456/DATA,LOC.456.DATA,#8579ec,landslide.LOC.456.DATA,"['78.1834', '1.8312']",,DATA,FALSE
10000,LOC.457,LOC.457,#2579e8,landslide.LOC.457,"['81.9773', '28.3949']",edge of the Himalaya Mountains,LOC,FALSE
5000,LOC.457/MED,LOC.457.MED,#27cf7e,landslide.LOC.457.MED,"['81.9773', '28.3949']",,MED,FALSE
5000,LOC.457/FAC,LOC.457.FAC,#f0a73a,landslide.LOC.457.FAC,"['81.9773', '28.3949']",,FAC,FALSE
5000,LOC.457/DATA,LOC.457.DATA,#8579ec,landslide.LOC.457.DATA,"['81.9773', '28.3949']",,DATA,FALSE
10000,LOC.458,LOC.458,#2579e8,landslide.LOC.458,"['30.8028', '26.8205']",Egypt,LOC,FALSE
5000,LOC.458/MED,LOC.458.MED,#27cf7e,landslide.LOC.458.MED,"['30.8028', '26.8205']",,MED,FALSE
5000,LOC.458/FAC,LOC.458.FAC,#f0a73a,landslide.LOC.458.FAC,"['30.8028', '26.8205']",,FAC,FALSE
5000,LOC.458/DATA,LOC.458.DATA,#8579ec,landslide.LOC.458.DATA,"['30.8028', '26.8205']",,DATA,FALSE
10000,LOC.459,LOC.459,#2579e8,landslide.LOC.459,"['103.5599', '31.5100']",Eight-kilometer range of the main road in Wenchuan County,LOC,FALSE
5000,LOC.459/MED,LOC.459.MED,#27cf7e,landslide.LOC.459.MED,"['103.5599', '31.5100']",,MED,FALSE
5000,LOC.459/FAC,LOC.459.FAC,#f0a73a,landslide.LOC.459.FAC,"['103.5599', '31.5100']",,FAC,FALSE
5000,LOC.459/DATA,LOC.459.DATA,#8579ec,landslide.LOC.459.DATA,"['103.5599', '31.5100']",,DATA,FALSE
10000,LOC.460,LOC.460,#2579e8,landslide.LOC.460,"['-106.2250', '25.0957']",El Berrinche,LOC,FALSE
5000,LOC.460/MED,LOC.460.MED,#27cf7e,landslide.LOC.460.MED,"['-106.2250', '25.0957']",,MED,FALSE
5000,LOC.460/FAC,LOC.460.FAC,#f0a73a,landslide.LOC.460.FAC,"['-106.2250', '25.0957']",,FAC,FALSE
5000,LOC.460/DATA,LOC.460.DATA,#8579ec,landslide.LOC.460.DATA,"['-106.2250', '25.0957']",,DATA,FALSE
10000,LOC.461,LOC.461,#2579e8,landslide.LOC.461,"['-99.7833', '18.0167']",El Plateado,LOC,FALSE
5000,LOC.461/MED,LOC.461.MED,#27cf7e,landslide.LOC.461.MED,"['-99.7833', '18.0167']",,MED,FALSE
5000,LOC.461/FAC,LOC.461.FAC,#f0a73a,landslide.LOC.461.FAC,"['-99.7833', '18.0167']",,FAC,FALSE
5000,LOC.461/DATA,LOC.461.DATA,#8579ec,landslide.LOC.461.DATA,"['-99.7833', '18.0167']",,DATA,FALSE
10000,LOC.462,LOC.462,#2579e8,landslide.LOC.462,"['-95.9353', '16.4036']",El Triunfo watershed,LOC,FALSE
5000,LOC.462/MED,LOC.462.MED,#27cf7e,landslide.LOC.462.MED,"['-95.9353', '16.4036']",,MED,FALSE
5000,LOC.462/FAC,LOC.462.FAC,#f0a73a,landslide.LOC.462.FAC,"['-95.9353', '16.4036']",,FAC,FALSE
5000,LOC.462/DATA,LOC.462.DATA,#8579ec,landslide.LOC.462.DATA,"['-95.9353', '16.4036']",,DATA,FALSE
10000,LOC.463,LOC.463,#2579e8,landslide.LOC.463,"['0.0000', '0.0000']",elevation relief,LOC,FALSE
5000,LOC.463/MED,LOC.463.MED,#27cf7e,landslide.LOC.463.MED,"['0.0000', '0.0000']",,MED,FALSE
5000,LOC.463/FAC,LOC.463.FAC,#f0a73a,landslide.LOC.463.FAC,"['0.0000', '0.0000']",,FAC,FALSE
5000,LOC.463/DATA,LOC.463.DATA,#8579ec,landslide.LOC.463.DATA,"['0.0000', '0.0000']",,DATA,FALSE
10000,LOC.464,LOC.464,#2579e8,landslide.LOC.464,"['97.5380', '29.6132']",end of the Eastern Himalayan Syntaxis,LOC,FALSE
5000,LOC.464/MED,LOC.464.MED,#27cf7e,landslide.LOC.464.MED,"['97.5380', '29.6132']",,MED,FALSE
5000,LOC.464/FAC,LOC.464.FAC,#f0a73a,landslide.LOC.464.FAC,"['97.5380', '29.6132']",,FAC,FALSE
5000,LOC.464/DATA,LOC.464.DATA,#8579ec,landslide.LOC.464.DATA,"['97.5380', '29.6132']",,DATA,FALSE
10000,LOC.465,LOC.465,#2579e8,landslide.LOC.465,"['109.4828', '30.2729']",Enshi,LOC,FALSE
5000,LOC.465/MED,LOC.465.MED,#27cf7e,landslide.LOC.465.MED,"['109.4828', '30.2729']",,MED,FALSE
5000,LOC.465/FAC,LOC.465.FAC,#f0a73a,landslide.LOC.465.FAC,"['109.4828', '30.2729']",,FAC,FALSE
5000,LOC.465/DATA,LOC.465.DATA,#8579ec,landslide.LOC.465.DATA,"['109.4828', '30.2729']",,DATA,FALSE
10000,LOC.466,LOC.466,#2579e8,landslide.LOC.466,"['109.4833', '30.3000']",Enshi City,LOC,FALSE
5000,LOC.466/MED,LOC.466.MED,#27cf7e,landslide.LOC.466.MED,"['109.4833', '30.3000']",,MED,FALSE
5000,LOC.466/FAC,LOC.466.FAC,#f0a73a,landslide.LOC.466.FAC,"['109.4833', '30.3000']",,FAC,FALSE
5000,LOC.466/DATA,LOC.466.DATA,#8579ec,landslide.LOC.466.DATA,"['109.4833', '30.3000']",,DATA,FALSE
10000,LOC.467,LOC.467,#2579e8,landslide.LOC.467,"['109.4833', '30.3000']",Enshi County,LOC,FALSE
5000,LOC.467/MED,LOC.467.MED,#27cf7e,landslide.LOC.467.MED,"['109.4833', '30.3000']",,MED,FALSE
5000,LOC.467/FAC,LOC.467.FAC,#f0a73a,landslide.LOC.467.FAC,"['109.4833', '30.3000']",,FAC,FALSE
5000,LOC.467/DATA,LOC.467.DATA,#8579ec,landslide.LOC.467.DATA,"['109.4833', '30.3000']",,DATA,FALSE
10000,LOC.468,LOC.468,#2579e8,landslide.LOC.468,"['109.5100', '30.3000']",Enshi region in China,LOC,FALSE
5000,LOC.468/MED,LOC.468.MED,#27cf7e,landslide.LOC.468.MED,"['109.5100', '30.3000']",,MED,FALSE
5000,LOC.468/FAC,LOC.468.FAC,#f0a73a,landslide.LOC.468.FAC,"['109.5100', '30.3000']",,FAC,FALSE
5000,LOC.468/DATA,LOC.468.DATA,#8579ec,landslide.LOC.468.DATA,"['109.5100', '30.3000']",,DATA,FALSE
10000,LOC.469,LOC.469,#2579e8,landslide.LOC.469,"['76.2673', '9.9312']",Ernakulam,LOC,FALSE
5000,LOC.469/MED,LOC.469.MED,#27cf7e,landslide.LOC.469.MED,"['76.2673', '9.9312']",,MED,FALSE
5000,LOC.469/FAC,LOC.469.FAC,#f0a73a,landslide.LOC.469.FAC,"['76.2673', '9.9312']",,FAC,FALSE
5000,LOC.469/DATA,LOC.469.DATA,#8579ec,landslide.LOC.469.DATA,"['76.2673', '9.9312']",,DATA,FALSE
10000,LOC.470,LOC.470,#2579e8,landslide.LOC.470,"['-40.3089', '-19.1834']",Espirito Santo,LOC,FALSE
5000,LOC.470/MED,LOC.470.MED,#27cf7e,landslide.LOC.470.MED,"['-40.3089', '-19.1834']",,MED,FALSE
5000,LOC.470/FAC,LOC.470.FAC,#f0a73a,landslide.LOC.470.FAC,"['-40.3089', '-19.1834']",,FAC,FALSE
5000,LOC.470/DATA,LOC.470.DATA,#8579ec,landslide.LOC.470.DATA,"['-40.3089', '-19.1834']",,DATA,FALSE
10000,LOC.471,LOC.471,#2579e8,landslide.LOC.471,"['40.4897', '9.1450']",Ethiopia,LOC,FALSE
5000,LOC.471/MED,LOC.471.MED,#27cf7e,landslide.LOC.471.MED,"['40.4897', '9.1450']",,MED,FALSE
5000,LOC.471/FAC,LOC.471.FAC,#f0a73a,landslide.LOC.471.FAC,"['40.4897', '9.1450']",,FAC,FALSE
5000,LOC.471/DATA,LOC.471.DATA,#8579ec,landslide.LOC.471.DATA,"['40.4897', '9.1450']",,DATA,FALSE
10000,LOC.472,LOC.472,#2579e8,landslide.LOC.472,"['10.4515', '51.1657']",Europe,LOC,FALSE
5000,LOC.472/MED,LOC.472.MED,#27cf7e,landslide.LOC.472.MED,"['10.4515', '51.1657']",,MED,FALSE
5000,LOC.472/FAC,LOC.472.FAC,#f0a73a,landslide.LOC.472.FAC,"['10.4515', '51.1657']",,FAC,FALSE
5000,LOC.472/DATA,LOC.472.DATA,#8579ec,landslide.LOC.472.DATA,"['10.4515', '51.1657']",,DATA,FALSE
10000,LOC.473,LOC.473,#2579e8,landslide.LOC.473,"['10.4515', '51.1657']",European,LOC,FALSE
5000,LOC.473/MED,LOC.473.MED,#27cf7e,landslide.LOC.473.MED,"['10.4515', '51.1657']",,MED,FALSE
5000,LOC.473/FAC,LOC.473.FAC,#f0a73a,landslide.LOC.473.FAC,"['10.4515', '51.1657']",,FAC,FALSE
5000,LOC.473/DATA,LOC.473.DATA,#8579ec,landslide.LOC.473.DATA,"['10.4515', '51.1657']",,DATA,FALSE
10000,LOC.474,LOC.474,#2579e8,landslide.LOC.474,"['126.9780', '37.5665']",expressways in Korea,LOC,FALSE
5000,LOC.474/MED,LOC.474.MED,#27cf7e,landslide.LOC.474.MED,"['126.9780', '37.5665']",,MED,FALSE
5000,LOC.474/FAC,LOC.474.FAC,#f0a73a,landslide.LOC.474.FAC,"['126.9780', '37.5665']",,FAC,FALSE
5000,LOC.474/DATA,LOC.474.DATA,#8579ec,landslide.LOC.474.DATA,"['126.9780', '37.5665']",,DATA,FALSE
10000,LOC.475,LOC.475,#2579e8,landslide.LOC.475,"['53.0689', '29.1044']",Fars Province,LOC,FALSE
5000,LOC.475/MED,LOC.475.MED,#27cf7e,landslide.LOC.475.MED,"['53.0689', '29.1044']",,MED,FALSE
5000,LOC.475/FAC,LOC.475.FAC,#f0a73a,landslide.LOC.475.FAC,"['53.0689', '29.1044']",,FAC,FALSE
5000,LOC.475/DATA,LOC.475.DATA,#8579ec,landslide.LOC.475.DATA,"['53.0689', '29.1044']",,DATA,FALSE
10000,LOC.476,LOC.476,#2579e8,landslide.LOC.476,"['107.7280', '29.6669']",Fengdu County of the,LOC,FALSE
5000,LOC.476/MED,LOC.476.MED,#27cf7e,landslide.LOC.476.MED,"['107.7280', '29.6669']",,MED,FALSE
5000,LOC.476/FAC,LOC.476.FAC,#f0a73a,landslide.LOC.476.FAC,"['107.7280', '29.6669']",,FAC,FALSE
5000,LOC.476/DATA,LOC.476.DATA,#8579ec,landslide.LOC.476.DATA,"['107.7280', '29.6669']",,DATA,FALSE
10000,LOC.477,LOC.477,#2579e8,landslide.LOC.477,"['109.4744', '31.0062']",Fengjie,LOC,FALSE
5000,LOC.477/MED,LOC.477.MED,#27cf7e,landslide.LOC.477.MED,"['109.4744', '31.0062']",,MED,FALSE
5000,LOC.477/FAC,LOC.477.FAC,#f0a73a,landslide.LOC.477.FAC,"['109.4744', '31.0062']",,FAC,FALSE
5000,LOC.477/DATA,LOC.477.DATA,#8579ec,landslide.LOC.477.DATA,"['109.4744', '31.0062']",,DATA,FALSE
10000,LOC.478,LOC.478,#2579e8,landslide.LOC.478,"['108.3972', '31.0078']",Fengjie County,LOC,FALSE
5000,LOC.478/MED,LOC.478.MED,#27cf7e,landslide.LOC.478.MED,"['108.3972', '31.0078']",,MED,FALSE
5000,LOC.478/FAC,LOC.478.FAC,#f0a73a,landslide.LOC.478.FAC,"['108.3972', '31.0078']",,FAC,FALSE
5000,LOC.478/DATA,LOC.478.DATA,#8579ec,landslide.LOC.478.DATA,"['108.3972', '31.0078']",,DATA,FALSE
10000,LOC.479,LOC.479,#2579e8,landslide.LOC.479,"['107.7222', '31.4060']",Fengjie County in China,LOC,FALSE
5000,LOC.479/MED,LOC.479.MED,#27cf7e,landslide.LOC.479.MED,"['107.7222', '31.4060']",,MED,FALSE
5000,LOC.479/FAC,LOC.479.FAC,#f0a73a,landslide.LOC.479.FAC,"['107.7222', '31.4060']",,FAC,FALSE
5000,LOC.479/DATA,LOC.479.DATA,#8579ec,landslide.LOC.479.DATA,"['107.7222', '31.4060']",,DATA,FALSE
10000,LOC.480,LOC.480,#2579e8,landslide.LOC.480,"['109.4512', '31.1033']",Fengjie County in the Three Gorges Reservoir,LOC,FALSE
5000,LOC.480/MED,LOC.480.MED,#27cf7e,landslide.LOC.480.MED,"['109.4512', '31.1033']",,MED,FALSE
5000,LOC.480/FAC,LOC.480.FAC,#f0a73a,landslide.LOC.480.FAC,"['109.4512', '31.1033']",,FAC,FALSE
5000,LOC.480/DATA,LOC.480.DATA,#8579ec,landslide.LOC.480.DATA,"['109.4512', '31.1033']",,DATA,FALSE
10000,LOC.481,LOC.481,#2579e8,landslide.LOC.481,"['3.7626', '50.8218']",Flemish Ardennes,LOC,FALSE
5000,LOC.481/MED,LOC.481.MED,#27cf7e,landslide.LOC.481.MED,"['3.7626', '50.8218']",,MED,FALSE
5000,LOC.481/FAC,LOC.481.FAC,#f0a73a,landslide.LOC.481.FAC,"['3.7626', '50.8218']",,FAC,FALSE
5000,LOC.481/DATA,LOC.481.DATA,#8579ec,landslide.LOC.481.DATA,"['3.7626', '50.8218']",,DATA,FALSE
10000,LOC.482,LOC.482,#2579e8,landslide.LOC.482,"['122.2026', '8.6118']",Flores Island,LOC,FALSE
5000,LOC.482/MED,LOC.482.MED,#27cf7e,landslide.LOC.482.MED,"['122.2026', '8.6118']",,MED,FALSE
5000,LOC.482/FAC,LOC.482.FAC,#f0a73a,landslide.LOC.482.FAC,"['122.2026', '8.6118']",,FAC,FALSE
5000,LOC.482/DATA,LOC.482.DATA,#8579ec,landslide.LOC.482.DATA,"['122.2026', '8.6118']",,DATA,FALSE
10000,LOC.483,LOC.483,#2579e8,landslide.LOC.483,"['12.25', '44.5']",Flysch,LOC,FALSE
5000,LOC.483/MED,LOC.483.MED,#27cf7e,landslide.LOC.483.MED,"['12.25', '44.5']",,MED,FALSE
5000,LOC.483/FAC,LOC.483.FAC,#f0a73a,landslide.LOC.483.FAC,"['12.25', '44.5']",,FAC,FALSE
5000,LOC.483/DATA,LOC.483.DATA,#8579ec,landslide.LOC.483.DATA,"['12.25', '44.5']",,DATA,FALSE
10000,LOC.484,LOC.484,#2579e8,landslide.LOC.484,"['16.3917', '48.2098']",Flysch areas including the Penninic Klippen in the Vienna Forest,LOC,FALSE
5000,LOC.484/MED,LOC.484.MED,#27cf7e,landslide.LOC.484.MED,"['16.3917', '48.2098']",,MED,FALSE
5000,LOC.484/FAC,LOC.484.FAC,#f0a73a,landslide.LOC.484.FAC,"['16.3917', '48.2098']",,FAC,FALSE
5000,LOC.484/DATA,LOC.484.DATA,#8579ec,landslide.LOC.484.DATA,"['16.3917', '48.2098']",,DATA,FALSE
10000,LOC.485,LOC.485,#2579e8,landslide.LOC.485,"['77.5', '32.5']",Foothill of Lesser Himalayas,LOC,FALSE
5000,LOC.485/MED,LOC.485.MED,#27cf7e,landslide.LOC.485.MED,"['77.5', '32.5']",,MED,FALSE
5000,LOC.485/FAC,LOC.485.FAC,#f0a73a,landslide.LOC.485.FAC,"['77.5', '32.5']",,FAC,FALSE
5000,LOC.485/DATA,LOC.485.DATA,#8579ec,landslide.LOC.485.DATA,"['77.5', '32.5']",,DATA,FALSE
10000,LOC.486,LOC.486,#2579e8,landslide.LOC.486,"['77.1432', '9.9030']",Foothills at Karavallikkombai,LOC,FALSE
5000,LOC.486/MED,LOC.486.MED,#27cf7e,landslide.LOC.486.MED,"['77.1432', '9.9030']",,MED,FALSE
5000,LOC.486/FAC,LOC.486.FAC,#f0a73a,landslide.LOC.486.FAC,"['77.1432', '9.9030']",,FAC,FALSE
5000,LOC.486/DATA,LOC.486.DATA,#8579ec,landslide.LOC.486.DATA,"['77.1432', '9.9030']",,DATA,FALSE
10000,LOC.487,LOC.487,#2579e8,landslide.LOC.487,"['71.0', '41.5']",Foothills of the high mountain ranges along the Eastern rim of the Fergana Basin,LOC,FALSE
5000,LOC.487/MED,LOC.487.MED,#27cf7e,landslide.LOC.487.MED,"['71.0', '41.5']",,MED,FALSE
5000,LOC.487/FAC,LOC.487.FAC,#f0a73a,landslide.LOC.487.FAC,"['71.0', '41.5']",,FAC,FALSE
5000,LOC.487/DATA,LOC.487.DATA,#8579ec,landslide.LOC.487.DATA,"['71.0', '41.5']",,DATA,FALSE
10000,LOC.488,LOC.488,#2579e8,landslide.LOC.488,"['119.7110', '29.7361']",Forest-covered areas in Lin'an,LOC,FALSE
5000,LOC.488/MED,LOC.488.MED,#27cf7e,landslide.LOC.488.MED,"['119.7110', '29.7361']",,MED,FALSE
5000,LOC.488/FAC,LOC.488.FAC,#f0a73a,landslide.LOC.488.FAC,"['119.7110', '29.7361']",,FAC,FALSE
5000,LOC.488/DATA,LOC.488.DATA,#8579ec,landslide.LOC.488.DATA,"['119.7110', '29.7361']",,DATA,FALSE
10000,LOC.489,LOC.489,#2579e8,landslide.LOC.489,"['35.0', '33.0']",Forested watersheds,LOC,FALSE
5000,LOC.489/MED,LOC.489.MED,#27cf7e,landslide.LOC.489.MED,"['35.0', '33.0']",,MED,FALSE
5000,LOC.489/FAC,LOC.489.FAC,#f0a73a,landslide.LOC.489.FAC,"['35.0', '33.0']",,FAC,FALSE
5000,LOC.489/DATA,LOC.489.DATA,#8579ec,landslide.LOC.489.DATA,"['35.0', '33.0']",,DATA,FALSE
10000,LOC.490,LOC.490,#2579e8,landslide.LOC.490,"['35.0', '33.0']",Forests,LOC,FALSE
5000,LOC.490/MED,LOC.490.MED,#27cf7e,landslide.LOC.490.MED,"['35.0', '33.0']",,MED,FALSE
5000,LOC.490/FAC,LOC.490.FAC,#f0a73a,landslide.LOC.490.FAC,"['35.0', '33.0']",,FAC,FALSE
5000,LOC.490/DATA,LOC.490.DATA,#8579ec,landslide.LOC.490.DATA,"['35.0', '33.0']",,DATA,FALSE
10000,LOC.491,LOC.491,#2579e8,landslide.LOC.491,"['-71.0', '45.0']",Former Champlain Sea,LOC,FALSE
5000,LOC.491/MED,LOC.491.MED,#27cf7e,landslide.LOC.491.MED,"['-71.0', '45.0']",,MED,FALSE
5000,LOC.491/FAC,LOC.491.FAC,#f0a73a,landslide.LOC.491.FAC,"['-71.0', '45.0']",,FAC,FALSE
5000,LOC.491/DATA,LOC.491.DATA,#8579ec,landslide.LOC.491.DATA,"['-71.0', '45.0']",,DATA,FALSE
10000,LOC.492,LOC.492,#2579e8,landslide.LOC.492,"['86.5', '27.5']",Fragile mountainous terrain in the eastern part of Nepal,LOC,FALSE
5000,LOC.492/MED,LOC.492.MED,#27cf7e,landslide.LOC.492.MED,"['86.5', '27.5']",,MED,FALSE
5000,LOC.492/FAC,LOC.492.FAC,#f0a73a,landslide.LOC.492.FAC,"['86.5', '27.5']",,FAC,FALSE
5000,LOC.492/DATA,LOC.492.DATA,#8579ec,landslide.LOC.492.DATA,"['86.5', '27.5']",,DATA,FALSE
10000,LOC.493,LOC.493,#2579e8,landslide.LOC.493,"['2.2137', '46.2276']",France,LOC,FALSE
5000,LOC.493/MED,LOC.493.MED,#27cf7e,landslide.LOC.493.MED,"['2.2137', '46.2276']",,MED,FALSE
5000,LOC.493/FAC,LOC.493.FAC,#f0a73a,landslide.LOC.493.FAC,"['2.2137', '46.2276']",,FAC,FALSE
5000,LOC.493/DATA,LOC.493.DATA,#8579ec,landslide.LOC.493.DATA,"['2.2137', '46.2276']",,DATA,FALSE
10000,LOC.494,LOC.494,#2579e8,landslide.LOC.494,"['10.6000', '49.0000']",Franconian Alb,LOC,FALSE
5000,LOC.494/MED,LOC.494.MED,#27cf7e,landslide.LOC.494.MED,"['10.6000', '49.0000']",,MED,FALSE
5000,LOC.494/FAC,LOC.494.FAC,#f0a73a,landslide.LOC.494.FAC,"['10.6000', '49.0000']",,FAC,FALSE
5000,LOC.494/DATA,LOC.494.DATA,#8579ec,landslide.LOC.494.DATA,"['10.6000', '49.0000']",,DATA,FALSE
10000,LOC.495,LOC.495,#2579e8,landslide.LOC.495,"['0.0', '0.0']",Frequencies,LOC,FALSE
5000,LOC.495/MED,LOC.495.MED,#27cf7e,landslide.LOC.495.MED,"['0.0', '0.0']",,MED,FALSE
5000,LOC.495/FAC,LOC.495.FAC,#f0a73a,landslide.LOC.495.FAC,"['0.0', '0.0']",,FAC,FALSE
5000,LOC.495/DATA,LOC.495.DATA,#8579ec,landslide.LOC.495.DATA,"['0.0', '0.0']",,DATA,FALSE
10000,LOC.496,LOC.496,#2579e8,landslide.LOC.496,"['0.0', '0.0']",FS,LOC,FALSE
5000,LOC.496/MED,LOC.496.MED,#27cf7e,landslide.LOC.496.MED,"['0.0', '0.0']",,MED,FALSE
5000,LOC.496/FAC,LOC.496.FAC,#f0a73a,landslide.LOC.496.FAC,"['0.0', '0.0']",,FAC,FALSE
5000,LOC.496/DATA,LOC.496.DATA,#8579ec,landslide.LOC.496.DATA,"['0.0', '0.0']",,DATA,FALSE
10000,LOC.497,LOC.497,#2579e8,landslide.LOC.497,"['119.6807', '27.0910']",Fu'an City,LOC,FALSE
5000,LOC.497/MED,LOC.497.MED,#27cf7e,landslide.LOC.497.MED,"['119.6807', '27.0910']",,MED,FALSE
5000,LOC.497/FAC,LOC.497.FAC,#f0a73a,landslide.LOC.497.FAC,"['119.6807', '27.0910']",,FAC,FALSE
5000,LOC.497/DATA,LOC.497.DATA,#8579ec,landslide.LOC.497.DATA,"['119.6807', '27.0910']",,DATA,FALSE
10000,LOC.498,LOC.498,#2579e8,landslide.LOC.498,"['111.8895', '38.3181']",Fugu County of Shaanxi Province,LOC,FALSE
5000,LOC.498/MED,LOC.498.MED,#27cf7e,landslide.LOC.498.MED,"['111.8895', '38.3181']",,MED,FALSE
5000,LOC.498/FAC,LOC.498.FAC,#f0a73a,landslide.LOC.498.FAC,"['111.8895', '38.3181']",,FAC,FALSE
5000,LOC.498/DATA,LOC.498.DATA,#8579ec,landslide.LOC.498.DATA,"['111.8895', '38.3181']",,DATA,FALSE
10000,LOC.499,LOC.499,#2579e8,landslide.LOC.499,"['119.2965', '26.0763']",Fujian Province,LOC,FALSE
5000,LOC.499/MED,LOC.499.MED,#27cf7e,landslide.LOC.499.MED,"['119.2965', '26.0763']",,MED,FALSE
5000,LOC.499/FAC,LOC.499.FAC,#f0a73a,landslide.LOC.499.FAC,"['119.2965', '26.0763']",,FAC,FALSE
5000,LOC.499/DATA,LOC.499.DATA,#8579ec,landslide.LOC.499.DATA,"['119.2965', '26.0763']",,DATA,FALSE
10000,LOC.500,LOC.500,#2579e8,landslide.LOC.500,"['114.2533', '36.0709']",Fukou,LOC,FALSE
5000,LOC.500/MED,LOC.500.MED,#27cf7e,landslide.LOC.500.MED,"['114.2533', '36.0709']",,MED,FALSE
5000,LOC.500/FAC,LOC.500.FAC,#f0a73a,landslide.LOC.500.FAC,"['114.2533', '36.0709']",,FAC,FALSE
5000,LOC.500/DATA,LOC.500.DATA,#8579ec,landslide.LOC.500.DATA,"['114.2533', '36.0709']",,DATA,FALSE
10000,LOC.501,LOC.501,#2579e8,landslide.LOC.501,"['107.3911', '29.7034']",Fuling District,LOC,FALSE
5000,LOC.501/MED,LOC.501.MED,#27cf7e,landslide.LOC.501.MED,"['107.3911', '29.7034']",,MED,FALSE
5000,LOC.501/FAC,LOC.501.FAC,#f0a73a,landslide.LOC.501.FAC,"['107.3911', '29.7034']",,FAC,FALSE
5000,LOC.501/DATA,LOC.501.DATA,#8579ec,landslide.LOC.501.DATA,"['107.3911', '29.7034']",,DATA,FALSE
10000,LOC.502,LOC.502,#2579e8,landslide.LOC.502,"['119.2965', '26.0745']",Fuzhou City,LOC,FALSE
5000,LOC.502/MED,LOC.502.MED,#27cf7e,landslide.LOC.502.MED,"['119.2965', '26.0745']",,MED,FALSE
5000,LOC.502/FAC,LOC.502.FAC,#f0a73a,landslide.LOC.502.FAC,"['119.2965', '26.0745']",,FAC,FALSE
5000,LOC.502/DATA,LOC.502.DATA,#8579ec,landslide.LOC.502.DATA,"['119.2965', '26.0745']",,DATA,FALSE
10000,LOC.503,LOC.503,#2579e8,landslide.LOC.503,"['120.3434', '30.5824']",G69,LOC,FALSE
5000,LOC.503/MED,LOC.503.MED,#27cf7e,landslide.LOC.503.MED,"['120.3434', '30.5824']",,MED,FALSE
5000,LOC.503/FAC,LOC.503.FAC,#f0a73a,landslide.LOC.503.FAC,"['120.3434', '30.5824']",,FAC,FALSE
5000,LOC.503/DATA,LOC.503.DATA,#8579ec,landslide.LOC.503.DATA,"['120.3434', '30.5824']",,DATA,FALSE
10000,LOC.504,LOC.504,#2579e8,landslide.LOC.504,"['37.9855', '6.5666']",Gamo Zone of south Ethiopia,LOC,FALSE
5000,LOC.504/MED,LOC.504.MED,#27cf7e,landslide.LOC.504.MED,"['37.9855', '6.5666']",,MED,FALSE
5000,LOC.504/FAC,LOC.504.FAC,#f0a73a,landslide.LOC.504.FAC,"['37.9855', '6.5666']",,FAC,FALSE
5000,LOC.504/DATA,LOC.504.DATA,#8579ec,landslide.LOC.504.DATA,"['37.9855', '6.5666']",,DATA,FALSE
10000,LOC.505,LOC.505,#2579e8,landslide.LOC.505,"['128.8965', '37.7510']",Gangneung,LOC,FALSE
5000,LOC.505/MED,LOC.505.MED,#27cf7e,landslide.LOC.505.MED,"['128.8965', '37.7510']",,MED,FALSE
5000,LOC.505/FAC,LOC.505.FAC,#f0a73a,landslide.LOC.505.FAC,"['128.8965', '37.7510']",,FAC,FALSE
5000,LOC.505/DATA,LOC.505.DATA,#8579ec,landslide.LOC.505.DATA,"['128.8965', '37.7510']",,DATA,FALSE
10000,LOC.506,LOC.506,#2579e8,landslide.LOC.506,"['128.8965', '37.7510']",Gangneung - si,LOC,FALSE
5000,LOC.506/MED,LOC.506.MED,#27cf7e,landslide.LOC.506.MED,"['128.8965', '37.7510']",,MED,FALSE
5000,LOC.506/FAC,LOC.506.FAC,#f0a73a,landslide.LOC.506.FAC,"['128.8965', '37.7510']",,FAC,FALSE
5000,LOC.506/DATA,LOC.506.DATA,#8579ec,landslide.LOC.506.DATA,"['128.8965', '37.7510']",,DATA,FALSE
10000,LOC.507,LOC.507,#2579e8,landslide.LOC.507,"['128.8965', '37.7510']",Gangneung in Korea,LOC,FALSE
5000,LOC.507/MED,LOC.507.MED,#27cf7e,landslide.LOC.507.MED,"['128.8965', '37.7510']",,MED,FALSE
5000,LOC.507/FAC,LOC.507.FAC,#f0a73a,landslide.LOC.507.FAC,"['128.8965', '37.7510']",,FAC,FALSE
5000,LOC.507/DATA,LOC.507.DATA,#8579ec,landslide.LOC.507.DATA,"['128.8965', '37.7510']",,DATA,FALSE
10000,LOC.508,LOC.508,#2579e8,landslide.LOC.508,"['88.6138', '27.3314']",Gangtok city,LOC,FALSE
5000,LOC.508/MED,LOC.508.MED,#27cf7e,landslide.LOC.508.MED,"['88.6138', '27.3314']",,MED,FALSE
5000,LOC.508/FAC,LOC.508.FAC,#f0a73a,landslide.LOC.508.FAC,"['88.6138', '27.3314']",,FAC,FALSE
5000,LOC.508/DATA,LOC.508.DATA,#8579ec,landslide.LOC.508.DATA,"['88.6138', '27.3314']",,DATA,FALSE
10000,LOC.509,LOC.509,#2579e8,landslide.LOC.509,"['88.6140', '27.3389']",Gangtok city of Sikkim state,LOC,FALSE
5000,LOC.509/MED,LOC.509.MED,#27cf7e,landslide.LOC.509.MED,"['88.6140', '27.3389']",,MED,FALSE
5000,LOC.509/FAC,LOC.509.FAC,#f0a73a,landslide.LOC.509.FAC,"['88.6140', '27.3389']",,FAC,FALSE
5000,LOC.509/DATA,LOC.509.DATA,#8579ec,landslide.LOC.509.DATA,"['88.6140', '27.3389']",,DATA,FALSE
10000,LOC.510,LOC.510,#2579e8,landslide.LOC.510,"['88.6140', '27.3389']",Gangtok subdivision in east Sikkim district,LOC,FALSE
5000,LOC.510/MED,LOC.510.MED,#27cf7e,landslide.LOC.510.MED,"['88.6140', '27.3389']",,MED,FALSE
5000,LOC.510/FAC,LOC.510.FAC,#f0a73a,landslide.LOC.510.FAC,"['88.6140', '27.3389']",,FAC,FALSE
5000,LOC.510/DATA,LOC.510.DATA,#8579ec,landslide.LOC.510.DATA,"['88.6140', '27.3389']",,DATA,FALSE
10000,LOC.511,LOC.511,#2579e8,landslide.LOC.511,"['128.5467', '37.8228']",Gangwon Province,LOC,FALSE
5000,LOC.511/MED,LOC.511.MED,#27cf7e,landslide.LOC.511.MED,"['128.5467', '37.8228']",,MED,FALSE
5000,LOC.511/FAC,LOC.511.FAC,#f0a73a,landslide.LOC.511.FAC,"['128.5467', '37.8228']",,FAC,FALSE
5000,LOC.511/DATA,LOC.511.DATA,#8579ec,landslide.LOC.511.DATA,"['128.5467', '37.8228']",,DATA,FALSE
10000,LOC.512,LOC.512,#2579e8,landslide.LOC.512,"['102.4576', '35.7528']",Gansu,LOC,FALSE
5000,LOC.512/MED,LOC.512.MED,#27cf7e,landslide.LOC.512.MED,"['102.4576', '35.7528']",,MED,FALSE
5000,LOC.512/FAC,LOC.512.FAC,#f0a73a,landslide.LOC.512.FAC,"['102.4576', '35.7528']",,FAC,FALSE
5000,LOC.512/DATA,LOC.512.DATA,#8579ec,landslide.LOC.512.DATA,"['102.4576', '35.7528']",,DATA,FALSE
10000,LOC.513,LOC.513,#2579e8,landslide.LOC.513,"['102.4576', '35.7528']",Gansu Province,LOC,FALSE
5000,LOC.513/MED,LOC.513.MED,#27cf7e,landslide.LOC.513.MED,"['102.4576', '35.7528']",,MED,FALSE
5000,LOC.513/FAC,LOC.513.FAC,#f0a73a,landslide.LOC.513.FAC,"['102.4576', '35.7528']",,FAC,FALSE
5000,LOC.513/DATA,LOC.513.DATA,#8579ec,landslide.LOC.513.DATA,"['102.4576', '35.7528']",,DATA,FALSE
10000,LOC.514,LOC.514,#2579e8,landslide.LOC.514,"['78.4370', '30.2889']",Gardhwal Himalayan terrain,LOC,FALSE
5000,LOC.514/MED,LOC.514.MED,#27cf7e,landslide.LOC.514.MED,"['78.4370', '30.2889']",,MED,FALSE
5000,LOC.514/FAC,LOC.514.FAC,#f0a73a,landslide.LOC.514.FAC,"['78.4370', '30.2889']",,FAC,FALSE
5000,LOC.514/DATA,LOC.514.DATA,#8579ec,landslide.LOC.514.DATA,"['78.4370', '30.2889']",,DATA,FALSE
10000,LOC.515,LOC.515,#2579e8,landslide.LOC.515,"['78.8262', '30.3256']",Garhwal Himalaya,LOC,FALSE
5000,LOC.515/MED,LOC.515.MED,#27cf7e,landslide.LOC.515.MED,"['78.8262', '30.3256']",,MED,FALSE
5000,LOC.515/FAC,LOC.515.FAC,#f0a73a,landslide.LOC.515.FAC,"['78.8262', '30.3256']",,FAC,FALSE
5000,LOC.515/DATA,LOC.515.DATA,#8579ec,landslide.LOC.515.DATA,"['78.8262', '30.3256']",,DATA,FALSE
10000,LOC.516,LOC.516,#2579e8,landslide.LOC.516,"['78.8262', '30.3256']",Garhwal Himalayas,LOC,FALSE
5000,LOC.516/MED,LOC.516.MED,#27cf7e,landslide.LOC.516.MED,"['78.8262', '30.3256']",,MED,FALSE
5000,LOC.516/FAC,LOC.516.FAC,#f0a73a,landslide.LOC.516.FAC,"['78.8262', '30.3256']",,FAC,FALSE
5000,LOC.516/DATA,LOC.516.DATA,#8579ec,landslide.LOC.516.DATA,"['78.8262', '30.3256']",,DATA,FALSE
10000,LOC.517,LOC.517,#2579e8,landslide.LOC.517,"['78.8262', '30.3256']",Garhwal Lesser Himalaya,LOC,FALSE
5000,LOC.517/MED,LOC.517.MED,#27cf7e,landslide.LOC.517.MED,"['78.8262', '30.3256']",,MED,FALSE
5000,LOC.517/FAC,LOC.517.FAC,#f0a73a,landslide.LOC.517.FAC,"['78.8262', '30.3256']",,FAC,FALSE
5000,LOC.517/DATA,LOC.517.DATA,#8579ec,landslide.LOC.517.DATA,"['78.8262', '30.3256']",,DATA,FALSE
10000,LOC.518,LOC.518,#2579e8,landslide.LOC.518,"['10.8769', '11.6542']",Garuwa sub-basin,LOC,FALSE
5000,LOC.518/MED,LOC.518.MED,#27cf7e,landslide.LOC.518.MED,"['10.8769', '11.6542']",,MED,FALSE
5000,LOC.518/FAC,LOC.518.FAC,#f0a73a,landslide.LOC.518.FAC,"['10.8769', '11.6542']",,FAC,FALSE
5000,LOC.518/DATA,LOC.518.DATA,#8579ec,landslide.LOC.518.DATA,"['10.8769', '11.6542']",,DATA,FALSE
10000,LOC.519,LOC.519,#2579e8,landslide.LOC.519,"['18.6466', '54.3520']",Gdansk,LOC,FALSE
5000,LOC.519/MED,LOC.519.MED,#27cf7e,landslide.LOC.519.MED,"['18.6466', '54.3520']",,MED,FALSE
5000,LOC.519/FAC,LOC.519.FAC,#f0a73a,landslide.LOC.519.FAC,"['18.6466', '54.3520']",,FAC,FALSE
5000,LOC.519/DATA,LOC.519.DATA,#8579ec,landslide.LOC.519.DATA,"['18.6466', '54.3520']",,DATA,FALSE
10000,LOC.520,LOC.520,#2579e8,landslide.LOC.520,"['18.5308', '54.5189']",Gdynia,LOC,FALSE
5000,LOC.520/MED,LOC.520.MED,#27cf7e,landslide.LOC.520.MED,"['18.5308', '54.5189']",,MED,FALSE
5000,LOC.520/FAC,LOC.520.FAC,#f0a73a,landslide.LOC.520.FAC,"['18.5308', '54.5189']",,FAC,FALSE
5000,LOC.520/DATA,LOC.520.DATA,#8579ec,landslide.LOC.520.DATA,"['18.5308', '54.5189']",,DATA,FALSE
10000,LOC.521,LOC.521,#2579e8,landslide.LOC.521,"['0.0000', '0.0000']",geological,LOC,FALSE
5000,LOC.521/MED,LOC.521.MED,#27cf7e,landslide.LOC.521.MED,"['0.0000', '0.0000']",,MED,FALSE
5000,LOC.521/FAC,LOC.521.FAC,#f0a73a,landslide.LOC.521.FAC,"['0.0000', '0.0000']",,FAC,FALSE
5000,LOC.521/DATA,LOC.521.DATA,#8579ec,landslide.LOC.521.DATA,"['0.0000', '0.0000']",,DATA,FALSE
10000,LOC.522,LOC.522,#2579e8,landslide.LOC.522,"['0.0000', '0.0000']",geomorphological units,LOC,FALSE
5000,LOC.522/MED,LOC.522.MED,#27cf7e,landslide.LOC.522.MED,"['0.0000', '0.0000']",,MED,FALSE
5000,LOC.522/FAC,LOC.522.FAC,#f0a73a,landslide.LOC.522.FAC,"['0.0000', '0.0000']",,FAC,FALSE
5000,LOC.522/DATA,LOC.522.DATA,#8579ec,landslide.LOC.522.DATA,"['0.0000', '0.0000']",,DATA,FALSE
10000,LOC.523,LOC.523,#2579e8,landslide.LOC.523,"['43.3569', '42.3154']",Georgia,LOC,FALSE
5000,LOC.523/MED,LOC.523.MED,#27cf7e,landslide.LOC.523.MED,"['43.3569', '42.3154']",,MED,FALSE
5000,LOC.523/FAC,LOC.523.FAC,#f0a73a,landslide.LOC.523.FAC,"['43.3569', '42.3154']",,FAC,FALSE
5000,LOC.523/DATA,LOC.523.DATA,#8579ec,landslide.LOC.523.DATA,"['43.3569', '42.3154']",,DATA,FALSE
10000,LOC.524,LOC.524,#2579e8,landslide.LOC.524,"['10.4515', '51.1657']",Germany,LOC,FALSE
5000,LOC.524/MED,LOC.524.MED,#27cf7e,landslide.LOC.524.MED,"['10.4515', '51.1657']",,MED,FALSE
5000,LOC.524/FAC,LOC.524.FAC,#f0a73a,landslide.LOC.524.FAC,"['10.4515', '51.1657']",,FAC,FALSE
5000,LOC.524/DATA,LOC.524.DATA,#8579ec,landslide.LOC.524.DATA,"['10.4515', '51.1657']",,DATA,FALSE
10000,LOC.525,LOC.525,#2579e8,landslide.LOC.525,"['24.9384', '44.4194']",Getic Piedmont,LOC,FALSE
5000,LOC.525/MED,LOC.525.MED,#27cf7e,landslide.LOC.525.MED,"['24.9384', '44.4194']",,MED,FALSE
5000,LOC.525/FAC,LOC.525.FAC,#f0a73a,landslide.LOC.525.FAC,"['24.9384', '44.4194']",,FAC,FALSE
5000,LOC.525/DATA,LOC.525.DATA,#8579ec,landslide.LOC.525.DATA,"['24.9384', '44.4194']",,DATA,FALSE
10000,LOC.526,LOC.526,#2579e8,landslide.LOC.526,"['1.0307', '7.9465']",Ghana,LOC,FALSE
5000,LOC.526/MED,LOC.526.MED,#27cf7e,landslide.LOC.526.MED,"['1.0307', '7.9465']",,MED,FALSE
5000,LOC.526/FAC,LOC.526.FAC,#f0a73a,landslide.LOC.526.FAC,"['1.0307', '7.9465']",,FAC,FALSE
5000,LOC.526/DATA,LOC.526.DATA,#8579ec,landslide.LOC.526.DATA,"['1.0307', '7.9465']",,DATA,FALSE
10000,LOC.527,LOC.527,#2579e8,landslide.LOC.527,"['73.5', '18.7']",Ghat road section,LOC,FALSE
5000,LOC.527/MED,LOC.527.MED,#27cf7e,landslide.LOC.527.MED,"['73.5', '18.7']",,MED,FALSE
5000,LOC.527/FAC,LOC.527.FAC,#f0a73a,landslide.LOC.527.FAC,"['73.5', '18.7']",,FAC,FALSE
5000,LOC.527/DATA,LOC.527.DATA,#8579ec,landslide.LOC.527.DATA,"['73.5', '18.7']",,DATA,FALSE
10000,LOC.528,LOC.528,#2579e8,landslide.LOC.528,"['85.3', '27.7']",Ghurmi - Dhad Khola,LOC,FALSE
5000,LOC.528/MED,LOC.528.MED,#27cf7e,landslide.LOC.528.MED,"['85.3', '27.7']",,MED,FALSE
5000,LOC.528/FAC,LOC.528.FAC,#f0a73a,landslide.LOC.528.FAC,"['85.3', '27.7']",,FAC,FALSE
5000,LOC.528/DATA,LOC.528.DATA,#8579ec,landslide.LOC.528.DATA,"['85.3', '27.7']",,DATA,FALSE
10000,LOC.529,LOC.529,#2579e8,landslide.LOC.529,"['49.5670', '37.2887']",Gilan province,LOC,FALSE
5000,LOC.529/MED,LOC.529.MED,#27cf7e,landslide.LOC.529.MED,"['49.5670', '37.2887']",,MED,FALSE
5000,LOC.529/FAC,LOC.529.FAC,#f0a73a,landslide.LOC.529.FAC,"['49.5670', '37.2887']",,FAC,FALSE
5000,LOC.529/DATA,LOC.529.DATA,#8579ec,landslide.LOC.529.DATA,"['49.5670', '37.2887']",,DATA,FALSE
10000,LOC.530,LOC.530,#2579e8,landslide.LOC.530,"['74.3773', '35.8824']",Gilgit Baltistan,LOC,FALSE
5000,LOC.530/MED,LOC.530.MED,#27cf7e,landslide.LOC.530.MED,"['74.3773', '35.8824']",,MED,FALSE
5000,LOC.530/FAC,LOC.530.FAC,#f0a73a,landslide.LOC.530.FAC,"['74.3773', '35.8824']",,FAC,FALSE
5000,LOC.530/DATA,LOC.530.DATA,#8579ec,landslide.LOC.530.DATA,"['74.3773', '35.8824']",,DATA,FALSE
10000,LOC.531,LOC.531,#2579e8,landslide.LOC.531,"['14.7034', '38.0656']",Gioiosa Marea municipality,LOC,FALSE
5000,LOC.531/MED,LOC.531.MED,#27cf7e,landslide.LOC.531.MED,"['14.7034', '38.0656']",,MED,FALSE
5000,LOC.531/FAC,LOC.531.FAC,#f0a73a,landslide.LOC.531.FAC,"['14.7034', '38.0656']",,FAC,FALSE
5000,LOC.531/DATA,LOC.531.DATA,#8579ec,landslide.LOC.531.DATA,"['14.7034', '38.0656']",,DATA,FALSE
10000,LOC.532,LOC.532,#2579e8,landslide.LOC.532,"['38.3897', '40.5931']",Giresun,LOC,FALSE
5000,LOC.532/MED,LOC.532.MED,#27cf7e,landslide.LOC.532.MED,"['38.3897', '40.5931']",,MED,FALSE
5000,LOC.532/FAC,LOC.532.FAC,#f0a73a,landslide.LOC.532.FAC,"['38.3897', '40.5931']",,FAC,FALSE
5000,LOC.532/DATA,LOC.532.DATA,#8579ec,landslide.LOC.532.DATA,"['38.3897', '40.5931']",,DATA,FALSE
10000,LOC.533,LOC.533,#2579e8,landslide.LOC.533,"['33.5333', '35.3369']",Girne,LOC,FALSE
5000,LOC.533/MED,LOC.533.MED,#27cf7e,landslide.LOC.533.MED,"['33.5333', '35.3369']",,MED,FALSE
5000,LOC.533/FAC,LOC.533.FAC,#f0a73a,landslide.LOC.533.FAC,"['33.5333', '35.3369']",,FAC,FALSE
5000,LOC.533/DATA,LOC.533.DATA,#8579ec,landslide.LOC.533.DATA,"['33.5333', '35.3369']",,DATA,FALSE
10000,LOC.534,LOC.534,#2579e8,landslide.LOC.534,"['38.0', '9.0']",Gish River basin,LOC,FALSE
5000,LOC.534/MED,LOC.534.MED,#27cf7e,landslide.LOC.534.MED,"['38.0', '9.0']",,MED,FALSE
5000,LOC.534/FAC,LOC.534.FAC,#f0a73a,landslide.LOC.534.FAC,"['38.0', '9.0']",,FAC,FALSE
5000,LOC.534/DATA,LOC.534.DATA,#8579ec,landslide.LOC.534.DATA,"['38.0', '9.0']",,DATA,FALSE
10000,LOC.535,LOC.535,#2579e8,landslide.LOC.535,"['54.3745', '37.2861']",Golestan province,LOC,FALSE
5000,LOC.535/MED,LOC.535.MED,#27cf7e,landslide.LOC.535.MED,"['54.3745', '37.2861']",,MED,FALSE
5000,LOC.535/FAC,LOC.535.FAC,#f0a73a,landslide.LOC.535.FAC,"['54.3745', '37.2861']",,FAC,FALSE
5000,LOC.535/DATA,LOC.535.DATA,#8579ec,landslide.LOC.535.DATA,"['54.3745', '37.2861']",,DATA,FALSE
10000,LOC.536,LOC.536,#2579e8,landslide.LOC.536,"['59.2861', '36.3750']",Golmakan Watershed as part of Binaloud northern hillsides,LOC,FALSE
5000,LOC.536/MED,LOC.536.MED,#27cf7e,landslide.LOC.536.MED,"['59.2861', '36.3750']",,MED,FALSE
5000,LOC.536/FAC,LOC.536.FAC,#f0a73a,landslide.LOC.536.FAC,"['59.2861', '36.3750']",,FAC,FALSE
5000,LOC.536/DATA,LOC.536.DATA,#8579ec,landslide.LOC.536.DATA,"['59.2861', '36.3750']",,DATA,FALSE
10000,LOC.537,LOC.537,#2579e8,landslide.LOC.537,"['37.4', '11.5']",Goncha Siso Eneses area of East Gojam Zone in northwestern Ethiopia,LOC,FALSE
5000,LOC.537/MED,LOC.537.MED,#27cf7e,landslide.LOC.537.MED,"['37.4', '11.5']",,MED,FALSE
5000,LOC.537/FAC,LOC.537.FAC,#f0a73a,landslide.LOC.537.FAC,"['37.4', '11.5']",,FAC,FALSE
5000,LOC.537/DATA,LOC.537.DATA,#8579ec,landslide.LOC.537.DATA,"['37.4', '11.5']",,DATA,FALSE
10000,LOC.538,LOC.538,#2579e8,landslide.LOC.538,"['82.2456', '43.3689']",Gongliu county,LOC,FALSE
5000,LOC.538/MED,LOC.538.MED,#27cf7e,landslide.LOC.538.MED,"['82.2456', '43.3689']",,MED,FALSE
5000,LOC.538/FAC,LOC.538.FAC,#f0a73a,landslide.LOC.538.FAC,"['82.2456', '43.3689']",,FAC,FALSE
5000,LOC.538/DATA,LOC.538.DATA,#8579ec,landslide.LOC.538.DATA,"['82.2456', '43.3689']",,DATA,FALSE
10000,LOC.539,LOC.539,#2579e8,landslide.LOC.539,"['55.2203', '36.4318']",Gorganroud watershed,LOC,FALSE
5000,LOC.539/MED,LOC.539.MED,#27cf7e,landslide.LOC.539.MED,"['55.2203', '36.4318']",,MED,FALSE
5000,LOC.539/FAC,LOC.539.FAC,#f0a73a,landslide.LOC.539.FAC,"['55.2203', '36.4318']",,FAC,FALSE
5000,LOC.539/DATA,LOC.539.DATA,#8579ec,landslide.LOC.539.DATA,"['55.2203', '36.4318']",,DATA,FALSE
10000,LOC.540,LOC.540,#2579e8,landslide.LOC.540,"['84.6450', '28.2871']",Gorkha,LOC,FALSE
5000,LOC.540/MED,LOC.540.MED,#27cf7e,landslide.LOC.540.MED,"['84.6450', '28.2871']",,MED,FALSE
5000,LOC.540/FAC,LOC.540.FAC,#f0a73a,landslide.LOC.540.FAC,"['84.6450', '28.2871']",,FAC,FALSE
5000,LOC.540/DATA,LOC.540.DATA,#8579ec,landslide.LOC.540.DATA,"['84.6450', '28.2871']",,DATA,FALSE
10000,LOC.541,LOC.541,#2579e8,landslide.LOC.541,"['67.5304', '35.7929']",Gorzineh - khil,LOC,FALSE
5000,LOC.541/MED,LOC.541.MED,#27cf7e,landslide.LOC.541.MED,"['67.5304', '35.7929']",,MED,FALSE
5000,LOC.541/FAC,LOC.541.FAC,#f0a73a,landslide.LOC.541.FAC,"['67.5304', '35.7929']",,FAC,FALSE
5000,LOC.541/DATA,LOC.541.DATA,#8579ec,landslide.LOC.541.DATA,"['67.5304', '35.7929']",,DATA,FALSE
10000,LOC.542,LOC.542,#2579e8,landslide.LOC.542,"['78.7008', '28.3324']",Greater - Himalaya mountainous,LOC,FALSE
5000,LOC.542/MED,LOC.542.MED,#27cf7e,landslide.LOC.542.MED,"['78.7008', '28.3324']",,MED,FALSE
5000,LOC.542/FAC,LOC.542.FAC,#f0a73a,landslide.LOC.542.FAC,"['78.7008', '28.3324']",,FAC,FALSE
5000,LOC.542/DATA,LOC.542.DATA,#8579ec,landslide.LOC.542.DATA,"['78.7008', '28.3324']",,DATA,FALSE
10000,LOC.543,LOC.543,#2579e8,landslide.LOC.543,"['21.8243', '39.0742']",Greece,LOC,FALSE
5000,LOC.543/MED,LOC.543.MED,#27cf7e,landslide.LOC.543.MED,"['21.8243', '39.0742']",,MED,FALSE
5000,LOC.543/FAC,LOC.543.FAC,#f0a73a,landslide.LOC.543.FAC,"['21.8243', '39.0742']",,FAC,FALSE
5000,LOC.543/DATA,LOC.543.DATA,#8579ec,landslide.LOC.543.DATA,"['21.8243', '39.0742']",,DATA,FALSE
10000,LOC.544,LOC.544,#2579e8,landslide.LOC.544,"['-5.0479', '36.4619']",Guadalmansa River basin,LOC,FALSE
5000,LOC.544/MED,LOC.544.MED,#27cf7e,landslide.LOC.544.MED,"['-5.0479', '36.4619']",,MED,FALSE
5000,LOC.544/FAC,LOC.544.FAC,#f0a73a,landslide.LOC.544.FAC,"['-5.0479', '36.4619']",,FAC,FALSE
5000,LOC.544/DATA,LOC.544.DATA,#8579ec,landslide.LOC.544.DATA,"['-5.0479', '36.4619']",,DATA,FALSE
10000,LOC.545,LOC.545,#2579e8,landslide.LOC.545,"['113.7633', '23.3790']",Guangdong Province,LOC,FALSE
5000,LOC.545/MED,LOC.545.MED,#27cf7e,landslide.LOC.545.MED,"['113.7633', '23.3790']",,MED,FALSE
5000,LOC.545/FAC,LOC.545.FAC,#f0a73a,landslide.LOC.545.FAC,"['113.7633', '23.3790']",,FAC,FALSE
5000,LOC.545/DATA,LOC.545.DATA,#8579ec,landslide.LOC.545.DATA,"['113.7633', '23.3790']",,DATA,FALSE
10000,LOC.546,LOC.546,#2579e8,landslide.LOC.546,"['108.6249', '23.8298']",Guangxi,LOC,FALSE
5000,LOC.546/MED,LOC.546.MED,#27cf7e,landslide.LOC.546.MED,"['108.6249', '23.8298']",,MED,FALSE
5000,LOC.546/FAC,LOC.546.FAC,#f0a73a,landslide.LOC.546.FAC,"['108.6249', '23.8298']",,FAC,FALSE
5000,LOC.546/DATA,LOC.546.DATA,#8579ec,landslide.LOC.546.DATA,"['108.6249', '23.8298']",,DATA,FALSE
10000,LOC.547,LOC.547,#2579e8,landslide.LOC.547,"['108.6249', '23.8298']",Guangxi Zhuang Autonomous Region of China,LOC,FALSE
5000,LOC.547/MED,LOC.547.MED,#27cf7e,landslide.LOC.547.MED,"['108.6249', '23.8298']",,MED,FALSE
5000,LOC.547/FAC,LOC.547.FAC,#f0a73a,landslide.LOC.547.FAC,"['108.6249', '23.8298']",,FAC,FALSE
5000,LOC.547/DATA,LOC.547.DATA,#8579ec,landslide.LOC.547.DATA,"['108.6249', '23.8298']",,DATA,FALSE
10000,LOC.548,LOC.548,#2579e8,landslide.LOC.548,"['-74.6799', '20.0633']",Guantanamo Province of Cuba,LOC,FALSE
5000,LOC.548/MED,LOC.548.MED,#27cf7e,landslide.LOC.548.MED,"['-74.6799', '20.0633']",,MED,FALSE
5000,LOC.548/FAC,LOC.548.FAC,#f0a73a,landslide.LOC.548.FAC,"['-74.6799', '20.0633']",,FAC,FALSE
5000,LOC.548/DATA,LOC.548.DATA,#8579ec,landslide.LOC.548.DATA,"['-74.6799', '20.0633']",,DATA,FALSE
10000,LOC.549,LOC.549,#2579e8,landslide.LOC.549,"['-90.2308', '15.7835']",Guatemala,LOC,FALSE
5000,LOC.549/MED,LOC.549.MED,#27cf7e,landslide.LOC.549.MED,"['-90.2308', '15.7835']",,MED,FALSE
5000,LOC.549/FAC,LOC.549.FAC,#f0a73a,landslide.LOC.549.FAC,"['-90.2308', '15.7835']",,FAC,FALSE
5000,LOC.549/DATA,LOC.549.DATA,#8579ec,landslide.LOC.549.DATA,"['-90.2308', '15.7835']",,DATA,FALSE
10000,LOC.550,LOC.550,#2579e8,landslide.LOC.550,"['106.7162', '38.0790']",Gucheng town of Ningxia province in China,LOC,FALSE
5000,LOC.550/MED,LOC.550.MED,#27cf7e,landslide.LOC.550.MED,"['106.7162', '38.0790']",,MED,FALSE
5000,LOC.550/FAC,LOC.550.FAC,#f0a73a,landslide.LOC.550.FAC,"['106.7162', '38.0790']",,FAC,FALSE
5000,LOC.550/DATA,LOC.550.DATA,#8579ec,landslide.LOC.550.DATA,"['106.7162', '38.0790']",,DATA,FALSE
10000,LOC.551,LOC.551,#2579e8,landslide.LOC.551,"['-99.8014', '17.4392']",Guerrero,LOC,FALSE
5000,LOC.551/MED,LOC.551.MED,#27cf7e,landslide.LOC.551.MED,"['-99.8014', '17.4392']",,MED,FALSE
5000,LOC.551/FAC,LOC.551.FAC,#f0a73a,landslide.LOC.551.FAC,"['-99.8014', '17.4392']",,FAC,FALSE
5000,LOC.551/DATA,LOC.551.DATA,#8579ec,landslide.LOC.551.DATA,"['-99.8014', '17.4392']",,DATA,FALSE
10000,LOC.552,LOC.552,#2579e8,landslide.LOC.552,"['104.9573', '28.8235']",Gufenping landslide in Nanjiang,LOC,FALSE
5000,LOC.552/MED,LOC.552.MED,#27cf7e,landslide.LOC.552.MED,"['104.9573', '28.8235']",,MED,FALSE
5000,LOC.552/FAC,LOC.552.FAC,#f0a73a,landslide.LOC.552.FAC,"['104.9573', '28.8235']",,FAC,FALSE
5000,LOC.552/DATA,LOC.552.DATA,#8579ec,landslide.LOC.552.DATA,"['104.9573', '28.8235']",,DATA,FALSE
10000,LOC.553,LOC.553,#2579e8,landslide.LOC.553,"['49.3592', '37.0942']",Guilan Province,LOC,FALSE
5000,LOC.553/MED,LOC.553.MED,#27cf7e,landslide.LOC.553.MED,"['49.3592', '37.0942']",,MED,FALSE
5000,LOC.553/FAC,LOC.553.FAC,#f0a73a,landslide.LOC.553.FAC,"['49.3592', '37.0942']",,FAC,FALSE
5000,LOC.553/DATA,LOC.553.DATA,#8579ec,landslide.LOC.553.DATA,"['49.3592', '37.0942']",,DATA,FALSE
10000,LOC.554,LOC.554,#2579e8,landslide.LOC.554,"['125.0781', '10.3270']",Guinsaugon,LOC,FALSE
5000,LOC.554/MED,LOC.554.MED,#27cf7e,landslide.LOC.554.MED,"['125.0781', '10.3270']",,MED,FALSE
5000,LOC.554/FAC,LOC.554.FAC,#f0a73a,landslide.LOC.554.FAC,"['125.0781', '10.3270']",,FAC,FALSE
5000,LOC.554/DATA,LOC.554.DATA,#8579ec,landslide.LOC.554.DATA,"['125.0781', '10.3270']",,DATA,FALSE
10000,LOC.555,LOC.555,#2579e8,landslide.LOC.555,"['117.2095', '29.4061']",Guixi,LOC,FALSE
5000,LOC.555/MED,LOC.555.MED,#27cf7e,landslide.LOC.555.MED,"['117.2095', '29.4061']",,MED,FALSE
5000,LOC.555/FAC,LOC.555.FAC,#f0a73a,landslide.LOC.555.FAC,"['117.2095', '29.4061']",,FAC,FALSE
5000,LOC.555/DATA,LOC.555.DATA,#8579ec,landslide.LOC.555.DATA,"['117.2095', '29.4061']",,DATA,FALSE
10000,LOC.556,LOC.556,#2579e8,landslide.LOC.556,"['117.2095', '29.4061']",Guixi County in eastern Jiangxi,LOC,FALSE
5000,LOC.556/MED,LOC.556.MED,#27cf7e,landslide.LOC.556.MED,"['117.2095', '29.4061']",,MED,FALSE
5000,LOC.556/FAC,LOC.556.FAC,#f0a73a,landslide.LOC.556.FAC,"['117.2095', '29.4061']",,FAC,FALSE
5000,LOC.556/DATA,LOC.556.DATA,#8579ec,landslide.LOC.556.DATA,"['117.2095', '29.4061']",,DATA,FALSE
10000,LOC.557,LOC.557,#2579e8,landslide.LOC.557,"['117.2095', '29.4061']",Guixi in northeast Jiangxi,LOC,FALSE
5000,LOC.557/MED,LOC.557.MED,#27cf7e,landslide.LOC.557.MED,"['117.2095', '29.4061']",,MED,FALSE
5000,LOC.557/FAC,LOC.557.FAC,#f0a73a,landslide.LOC.557.FAC,"['117.2095', '29.4061']",,FAC,FALSE
5000,LOC.557/DATA,LOC.557.DATA,#8579ec,landslide.LOC.557.DATA,"['117.2095', '29.4061']",,DATA,FALSE
10000,LOC.558,LOC.558,#2579e8,landslide.LOC.558,"['106.7344', '26.9028']",Guizhou,LOC,FALSE
5000,LOC.558/MED,LOC.558.MED,#27cf7e,landslide.LOC.558.MED,"['106.7344', '26.9028']",,MED,FALSE
5000,LOC.558/FAC,LOC.558.FAC,#f0a73a,landslide.LOC.558.FAC,"['106.7344', '26.9028']",,FAC,FALSE
5000,LOC.558/DATA,LOC.558.DATA,#8579ec,landslide.LOC.558.DATA,"['106.7344', '26.9028']",,DATA,FALSE
10000,LOC.559,LOC.559,#2579e8,landslide.LOC.559,"['106.7344', '26.9028']",Guizhou Province,LOC,FALSE
5000,LOC.559/MED,LOC.559.MED,#27cf7e,landslide.LOC.559.MED,"['106.7344', '26.9028']",,MED,FALSE
5000,LOC.559/FAC,LOC.559.FAC,#f0a73a,landslide.LOC.559.FAC,"['106.7344', '26.9028']",,FAC,FALSE
5000,LOC.559/DATA,LOC.559.DATA,#8579ec,landslide.LOC.559.DATA,"['106.7344', '26.9028']",,DATA,FALSE
10000,LOC.560,LOC.560,#2579e8,landslide.LOC.560,"['43.8317', '40.0691']",Gumri,LOC,FALSE
5000,LOC.560/MED,LOC.560.MED,#27cf7e,landslide.LOC.560.MED,"['43.8317', '40.0691']",,MED,FALSE
5000,LOC.560/FAC,LOC.560.FAC,#f0a73a,landslide.LOC.560.FAC,"['43.8317', '40.0691']",,FAC,FALSE
5000,LOC.560/DATA,LOC.560.DATA,#8579ec,landslide.LOC.560.DATA,"['43.8317', '40.0691']",,DATA,FALSE
10000,LOC.561,LOC.561,#2579e8,landslide.LOC.561,"['138.9986', '36.5073']",GunmaGunma prefecture,LOC,FALSE
5000,LOC.561/MED,LOC.561.MED,#27cf7e,landslide.LOC.561.MED,"['138.9986', '36.5073']",,MED,FALSE
5000,LOC.561/FAC,LOC.561.FAC,#f0a73a,landslide.LOC.561.FAC,"['138.9986', '36.5073']",,FAC,FALSE
5000,LOC.561/DATA,LOC.561.DATA,#8579ec,landslide.LOC.561.DATA,"['138.9986', '36.5073']",,DATA,FALSE
10000,LOC.562,LOC.562,#2579e8,landslide.LOC.562,"['74.0552', '33.5643']",Guoien Nullah road,LOC,FALSE
5000,LOC.562/MED,LOC.562.MED,#27cf7e,landslide.LOC.562.MED,"['74.0552', '33.5643']",,MED,FALSE
5000,LOC.562/FAC,LOC.562.FAC,#f0a73a,landslide.LOC.562.FAC,"['74.0552', '33.5643']",,FAC,FALSE
5000,LOC.562/DATA,LOC.562.DATA,#8579ec,landslide.LOC.562.DATA,"['74.0552', '33.5643']",,DATA,FALSE
10000,LOC.563,LOC.563,#2579e8,landslide.LOC.563,"['113.1910', '33.1824']",Guojiaba,LOC,FALSE
5000,LOC.563/MED,LOC.563.MED,#27cf7e,landslide.LOC.563.MED,"['113.1910', '33.1824']",,MED,FALSE
5000,LOC.563/FAC,LOC.563.FAC,#f0a73a,landslide.LOC.563.FAC,"['113.1910', '33.1824']",,FAC,FALSE
5000,LOC.563/DATA,LOC.563.DATA,#8579ec,landslide.LOC.563.DATA,"['113.1910', '33.1824']",,DATA,FALSE
10000,LOC.564,LOC.564,#2579e8,landslide.LOC.564,"['88.0606', '31.3562']",Guozigou Valley,LOC,FALSE
5000,LOC.564/MED,LOC.564.MED,#27cf7e,landslide.LOC.564.MED,"['88.0606', '31.3562']",,MED,FALSE
5000,LOC.564/FAC,LOC.564.FAC,#f0a73a,landslide.LOC.564.FAC,"['88.0606', '31.3562']",,FAC,FALSE
5000,LOC.564/DATA,LOC.564.DATA,#8579ec,landslide.LOC.564.DATA,"['88.0606', '31.3562']",,DATA,FALSE
10000,LOC.565,LOC.565,#2579e8,landslide.LOC.565,"['77.1025', '32.0842']",H.P.,LOC,FALSE
5000,LOC.565/MED,LOC.565.MED,#27cf7e,landslide.LOC.565.MED,"['77.1025', '32.0842']",,MED,FALSE
5000,LOC.565/FAC,LOC.565.FAC,#f0a73a,landslide.LOC.565.FAC,"['77.1025', '32.0842']",,FAC,FALSE
5000,LOC.565/DATA,LOC.565.DATA,#8579ec,landslide.LOC.565.DATA,"['77.1025', '32.0842']",,DATA,FALSE
10000,LOC.566,LOC.566,#2579e8,landslide.LOC.566,"['105.0231', '22.8338']",Ha Giang city,LOC,FALSE
5000,LOC.566/MED,LOC.566.MED,#27cf7e,landslide.LOC.566.MED,"['105.0231', '22.8338']",,MED,FALSE
5000,LOC.566/FAC,LOC.566.FAC,#f0a73a,landslide.LOC.566.FAC,"['105.0231', '22.8338']",,FAC,FALSE
5000,LOC.566/DATA,LOC.566.DATA,#8579ec,landslide.LOC.566.DATA,"['105.0231', '22.8338']",,DATA,FALSE
10000,LOC.567,LOC.567,#2579e8,landslide.LOC.567,"['105.0231', '22.8338']",Ha Giang province,LOC,FALSE
5000,LOC.567/MED,LOC.567.MED,#27cf7e,landslide.LOC.567.MED,"['105.0231', '22.8338']",,MED,FALSE
5000,LOC.567/FAC,LOC.567.FAC,#f0a73a,landslide.LOC.567.FAC,"['105.0231', '22.8338']",,FAC,FALSE
5000,LOC.567/DATA,LOC.567.DATA,#8579ec,landslide.LOC.567.DATA,"['105.0231', '22.8338']",,DATA,FALSE
10000,LOC.568,LOC.568,#2579e8,landslide.LOC.568,"['107.0804', '20.9101']",Ha Long city,LOC,FALSE
5000,LOC.568/MED,LOC.568.MED,#27cf7e,landslide.LOC.568.MED,"['107.0804', '20.9101']",,MED,FALSE
5000,LOC.568/FAC,LOC.568.FAC,#f0a73a,landslide.LOC.568.FAC,"['107.0804', '20.9101']",,FAC,FALSE
5000,LOC.568/DATA,LOC.568.DATA,#8579ec,landslide.LOC.568.DATA,"['107.0804', '20.9101']",,DATA,FALSE
10000,LOC.569,LOC.569,#2579e8,landslide.LOC.569,"['85.3952', '23.9314']",Haila town,LOC,FALSE
5000,LOC.569/MED,LOC.569.MED,#27cf7e,landslide.LOC.569.MED,"['85.3952', '23.9314']",,MED,FALSE
5000,LOC.569/FAC,LOC.569.FAC,#f0a73a,landslide.LOC.569.FAC,"['85.3952', '23.9314']",,FAC,FALSE
5000,LOC.569/DATA,LOC.569.DATA,#8579ec,landslide.LOC.569.DATA,"['85.3952', '23.9314']",,DATA,FALSE
10000,LOC.570,LOC.570,#2579e8,landslide.LOC.570,"['106.7905', '33.9739']",Haizhou open - pit coal mine,LOC,FALSE
5000,LOC.570/MED,LOC.570.MED,#27cf7e,landslide.LOC.570.MED,"['106.7905', '33.9739']",,MED,FALSE
5000,LOC.570/FAC,LOC.570.FAC,#f0a73a,landslide.LOC.570.FAC,"['106.7905', '33.9739']",,FAC,FALSE
5000,LOC.570/DATA,LOC.570.DATA,#8579ec,landslide.LOC.570.DATA,"['106.7905', '33.9739']",,DATA,FALSE
10000,LOC.571,LOC.571,#2579e8,landslide.LOC.571,"['48.5100', '34.7987']",Hamadan Province,LOC,FALSE
5000,LOC.571/MED,LOC.571.MED,#27cf7e,landslide.LOC.571.MED,"['48.5100', '34.7987']",,MED,FALSE
5000,LOC.571/FAC,LOC.571.FAC,#f0a73a,landslide.LOC.571.FAC,"['48.5100', '34.7987']",,FAC,FALSE
5000,LOC.571/DATA,LOC.571.DATA,#8579ec,landslide.LOC.571.DATA,"['48.5100', '34.7987']",,DATA,FALSE
10000,LOC.572,LOC.572,#2579e8,landslide.LOC.572,"['18.7439', '48.7647']",Handlova,LOC,FALSE
5000,LOC.572/MED,LOC.572.MED,#27cf7e,landslide.LOC.572.MED,"['18.7439', '48.7647']",,MED,FALSE
5000,LOC.572/FAC,LOC.572.FAC,#f0a73a,landslide.LOC.572.FAC,"['18.7439', '48.7647']",,FAC,FALSE
5000,LOC.572/DATA,LOC.572.DATA,#8579ec,landslide.LOC.572.DATA,"['18.7439', '48.7647']",,DATA,FALSE
10000,LOC.573,LOC.573,#2579e8,landslide.LOC.573,"['102.6054', '31.8867']",Hanyuan County,LOC,FALSE
5000,LOC.573/MED,LOC.573.MED,#27cf7e,landslide.LOC.573.MED,"['102.6054', '31.8867']",,MED,FALSE
5000,LOC.573/FAC,LOC.573.FAC,#f0a73a,landslide.LOC.573.FAC,"['102.6054', '31.8867']",,FAC,FALSE
5000,LOC.573/DATA,LOC.573.DATA,#8579ec,landslide.LOC.573.DATA,"['102.6054', '31.8867']",,DATA,FALSE
10000,LOC.574,LOC.574,#2579e8,landslide.LOC.574,"['107.0327', '33.0779']",Hanzhong City,LOC,FALSE
5000,LOC.574/MED,LOC.574.MED,#27cf7e,landslide.LOC.574.MED,"['107.0327', '33.0779']",,MED,FALSE
5000,LOC.574/FAC,LOC.574.FAC,#f0a73a,landslide.LOC.574.FAC,"['107.0327', '33.0779']",,FAC,FALSE
5000,LOC.574/DATA,LOC.574.DATA,#8579ec,landslide.LOC.574.DATA,"['107.0327', '33.0779']",,DATA,FALSE
10000,LOC.575,LOC.575,#2579e8,landslide.LOC.575,"['51.6834', '36.0773']",Haraz watershed,LOC,FALSE
5000,LOC.575/MED,LOC.575.MED,#27cf7e,landslide.LOC.575.MED,"['51.6834', '36.0773']",,MED,FALSE
5000,LOC.575/FAC,LOC.575.FAC,#f0a73a,landslide.LOC.575.FAC,"['51.6834', '36.0773']",,FAC,FALSE
5000,LOC.575/DATA,LOC.575.DATA,#8579ec,landslide.LOC.575.DATA,"['51.6834', '36.0773']",,DATA,FALSE
10000,LOC.576,LOC.576,#2579e8,landslide.LOC.576,"['45.5592', '37.4773']",Hashtchin,LOC,FALSE
5000,LOC.576/MED,LOC.576.MED,#27cf7e,landslide.LOC.576.MED,"['45.5592', '37.4773']",,MED,FALSE
5000,LOC.576/FAC,LOC.576.FAC,#f0a73a,landslide.LOC.576.FAC,"['45.5592', '37.4773']",,FAC,FALSE
5000,LOC.576/DATA,LOC.576.DATA,#8579ec,landslide.LOC.576.DATA,"['45.5592', '37.4773']",,DATA,FALSE
10000,LOC.577,LOC.577,#2579e8,landslide.LOC.577,"['75.3000', '34.0000']",Hazara,LOC,FALSE
5000,LOC.577/MED,LOC.577.MED,#27cf7e,landslide.LOC.577.MED,"['75.3000', '34.0000']",,MED,FALSE
5000,LOC.577/FAC,LOC.577.FAC,#f0a73a,landslide.LOC.577.FAC,"['75.3000', '34.0000']",,FAC,FALSE
5000,LOC.577/DATA,LOC.577.DATA,#8579ec,landslide.LOC.577.DATA,"['75.3000', '34.0000']",,DATA,FALSE
10000,LOC.578,LOC.578,#2579e8,landslide.LOC.578,"['76.8533', '9.9312']",headwater region of Manimala river basin in the Western Ghats of Kerala,LOC,FALSE
5000,LOC.578/MED,LOC.578.MED,#27cf7e,landslide.LOC.578.MED,"['76.8533', '9.9312']",,MED,FALSE
5000,LOC.578/FAC,LOC.578.FAC,#f0a73a,landslide.LOC.578.FAC,"['76.8533', '9.9312']",,FAC,FALSE
5000,LOC.578/DATA,LOC.578.DATA,#8579ec,landslide.LOC.578.DATA,"['76.8533', '9.9312']",,DATA,FALSE
10000,LOC.579,LOC.579,#2579e8,landslide.LOC.579,"['118.8386', '28.9738']",Heba Expressway,LOC,FALSE
5000,LOC.579/MED,LOC.579.MED,#27cf7e,landslide.LOC.579.MED,"['118.8386', '28.9738']",,MED,FALSE
5000,LOC.579/FAC,LOC.579.FAC,#f0a73a,landslide.LOC.579.FAC,"['118.8386', '28.9738']",,FAC,FALSE
5000,LOC.579/DATA,LOC.579.DATA,#8579ec,landslide.LOC.579.DATA,"['118.8386', '28.9738']",,DATA,FALSE
10000,LOC.580,LOC.580,#2579e8,landslide.LOC.580,"['115.4378', '38.2701']",HeBei section of Jing Cheng highway,LOC,FALSE
5000,LOC.580/MED,LOC.580.MED,#27cf7e,landslide.LOC.580.MED,"['115.4378', '38.2701']",,MED,FALSE
5000,LOC.580/FAC,LOC.580.FAC,#f0a73a,landslide.LOC.580.FAC,"['115.4378', '38.2701']",,FAC,FALSE
5000,LOC.580/DATA,LOC.580.DATA,#8579ec,landslide.LOC.580.DATA,"['115.4378', '38.2701']",,DATA,FALSE
10000,LOC.581,LOC.581,#2579e8,landslide.LOC.581,"['105.9023', '29.9334']",Hechuan District in Chongqing,LOC,FALSE
5000,LOC.581/MED,LOC.581.MED,#27cf7e,landslide.LOC.581.MED,"['105.9023', '29.9334']",,MED,FALSE
5000,LOC.581/FAC,LOC.581.FAC,#f0a73a,landslide.LOC.581.FAC,"['105.9023', '29.9334']",,FAC,FALSE
5000,LOC.581/DATA,LOC.581.DATA,#8579ec,landslide.LOC.581.DATA,"['105.9023', '29.9334']",,DATA,FALSE
10000,LOC.582,LOC.582,#2579e8,landslide.LOC.582,"['126.6333', '45.7500']",Heilongjiang province,LOC,FALSE
5000,LOC.582/MED,LOC.582.MED,#27cf7e,landslide.LOC.582.MED,"['126.6333', '45.7500']",,MED,FALSE
5000,LOC.582/FAC,LOC.582.FAC,#f0a73a,landslide.LOC.582.FAC,"['126.6333', '45.7500']",,FAC,FALSE
5000,LOC.582/DATA,LOC.582.DATA,#8579ec,landslide.LOC.582.DATA,"['126.6333', '45.7500']",,DATA,FALSE
10000,LOC.583,LOC.583,#2579e8,landslide.LOC.583,"['129.4192', '42.5331']",Helong city,LOC,FALSE
5000,LOC.583/MED,LOC.583.MED,#27cf7e,landslide.LOC.583.MED,"['129.4192', '42.5331']",,MED,FALSE
5000,LOC.583/FAC,LOC.583.FAC,#f0a73a,landslide.LOC.583.FAC,"['129.4192', '42.5331']",,FAC,FALSE
5000,LOC.583/DATA,LOC.583.DATA,#8579ec,landslide.LOC.583.DATA,"['129.4192', '42.5331']",,DATA,FALSE
10000,LOC.584,LOC.584,#2579e8,landslide.LOC.584,"['113.5317', '33.8820']",Henan,LOC,FALSE
5000,LOC.584/MED,LOC.584.MED,#27cf7e,landslide.LOC.584.MED,"['113.5317', '33.8820']",,MED,FALSE
5000,LOC.584/FAC,LOC.584.FAC,#f0a73a,landslide.LOC.584.FAC,"['113.5317', '33.8820']",,FAC,FALSE
5000,LOC.584/DATA,LOC.584.DATA,#8579ec,landslide.LOC.584.DATA,"['113.5317', '33.8820']",,DATA,FALSE
10000,LOC.585,LOC.585,#2579e8,landslide.LOC.585,"['100.5882', '27.5919']",Hengduan Mountain Region in southwest China,LOC,FALSE
5000,LOC.585/MED,LOC.585.MED,#27cf7e,landslide.LOC.585.MED,"['100.5882', '27.5919']",,MED,FALSE
5000,LOC.585/FAC,LOC.585.FAC,#f0a73a,landslide.LOC.585.FAC,"['100.5882', '27.5919']",,FAC,FALSE
5000,LOC.585/DATA,LOC.585.DATA,#8579ec,landslide.LOC.585.DATA,"['100.5882', '27.5919']",,DATA,FALSE
10000,LOC.586,LOC.586,#2579e8,landslide.LOC.586,"['100.4892', '28.0081']",Hengduan Mountains,LOC,FALSE
5000,LOC.586/MED,LOC.586.MED,#27cf7e,landslide.LOC.586.MED,"['100.4892', '28.0081']",,MED,FALSE
5000,LOC.586/FAC,LOC.586.FAC,#f0a73a,landslide.LOC.586.FAC,"['100.4892', '28.0081']",,FAC,FALSE
5000,LOC.586/DATA,LOC.586.DATA,#8579ec,landslide.LOC.586.DATA,"['100.4892', '28.0081']",,DATA,FALSE
10000,LOC.587,LOC.587,#2579e8,landslide.LOC.587,"['99.9167', '18.9184']",high - slope mountain roads in the upper northern region of Thailand,LOC,FALSE
5000,LOC.587/MED,LOC.587.MED,#27cf7e,landslide.LOC.587.MED,"['99.9167', '18.9184']",,MED,FALSE
5000,LOC.587/FAC,LOC.587.FAC,#f0a73a,landslide.LOC.587.FAC,"['99.9167', '18.9184']",,FAC,FALSE
5000,LOC.587/DATA,LOC.587.DATA,#8579ec,landslide.LOC.587.DATA,"['99.9167', '18.9184']",,DATA,FALSE
10000,LOC.588,LOC.588,#2579e8,landslide.LOC.588,"['7.7552', '31.5157']",High Atlas Mountains,LOC,FALSE
5000,LOC.588/MED,LOC.588.MED,#27cf7e,landslide.LOC.588.MED,"['7.7552', '31.5157']",,MED,FALSE
5000,LOC.588/FAC,LOC.588.FAC,#f0a73a,landslide.LOC.588.FAC,"['7.7552', '31.5157']",,FAC,FALSE
5000,LOC.588/DATA,LOC.588.DATA,#8579ec,landslide.LOC.588.DATA,"['7.7552', '31.5157']",,DATA,FALSE
10000,LOC.589,LOC.589,#2579e8,landslide.LOC.589,"['136.4859', '36.4100']",high snowfall area in central Japan,LOC,FALSE
5000,LOC.589/MED,LOC.589.MED,#27cf7e,landslide.LOC.589.MED,"['136.4859', '36.4100']",,MED,FALSE
5000,LOC.589/FAC,LOC.589.FAC,#f0a73a,landslide.LOC.589.FAC,"['136.4859', '36.4100']",,FAC,FALSE
5000,LOC.589/DATA,LOC.589.DATA,#8579ec,landslide.LOC.589.DATA,"['136.4859', '36.4100']",,DATA,FALSE
10000,LOC.590,LOC.590,#2579e8,landslide.LOC.590,"['19.0290', '19.0236']",highest mountain in Mexico,LOC,FALSE
5000,LOC.590/MED,LOC.590.MED,#27cf7e,landslide.LOC.590.MED,"['19.0290', '19.0236']",,MED,FALSE
5000,LOC.590/FAC,LOC.590.FAC,#f0a73a,landslide.LOC.590.FAC,"['19.0290', '19.0236']",,FAC,FALSE
5000,LOC.590/DATA,LOC.590.DATA,#8579ec,landslide.LOC.590.DATA,"['19.0290', '19.0236']",,DATA,FALSE
10000,LOC.591,LOC.591,#2579e8,landslide.LOC.591,"['17.6994', '3.8480']",highland areas of Africa,LOC,FALSE
5000,LOC.591/MED,LOC.591.MED,#27cf7e,landslide.LOC.591.MED,"['17.6994', '3.8480']",,MED,FALSE
5000,LOC.591/FAC,LOC.591.FAC,#f0a73a,landslide.LOC.591.FAC,"['17.6994', '3.8480']",,FAC,FALSE
5000,LOC.591/DATA,LOC.591.DATA,#8579ec,landslide.LOC.591.DATA,"['17.6994', '3.8480']",,DATA,FALSE
10000,LOC.592,LOC.592,#2579e8,landslide.LOC.592,"['77.0000', '12.0000']",highland region of the western slopes of the southern WG,LOC,FALSE
5000,LOC.592/MED,LOC.592.MED,#27cf7e,landslide.LOC.592.MED,"['77.0000', '12.0000']",,MED,FALSE
5000,LOC.592/FAC,LOC.592.FAC,#f0a73a,landslide.LOC.592.FAC,"['77.0000', '12.0000']",,FAC,FALSE
5000,LOC.592/DATA,LOC.592.DATA,#8579ec,landslide.LOC.592.DATA,"['77.0000', '12.0000']",,DATA,FALSE
10000,LOC.593,LOC.593,#2579e8,landslide.LOC.593,"['91.8108', '22.3475']",highly urbanized hilly areas in Chittagong Metropolitan,LOC,FALSE
5000,LOC.593/MED,LOC.593.MED,#27cf7e,landslide.LOC.593.MED,"['91.8108', '22.3475']",,MED,FALSE
5000,LOC.593/FAC,LOC.593.FAC,#f0a73a,landslide.LOC.593.FAC,"['91.8108', '22.3475']",,FAC,FALSE
5000,LOC.593/DATA,LOC.593.DATA,#8579ec,landslide.LOC.593.DATA,"['91.8108', '22.3475']",,DATA,FALSE
10000,LOC.594,LOC.594,#2579e8,landslide.LOC.594,"['96.5278', '39.7441']",highway G30 in the Guozigou Valley,LOC,FALSE
5000,LOC.594/MED,LOC.594.MED,#27cf7e,landslide.LOC.594.MED,"['96.5278', '39.7441']",,MED,FALSE
5000,LOC.594/FAC,LOC.594.FAC,#f0a73a,landslide.LOC.594.FAC,"['96.5278', '39.7441']",,FAC,FALSE
5000,LOC.594/DATA,LOC.594.DATA,#8579ec,landslide.LOC.594.DATA,"['96.5278', '39.7441']",,DATA,FALSE
10000,LOC.595,LOC.595,#2579e8,landslide.LOC.595,"['6.6094', '36.3650']",highway road section in Constantine,LOC,FALSE
5000,LOC.595/MED,LOC.595.MED,#27cf7e,landslide.LOC.595.MED,"['6.6094', '36.3650']",,MED,FALSE
5000,LOC.595/FAC,LOC.595.FAC,#f0a73a,landslide.LOC.595.FAC,"['6.6094', '36.3650']",,FAC,FALSE
5000,LOC.595/DATA,LOC.595.DATA,#8579ec,landslide.LOC.595.DATA,"['6.6094', '36.3650']",,DATA,FALSE
10000,LOC.596,LOC.596,#2579e8,landslide.LOC.596,"['120.9543', '23.6978']",highway section in Taiwan,LOC,FALSE
5000,LOC.596/MED,LOC.596.MED,#27cf7e,landslide.LOC.596.MED,"['120.9543', '23.6978']",,MED,FALSE
5000,LOC.596/FAC,LOC.596.FAC,#f0a73a,landslide.LOC.596.FAC,"['120.9543', '23.6978']",,FAC,FALSE
5000,LOC.596/DATA,LOC.596.DATA,#8579ec,landslide.LOC.596.DATA,"['120.9543', '23.6978']",,DATA,FALSE
10000,LOC.597,LOC.597,#2579e8,landslide.LOC.597,"['118.0', '31.5']",Highways along the south bank of the Yangtze River,LOC,FALSE
5000,LOC.597/MED,LOC.597.MED,#27cf7e,landslide.LOC.597.MED,"['118.0', '31.5']",,MED,FALSE
5000,LOC.597/FAC,LOC.597.FAC,#f0a73a,landslide.LOC.597.FAC,"['118.0', '31.5']",,FAC,FALSE
5000,LOC.597/DATA,LOC.597.DATA,#8579ec,landslide.LOC.597.DATA,"['118.0', '31.5']",,DATA,FALSE
10000,LOC.598,LOC.598,#2579e8,landslide.LOC.598,"['125.0', '7.0']",Highways in Mindanao,LOC,FALSE
5000,LOC.598/MED,LOC.598.MED,#27cf7e,landslide.LOC.598.MED,"['125.0', '7.0']",,MED,FALSE
5000,LOC.598/FAC,LOC.598.FAC,#f0a73a,landslide.LOC.598.FAC,"['125.0', '7.0']",,FAC,FALSE
5000,LOC.598/DATA,LOC.598.DATA,#8579ec,landslide.LOC.598.DATA,"['125.0', '7.0']",,DATA,FALSE
10000,LOC.599,LOC.599,#2579e8,landslide.LOC.599,"['79.0', '29.0']",Hill and mountain ranges of India,LOC,FALSE
5000,LOC.599/MED,LOC.599.MED,#27cf7e,landslide.LOC.599.MED,"['79.0', '29.0']",,MED,FALSE
5000,LOC.599/FAC,LOC.599.FAC,#f0a73a,landslide.LOC.599.FAC,"['79.0', '29.0']",,FAC,FALSE
5000,LOC.599/DATA,LOC.599.DATA,#8579ec,landslide.LOC.599.DATA,"['79.0', '29.0']",,DATA,FALSE
10000,LOC.600,LOC.600,#2579e8,landslide.LOC.600,"['77.0', '11.0']",Hill town in Tamilnadu,LOC,FALSE
5000,LOC.600/MED,LOC.600.MED,#27cf7e,landslide.LOC.600.MED,"['77.0', '11.0']",,MED,FALSE
5000,LOC.600/FAC,LOC.600.FAC,#f0a73a,landslide.LOC.600.FAC,"['77.0', '11.0']",,FAC,FALSE
5000,LOC.600/DATA,LOC.600.DATA,#8579ec,landslide.LOC.600.DATA,"['77.0', '11.0']",,DATA,FALSE
10000,LOC.601,LOC.601,#2579e8,landslide.LOC.601,"['111.0', '34.0']",Hillsides of the area Elga coal field,LOC,FALSE
5000,LOC.601/MED,LOC.601.MED,#27cf7e,landslide.LOC.601.MED,"['111.0', '34.0']",,MED,FALSE
5000,LOC.601/FAC,LOC.601.FAC,#f0a73a,landslide.LOC.601.FAC,"['111.0', '34.0']",,FAC,FALSE
5000,LOC.601/DATA,LOC.601.DATA,#8579ec,landslide.LOC.601.DATA,"['111.0', '34.0']",,DATA,FALSE
10000,LOC.602,LOC.602,#2579e8,landslide.LOC.602,"['13.0', '42.0']",Hilly-coastal test-area in Adriatic Central Italy,LOC,FALSE
5000,LOC.602/MED,LOC.602.MED,#27cf7e,landslide.LOC.602.MED,"['13.0', '42.0']",,MED,FALSE
5000,LOC.602/FAC,LOC.602.FAC,#f0a73a,landslide.LOC.602.FAC,"['13.0', '42.0']",,FAC,FALSE
5000,LOC.602/DATA,LOC.602.DATA,#8579ec,landslide.LOC.602.DATA,"['13.0', '42.0']",,DATA,FALSE
10000,LOC.603,LOC.603,#2579e8,landslide.LOC.603,"['11.0', '44.0']",Hilly and mountainous region in the northern Apennines,LOC,FALSE
5000,LOC.603/MED,LOC.603.MED,#27cf7e,landslide.LOC.603.MED,"['11.0', '44.0']",,MED,FALSE
5000,LOC.603/FAC,LOC.603.FAC,#f0a73a,landslide.LOC.603.FAC,"['11.0', '44.0']",,FAC,FALSE
5000,LOC.603/DATA,LOC.603.DATA,#8579ec,landslide.LOC.603.DATA,"['11.0', '44.0']",,DATA,FALSE
10000,LOC.604,LOC.604,#2579e8,landslide.LOC.604,"['104.0', '30.5']",Hilly area in Sichuan province,LOC,FALSE
5000,LOC.604/MED,LOC.604.MED,#27cf7e,landslide.LOC.604.MED,"['104.0', '30.5']",,MED,FALSE
5000,LOC.604/FAC,LOC.604.FAC,#f0a73a,landslide.LOC.604.FAC,"['104.0', '30.5']",,FAC,FALSE
5000,LOC.604/DATA,LOC.604.DATA,#8579ec,landslide.LOC.604.DATA,"['104.0', '30.5']",,DATA,FALSE
10000,LOC.605,LOC.605,#2579e8,landslide.LOC.605,"['25.0', '45.0']",Hilly area in the Subcarpathian sector of the Prahova Valley,LOC,FALSE
5000,LOC.605/MED,LOC.605.MED,#27cf7e,landslide.LOC.605.MED,"['25.0', '45.0']",,MED,FALSE
5000,LOC.605/FAC,LOC.605.FAC,#f0a73a,landslide.LOC.605.FAC,"['25.0', '45.0']",,FAC,FALSE
5000,LOC.605/DATA,LOC.605.DATA,#8579ec,landslide.LOC.605.DATA,"['25.0', '45.0']",,DATA,FALSE
10000,LOC.606,LOC.606,#2579e8,landslide.LOC.606,"['11.0', '49.0']",Hilly region in Northern Bavaria,LOC,FALSE
5000,LOC.606/MED,LOC.606.MED,#27cf7e,landslide.LOC.606.MED,"['11.0', '49.0']",,MED,FALSE
5000,LOC.606/FAC,LOC.606.FAC,#f0a73a,landslide.LOC.606.FAC,"['11.0', '49.0']",,FAC,FALSE
5000,LOC.606/DATA,LOC.606.DATA,#8579ec,landslide.LOC.606.DATA,"['11.0', '49.0']",,DATA,FALSE
10000,LOC.607,LOC.607,#2579e8,landslide.LOC.607,"['127.0', '37.0']",Hilly region of South Korea,LOC,FALSE
5000,LOC.607/MED,LOC.607.MED,#27cf7e,landslide.LOC.607.MED,"['127.0', '37.0']",,MED,FALSE
5000,LOC.607/FAC,LOC.607.FAC,#f0a73a,landslide.LOC.607.FAC,"['127.0', '37.0']",,FAC,FALSE
5000,LOC.607/DATA,LOC.607.DATA,#8579ec,landslide.LOC.607.DATA,"['127.0', '37.0']",,DATA,FALSE
10000,LOC.608,LOC.608,#2579e8,landslide.LOC.608,"['78.5', '22.0']",Hilly regions of India,LOC,FALSE
5000,LOC.608/MED,LOC.608.MED,#27cf7e,landslide.LOC.608.MED,"['78.5', '22.0']",,MED,FALSE
5000,LOC.608/FAC,LOC.608.FAC,#f0a73a,landslide.LOC.608.FAC,"['78.5', '22.0']",,FAC,FALSE
5000,LOC.608/DATA,LOC.608.DATA,#8579ec,landslide.LOC.608.DATA,"['78.5', '22.0']",,DATA,FALSE
10000,LOC.609,LOC.609,#2579e8,landslide.LOC.609,"['78.2', '30.5']",Hilly regions of Uttarakhand,LOC,FALSE
5000,LOC.609/MED,LOC.609.MED,#27cf7e,landslide.LOC.609.MED,"['78.2', '30.5']",,MED,FALSE
5000,LOC.609/FAC,LOC.609.FAC,#f0a73a,landslide.LOC.609.FAC,"['78.2', '30.5']",,FAC,FALSE
5000,LOC.609/DATA,LOC.609.DATA,#8579ec,landslide.LOC.609.DATA,"['78.2', '30.5']",,DATA,FALSE
10000,LOC.610,LOC.610,#2579e8,landslide.LOC.610,"['77.0', '30.0']",Hilly state in the Himalayas,LOC,FALSE
5000,LOC.610/MED,LOC.610.MED,#27cf7e,landslide.LOC.610.MED,"['77.0', '30.0']",,MED,FALSE
5000,LOC.610/FAC,LOC.610.FAC,#f0a73a,landslide.LOC.610.FAC,"['77.0', '30.0']",,FAC,FALSE
5000,LOC.610/DATA,LOC.610.DATA,#8579ec,landslide.LOC.610.DATA,"['77.0', '30.0']",,DATA,FALSE
10000,LOC.611,LOC.611,#2579e8,landslide.LOC.611,"['77.5', '32.0']",Himachal Pradesh state,LOC,FALSE
5000,LOC.611/MED,LOC.611.MED,#27cf7e,landslide.LOC.611.MED,"['77.5', '32.0']",,MED,FALSE
5000,LOC.611/FAC,LOC.611.FAC,#f0a73a,landslide.LOC.611.FAC,"['77.5', '32.0']",,FAC,FALSE
5000,LOC.611/DATA,LOC.611.DATA,#8579ec,landslide.LOC.611.DATA,"['77.5', '32.0']",,DATA,FALSE
10000,LOC.612,LOC.612,#2579e8,landslide.LOC.612,"['82.9116', '31.8393']",Himalaya,LOC,FALSE
5000,LOC.612/MED,LOC.612.MED,#27cf7e,landslide.LOC.612.MED,"['82.9116', '31.8393']",,MED,FALSE
5000,LOC.612/FAC,LOC.612.FAC,#f0a73a,landslide.LOC.612.FAC,"['82.9116', '31.8393']",,FAC,FALSE
5000,LOC.612/DATA,LOC.612.DATA,#8579ec,landslide.LOC.612.DATA,"['82.9116', '31.8393']",,DATA,FALSE
10000,LOC.613,LOC.613,#2579e8,landslide.LOC.613,"['74.5', '35.0']",Himalaya mountainous region of northern Pakistan,LOC,FALSE
5000,LOC.613/MED,LOC.613.MED,#27cf7e,landslide.LOC.613.MED,"['74.5', '35.0']",,MED,FALSE
5000,LOC.613/FAC,LOC.613.FAC,#f0a73a,landslide.LOC.613.FAC,"['74.5', '35.0']",,FAC,FALSE
5000,LOC.613/DATA,LOC.613.DATA,#8579ec,landslide.LOC.613.DATA,"['74.5', '35.0']",,DATA,FALSE
10000,LOC.614,LOC.614,#2579e8,landslide.LOC.614,"['85.0', '28.5']",Himalayan,LOC,FALSE
5000,LOC.614/MED,LOC.614.MED,#27cf7e,landslide.LOC.614.MED,"['85.0', '28.5']",,MED,FALSE
5000,LOC.614/FAC,LOC.614.FAC,#f0a73a,landslide.LOC.614.FAC,"['85.0', '28.5']",,FAC,FALSE
5000,LOC.614/DATA,LOC.614.DATA,#8579ec,landslide.LOC.614.DATA,"['85.0', '28.5']",,DATA,FALSE
10000,LOC.615,LOC.615,#2579e8,landslide.LOC.615,"['86.0', '28.0']",Himalayan belt,LOC,FALSE
5000,LOC.615/MED,LOC.615.MED,#27cf7e,landslide.LOC.615.MED,"['86.0', '28.0']",,MED,FALSE
5000,LOC.615/FAC,LOC.615.FAC,#f0a73a,landslide.LOC.615.FAC,"['86.0', '28.0']",,FAC,FALSE
5000,LOC.615/DATA,LOC.615.DATA,#8579ec,landslide.LOC.615.DATA,"['86.0', '28.0']",,DATA,FALSE
10000,LOC.616,LOC.616,#2579e8,landslide.LOC.616,"['78.3', '27.3']",Himalayan city,LOC,FALSE
5000,LOC.616/MED,LOC.616.MED,#27cf7e,landslide.LOC.616.MED,"['78.3', '27.3']",,MED,FALSE
5000,LOC.616/FAC,LOC.616.FAC,#f0a73a,landslide.LOC.616.FAC,"['78.3', '27.3']",,FAC,FALSE
5000,LOC.616/DATA,LOC.616.DATA,#8579ec,landslide.LOC.616.DATA,"['78.3', '27.3']",,DATA,FALSE
10000,LOC.617,LOC.617,#2579e8,landslide.LOC.617,"['85.0', '28.5']",Himalayan mountainous ranges,LOC,FALSE
5000,LOC.617/MED,LOC.617.MED,#27cf7e,landslide.LOC.617.MED,"['85.0', '28.5']",,MED,FALSE
5000,LOC.617/FAC,LOC.617.FAC,#f0a73a,landslide.LOC.617.FAC,"['85.0', '28.5']",,FAC,FALSE
5000,LOC.617/DATA,LOC.617.DATA,#8579ec,landslide.LOC.617.DATA,"['85.0', '28.5']",,DATA,FALSE
10000,LOC.618,LOC.618,#2579e8,landslide.LOC.618,"['77.5', '32.5']",Himalayan mountainous terrains of India,LOC,FALSE
5000,LOC.618/MED,LOC.618.MED,#27cf7e,landslide.LOC.618.MED,"['77.5', '32.5']",,MED,FALSE
5000,LOC.618/FAC,LOC.618.FAC,#f0a73a,landslide.LOC.618.FAC,"['77.5', '32.5']",,FAC,FALSE
5000,LOC.618/DATA,LOC.618.DATA,#8579ec,landslide.LOC.618.DATA,"['77.5', '32.5']",,DATA,FALSE
10000,LOC.619,LOC.619,#2579e8,landslide.LOC.619,"['74.5', '35.0']",Himalayan mountains in northern Pakistan,LOC,FALSE
5000,LOC.619/MED,LOC.619.MED,#27cf7e,landslide.LOC.619.MED,"['74.5', '35.0']",,MED,FALSE
5000,LOC.619/FAC,LOC.619.FAC,#f0a73a,landslide.LOC.619.FAC,"['74.5', '35.0']",,FAC,FALSE
5000,LOC.619/DATA,LOC.619.DATA,#8579ec,landslide.LOC.619.DATA,"['74.5', '35.0']",,DATA,FALSE
10000,LOC.620,LOC.620,#2579e8,landslide.LOC.620,"['85.0', '28.5']",Himalayan range,LOC,FALSE
5000,LOC.620/MED,LOC.620.MED,#27cf7e,landslide.LOC.620.MED,"['85.0', '28.5']",,MED,FALSE
5000,LOC.620/FAC,LOC.620.FAC,#f0a73a,landslide.LOC.620.FAC,"['85.0', '28.5']",,FAC,FALSE
5000,LOC.620/DATA,LOC.620.DATA,#8579ec,landslide.LOC.620.DATA,"['85.0', '28.5']",,DATA,FALSE
10000,LOC.621,LOC.621,#2579e8,landslide.LOC.621,"['85.0', '28.5']",Himalayan terrain,LOC,FALSE
5000,LOC.621/MED,LOC.621.MED,#27cf7e,landslide.LOC.621.MED,"['85.0', '28.5']",,MED,FALSE
5000,LOC.621/FAC,LOC.621.FAC,#f0a73a,landslide.LOC.621.FAC,"['85.0', '28.5']",,FAC,FALSE
5000,LOC.621/DATA,LOC.621.DATA,#8579ec,landslide.LOC.621.DATA,"['85.0', '28.5']",,DATA,FALSE
10000,LOC.622,LOC.622,#2579e8,landslide.LOC.622,"['85.0', '28.5']",Himalayan territory,LOC,FALSE
5000,LOC.622/MED,LOC.622.MED,#27cf7e,landslide.LOC.622.MED,"['85.0', '28.5']",,MED,FALSE
5000,LOC.622/FAC,LOC.622.FAC,#f0a73a,landslide.LOC.622.FAC,"['85.0', '28.5']",,FAC,FALSE
5000,LOC.622/DATA,LOC.622.DATA,#8579ec,landslide.LOC.622.DATA,"['85.0', '28.5']",,DATA,FALSE
10000,LOC.623,LOC.623,#2579e8,landslide.LOC.623,"['85.0', '27.0']",Himalayas,LOC,FALSE
5000,LOC.623/MED,LOC.623.MED,#27cf7e,landslide.LOC.623.MED,"['85.0', '27.0']",,MED,FALSE
5000,LOC.623/FAC,LOC.623.FAC,#f0a73a,landslide.LOC.623.FAC,"['85.0', '27.0']",,FAC,FALSE
5000,LOC.623/DATA,LOC.623.DATA,#8579ec,landslide.LOC.623.DATA,"['85.0', '27.0']",,DATA,FALSE
10000,LOC.624,LOC.624,#2579e8,landslide.LOC.624,"['85.0', '28.5']",Himalayas and South Asia,LOC,FALSE
5000,LOC.624/MED,LOC.624.MED,#27cf7e,landslide.LOC.624.MED,"['85.0', '28.5']",,MED,FALSE
5000,LOC.624/FAC,LOC.624.FAC,#f0a73a,landslide.LOC.624.FAC,"['85.0', '28.5']",,FAC,FALSE
5000,LOC.624/DATA,LOC.624.DATA,#8579ec,landslide.LOC.624.DATA,"['85.0', '28.5']",,DATA,FALSE
10000,LOC.625,LOC.625,#2579e8,landslide.LOC.625,"['71.5', '36.5']",Hindukush mountain ranges of northern Pakistan,LOC,FALSE
5000,LOC.625/MED,LOC.625.MED,#27cf7e,landslide.LOC.625.MED,"['71.5', '36.5']",,MED,FALSE
5000,LOC.625/FAC,LOC.625.FAC,#f0a73a,landslide.LOC.625.FAC,"['71.5', '36.5']",,FAC,FALSE
5000,LOC.625/DATA,LOC.625.DATA,#8579ec,landslide.LOC.625.DATA,"['71.5', '36.5']",,DATA,FALSE
10000,LOC.626,LOC.626,#2579e8,landslide.LOC.626,"['-5.0', '34.0']",Hinterlands North Morocco,LOC,FALSE
5000,LOC.626/MED,LOC.626.MED,#27cf7e,landslide.LOC.626.MED,"['-5.0', '34.0']",,MED,FALSE
5000,LOC.626/FAC,LOC.626.FAC,#f0a73a,landslide.LOC.626.FAC,"['-5.0', '34.0']",,FAC,FALSE
5000,LOC.626/DATA,LOC.626.DATA,#8579ec,landslide.LOC.626.DATA,"['-5.0', '34.0']",,DATA,FALSE
10000,LOC.627,LOC.627,#2579e8,landslide.LOC.627,"['132.8', '34.3963']",Hiroshima Prefecture,LOC,FALSE
5000,LOC.627/MED,LOC.627.MED,#27cf7e,landslide.LOC.627.MED,"['132.8', '34.3963']",,MED,FALSE
5000,LOC.627/FAC,LOC.627.FAC,#f0a73a,landslide.LOC.627.FAC,"['132.8', '34.3963']",,FAC,FALSE
5000,LOC.627/DATA,LOC.627.DATA,#8579ec,landslide.LOC.627.DATA,"['132.8', '34.3963']",,DATA,FALSE
10000,LOC.628,LOC.628,#2579e8,landslide.LOC.628,"['105.3457', '20.5977']",Hoa Binh province of Vietnam,LOC,FALSE
5000,LOC.628/MED,LOC.628.MED,#27cf7e,landslide.LOC.628.MED,"['105.3457', '20.5977']",,MED,FALSE
5000,LOC.628/FAC,LOC.628.FAC,#f0a73a,landslide.LOC.628.FAC,"['105.3457', '20.5977']",,FAC,FALSE
5000,LOC.628/DATA,LOC.628.DATA,#8579ec,landslide.LOC.628.DATA,"['105.3457', '20.5977']",,DATA,FALSE
10000,LOC.629,LOC.629,#2579e8,landslide.LOC.629,"['141.3468', '43.2203']",Hokkaido,LOC,FALSE
5000,LOC.629/MED,LOC.629.MED,#27cf7e,landslide.LOC.629.MED,"['141.3468', '43.2203']",,MED,FALSE
5000,LOC.629/FAC,LOC.629.FAC,#f0a73a,landslide.LOC.629.FAC,"['141.3468', '43.2203']",,FAC,FALSE
5000,LOC.629/DATA,LOC.629.DATA,#8579ec,landslide.LOC.629.DATA,"['141.3468', '43.2203']",,DATA,FALSE
10000,LOC.630,LOC.630,#2579e8,landslide.LOC.630,"['-83.5', '13.5']",Honduras,LOC,FALSE
5000,LOC.630/MED,LOC.630.MED,#27cf7e,landslide.LOC.630.MED,"['-83.5', '13.5']",,MED,FALSE
5000,LOC.630/FAC,LOC.630.FAC,#f0a73a,landslide.LOC.630.FAC,"['-83.5', '13.5']",,FAC,FALSE
5000,LOC.630/DATA,LOC.630.DATA,#8579ec,landslide.LOC.630.DATA,"['-83.5', '13.5']",,DATA,FALSE
10000,LOC.631,LOC.631,#2579e8,landslide.LOC.631,"['114.1694', '22.3193']",Hong Kong,LOC,FALSE
5000,LOC.631/MED,LOC.631.MED,#27cf7e,landslide.LOC.631.MED,"['114.1694', '22.3193']",,MED,FALSE
5000,LOC.631/FAC,LOC.631.FAC,#f0a73a,landslide.LOC.631.FAC,"['114.1694', '22.3193']",,FAC,FALSE
5000,LOC.631/DATA,LOC.631.DATA,#8579ec,landslide.LOC.631.DATA,"['114.1694', '22.3193']",,DATA,FALSE
10000,LOC.632,LOC.632,#2579e8,landslide.LOC.632,"['121.5072', '31.2962']",Hongkou Town,LOC,FALSE
5000,LOC.632/MED,LOC.632.MED,#27cf7e,landslide.LOC.632.MED,"['121.5072', '31.2962']",,MED,FALSE
5000,LOC.632/FAC,LOC.632.FAC,#f0a73a,landslide.LOC.632.FAC,"['121.5072', '31.2962']",,FAC,FALSE
5000,LOC.632/DATA,LOC.632.DATA,#8579ec,landslide.LOC.632.DATA,"['121.5072', '31.2962']",,DATA,FALSE
10000,LOC.633,LOC.633,#2579e8,landslide.LOC.633,"['108.0', '29.0']",Hongxi River Basin,LOC,FALSE
5000,LOC.633/MED,LOC.633.MED,#27cf7e,landslide.LOC.633.MED,"['108.0', '29.0']",,MED,FALSE
5000,LOC.633/FAC,LOC.633.FAC,#f0a73a,landslide.LOC.633.FAC,"['108.0', '29.0']",,FAC,FALSE
5000,LOC.633/DATA,LOC.633.DATA,#8579ec,landslide.LOC.633.DATA,"['108.0', '29.0']",,DATA,FALSE
10000,LOC.634,LOC.634,#2579e8,landslide.LOC.634,"['115.0', '27.0']",Hongxing,LOC,FALSE
5000,LOC.634/MED,LOC.634.MED,#27cf7e,landslide.LOC.634.MED,"['115.0', '27.0']",,MED,FALSE
5000,LOC.634/FAC,LOC.634.FAC,#f0a73a,landslide.LOC.634.FAC,"['115.0', '27.0']",,FAC,FALSE
5000,LOC.634/DATA,LOC.634.DATA,#8579ec,landslide.LOC.634.DATA,"['115.0', '27.0']",,DATA,FALSE
10000,LOC.635,LOC.635,#2579e8,landslide.LOC.635,"['41.3986', '41.3886']",Hopa,LOC,FALSE
5000,LOC.635/MED,LOC.635.MED,#27cf7e,landslide.LOC.635.MED,"['41.3986', '41.3886']",,MED,FALSE
5000,LOC.635/FAC,LOC.635.FAC,#f0a73a,landslide.LOC.635.FAC,"['41.3986', '41.3886']",,FAC,FALSE
5000,LOC.635/DATA,LOC.635.DATA,#8579ec,landslide.LOC.635.DATA,"['41.3986', '41.3886']",,DATA,FALSE
10000,LOC.636,LOC.636,#2579e8,landslide.LOC.636,"['77.5', '32.0']",HP,LOC,FALSE
5000,LOC.636/MED,LOC.636.MED,#27cf7e,landslide.LOC.636.MED,"['77.5', '32.0']",,MED,FALSE
5000,LOC.636/FAC,LOC.636.FAC,#f0a73a,landslide.LOC.636.FAC,"['77.5', '32.0']",,FAC,FALSE
5000,LOC.636/DATA,LOC.636.DATA,#8579ec,landslide.LOC.636.DATA,"['77.5', '32.0']",,DATA,FALSE
10000,LOC.637,LOC.637,#2579e8,landslide.LOC.637,"['101.9212', '15.5702']",Huai Nam Phung Subbasin,LOC,FALSE
5000,LOC.637/MED,LOC.637.MED,#27cf7e,landslide.LOC.637.MED,"['101.9212', '15.5702']",,MED,FALSE
5000,LOC.637/FAC,LOC.637.FAC,#f0a73a,landslide.LOC.637.FAC,"['101.9212', '15.5702']",,FAC,FALSE
5000,LOC.637/DATA,LOC.637.DATA,#8579ec,landslide.LOC.637.DATA,"['101.9212', '15.5702']",,DATA,FALSE
10000,LOC.638,LOC.638,#2579e8,landslide.LOC.638,"['110.3567', '31.0123']",Huangtupo,LOC,FALSE
5000,LOC.638/MED,LOC.638.MED,#27cf7e,landslide.LOC.638.MED,"['110.3567', '31.0123']",,MED,FALSE
5000,LOC.638/FAC,LOC.638.FAC,#f0a73a,landslide.LOC.638.FAC,"['110.3567', '31.0123']",,FAC,FALSE
5000,LOC.638/DATA,LOC.638.DATA,#8579ec,landslide.LOC.638.DATA,"['110.3567', '31.0123']",,DATA,FALSE
10000,LOC.639,LOC.639,#2579e8,landslide.LOC.639,"['112.2711', '30.5928']",Hubei province,LOC,FALSE
5000,LOC.639/MED,LOC.639.MED,#27cf7e,landslide.LOC.639.MED,"['112.2711', '30.5928']",,MED,FALSE
5000,LOC.639/FAC,LOC.639.FAC,#f0a73a,landslide.LOC.639.FAC,"['112.2711', '30.5928']",,FAC,FALSE
5000,LOC.639/DATA,LOC.639.DATA,#8579ec,landslide.LOC.639.DATA,"['112.2711', '30.5928']",,DATA,FALSE
10000,LOC.640,LOC.640,#2579e8,landslide.LOC.640,"['110.9669', '30.8111']",Hubei Province section of the Three Gorges Reservoir,LOC,FALSE
5000,LOC.640/MED,LOC.640.MED,#27cf7e,landslide.LOC.640.MED,"['110.9669', '30.8111']",,MED,FALSE
5000,LOC.640/FAC,LOC.640.FAC,#f0a73a,landslide.LOC.640.FAC,"['110.9669', '30.8111']",,FAC,FALSE
5000,LOC.640/DATA,LOC.640.DATA,#8579ec,landslide.LOC.640.DATA,"['110.9669', '30.8111']",,DATA,FALSE
10000,LOC.641,LOC.641,#2579e8,landslide.LOC.641,"['116.3614', '25.9833']",Huichang County and its surrounding,LOC,FALSE
5000,LOC.641/MED,LOC.641.MED,#27cf7e,landslide.LOC.641.MED,"['116.3614', '25.9833']",,MED,FALSE
5000,LOC.641/FAC,LOC.641.FAC,#f0a73a,landslide.LOC.641.FAC,"['116.3614', '25.9833']",,FAC,FALSE
5000,LOC.641/DATA,LOC.641.DATA,#8579ec,landslide.LOC.641.DATA,"['116.3614', '25.9833']",,DATA,FALSE
10000,LOC.642,LOC.642,#2579e8,landslide.LOC.642,"['116.2442', '25.9833']",Huichang County in China,LOC,FALSE
5000,LOC.642/MED,LOC.642.MED,#27cf7e,landslide.LOC.642.MED,"['116.2442', '25.9833']",,MED,FALSE
5000,LOC.642/FAC,LOC.642.FAC,#f0a73a,landslide.LOC.642.FAC,"['116.2442', '25.9833']",,FAC,FALSE
5000,LOC.642/DATA,LOC.642.DATA,#8579ec,landslide.LOC.642.DATA,"['116.2442', '25.9833']",,DATA,FALSE
10000,LOC.643,LOC.643,#2579e8,landslide.LOC.643,"['111.7088', '27.6104']",Hunan Province,LOC,FALSE
5000,LOC.643/MED,LOC.643.MED,#27cf7e,landslide.LOC.643.MED,"['111.7088', '27.6104']",,MED,FALSE
5000,LOC.643/FAC,LOC.643.FAC,#f0a73a,landslide.LOC.643.FAC,"['111.7088', '27.6104']",,FAC,FALSE
5000,LOC.643/DATA,LOC.643.DATA,#8579ec,landslide.LOC.643.DATA,"['111.7088', '27.6104']",,DATA,FALSE
10000,LOC.644,LOC.644,#2579e8,landslide.LOC.644,"['19.5033', '47.1625']",Hungary,LOC,FALSE
5000,LOC.644/MED,LOC.644.MED,#27cf7e,landslide.LOC.644.MED,"['19.5033', '47.1625']",,MED,FALSE
5000,LOC.644/FAC,LOC.644.FAC,#f0a73a,landslide.LOC.644.FAC,"['19.5033', '47.1625']",,FAC,FALSE
5000,LOC.644/DATA,LOC.644.DATA,#8579ec,landslide.LOC.644.DATA,"['19.5033', '47.1625']",,DATA,FALSE
10000,LOC.645,LOC.645,#2579e8,landslide.LOC.645,"['74.4536', '36.3182']",Hunza - Nagar valley in northern Pakistan,LOC,FALSE
5000,LOC.645/MED,LOC.645.MED,#27cf7e,landslide.LOC.645.MED,"['74.4536', '36.3182']",,MED,FALSE
5000,LOC.645/FAC,LOC.645.FAC,#f0a73a,landslide.LOC.645.FAC,"['74.4536', '36.3182']",,FAC,FALSE
5000,LOC.645/DATA,LOC.645.DATA,#8579ec,landslide.LOC.645.DATA,"['74.4536', '36.3182']",,DATA,FALSE
10000,LOC.646,LOC.646,#2579e8,landslide.LOC.646,"['74.2847', '36.1699']",Hunza and Nagar Districts in the Northern part of Pakistan,LOC,FALSE
5000,LOC.646/MED,LOC.646.MED,#27cf7e,landslide.LOC.646.MED,"['74.2847', '36.1699']",,MED,FALSE
5000,LOC.646/FAC,LOC.646.FAC,#f0a73a,landslide.LOC.646.FAC,"['74.2847', '36.1699']",,FAC,FALSE
5000,LOC.646/DATA,LOC.646.DATA,#8579ec,landslide.LOC.646.DATA,"['74.2847', '36.1699']",,DATA,FALSE
10000,LOC.647,LOC.647,#2579e8,landslide.LOC.647,"['14.2786', '38.0188']",hydrographic basin of the Roccella torrent,LOC,FALSE
5000,LOC.647/MED,LOC.647.MED,#27cf7e,landslide.LOC.647.MED,"['14.2786', '38.0188']",,MED,FALSE
5000,LOC.647/FAC,LOC.647.FAC,#f0a73a,landslide.LOC.647.FAC,"['14.2786', '38.0188']",,FAC,FALSE
5000,LOC.647/DATA,LOC.647.DATA,#8579ec,landslide.LOC.647.DATA,"['14.2786', '38.0188']",,DATA,FALSE
10000,LOC.648,LOC.648,#2579e8,landslide.LOC.648,"['121.1500', '24.8936']",I - Lan,LOC,FALSE
5000,LOC.648/MED,LOC.648.MED,#27cf7e,landslide.LOC.648.MED,"['121.1500', '24.8936']",,MED,FALSE
5000,LOC.648/FAC,LOC.648.FAC,#f0a73a,landslide.LOC.648.FAC,"['121.1500', '24.8936']",,FAC,FALSE
5000,LOC.648/DATA,LOC.648.DATA,#8579ec,landslide.LOC.648.DATA,"['121.1500', '24.8936']",,DATA,FALSE
10000,LOC.649,LOC.649,#2579e8,landslide.LOC.649,"['13.0500', '37.8500']",Iato River Basin,LOC,FALSE
5000,LOC.649/MED,LOC.649.MED,#27cf7e,landslide.LOC.649.MED,"['13.0500', '37.8500']",,MED,FALSE
5000,LOC.649/FAC,LOC.649.FAC,#f0a73a,landslide.LOC.649.FAC,"['13.0500', '37.8500']",,FAC,FALSE
5000,LOC.649/DATA,LOC.649.DATA,#8579ec,landslide.LOC.649.DATA,"['13.0500', '37.8500']",,DATA,FALSE
10000,LOC.650,LOC.650,#2579e8,landslide.LOC.650,"['127.4420', '37.2792']",Icheon Township,LOC,FALSE
5000,LOC.650/MED,LOC.650.MED,#27cf7e,landslide.LOC.650.MED,"['127.4420', '37.2792']",,MED,FALSE
5000,LOC.650/FAC,LOC.650.FAC,#f0a73a,landslide.LOC.650.FAC,"['127.4420', '37.2792']",,FAC,FALSE
5000,LOC.650/DATA,LOC.650.DATA,#8579ec,landslide.LOC.650.DATA,"['127.4420', '37.2792']",,DATA,FALSE
10000,LOC.651,LOC.651,#2579e8,landslide.LOC.651,"['114.3637', '43.6448']",Idaho,LOC,FALSE
5000,LOC.651/MED,LOC.651.MED,#27cf7e,landslide.LOC.651.MED,"['114.3637', '43.6448']",,MED,FALSE
5000,LOC.651/FAC,LOC.651.FAC,#f0a73a,landslide.LOC.651.FAC,"['114.3637', '43.6448']",,FAC,FALSE
5000,LOC.651/DATA,LOC.651.DATA,#8579ec,landslide.LOC.651.DATA,"['114.3637', '43.6448']",,DATA,FALSE
10000,LOC.652,LOC.652,#2579e8,landslide.LOC.652,"['77.1391', '9.8567']",Idukki,LOC,FALSE
5000,LOC.652/MED,LOC.652.MED,#27cf7e,landslide.LOC.652.MED,"['77.1391', '9.8567']",,MED,FALSE
5000,LOC.652/FAC,LOC.652.FAC,#f0a73a,landslide.LOC.652.FAC,"['77.1391', '9.8567']",,FAC,FALSE
5000,LOC.652/DATA,LOC.652.DATA,#8579ec,landslide.LOC.652.DATA,"['77.1391', '9.8567']",,DATA,FALSE
10000,LOC.653,LOC.653,#2579e8,landslide.LOC.653,"['77.1549', '9.9423']",Idukki district,LOC,FALSE
5000,LOC.653/MED,LOC.653.MED,#27cf7e,landslide.LOC.653.MED,"['77.1549', '9.9423']",,MED,FALSE
5000,LOC.653/FAC,LOC.653.FAC,#f0a73a,landslide.LOC.653.FAC,"['77.1549', '9.9423']",,FAC,FALSE
5000,LOC.653/DATA,LOC.653.DATA,#8579ec,landslide.LOC.653.DATA,"['77.1549', '9.9423']",,DATA,FALSE
10000,LOC.654,LOC.654,#2579e8,landslide.LOC.654,"['77.1549', '9.9423']",Idukki district in southern part of India,LOC,FALSE
5000,LOC.654/MED,LOC.654.MED,#27cf7e,landslide.LOC.654.MED,"['77.1549', '9.9423']",,MED,FALSE
5000,LOC.654/FAC,LOC.654.FAC,#f0a73a,landslide.LOC.654.FAC,"['77.1549', '9.9423']",,FAC,FALSE
5000,LOC.654/DATA,LOC.654.DATA,#8579ec,landslide.LOC.654.DATA,"['77.1549', '9.9423']",,DATA,FALSE
10000,LOC.655,LOC.655,#2579e8,landslide.LOC.655,"['94.0631', '28.8500']",Igo River Basin in the West Siang District of Arunachal Pradesh,LOC,FALSE
5000,LOC.655/MED,LOC.655.MED,#27cf7e,landslide.LOC.655.MED,"['94.0631', '28.8500']",,MED,FALSE
5000,LOC.655/FAC,LOC.655.FAC,#f0a73a,landslide.LOC.655.FAC,"['94.0631', '28.8500']",,FAC,FALSE
5000,LOC.655/DATA,LOC.655.DATA,#8579ec,landslide.LOC.655.DATA,"['94.0631', '28.8500']",,DATA,FALSE
10000,LOC.656,LOC.656,#2579e8,landslide.LOC.656,"['21.6597', '37.8114']",Ilia,LOC,FALSE
5000,LOC.656/MED,LOC.656.MED,#27cf7e,landslide.LOC.656.MED,"['21.6597', '37.8114']",,MED,FALSE
5000,LOC.656/FAC,LOC.656.FAC,#f0a73a,landslide.LOC.656.FAC,"['21.6597', '37.8114']",,FAC,FALSE
5000,LOC.656/DATA,LOC.656.DATA,#8579ec,landslide.LOC.656.DATA,"['21.6597', '37.8114']",,DATA,FALSE
10000,LOC.657,LOC.657,#2579e8,landslide.LOC.657,"['89.1869', '13.6742']",Ilopango and Coatepeque caldera,LOC,FALSE
5000,LOC.657/MED,LOC.657.MED,#27cf7e,landslide.LOC.657.MED,"['89.1869', '13.6742']",,MED,FALSE
5000,LOC.657/FAC,LOC.657.FAC,#f0a73a,landslide.LOC.657.FAC,"['89.1869', '13.6742']",,FAC,FALSE
5000,LOC.657/DATA,LOC.657.DATA,#8579ec,landslide.LOC.657.DATA,"['89.1869', '13.6742']",,DATA,FALSE
10000,LOC.658,LOC.658,#2579e8,landslide.LOC.658,"['93.9426', '24.8160']",Imphal - Jiribam railway corridor,LOC,FALSE
5000,LOC.658/MED,LOC.658.MED,#27cf7e,landslide.LOC.658.MED,"['93.9426', '24.8160']",,MED,FALSE
5000,LOC.658/FAC,LOC.658.FAC,#f0a73a,landslide.LOC.658.FAC,"['93.9426', '24.8160']",,FAC,FALSE
5000,LOC.658/DATA,LOC.658.DATA,#8579ec,landslide.LOC.658.DATA,"['93.9426', '24.8160']",,DATA,FALSE
10000,LOC.659,LOC.659,#2579e8,landslide.LOC.659,"['72.2917', '13.1631']",Inca City,LOC,FALSE
5000,LOC.659/MED,LOC.659.MED,#27cf7e,landslide.LOC.659.MED,"['72.2917', '13.1631']",,MED,FALSE
5000,LOC.659/FAC,LOC.659.FAC,#f0a73a,landslide.LOC.659.FAC,"['72.2917', '13.1631']",,FAC,FALSE
5000,LOC.659/DATA,LOC.659.DATA,#8579ec,landslide.LOC.659.DATA,"['72.2917', '13.1631']",,DATA,FALSE
10000,LOC.660,LOC.660,#2579e8,landslide.LOC.660,"['78.9629', '20.5937']",India,LOC,FALSE
5000,LOC.660/MED,LOC.660.MED,#27cf7e,landslide.LOC.660.MED,"['78.9629', '20.5937']",,MED,FALSE
5000,LOC.660/FAC,LOC.660.FAC,#f0a73a,landslide.LOC.660.FAC,"['78.9629', '20.5937']",,FAC,FALSE
5000,LOC.660/DATA,LOC.660.DATA,#8579ec,landslide.LOC.660.DATA,"['78.9629', '20.5937']",,DATA,FALSE
10000,LOC.661,LOC.661,#2579e8,landslide.LOC.661,"['77.2090', '28.6139']",India s political border,LOC,FALSE
5000,LOC.661/MED,LOC.661.MED,#27cf7e,landslide.LOC.661.MED,"['77.2090', '28.6139']",,MED,FALSE
5000,LOC.661/FAC,LOC.661.FAC,#f0a73a,landslide.LOC.661.FAC,"['77.2090', '28.6139']",,FAC,FALSE
5000,LOC.661/DATA,LOC.661.DATA,#8579ec,landslide.LOC.661.DATA,"['77.2090', '28.6139']",,DATA,FALSE
10000,LOC.662,LOC.662,#2579e8,landslide.LOC.662,"['78.6407', '30.3635']",Indian Himalaya,LOC,FALSE
5000,LOC.662/MED,LOC.662.MED,#27cf7e,landslide.LOC.662.MED,"['78.6407', '30.3635']",,MED,FALSE
5000,LOC.662/FAC,LOC.662.FAC,#f0a73a,landslide.LOC.662.FAC,"['78.6407', '30.3635']",,FAC,FALSE
5000,LOC.662/DATA,LOC.662.DATA,#8579ec,landslide.LOC.662.DATA,"['78.6407', '30.3635']",,DATA,FALSE
10000,LOC.663,LOC.663,#2579e8,landslide.LOC.663,"['78.9619', '30.7133']",Indian Himalayan,LOC,FALSE
5000,LOC.663/MED,LOC.663.MED,#27cf7e,landslide.LOC.663.MED,"['78.9619', '30.7133']",,MED,FALSE
5000,LOC.663/FAC,LOC.663.FAC,#f0a73a,landslide.LOC.663.FAC,"['78.9619', '30.7133']",,FAC,FALSE
5000,LOC.663/DATA,LOC.663.DATA,#8579ec,landslide.LOC.663.DATA,"['78.9619', '30.7133']",,DATA,FALSE
10000,LOC.664,LOC.664,#2579e8,landslide.LOC.664,"['78.9603', '30.7942']",Indian Himalayas,LOC,FALSE
5000,LOC.664/MED,LOC.664.MED,#27cf7e,landslide.LOC.664.MED,"['78.9603', '30.7942']",,MED,FALSE
5000,LOC.664/FAC,LOC.664.FAC,#f0a73a,landslide.LOC.664.FAC,"['78.9603', '30.7942']",,FAC,FALSE
5000,LOC.664/DATA,LOC.664.DATA,#8579ec,landslide.LOC.664.DATA,"['78.9603', '30.7942']",,DATA,FALSE
10000,LOC.665,LOC.665,#2579e8,landslide.LOC.665,"['79.0193', '30.0668']",Indian State of Uttarakhand,LOC,FALSE
5000,LOC.665/MED,LOC.665.MED,#27cf7e,landslide.LOC.665.MED,"['79.0193', '30.0668']",,MED,FALSE
5000,LOC.665/FAC,LOC.665.FAC,#f0a73a,landslide.LOC.665.FAC,"['79.0193', '30.0668']",,FAC,FALSE
5000,LOC.665/DATA,LOC.665.DATA,#8579ec,landslide.LOC.665.DATA,"['79.0193', '30.0668']",,DATA,FALSE
10000,LOC.666,LOC.666,#2579e8,landslide.LOC.666,"['88.4146', '27.7814']",Indo - Nepal - Bhutan Himalayan,LOC,FALSE
5000,LOC.666/MED,LOC.666.MED,#27cf7e,landslide.LOC.666.MED,"['88.4146', '27.7814']",,MED,FALSE
5000,LOC.666/FAC,LOC.666.FAC,#f0a73a,landslide.LOC.666.FAC,"['88.4146', '27.7814']",,FAC,FALSE
5000,LOC.666/DATA,LOC.666.DATA,#8579ec,landslide.LOC.666.DATA,"['88.4146', '27.7814']",,DATA,FALSE
10000,LOC.667,LOC.667,#2579e8,landslide.LOC.667,"['113.9213', '-0.7893']",Indonesia,LOC,FALSE
5000,LOC.667/MED,LOC.667.MED,#27cf7e,landslide.LOC.667.MED,"['113.9213', '-0.7893']",,MED,FALSE
5000,LOC.667/FAC,LOC.667.FAC,#f0a73a,landslide.LOC.667.FAC,"['113.9213', '-0.7893']",,FAC,FALSE
5000,LOC.667/DATA,LOC.667.DATA,#8579ec,landslide.LOC.667.DATA,"['113.9213', '-0.7893']",,DATA,FALSE
10000,LOC.668,LOC.668,#2579e8,landslide.LOC.668,"['124.8457', '-4.5481']",Indonesian territory,LOC,FALSE
5000,LOC.668/MED,LOC.668.MED,#27cf7e,landslide.LOC.668.MED,"['124.8457', '-4.5481']",,MED,FALSE
5000,LOC.668/FAC,LOC.668.FAC,#f0a73a,landslide.LOC.668.FAC,"['124.8457', '-4.5481']",,FAC,FALSE
5000,LOC.668/DATA,LOC.668.DATA,#8579ec,landslide.LOC.668.DATA,"['124.8457', '-4.5481']",,DATA,FALSE
10000,LOC.669,LOC.669,#2579e8,landslide.LOC.669,"['128.2484', '38.0718']",Inje,LOC,FALSE
5000,LOC.669/MED,LOC.669.MED,#27cf7e,landslide.LOC.669.MED,"['128.2484', '38.0718']",,MED,FALSE
5000,LOC.669/FAC,LOC.669.FAC,#f0a73a,landslide.LOC.669.FAC,"['128.2484', '38.0718']",,FAC,FALSE
5000,LOC.669/DATA,LOC.669.DATA,#8579ec,landslide.LOC.669.DATA,"['128.2484', '38.0718']",,DATA,FALSE
10000,LOC.670,LOC.670,#2579e8,landslide.LOC.670,"['-75.5830', '0.1807']",Inter-Andean,LOC,FALSE
5000,LOC.670/MED,LOC.670.MED,#27cf7e,landslide.LOC.670.MED,"['-75.5830', '0.1807']",,MED,FALSE
5000,LOC.670/FAC,LOC.670.FAC,#f0a73a,landslide.LOC.670.FAC,"['-75.5830', '0.1807']",,FAC,FALSE
5000,LOC.670/DATA,LOC.670.DATA,#8579ec,landslide.LOC.670.DATA,"['-75.5830', '0.1807']",,DATA,FALSE
10000,LOC.671,LOC.671,#2579e8,landslide.LOC.671,"['53.6880', '32.4279']",Iran,LOC,FALSE
5000,LOC.671/MED,LOC.671.MED,#27cf7e,landslide.LOC.671.MED,"['53.6880', '32.4279']",,MED,FALSE
5000,LOC.671/FAC,LOC.671.FAC,#f0a73a,landslide.LOC.671.FAC,"['53.6880', '32.4279']",,FAC,FALSE
5000,LOC.671/DATA,LOC.671.DATA,#8579ec,landslide.LOC.671.DATA,"['53.6880', '32.4279']",,DATA,FALSE
10000,LOC.672,LOC.672,#2579e8,landslide.LOC.672,"['45.8154', '35.3469']",Iran 's West Kurdistan,LOC,FALSE
5000,LOC.672/MED,LOC.672.MED,#27cf7e,landslide.LOC.672.MED,"['45.8154', '35.3469']",,MED,FALSE
5000,LOC.672/FAC,LOC.672.FAC,#f0a73a,landslide.LOC.672.FAC,"['45.8154', '35.3469']",,FAC,FALSE
5000,LOC.672/DATA,LOC.672.DATA,#8579ec,landslide.LOC.672.DATA,"['45.8154', '35.3469']",,DATA,FALSE
10000,LOC.673,LOC.673,#2579e8,landslide.LOC.673,"['-6.2603', '53.3498']",Irish Rail,LOC,FALSE
5000,LOC.673/MED,LOC.673.MED,#27cf7e,landslide.LOC.673.MED,"['-6.2603', '53.3498']",,MED,FALSE
5000,LOC.673/FAC,LOC.673.FAC,#f0a73a,landslide.LOC.673.FAC,"['-6.2603', '53.3498']",,FAC,FALSE
5000,LOC.673/DATA,LOC.673.DATA,#8579ec,landslide.LOC.673.DATA,"['-6.2603', '53.3498']",,DATA,FALSE
10000,LOC.674,LOC.674,#2579e8,landslide.LOC.674,"['13.9022', '40.7314']",Ischia,LOC,FALSE
5000,LOC.674/MED,LOC.674.MED,#27cf7e,landslide.LOC.674.MED,"['13.9022', '40.7314']",,MED,FALSE
5000,LOC.674/FAC,LOC.674.FAC,#f0a73a,landslide.LOC.674.FAC,"['13.9022', '40.7314']",,FAC,FALSE
5000,LOC.674/DATA,LOC.674.DATA,#8579ec,landslide.LOC.674.DATA,"['13.9022', '40.7314']",,DATA,FALSE
10000,LOC.675,LOC.675,#2579e8,landslide.LOC.675,"['-61.2225', '15.4149']",island nation in the eastern Caribbean,LOC,FALSE
5000,LOC.675/MED,LOC.675.MED,#27cf7e,landslide.LOC.675.MED,"['-61.2225', '15.4149']",,MED,FALSE
5000,LOC.675/FAC,LOC.675.FAC,#f0a73a,landslide.LOC.675.FAC,"['-61.2225', '15.4149']",,FAC,FALSE
5000,LOC.675/DATA,LOC.675.DATA,#8579ec,landslide.LOC.675.DATA,"['-61.2225', '15.4149']",,DATA,FALSE
10000,LOC.676,LOC.676,#2579e8,landslide.LOC.676,"['20.6145', '38.7063']",Island of Lefkada,LOC,FALSE
5000,LOC.676/MED,LOC.676.MED,#27cf7e,landslide.LOC.676.MED,"['20.6145', '38.7063']",,MED,FALSE
5000,LOC.676/FAC,LOC.676.FAC,#f0a73a,landslide.LOC.676.FAC,"['20.6145', '38.7063']",,FAC,FALSE
5000,LOC.676/DATA,LOC.676.DATA,#8579ec,landslide.LOC.676.DATA,"['20.6145', '38.7063']",,DATA,FALSE
10000,LOC.677,LOC.677,#2579e8,landslide.LOC.677,"['14.9511', '38.4730']",Island of Lipari,LOC,FALSE
5000,LOC.677/MED,LOC.677.MED,#27cf7e,landslide.LOC.677.MED,"['14.9511', '38.4730']",,MED,FALSE
5000,LOC.677/FAC,LOC.677.FAC,#f0a73a,landslide.LOC.677.FAC,"['14.9511', '38.4730']",,FAC,FALSE
5000,LOC.677/DATA,LOC.677.DATA,#8579ec,landslide.LOC.677.DATA,"['14.9511', '38.4730']",,DATA,FALSE
10000,LOC.678,LOC.678,#2579e8,landslide.LOC.678,"['-66.5902', '18.2208']",Island of Puerto Rico,LOC,FALSE
5000,LOC.678/MED,LOC.678.MED,#27cf7e,landslide.LOC.678.MED,"['-66.5902', '18.2208']",,MED,FALSE
5000,LOC.678/FAC,LOC.678.FAC,#f0a73a,landslide.LOC.678.FAC,"['-66.5902', '18.2208']",,FAC,FALSE
5000,LOC.678/DATA,LOC.678.DATA,#8579ec,landslide.LOC.678.DATA,"['-66.5902', '18.2208']",,DATA,FALSE
10000,LOC.679,LOC.679,#2579e8,landslide.LOC.679,"['14.9511', '38.4730']",Islands of Lipari and Vulcano,LOC,FALSE
5000,LOC.679/MED,LOC.679.MED,#27cf7e,landslide.LOC.679.MED,"['14.9511', '38.4730']",,MED,FALSE
5000,LOC.679/FAC,LOC.679.FAC,#f0a73a,landslide.LOC.679.FAC,"['14.9511', '38.4730']",,FAC,FALSE
5000,LOC.679/DATA,LOC.679.DATA,#8579ec,landslide.LOC.679.DATA,"['14.9511', '38.4730']",,DATA,FALSE
10000,LOC.680,LOC.680,#2579e8,landslide.LOC.680,"['48.7018', '26.9116']",Itajai - Acu river valley,LOC,FALSE
5000,LOC.680/MED,LOC.680.MED,#27cf7e,landslide.LOC.680.MED,"['48.7018', '26.9116']",,MED,FALSE
5000,LOC.680/FAC,LOC.680.FAC,#f0a73a,landslide.LOC.680.FAC,"['48.7018', '26.9116']",,FAC,FALSE
5000,LOC.680/DATA,LOC.680.DATA,#8579ec,landslide.LOC.680.DATA,"['48.7018', '26.9116']",,DATA,FALSE
10000,LOC.681,LOC.681,#2579e8,landslide.LOC.681,"['12.4964', '41.9028']",Italian,LOC,FALSE
5000,LOC.681/MED,LOC.681.MED,#27cf7e,landslide.LOC.681.MED,"['12.4964', '41.9028']",,MED,FALSE
5000,LOC.681/FAC,LOC.681.FAC,#f0a73a,landslide.LOC.681.FAC,"['12.4964', '41.9028']",,FAC,FALSE
5000,LOC.681/DATA,LOC.681.DATA,#8579ec,landslide.LOC.681.DATA,"['12.4964', '41.9028']",,DATA,FALSE
10000,LOC.682,LOC.682,#2579e8,landslide.LOC.682,"['12.4964', '41.9028']",Italian territory,LOC,FALSE
5000,LOC.682/MED,LOC.682.MED,#27cf7e,landslide.LOC.682.MED,"['12.4964', '41.9028']",,MED,FALSE
5000,LOC.682/FAC,LOC.682.FAC,#f0a73a,landslide.LOC.682.FAC,"['12.4964', '41.9028']",,FAC,FALSE
5000,LOC.682/DATA,LOC.682.DATA,#8579ec,landslide.LOC.682.DATA,"['12.4964', '41.9028']",,DATA,FALSE
10000,LOC.683,LOC.683,#2579e8,landslide.LOC.683,"['12.4964', '41.9028']",Italy,LOC,FALSE
5000,LOC.683/MED,LOC.683.MED,#27cf7e,landslide.LOC.683.MED,"['12.4964', '41.9028']",,MED,FALSE
5000,LOC.683/FAC,LOC.683.FAC,#f0a73a,landslide.LOC.683.FAC,"['12.4964', '41.9028']",,FAC,FALSE
5000,LOC.683/DATA,LOC.683.DATA,#8579ec,landslide.LOC.683.DATA,"['12.4964', '41.9028']",,DATA,FALSE
10000,LOC.684,LOC.684,#2579e8,landslide.LOC.684,"['120.6905', '16.3535']",Itogon,LOC,FALSE
5000,LOC.684/MED,LOC.684.MED,#27cf7e,landslide.LOC.684.MED,"['120.6905', '16.3535']",,MED,FALSE
5000,LOC.684/FAC,LOC.684.FAC,#f0a73a,landslide.LOC.684.FAC,"['120.6905', '16.3535']",,FAC,FALSE
5000,LOC.684/DATA,LOC.684.DATA,#8579ec,landslide.LOC.684.DATA,"['120.6905', '16.3535']",,DATA,FALSE
10000,LOC.685,LOC.685,#2579e8,landslide.LOC.685,"['49.4306', '31.8272']",Izeh River basin,LOC,FALSE
5000,LOC.685/MED,LOC.685.MED,#27cf7e,landslide.LOC.685.MED,"['49.4306', '31.8272']",,MED,FALSE
5000,LOC.685/FAC,LOC.685.FAC,#f0a73a,landslide.LOC.685.FAC,"['49.4306', '31.8272']",,FAC,FALSE
5000,LOC.685/DATA,LOC.685.DATA,#8579ec,landslide.LOC.685.DATA,"['49.4306', '31.8272']",,DATA,FALSE
10000,LOC.686,LOC.686,#2579e8,landslide.LOC.686,"['27.1428', '38.4192']",Izmir,LOC,FALSE
5000,LOC.686/MED,LOC.686.MED,#27cf7e,landslide.LOC.686.MED,"['27.1428', '38.4192']",,MED,FALSE
5000,LOC.686/FAC,LOC.686.FAC,#f0a73a,landslide.LOC.686.FAC,"['27.1428', '38.4192']",,FAC,FALSE
5000,LOC.686/DATA,LOC.686.DATA,#8579ec,landslide.LOC.686.DATA,"['27.1428', '38.4192']",,DATA,FALSE
10000,LOC.687,LOC.687,#2579e8,landslide.LOC.687,"['27.1428', '38.4192']",Izmir city,LOC,FALSE
5000,LOC.687/MED,LOC.687.MED,#27cf7e,landslide.LOC.687.MED,"['27.1428', '38.4192']",,MED,FALSE
5000,LOC.687/FAC,LOC.687.FAC,#f0a73a,landslide.LOC.687.FAC,"['27.1428', '38.4192']",,FAC,FALSE
5000,LOC.687/DATA,LOC.687.DATA,#8579ec,landslide.LOC.687.DATA,"['27.1428', '38.4192']",,DATA,FALSE
10000,LOC.688,LOC.688,#2579e8,landslide.LOC.688,"['27.1428', '38.4192']",Izmir metropolitan,LOC,FALSE
5000,LOC.688/MED,LOC.688.MED,#27cf7e,landslide.LOC.688.MED,"['27.1428', '38.4192']",,MED,FALSE
5000,LOC.688/FAC,LOC.688.FAC,#f0a73a,landslide.LOC.688.FAC,"['27.1428', '38.4192']",,FAC,FALSE
5000,LOC.688/DATA,LOC.688.DATA,#8579ec,landslide.LOC.688.DATA,"['27.1428', '38.4192']",,DATA,FALSE
10000,LOC.689,LOC.689,#2579e8,landslide.LOC.689,"['139.0759', '35.1925']",Izu Mountain,LOC,FALSE
5000,LOC.689/MED,LOC.689.MED,#27cf7e,landslide.LOC.689.MED,"['139.0759', '35.1925']",,MED,FALSE
5000,LOC.689/FAC,LOC.689.FAC,#f0a73a,landslide.LOC.689.FAC,"['139.0759', '35.1925']",,FAC,FALSE
5000,LOC.689/DATA,LOC.689.DATA,#8579ec,landslide.LOC.689.DATA,"['139.0759', '35.1925']",,DATA,FALSE
10000,LOC.690,LOC.690,#2579e8,landslide.LOC.690,"['82.0809', '28.8000']",Jajarkot district of Nepal,LOC,FALSE
5000,LOC.690/MED,LOC.690.MED,#27cf7e,landslide.LOC.690.MED,"['82.0809', '28.8000']",,MED,FALSE
5000,LOC.690/FAC,LOC.690.FAC,#f0a73a,landslide.LOC.690.FAC,"['82.0809', '28.8000']",,FAC,FALSE
5000,LOC.690/DATA,LOC.690.DATA,#8579ec,landslide.LOC.690.DATA,"['82.0809', '28.8000']",,DATA,FALSE
10000,LOC.691,LOC.691,#2579e8,landslide.LOC.691,"['11.7987', '10.4843']",Jalad,LOC,FALSE
5000,LOC.691/MED,LOC.691.MED,#27cf7e,landslide.LOC.691.MED,"['11.7987', '10.4843']",,MED,FALSE
5000,LOC.691/FAC,LOC.691.FAC,#f0a73a,landslide.LOC.691.FAC,"['11.7987', '10.4843']",,FAC,FALSE
5000,LOC.691/DATA,LOC.691.DATA,#8579ec,landslide.LOC.691.DATA,"['11.7987', '10.4843']",,DATA,FALSE
10000,LOC.692,LOC.692,#2579e8,landslide.LOC.692,"['77.2975', '18.1096']",Jamaica,LOC,FALSE
5000,LOC.692/MED,LOC.692.MED,#27cf7e,landslide.LOC.692.MED,"['77.2975', '18.1096']",,MED,FALSE
5000,LOC.692/FAC,LOC.692.FAC,#f0a73a,landslide.LOC.692.FAC,"['77.2975', '18.1096']",,FAC,FALSE
5000,LOC.692/DATA,LOC.692.DATA,#8579ec,landslide.LOC.692.DATA,"['77.2975', '18.1096']",,DATA,FALSE
10000,LOC.693,LOC.693,#2579e8,landslide.LOC.693,"['74.8570', '32.7266']",Jammu,LOC,FALSE
5000,LOC.693/MED,LOC.693.MED,#27cf7e,landslide.LOC.693.MED,"['74.8570', '32.7266']",,MED,FALSE
5000,LOC.693/FAC,LOC.693.FAC,#f0a73a,landslide.LOC.693.FAC,"['74.8570', '32.7266']",,FAC,FALSE
5000,LOC.693/DATA,LOC.693.DATA,#8579ec,landslide.LOC.693.DATA,"['74.8570', '32.7266']",,DATA,FALSE
10000,LOC.694,LOC.694,#2579e8,landslide.LOC.694,"['75.5280', '33.7653']",Jammu - Srinagar National Highway,LOC,FALSE
5000,LOC.694/MED,LOC.694.MED,#27cf7e,landslide.LOC.694.MED,"['75.5280', '33.7653']",,MED,FALSE
5000,LOC.694/FAC,LOC.694.FAC,#f0a73a,landslide.LOC.694.FAC,"['75.5280', '33.7653']",,FAC,FALSE
5000,LOC.694/DATA,LOC.694.DATA,#8579ec,landslide.LOC.694.DATA,"['75.5280', '33.7653']",,DATA,FALSE
10000,LOC.695,LOC.695,#2579e8,landslide.LOC.695,"['76.5762', '33.7782']",Jammu and Kashmir,LOC,FALSE
5000,LOC.695/MED,LOC.695.MED,#27cf7e,landslide.LOC.695.MED,"['76.5762', '33.7782']",,MED,FALSE
5000,LOC.695/FAC,LOC.695.FAC,#f0a73a,landslide.LOC.695.FAC,"['76.5762', '33.7782']",,FAC,FALSE
5000,LOC.695/DATA,LOC.695.DATA,#8579ec,landslide.LOC.695.DATA,"['76.5762', '33.7782']",,DATA,FALSE
10000,LOC.696,LOC.696,#2579e8,landslide.LOC.696,"['76.2711', '34.0837']",Jammu and Kashmir region of India,LOC,FALSE
5000,LOC.696/MED,LOC.696.MED,#27cf7e,landslide.LOC.696.MED,"['76.2711', '34.0837']",,MED,FALSE
5000,LOC.696/FAC,LOC.696.FAC,#f0a73a,landslide.LOC.696.FAC,"['76.2711', '34.0837']",,FAC,FALSE
5000,LOC.696/DATA,LOC.696.DATA,#8579ec,landslide.LOC.696.DATA,"['76.2711', '34.0837']",,DATA,FALSE
10000,LOC.697,LOC.697,#2579e8,landslide.LOC.697,"['126.9105', '34.6657']",Jangheung area in Korea,LOC,FALSE
5000,LOC.697/MED,LOC.697.MED,#27cf7e,landslide.LOC.697.MED,"['126.9105', '34.6657']",,MED,FALSE
5000,LOC.697/FAC,LOC.697.FAC,#f0a73a,landslide.LOC.697.FAC,"['126.9105', '34.6657']",,FAC,FALSE
5000,LOC.697/DATA,LOC.697.DATA,#8579ec,landslide.LOC.697.DATA,"['126.9105', '34.6657']",,DATA,FALSE
10000,LOC.698,LOC.698,#2579e8,landslide.LOC.698,"['126.7858', '34.5715']",Jangheung in Korea,LOC,FALSE
5000,LOC.698/MED,LOC.698.MED,#27cf7e,landslide.LOC.698.MED,"['126.7858', '34.5715']",,MED,FALSE
5000,LOC.698/FAC,LOC.698.FAC,#f0a73a,landslide.LOC.698.FAC,"['126.7858', '34.5715']",,FAC,FALSE
5000,LOC.698/DATA,LOC.698.DATA,#8579ec,landslide.LOC.698.DATA,"['126.7858', '34.5715']",,DATA,FALSE
10000,LOC.699,LOC.699,#2579e8,landslide.LOC.699,"['127.1506', '35.4458']",Janghung,LOC,FALSE
5000,LOC.699/MED,LOC.699.MED,#27cf7e,landslide.LOC.699.MED,"['127.1506', '35.4458']",,MED,FALSE
5000,LOC.699/FAC,LOC.699.FAC,#f0a73a,landslide.LOC.699.FAC,"['127.1506', '35.4458']",,FAC,FALSE
5000,LOC.699/DATA,LOC.699.DATA,#8579ec,landslide.LOC.699.DATA,"['127.1506', '35.4458']",,DATA,FALSE
10000,LOC.700,LOC.700,#2579e8,landslide.LOC.700,"['127.0804', '35.3812']",Janghung area in Korea,LOC,FALSE
5000,LOC.700/MED,LOC.700.MED,#27cf7e,landslide.LOC.700.MED,"['127.0804', '35.3812']",,MED,FALSE
5000,LOC.700/FAC,LOC.700.FAC,#f0a73a,landslide.LOC.700.FAC,"['127.0804', '35.3812']",,FAC,FALSE
5000,LOC.700/DATA,LOC.700.DATA,#8579ec,landslide.LOC.700.DATA,"['127.0804', '35.3812']",,DATA,FALSE
10000,LOC.701,LOC.701,#2579e8,landslide.LOC.701,"['138.2529', '36.2048']",Japan,LOC,FALSE
5000,LOC.701/MED,LOC.701.MED,#27cf7e,landslide.LOC.701.MED,"['138.2529', '36.2048']",,MED,FALSE
5000,LOC.701/FAC,LOC.701.FAC,#f0a73a,landslide.LOC.701.FAC,"['138.2529', '36.2048']",,FAC,FALSE
5000,LOC.701/DATA,LOC.701.DATA,#8579ec,landslide.LOC.701.DATA,"['138.2529', '36.2048']",,DATA,FALSE
10000,LOC.702,LOC.702,#2579e8,landslide.LOC.702,"['138.177212', '36.204824']",Japanese archipelago,LOC,FALSE
5000,LOC.702/MED,LOC.702.MED,#27cf7e,landslide.LOC.702.MED,"['138.177212', '36.204824']",,MED,FALSE
5000,LOC.702/FAC,LOC.702.FAC,#f0a73a,landslide.LOC.702.FAC,"['138.177212', '36.204824']",,FAC,FALSE
5000,LOC.702/DATA,LOC.702.DATA,#8579ec,landslide.LOC.702.DATA,"['138.177212', '36.204824']",,DATA,FALSE
10000,LOC.703,LOC.703,#2579e8,landslide.LOC.703,"['110.4263', '-7.7956']",Java,LOC,FALSE
5000,LOC.703/MED,LOC.703.MED,#27cf7e,landslide.LOC.703.MED,"['110.4263', '-7.7956']",,MED,FALSE
5000,LOC.703/FAC,LOC.703.FAC,#f0a73a,landslide.LOC.703.FAC,"['110.4263', '-7.7956']",,FAC,FALSE
5000,LOC.703/DATA,LOC.703.DATA,#8579ec,landslide.LOC.703.DATA,"['110.4263', '-7.7956']",,DATA,FALSE
10000,LOC.704,LOC.704,#2579e8,landslide.LOC.704,"['107.6098', '-6.9204']",Jawa Barat,LOC,FALSE
5000,LOC.704/MED,LOC.704.MED,#27cf7e,landslide.LOC.704.MED,"['107.6098', '-6.9204']",,MED,FALSE
5000,LOC.704/FAC,LOC.704.FAC,#f0a73a,landslide.LOC.704.FAC,"['107.6098', '-6.9204']",,FAC,FALSE
5000,LOC.704/DATA,LOC.704.DATA,#8579ec,landslide.LOC.704.DATA,"['107.6098', '-6.9204']",,DATA,FALSE
10000,LOC.705,LOC.705,#2579e8,landslide.LOC.705,"['126.4983', '33.4996']",Jeju Island,LOC,FALSE
5000,LOC.705/MED,LOC.705.MED,#27cf7e,landslide.LOC.705.MED,"['126.4983', '33.4996']",,MED,FALSE
5000,LOC.705/FAC,LOC.705.FAC,#f0a73a,landslide.LOC.705.FAC,"['126.4983', '33.4996']",,FAC,FALSE
5000,LOC.705/DATA,LOC.705.DATA,#8579ec,landslide.LOC.705.DATA,"['126.4983', '33.4996']",,DATA,FALSE
10000,LOC.706,LOC.706,#2579e8,landslide.LOC.706,"['100.5292', '5.4999']",Jeli - Gerik highway,LOC,FALSE
5000,LOC.706/MED,LOC.706.MED,#27cf7e,landslide.LOC.706.MED,"['100.5292', '5.4999']",,MED,FALSE
5000,LOC.706/FAC,LOC.706.FAC,#f0a73a,landslide.LOC.706.FAC,"['100.5292', '5.4999']",,FAC,FALSE
5000,LOC.706/DATA,LOC.706.DATA,#8579ec,landslide.LOC.706.DATA,"['100.5292', '5.4999']",,DATA,FALSE
10000,LOC.707,LOC.707,#2579e8,landslide.LOC.707,"['35.8883', '32.2820']",Jerash Amman highway,LOC,FALSE
5000,LOC.707/MED,LOC.707.MED,#27cf7e,landslide.LOC.707.MED,"['35.8883', '32.2820']",,MED,FALSE
5000,LOC.707/FAC,LOC.707.FAC,#f0a73a,landslide.LOC.707.FAC,"['35.8883', '32.2820']",,FAC,FALSE
5000,LOC.707/DATA,LOC.707.DATA,#8579ec,landslide.LOC.707.DATA,"['35.8883', '32.2820']",,DATA,FALSE
10000,LOC.708,LOC.708,#2579e8,landslide.LOC.708,"['35.9362', '32.2772']",Jerash Governorate,LOC,FALSE
5000,LOC.708/MED,LOC.708.MED,#27cf7e,landslide.LOC.708.MED,"['35.9362', '32.2772']",,MED,FALSE
5000,LOC.708/FAC,LOC.708.FAC,#f0a73a,landslide.LOC.708.FAC,"['35.9362', '32.2772']",,FAC,FALSE
5000,LOC.708/DATA,LOC.708.DATA,#8579ec,landslide.LOC.708.DATA,"['35.9362', '32.2772']",,DATA,FALSE
10000,LOC.709,LOC.709,#2579e8,landslide.LOC.709,"['99.7602', '16.0793']",Jhutaya village,LOC,FALSE
5000,LOC.709/MED,LOC.709.MED,#27cf7e,landslide.LOC.709.MED,"['99.7602', '16.0793']",,MED,FALSE
5000,LOC.709/FAC,LOC.709.FAC,#f0a73a,landslide.LOC.709.FAC,"['99.7602', '16.0793']",,FAC,FALSE
5000,LOC.709/DATA,LOC.709.DATA,#8579ec,landslide.LOC.709.DATA,"['99.7602', '16.0793']",,DATA,FALSE
10000,LOC.710,LOC.710,#2579e8,landslide.LOC.710,"['106.2176', '30.2850']",Jian ge County,LOC,FALSE
5000,LOC.710/MED,LOC.710.MED,#27cf7e,landslide.LOC.710.MED,"['106.2176', '30.2850']",,MED,FALSE
5000,LOC.710/FAC,LOC.710.FAC,#f0a73a,landslide.LOC.710.FAC,"['106.2176', '30.2850']",,FAC,FALSE
5000,LOC.710/DATA,LOC.710.DATA,#8579ec,landslide.LOC.710.DATA,"['106.2176', '30.2850']",,DATA,FALSE
10000,LOC.711,LOC.711,#2579e8,landslide.LOC.711,"['121.5495', '29.9724']",Jiangdong District,LOC,FALSE
5000,LOC.711/MED,LOC.711.MED,#27cf7e,landslide.LOC.711.MED,"['121.5495', '29.9724']",,MED,FALSE
5000,LOC.711/FAC,LOC.711.FAC,#f0a73a,landslide.LOC.711.FAC,"['121.5495', '29.9724']",,FAC,FALSE
5000,LOC.711/DATA,LOC.711.DATA,#8579ec,landslide.LOC.711.DATA,"['121.5495', '29.9724']",,DATA,FALSE
10000,LOC.712,LOC.712,#2579e8,landslide.LOC.712,"['102.1671', '31.1291']",Jiange County,LOC,FALSE
5000,LOC.712/MED,LOC.712.MED,#27cf7e,landslide.LOC.712.MED,"['102.1671', '31.1291']",,MED,FALSE
5000,LOC.712/FAC,LOC.712.FAC,#f0a73a,landslide.LOC.712.FAC,"['102.1671', '31.1291']",,FAC,FALSE
5000,LOC.712/DATA,LOC.712.DATA,#8579ec,landslide.LOC.712.DATA,"['102.1671', '31.1291']",,DATA,FALSE
10000,LOC.713,LOC.713,#2579e8,landslide.LOC.713,"['115.7221', '27.6140']",Jiangxi,LOC,FALSE
5000,LOC.713/MED,LOC.713.MED,#27cf7e,landslide.LOC.713.MED,"['115.7221', '27.6140']",,MED,FALSE
5000,LOC.713/FAC,LOC.713.FAC,#f0a73a,landslide.LOC.713.FAC,"['115.7221', '27.6140']",,FAC,FALSE
5000,LOC.713/DATA,LOC.713.DATA,#8579ec,landslide.LOC.713.DATA,"['115.7221', '27.6140']",,DATA,FALSE
10000,LOC.714,LOC.714,#2579e8,landslide.LOC.714,"['115.7221', '27.6140']",Jiangxi Province,LOC,FALSE
5000,LOC.714/MED,LOC.714.MED,#27cf7e,landslide.LOC.714.MED,"['115.7221', '27.6140']",,MED,FALSE
5000,LOC.714/FAC,LOC.714.FAC,#f0a73a,landslide.LOC.714.FAC,"['115.7221', '27.6140']",,FAC,FALSE
5000,LOC.714/DATA,LOC.714.DATA,#8579ec,landslide.LOC.714.DATA,"['115.7221', '27.6140']",,DATA,FALSE
10000,LOC.715,LOC.715,#2579e8,landslide.LOC.715,"['115.7221', '27.6140']",Jiangxi province in Central China,LOC,FALSE
5000,LOC.715/MED,LOC.715.MED,#27cf7e,landslide.LOC.715.MED,"['115.7221', '27.6140']",,MED,FALSE
5000,LOC.715/FAC,LOC.715.FAC,#f0a73a,landslide.LOC.715.FAC,"['115.7221', '27.6140']",,FAC,FALSE
5000,LOC.715/DATA,LOC.715.DATA,#8579ec,landslide.LOC.715.DATA,"['115.7221', '27.6140']",,DATA,FALSE
10000,LOC.716,LOC.716,#2579e8,landslide.LOC.716,"['127.3317', '43.6883']",Jiaohe County in Jilin Province,LOC,FALSE
5000,LOC.716/MED,LOC.716.MED,#27cf7e,landslide.LOC.716.MED,"['127.3317', '43.6883']",,MED,FALSE
5000,LOC.716/FAC,LOC.716.FAC,#f0a73a,landslide.LOC.716.FAC,"['127.3317', '43.6883']",,FAC,FALSE
5000,LOC.716/DATA,LOC.716.DATA,#8579ec,landslide.LOC.716.DATA,"['127.3317', '43.6883']",,DATA,FALSE
10000,LOC.717,LOC.717,#2579e8,landslide.LOC.717,"['71.2387', '35.3521']",Jijal,LOC,FALSE
5000,LOC.717/MED,LOC.717.MED,#27cf7e,landslide.LOC.717.MED,"['71.2387', '35.3521']",,MED,FALSE
5000,LOC.717/FAC,LOC.717.FAC,#f0a73a,landslide.LOC.717.FAC,"['71.2387', '35.3521']",,FAC,FALSE
5000,LOC.717/DATA,LOC.717.DATA,#8579ec,landslide.LOC.717.DATA,"['71.2387', '35.3521']",,DATA,FALSE
10000,LOC.718,LOC.718,#2579e8,landslide.LOC.718,"['126.5530', '43.8378']",Jilin province,LOC,FALSE
5000,LOC.718/MED,LOC.718.MED,#27cf7e,landslide.LOC.718.MED,"['126.5530', '43.8378']",,MED,FALSE
5000,LOC.718/FAC,LOC.718.FAC,#f0a73a,landslide.LOC.718.FAC,"['126.5530', '43.8378']",,FAC,FALSE
5000,LOC.718/DATA,LOC.718.DATA,#8579ec,landslide.LOC.718.DATA,"['126.5530', '43.8378']",,DATA,FALSE
10000,LOC.719,LOC.719,#2579e8,landslide.LOC.719,"['100.0376', '29.6484']",Jilong Valley,LOC,FALSE
5000,LOC.719/MED,LOC.719.MED,#27cf7e,landslide.LOC.719.MED,"['100.0376', '29.6484']",,MED,FALSE
5000,LOC.719/FAC,LOC.719.FAC,#f0a73a,landslide.LOC.719.FAC,"['100.0376', '29.6484']",,FAC,FALSE
5000,LOC.719/DATA,LOC.719.DATA,#8579ec,landslide.LOC.719.DATA,"['100.0376', '29.6484']",,DATA,FALSE
10000,LOC.720,LOC.720,#2579e8,landslide.LOC.720,"['128.1967', '38.1572']",Jinbu,LOC,FALSE
5000,LOC.720/MED,LOC.720.MED,#27cf7e,landslide.LOC.720.MED,"['128.1967', '38.1572']",,MED,FALSE
5000,LOC.720/FAC,LOC.720.FAC,#f0a73a,landslide.LOC.720.FAC,"['128.1967', '38.1572']",,FAC,FALSE
5000,LOC.720/DATA,LOC.720.DATA,#8579ec,landslide.LOC.720.DATA,"['128.1967', '38.1572']",,DATA,FALSE
10000,LOC.721,LOC.721,#2579e8,landslide.LOC.721,"['117.2219', '36.7309']",Jinnan,LOC,FALSE
5000,LOC.721/MED,LOC.721.MED,#27cf7e,landslide.LOC.721.MED,"['117.2219', '36.7309']",,MED,FALSE
5000,LOC.721/FAC,LOC.721.FAC,#f0a73a,landslide.LOC.721.FAC,"['117.2219', '36.7309']",,FAC,FALSE
5000,LOC.721/DATA,LOC.721.DATA,#8579ec,landslide.LOC.721.DATA,"['117.2219', '36.7309']",,DATA,FALSE
10000,LOC.722,LOC.722,#2579e8,landslide.LOC.722,"['102.2586', '25.7928']",Jinsha River,LOC,FALSE
5000,LOC.722/MED,LOC.722.MED,#27cf7e,landslide.LOC.722.MED,"['102.2586', '25.7928']",,MED,FALSE
5000,LOC.722/FAC,LOC.722.FAC,#f0a73a,landslide.LOC.722.FAC,"['102.2586', '25.7928']",,FAC,FALSE
5000,LOC.722/DATA,LOC.722.DATA,#8579ec,landslide.LOC.722.DATA,"['102.2586', '25.7928']",,DATA,FALSE
10000,LOC.723,LOC.723,#2579e8,landslide.LOC.723,"['99.8942', '28.7836']",Jinshajiang River valley in China,LOC,FALSE
5000,LOC.723/MED,LOC.723.MED,#27cf7e,landslide.LOC.723.MED,"['99.8942', '28.7836']",,MED,FALSE
5000,LOC.723/FAC,LOC.723.FAC,#f0a73a,landslide.LOC.723.FAC,"['99.8942', '28.7836']",,FAC,FALSE
5000,LOC.723/DATA,LOC.723.DATA,#8579ec,landslide.LOC.723.DATA,"['99.8942', '28.7836']",,DATA,FALSE
10000,LOC.724,LOC.724,#2579e8,landslide.LOC.724,"['117.0948', '36.2303']",Jipazi,LOC,FALSE
5000,LOC.724/MED,LOC.724.MED,#27cf7e,landslide.LOC.724.MED,"['117.0948', '36.2303']",,MED,FALSE
5000,LOC.724/FAC,LOC.724.FAC,#f0a73a,landslide.LOC.724.FAC,"['117.0948', '36.2303']",,FAC,FALSE
5000,LOC.724/DATA,LOC.724.DATA,#8579ec,landslide.LOC.724.DATA,"['117.0948', '36.2303']",,DATA,FALSE
10000,LOC.725,LOC.725,#2579e8,landslide.LOC.725,"['127.3736', '35.2948']",Jirisan National Park,LOC,FALSE
5000,LOC.725/MED,LOC.725.MED,#27cf7e,landslide.LOC.725.MED,"['127.3736', '35.2948']",,MED,FALSE
5000,LOC.725/FAC,LOC.725.FAC,#f0a73a,landslide.LOC.725.FAC,"['127.3736', '35.2948']",,FAC,FALSE
5000,LOC.725/DATA,LOC.725.DATA,#8579ec,landslide.LOC.725.DATA,"['127.3736', '35.2948']",,DATA,FALSE
10000,LOC.726,LOC.726,#2579e8,landslide.LOC.726,"['112.6383', '25.3613']",Jiumine in the main part of Xishan Coalfield,LOC,FALSE
5000,LOC.726/MED,LOC.726.MED,#27cf7e,landslide.LOC.726.MED,"['112.6383', '25.3613']",,MED,FALSE
5000,LOC.726/FAC,LOC.726.FAC,#f0a73a,landslide.LOC.726.FAC,"['112.6383', '25.3613']",,FAC,FALSE
5000,LOC.726/DATA,LOC.726.DATA,#8579ec,landslide.LOC.726.DATA,"['112.6383', '25.3613']",,DATA,FALSE
10000,LOC.727,LOC.727,#2579e8,landslide.LOC.727,"['103.9208', '33.2520']",Jiuzhaigou,LOC,FALSE
5000,LOC.727/MED,LOC.727.MED,#27cf7e,landslide.LOC.727.MED,"['103.9208', '33.2520']",,MED,FALSE
5000,LOC.727/FAC,LOC.727.FAC,#f0a73a,landslide.LOC.727.FAC,"['103.9208', '33.2520']",,FAC,FALSE
5000,LOC.727/DATA,LOC.727.DATA,#8579ec,landslide.LOC.727.DATA,"['103.9208', '33.2520']",,DATA,FALSE
10000,LOC.728,LOC.728,#2579e8,landslide.LOC.728,"['103.9178', '33.2633']",Jiuzhaigou County,LOC,FALSE
5000,LOC.728/MED,LOC.728.MED,#27cf7e,landslide.LOC.728.MED,"['103.9178', '33.2633']",,MED,FALSE
5000,LOC.728/FAC,LOC.728.FAC,#f0a73a,landslide.LOC.728.FAC,"['103.9178', '33.2633']",,FAC,FALSE
5000,LOC.728/DATA,LOC.728.DATA,#8579ec,landslide.LOC.728.DATA,"['103.9178', '33.2633']",,DATA,FALSE
10000,LOC.729,LOC.729,#2579e8,landslide.LOC.729,"['103.9100', '33.2248']",Jiuzhaigou meizoseismal region of China,LOC,FALSE
5000,LOC.729/MED,LOC.729.MED,#27cf7e,landslide.LOC.729.MED,"['103.9100', '33.2248']",,MED,FALSE
5000,LOC.729/FAC,LOC.729.FAC,#f0a73a,landslide.LOC.729.FAC,"['103.9100', '33.2248']",,FAC,FALSE
5000,LOC.729/DATA,LOC.729.DATA,#8579ec,landslide.LOC.729.DATA,"['103.9100', '33.2248']",,DATA,FALSE
10000,LOC.730,LOC.730,#2579e8,landslide.LOC.730,"['42.5548', '16.8895']",Jizan,LOC,FALSE
5000,LOC.730/MED,LOC.730.MED,#27cf7e,landslide.LOC.730.MED,"['42.5548', '16.8895']",,MED,FALSE
5000,LOC.730/FAC,LOC.730.FAC,#f0a73a,landslide.LOC.730.FAC,"['42.5548', '16.8895']",,FAC,FALSE
5000,LOC.730/DATA,LOC.730.DATA,#8579ec,landslide.LOC.730.DATA,"['42.5548', '16.8895']",,DATA,FALSE
10000,LOC.731,LOC.731,#2579e8,landslide.LOC.731,"['77.3581', '31.9216']",Joginder Nagar area of Mandi district Himachal Pradesh,LOC,FALSE
5000,LOC.731/MED,LOC.731.MED,#27cf7e,landslide.LOC.731.MED,"['77.3581', '31.9216']",,MED,FALSE
5000,LOC.731/FAC,LOC.731.FAC,#f0a73a,landslide.LOC.731.FAC,"['77.3581', '31.9216']",,FAC,FALSE
5000,LOC.731/DATA,LOC.731.DATA,#8579ec,landslide.LOC.731.DATA,"['77.3581', '31.9216']",,DATA,FALSE
10000,LOC.732,LOC.732,#2579e8,landslide.LOC.732,"['129.2479', '37.2604']",Jumunjin - eup,LOC,FALSE
5000,LOC.732/MED,LOC.732.MED,#27cf7e,landslide.LOC.732.MED,"['129.2479', '37.2604']",,MED,FALSE
5000,LOC.732/FAC,LOC.732.FAC,#f0a73a,landslide.LOC.732.FAC,"['129.2479', '37.2604']",,FAC,FALSE
5000,LOC.732/DATA,LOC.732.DATA,#8579ec,landslide.LOC.732.DATA,"['129.2479', '37.2604']",,DATA,FALSE
10000,LOC.733,LOC.733,#2579e8,landslide.LOC.733,"['129.2114', '37.2683']",Jumunjin Country in South Korea,LOC,FALSE
5000,LOC.733/MED,LOC.733.MED,#27cf7e,landslide.LOC.733.MED,"['129.2114', '37.2683']",,MED,FALSE
5000,LOC.733/FAC,LOC.733.FAC,#f0a73a,landslide.LOC.733.FAC,"['129.2114', '37.2683']",,FAC,FALSE
5000,LOC.733/DATA,LOC.733.DATA,#8579ec,landslide.LOC.733.DATA,"['129.2114', '37.2683']",,DATA,FALSE
10000,LOC.734,LOC.734,#2579e8,landslide.LOC.734,"['9.1313', '48.8002']",Jurassic escarpment in the Swabian Alb,LOC,FALSE
5000,LOC.734/MED,LOC.734.MED,#27cf7e,landslide.LOC.734.MED,"['9.1313', '48.8002']",,MED,FALSE
5000,LOC.734/FAC,LOC.734.FAC,#f0a73a,landslide.LOC.734.FAC,"['9.1313', '48.8002']",,FAC,FALSE
5000,LOC.734/DATA,LOC.734.DATA,#8579ec,landslide.LOC.734.DATA,"['9.1313', '48.8002']",,DATA,FALSE
10000,LOC.735,LOC.735,#2579e8,landslide.LOC.735,"['9.1000', '56.0000']",Jutland,LOC,FALSE
5000,LOC.735/MED,LOC.735.MED,#27cf7e,landslide.LOC.735.MED,"['9.1000', '56.0000']",,MED,FALSE
5000,LOC.735/FAC,LOC.735.FAC,#f0a73a,landslide.LOC.735.FAC,"['9.1000', '56.0000']",,FAC,FALSE
5000,LOC.735/DATA,LOC.735.DATA,#8579ec,landslide.LOC.735.DATA,"['9.1000', '56.0000']",,DATA,FALSE
10000,LOC.736,LOC.736,#2579e8,landslide.LOC.736,"['121.15', '16.87']",Kabawetan,LOC,FALSE
5000,LOC.736/MED,LOC.736.MED,#27cf7e,landslide.LOC.736.MED,"['121.15', '16.87']",,MED,FALSE
5000,LOC.736/FAC,LOC.736.FAC,#f0a73a,landslide.LOC.736.FAC,"['121.15', '16.87']",,FAC,FALSE
5000,LOC.736/DATA,LOC.736.DATA,#8579ec,landslide.LOC.736.DATA,"['121.15', '16.87']",,DATA,FALSE
10000,LOC.737,LOC.737,#2579e8,landslide.LOC.737,"['73.68', '34.89']",Kaghan valley catchment,LOC,FALSE
5000,LOC.737/MED,LOC.737.MED,#27cf7e,landslide.LOC.737.MED,"['73.68', '34.89']",,MED,FALSE
5000,LOC.737/FAC,LOC.737.FAC,#f0a73a,landslide.LOC.737.FAC,"['73.68', '34.89']",,FAC,FALSE
5000,LOC.737/DATA,LOC.737.DATA,#8579ec,landslide.LOC.737.DATA,"['73.68', '34.89']",,DATA,FALSE
10000,LOC.738,LOC.738,#2579e8,landslide.LOC.738,"['81.31', '30.80']",Kailash Sacred Landscape,LOC,FALSE
5000,LOC.738/MED,LOC.738.MED,#27cf7e,landslide.LOC.738.MED,"['81.31', '30.80']",,MED,FALSE
5000,LOC.738/FAC,LOC.738.FAC,#f0a73a,landslide.LOC.738.FAC,"['81.31', '30.80']",,FAC,FALSE
5000,LOC.738/DATA,LOC.738.DATA,#8579ec,landslide.LOC.738.DATA,"['81.31', '30.80']",,DATA,FALSE
10000,LOC.739,LOC.739,#2579e8,landslide.LOC.739,"['108.77', '31.15']",Kaixian,LOC,FALSE
5000,LOC.739/MED,LOC.739.MED,#27cf7e,landslide.LOC.739.MED,"['108.77', '31.15']",,MED,FALSE
5000,LOC.739/FAC,LOC.739.FAC,#f0a73a,landslide.LOC.739.FAC,"['108.77', '31.15']",,FAC,FALSE
5000,LOC.739/DATA,LOC.739.DATA,#8579ec,landslide.LOC.739.DATA,"['108.77', '31.15']",,DATA,FALSE
10000,LOC.740,LOC.740,#2579e8,landslide.LOC.740,"['106.57', '27.33']",Kaiyang County,LOC,FALSE
5000,LOC.740/MED,LOC.740.MED,#27cf7e,landslide.LOC.740.MED,"['106.57', '27.33']",,MED,FALSE
5000,LOC.740/FAC,LOC.740.FAC,#f0a73a,landslide.LOC.740.FAC,"['106.57', '27.33']",,FAC,FALSE
5000,LOC.740/DATA,LOC.740.DATA,#8579ec,landslide.LOC.740.DATA,"['106.57', '27.33']",,DATA,FALSE
10000,LOC.741,LOC.741,#2579e8,landslide.LOC.741,"['114.12', '14.98']",Kakan catchment,LOC,FALSE
5000,LOC.741/MED,LOC.741.MED,#27cf7e,landslide.LOC.741.MED,"['114.12', '14.98']",,MED,FALSE
5000,LOC.741/FAC,LOC.741.FAC,#f0a73a,landslide.LOC.741.FAC,"['114.12', '14.98']",,FAC,FALSE
5000,LOC.741/DATA,LOC.741.DATA,#8579ec,landslide.LOC.741.DATA,"['114.12', '14.98']",,DATA,FALSE
10000,LOC.742,LOC.742,#2579e8,landslide.LOC.742,"['139.45', '37.15']",Kakuda - Yahiko Mountains of Central Japan,LOC,FALSE
5000,LOC.742/MED,LOC.742.MED,#27cf7e,landslide.LOC.742.MED,"['139.45', '37.15']",,MED,FALSE
5000,LOC.742/FAC,LOC.742.FAC,#f0a73a,landslide.LOC.742.FAC,"['139.45', '37.15']",,FAC,FALSE
5000,LOC.742/DATA,LOC.742.DATA,#8579ec,landslide.LOC.742.DATA,"['139.45', '37.15']",,DATA,FALSE
10000,LOC.743,LOC.743,#2579e8,landslide.LOC.743,"['140.97', '38.85']",Kakuda Mountain,LOC,FALSE
5000,LOC.743/MED,LOC.743.MED,#27cf7e,landslide.LOC.743.MED,"['140.97', '38.85']",,MED,FALSE
5000,LOC.743/FAC,LOC.743.FAC,#f0a73a,landslide.LOC.743.FAC,"['140.97', '38.85']",,FAC,FALSE
5000,LOC.743/DATA,LOC.743.DATA,#8579ec,landslide.LOC.743.DATA,"['140.97', '38.85']",,DATA,FALSE
10000,LOC.744,LOC.744,#2579e8,landslide.LOC.744,"['53.34', '37.38']",Kalaleh Township area of the Golestan province,LOC,FALSE
5000,LOC.744/MED,LOC.744.MED,#27cf7e,landslide.LOC.744.MED,"['53.34', '37.38']",,MED,FALSE
5000,LOC.744/FAC,LOC.744.FAC,#f0a73a,landslide.LOC.744.FAC,"['53.34', '37.38']",,FAC,FALSE
5000,LOC.744/DATA,LOC.744.DATA,#8579ec,landslide.LOC.744.DATA,"['53.34', '37.38']",,DATA,FALSE
10000,LOC.745,LOC.745,#2579e8,landslide.LOC.745,"['53.30', '37.38']",Kalaleh watershed,LOC,FALSE
5000,LOC.745/MED,LOC.745.MED,#27cf7e,landslide.LOC.745.MED,"['53.30', '37.38']",,MED,FALSE
5000,LOC.745/FAC,LOC.745.FAC,#f0a73a,landslide.LOC.745.FAC,"['53.30', '37.38']",,FAC,FALSE
5000,LOC.745/DATA,LOC.745.DATA,#8579ec,landslide.LOC.745.DATA,"['53.30', '37.38']",,DATA,FALSE
10000,LOC.746,LOC.746,#2579e8,landslide.LOC.746,"['83.83', '28.64']",Kali Gandaki valley,LOC,FALSE
5000,LOC.746/MED,LOC.746.MED,#27cf7e,landslide.LOC.746.MED,"['83.83', '28.64']",,MED,FALSE
5000,LOC.746/FAC,LOC.746.FAC,#f0a73a,landslide.LOC.746.FAC,"['83.83', '28.64']",,FAC,FALSE
5000,LOC.746/DATA,LOC.746.DATA,#8579ec,landslide.LOC.746.DATA,"['83.83', '28.64']",,DATA,FALSE
10000,LOC.747,LOC.747,#2579e8,landslide.LOC.747,"['75.63', '34.00']",Kali River valley,LOC,FALSE
5000,LOC.747/MED,LOC.747.MED,#27cf7e,landslide.LOC.747.MED,"['75.63', '34.00']",,MED,FALSE
5000,LOC.747/FAC,LOC.747.FAC,#f0a73a,landslide.LOC.747.FAC,"['75.63', '34.00']",,FAC,FALSE
5000,LOC.747/DATA,LOC.747.DATA,#8579ec,landslide.LOC.747.DATA,"['75.63', '34.00']",,DATA,FALSE
10000,LOC.748,LOC.748,#2579e8,landslide.LOC.748,"['88.47', '27.06']",Kalimpong,LOC,FALSE
5000,LOC.748/MED,LOC.748.MED,#27cf7e,landslide.LOC.748.MED,"['88.47', '27.06']",,MED,FALSE
5000,LOC.748/FAC,LOC.748.FAC,#f0a73a,landslide.LOC.748.FAC,"['88.47', '27.06']",,FAC,FALSE
5000,LOC.748/DATA,LOC.748.DATA,#8579ec,landslide.LOC.748.DATA,"['88.47', '27.06']",,DATA,FALSE
10000,LOC.749,LOC.749,#2579e8,landslide.LOC.749,"['88.48', '27.06']",Kalimpong district,LOC,FALSE
5000,LOC.749/MED,LOC.749.MED,#27cf7e,landslide.LOC.749.MED,"['88.48', '27.06']",,MED,FALSE
5000,LOC.749/FAC,LOC.749.FAC,#f0a73a,landslide.LOC.749.FAC,"['88.48', '27.06']",,FAC,FALSE
5000,LOC.749/DATA,LOC.749.DATA,#8579ec,landslide.LOC.749.DATA,"['88.48', '27.06']",,DATA,FALSE
10000,LOC.750,LOC.750,#2579e8,landslide.LOC.750,"['88.47', '27.06']",Kalimpong of Darjeeling Himalayas,LOC,FALSE
5000,LOC.750/MED,LOC.750.MED,#27cf7e,landslide.LOC.750.MED,"['88.47', '27.06']",,MED,FALSE
5000,LOC.750/FAC,LOC.750.FAC,#f0a73a,landslide.LOC.750.FAC,"['88.47', '27.06']",,FAC,FALSE
5000,LOC.750/DATA,LOC.750.DATA,#8579ec,landslide.LOC.750.DATA,"['88.47', '27.06']",,DATA,FALSE
10000,LOC.751,LOC.751,#2579e8,landslide.LOC.751,"['88.47', '27.06']",Kalimpong town,LOC,FALSE
5000,LOC.751/MED,LOC.751.MED,#27cf7e,landslide.LOC.751.MED,"['88.47', '27.06']",,MED,FALSE
5000,LOC.751/FAC,LOC.751.FAC,#f0a73a,landslide.LOC.751.FAC,"['88.47', '27.06']",,FAC,FALSE
5000,LOC.751/DATA,LOC.751.DATA,#8579ec,landslide.LOC.751.DATA,"['88.47', '27.06']",,DATA,FALSE
10000,LOC.752,LOC.752,#2579e8,landslide.LOC.752,"['77.24', '30.31']",Kallar River Sub Watersheds,LOC,FALSE
5000,LOC.752/MED,LOC.752.MED,#27cf7e,landslide.LOC.752.MED,"['77.24', '30.31']",,MED,FALSE
5000,LOC.752/FAC,LOC.752.FAC,#f0a73a,landslide.LOC.752.FAC,"['77.24', '30.31']",,FAC,FALSE
5000,LOC.752/DATA,LOC.752.DATA,#8579ec,landslide.LOC.752.DATA,"['77.24', '30.31']",,DATA,FALSE
10000,LOC.753,LOC.753,#2579e8,landslide.LOC.753,"['77.72', '30.72']",Kalsi - Chakrata road corridor,LOC,FALSE
5000,LOC.753/MED,LOC.753.MED,#27cf7e,landslide.LOC.753.MED,"['77.72', '30.72']",,MED,FALSE
5000,LOC.753/FAC,LOC.753.FAC,#f0a73a,landslide.LOC.753.FAC,"['77.72', '30.72']",,FAC,FALSE
5000,LOC.753/DATA,LOC.753.DATA,#8579ec,landslide.LOC.753.DATA,"['77.72', '30.72']",,DATA,FALSE
10000,LOC.754,LOC.754,#2579e8,landslide.LOC.754,"['77.72', '30.72']",Kalsi - Chakrata road corridor of Uttarakhand,LOC,FALSE
5000,LOC.754/MED,LOC.754.MED,#27cf7e,landslide.LOC.754.MED,"['77.72', '30.72']",,MED,FALSE
5000,LOC.754/FAC,LOC.754.FAC,#f0a73a,landslide.LOC.754.FAC,"['77.72', '30.72']",,FAC,FALSE
5000,LOC.754/DATA,LOC.754.DATA,#8579ec,landslide.LOC.754.DATA,"['77.72', '30.72']",,DATA,FALSE
10000,LOC.755,LOC.755,#2579e8,landslide.LOC.755,"['73.67', '19.60']",Kalsubai region of Deccan volcanic province,LOC,FALSE
5000,LOC.755/MED,LOC.755.MED,#27cf7e,landslide.LOC.755.MED,"['73.67', '19.60']",,MED,FALSE
5000,LOC.755/FAC,LOC.755.FAC,#f0a73a,landslide.LOC.755.FAC,"['73.67', '19.60']",,FAC,FALSE
5000,LOC.755/DATA,LOC.755.DATA,#8579ec,landslide.LOC.755.DATA,"['73.67', '19.60']",,DATA,FALSE
10000,LOC.756,LOC.756,#2579e8,landslide.LOC.756,"['79.9647', '6.5794']",Kalutara district,LOC,FALSE
5000,LOC.756/MED,LOC.756.MED,#27cf7e,landslide.LOC.756.MED,"['79.9647', '6.5794']",,MED,FALSE
5000,LOC.756/FAC,LOC.756.FAC,#f0a73a,landslide.LOC.756.FAC,"['79.9647', '6.5794']",,FAC,FALSE
5000,LOC.756/DATA,LOC.756.DATA,#8579ec,landslide.LOC.756.DATA,"['79.9647', '6.5794']",,DATA,FALSE
10000,LOC.757,LOC.757,#2579e8,landslide.LOC.757,"['45.0337', '35.5483']",Kamenziwan,LOC,FALSE
5000,LOC.757/MED,LOC.757.MED,#27cf7e,landslide.LOC.757.MED,"['45.0337', '35.5483']",,MED,FALSE
5000,LOC.757/FAC,LOC.757.FAC,#f0a73a,landslide.LOC.757.FAC,"['45.0337', '35.5483']",,FAC,FALSE
5000,LOC.757/DATA,LOC.757.DATA,#8579ec,landslide.LOC.757.DATA,"['45.0337', '35.5483']",,DATA,FALSE
10000,LOC.758,LOC.758,#2579e8,landslide.LOC.758,"['45.8000', '34.7500']",Kamyaran - Sarvabad road in the Kurdistan province of Iran,LOC,FALSE
5000,LOC.758/MED,LOC.758.MED,#27cf7e,landslide.LOC.758.MED,"['45.8000', '34.7500']",,MED,FALSE
5000,LOC.758/FAC,LOC.758.FAC,#f0a73a,landslide.LOC.758.FAC,"['45.8000', '34.7500']",,FAC,FALSE
5000,LOC.758/DATA,LOC.758.DATA,#8579ec,landslide.LOC.758.DATA,"['45.8000', '34.7500']",,DATA,FALSE
10000,LOC.759,LOC.759,#2579e8,landslide.LOC.759,"['45.5000', '34.7500']",Kamyaran city in Kurdistan Province,LOC,FALSE
5000,LOC.759/MED,LOC.759.MED,#27cf7e,landslide.LOC.759.MED,"['45.5000', '34.7500']",,MED,FALSE
5000,LOC.759/FAC,LOC.759.FAC,#f0a73a,landslide.LOC.759.FAC,"['45.5000', '34.7500']",,FAC,FALSE
5000,LOC.759/DATA,LOC.759.DATA,#8579ec,landslide.LOC.759.DATA,"['45.5000', '34.7500']",,DATA,FALSE
10000,LOC.760,LOC.760,#2579e8,landslide.LOC.760,"['87.0', '27.5']",Kankai watershed in east Nepal,LOC,FALSE
5000,LOC.760/MED,LOC.760.MED,#27cf7e,landslide.LOC.760.MED,"['87.0', '27.5']",,MED,FALSE
5000,LOC.760/FAC,LOC.760.FAC,#f0a73a,landslide.LOC.760.FAC,"['87.0', '27.5']",,FAC,FALSE
5000,LOC.760/DATA,LOC.760.DATA,#8579ec,landslide.LOC.760.DATA,"['87.0', '27.5']",,DATA,FALSE
10000,LOC.761,LOC.761,#2579e8,landslide.LOC.761,"['120.4172', '22.7176']",Kaoping River Basin,LOC,FALSE
5000,LOC.761/MED,LOC.761.MED,#27cf7e,landslide.LOC.761.MED,"['120.4172', '22.7176']",,MED,FALSE
5000,LOC.761/FAC,LOC.761.FAC,#f0a73a,landslide.LOC.761.FAC,"['120.4172', '22.7176']",,FAC,FALSE
5000,LOC.761/DATA,LOC.761.DATA,#8579ec,landslide.LOC.761.DATA,"['120.4172', '22.7176']",,DATA,FALSE
10000,LOC.762,LOC.762,#2579e8,landslide.LOC.762,"['32.6275', '41.2']",Karabuk province of Turkey,LOC,FALSE
5000,LOC.762/MED,LOC.762.MED,#27cf7e,landslide.LOC.762.MED,"['32.6275', '41.2']",,MED,FALSE
5000,LOC.762/FAC,LOC.762.FAC,#f0a73a,landslide.LOC.762.FAC,"['32.6275', '41.2']",,FAC,FALSE
5000,LOC.762/DATA,LOC.762.DATA,#8579ec,landslide.LOC.762.DATA,"['32.6275', '41.2']",,DATA,FALSE
10000,LOC.763,LOC.763,#2579e8,landslide.LOC.763,"['50.8764', '35.7833']",Karaj Dam Basin in Iran,LOC,FALSE
5000,LOC.763/MED,LOC.763.MED,#27cf7e,landslide.LOC.763.MED,"['50.8764', '35.7833']",,MED,FALSE
5000,LOC.763/FAC,LOC.763.FAC,#f0a73a,landslide.LOC.763.FAC,"['50.8764', '35.7833']",,FAC,FALSE
5000,LOC.763/DATA,LOC.763.DATA,#8579ec,landslide.LOC.763.DATA,"['50.8764', '35.7833']",,DATA,FALSE
10000,LOC.764,LOC.764,#2579e8,landslide.LOC.764,"['77.5828', '35.5577']",Karakoram,LOC,FALSE
5000,LOC.764/MED,LOC.764.MED,#27cf7e,landslide.LOC.764.MED,"['77.5828', '35.5577']",,MED,FALSE
5000,LOC.764/FAC,LOC.764.FAC,#f0a73a,landslide.LOC.764.FAC,"['77.5828', '35.5577']",,FAC,FALSE
5000,LOC.764/DATA,LOC.764.DATA,#8579ec,landslide.LOC.764.DATA,"['77.5828', '35.5577']",,DATA,FALSE
10000,LOC.765,LOC.765,#2579e8,landslide.LOC.765,"['74.5825', '35.9006']",Karakoram Highway,LOC,FALSE
5000,LOC.765/MED,LOC.765.MED,#27cf7e,landslide.LOC.765.MED,"['74.5825', '35.9006']",,MED,FALSE
5000,LOC.765/FAC,LOC.765.FAC,#f0a73a,landslide.LOC.765.FAC,"['74.5825', '35.9006']",,FAC,FALSE
5000,LOC.765/DATA,LOC.765.DATA,#8579ec,landslide.LOC.765.DATA,"['74.5825', '35.9006']",,DATA,FALSE
10000,LOC.766,LOC.766,#2579e8,landslide.LOC.766,"['76.5155', '35.8047']",Karakorum mountainous,LOC,FALSE
5000,LOC.766/MED,LOC.766.MED,#27cf7e,landslide.LOC.766.MED,"['76.5155', '35.8047']",,MED,FALSE
5000,LOC.766/FAC,LOC.766.FAC,#f0a73a,landslide.LOC.766.FAC,"['76.5155', '35.8047']",,FAC,FALSE
5000,LOC.766/DATA,LOC.766.DATA,#8579ec,landslide.LOC.766.DATA,"['76.5155', '35.8047']",,DATA,FALSE
10000,LOC.767,LOC.767,#2579e8,landslide.LOC.767,"['76.1292', '34.5519']",Kargil,LOC,FALSE
5000,LOC.767/MED,LOC.767.MED,#27cf7e,landslide.LOC.767.MED,"['76.1292', '34.5519']",,MED,FALSE
5000,LOC.767/FAC,LOC.767.FAC,#f0a73a,landslide.LOC.767.FAC,"['76.1292', '34.5519']",,FAC,FALSE
5000,LOC.767/DATA,LOC.767.DATA,#8579ec,landslide.LOC.767.DATA,"['76.1292', '34.5519']",,DATA,FALSE
10000,LOC.768,LOC.768,#2579e8,landslide.LOC.768,"['37.3929', '37.7373']",Karisanri catchment,LOC,FALSE
5000,LOC.768/MED,LOC.768.MED,#27cf7e,landslide.LOC.768.MED,"['37.3929', '37.7373']",,MED,FALSE
5000,LOC.768/FAC,LOC.768.FAC,#f0a73a,landslide.LOC.768.FAC,"['37.3929', '37.7373']",,FAC,FALSE
5000,LOC.768/DATA,LOC.768.DATA,#8579ec,landslide.LOC.768.DATA,"['37.3929', '37.7373']",,DATA,FALSE
10000,LOC.769,LOC.769,#2579e8,landslide.LOC.769,"['81.8769', '29.0479']",Karnali,LOC,FALSE
5000,LOC.769/MED,LOC.769.MED,#27cf7e,landslide.LOC.769.MED,"['81.8769', '29.0479']",,MED,FALSE
5000,LOC.769/FAC,LOC.769.FAC,#f0a73a,landslide.LOC.769.FAC,"['81.8769', '29.0479']",,FAC,FALSE
5000,LOC.769/DATA,LOC.769.DATA,#8579ec,landslide.LOC.769.DATA,"['81.8769', '29.0479']",,DATA,FALSE
10000,LOC.770,LOC.770,#2579e8,landslide.LOC.770,"['81.4827', '28.2975']",Karnali highway,LOC,FALSE
5000,LOC.770/MED,LOC.770.MED,#27cf7e,landslide.LOC.770.MED,"['81.4827', '28.2975']",,MED,FALSE
5000,LOC.770/FAC,LOC.770.FAC,#f0a73a,landslide.LOC.770.FAC,"['81.4827', '28.2975']",,FAC,FALSE
5000,LOC.770/DATA,LOC.770.DATA,#8579ec,landslide.LOC.770.DATA,"['81.4827', '28.2975']",,DATA,FALSE
10000,LOC.771,LOC.771,#2579e8,landslide.LOC.771,"['76.6817', '12.2958']",Karnataka,LOC,FALSE
5000,LOC.771/MED,LOC.771.MED,#27cf7e,landslide.LOC.771.MED,"['76.6817', '12.2958']",,MED,FALSE
5000,LOC.771/FAC,LOC.771.FAC,#f0a73a,landslide.LOC.771.FAC,"['76.6817', '12.2958']",,FAC,FALSE
5000,LOC.771/DATA,LOC.771.DATA,#8579ec,landslide.LOC.771.DATA,"['76.6817', '12.2958']",,DATA,FALSE
10000,LOC.772,LOC.772,#2579e8,landslide.LOC.772,"['104.9501', '25.4871']",Karst,LOC,FALSE
5000,LOC.772/MED,LOC.772.MED,#27cf7e,landslide.LOC.772.MED,"['104.9501', '25.4871']",,MED,FALSE
5000,LOC.772/FAC,LOC.772.FAC,#f0a73a,landslide.LOC.772.FAC,"['104.9501', '25.4871']",,FAC,FALSE
5000,LOC.772/DATA,LOC.772.DATA,#8579ec,landslide.LOC.772.DATA,"['104.9501', '25.4871']",,DATA,FALSE
10000,LOC.773,LOC.773,#2579e8,landslide.LOC.773,"['107.0', '23.5']",Karst mountain region in Southwest China,LOC,FALSE
5000,LOC.773/MED,LOC.773.MED,#27cf7e,landslide.LOC.773.MED,"['107.0', '23.5']",,MED,FALSE
5000,LOC.773/FAC,LOC.773.FAC,#f0a73a,landslide.LOC.773.FAC,"['107.0', '23.5']",,FAC,FALSE
5000,LOC.773/DATA,LOC.773.DATA,#8579ec,landslide.LOC.773.DATA,"['107.0', '23.5']",,DATA,FALSE
10000,LOC.774,LOC.774,#2579e8,landslide.LOC.774,"['49.0', '32.5']",Karun watershed in the Zagros Mountains,LOC,FALSE
5000,LOC.774/MED,LOC.774.MED,#27cf7e,landslide.LOC.774.MED,"['49.0', '32.5']",,MED,FALSE
5000,LOC.774/FAC,LOC.774.FAC,#f0a73a,landslide.LOC.774.FAC,"['49.0', '32.5']",,FAC,FALSE
5000,LOC.774/DATA,LOC.774.DATA,#8579ec,landslide.LOC.774.DATA,"['49.0', '32.5']",,DATA,FALSE
10000,LOC.775,LOC.775,#2579e8,landslide.LOC.775,"['75.2407', '33.7782']",Kashmir,LOC,FALSE
5000,LOC.775/MED,LOC.775.MED,#27cf7e,landslide.LOC.775.MED,"['75.2407', '33.7782']",,MED,FALSE
5000,LOC.775/FAC,LOC.775.FAC,#f0a73a,landslide.LOC.775.FAC,"['75.2407', '33.7782']",,FAC,FALSE
5000,LOC.775/DATA,LOC.775.DATA,#8579ec,landslide.LOC.775.DATA,"['75.2407', '33.7782']",,DATA,FALSE
10000,LOC.776,LOC.776,#2579e8,landslide.LOC.776,"['75.7873', '34.0837']",Kashmir valley,LOC,FALSE
5000,LOC.776/MED,LOC.776.MED,#27cf7e,landslide.LOC.776.MED,"['75.7873', '34.0837']",,MED,FALSE
5000,LOC.776/FAC,LOC.776.FAC,#f0a73a,landslide.LOC.776.FAC,"['75.7873', '34.0837']",,FAC,FALSE
5000,LOC.776/DATA,LOC.776.DATA,#8579ec,landslide.LOC.776.DATA,"['75.7873', '34.0837']",,DATA,FALSE
10000,LOC.777,LOC.777,#2579e8,landslide.LOC.777,"['99.5218', '18.9008']",Kat County,LOC,FALSE
5000,LOC.777/MED,LOC.777.MED,#27cf7e,landslide.LOC.777.MED,"['99.5218', '18.9008']",,MED,FALSE
5000,LOC.777/FAC,LOC.777.FAC,#f0a73a,landslide.LOC.777.FAC,"['99.5218', '18.9008']",,FAC,FALSE
5000,LOC.777/DATA,LOC.777.DATA,#8579ec,landslide.LOC.777.DATA,"['99.5218', '18.9008']",,DATA,FALSE
10000,LOC.778,LOC.778,#2579e8,landslide.LOC.778,"['85.3306', '27.7172']",Kathmandu Kyirong Highway,LOC,FALSE
5000,LOC.778/MED,LOC.778.MED,#27cf7e,landslide.LOC.778.MED,"['85.3306', '27.7172']",,MED,FALSE
5000,LOC.778/FAC,LOC.778.FAC,#f0a73a,landslide.LOC.778.FAC,"['85.3306', '27.7172']",,FAC,FALSE
5000,LOC.778/DATA,LOC.778.DATA,#8579ec,landslide.LOC.778.DATA,"['85.3306', '27.7172']",,DATA,FALSE
10000,LOC.779,LOC.779,#2579e8,landslide.LOC.779,"['85.3158', '27.7631']",Kathmandu Trishuli highway,LOC,FALSE
5000,LOC.779/MED,LOC.779.MED,#27cf7e,landslide.LOC.779.MED,"['85.3158', '27.7631']",,MED,FALSE
5000,LOC.779/FAC,LOC.779.FAC,#f0a73a,landslide.LOC.779.FAC,"['85.3158', '27.7631']",,FAC,FALSE
5000,LOC.779/DATA,LOC.779.DATA,#8579ec,landslide.LOC.779.DATA,"['85.3158', '27.7631']",,DATA,FALSE
10000,LOC.780,LOC.780,#2579e8,landslide.LOC.780,"['109.8219', '-7.2546']",Kejajar District,LOC,FALSE
5000,LOC.780/MED,LOC.780.MED,#27cf7e,landslide.LOC.780.MED,"['109.8219', '-7.2546']",,MED,FALSE
5000,LOC.780/FAC,LOC.780.FAC,#f0a73a,landslide.LOC.780.FAC,"['109.8219', '-7.2546']",,FAC,FALSE
5000,LOC.780/DATA,LOC.780.DATA,#8579ec,landslide.LOC.780.DATA,"['109.8219', '-7.2546']",,DATA,FALSE
10000,LOC.781,LOC.781,#2579e8,landslide.LOC.781,"['102.2501', '5.2670']",Kelantan state,LOC,FALSE
5000,LOC.781/MED,LOC.781.MED,#27cf7e,landslide.LOC.781.MED,"['102.2501', '5.2670']",,MED,FALSE
5000,LOC.781/FAC,LOC.781.FAC,#f0a73a,landslide.LOC.781.FAC,"['102.2501', '5.2670']",,FAC,FALSE
5000,LOC.781/DATA,LOC.781.DATA,#8579ec,landslide.LOC.781.DATA,"['102.2501', '5.2670']",,DATA,FALSE
10000,LOC.782,LOC.782,#2579e8,landslide.LOC.782,"['112.5895', '-7.9450']",Kelindang Village,LOC,FALSE
5000,LOC.782/MED,LOC.782.MED,#27cf7e,landslide.LOC.782.MED,"['112.5895', '-7.9450']",,MED,FALSE
5000,LOC.782/FAC,LOC.782.FAC,#f0a73a,landslide.LOC.782.FAC,"['112.5895', '-7.9450']",,FAC,FALSE
5000,LOC.782/DATA,LOC.782.DATA,#8579ec,landslide.LOC.782.DATA,"['112.5895', '-7.9450']",,DATA,FALSE
10000,LOC.783,LOC.783,#2579e8,landslide.LOC.783,"['27.2650', '38.4263']",Kemalpasa districts,LOC,FALSE
5000,LOC.783/MED,LOC.783.MED,#27cf7e,landslide.LOC.783.MED,"['27.2650', '38.4263']",,MED,FALSE
5000,LOC.783/FAC,LOC.783.FAC,#f0a73a,landslide.LOC.783.FAC,"['27.2650', '38.4263']",,FAC,FALSE
5000,LOC.783/DATA,LOC.783.DATA,#8579ec,landslide.LOC.783.DATA,"['27.2650', '38.4263']",,DATA,FALSE
10000,LOC.784,LOC.784,#2579e8,landslide.LOC.784,"['84.2700', '37.8393']",Kentucky,LOC,FALSE
5000,LOC.784/MED,LOC.784.MED,#27cf7e,landslide.LOC.784.MED,"['84.2700', '37.8393']",,MED,FALSE
5000,LOC.784/FAC,LOC.784.FAC,#f0a73a,landslide.LOC.784.FAC,"['84.2700', '37.8393']",,FAC,FALSE
5000,LOC.784/DATA,LOC.784.DATA,#8579ec,landslide.LOC.784.DATA,"['84.2700', '37.8393']",,DATA,FALSE
10000,LOC.785,LOC.785,#2579e8,landslide.LOC.785,"['37.9062', '-0.0236']",Kenya,LOC,FALSE
5000,LOC.785/MED,LOC.785.MED,#27cf7e,landslide.LOC.785.MED,"['37.9062', '-0.0236']",,MED,FALSE
5000,LOC.785/FAC,LOC.785.FAC,#f0a73a,landslide.LOC.785.FAC,"['37.9062', '-0.0236']",,FAC,FALSE
5000,LOC.785/DATA,LOC.785.DATA,#8579ec,landslide.LOC.785.DATA,"['37.9062', '-0.0236']",,DATA,FALSE
10000,LOC.786,LOC.786,#2579e8,landslide.LOC.786,"['102.4894', '-3.5709']",Kepahiang,LOC,FALSE
5000,LOC.786/MED,LOC.786.MED,#27cf7e,landslide.LOC.786.MED,"['102.4894', '-3.5709']",,MED,FALSE
5000,LOC.786/FAC,LOC.786.FAC,#f0a73a,landslide.LOC.786.FAC,"['102.4894', '-3.5709']",,FAC,FALSE
5000,LOC.786/DATA,LOC.786.DATA,#8579ec,landslide.LOC.786.DATA,"['102.4894', '-3.5709']",,DATA,FALSE
10000,LOC.787,LOC.787,#2579e8,landslide.LOC.787,"['102.3575', '-3.6092']",Kepahiang Regency of Bengkulu Province,LOC,FALSE
5000,LOC.787/MED,LOC.787.MED,#27cf7e,landslide.LOC.787.MED,"['102.3575', '-3.6092']",,MED,FALSE
5000,LOC.787/FAC,LOC.787.FAC,#f0a73a,landslide.LOC.787.FAC,"['102.3575', '-3.6092']",,FAC,FALSE
5000,LOC.787/DATA,LOC.787.DATA,#8579ec,landslide.LOC.787.DATA,"['102.3575', '-3.6092']",,DATA,FALSE
10000,LOC.788,LOC.788,#2579e8,landslide.LOC.788,"['76.2711', '10.8505']",Kerala state,LOC,FALSE
5000,LOC.788/MED,LOC.788.MED,#27cf7e,landslide.LOC.788.MED,"['76.2711', '10.8505']",,MED,FALSE
5000,LOC.788/FAC,LOC.788.FAC,#f0a73a,landslide.LOC.788.FAC,"['76.2711', '10.8505']",,FAC,FALSE
5000,LOC.788/DATA,LOC.788.DATA,#8579ec,landslide.LOC.788.DATA,"['76.2711', '10.8505']",,DATA,FALSE
10000,LOC.789,LOC.789,#2579e8,landslide.LOC.789,"['47.0653', '34.3142']",Kermanshah,LOC,FALSE
5000,LOC.789/MED,LOC.789.MED,#27cf7e,landslide.LOC.789.MED,"['47.0653', '34.3142']",,MED,FALSE
5000,LOC.789/FAC,LOC.789.FAC,#f0a73a,landslide.LOC.789.FAC,"['47.0653', '34.3142']",,FAC,FALSE
5000,LOC.789/DATA,LOC.789.DATA,#8579ec,landslide.LOC.789.DATA,"['47.0653', '34.3142']",,DATA,FALSE
10000,LOC.790,LOC.790,#2579e8,landslide.LOC.790,"['46.2218', '34.3144']",Kermanshah province of Iran,LOC,FALSE
5000,LOC.790/MED,LOC.790.MED,#27cf7e,landslide.LOC.790.MED,"['46.2218', '34.3144']",,MED,FALSE
5000,LOC.790/FAC,LOC.790.FAC,#f0a73a,landslide.LOC.790.FAC,"['46.2218', '34.3144']",,FAC,FALSE
5000,LOC.790/DATA,LOC.790.DATA,#8579ec,landslide.LOC.790.DATA,"['46.2218', '34.3144']",,DATA,FALSE
10000,LOC.791,LOC.791,#2579e8,landslide.LOC.791,"['-103.4791', '31.8572']",Kermit,LOC,FALSE
5000,LOC.791/MED,LOC.791.MED,#27cf7e,landslide.LOC.791.MED,"['-103.4791', '31.8572']",,MED,FALSE
5000,LOC.791/FAC,LOC.791.FAC,#f0a73a,landslide.LOC.791.FAC,"['-103.4791', '31.8572']",,FAC,FALSE
5000,LOC.791/DATA,LOC.791.DATA,#8579ec,landslide.LOC.791.DATA,"['-103.4791', '31.8572']",,DATA,FALSE
10000,LOC.792,LOC.792,#2579e8,landslide.LOC.792,"['76.0880', '32.9502']",Khachak,LOC,FALSE
5000,LOC.792/MED,LOC.792.MED,#27cf7e,landslide.LOC.792.MED,"['76.0880', '32.9502']",,MED,FALSE
5000,LOC.792/FAC,LOC.792.FAC,#f0a73a,landslide.LOC.792.FAC,"['76.0880', '32.9502']",,FAC,FALSE
5000,LOC.792/DATA,LOC.792.DATA,#8579ec,landslide.LOC.792.DATA,"['76.0880', '32.9502']",,DATA,FALSE
10000,LOC.793,LOC.793,#2579e8,landslide.LOC.793,"['48.2014', '37.6164']",Khalkhal - Tarom Basin,LOC,FALSE
5000,LOC.793/MED,LOC.793.MED,#27cf7e,landslide.LOC.793.MED,"['48.2014', '37.6164']",,MED,FALSE
5000,LOC.793/FAC,LOC.793.FAC,#f0a73a,landslide.LOC.793.FAC,"['48.2014', '37.6164']",,FAC,FALSE
5000,LOC.793/DATA,LOC.793.DATA,#8579ec,landslide.LOC.793.DATA,"['48.2014', '37.6164']",,DATA,FALSE
10000,LOC.794,LOC.794,#2579e8,landslide.LOC.794,"['78.1392', '31.7160']",Kinnaur district,LOC,FALSE
5000,LOC.794/MED,LOC.794.MED,#27cf7e,landslide.LOC.794.MED,"['78.1392', '31.7160']",,MED,FALSE
5000,LOC.794/FAC,LOC.794.FAC,#f0a73a,landslide.LOC.794.FAC,"['78.1392', '31.7160']",,FAC,FALSE
5000,LOC.794/DATA,LOC.794.DATA,#8579ec,landslide.LOC.794.DATA,"['78.1392', '31.7160']",,DATA,FALSE
10000,LOC.795,LOC.795,#2579e8,landslide.LOC.795,"['76.4831', '31.4192']",Kiratpur Sahib to Nauni road stretch along NH - 205 in Himachal Pradesh,LOC,FALSE
5000,LOC.795/MED,LOC.795.MED,#27cf7e,landslide.LOC.795.MED,"['76.4831', '31.4192']",,MED,FALSE
5000,LOC.795/FAC,LOC.795.FAC,#f0a73a,landslide.LOC.795.FAC,"['76.4831', '31.4192']",,FAC,FALSE
5000,LOC.795/DATA,LOC.795.DATA,#8579ec,landslide.LOC.795.DATA,"['76.4831', '31.4192']",,DATA,FALSE
10000,LOC.796,LOC.796,#2579e8,landslide.LOC.796,"['77.0', '35.5']",KKH,LOC,FALSE
5000,LOC.796/MED,LOC.796.MED,#27cf7e,landslide.LOC.796.MED,"['77.0', '35.5']",,MED,FALSE
5000,LOC.796/FAC,LOC.796.FAC,#f0a73a,landslide.LOC.796.FAC,"['77.0', '35.5']",,FAC,FALSE
5000,LOC.796/DATA,LOC.796.DATA,#8579ec,landslide.LOC.796.DATA,"['77.0', '35.5']",,DATA,FALSE
10000,LOC.797,LOC.797,#2579e8,landslide.LOC.797,"['123.8530', '48.8235']",Klanawa Watershed,LOC,FALSE
5000,LOC.797/MED,LOC.797.MED,#27cf7e,landslide.LOC.797.MED,"['123.8530', '48.8235']",,MED,FALSE
5000,LOC.797/FAC,LOC.797.FAC,#f0a73a,landslide.LOC.797.FAC,"['123.8530', '48.8235']",,FAC,FALSE
5000,LOC.797/DATA,LOC.797.DATA,#8579ec,landslide.LOC.797.DATA,"['123.8530', '48.8235']",,DATA,FALSE
10000,LOC.798,LOC.798,#2579e8,landslide.LOC.798,"['101.6948', '3.1390']",Klang valley,LOC,FALSE
5000,LOC.798/MED,LOC.798.MED,#27cf7e,landslide.LOC.798.MED,"['101.6948', '3.1390']",,MED,FALSE
5000,LOC.798/FAC,LOC.798.FAC,#f0a73a,landslide.LOC.798.FAC,"['101.6948', '3.1390']",,FAC,FALSE
5000,LOC.798/DATA,LOC.798.DATA,#8579ec,landslide.LOC.798.DATA,"['101.6948', '3.1390']",,DATA,FALSE
10000,LOC.799,LOC.799,#2579e8,landslide.LOC.799,"['101.6948', '3.1390']",Klang Valley areas i Malaysia,LOC,FALSE
5000,LOC.799/MED,LOC.799.MED,#27cf7e,landslide.LOC.799.MED,"['101.6948', '3.1390']",,MED,FALSE
5000,LOC.799/FAC,LOC.799.FAC,#f0a73a,landslide.LOC.799.FAC,"['101.6948', '3.1390']",,FAC,FALSE
5000,LOC.799/DATA,LOC.799.DATA,#8579ec,landslide.LOC.799.DATA,"['101.6948', '3.1390']",,DATA,FALSE
10000,LOC.800,LOC.800,#2579e8,landslide.LOC.800,"['49.8723', '36.6682']",Klijanerestagh area of Iran,LOC,FALSE
5000,LOC.800/MED,LOC.800.MED,#27cf7e,landslide.LOC.800.MED,"['49.8723', '36.6682']",,MED,FALSE
5000,LOC.800/FAC,LOC.800.FAC,#f0a73a,landslide.LOC.800.FAC,"['49.8723', '36.6682']",,FAC,FALSE
5000,LOC.800/DATA,LOC.800.DATA,#8579ec,landslide.LOC.800.DATA,"['49.8723', '36.6682']",,DATA,FALSE
10000,LOC.801,LOC.801,#2579e8,landslide.LOC.801,"['49.8723', '36.6682']",Klijanrestagh Watershed,LOC,FALSE
5000,LOC.801/MED,LOC.801.MED,#27cf7e,landslide.LOC.801.MED,"['49.8723', '36.6682']",,MED,FALSE
5000,LOC.801/FAC,LOC.801.FAC,#f0a73a,landslide.LOC.801.FAC,"['49.8723', '36.6682']",,FAC,FALSE
5000,LOC.801/DATA,LOC.801.DATA,#8579ec,landslide.LOC.801.DATA,"['49.8723', '36.6682']",,DATA,FALSE
10000,LOC.802,LOC.802,#2579e8,landslide.LOC.802,"['75.8069', '12.3375']",Kodagu district of Karnataka,LOC,FALSE
5000,LOC.802/MED,LOC.802.MED,#27cf7e,landslide.LOC.802.MED,"['75.8069', '12.3375']",,MED,FALSE
5000,LOC.802/FAC,LOC.802.FAC,#f0a73a,landslide.LOC.802.FAC,"['75.8069', '12.3375']",,FAC,FALSE
5000,LOC.802/DATA,LOC.802.DATA,#8579ec,landslide.LOC.802.DATA,"['75.8069', '12.3375']",,DATA,FALSE
10000,LOC.803,LOC.803,#2579e8,landslide.LOC.803,"['77.4892', '10.2381']",Kodaikkanal,LOC,FALSE
5000,LOC.803/MED,LOC.803.MED,#27cf7e,landslide.LOC.803.MED,"['77.4892', '10.2381']",,MED,FALSE
5000,LOC.803/FAC,LOC.803.FAC,#f0a73a,landslide.LOC.803.FAC,"['77.4892', '10.2381']",,FAC,FALSE
5000,LOC.803/DATA,LOC.803.DATA,#8579ec,landslide.LOC.803.DATA,"['77.4892', '10.2381']",,DATA,FALSE
10000,LOC.804,LOC.804,#2579e8,landslide.LOC.804,"['77.4892', '10.2381']",Kodaikkanal in the Western Ghats,LOC,FALSE
5000,LOC.804/MED,LOC.804.MED,#27cf7e,landslide.LOC.804.MED,"['77.4892', '10.2381']",,MED,FALSE
5000,LOC.804/FAC,LOC.804.FAC,#f0a73a,landslide.LOC.804.FAC,"['77.4892', '10.2381']",,FAC,FALSE
5000,LOC.804/DATA,LOC.804.DATA,#8579ec,landslide.LOC.804.DATA,"['77.4892', '10.2381']",,DATA,FALSE
10000,LOC.805,LOC.805,#2579e8,landslide.LOC.805,"['77.4892', '10.2381']",Kodaikkanal Palani,LOC,FALSE
5000,LOC.805/MED,LOC.805.MED,#27cf7e,landslide.LOC.805.MED,"['77.4892', '10.2381']",,MED,FALSE
5000,LOC.805/FAC,LOC.805.FAC,#f0a73a,landslide.LOC.805.FAC,"['77.4892', '10.2381']",,FAC,FALSE
5000,LOC.805/DATA,LOC.805.DATA,#8579ec,landslide.LOC.805.DATA,"['77.4892', '10.2381']",,DATA,FALSE
10000,LOC.806,LOC.806,#2579e8,landslide.LOC.806,"['77.4892', '10.2381']",Kodaikkanal town,LOC,FALSE
5000,LOC.806/MED,LOC.806.MED,#27cf7e,landslide.LOC.806.MED,"['77.4892', '10.2381']",,MED,FALSE
5000,LOC.806/FAC,LOC.806.FAC,#f0a73a,landslide.LOC.806.FAC,"['77.4892', '10.2381']",,FAC,FALSE
5000,LOC.806/DATA,LOC.806.DATA,#8579ec,landslide.LOC.806.DATA,"['77.4892', '10.2381']",,DATA,FALSE
10000,LOC.807,LOC.807,#2579e8,landslide.LOC.807,"['73.4640', '35.2368']",Kohistan,LOC,FALSE
5000,LOC.807/MED,LOC.807.MED,#27cf7e,landslide.LOC.807.MED,"['73.4640', '35.2368']",,MED,FALSE
5000,LOC.807/FAC,LOC.807.FAC,#f0a73a,landslide.LOC.807.FAC,"['73.4640', '35.2368']",,FAC,FALSE
5000,LOC.807/DATA,LOC.807.DATA,#8579ec,landslide.LOC.807.DATA,"['73.4640', '35.2368']",,DATA,FALSE
10000,LOC.808,LOC.808,#2579e8,landslide.LOC.808,"['51.7413', '36.0194']",Kojour pathway,LOC,FALSE
5000,LOC.808/MED,LOC.808.MED,#27cf7e,landslide.LOC.808.MED,"['51.7413', '36.0194']",,MED,FALSE
5000,LOC.808/FAC,LOC.808.FAC,#f0a73a,landslide.LOC.808.FAC,"['51.7413', '36.0194']",,FAC,FALSE
5000,LOC.808/DATA,LOC.808.DATA,#8579ec,landslide.LOC.808.DATA,"['51.7413', '36.0194']",,DATA,FALSE
10000,LOC.809,LOC.809,#2579e8,landslide.LOC.809,"['78.2991', '11.3500']",Kolli hills situated in the tail end of the Eastern Ghats in Namakkal district of Tamil Nadu,LOC,FALSE
5000,LOC.809/MED,LOC.809.MED,#27cf7e,landslide.LOC.809.MED,"['78.2991', '11.3500']",,MED,FALSE
5000,LOC.809/FAC,LOC.809.FAC,#f0a73a,landslide.LOC.809.FAC,"['78.2991', '11.3500']",,FAC,FALSE
5000,LOC.809/DATA,LOC.809.DATA,#8579ec,landslide.LOC.809.DATA,"['78.2991', '11.3500']",,DATA,FALSE
10000,LOC.810,LOC.810,#2579e8,landslide.LOC.810,"['76.6394', '9.6782']",Koottickal,LOC,FALSE
5000,LOC.810/MED,LOC.810.MED,#27cf7e,landslide.LOC.810.MED,"['76.6394', '9.6782']",,MED,FALSE
5000,LOC.810/FAC,LOC.810.FAC,#f0a73a,landslide.LOC.810.FAC,"['76.6394', '9.6782']",,FAC,FALSE
5000,LOC.810/DATA,LOC.810.DATA,#8579ec,landslide.LOC.810.DATA,"['76.6394', '9.6782']",,DATA,FALSE
10000,LOC.811,LOC.811,#2579e8,landslide.LOC.811,"['76.6394', '9.6782']",Koottickal area of the Kottayam district,LOC,FALSE
5000,LOC.811/MED,LOC.811.MED,#27cf7e,landslide.LOC.811.MED,"['76.6394', '9.6782']",,MED,FALSE
5000,LOC.811/FAC,LOC.811.FAC,#f0a73a,landslide.LOC.811.FAC,"['76.6394', '9.6782']",,FAC,FALSE
5000,LOC.811/DATA,LOC.811.DATA,#8579ec,landslide.LOC.811.DATA,"['76.6394', '9.6782']",,DATA,FALSE
10000,LOC.812,LOC.812,#2579e8,landslide.LOC.812,"['127.7669', '35.9078']",Korea,LOC,FALSE
5000,LOC.812/MED,LOC.812.MED,#27cf7e,landslide.LOC.812.MED,"['127.7669', '35.9078']",,MED,FALSE
5000,LOC.812/FAC,LOC.812.FAC,#f0a73a,landslide.LOC.812.FAC,"['127.7669', '35.9078']",,FAC,FALSE
5000,LOC.812/DATA,LOC.812.DATA,#8579ec,landslide.LOC.812.DATA,"['127.7669', '35.9078']",,DATA,FALSE
10000,LOC.813,LOC.813,#2579e8,landslide.LOC.813,"['127.7669', '35.9078']",Korean,LOC,FALSE
5000,LOC.813/MED,LOC.813.MED,#27cf7e,landslide.LOC.813.MED,"['127.7669', '35.9078']",,MED,FALSE
5000,LOC.813/FAC,LOC.813.FAC,#f0a73a,landslide.LOC.813.FAC,"['127.7669', '35.9078']",,FAC,FALSE
5000,LOC.813/DATA,LOC.813.DATA,#8579ec,landslide.LOC.813.DATA,"['127.7669', '35.9078']",,DATA,FALSE
10000,LOC.814,LOC.814,#2579e8,landslide.LOC.814,"['76.6981', '10.2895']",Koruthodu,LOC,FALSE
5000,LOC.814/MED,LOC.814.MED,#27cf7e,landslide.LOC.814.MED,"['76.6981', '10.2895']",,MED,FALSE
5000,LOC.814/FAC,LOC.814.FAC,#f0a73a,landslide.LOC.814.FAC,"['76.6981', '10.2895']",,FAC,FALSE
5000,LOC.814/DATA,LOC.814.DATA,#8579ec,landslide.LOC.814.DATA,"['76.6981', '10.2895']",,DATA,FALSE
10000,LOC.815,LOC.815,#2579e8,landslide.LOC.815,"['116.0714', '5.9804']",Kota Kinabalu,LOC,FALSE
5000,LOC.815/MED,LOC.815.MED,#27cf7e,landslide.LOC.815.MED,"['116.0714', '5.9804']",,MED,FALSE
5000,LOC.815/FAC,LOC.815.FAC,#f0a73a,landslide.LOC.815.FAC,"['116.0714', '5.9804']",,FAC,FALSE
5000,LOC.815/DATA,LOC.815.DATA,#8579ec,landslide.LOC.815.DATA,"['116.0714', '5.9804']",,DATA,FALSE
10000,LOC.816,LOC.816,#2579e8,landslide.LOC.816,"['76.5222', '9.5916']",Kottayam,LOC,FALSE
5000,LOC.816/MED,LOC.816.MED,#27cf7e,landslide.LOC.816.MED,"['76.5222', '9.5916']",,MED,FALSE
5000,LOC.816/FAC,LOC.816.FAC,#f0a73a,landslide.LOC.816.FAC,"['76.5222', '9.5916']",,FAC,FALSE
5000,LOC.816/DATA,LOC.816.DATA,#8579ec,landslide.LOC.816.DATA,"['76.5222', '9.5916']",,DATA,FALSE
10000,LOC.817,LOC.817,#2579e8,landslide.LOC.817,"['76.5222', '9.5916']",Kottayam district,LOC,FALSE
5000,LOC.817/MED,LOC.817.MED,#27cf7e,landslide.LOC.817.MED,"['76.5222', '9.5916']",,MED,FALSE
5000,LOC.817/FAC,LOC.817.FAC,#f0a73a,landslide.LOC.817.FAC,"['76.5222', '9.5916']",,FAC,FALSE
5000,LOC.817/DATA,LOC.817.DATA,#8579ec,landslide.LOC.817.DATA,"['76.5222', '9.5916']",,DATA,FALSE
10000,LOC.818,LOC.818,#2579e8,landslide.LOC.818,"['35.3560', '39.0539']",Koyulhisar,LOC,FALSE
5000,LOC.818/MED,LOC.818.MED,#27cf7e,landslide.LOC.818.MED,"['35.3560', '39.0539']",,MED,FALSE
5000,LOC.818/FAC,LOC.818.FAC,#f0a73a,landslide.LOC.818.FAC,"['35.3560', '39.0539']",,FAC,FALSE
5000,LOC.818/DATA,LOC.818.DATA,#8579ec,landslide.LOC.818.DATA,"['35.3560', '39.0539']",,DATA,FALSE
10000,LOC.819,LOC.819,#2579e8,landslide.LOC.819,"['75.7662', '11.2588']",Kozhikode,LOC,FALSE
5000,LOC.819/MED,LOC.819.MED,#27cf7e,landslide.LOC.819.MED,"['75.7662', '11.2588']",,MED,FALSE
5000,LOC.819/FAC,LOC.819.FAC,#f0a73a,landslide.LOC.819.FAC,"['75.7662', '11.2588']",,FAC,FALSE
5000,LOC.819/DATA,LOC.819.DATA,#8579ec,landslide.LOC.819.DATA,"['75.7662', '11.2588']",,DATA,FALSE
10000,LOC.820,LOC.820,#2579e8,landslide.LOC.820,"['45.0792', '23.8859']",KSA,LOC,FALSE
5000,LOC.820/MED,LOC.820.MED,#27cf7e,landslide.LOC.820.MED,"['45.0792', '23.8859']",,MED,FALSE
5000,LOC.820/FAC,LOC.820.FAC,#f0a73a,landslide.LOC.820.FAC,"['45.0792', '23.8859']",,FAC,FALSE
5000,LOC.820/DATA,LOC.820.DATA,#8579ec,landslide.LOC.820.DATA,"['45.0792', '23.8859']",,DATA,FALSE
10000,LOC.821,LOC.821,#2579e8,landslide.LOC.821,"['73.4733', '38.9657']",KSL,LOC,FALSE
5000,LOC.821/MED,LOC.821.MED,#27cf7e,landslide.LOC.821.MED,"['73.4733', '38.9657']",,MED,FALSE
5000,LOC.821/FAC,LOC.821.FAC,#f0a73a,landslide.LOC.821.FAC,"['73.4733', '38.9657']",,FAC,FALSE
5000,LOC.821/DATA,LOC.821.DATA,#8579ec,landslide.LOC.821.DATA,"['73.4733', '38.9657']",,DATA,FALSE
10000,LOC.822,LOC.822,#2579e8,landslide.LOC.822,"['101.6865', '3.1390']",Kuala Lumpur,LOC,FALSE
5000,LOC.822/MED,LOC.822.MED,#27cf7e,landslide.LOC.822.MED,"['101.6865', '3.1390']",,MED,FALSE
5000,LOC.822/FAC,LOC.822.FAC,#f0a73a,landslide.LOC.822.FAC,"['101.6865', '3.1390']",,FAC,FALSE
5000,LOC.822/DATA,LOC.822.DATA,#8579ec,landslide.LOC.822.DATA,"['101.6865', '3.1390']",,DATA,FALSE
10000,LOC.823,LOC.823,#2579e8,landslide.LOC.823,"['101.6865', '3.1390']",Kuala Lumpur city,LOC,FALSE
5000,LOC.823/MED,LOC.823.MED,#27cf7e,landslide.LOC.823.MED,"['101.6865', '3.1390']",,MED,FALSE
5000,LOC.823/FAC,LOC.823.FAC,#f0a73a,landslide.LOC.823.FAC,"['101.6865', '3.1390']",,FAC,FALSE
5000,LOC.823/DATA,LOC.823.DATA,#8579ec,landslide.LOC.823.DATA,"['101.6865', '3.1390']",,DATA,FALSE
10000,LOC.824,LOC.824,#2579e8,landslide.LOC.824,"['85.2893', '27.7440']",Kulekhani River Basin in Central Nepal,LOC,FALSE
5000,LOC.824/MED,LOC.824.MED,#27cf7e,landslide.LOC.824.MED,"['85.2893', '27.7440']",,MED,FALSE
5000,LOC.824/FAC,LOC.824.FAC,#f0a73a,landslide.LOC.824.FAC,"['85.2893', '27.7440']",,FAC,FALSE
5000,LOC.824/DATA,LOC.824.DATA,#8579ec,landslide.LOC.824.DATA,"['85.2893', '27.7440']",,DATA,FALSE
10000,LOC.825,LOC.825,#2579e8,landslide.LOC.825,"['77.3149', '31.9816']",Kullu district,LOC,FALSE
5000,LOC.825/MED,LOC.825.MED,#27cf7e,landslide.LOC.825.MED,"['77.3149', '31.9816']",,MED,FALSE
5000,LOC.825/FAC,LOC.825.FAC,#f0a73a,landslide.LOC.825.FAC,"['77.3149', '31.9816']",,FAC,FALSE
5000,LOC.825/DATA,LOC.825.DATA,#8579ec,landslide.LOC.825.DATA,"['77.3149', '31.9816']",,DATA,FALSE
10000,LOC.826,LOC.826,#2579e8,landslide.LOC.826,"['77.3149', '31.9816']",Kullu valley,LOC,FALSE
5000,LOC.826/MED,LOC.826.MED,#27cf7e,landslide.LOC.826.MED,"['77.3149', '31.9816']",,MED,FALSE
5000,LOC.826/FAC,LOC.826.FAC,#f0a73a,landslide.LOC.826.FAC,"['77.3149', '31.9816']",,FAC,FALSE
5000,LOC.826/DATA,LOC.826.DATA,#8579ec,landslide.LOC.826.DATA,"['77.3149', '31.9816']",,DATA,FALSE
10000,LOC.827,LOC.827,#2579e8,landslide.LOC.827,"['77.3149', '31.9816']",Kullu valley region in the Himalayas,LOC,FALSE
5000,LOC.827/MED,LOC.827.MED,#27cf7e,landslide.LOC.827.MED,"['77.3149', '31.9816']",,MED,FALSE
5000,LOC.827/FAC,LOC.827.FAC,#f0a73a,landslide.LOC.827.FAC,"['77.3149', '31.9816']",,FAC,FALSE
5000,LOC.827/DATA,LOC.827.DATA,#8579ec,landslide.LOC.827.DATA,"['77.3149', '31.9816']",,DATA,FALSE
10000,LOC.828,LOC.828,#2579e8,landslide.LOC.828,"['130.5201', '32.8039']",Kumamoto,LOC,FALSE
5000,LOC.828/MED,LOC.828.MED,#27cf7e,landslide.LOC.828.MED,"['130.5201', '32.8039']",,MED,FALSE
5000,LOC.828/FAC,LOC.828.FAC,#f0a73a,landslide.LOC.828.FAC,"['130.5201', '32.8039']",,FAC,FALSE
5000,LOC.828/DATA,LOC.828.DATA,#8579ec,landslide.LOC.828.DATA,"['130.5201', '32.8039']",,DATA,FALSE
10000,LOC.829,LOC.829,#2579e8,landslide.LOC.829,"['136.1302', '34.2811']",Kumano River in the Kii Mountains of Japan,LOC,FALSE
5000,LOC.829/MED,LOC.829.MED,#27cf7e,landslide.LOC.829.MED,"['136.1302', '34.2811']",,MED,FALSE
5000,LOC.829/FAC,LOC.829.FAC,#f0a73a,landslide.LOC.829.FAC,"['136.1302', '34.2811']",,FAC,FALSE
5000,LOC.829/DATA,LOC.829.DATA,#8579ec,landslide.LOC.829.DATA,"['136.1302', '34.2811']",,DATA,FALSE
10000,LOC.830,LOC.830,#2579e8,landslide.LOC.830,"['79.4914', '29.0588']",Kumaun Himalaya,LOC,FALSE
5000,LOC.830/MED,LOC.830.MED,#27cf7e,landslide.LOC.830.MED,"['79.4914', '29.0588']",,MED,FALSE
5000,LOC.830/FAC,LOC.830.FAC,#f0a73a,landslide.LOC.830.FAC,"['79.4914', '29.0588']",,FAC,FALSE
5000,LOC.830/DATA,LOC.830.DATA,#8579ec,landslide.LOC.830.DATA,"['79.4914', '29.0588']",,DATA,FALSE
10000,LOC.831,LOC.831,#2579e8,landslide.LOC.831,"['79.4914', '29.0588']",Kumaun Himalaya in Uttarakhand,LOC,FALSE
5000,LOC.831/MED,LOC.831.MED,#27cf7e,landslide.LOC.831.MED,"['79.4914', '29.0588']",,MED,FALSE
5000,LOC.831/FAC,LOC.831.FAC,#f0a73a,landslide.LOC.831.FAC,"['79.4914', '29.0588']",,FAC,FALSE
5000,LOC.831/DATA,LOC.831.DATA,#8579ec,landslide.LOC.831.DATA,"['79.4914', '29.0588']",,DATA,FALSE
10000,LOC.832,LOC.832,#2579e8,landslide.LOC.832,"['30.2869', '36.3706']",Kumluca watershed,LOC,FALSE
5000,LOC.832/MED,LOC.832.MED,#27cf7e,landslide.LOC.832.MED,"['30.2869', '36.3706']",,MED,FALSE
5000,LOC.832/FAC,LOC.832.FAC,#f0a73a,landslide.LOC.832.FAC,"['30.2869', '36.3706']",,FAC,FALSE
5000,LOC.832/DATA,LOC.832.DATA,#8579ec,landslide.LOC.832.DATA,"['30.2869', '36.3706']",,DATA,FALSE
10000,LOC.833,LOC.833,#2579e8,landslide.LOC.833,"['44.4323', '36.7736']",Kurdistan,LOC,FALSE
5000,LOC.833/MED,LOC.833.MED,#27cf7e,landslide.LOC.833.MED,"['44.4323', '36.7736']",,MED,FALSE
5000,LOC.833/FAC,LOC.833.FAC,#f0a73a,landslide.LOC.833.FAC,"['44.4323', '36.7736']",,FAC,FALSE
5000,LOC.833/DATA,LOC.833.DATA,#8579ec,landslide.LOC.833.DATA,"['44.4323', '36.7736']",,DATA,FALSE
10000,LOC.834,LOC.834,#2579e8,landslide.LOC.834,"['45.7763', '35.3233']",Kurdistan Province,LOC,FALSE
5000,LOC.834/MED,LOC.834.MED,#27cf7e,landslide.LOC.834.MED,"['45.7763', '35.3233']",,MED,FALSE
5000,LOC.834/FAC,LOC.834.FAC,#f0a73a,landslide.LOC.834.FAC,"['45.7763', '35.3233']",,FAC,FALSE
5000,LOC.834/DATA,LOC.834.DATA,#8579ec,landslide.LOC.834.DATA,"['45.7763', '35.3233']",,DATA,FALSE
10000,LOC.835,LOC.835,#2579e8,landslide.LOC.835,"['45.7763', '35.3233']",Kurdistan province in Iran,LOC,FALSE
5000,LOC.835/MED,LOC.835.MED,#27cf7e,landslide.LOC.835.MED,"['45.7763', '35.3233']",,MED,FALSE
5000,LOC.835/FAC,LOC.835.FAC,#f0a73a,landslide.LOC.835.FAC,"['45.7763', '35.3233']",,FAC,FALSE
5000,LOC.835/DATA,LOC.835.DATA,#8579ec,landslide.LOC.835.DATA,"['45.7763', '35.3233']",,DATA,FALSE
10000,LOC.836,LOC.836,#2579e8,landslide.LOC.836,"['133.5150', '34.7578']",Kure City,LOC,FALSE
5000,LOC.836/MED,LOC.836.MED,#27cf7e,landslide.LOC.836.MED,"['133.5150', '34.7578']",,MED,FALSE
5000,LOC.836/FAC,LOC.836.FAC,#f0a73a,landslide.LOC.836.FAC,"['133.5150', '34.7578']",,FAC,FALSE
5000,LOC.836/DATA,LOC.836.DATA,#8579ec,landslide.LOC.836.DATA,"['133.5150', '34.7578']",,DATA,FALSE
10000,LOC.837,LOC.837,#2579e8,landslide.LOC.837,"['88.2542', '26.8796']",Kurseong,LOC,FALSE
5000,LOC.837/MED,LOC.837.MED,#27cf7e,landslide.LOC.837.MED,"['88.2542', '26.8796']",,MED,FALSE
5000,LOC.837/FAC,LOC.837.FAC,#f0a73a,landslide.LOC.837.FAC,"['88.2542', '26.8796']",,FAC,FALSE
5000,LOC.837/DATA,LOC.837.DATA,#8579ec,landslide.LOC.837.DATA,"['88.2542', '26.8796']",,DATA,FALSE
10000,LOC.838,LOC.838,#2579e8,landslide.LOC.838,"['30.0865', '28.1789']",Kuzulu village,LOC,FALSE
5000,LOC.838/MED,LOC.838.MED,#27cf7e,landslide.LOC.838.MED,"['30.0865', '28.1789']",,MED,FALSE
5000,LOC.838/FAC,LOC.838.FAC,#f0a73a,landslide.LOC.838.FAC,"['30.0865', '28.1789']",,FAC,FALSE
5000,LOC.838/DATA,LOC.838.DATA,#8579ec,landslide.LOC.838.DATA,"['30.0865', '28.1789']",,DATA,FALSE
10000,LOC.839,LOC.839,#2579e8,landslide.LOC.839,"['30.5595', '29.5410']",KwaZulu - Natal,LOC,FALSE
5000,LOC.839/MED,LOC.839.MED,#27cf7e,landslide.LOC.839.MED,"['30.5595', '29.5410']",,MED,FALSE
5000,LOC.839/FAC,LOC.839.FAC,#f0a73a,landslide.LOC.839.FAC,"['30.5595', '29.5410']",,FAC,FALSE
5000,LOC.839/DATA,LOC.839.DATA,#8579ec,landslide.LOC.839.DATA,"['30.5595', '29.5410']",,DATA,FALSE
10000,LOC.840,LOC.840,#2579e8,landslide.LOC.840,"['33.4308', '35.3403']",Kyrenia,LOC,FALSE
5000,LOC.840/MED,LOC.840.MED,#27cf7e,landslide.LOC.840.MED,"['33.4308', '35.3403']",,MED,FALSE
5000,LOC.840/FAC,LOC.840.FAC,#f0a73a,landslide.LOC.840.FAC,"['33.4308', '35.3403']",,FAC,FALSE
5000,LOC.840/DATA,LOC.840.DATA,#8579ec,landslide.LOC.840.DATA,"['33.4308', '35.3403']",,DATA,FALSE
10000,LOC.841,LOC.841,#2579e8,landslide.LOC.841,"['74.7661', '41.2044']",Kyrgyzstan,LOC,FALSE
5000,LOC.841/MED,LOC.841.MED,#27cf7e,landslide.LOC.841.MED,"['74.7661', '41.2044']",,MED,FALSE
5000,LOC.841/FAC,LOC.841.FAC,#f0a73a,landslide.LOC.841.FAC,"['74.7661', '41.2044']",,FAC,FALSE
5000,LOC.841/DATA,LOC.841.DATA,#8579ec,landslide.LOC.841.DATA,"['74.7661', '41.2044']",,DATA,FALSE
10000,LOC.842,LOC.842,#2579e8,landslide.LOC.842,"['18.2000', '49.3400']",Kysuca river basin,LOC,FALSE
5000,LOC.842/MED,LOC.842.MED,#27cf7e,landslide.LOC.842.MED,"['18.2000', '49.3400']",,MED,FALSE
5000,LOC.842/FAC,LOC.842.FAC,#f0a73a,landslide.LOC.842.FAC,"['18.2000', '49.3400']",,FAC,FALSE
5000,LOC.842/DATA,LOC.842.DATA,#8579ec,landslide.LOC.842.DATA,"['18.2000', '49.3400']",,DATA,FALSE
10000,LOC.843,LOC.843,#2579e8,landslide.LOC.843,"['18.7875', '49.1418']",Kysucke Nove Mesto in Slovakia,LOC,FALSE
5000,LOC.843/MED,LOC.843.MED,#27cf7e,landslide.LOC.843.MED,"['18.7875', '49.1418']",,MED,FALSE
5000,LOC.843/FAC,LOC.843.FAC,#f0a73a,landslide.LOC.843.FAC,"['18.7875', '49.1418']",,FAC,FALSE
5000,LOC.843/DATA,LOC.843.DATA,#8579ec,landslide.LOC.843.DATA,"['18.7875', '49.1418']",,DATA,FALSE
10000,LOC.844,LOC.844,#2579e8,landslide.LOC.844,"['99.7464', '19.1625']",La Cienega watershed on the eastern flank of the volcano Nevado de Toluca,LOC,FALSE
5000,LOC.844/MED,LOC.844.MED,#27cf7e,landslide.LOC.844.MED,"['99.7464', '19.1625']",,MED,FALSE
5000,LOC.844/FAC,LOC.844.FAC,#f0a73a,landslide.LOC.844.FAC,"['99.7464', '19.1625']",,FAC,FALSE
5000,LOC.844/DATA,LOC.844.DATA,#8579ec,landslide.LOC.844.DATA,"['99.7464', '19.1625']",,DATA,FALSE
10000,LOC.845,LOC.845,#2579e8,landslide.LOC.845,"['6.0262', '46.0709']",La Frasse,LOC,FALSE
5000,LOC.845/MED,LOC.845.MED,#27cf7e,landslide.LOC.845.MED,"['6.0262', '46.0709']",,MED,FALSE
5000,LOC.845/FAC,LOC.845.FAC,#f0a73a,landslide.LOC.845.FAC,"['6.0262', '46.0709']",,FAC,FALSE
5000,LOC.845/DATA,LOC.845.DATA,#8579ec,landslide.LOC.845.DATA,"['6.0262', '46.0709']",,DATA,FALSE
10000,LOC.846,LOC.846,#2579e8,landslide.LOC.846,"['0.7556', '38.7467']",La Marina,LOC,FALSE
5000,LOC.846/MED,LOC.846.MED,#27cf7e,landslide.LOC.846.MED,"['0.7556', '38.7467']",,MED,FALSE
5000,LOC.846/FAC,LOC.846.FAC,#f0a73a,landslide.LOC.846.FAC,"['0.7556', '38.7467']",,FAC,FALSE
5000,LOC.846/DATA,LOC.846.DATA,#8579ec,landslide.LOC.846.DATA,"['0.7556', '38.7467']",,DATA,FALSE
10000,LOC.847,LOC.847,#2579e8,landslide.LOC.847,"['1.9727', '42.2452']",La Pobla de Lillet,LOC,FALSE
5000,LOC.847/MED,LOC.847.MED,#27cf7e,landslide.LOC.847.MED,"['1.9727', '42.2452']",,MED,FALSE
5000,LOC.847/FAC,LOC.847.FAC,#f0a73a,landslide.LOC.847.FAC,"['1.9727', '42.2452']",,FAC,FALSE
5000,LOC.847/DATA,LOC.847.DATA,#8579ec,landslide.LOC.847.DATA,"['1.9727', '42.2452']",,DATA,FALSE
10000,LOC.848,LOC.848,#2579e8,landslide.LOC.848,"['88.5490', '27.7167']",Lachung,LOC,FALSE
5000,LOC.848/MED,LOC.848.MED,#27cf7e,landslide.LOC.848.MED,"['88.5490', '27.7167']",,MED,FALSE
5000,LOC.848/FAC,LOC.848.FAC,#f0a73a,landslide.LOC.848.FAC,"['88.5490', '27.7167']",,FAC,FALSE
5000,LOC.848/DATA,LOC.848.DATA,#8579ec,landslide.LOC.848.DATA,"['88.5490', '27.7167']",,DATA,FALSE
10000,LOC.849,LOC.849,#2579e8,landslide.LOC.849,"['88.6283', '27.7189']",Lachung River basin,LOC,FALSE
5000,LOC.849/MED,LOC.849.MED,#27cf7e,landslide.LOC.849.MED,"['88.6283', '27.7189']",,MED,FALSE
5000,LOC.849/FAC,LOC.849.FAC,#f0a73a,landslide.LOC.849.FAC,"['88.6283', '27.7189']",,FAC,FALSE
5000,LOC.849/DATA,LOC.849.DATA,#8579ec,landslide.LOC.849.DATA,"['88.6283', '27.7189']",,DATA,FALSE
10000,LOC.850,LOC.850,#2579e8,landslide.LOC.850,"['88.7139', '27.6994']",Lachung valley,LOC,FALSE
5000,LOC.850/MED,LOC.850.MED,#27cf7e,landslide.LOC.850.MED,"['88.7139', '27.6994']",,MED,FALSE
5000,LOC.850/FAC,LOC.850.FAC,#f0a73a,landslide.LOC.850.FAC,"['88.7139', '27.6994']",,FAC,FALSE
5000,LOC.850/DATA,LOC.850.DATA,#8579ec,landslide.LOC.850.DATA,"['88.7139', '27.6994']",,DATA,FALSE
10000,LOC.851,LOC.851,#2579e8,landslide.LOC.851,"['103.1526', '22.4050']",Lai Chau,LOC,FALSE
5000,LOC.851/MED,LOC.851.MED,#27cf7e,landslide.LOC.851.MED,"['103.1526', '22.4050']",,MED,FALSE
5000,LOC.851/FAC,LOC.851.FAC,#f0a73a,landslide.LOC.851.FAC,"['103.1526', '22.4050']",,FAC,FALSE
5000,LOC.851/DATA,LOC.851.DATA,#8579ec,landslide.LOC.851.DATA,"['103.1526', '22.4050']",,DATA,FALSE
10000,LOC.852,LOC.852,#2579e8,landslide.LOC.852,"['103.2678', '22.3947']",Lai Chau province,LOC,FALSE
5000,LOC.852/MED,LOC.852.MED,#27cf7e,landslide.LOC.852.MED,"['103.2678', '22.3947']",,MED,FALSE
5000,LOC.852/FAC,LOC.852.FAC,#f0a73a,landslide.LOC.852.FAC,"['103.2678', '22.3947']",,FAC,FALSE
5000,LOC.852/DATA,LOC.852.DATA,#8579ec,landslide.LOC.852.DATA,"['103.2678', '22.3947']",,DATA,FALSE
10000,LOC.853,LOC.853,#2579e8,landslide.LOC.853,"['103.2633', '22.4136']",Lai Chau province of Vietnam,LOC,FALSE
5000,LOC.853/MED,LOC.853.MED,#27cf7e,landslide.LOC.853.MED,"['103.2633', '22.4136']",,MED,FALSE
5000,LOC.853/FAC,LOC.853.FAC,#f0a73a,landslide.LOC.853.FAC,"['103.2633', '22.4136']",,FAC,FALSE
5000,LOC.853/DATA,LOC.853.DATA,#8579ec,landslide.LOC.853.DATA,"['103.2633', '22.4136']",,DATA,FALSE
10000,LOC.854,LOC.854,#2579e8,landslide.LOC.854,"['109.2287', '23.7408']",Laibin,LOC,FALSE
5000,LOC.854/MED,LOC.854.MED,#27cf7e,landslide.LOC.854.MED,"['109.2287', '23.7408']",,MED,FALSE
5000,LOC.854/FAC,LOC.854.FAC,#f0a73a,landslide.LOC.854.FAC,"['109.2287', '23.7408']",,FAC,FALSE
5000,LOC.854/DATA,LOC.854.DATA,#8579ec,landslide.LOC.854.DATA,"['109.2287', '23.7408']",,DATA,FALSE
10000,LOC.855,LOC.855,#2579e8,landslide.LOC.855,"['8.5349', '37.4733']",Lajedo parish,LOC,FALSE
5000,LOC.855/MED,LOC.855.MED,#27cf7e,landslide.LOC.855.MED,"['8.5349', '37.4733']",,MED,FALSE
5000,LOC.855/FAC,LOC.855.FAC,#f0a73a,landslide.LOC.855.FAC,"['8.5349', '37.4733']",,FAC,FALSE
5000,LOC.855/DATA,LOC.855.DATA,#8579ec,landslide.LOC.855.DATA,"['8.5349', '37.4733']",,DATA,FALSE
10000,LOC.856,LOC.856,#2579e8,landslide.LOC.856,"['91.2684', '14.6903']",Lake Atitlan watershed in Guatemala,LOC,FALSE
5000,LOC.856/MED,LOC.856.MED,#27cf7e,landslide.LOC.856.MED,"['91.2684', '14.6903']",,MED,FALSE
5000,LOC.856/FAC,LOC.856.FAC,#f0a73a,landslide.LOC.856.FAC,"['91.2684', '14.6903']",,FAC,FALSE
5000,LOC.856/DATA,LOC.856.DATA,#8579ec,landslide.LOC.856.DATA,"['91.2684', '14.6903']",,DATA,FALSE
10000,LOC.857,LOC.857,#2579e8,landslide.LOC.857,"['17.4492', '46.8684']",Lake Balaton,LOC,FALSE
5000,LOC.857/MED,LOC.857.MED,#27cf7e,landslide.LOC.857.MED,"['17.4492', '46.8684']",,MED,FALSE
5000,LOC.857/FAC,LOC.857.FAC,#f0a73a,landslide.LOC.857.FAC,"['17.4492', '46.8684']",,FAC,FALSE
5000,LOC.857/DATA,LOC.857.DATA,#8579ec,landslide.LOC.857.DATA,"['17.4492', '46.8684']",,DATA,FALSE
10000,LOC.858,LOC.858,#2579e8,landslide.LOC.858,"['92.7013', '29.6415']","Lancang , Nu , and Yarlung Tsangpo",LOC,FALSE
5000,LOC.858/MED,LOC.858.MED,#27cf7e,landslide.LOC.858.MED,"['92.7013', '29.6415']",,MED,FALSE
5000,LOC.858/FAC,LOC.858.FAC,#f0a73a,landslide.LOC.858.FAC,"['92.7013', '29.6415']",,FAC,FALSE
5000,LOC.858/DATA,LOC.858.DATA,#8579ec,landslide.LOC.858.DATA,"['92.7013', '29.6415']",,DATA,FALSE
10000,LOC.859,LOC.859,#2579e8,landslide.LOC.859,"['99.0514', '25.9550']",Lancang River,LOC,FALSE
5000,LOC.859/MED,LOC.859.MED,#27cf7e,landslide.LOC.859.MED,"['99.0514', '25.9550']",,MED,FALSE
5000,LOC.859/FAC,LOC.859.FAC,#f0a73a,landslide.LOC.859.FAC,"['99.0514', '25.9550']",,FAC,FALSE
5000,LOC.859/DATA,LOC.859.DATA,#8579ec,landslide.LOC.859.DATA,"['99.0514', '25.9550']",,DATA,FALSE
10000,LOC.860,LOC.860,#2579e8,landslide.LOC.860,"['0.0', '0.0']",Land use,LOC,FALSE
5000,LOC.860/MED,LOC.860.MED,#27cf7e,landslide.LOC.860.MED,"['0.0', '0.0']",,MED,FALSE
5000,LOC.860/FAC,LOC.860.FAC,#f0a73a,landslide.LOC.860.FAC,"['0.0', '0.0']",,FAC,FALSE
5000,LOC.860/DATA,LOC.860.DATA,#8579ec,landslide.LOC.860.DATA,"['0.0', '0.0']",,DATA,FALSE
10000,LOC.861,LOC.861,#2579e8,landslide.LOC.861,"['106.7522', '21.8230']",Lang Son,LOC,FALSE
5000,LOC.861/MED,LOC.861.MED,#27cf7e,landslide.LOC.861.MED,"['106.7522', '21.8230']",,MED,FALSE
5000,LOC.861/FAC,LOC.861.FAC,#f0a73a,landslide.LOC.861.FAC,"['106.7522', '21.8230']",,FAC,FALSE
5000,LOC.861/DATA,LOC.861.DATA,#8579ec,landslide.LOC.861.DATA,"['106.7522', '21.8230']",,DATA,FALSE
10000,LOC.862,LOC.862,#2579e8,landslide.LOC.862,"['106.4099', '21.6596']",Lang Son province,LOC,FALSE
5000,LOC.862/MED,LOC.862.MED,#27cf7e,landslide.LOC.862.MED,"['106.4099', '21.6596']",,MED,FALSE
5000,LOC.862/FAC,LOC.862.FAC,#f0a73a,landslide.LOC.862.FAC,"['106.4099', '21.6596']",,FAC,FALSE
5000,LOC.862/DATA,LOC.862.DATA,#8579ec,landslide.LOC.862.DATA,"['106.4099', '21.6596']",,DATA,FALSE
10000,LOC.863,LOC.863,#2579e8,landslide.LOC.863,"['111.9676', '36.4714']",Langao County,LOC,FALSE
5000,LOC.863/MED,LOC.863.MED,#27cf7e,landslide.LOC.863.MED,"['111.9676', '36.4714']",,MED,FALSE
5000,LOC.863/FAC,LOC.863.FAC,#f0a73a,landslide.LOC.863.FAC,"['111.9676', '36.4714']",,FAC,FALSE
5000,LOC.863/DATA,LOC.863.DATA,#8579ec,landslide.LOC.863.DATA,"['111.9676', '36.4714']",,DATA,FALSE
10000,LOC.864,LOC.864,#2579e8,landslide.LOC.864,"['101.4993', '3.3095']",Langat River Basin,LOC,FALSE
5000,LOC.864/MED,LOC.864.MED,#27cf7e,landslide.LOC.864.MED,"['101.4993', '3.3095']",,MED,FALSE
5000,LOC.864/FAC,LOC.864.FAC,#f0a73a,landslide.LOC.864.FAC,"['101.4993', '3.3095']",,FAC,FALSE
5000,LOC.864/DATA,LOC.864.DATA,#8579ec,landslide.LOC.864.DATA,"['101.4993', '3.3095']",,DATA,FALSE
10000,LOC.865,LOC.865,#2579e8,landslide.LOC.865,"['101.8126', '3.8674']",Langat River Basin in Selangor,LOC,FALSE
5000,LOC.865/MED,LOC.865.MED,#27cf7e,landslide.LOC.865.MED,"['101.8126', '3.8674']",,MED,FALSE
5000,LOC.865/FAC,LOC.865.FAC,#f0a73a,landslide.LOC.865.FAC,"['101.8126', '3.8674']",,FAC,FALSE
5000,LOC.865/DATA,LOC.865.DATA,#8579ec,landslide.LOC.865.DATA,"['101.8126', '3.8674']",,DATA,FALSE
10000,LOC.866,LOC.866,#2579e8,landslide.LOC.866,"['113.9720', '22.2664']",Lantau,LOC,FALSE
5000,LOC.866/MED,LOC.866.MED,#27cf7e,landslide.LOC.866.MED,"['113.9720', '22.2664']",,MED,FALSE
5000,LOC.866/FAC,LOC.866.FAC,#f0a73a,landslide.LOC.866.FAC,"['113.9720', '22.2664']",,FAC,FALSE
5000,LOC.866/DATA,LOC.866.DATA,#8579ec,landslide.LOC.866.DATA,"['113.9720', '22.2664']",,DATA,FALSE
10000,LOC.867,LOC.867,#2579e8,landslide.LOC.867,"['113.8777', '22.2580']",Lantau Island,LOC,FALSE
5000,LOC.867/MED,LOC.867.MED,#27cf7e,landslide.LOC.867.MED,"['113.8777', '22.2580']",,MED,FALSE
5000,LOC.867/FAC,LOC.867.FAC,#f0a73a,landslide.LOC.867.FAC,"['113.8777', '22.2580']",,FAC,FALSE
5000,LOC.867/DATA,LOC.867.DATA,#8579ec,landslide.LOC.867.DATA,"['113.8777', '22.2580']",,DATA,FALSE
10000,LOC.868,LOC.868,#2579e8,landslide.LOC.868,"['113.9091', '22.2435']",Lantau Island in Hong Kong,LOC,FALSE
5000,LOC.868/MED,LOC.868.MED,#27cf7e,landslide.LOC.868.MED,"['113.9091', '22.2435']",,MED,FALSE
5000,LOC.868/FAC,LOC.868.FAC,#f0a73a,landslide.LOC.868.FAC,"['113.9091', '22.2435']",,FAC,FALSE
5000,LOC.868/DATA,LOC.868.DATA,#8579ec,landslide.LOC.868.DATA,"['113.9091', '22.2435']",,DATA,FALSE
10000,LOC.869,LOC.869,#2579e8,landslide.LOC.869,"['98.4547', '22.1699']",Lantsang River,LOC,FALSE
5000,LOC.869/MED,LOC.869.MED,#27cf7e,landslide.LOC.869.MED,"['98.4547', '22.1699']",,MED,FALSE
5000,LOC.869/FAC,LOC.869.FAC,#f0a73a,landslide.LOC.869.FAC,"['98.4547', '22.1699']",,FAC,FALSE
5000,LOC.869/DATA,LOC.869.DATA,#8579ec,landslide.LOC.869.DATA,"['98.4547', '22.1699']",,DATA,FALSE
10000,LOC.870,LOC.870,#2579e8,landslide.LOC.870,"['103.8343', '36.0613']",Lanzhou,LOC,FALSE
5000,LOC.870/MED,LOC.870.MED,#27cf7e,landslide.LOC.870.MED,"['103.8343', '36.0613']",,MED,FALSE
5000,LOC.870/FAC,LOC.870.FAC,#f0a73a,landslide.LOC.870.FAC,"['103.8343', '36.0613']",,FAC,FALSE
5000,LOC.870/DATA,LOC.870.DATA,#8579ec,landslide.LOC.870.DATA,"['103.8343', '36.0613']",,DATA,FALSE
10000,LOC.871,LOC.871,#2579e8,landslide.LOC.871,"['103.8343', '36.0613']",Lanzhou city,LOC,FALSE
5000,LOC.871/MED,LOC.871.MED,#27cf7e,landslide.LOC.871.MED,"['103.8343', '36.0613']",,MED,FALSE
5000,LOC.871/FAC,LOC.871.FAC,#f0a73a,landslide.LOC.871.FAC,"['103.8343', '36.0613']",,FAC,FALSE
5000,LOC.871/DATA,LOC.871.DATA,#8579ec,landslide.LOC.871.DATA,"['103.8343', '36.0613']",,DATA,FALSE
10000,LOC.872,LOC.872,#2579e8,landslide.LOC.872,"['104.0545', '22.5726']",Lao Cai Province,LOC,FALSE
5000,LOC.872/MED,LOC.872.MED,#27cf7e,landslide.LOC.872.MED,"['104.0545', '22.5726']",,MED,FALSE
5000,LOC.872/FAC,LOC.872.FAC,#f0a73a,landslide.LOC.872.FAC,"['104.0545', '22.5726']",,FAC,FALSE
5000,LOC.872/DATA,LOC.872.DATA,#8579ec,landslide.LOC.872.DATA,"['104.0545', '22.5726']",,DATA,FALSE
10000,LOC.873,LOC.873,#2579e8,landslide.LOC.873,"['51.3187', '35.9821']",Lashgarak,LOC,FALSE
5000,LOC.873/MED,LOC.873.MED,#27cf7e,landslide.LOC.873.MED,"['51.3187', '35.9821']",,MED,FALSE
5000,LOC.873/FAC,LOC.873.FAC,#f0a73a,landslide.LOC.873.FAC,"['51.3187', '35.9821']",,FAC,FALSE
5000,LOC.873/DATA,LOC.873.DATA,#8579ec,landslide.LOC.873.DATA,"['51.3187', '35.9821']",,DATA,FALSE
10000,LOC.874,LOC.874,#2579e8,landslide.LOC.874,"['51.4127', '35.8967']",Lashgarak region of Tehran,LOC,FALSE
5000,LOC.874/MED,LOC.874.MED,#27cf7e,landslide.LOC.874.MED,"['51.4127', '35.8967']",,MED,FALSE
5000,LOC.874/FAC,LOC.874.FAC,#f0a73a,landslide.LOC.874.FAC,"['51.4127', '35.8967']",,FAC,FALSE
5000,LOC.874/DATA,LOC.874.DATA,#8579ec,landslide.LOC.874.DATA,"['51.4127', '35.8967']",,DATA,FALSE
10000,LOC.875,LOC.875,#2579e8,landslide.LOC.875,"['51.2217', '35.7814']",Latian Dam,LOC,FALSE
5000,LOC.875/MED,LOC.875.MED,#27cf7e,landslide.LOC.875.MED,"['51.2217', '35.7814']",,MED,FALSE
5000,LOC.875/FAC,LOC.875.FAC,#f0a73a,landslide.LOC.875.FAC,"['51.2217', '35.7814']",,FAC,FALSE
5000,LOC.875/DATA,LOC.875.DATA,#8579ec,landslide.LOC.875.DATA,"['51.2217', '35.7814']",,DATA,FALSE
10000,LOC.876,LOC.876,#2579e8,landslide.LOC.876,"['52.0', '33.0']",Layleh valley,LOC,FALSE
5000,LOC.876/MED,LOC.876.MED,#27cf7e,landslide.LOC.876.MED,"['52.0', '33.0']",,MED,FALSE
5000,LOC.876/FAC,LOC.876.FAC,#f0a73a,landslide.LOC.876.FAC,"['52.0', '33.0']",,FAC,FALSE
5000,LOC.876/DATA,LOC.876.DATA,#8579ec,landslide.LOC.876.DATA,"['52.0', '33.0']",,DATA,FALSE
10000,LOC.877,LOC.877,#2579e8,landslide.LOC.877,"['77.0', '30.5']",Lesser Himalaya,LOC,FALSE
5000,LOC.877/MED,LOC.877.MED,#27cf7e,landslide.LOC.877.MED,"['77.0', '30.5']",,MED,FALSE
5000,LOC.877/FAC,LOC.877.FAC,#f0a73a,landslide.LOC.877.FAC,"['77.0', '30.5']",,FAC,FALSE
5000,LOC.877/DATA,LOC.877.DATA,#8579ec,landslide.LOC.877.DATA,"['77.0', '30.5']",,DATA,FALSE
10000,LOC.878,LOC.878,#2579e8,landslide.LOC.878,"['77.0', '30.5']",Lesser Himalayan,LOC,FALSE
5000,LOC.878/MED,LOC.878.MED,#27cf7e,landslide.LOC.878.MED,"['77.0', '30.5']",,MED,FALSE
5000,LOC.878/FAC,LOC.878.FAC,#f0a73a,landslide.LOC.878.FAC,"['77.0', '30.5']",,FAC,FALSE
5000,LOC.878/DATA,LOC.878.DATA,#8579ec,landslide.LOC.878.DATA,"['77.0', '30.5']",,DATA,FALSE
10000,LOC.879,LOC.879,#2579e8,landslide.LOC.879,"['77.0', '32.0']",Lesser Himalayan region of district Kullu,LOC,FALSE
5000,LOC.879/MED,LOC.879.MED,#27cf7e,landslide.LOC.879.MED,"['77.0', '32.0']",,MED,FALSE
5000,LOC.879/FAC,LOC.879.FAC,#f0a73a,landslide.LOC.879.FAC,"['77.0', '32.0']",,FAC,FALSE
5000,LOC.879/DATA,LOC.879.DATA,#8579ec,landslide.LOC.879.DATA,"['77.0', '32.0']",,DATA,FALSE
10000,LOC.880,LOC.880,#2579e8,landslide.LOC.880,"['77.0', '30.5']",Lesser Himalayan road corridor,LOC,FALSE
5000,LOC.880/MED,LOC.880.MED,#27cf7e,landslide.LOC.880.MED,"['77.0', '30.5']",,MED,FALSE
5000,LOC.880/FAC,LOC.880.FAC,#f0a73a,landslide.LOC.880.FAC,"['77.0', '30.5']",,FAC,FALSE
5000,LOC.880/DATA,LOC.880.DATA,#8579ec,landslide.LOC.880.DATA,"['77.0', '30.5']",,DATA,FALSE
10000,LOC.881,LOC.881,#2579e8,landslide.LOC.881,"['124.0', '10.5']",Leyte,LOC,FALSE
5000,LOC.881/MED,LOC.881.MED,#27cf7e,landslide.LOC.881.MED,"['124.0', '10.5']",,MED,FALSE
5000,LOC.881/FAC,LOC.881.FAC,#f0a73a,landslide.LOC.881.FAC,"['124.0', '10.5']",,FAC,FALSE
5000,LOC.881/DATA,LOC.881.DATA,#8579ec,landslide.LOC.881.DATA,"['124.0', '10.5']",,DATA,FALSE
10000,LOC.882,LOC.882,#2579e8,landslide.LOC.882,"['124.0', '10.5']",Leyte Island,LOC,FALSE
5000,LOC.882/MED,LOC.882.MED,#27cf7e,landslide.LOC.882.MED,"['124.0', '10.5']",,MED,FALSE
5000,LOC.882/FAC,LOC.882.FAC,#f0a73a,landslide.LOC.882.FAC,"['124.0', '10.5']",,FAC,FALSE
5000,LOC.882/DATA,LOC.882.DATA,#8579ec,landslide.LOC.882.DATA,"['124.0', '10.5']",,DATA,FALSE
10000,LOC.883,LOC.883,#2579e8,landslide.LOC.883,"['124.0', '10.5']",Leyte segment of the PFZ,LOC,FALSE
5000,LOC.883/MED,LOC.883.MED,#27cf7e,landslide.LOC.883.MED,"['124.0', '10.5']",,MED,FALSE
5000,LOC.883/FAC,LOC.883.FAC,#f0a73a,landslide.LOC.883.FAC,"['124.0', '10.5']",,FAC,FALSE
5000,LOC.883/DATA,LOC.883.DATA,#8579ec,landslide.LOC.883.DATA,"['124.0', '10.5']",,DATA,FALSE
10000,LOC.884,LOC.884,#2579e8,landslide.LOC.884,"['124.0', '10.5']",Leyte segment of the Philippine Fault Zone,LOC,FALSE
5000,LOC.884/MED,LOC.884.MED,#27cf7e,landslide.LOC.884.MED,"['124.0', '10.5']",,MED,FALSE
5000,LOC.884/FAC,LOC.884.FAC,#f0a73a,landslide.LOC.884.FAC,"['124.0', '10.5']",,FAC,FALSE
5000,LOC.884/DATA,LOC.884.DATA,#8579ec,landslide.LOC.884.DATA,"['124.0', '10.5']",,DATA,FALSE
10000,LOC.885,LOC.885,#2579e8,landslide.LOC.885,"['103.0', '24.0']",Li Mountain,LOC,FALSE
5000,LOC.885/MED,LOC.885.MED,#27cf7e,landslide.LOC.885.MED,"['103.0', '24.0']",,MED,FALSE
5000,LOC.885/FAC,LOC.885.FAC,#f0a73a,landslide.LOC.885.FAC,"['103.0', '24.0']",,FAC,FALSE
5000,LOC.885/DATA,LOC.885.DATA,#8579ec,landslide.LOC.885.DATA,"['103.0', '24.0']",,DATA,FALSE
10000,LOC.886,LOC.886,#2579e8,landslide.LOC.886,"['102.0', '27.0']",Liangshan,LOC,FALSE
5000,LOC.886/MED,LOC.886.MED,#27cf7e,landslide.LOC.886.MED,"['102.0', '27.0']",,MED,FALSE
5000,LOC.886/FAC,LOC.886.FAC,#f0a73a,landslide.LOC.886.FAC,"['102.0', '27.0']",,FAC,FALSE
5000,LOC.886/DATA,LOC.886.DATA,#8579ec,landslide.LOC.886.DATA,"['102.0', '27.0']",,DATA,FALSE
10000,LOC.887,LOC.887,#2579e8,landslide.LOC.887,"['102.0', '35.0']",Lianlu Hydropower Station on the Tao River in Gansu province,LOC,FALSE
5000,LOC.887/MED,LOC.887.MED,#27cf7e,landslide.LOC.887.MED,"['102.0', '35.0']",,MED,FALSE
5000,LOC.887/FAC,LOC.887.FAC,#f0a73a,landslide.LOC.887.FAC,"['102.0', '35.0']",,FAC,FALSE
5000,LOC.887/DATA,LOC.887.DATA,#8579ec,landslide.LOC.887.DATA,"['102.0', '35.0']",,DATA,FALSE
10000,LOC.888,LOC.888,#2579e8,landslide.LOC.888,"['119.1246', '34.6001']",Lianyungang city,LOC,FALSE
5000,LOC.888/MED,LOC.888.MED,#27cf7e,landslide.LOC.888.MED,"['119.1246', '34.6001']",,MED,FALSE
5000,LOC.888/FAC,LOC.888.FAC,#f0a73a,landslide.LOC.888.FAC,"['119.1246', '34.6001']",,FAC,FALSE
5000,LOC.888/DATA,LOC.888.DATA,#8579ec,landslide.LOC.888.DATA,"['119.1246', '34.6001']",,DATA,FALSE
10000,LOC.889,LOC.889,#2579e8,landslide.LOC.889,"['13.0', '50.5']",Lignite open-pit mine in North Bohemia,LOC,FALSE
5000,LOC.889/MED,LOC.889.MED,#27cf7e,landslide.LOC.889.MED,"['13.0', '50.5']",,MED,FALSE
5000,LOC.889/FAC,LOC.889.FAC,#f0a73a,landslide.LOC.889.FAC,"['13.0', '50.5']",,FAC,FALSE
5000,LOC.889/DATA,LOC.889.DATA,#8579ec,landslide.LOC.889.DATA,"['13.0', '50.5']",,DATA,FALSE
10000,LOC.890,LOC.890,#2579e8,landslide.LOC.890,"['8.0', '44.5']",Liguria,LOC,FALSE
5000,LOC.890/MED,LOC.890.MED,#27cf7e,landslide.LOC.890.MED,"['8.0', '44.5']",,MED,FALSE
5000,LOC.890/FAC,LOC.890.FAC,#f0a73a,landslide.LOC.890.FAC,"['8.0', '44.5']",,FAC,FALSE
5000,LOC.890/DATA,LOC.890.DATA,#8579ec,landslide.LOC.890.DATA,"['8.0', '44.5']",,DATA,FALSE
10000,LOC.891,LOC.891,#2579e8,landslide.LOC.891,"['8.0', '44.0']",Ligurian Alps,LOC,FALSE
5000,LOC.891/MED,LOC.891.MED,#27cf7e,landslide.LOC.891.MED,"['8.0', '44.0']",,MED,FALSE
5000,LOC.891/FAC,LOC.891.FAC,#f0a73a,landslide.LOC.891.FAC,"['8.0', '44.0']",,FAC,FALSE
5000,LOC.891/DATA,LOC.891.DATA,#8579ec,landslide.LOC.891.DATA,"['8.0', '44.0']",,DATA,FALSE
10000,LOC.892,LOC.892,#2579e8,landslide.LOC.892,"['116.3', '37.6']",Linglong towns,LOC,FALSE
5000,LOC.892/MED,LOC.892.MED,#27cf7e,landslide.LOC.892.MED,"['116.3', '37.6']",,MED,FALSE
5000,LOC.892/FAC,LOC.892.FAC,#f0a73a,landslide.LOC.892.FAC,"['116.3', '37.6']",,FAC,FALSE
5000,LOC.892/DATA,LOC.892.DATA,#8579ec,landslide.LOC.892.DATA,"['116.3', '37.6']",,DATA,FALSE
10000,LOC.893,LOC.893,#2579e8,landslide.LOC.893,"['108.2', '34.5']",Linyou County,LOC,FALSE
5000,LOC.893/MED,LOC.893.MED,#27cf7e,landslide.LOC.893.MED,"['108.2', '34.5']",,MED,FALSE
5000,LOC.893/FAC,LOC.893.FAC,#f0a73a,landslide.LOC.893.FAC,"['108.2', '34.5']",,FAC,FALSE
5000,LOC.893/DATA,LOC.893.DATA,#8579ec,landslide.LOC.893.DATA,"['108.2', '34.5']",,DATA,FALSE
10000,LOC.894,LOC.894,#2579e8,landslide.LOC.894,"['94.3641', '29.6500']",Linzhi City,LOC,FALSE
5000,LOC.894/MED,LOC.894.MED,#27cf7e,landslide.LOC.894.MED,"['94.3641', '29.6500']",,MED,FALSE
5000,LOC.894/FAC,LOC.894.FAC,#f0a73a,landslide.LOC.894.FAC,"['94.3641', '29.6500']",,FAC,FALSE
5000,LOC.894/DATA,LOC.894.DATA,#8579ec,landslide.LOC.894.DATA,"['94.3641', '29.6500']",,DATA,FALSE
10000,LOC.895,LOC.895,#2579e8,landslide.LOC.895,"['14.9511', '38.4730']",Lipari,LOC,FALSE
5000,LOC.895/MED,LOC.895.MED,#27cf7e,landslide.LOC.895.MED,"['14.9511', '38.4730']",,MED,FALSE
5000,LOC.895/FAC,LOC.895.FAC,#f0a73a,landslide.LOC.895.FAC,"['14.9511', '38.4730']",,FAC,FALSE
5000,LOC.895/DATA,LOC.895.DATA,#8579ec,landslide.LOC.895.DATA,"['14.9511', '38.4730']",,DATA,FALSE
10000,LOC.896,LOC.896,#2579e8,landslide.LOC.896,"['88.2998', '27.0368']",Lish river basin of Eastern Darjeeling Himalaya,LOC,FALSE
5000,LOC.896/MED,LOC.896.MED,#27cf7e,landslide.LOC.896.MED,"['88.2998', '27.0368']",,MED,FALSE
5000,LOC.896/FAC,LOC.896.FAC,#f0a73a,landslide.LOC.896.FAC,"['88.2998', '27.0368']",,FAC,FALSE
5000,LOC.896/DATA,LOC.896.DATA,#8579ec,landslide.LOC.896.DATA,"['88.2998', '27.0368']",,DATA,FALSE
10000,LOC.897,LOC.897,#2579e8,landslide.LOC.897,"['88.0', '27.0']",Lish river basin of Eastern Darjiling Himalaya,LOC,FALSE
5000,LOC.897/MED,LOC.897.MED,#27cf7e,landslide.LOC.897.MED,"['88.0', '27.0']",,MED,FALSE
5000,LOC.897/FAC,LOC.897.FAC,#f0a73a,landslide.LOC.897.FAC,"['88.0', '27.0']",,FAC,FALSE
5000,LOC.897/DATA,LOC.897.DATA,#8579ec,landslide.LOC.897.DATA,"['88.0', '27.0']",,DATA,FALSE
10000,LOC.898,LOC.898,#2579e8,landslide.LOC.898,"['119.9293', '28.4601']",Lishui City in Zhejiang Province,LOC,FALSE
5000,LOC.898/MED,LOC.898.MED,#27cf7e,landslide.LOC.898.MED,"['119.9293', '28.4601']",,MED,FALSE
5000,LOC.898/FAC,LOC.898.FAC,#f0a73a,landslide.LOC.898.FAC,"['119.9293', '28.4601']",,FAC,FALSE
5000,LOC.898/DATA,LOC.898.DATA,#8579ec,landslide.LOC.898.DATA,"['119.9293', '28.4601']",,DATA,FALSE
10000,LOC.899,LOC.899,#2579e8,landslide.LOC.899,"['0.0', '0.0']",Lithology,LOC,FALSE
5000,LOC.899/MED,LOC.899.MED,#27cf7e,landslide.LOC.899.MED,"['0.0', '0.0']",,MED,FALSE
5000,LOC.899/FAC,LOC.899.FAC,#f0a73a,landslide.LOC.899.FAC,"['0.0', '0.0']",,FAC,FALSE
5000,LOC.899/DATA,LOC.899.DATA,#8579ec,landslide.LOC.899.DATA,"['0.0', '0.0']",,DATA,FALSE
10000,LOC.900,LOC.900,#2579e8,landslide.LOC.900,"['0.0', '0.0']",Littoral,LOC,FALSE
5000,LOC.900/MED,LOC.900.MED,#27cf7e,landslide.LOC.900.MED,"['0.0', '0.0']",,MED,FALSE
5000,LOC.900/FAC,LOC.900.FAC,#f0a73a,landslide.LOC.900.FAC,"['0.0', '0.0']",,FAC,FALSE
5000,LOC.900/DATA,LOC.900.DATA,#8579ec,landslide.LOC.900.DATA,"['0.0', '0.0']",,DATA,FALSE
10000,LOC.901,LOC.901,#2579e8,landslide.LOC.901,"['104.9340', '26.5944']",Liupanshui City,LOC,FALSE
5000,LOC.901/MED,LOC.901.MED,#27cf7e,landslide.LOC.901.MED,"['104.9340', '26.5944']",,MED,FALSE
5000,LOC.901/FAC,LOC.901.FAC,#f0a73a,landslide.LOC.901.FAC,"['104.9340', '26.5944']",,FAC,FALSE
5000,LOC.901/DATA,LOC.901.DATA,#8579ec,landslide.LOC.901.DATA,"['104.9340', '26.5944']",,DATA,FALSE
10000,LOC.902,LOC.902,#2579e8,landslide.LOC.902,"['104.9912', '34.2317']",Lixian - Luojiabu fault zone in Gansu province in China,LOC,FALSE
5000,LOC.902/MED,LOC.902.MED,#27cf7e,landslide.LOC.902.MED,"['104.9912', '34.2317']",,MED,FALSE
5000,LOC.902/FAC,LOC.902.FAC,#f0a73a,landslide.LOC.902.FAC,"['104.9912', '34.2317']",,FAC,FALSE
5000,LOC.902/DATA,LOC.902.DATA,#8579ec,landslide.LOC.902.DATA,"['104.9912', '34.2317']",,DATA,FALSE
10000,LOC.903,LOC.903,#2579e8,landslide.LOC.903,"['103.0650', '35.5913']",Lixian County,LOC,FALSE
5000,LOC.903/MED,LOC.903.MED,#27cf7e,landslide.LOC.903.MED,"['103.0650', '35.5913']",,MED,FALSE
5000,LOC.903/FAC,LOC.903.FAC,#f0a73a,landslide.LOC.903.FAC,"['103.0650', '35.5913']",,FAC,FALSE
5000,LOC.903/DATA,LOC.903.DATA,#8579ec,landslide.LOC.903.DATA,"['103.0650', '35.5913']",,DATA,FALSE
10000,LOC.904,LOC.904,#2579e8,landslide.LOC.904,"['106.5', '35.0']",Loess,LOC,FALSE
5000,LOC.904/MED,LOC.904.MED,#27cf7e,landslide.LOC.904.MED,"['106.5', '35.0']",,MED,FALSE
5000,LOC.904/FAC,LOC.904.FAC,#f0a73a,landslide.LOC.904.FAC,"['106.5', '35.0']",,FAC,FALSE
5000,LOC.904/DATA,LOC.904.DATA,#8579ec,landslide.LOC.904.DATA,"['106.5', '35.0']",,DATA,FALSE
10000,LOC.905,LOC.905,#2579e8,landslide.LOC.905,"['111.5', '37.5']",Loess area Lvliang,LOC,FALSE
5000,LOC.905/MED,LOC.905.MED,#27cf7e,landslide.LOC.905.MED,"['111.5', '37.5']",,MED,FALSE
5000,LOC.905/FAC,LOC.905.FAC,#f0a73a,landslide.LOC.905.FAC,"['111.5', '37.5']",,FAC,FALSE
5000,LOC.905/DATA,LOC.905.DATA,#8579ec,landslide.LOC.905.DATA,"['111.5', '37.5']",,DATA,FALSE
10000,LOC.906,LOC.906,#2579e8,landslide.LOC.906,"['106.2', '35.5']",Loess catchment in the Huachi County,LOC,FALSE
5000,LOC.906/MED,LOC.906.MED,#27cf7e,landslide.LOC.906.MED,"['106.2', '35.5']",,MED,FALSE
5000,LOC.906/FAC,LOC.906.FAC,#f0a73a,landslide.LOC.906.FAC,"['106.2', '35.5']",,FAC,FALSE
5000,LOC.906/DATA,LOC.906.DATA,#8579ec,landslide.LOC.906.DATA,"['106.2', '35.5']",,DATA,FALSE
10000,LOC.907,LOC.907,#2579e8,landslide.LOC.907,"['105.0', '34.5']",Loess cliffs of the Zemun loess plateau,LOC,FALSE
5000,LOC.907/MED,LOC.907.MED,#27cf7e,landslide.LOC.907.MED,"['105.0', '34.5']",,MED,FALSE
5000,LOC.907/FAC,LOC.907.FAC,#f0a73a,landslide.LOC.907.FAC,"['105.0', '34.5']",,FAC,FALSE
5000,LOC.907/DATA,LOC.907.DATA,#8579ec,landslide.LOC.907.DATA,"['105.0', '34.5']",,DATA,FALSE
10000,LOC.908,LOC.908,#2579e8,landslide.LOC.908,"['108.7881', '34.3804']",Loess Plateau,LOC,FALSE
5000,LOC.908/MED,LOC.908.MED,#27cf7e,landslide.LOC.908.MED,"['108.7881', '34.3804']",,MED,FALSE
5000,LOC.908/FAC,LOC.908.FAC,#f0a73a,landslide.LOC.908.FAC,"['108.7881', '34.3804']",,FAC,FALSE
5000,LOC.908/DATA,LOC.908.DATA,#8579ec,landslide.LOC.908.DATA,"['108.7881', '34.3804']",,DATA,FALSE
10000,LOC.909,LOC.909,#2579e8,landslide.LOC.909,"['112.0', '36.0']",Loess Plateau area in Shanxi Province,LOC,FALSE
5000,LOC.909/MED,LOC.909.MED,#27cf7e,landslide.LOC.909.MED,"['112.0', '36.0']",,MED,FALSE
5000,LOC.909/FAC,LOC.909.FAC,#f0a73a,landslide.LOC.909.FAC,"['112.0', '36.0']",,FAC,FALSE
5000,LOC.909/DATA,LOC.909.DATA,#8579ec,landslide.LOC.909.DATA,"['112.0', '36.0']",,DATA,FALSE
10000,LOC.910,LOC.910,#2579e8,landslide.LOC.910,"['108.0', '35.5']",Loess Plateau in North-Central China,LOC,FALSE
5000,LOC.910/MED,LOC.910.MED,#27cf7e,landslide.LOC.910.MED,"['108.0', '35.5']",,MED,FALSE
5000,LOC.910/FAC,LOC.910.FAC,#f0a73a,landslide.LOC.910.FAC,"['108.0', '35.5']",,FAC,FALSE
5000,LOC.910/DATA,LOC.910.DATA,#8579ec,landslide.LOC.910.DATA,"['108.0', '35.5']",,DATA,FALSE
10000,LOC.911,LOC.911,#2579e8,landslide.LOC.911,"['106.5', '35.0']",Loess tableland,LOC,FALSE
5000,LOC.911/MED,LOC.911.MED,#27cf7e,landslide.LOC.911.MED,"['106.5', '35.0']",,MED,FALSE
5000,LOC.911/FAC,LOC.911.FAC,#f0a73a,landslide.LOC.911.FAC,"['106.5', '35.0']",,FAC,FALSE
5000,LOC.911/DATA,LOC.911.DATA,#8579ec,landslide.LOC.911.DATA,"['106.5', '35.0']",,DATA,FALSE
10000,LOC.912,LOC.912,#2579e8,landslide.LOC.912,"['9.1916', '45.4642']",Lombardia,LOC,FALSE
5000,LOC.912/MED,LOC.912.MED,#27cf7e,landslide.LOC.912.MED,"['9.1916', '45.4642']",,MED,FALSE
5000,LOC.912/FAC,LOC.912.FAC,#f0a73a,landslide.LOC.912.FAC,"['9.1916', '45.4642']",,FAC,FALSE
5000,LOC.912/DATA,LOC.912.DATA,#8579ec,landslide.LOC.912.DATA,"['9.1916', '45.4642']",,DATA,FALSE
10000,LOC.913,LOC.913,#2579e8,landslide.LOC.913,"['116.2160', '-8.6500']",Lombok Island,LOC,FALSE
5000,LOC.913/MED,LOC.913.MED,#27cf7e,landslide.LOC.913.MED,"['116.2160', '-8.6500']",,MED,FALSE
5000,LOC.913/FAC,LOC.913.FAC,#f0a73a,landslide.LOC.913.FAC,"['116.2160', '-8.6500']",,FAC,FALSE
5000,LOC.913/DATA,LOC.913.DATA,#8579ec,landslide.LOC.913.DATA,"['116.2160', '-8.6500']",,DATA,FALSE
10000,LOC.914,LOC.914,#2579e8,landslide.LOC.914,"['131.1668', '23.2882']",Long County,LOC,FALSE
5000,LOC.914/MED,LOC.914.MED,#27cf7e,landslide.LOC.914.MED,"['131.1668', '23.2882']",,MED,FALSE
5000,LOC.914/FAC,LOC.914.FAC,#f0a73a,landslide.LOC.914.FAC,"['131.1668', '23.2882']",,FAC,FALSE
5000,LOC.914/DATA,LOC.914.DATA,#8579ec,landslide.LOC.914.DATA,"['131.1668', '23.2882']",,DATA,FALSE
10000,LOC.915,LOC.915,#2579e8,landslide.LOC.915,"['104.7134', '31.8371']",Longfeng town,LOC,FALSE
5000,LOC.915/MED,LOC.915.MED,#27cf7e,landslide.LOC.915.MED,"['104.7134', '31.8371']",,MED,FALSE
5000,LOC.915/FAC,LOC.915.FAC,#f0a73a,landslide.LOC.915.FAC,"['104.7134', '31.8371']",,FAC,FALSE
5000,LOC.915/DATA,LOC.915.DATA,#8579ec,landslide.LOC.915.DATA,"['104.7134', '31.8371']",,DATA,FALSE
10000,LOC.916,LOC.916,#2579e8,landslide.LOC.916,"['110.9649', '29.9630']",Longju in the Three Gorges Reservoir area in China,LOC,FALSE
5000,LOC.916/MED,LOC.916.MED,#27cf7e,landslide.LOC.916.MED,"['110.9649', '29.9630']",,MED,FALSE
5000,LOC.916/FAC,LOC.916.FAC,#f0a73a,landslide.LOC.916.FAC,"['110.9649', '29.9630']",,FAC,FALSE
5000,LOC.916/DATA,LOC.916.DATA,#8579ec,landslide.LOC.916.DATA,"['110.9649', '29.9630']",,DATA,FALSE
10000,LOC.917,LOC.917,#2579e8,landslide.LOC.917,"['111.25', '34.25']",Longmen Mountains,LOC,FALSE
5000,LOC.917/MED,LOC.917.MED,#27cf7e,landslide.LOC.917.MED,"['111.25', '34.25']",,MED,FALSE
5000,LOC.917/FAC,LOC.917.FAC,#f0a73a,landslide.LOC.917.FAC,"['111.25', '34.25']",,FAC,FALSE
5000,LOC.917/DATA,LOC.917.DATA,#8579ec,landslide.LOC.917.DATA,"['111.25', '34.25']",,DATA,FALSE
10000,LOC.918,LOC.918,#2579e8,landslide.LOC.918,"['103.5', '32.25']",Longmenshan,LOC,FALSE
5000,LOC.918/MED,LOC.918.MED,#27cf7e,landslide.LOC.918.MED,"['103.5', '32.25']",,MED,FALSE
5000,LOC.918/FAC,LOC.918.FAC,#f0a73a,landslide.LOC.918.FAC,"['103.5', '32.25']",,FAC,FALSE
5000,LOC.918/DATA,LOC.918.DATA,#8579ec,landslide.LOC.918.DATA,"['103.5', '32.25']",,DATA,FALSE
10000,LOC.919,LOC.919,#2579e8,landslide.LOC.919,"['104.9227', '33.3933']",Longnan City,LOC,FALSE
5000,LOC.919/MED,LOC.919.MED,#27cf7e,landslide.LOC.919.MED,"['104.9227', '33.3933']",,MED,FALSE
5000,LOC.919/FAC,LOC.919.FAC,#f0a73a,landslide.LOC.919.FAC,"['104.9227', '33.3933']",,FAC,FALSE
5000,LOC.919/DATA,LOC.919.DATA,#8579ec,landslide.LOC.919.DATA,"['104.9227', '33.3933']",,DATA,FALSE
10000,LOC.920,LOC.920,#2579e8,landslide.LOC.920,"['104.1951', '30.7176']",Longshuigou,LOC,FALSE
5000,LOC.920/MED,LOC.920.MED,#27cf7e,landslide.LOC.920.MED,"['104.1951', '30.7176']",,MED,FALSE
5000,LOC.920/FAC,LOC.920.FAC,#f0a73a,landslide.LOC.920.FAC,"['104.1951', '30.7176']",,FAC,FALSE
5000,LOC.920/DATA,LOC.920.DATA,#8579ec,landslide.LOC.920.DATA,"['104.1951', '30.7176']",,DATA,FALSE
10000,LOC.921,LOC.921,#2579e8,landslide.LOC.921,"['104.4977', '34.0396']",Longxi river basin,LOC,FALSE
5000,LOC.921/MED,LOC.921.MED,#27cf7e,landslide.LOC.921.MED,"['104.4977', '34.0396']",,MED,FALSE
5000,LOC.921/FAC,LOC.921.FAC,#f0a73a,landslide.LOC.921.FAC,"['104.4977', '34.0396']",,FAC,FALSE
5000,LOC.921/DATA,LOC.921.DATA,#8579ec,landslide.LOC.921.DATA,"['104.4977', '34.0396']",,DATA,FALSE
10000,LOC.922,LOC.922,#2579e8,landslide.LOC.922,"['88.8611', '31.9740']",Longzi River Basin in Tibet,LOC,FALSE
5000,LOC.922/MED,LOC.922.MED,#27cf7e,landslide.LOC.922.MED,"['88.8611', '31.9740']",,MED,FALSE
5000,LOC.922/FAC,LOC.922.FAC,#f0a73a,landslide.LOC.922.FAC,"['88.8611', '31.9740']",,FAC,FALSE
5000,LOC.922/DATA,LOC.922.DATA,#8579ec,landslide.LOC.922.DATA,"['88.8611', '31.9740']",,DATA,FALSE
10000,LOC.923,LOC.923,#2579e8,landslide.LOC.923,"['1.7009', '37.6715']",Lorca,LOC,FALSE
5000,LOC.923/MED,LOC.923.MED,#27cf7e,landslide.LOC.923.MED,"['1.7009', '37.6715']",,MED,FALSE
5000,LOC.923/FAC,LOC.923.FAC,#f0a73a,landslide.LOC.923.FAC,"['1.7009', '37.6715']",,FAC,FALSE
5000,LOC.923/DATA,LOC.923.DATA,#8579ec,landslide.LOC.923.DATA,"['1.7009', '37.6715']",,DATA,FALSE
10000,LOC.924,LOC.924,#2579e8,landslide.LOC.924,"['0.0', '0.0']",Lower,LOC,FALSE
5000,LOC.924/MED,LOC.924.MED,#27cf7e,landslide.LOC.924.MED,"['0.0', '0.0']",,MED,FALSE
5000,LOC.924/FAC,LOC.924.FAC,#f0a73a,landslide.LOC.924.FAC,"['0.0', '0.0']",,FAC,FALSE
5000,LOC.924/DATA,LOC.924.DATA,#8579ec,landslide.LOC.924.DATA,"['0.0', '0.0']",,DATA,FALSE
10000,LOC.925,LOC.925,#2579e8,landslide.LOC.925,"['80.3241', '28.4964']",Lower Himalayas,LOC,FALSE
5000,LOC.925/MED,LOC.925.MED,#27cf7e,landslide.LOC.925.MED,"['80.3241', '28.4964']",,MED,FALSE
5000,LOC.925/FAC,LOC.925.FAC,#f0a73a,landslide.LOC.925.FAC,"['80.3241', '28.4964']",,FAC,FALSE
5000,LOC.925/DATA,LOC.925.DATA,#8579ec,landslide.LOC.925.DATA,"['80.3241', '28.4964']",,DATA,FALSE
10000,LOC.926,LOC.926,#2579e8,landslide.LOC.926,"['85.3522', '26.8265']",Lower Kosi Watershed,LOC,FALSE
5000,LOC.926/MED,LOC.926.MED,#27cf7e,landslide.LOC.926.MED,"['85.3522', '26.8265']",,MED,FALSE
5000,LOC.926/FAC,LOC.926.FAC,#f0a73a,landslide.LOC.926.FAC,"['85.3522', '26.8265']",,FAC,FALSE
5000,LOC.926/DATA,LOC.926.DATA,#8579ec,landslide.LOC.926.DATA,"['85.3522', '26.8265']",,DATA,FALSE
10000,LOC.927,LOC.927,#2579e8,landslide.LOC.927,"['98.4800', '18.8000']",lower Mae Chaem watershed,LOC,FALSE
5000,LOC.927/MED,LOC.927.MED,#27cf7e,landslide.LOC.927.MED,"['98.4800', '18.8000']",,MED,FALSE
5000,LOC.927/FAC,LOC.927.FAC,#f0a73a,landslide.LOC.927.FAC,"['98.4800', '18.8000']",,FAC,FALSE
5000,LOC.927/DATA,LOC.927.DATA,#8579ec,landslide.LOC.927.DATA,"['98.4800', '18.8000']",,DATA,FALSE
10000,LOC.928,LOC.928,#2579e8,landslide.LOC.928,"['102.6167', '13.6667']",Lower Mekong River Basin in Southeast Asia,LOC,FALSE
5000,LOC.928/MED,LOC.928.MED,#27cf7e,landslide.LOC.928.MED,"['102.6167', '13.6667']",,MED,FALSE
5000,LOC.928/FAC,LOC.928.FAC,#f0a73a,landslide.LOC.928.FAC,"['102.6167', '13.6667']",,FAC,FALSE
5000,LOC.928/DATA,LOC.928.DATA,#8579ec,landslide.LOC.928.DATA,"['102.6167', '13.6667']",,DATA,FALSE
10000,LOC.929,LOC.929,#2579e8,landslide.LOC.929,"['77.7783', '34.1526']",lower western region of Ladakh,LOC,FALSE
5000,LOC.929/MED,LOC.929.MED,#27cf7e,landslide.LOC.929.MED,"['77.7783', '34.1526']",,MED,FALSE
5000,LOC.929/FAC,LOC.929.FAC,#f0a73a,landslide.LOC.929.FAC,"['77.7783', '34.1526']",,FAC,FALSE
5000,LOC.929/DATA,LOC.929.DATA,#8579ec,landslide.LOC.929.DATA,"['77.7783', '34.1526']",,DATA,FALSE
10000,LOC.930,LOC.930,#2579e8,landslide.LOC.930,"['82.18', '28.05']",lowlands in Mid-Western Nepal,LOC,FALSE
5000,LOC.930/MED,LOC.930.MED,#27cf7e,landslide.LOC.930.MED,"['82.18', '28.05']",,MED,FALSE
5000,LOC.930/FAC,LOC.930.FAC,#f0a73a,landslide.LOC.930.FAC,"['82.18', '28.05']",,FAC,FALSE
5000,LOC.930/DATA,LOC.930.DATA,#8579ec,landslide.LOC.930.DATA,"['82.18', '28.05']",,DATA,FALSE
10000,LOC.931,LOC.931,#2579e8,landslide.LOC.931,"['0.0', '0.0']",LRB,LOC,FALSE
5000,LOC.931/MED,LOC.931.MED,#27cf7e,landslide.LOC.931.MED,"['0.0', '0.0']",,MED,FALSE
5000,LOC.931/FAC,LOC.931.FAC,#f0a73a,landslide.LOC.931.FAC,"['0.0', '0.0']",,FAC,FALSE
5000,LOC.931/DATA,LOC.931.DATA,#8579ec,landslide.LOC.931.DATA,"['0.0', '0.0']",,DATA,FALSE
10000,LOC.932,LOC.932,#2579e8,landslide.LOC.932,"['115.5667', '29.5667']",Lu - Shan,LOC,FALSE
5000,LOC.932/MED,LOC.932.MED,#27cf7e,landslide.LOC.932.MED,"['115.5667', '29.5667']",,MED,FALSE
5000,LOC.932/FAC,LOC.932.FAC,#f0a73a,landslide.LOC.932.FAC,"['115.5667', '29.5667']",,FAC,FALSE
5000,LOC.932/DATA,LOC.932.DATA,#8579ec,landslide.LOC.932.DATA,"['115.5667', '29.5667']",,DATA,FALSE
10000,LOC.933,LOC.933,#2579e8,landslide.LOC.933,"['105.1707', '21.7423']",Luc Yen district,LOC,FALSE
5000,LOC.933/MED,LOC.933.MED,#27cf7e,landslide.LOC.933.MED,"['105.1707', '21.7423']",,MED,FALSE
5000,LOC.933/FAC,LOC.933.FAC,#f0a73a,landslide.LOC.933.FAC,"['105.1707', '21.7423']",,FAC,FALSE
5000,LOC.933/DATA,LOC.933.DATA,#8579ec,landslide.LOC.933.DATA,"['105.1707', '21.7423']",,DATA,FALSE
10000,LOC.934,LOC.934,#2579e8,landslide.LOC.934,"['10.3140', '43.8428']",Lucca,LOC,FALSE
5000,LOC.934/MED,LOC.934.MED,#27cf7e,landslide.LOC.934.MED,"['10.3140', '43.8428']",,MED,FALSE
5000,LOC.934/FAC,LOC.934.FAC,#f0a73a,landslide.LOC.934.FAC,"['10.3140', '43.8428']",,FAC,FALSE
5000,LOC.934/DATA,LOC.934.DATA,#8579ec,landslide.LOC.934.DATA,"['10.3140', '43.8428']",,DATA,FALSE
10000,LOC.935,LOC.935,#2579e8,landslide.LOC.935,"['103.3810', '26.4261']",Ludian,LOC,FALSE
5000,LOC.935/MED,LOC.935.MED,#27cf7e,landslide.LOC.935.MED,"['103.3810', '26.4261']",,MED,FALSE
5000,LOC.935/FAC,LOC.935.FAC,#f0a73a,landslide.LOC.935.FAC,"['103.3810', '26.4261']",,FAC,FALSE
5000,LOC.935/DATA,LOC.935.DATA,#8579ec,landslide.LOC.935.DATA,"['103.3810', '26.4261']",,DATA,FALSE
10000,LOC.936,LOC.936,#2579e8,landslide.LOC.936,"['103.5', '26.5']",Ludian County,LOC,FALSE
5000,LOC.936/MED,LOC.936.MED,#27cf7e,landslide.LOC.936.MED,"['103.5', '26.5']",,MED,FALSE
5000,LOC.936/FAC,LOC.936.FAC,#f0a73a,landslide.LOC.936.FAC,"['103.5', '26.5']",,FAC,FALSE
5000,LOC.936/DATA,LOC.936.DATA,#8579ec,landslide.LOC.936.DATA,"['103.5', '26.5']",,DATA,FALSE
10000,LOC.937,LOC.937,#2579e8,landslide.LOC.937,"['103.5', '26.5']",Ludian districts,LOC,FALSE
5000,LOC.937/MED,LOC.937.MED,#27cf7e,landslide.LOC.937.MED,"['103.5', '26.5']",,MED,FALSE
5000,LOC.937/FAC,LOC.937.FAC,#f0a73a,landslide.LOC.937.FAC,"['103.5', '26.5']",,FAC,FALSE
5000,LOC.937/DATA,LOC.937.DATA,#8579ec,landslide.LOC.937.DATA,"['103.5', '26.5']",,DATA,FALSE
10000,LOC.938,LOC.938,#2579e8,landslide.LOC.938,"['102.0775', '29.9097']",Luding,LOC,FALSE
5000,LOC.938/MED,LOC.938.MED,#27cf7e,landslide.LOC.938.MED,"['102.0775', '29.9097']",,MED,FALSE
5000,LOC.938/FAC,LOC.938.FAC,#f0a73a,landslide.LOC.938.FAC,"['102.0775', '29.9097']",,FAC,FALSE
5000,LOC.938/DATA,LOC.938.DATA,#8579ec,landslide.LOC.938.DATA,"['102.0775', '29.9097']",,DATA,FALSE
10000,LOC.939,LOC.939,#2579e8,landslide.LOC.939,"['92.7337', '22.8782']",Lunglei district of Mizoram,LOC,FALSE
5000,LOC.939/MED,LOC.939.MED,#27cf7e,landslide.LOC.939.MED,"['92.7337', '22.8782']",,MED,FALSE
5000,LOC.939/FAC,LOC.939.FAC,#f0a73a,landslide.LOC.939.FAC,"['92.7337', '22.8782']",,FAC,FALSE
5000,LOC.939/DATA,LOC.939.DATA,#8579ec,landslide.LOC.939.DATA,"['92.7337', '22.8782']",,DATA,FALSE
10000,LOC.940,LOC.940,#2579e8,landslide.LOC.940,"['111.0', '22.5']",Luoding and Xinyi Counties,LOC,FALSE
5000,LOC.940/MED,LOC.940.MED,#27cf7e,landslide.LOC.940.MED,"['111.0', '22.5']",,MED,FALSE
5000,LOC.940/FAC,LOC.940.FAC,#f0a73a,landslide.LOC.940.FAC,"['111.0', '22.5']",,FAC,FALSE
5000,LOC.940/DATA,LOC.940.DATA,#8579ec,landslide.LOC.940.DATA,"['111.0', '22.5']",,DATA,FALSE
10000,LOC.941,LOC.941,#2579e8,landslide.LOC.941,"['106.7679', '16.2361']",Luoi,LOC,FALSE
5000,LOC.941/MED,LOC.941.MED,#27cf7e,landslide.LOC.941.MED,"['106.7679', '16.2361']",,MED,FALSE
5000,LOC.941/FAC,LOC.941.FAC,#f0a73a,landslide.LOC.941.FAC,"['106.7679', '16.2361']",,FAC,FALSE
5000,LOC.941/DATA,LOC.941.DATA,#8579ec,landslide.LOC.941.DATA,"['106.7679', '16.2361']",,DATA,FALSE
10000,LOC.942,LOC.942,#2579e8,landslide.LOC.942,"['116.0095', '29.5623']",Lushan,LOC,FALSE
5000,LOC.942/MED,LOC.942.MED,#27cf7e,landslide.LOC.942.MED,"['116.0095', '29.5623']",,MED,FALSE
5000,LOC.942/FAC,LOC.942.FAC,#f0a73a,landslide.LOC.942.FAC,"['116.0095', '29.5623']",,FAC,FALSE
5000,LOC.942/DATA,LOC.942.DATA,#8579ec,landslide.LOC.942.DATA,"['116.0095', '29.5623']",,DATA,FALSE
10000,LOC.943,LOC.943,#2579e8,landslide.LOC.943,"['115.9839', '27.7066']",Lushan County,LOC,FALSE
5000,LOC.943/MED,LOC.943.MED,#27cf7e,landslide.LOC.943.MED,"['115.9839', '27.7066']",,MED,FALSE
5000,LOC.943/FAC,LOC.943.FAC,#f0a73a,landslide.LOC.943.FAC,"['115.9839', '27.7066']",,FAC,FALSE
5000,LOC.943/DATA,LOC.943.DATA,#8579ec,landslide.LOC.943.DATA,"['115.9839', '27.7066']",,DATA,FALSE
10000,LOC.944,LOC.944,#2579e8,landslide.LOC.944,"['115.9826', '27.8508']",Lushan County of China,LOC,FALSE
5000,LOC.944/MED,LOC.944.MED,#27cf7e,landslide.LOC.944.MED,"['115.9826', '27.8508']",,MED,FALSE
5000,LOC.944/FAC,LOC.944.FAC,#f0a73a,landslide.LOC.944.FAC,"['115.9826', '27.8508']",,FAC,FALSE
5000,LOC.944/DATA,LOC.944.DATA,#8579ec,landslide.LOC.944.DATA,"['115.9826', '27.8508']",,DATA,FALSE
10000,LOC.945,LOC.945,#2579e8,landslide.LOC.945,"['103.0227', '30.4339']",Lushan County of Sichuan Province in China,LOC,FALSE
5000,LOC.945/MED,LOC.945.MED,#27cf7e,landslide.LOC.945.MED,"['103.0227', '30.4339']",,MED,FALSE
5000,LOC.945/FAC,LOC.945.FAC,#f0a73a,landslide.LOC.945.FAC,"['103.0227', '30.4339']",,FAC,FALSE
5000,LOC.945/DATA,LOC.945.DATA,#8579ec,landslide.LOC.945.DATA,"['103.0227', '30.4339']",,DATA,FALSE
10000,LOC.946,LOC.946,#2579e8,landslide.LOC.946,"['115.5', '29.5']",Lushan earthquake disaster,LOC,FALSE
5000,LOC.946/MED,LOC.946.MED,#27cf7e,landslide.LOC.946.MED,"['115.5', '29.5']",,MED,FALSE
5000,LOC.946/FAC,LOC.946.FAC,#f0a73a,landslide.LOC.946.FAC,"['115.5', '29.5']",,FAC,FALSE
5000,LOC.946/DATA,LOC.946.DATA,#8579ec,landslide.LOC.946.DATA,"['115.5', '29.5']",,DATA,FALSE
10000,LOC.947,LOC.947,#2579e8,landslide.LOC.947,"['98.8637', '25.8887']",Lushui,LOC,FALSE
5000,LOC.947/MED,LOC.947.MED,#27cf7e,landslide.LOC.947.MED,"['98.8637', '25.8887']",,MED,FALSE
5000,LOC.947/FAC,LOC.947.FAC,#f0a73a,landslide.LOC.947.FAC,"['98.8637', '25.8887']",,FAC,FALSE
5000,LOC.947/DATA,LOC.947.DATA,#8579ec,landslide.LOC.947.DATA,"['98.8637', '25.8887']",,DATA,FALSE
10000,LOC.948,LOC.948,#2579e8,landslide.LOC.948,"['122.7500', '13.0000']",Luzon Island,LOC,FALSE
5000,LOC.948/MED,LOC.948.MED,#27cf7e,landslide.LOC.948.MED,"['122.7500', '13.0000']",,MED,FALSE
5000,LOC.948/FAC,LOC.948.FAC,#f0a73a,landslide.LOC.948.FAC,"['122.7500', '13.0000']",,FAC,FALSE
5000,LOC.948/DATA,LOC.948.DATA,#8579ec,landslide.LOC.948.DATA,"['122.7500', '13.0000']",,DATA,FALSE
10000,LOC.949,LOC.949,#2579e8,landslide.LOC.949,"['72.5450', '13.1631']",Machu Picchu,LOC,FALSE
5000,LOC.949/MED,LOC.949.MED,#27cf7e,landslide.LOC.949.MED,"['72.5450', '13.1631']",,MED,FALSE
5000,LOC.949/FAC,LOC.949.FAC,#f0a73a,landslide.LOC.949.FAC,"['72.5450', '13.1631']",,FAC,FALSE
5000,LOC.949/DATA,LOC.949.DATA,#8579ec,landslide.LOC.949.DATA,"['72.5450', '13.1631']",,DATA,FALSE
10000,LOC.950,LOC.950,#2579e8,landslide.LOC.950,"['39.5', '41.0']",Macka District of Trabzon,LOC,FALSE
5000,LOC.950/MED,LOC.950.MED,#27cf7e,landslide.LOC.950.MED,"['39.5', '41.0']",,MED,FALSE
5000,LOC.950/FAC,LOC.950.FAC,#f0a73a,landslide.LOC.950.FAC,"['39.5', '41.0']",,FAC,FALSE
5000,LOC.950/DATA,LOC.950.DATA,#8579ec,landslide.LOC.950.DATA,"['39.5', '41.0']",,DATA,FALSE
10000,LOC.951,LOC.951,#2579e8,landslide.LOC.951,"['83.0282', '37.8916']",Magoffin County,LOC,FALSE
5000,LOC.951/MED,LOC.951.MED,#27cf7e,landslide.LOC.951.MED,"['83.0282', '37.8916']",,MED,FALSE
5000,LOC.951/FAC,LOC.951.FAC,#f0a73a,landslide.LOC.951.FAC,"['83.0282', '37.8916']",,FAC,FALSE
5000,LOC.951/DATA,LOC.951.DATA,#8579ec,landslide.LOC.951.DATA,"['83.0282', '37.8916']",,DATA,FALSE
10000,LOC.952,LOC.952,#2579e8,landslide.LOC.952,"['75.7139', '19.7515']",Maharashtra,LOC,FALSE
5000,LOC.952/MED,LOC.952.MED,#27cf7e,landslide.LOC.952.MED,"['75.7139', '19.7515']",,MED,FALSE
5000,LOC.952/FAC,LOC.952.FAC,#f0a73a,landslide.LOC.952.FAC,"['75.7139', '19.7515']",,FAC,FALSE
5000,LOC.952/DATA,LOC.952.DATA,#8579ec,landslide.LOC.952.DATA,"['75.7139', '19.7515']",,DATA,FALSE
10000,LOC.953,LOC.953,#2579e8,landslide.LOC.953,"['99.9616', '20.3277']",Mai Salong Nok in Mae Fa Luang District,LOC,FALSE
5000,LOC.953/MED,LOC.953.MED,#27cf7e,landslide.LOC.953.MED,"['99.9616', '20.3277']",,MED,FALSE
5000,LOC.953/FAC,LOC.953.FAC,#f0a73a,landslide.LOC.953.FAC,"['99.9616', '20.3277']",,FAC,FALSE
5000,LOC.953/DATA,LOC.953.DATA,#8579ec,landslide.LOC.953.DATA,"['99.9616', '20.3277']",,DATA,FALSE
10000,LOC.954,LOC.954,#2579e8,landslide.LOC.954,"['72.6284', '41.5729']",Mailuu - Suu catchment,LOC,FALSE
5000,LOC.954/MED,LOC.954.MED,#27cf7e,landslide.LOC.954.MED,"['72.6284', '41.5729']",,MED,FALSE
5000,LOC.954/FAC,LOC.954.FAC,#f0a73a,landslide.LOC.954.FAC,"['72.6284', '41.5729']",,FAC,FALSE
5000,LOC.954/DATA,LOC.954.DATA,#8579ec,landslide.LOC.954.DATA,"['72.6284', '41.5729']",,DATA,FALSE
10000,LOC.955,LOC.955,#2579e8,landslide.LOC.955,"['73.0', '41.5']",Mailuu-Suu catchment in Kyrgyzstan,LOC,FALSE
5000,LOC.955/MED,LOC.955.MED,#27cf7e,landslide.LOC.955.MED,"['73.0', '41.5']",,MED,FALSE
5000,LOC.955/FAC,LOC.955.FAC,#f0a73a,landslide.LOC.955.FAC,"['73.0', '41.5']",,FAC,FALSE
5000,LOC.955/DATA,LOC.955.DATA,#8579ec,landslide.LOC.955.DATA,"['73.0', '41.5']",,DATA,FALSE
10000,LOC.956,LOC.956,#2579e8,landslide.LOC.956,"['40.0', '10.0']",Main Ethiopian Rift and Afar Depression,LOC,FALSE
5000,LOC.956/MED,LOC.956.MED,#27cf7e,landslide.LOC.956.MED,"['40.0', '10.0']",,MED,FALSE
5000,LOC.956/FAC,LOC.956.FAC,#f0a73a,landslide.LOC.956.FAC,"['40.0', '10.0']",,FAC,FALSE
5000,LOC.956/DATA,LOC.956.DATA,#8579ec,landslide.LOC.956.DATA,"['40.0', '10.0']",,DATA,FALSE
10000,LOC.957,LOC.957,#2579e8,landslide.LOC.957,"['121.0', '23.5']",main island of Taiwan,LOC,FALSE
5000,LOC.957/MED,LOC.957.MED,#27cf7e,landslide.LOC.957.MED,"['121.0', '23.5']",,MED,FALSE
5000,LOC.957/FAC,LOC.957.FAC,#f0a73a,landslide.LOC.957.FAC,"['121.0', '23.5']",,FAC,FALSE
5000,LOC.957/DATA,LOC.957.DATA,#8579ec,landslide.LOC.957.DATA,"['121.0', '23.5']",,DATA,FALSE
10000,LOC.958,LOC.958,#2579e8,landslide.LOC.958,"['118.98', '-3.33']",Majene Regency,LOC,FALSE
5000,LOC.958/MED,LOC.958.MED,#27cf7e,landslide.LOC.958.MED,"['118.98', '-3.33']",,MED,FALSE
5000,LOC.958/FAC,LOC.958.FAC,#f0a73a,landslide.LOC.958.FAC,"['118.98', '-3.33']",,FAC,FALSE
5000,LOC.958/DATA,LOC.958.DATA,#8579ec,landslide.LOC.958.DATA,"['118.98', '-3.33']",,DATA,FALSE
10000,LOC.959,LOC.959,#2579e8,landslide.LOC.959,"['116.37', '39.12']",Majiagou,LOC,FALSE
5000,LOC.959/MED,LOC.959.MED,#27cf7e,landslide.LOC.959.MED,"['116.37', '39.12']",,MED,FALSE
5000,LOC.959/FAC,LOC.959.FAC,#f0a73a,landslide.LOC.959.FAC,"['116.37', '39.12']",,FAC,FALSE
5000,LOC.959/DATA,LOC.959.DATA,#8579ec,landslide.LOC.959.DATA,"['116.37', '39.12']",,DATA,FALSE
10000,LOC.960,LOC.960,#2579e8,landslide.LOC.960,"['-48.57', '-25.42']",major port in Brazil,LOC,FALSE
5000,LOC.960/MED,LOC.960.MED,#27cf7e,landslide.LOC.960.MED,"['-48.57', '-25.42']",,MED,FALSE
5000,LOC.960/FAC,LOC.960.FAC,#f0a73a,landslide.LOC.960.FAC,"['-48.57', '-25.42']",,FAC,FALSE
5000,LOC.960/DATA,LOC.960.DATA,#8579ec,landslide.LOC.960.DATA,"['-48.57', '-25.42']",,DATA,FALSE
10000,LOC.961,LOC.961,#2579e8,landslide.LOC.961,"['44.77', '39.15']",Maku and Shafa - Roud dam reservoirs,LOC,FALSE
5000,LOC.961/MED,LOC.961.MED,#27cf7e,landslide.LOC.961.MED,"['44.77', '39.15']",,MED,FALSE
5000,LOC.961/FAC,LOC.961.FAC,#f0a73a,landslide.LOC.961.FAC,"['44.77', '39.15']",,FAC,FALSE
5000,LOC.961/DATA,LOC.961.DATA,#8579ec,landslide.LOC.961.DATA,"['44.77', '39.15']",,DATA,FALSE
10000,LOC.962,LOC.962,#2579e8,landslide.LOC.962,"['-4.42', '36.72']",Malaga,LOC,FALSE
5000,LOC.962/MED,LOC.962.MED,#27cf7e,landslide.LOC.962.MED,"['-4.42', '36.72']",,MED,FALSE
5000,LOC.962/FAC,LOC.962.FAC,#f0a73a,landslide.LOC.962.FAC,"['-4.42', '36.72']",,FAC,FALSE
5000,LOC.962/DATA,LOC.962.DATA,#8579ec,landslide.LOC.962.DATA,"['-4.42', '36.72']",,DATA,FALSE
10000,LOC.963,LOC.963,#2579e8,landslide.LOC.963,"['112.63', '-8.06']",Malang Regency,LOC,FALSE
5000,LOC.963/MED,LOC.963.MED,#27cf7e,landslide.LOC.963.MED,"['112.63', '-8.06']",,MED,FALSE
5000,LOC.963/FAC,LOC.963.FAC,#f0a73a,landslide.LOC.963.FAC,"['112.63', '-8.06']",,FAC,FALSE
5000,LOC.963/DATA,LOC.963.DATA,#8579ec,landslide.LOC.963.DATA,"['112.63', '-8.06']",,DATA,FALSE
10000,LOC.964,LOC.964,#2579e8,landslide.LOC.964,"['76.13', '11.07']",Malappuram districts,LOC,FALSE
5000,LOC.964/MED,LOC.964.MED,#27cf7e,landslide.LOC.964.MED,"['76.13', '11.07']",,MED,FALSE
5000,LOC.964/FAC,LOC.964.FAC,#f0a73a,landslide.LOC.964.FAC,"['76.13', '11.07']",,FAC,FALSE
5000,LOC.964/DATA,LOC.964.DATA,#8579ec,landslide.LOC.964.DATA,"['76.13', '11.07']",,DATA,FALSE
10000,LOC.965,LOC.965,#2579e8,landslide.LOC.965,"['34.29', '-13.25']",Malawi,LOC,FALSE
5000,LOC.965/MED,LOC.965.MED,#27cf7e,landslide.LOC.965.MED,"['34.29', '-13.25']",,MED,FALSE
5000,LOC.965/FAC,LOC.965.FAC,#f0a73a,landslide.LOC.965.FAC,"['34.29', '-13.25']",,FAC,FALSE
5000,LOC.965/DATA,LOC.965.DATA,#8579ec,landslide.LOC.965.DATA,"['34.29', '-13.25']",,DATA,FALSE
10000,LOC.966,LOC.966,#2579e8,landslide.LOC.966,"['101.97', '4.21']",Malaysia,LOC,FALSE
5000,LOC.966/MED,LOC.966.MED,#27cf7e,landslide.LOC.966.MED,"['101.97', '4.21']",,MED,FALSE
5000,LOC.966/FAC,LOC.966.FAC,#f0a73a,landslide.LOC.966.FAC,"['101.97', '4.21']",,FAC,FALSE
5000,LOC.966/DATA,LOC.966.DATA,#8579ec,landslide.LOC.966.DATA,"['101.97', '4.21']",,DATA,FALSE
10000,LOC.967,LOC.967,#2579e8,landslide.LOC.967,"['151.05', '60.0']",Maliulin,LOC,FALSE
5000,LOC.967/MED,LOC.967.MED,#27cf7e,landslide.LOC.967.MED,"['151.05', '60.0']",,MED,FALSE
5000,LOC.967/FAC,LOC.967.FAC,#f0a73a,landslide.LOC.967.FAC,"['151.05', '60.0']",,FAC,FALSE
5000,LOC.967/DATA,LOC.967.DATA,#8579ec,landslide.LOC.967.DATA,"['151.05', '60.0']",,DATA,FALSE
10000,LOC.968,LOC.968,#2579e8,landslide.LOC.968,"['79.45', '30.72']",Mandakini River basin,LOC,FALSE
5000,LOC.968/MED,LOC.968.MED,#27cf7e,landslide.LOC.968.MED,"['79.45', '30.72']",,MED,FALSE
5000,LOC.968/FAC,LOC.968.FAC,#f0a73a,landslide.LOC.968.FAC,"['79.45', '30.72']",,FAC,FALSE
5000,LOC.968/DATA,LOC.968.DATA,#8579ec,landslide.LOC.968.DATA,"['79.45', '30.72']",,DATA,FALSE
10000,LOC.969,LOC.969,#2579e8,landslide.LOC.969,"['79.54', '30.51']",Mandakini valley of Uttarakhand Himalayas,LOC,FALSE
5000,LOC.969/MED,LOC.969.MED,#27cf7e,landslide.LOC.969.MED,"['79.54', '30.51']",,MED,FALSE
5000,LOC.969/FAC,LOC.969.FAC,#f0a73a,landslide.LOC.969.FAC,"['79.54', '30.51']",,FAC,FALSE
5000,LOC.969/DATA,LOC.969.DATA,#8579ec,landslide.LOC.969.DATA,"['79.54', '30.51']",,DATA,FALSE
10000,LOC.970,LOC.970,#2579e8,landslide.LOC.970,"['76.92', '31.71']",Mandi district,LOC,FALSE
5000,LOC.970/MED,LOC.970.MED,#27cf7e,landslide.LOC.970.MED,"['76.92', '31.71']",,MED,FALSE
5000,LOC.970/FAC,LOC.970.FAC,#f0a73a,landslide.LOC.970.FAC,"['76.92', '31.71']",,FAC,FALSE
5000,LOC.970/DATA,LOC.970.DATA,#8579ec,landslide.LOC.970.DATA,"['76.92', '31.71']",,DATA,FALSE
10000,LOC.971,LOC.971,#2579e8,landslide.LOC.971,"['73.25', '33.21']",Mandra,LOC,FALSE
5000,LOC.971/MED,LOC.971.MED,#27cf7e,landslide.LOC.971.MED,"['73.25', '33.21']",,MED,FALSE
5000,LOC.971/FAC,LOC.971.FAC,#f0a73a,landslide.LOC.971.FAC,"['73.25', '33.21']",,FAC,FALSE
5000,LOC.971/DATA,LOC.971.DATA,#8579ec,landslide.LOC.971.DATA,"['73.25', '33.21']",,DATA,FALSE
10000,LOC.972,LOC.972,#2579e8,landslide.LOC.972,"['93.93', '24.66']",Manipur,LOC,FALSE
5000,LOC.972/MED,LOC.972.MED,#27cf7e,landslide.LOC.972.MED,"['93.93', '24.66']",,MED,FALSE
5000,LOC.972/FAC,LOC.972.FAC,#f0a73a,landslide.LOC.972.FAC,"['93.93', '24.66']",,FAC,FALSE
5000,LOC.972/DATA,LOC.972.DATA,#8579ec,landslide.LOC.972.DATA,"['93.93', '24.66']",,DATA,FALSE
10000,LOC.973,LOC.973,#2579e8,landslide.LOC.973,"['73.38', '33.72']",Mansehra - Muzaffarabad - Mirpur and Mangla,LOC,FALSE
5000,LOC.973/MED,LOC.973.MED,#27cf7e,landslide.LOC.973.MED,"['73.38', '33.72']",,MED,FALSE
5000,LOC.973/FAC,LOC.973.FAC,#f0a73a,landslide.LOC.973.FAC,"['73.38', '33.72']",,FAC,FALSE
5000,LOC.973/DATA,LOC.973.DATA,#8579ec,landslide.LOC.973.DATA,"['73.38', '33.72']",,DATA,FALSE
10000,LOC.974,LOC.974,#2579e8,landslide.LOC.974,"['73.38', '33.72']",Mansehra and Muzaffarabad districts,LOC,FALSE
5000,LOC.974/MED,LOC.974.MED,#27cf7e,landslide.LOC.974.MED,"['73.38', '33.72']",,MED,FALSE
5000,LOC.974/FAC,LOC.974.FAC,#f0a73a,landslide.LOC.974.FAC,"['73.38', '33.72']",,FAC,FALSE
5000,LOC.974/DATA,LOC.974.DATA,#8579ec,landslide.LOC.974.DATA,"['73.38', '33.72']",,DATA,FALSE
10000,LOC.975,LOC.975,#2579e8,landslide.LOC.975,"['73.38', '33.72']",Mansehra and Torghar districts,LOC,FALSE
5000,LOC.975/MED,LOC.975.MED,#27cf7e,landslide.LOC.975.MED,"['73.38', '33.72']",,MED,FALSE
5000,LOC.975/FAC,LOC.975.FAC,#f0a73a,landslide.LOC.975.FAC,"['73.38', '33.72']",,FAC,FALSE
5000,LOC.975/DATA,LOC.975.DATA,#8579ec,landslide.LOC.975.DATA,"['73.38', '33.72']",,DATA,FALSE
10000,LOC.976,LOC.976,#2579e8,landslide.LOC.976,"['106.5', '14.5']",Many hilly parts of Vietnam,LOC,FALSE
5000,LOC.976/MED,LOC.976.MED,#27cf7e,landslide.LOC.976.MED,"['106.5', '14.5']",,MED,FALSE
5000,LOC.976/FAC,LOC.976.FAC,#f0a73a,landslide.LOC.976.FAC,"['106.5', '14.5']",,FAC,FALSE
5000,LOC.976/DATA,LOC.976.DATA,#8579ec,landslide.LOC.976.DATA,"['106.5', '14.5']",,DATA,FALSE
10000,LOC.977,LOC.977,#2579e8,landslide.LOC.977,"['94.3260', '25.4740']",Mao - Maram of,LOC,FALSE
5000,LOC.977/MED,LOC.977.MED,#27cf7e,landslide.LOC.977.MED,"['94.3260', '25.4740']",,MED,FALSE
5000,LOC.977/FAC,LOC.977.FAC,#f0a73a,landslide.LOC.977.FAC,"['94.3260', '25.4740']",,FAC,FALSE
5000,LOC.977/DATA,LOC.977.DATA,#8579ec,landslide.LOC.977.DATA,"['94.3260', '25.4740']",,DATA,FALSE
10000,LOC.978,LOC.978,#2579e8,landslide.LOC.978,"['101.5474', '24.7955']",Mao County,LOC,FALSE
5000,LOC.978/MED,LOC.978.MED,#27cf7e,landslide.LOC.978.MED,"['101.5474', '24.7955']",,MED,FALSE
5000,LOC.978/FAC,LOC.978.FAC,#f0a73a,landslide.LOC.978.FAC,"['101.5474', '24.7955']",,FAC,FALSE
5000,LOC.978/DATA,LOC.978.DATA,#8579ec,landslide.LOC.978.DATA,"['101.5474', '24.7955']",,DATA,FALSE
10000,LOC.979,LOC.979,#2579e8,landslide.LOC.979,"['94.1163', '25.0494']",Mao to Kangpokpi from AH - 1,LOC,FALSE
5000,LOC.979/MED,LOC.979.MED,#27cf7e,landslide.LOC.979.MED,"['94.1163', '25.0494']",,MED,FALSE
5000,LOC.979/FAC,LOC.979.FAC,#f0a73a,landslide.LOC.979.FAC,"['94.1163', '25.0494']",,FAC,FALSE
5000,LOC.979/DATA,LOC.979.DATA,#8579ec,landslide.LOC.979.DATA,"['94.1163', '25.0494']",,DATA,FALSE
10000,LOC.980,LOC.980,#2579e8,landslide.LOC.980,"['103.8881', '31.7104']",Maoxian,LOC,FALSE
5000,LOC.980/MED,LOC.980.MED,#27cf7e,landslide.LOC.980.MED,"['103.8881', '31.7104']",,MED,FALSE
5000,LOC.980/FAC,LOC.980.FAC,#f0a73a,landslide.LOC.980.FAC,"['103.8881', '31.7104']",,FAC,FALSE
5000,LOC.980/DATA,LOC.980.DATA,#8579ec,landslide.LOC.980.DATA,"['103.8881', '31.7104']",,DATA,FALSE
10000,LOC.981,LOC.981,#2579e8,landslide.LOC.981,"['103.2789', '31.3926']",Maoxian County,LOC,FALSE
5000,LOC.981/MED,LOC.981.MED,#27cf7e,landslide.LOC.981.MED,"['103.2789', '31.3926']",,MED,FALSE
5000,LOC.981/FAC,LOC.981.FAC,#f0a73a,landslide.LOC.981.FAC,"['103.2789', '31.3926']",,FAC,FALSE
5000,LOC.981/DATA,LOC.981.DATA,#8579ec,landslide.LOC.981.DATA,"['103.2789', '31.3926']",,DATA,FALSE
10000,LOC.982,LOC.982,#2579e8,landslide.LOC.982,"['84.2170', '28.2406']",Mardi Khola,LOC,FALSE
5000,LOC.982/MED,LOC.982.MED,#27cf7e,landslide.LOC.982.MED,"['84.2170', '28.2406']",,MED,FALSE
5000,LOC.982/FAC,LOC.982.FAC,#f0a73a,landslide.LOC.982.FAC,"['84.2170', '28.2406']",,FAC,FALSE
5000,LOC.982/DATA,LOC.982.DATA,#8579ec,landslide.LOC.982.DATA,"['84.2170', '28.2406']",,DATA,FALSE
10000,LOC.983,LOC.983,#2579e8,landslide.LOC.983,"['49.6944', '34.8046']",Markazi Province of Iran,LOC,FALSE
5000,LOC.983/MED,LOC.983.MED,#27cf7e,landslide.LOC.983.MED,"['49.6944', '34.8046']",,MED,FALSE
5000,LOC.983/FAC,LOC.983.FAC,#f0a73a,landslide.LOC.983.FAC,"['49.6944', '34.8046']",,FAC,FALSE
5000,LOC.983/DATA,LOC.983.DATA,#8579ec,landslide.LOC.983.DATA,"['49.6944', '34.8046']",,DATA,FALSE
10000,LOC.984,LOC.984,#2579e8,landslide.LOC.984,"['140.8293', '38.8998']",Marumori,LOC,FALSE
5000,LOC.984/MED,LOC.984.MED,#27cf7e,landslide.LOC.984.MED,"['140.8293', '38.8998']",,MED,FALSE
5000,LOC.984/FAC,LOC.984.FAC,#f0a73a,landslide.LOC.984.FAC,"['140.8293', '38.8998']",,FAC,FALSE
5000,LOC.984/DATA,LOC.984.DATA,#8579ec,landslide.LOC.984.DATA,"['140.8293', '38.8998']",,DATA,FALSE
10000,LOC.985,LOC.985,#2579e8,landslide.LOC.985,"['16.6070', '40.6666']",Matera,LOC,FALSE
5000,LOC.985/MED,LOC.985.MED,#27cf7e,landslide.LOC.985.MED,"['16.6070', '40.6666']",,MED,FALSE
5000,LOC.985/FAC,LOC.985.FAC,#f0a73a,landslide.LOC.985.FAC,"['16.6070', '40.6666']",,FAC,FALSE
5000,LOC.985/DATA,LOC.985.DATA,#8579ec,landslide.LOC.985.DATA,"['16.6070', '40.6666']",,DATA,FALSE
10000,LOC.986,LOC.986,#2579e8,landslide.LOC.986,"['57.5522', '20.3484']",Mauritius Island,LOC,FALSE
5000,LOC.986/MED,LOC.986.MED,#27cf7e,landslide.LOC.986.MED,"['57.5522', '20.3484']",,MED,FALSE
5000,LOC.986/FAC,LOC.986.FAC,#f0a73a,landslide.LOC.986.FAC,"['57.5522', '20.3484']",,FAC,FALSE
5000,LOC.986/DATA,LOC.986.DATA,#8579ec,landslide.LOC.986.DATA,"['57.5522', '20.3484']",,DATA,FALSE
10000,LOC.987,LOC.987,#2579e8,landslide.LOC.987,"['91.9869', '25.4807']",Mawiongrim,LOC,FALSE
5000,LOC.987/MED,LOC.987.MED,#27cf7e,landslide.LOC.987.MED,"['91.9869', '25.4807']",,MED,FALSE
5000,LOC.987/FAC,LOC.987.FAC,#f0a73a,landslide.LOC.987.FAC,"['91.9869', '25.4807']",,FAC,FALSE
5000,LOC.987/DATA,LOC.987.DATA,#8579ec,landslide.LOC.987.DATA,"['91.9869', '25.4807']",,DATA,FALSE
10000,LOC.988,LOC.988,#2579e8,landslide.LOC.988,"['110.7034', '27.9748']",Mayang County,LOC,FALSE
5000,LOC.988/MED,LOC.988.MED,#27cf7e,landslide.LOC.988.MED,"['110.7034', '27.9748']",,MED,FALSE
5000,LOC.988/FAC,LOC.988.FAC,#f0a73a,landslide.LOC.988.FAC,"['110.7034', '27.9748']",,FAC,FALSE
5000,LOC.988/DATA,LOC.988.DATA,#8579ec,landslide.LOC.988.DATA,"['110.7034', '27.9748']",,DATA,FALSE
10000,LOC.989,LOC.989,#2579e8,landslide.LOC.989,"['52.5461', '36.3472']",Mazandaran province,LOC,FALSE
5000,LOC.989/MED,LOC.989.MED,#27cf7e,landslide.LOC.989.MED,"['52.5461', '36.3472']",,MED,FALSE
5000,LOC.989/FAC,LOC.989.FAC,#f0a73a,landslide.LOC.989.FAC,"['52.5461', '36.3472']",,FAC,FALSE
5000,LOC.989/DATA,LOC.989.DATA,#8579ec,landslide.LOC.989.DATA,"['52.5461', '36.3472']",,DATA,FALSE
10000,LOC.990,LOC.990,#2579e8,landslide.LOC.990,"['52.5461', '36.3472']",Mazandaran Province of Iran,LOC,FALSE
5000,LOC.990/MED,LOC.990.MED,#27cf7e,landslide.LOC.990.MED,"['52.5461', '36.3472']",,MED,FALSE
5000,LOC.990/FAC,LOC.990.FAC,#f0a73a,landslide.LOC.990.FAC,"['52.5461', '36.3472']",,FAC,FALSE
5000,LOC.990/DATA,LOC.990.DATA,#8579ec,landslide.LOC.990.DATA,"['52.5461', '36.3472']",,DATA,FALSE
10000,LOC.991,LOC.991,#2579e8,landslide.LOC.991,"['52.5461', '36.3472']",Mazandran Province,LOC,FALSE
5000,LOC.991/MED,LOC.991.MED,#27cf7e,landslide.LOC.991.MED,"['52.5461', '36.3472']",,MED,FALSE
5000,LOC.991/FAC,LOC.991.FAC,#f0a73a,landslide.LOC.991.FAC,"['52.5461', '36.3472']",,FAC,FALSE
5000,LOC.991/DATA,LOC.991.DATA,#8579ec,landslide.LOC.991.DATA,"['52.5461', '36.3472']",,DATA,FALSE
10000,LOC.992,LOC.992,#2579e8,landslide.LOC.992,"['75.5636', '6.2442']",Medellin in Colombia,LOC,FALSE
5000,LOC.992/MED,LOC.992.MED,#27cf7e,landslide.LOC.992.MED,"['75.5636', '6.2442']",,MED,FALSE
5000,LOC.992/FAC,LOC.992.FAC,#f0a73a,landslide.LOC.992.FAC,"['75.5636', '6.2442']",,FAC,FALSE
5000,LOC.992/DATA,LOC.992.DATA,#8579ec,landslide.LOC.992.DATA,"['75.5636', '6.2442']",,DATA,FALSE
10000,LOC.993,LOC.993,#2579e8,landslide.LOC.993,"['15.2551', '34.5531']",Mediterranean,LOC,FALSE
5000,LOC.993/MED,LOC.993.MED,#27cf7e,landslide.LOC.993.MED,"['15.2551', '34.5531']",,MED,FALSE
5000,LOC.993/FAC,LOC.993.FAC,#f0a73a,landslide.LOC.993.FAC,"['15.2551', '34.5531']",,FAC,FALSE
5000,LOC.993/DATA,LOC.993.DATA,#8579ec,landslide.LOC.993.DATA,"['15.2551', '34.5531']",,DATA,FALSE
10000,LOC.994,LOC.994,#2579e8,landslide.LOC.994,"['15.2551', '34.5531']",Mediterranean catchment,LOC,FALSE
5000,LOC.994/MED,LOC.994.MED,#27cf7e,landslide.LOC.994.MED,"['15.2551', '34.5531']",,MED,FALSE
5000,LOC.994/FAC,LOC.994.FAC,#f0a73a,landslide.LOC.994.FAC,"['15.2551', '34.5531']",,FAC,FALSE
5000,LOC.994/DATA,LOC.994.DATA,#8579ec,landslide.LOC.994.DATA,"['15.2551', '34.5531']",,DATA,FALSE
10000,LOC.995,LOC.995,#2579e8,landslide.LOC.995,"['3.3452', '36.4330']",Mediterranean Kabylia,LOC,FALSE
5000,LOC.995/MED,LOC.995.MED,#27cf7e,landslide.LOC.995.MED,"['3.3452', '36.4330']",,MED,FALSE
5000,LOC.995/FAC,LOC.995.FAC,#f0a73a,landslide.LOC.995.FAC,"['3.3452', '36.4330']",,FAC,FALSE
5000,LOC.995/DATA,LOC.995.DATA,#8579ec,landslide.LOC.995.DATA,"['3.3452', '36.4330']",,DATA,FALSE
10000,LOC.996,LOC.996,#2579e8,landslide.LOC.996,"['5.4493', '35.7718']",Mediterranean Rif coastal zone of Morocco,LOC,FALSE
5000,LOC.996/MED,LOC.996.MED,#27cf7e,landslide.LOC.996.MED,"['5.4493', '35.7718']",,MED,FALSE
5000,LOC.996/FAC,LOC.996.FAC,#f0a73a,landslide.LOC.996.FAC,"['5.4493', '35.7718']",,FAC,FALSE
5000,LOC.996/DATA,LOC.996.DATA,#8579ec,landslide.LOC.996.DATA,"['5.4493', '35.7718']",,DATA,FALSE
10000,LOC.997,LOC.997,#2579e8,landslide.LOC.997,"['91.2794', '25.4670']",Meghalaya,LOC,FALSE
5000,LOC.997/MED,LOC.997.MED,#27cf7e,landslide.LOC.997.MED,"['91.2794', '25.4670']",,MED,FALSE
5000,LOC.997/FAC,LOC.997.FAC,#f0a73a,landslide.LOC.997.FAC,"['91.2794', '25.4670']",,FAC,FALSE
5000,LOC.997/DATA,LOC.997.DATA,#8579ec,landslide.LOC.997.DATA,"['91.2794', '25.4670']",,DATA,FALSE
10000,LOC.998,LOC.998,#2579e8,landslide.LOC.998,"['34.0837', '40.8982']",Melen Gorge in the Northwestern part of Turkey,LOC,FALSE
5000,LOC.998/MED,LOC.998.MED,#27cf7e,landslide.LOC.998.MED,"['34.0837', '40.8982']",,MED,FALSE
5000,LOC.998/FAC,LOC.998.FAC,#f0a73a,landslide.LOC.998.FAC,"['34.0837', '40.8982']",,FAC,FALSE
5000,LOC.998/DATA,LOC.998.DATA,#8579ec,landslide.LOC.998.DATA,"['34.0837', '40.8982']",,DATA,FALSE
10000,LOC.999,LOC.999,#2579e8,landslide.LOC.999,"['37.7159', '7.0353']",Mesima Basin,LOC,FALSE
5000,LOC.999/MED,LOC.999.MED,#27cf7e,landslide.LOC.999.MED,"['37.7159', '7.0353']",,MED,FALSE
5000,LOC.999/FAC,LOC.999.FAC,#f0a73a,landslide.LOC.999.FAC,"['37.7159', '7.0353']",,FAC,FALSE
5000,LOC.999/DATA,LOC.999.DATA,#8579ec,landslide.LOC.999.DATA,"['37.7159', '7.0353']",,DATA,FALSE
10000,LOC.1000,LOC.1000,#2579e8,landslide.LOC.1000,"['37.7075', '7.0300']",Mesima surroundings,LOC,FALSE
5000,LOC.1000/MED,LOC.1000.MED,#27cf7e,landslide.LOC.1000.MED,"['37.7075', '7.0300']",,MED,FALSE
5000,LOC.1000/FAC,LOC.1000.FAC,#f0a73a,landslide.LOC.1000.FAC,"['37.7075', '7.0300']",,FAC,FALSE
5000,LOC.1000/DATA,LOC.1000.DATA,#8579ec,landslide.LOC.1000.DATA,"['37.7075', '7.0300']",,DATA,FALSE
10000,LOC.1001,LOC.1001,#2579e8,landslide.LOC.1001,"['15.6444', '38.2265']",Messina Straits graben,LOC,FALSE
5000,LOC.1001/MED,LOC.1001.MED,#27cf7e,landslide.LOC.1001.MED,"['15.6444', '38.2265']",,MED,FALSE
5000,LOC.1001/FAC,LOC.1001.FAC,#f0a73a,landslide.LOC.1001.FAC,"['15.6444', '38.2265']",,FAC,FALSE
5000,LOC.1001/DATA,LOC.1001.DATA,#8579ec,landslide.LOC.1001.DATA,"['15.6444', '38.2265']",,DATA,FALSE
10000,LOC.1002,LOC.1002,#2579e8,landslide.LOC.1002,"['78.4700', '0.1807']",Metropolitan District of Quito,LOC,FALSE
5000,LOC.1002/MED,LOC.1002.MED,#27cf7e,landslide.LOC.1002.MED,"['78.4700', '0.1807']",,MED,FALSE
5000,LOC.1002/FAC,LOC.1002.FAC,#f0a73a,landslide.LOC.1002.FAC,"['78.4700', '0.1807']",,FAC,FALSE
5000,LOC.1002/DATA,LOC.1002.DATA,#8579ec,landslide.LOC.1002.DATA,"['78.4700', '0.1807']",,DATA,FALSE
10000,LOC.1003,LOC.1003,#2579e8,landslide.LOC.1003,"['46.6333', '23.5505']",metropolitan region of Sao Paulo - Brazil,LOC,FALSE
5000,LOC.1003/MED,LOC.1003.MED,#27cf7e,landslide.LOC.1003.MED,"['46.6333', '23.5505']",,MED,FALSE
5000,LOC.1003/FAC,LOC.1003.FAC,#f0a73a,landslide.LOC.1003.FAC,"['46.6333', '23.5505']",,FAC,FALSE
5000,LOC.1003/DATA,LOC.1003.DATA,#8579ec,landslide.LOC.1003.DATA,"['46.6333', '23.5505']",,DATA,FALSE
10000,LOC.1004,LOC.1004,#2579e8,landslide.LOC.1004,"['122.7475', '44.3577']",Mettman Ridge study area in Oregon,LOC,FALSE
5000,LOC.1004/MED,LOC.1004.MED,#27cf7e,landslide.LOC.1004.MED,"['122.7475', '44.3577']",,MED,FALSE
5000,LOC.1004/FAC,LOC.1004.FAC,#f0a73a,landslide.LOC.1004.FAC,"['122.7475', '44.3577']",,FAC,FALSE
5000,LOC.1004/DATA,LOC.1004.DATA,#8579ec,landslide.LOC.1004.DATA,"['122.7475', '44.3577']",,DATA,FALSE
10000,LOC.1005,LOC.1005,#2579e8,landslide.LOC.1005,"['77.8765', '11.8123']",Mettur dam,LOC,FALSE
5000,LOC.1005/MED,LOC.1005.MED,#27cf7e,landslide.LOC.1005.MED,"['77.8765', '11.8123']",,MED,FALSE
5000,LOC.1005/FAC,LOC.1005.FAC,#f0a73a,landslide.LOC.1005.FAC,"['77.8765', '11.8123']",,FAC,FALSE
5000,LOC.1005/DATA,LOC.1005.DATA,#8579ec,landslide.LOC.1005.DATA,"['77.8765', '11.8123']",,DATA,FALSE
10000,LOC.1006,LOC.1006,#2579e8,landslide.LOC.1006,"['102.5528', '23.6345']",Mexico,LOC,FALSE
5000,LOC.1006/MED,LOC.1006.MED,#27cf7e,landslide.LOC.1006.MED,"['102.5528', '23.6345']",,MED,FALSE
5000,LOC.1006/FAC,LOC.1006.FAC,#f0a73a,landslide.LOC.1006.FAC,"['102.5528', '23.6345']",,FAC,FALSE
5000,LOC.1006/DATA,LOC.1006.DATA,#8579ec,landslide.LOC.1006.DATA,"['102.5528', '23.6345']",,DATA,FALSE
10000,LOC.1007,LOC.1007,#2579e8,landslide.LOC.1007,"['47.2391', '37.4157']",Miandarband,LOC,FALSE
5000,LOC.1007/MED,LOC.1007.MED,#27cf7e,landslide.LOC.1007.MED,"['47.2391', '37.4157']",,MED,FALSE
5000,LOC.1007/FAC,LOC.1007.FAC,#f0a73a,landslide.LOC.1007.FAC,"['47.2391', '37.4157']",,FAC,FALSE
5000,LOC.1007/DATA,LOC.1007.DATA,#8579ec,landslide.LOC.1007.DATA,"['47.2391', '37.4157']",,DATA,FALSE
10000,LOC.1008,LOC.1008,#2579e8,landslide.LOC.1008,"['108.4634', '35.7083']",Miansi town,LOC,FALSE
5000,LOC.1008/MED,LOC.1008.MED,#27cf7e,landslide.LOC.1008.MED,"['108.4634', '35.7083']",,MED,FALSE
5000,LOC.1008/FAC,LOC.1008.FAC,#f0a73a,landslide.LOC.1008.FAC,"['108.4634', '35.7083']",,FAC,FALSE
5000,LOC.1008/DATA,LOC.1008.DATA,#8579ec,landslide.LOC.1008.DATA,"['108.4634', '35.7083']",,DATA,FALSE
10000,LOC.1009,LOC.1009,#2579e8,landslide.LOC.1009,"['104.7487', '31.1801']",Mianyang City,LOC,FALSE
5000,LOC.1009/MED,LOC.1009.MED,#27cf7e,landslide.LOC.1009.MED,"['104.7487', '31.1801']",,MED,FALSE
5000,LOC.1009/FAC,LOC.1009.FAC,#f0a73a,landslide.LOC.1009.FAC,"['104.7487', '31.1801']",,FAC,FALSE
5000,LOC.1009/DATA,LOC.1009.DATA,#8579ec,landslide.LOC.1009.DATA,"['104.7487', '31.1801']",,DATA,FALSE
10000,LOC.1010,LOC.1010,#2579e8,landslide.LOC.1010,"['120.5489', '24.5570']",Miao Li,LOC,FALSE
5000,LOC.1010/MED,LOC.1010.MED,#27cf7e,landslide.LOC.1010.MED,"['120.5489', '24.5570']",,MED,FALSE
5000,LOC.1010/FAC,LOC.1010.FAC,#f0a73a,landslide.LOC.1010.FAC,"['120.5489', '24.5570']",,FAC,FALSE
5000,LOC.1010/DATA,LOC.1010.DATA,#8579ec,landslide.LOC.1010.DATA,"['120.5489', '24.5570']",,DATA,FALSE
10000,LOC.1011,LOC.1011,#2579e8,landslide.LOC.1011,"['15.2551', '42.3852']",mid-Adriatic,LOC,FALSE
5000,LOC.1011/MED,LOC.1011.MED,#27cf7e,landslide.LOC.1011.MED,"['15.2551', '42.3852']",,MED,FALSE
5000,LOC.1011/FAC,LOC.1011.FAC,#f0a73a,landslide.LOC.1011.FAC,"['15.2551', '42.3852']",,FAC,FALSE
5000,LOC.1011/DATA,LOC.1011.DATA,#8579ec,landslide.LOC.1011.DATA,"['15.2551', '42.3852']",,DATA,FALSE
10000,LOC.1012,LOC.1012,#2579e8,landslide.LOC.1012,"['106.8294', '30.6062']",middle and upper reaches of the Yangtze River,LOC,FALSE
5000,LOC.1012/MED,LOC.1012.MED,#27cf7e,landslide.LOC.1012.MED,"['106.8294', '30.6062']",,MED,FALSE
5000,LOC.1012/FAC,LOC.1012.FAC,#f0a73a,landslide.LOC.1012.FAC,"['106.8294', '30.6062']",,FAC,FALSE
5000,LOC.1012/DATA,LOC.1012.DATA,#8579ec,landslide.LOC.1012.DATA,"['106.8294', '30.6062']",,DATA,FALSE
10000,LOC.1013,LOC.1013,#2579e8,landslide.LOC.1013,"['46.6753', '24.6877']",Middle East,LOC,FALSE
5000,LOC.1013/MED,LOC.1013.MED,#27cf7e,landslide.LOC.1013.MED,"['46.6753', '24.6877']",,MED,FALSE
5000,LOC.1013/FAC,LOC.1013.FAC,#f0a73a,landslide.LOC.1013.FAC,"['46.6753', '24.6877']",,FAC,FALSE
5000,LOC.1013/DATA,LOC.1013.DATA,#8579ec,landslide.LOC.1013.DATA,"['46.6753', '24.6877']",,DATA,FALSE
10000,LOC.1014,LOC.1014,#2579e8,landslide.LOC.1014,"['19.5014', '6.1864']",Middle East and Africa,LOC,FALSE
5000,LOC.1014/MED,LOC.1014.MED,#27cf7e,landslide.LOC.1014.MED,"['19.5014', '6.1864']",,MED,FALSE
5000,LOC.1014/FAC,LOC.1014.FAC,#f0a73a,landslide.LOC.1014.FAC,"['19.5014', '6.1864']",,FAC,FALSE
5000,LOC.1014/DATA,LOC.1014.DATA,#8579ec,landslide.LOC.1014.DATA,"['19.5014', '6.1864']",,DATA,FALSE
10000,LOC.1015,LOC.1015,#2579e8,landslide.LOC.1015,"['121.1680', '47.4557']",Middle Fork,LOC,FALSE
5000,LOC.1015/MED,LOC.1015.MED,#27cf7e,landslide.LOC.1015.MED,"['121.1680', '47.4557']",,MED,FALSE
5000,LOC.1015/FAC,LOC.1015.FAC,#f0a73a,landslide.LOC.1015.FAC,"['121.1680', '47.4557']",,FAC,FALSE
5000,LOC.1015/DATA,LOC.1015.DATA,#8579ec,landslide.LOC.1015.DATA,"['121.1680', '47.4557']",,DATA,FALSE
10000,LOC.1016,LOC.1016,#2579e8,landslide.LOC.1016,"['77.1722', '31.8760']",middle Himalayan region of Himachal Pradesh,LOC,FALSE
5000,LOC.1016/MED,LOC.1016.MED,#27cf7e,landslide.LOC.1016.MED,"['77.1722', '31.8760']",,MED,FALSE
5000,LOC.1016/FAC,LOC.1016.FAC,#f0a73a,landslide.LOC.1016.FAC,"['77.1722', '31.8760']",,FAC,FALSE
5000,LOC.1016/DATA,LOC.1016.DATA,#8579ec,landslide.LOC.1016.DATA,"['77.1722', '31.8760']",,DATA,FALSE
10000,LOC.1017,LOC.1017,#2579e8,landslide.LOC.1017,"['10.3712', '44.0225']",middle part of the Serchio River basin,LOC,FALSE
5000,LOC.1017/MED,LOC.1017.MED,#27cf7e,landslide.LOC.1017.MED,"['10.3712', '44.0225']",,MED,FALSE
5000,LOC.1017/FAC,LOC.1017.FAC,#f0a73a,landslide.LOC.1017.FAC,"['10.3712', '44.0225']",,FAC,FALSE
5000,LOC.1017/DATA,LOC.1017.DATA,#8579ec,landslide.LOC.1017.DATA,"['10.3712', '44.0225']",,DATA,FALSE
10000,LOC.1018,LOC.1018,#2579e8,landslide.LOC.1018,"['114.1559', '22.2779']",Mid-Levels region in Hong Kong,LOC,FALSE
5000,LOC.1018/MED,LOC.1018.MED,#27cf7e,landslide.LOC.1018.MED,"['114.1559', '22.2779']",,MED,FALSE
5000,LOC.1018/FAC,LOC.1018.FAC,#f0a73a,landslide.LOC.1018.FAC,"['114.1559', '22.2779']",,FAC,FALSE
5000,LOC.1018/DATA,LOC.1018.DATA,#8579ec,landslide.LOC.1018.DATA,"['114.1559', '22.2779']",,DATA,FALSE
10000,LOC.1019,LOC.1019,#2579e8,landslide.LOC.1019,"['94.2067', '29.2364']",Milin County,LOC,FALSE
5000,LOC.1019/MED,LOC.1019.MED,#27cf7e,landslide.LOC.1019.MED,"['94.2067', '29.2364']",,MED,FALSE
5000,LOC.1019/FAC,LOC.1019.FAC,#f0a73a,landslide.LOC.1019.FAC,"['94.2067', '29.2364']",,FAC,FALSE
5000,LOC.1019/DATA,LOC.1019.DATA,#8579ec,landslide.LOC.1019.DATA,"['94.2067', '29.2364']",,DATA,FALSE
10000,LOC.1020,LOC.1020,#2579e8,landslide.LOC.1020,"['130.0533', '32.2211']",Minamata,LOC,FALSE
5000,LOC.1020/MED,LOC.1020.MED,#27cf7e,landslide.LOC.1020.MED,"['130.0533', '32.2211']",,MED,FALSE
5000,LOC.1020/FAC,LOC.1020.FAC,#f0a73a,landslide.LOC.1020.FAC,"['130.0533', '32.2211']",,FAC,FALSE
5000,LOC.1020/DATA,LOC.1020.DATA,#8579ec,landslide.LOC.1020.DATA,"['130.0533', '32.2211']",,DATA,FALSE
10000,LOC.1021,LOC.1021,#2579e8,landslide.LOC.1021,"['130.0349', '32.2233']",Minamata area of southern Kyushu Island,LOC,FALSE
5000,LOC.1021/MED,LOC.1021.MED,#27cf7e,landslide.LOC.1021.MED,"['130.0349', '32.2233']",,MED,FALSE
5000,LOC.1021/FAC,LOC.1021.FAC,#f0a73a,landslide.LOC.1021.FAC,"['130.0349', '32.2233']",,FAC,FALSE
5000,LOC.1021/DATA,LOC.1021.DATA,#8579ec,landslide.LOC.1021.DATA,"['130.0349', '32.2233']",,DATA,FALSE
10000,LOC.1022,LOC.1022,#2579e8,landslide.LOC.1022,"['44.5637', '18.5125']",Minas Gerais,LOC,FALSE
5000,LOC.1022/MED,LOC.1022.MED,#27cf7e,landslide.LOC.1022.MED,"['44.5637', '18.5125']",,MED,FALSE
5000,LOC.1022/FAC,LOC.1022.FAC,#f0a73a,landslide.LOC.1022.FAC,"['44.5637', '18.5125']",,FAC,FALSE
5000,LOC.1022/DATA,LOC.1022.DATA,#8579ec,landslide.LOC.1022.DATA,"['44.5637', '18.5125']",,DATA,FALSE
10000,LOC.1023,LOC.1023,#2579e8,landslide.LOC.1023,"['84.0792', '32.5167']",Mingchukur,LOC,FALSE
5000,LOC.1023/MED,LOC.1023.MED,#27cf7e,landslide.LOC.1023.MED,"['84.0792', '32.5167']",,MED,FALSE
5000,LOC.1023/FAC,LOC.1023.FAC,#f0a73a,landslide.LOC.1023.FAC,"['84.0792', '32.5167']",,FAC,FALSE
5000,LOC.1023/DATA,LOC.1023.DATA,#8579ec,landslide.LOC.1023.DATA,"['84.0792', '32.5167']",,DATA,FALSE
10000,LOC.1024,LOC.1024,#2579e8,landslide.LOC.1024,"['103.2298', '28.0000']",Minjiang River,LOC,FALSE
5000,LOC.1024/MED,LOC.1024.MED,#27cf7e,landslide.LOC.1024.MED,"['103.2298', '28.0000']",,MED,FALSE
5000,LOC.1024/FAC,LOC.1024.FAC,#f0a73a,landslide.LOC.1024.FAC,"['103.2298', '28.0000']",,FAC,FALSE
5000,LOC.1024/DATA,LOC.1024.DATA,#8579ec,landslide.LOC.1024.DATA,"['103.2298', '28.0000']",,DATA,FALSE
10000,LOC.1025,LOC.1025,#2579e8,landslide.LOC.1025,"['104.0444', '34.4453']",Minxian,LOC,FALSE
5000,LOC.1025/MED,LOC.1025.MED,#27cf7e,landslide.LOC.1025.MED,"['104.0444', '34.4453']",,MED,FALSE
5000,LOC.1025/FAC,LOC.1025.FAC,#f0a73a,landslide.LOC.1025.FAC,"['104.0444', '34.4453']",,FAC,FALSE
5000,LOC.1025/DATA,LOC.1025.DATA,#8579ec,landslide.LOC.1025.DATA,"['104.0444', '34.4453']",,DATA,FALSE
10000,LOC.1026,LOC.1026,#2579e8,landslide.LOC.1026,"['104.2531', '34.0059']",Minxian - Zhangxian,LOC,FALSE
5000,LOC.1026/MED,LOC.1026.MED,#27cf7e,landslide.LOC.1026.MED,"['104.2531', '34.0059']",,MED,FALSE
5000,LOC.1026/FAC,LOC.1026.FAC,#f0a73a,landslide.LOC.1026.FAC,"['104.2531', '34.0059']",,FAC,FALSE
5000,LOC.1026/DATA,LOC.1026.DATA,#8579ec,landslide.LOC.1026.DATA,"['104.2531', '34.0059']",,DATA,FALSE
10000,LOC.1027,LOC.1027,#2579e8,landslide.LOC.1027,"['102.0424', '28.6026']",Miyi county,LOC,FALSE
5000,LOC.1027/MED,LOC.1027.MED,#27cf7e,landslide.LOC.1027.MED,"['102.0424', '28.6026']",,MED,FALSE
5000,LOC.1027/FAC,LOC.1027.FAC,#f0a73a,landslide.LOC.1027.FAC,"['102.0424', '28.6026']",,FAC,FALSE
5000,LOC.1027/DATA,LOC.1027.DATA,#8579ec,landslide.LOC.1027.DATA,"['102.0424', '28.6026']",,DATA,FALSE
10000,LOC.1028,LOC.1028,#2579e8,landslide.LOC.1028,"['116.8964', '40.4576']",Miyun country,LOC,FALSE
5000,LOC.1028/MED,LOC.1028.MED,#27cf7e,landslide.LOC.1028.MED,"['116.8964', '40.4576']",,MED,FALSE
5000,LOC.1028/FAC,LOC.1028.FAC,#f0a73a,landslide.LOC.1028.FAC,"['116.8964', '40.4576']",,FAC,FALSE
5000,LOC.1028/DATA,LOC.1028.DATA,#8579ec,landslide.LOC.1028.DATA,"['116.8964', '40.4576']",,DATA,FALSE
10000,LOC.1029,LOC.1029,#2579e8,landslide.LOC.1029,"['92.9376', '23.1645']",Mizoram,LOC,FALSE
5000,LOC.1029/MED,LOC.1029.MED,#27cf7e,landslide.LOC.1029.MED,"['92.9376', '23.1645']",,MED,FALSE
5000,LOC.1029/FAC,LOC.1029.FAC,#f0a73a,landslide.LOC.1029.FAC,"['92.9376', '23.1645']",,FAC,FALSE
5000,LOC.1029/DATA,LOC.1029.DATA,#8579ec,landslide.LOC.1029.DATA,"['92.9376', '23.1645']",,DATA,FALSE
10000,LOC.1030,LOC.1030,#2579e8,landslide.LOC.1030,"['137.2552', '35.3646']",Mizunami City,LOC,FALSE
5000,LOC.1030/MED,LOC.1030.MED,#27cf7e,landslide.LOC.1030.MED,"['137.2552', '35.3646']",,MED,FALSE
5000,LOC.1030/FAC,LOC.1030.FAC,#f0a73a,landslide.LOC.1030.FAC,"['137.2552', '35.3646']",,FAC,FALSE
5000,LOC.1030/DATA,LOC.1030.DATA,#8579ec,landslide.LOC.1030.DATA,"['137.2552', '35.3646']",,DATA,FALSE
10000,LOC.1031,LOC.1031,#2579e8,landslide.LOC.1031,"['0.0931', '51.4793']",MMMM,LOC,FALSE
5000,LOC.1031/MED,LOC.1031.MED,#27cf7e,landslide.LOC.1031.MED,"['0.0931', '51.4793']",,MED,FALSE
5000,LOC.1031/FAC,LOC.1031.FAC,#f0a73a,landslide.LOC.1031.FAC,"['0.0931', '51.4793']",,FAC,FALSE
5000,LOC.1031/DATA,LOC.1031.DATA,#8579ec,landslide.LOC.1031.DATA,"['0.0931', '51.4793']",,DATA,FALSE
10000,LOC.1032,LOC.1032,#2579e8,landslide.LOC.1032,"['84.1287', '28.0857']",Modi Khola,LOC,FALSE
5000,LOC.1032/MED,LOC.1032.MED,#27cf7e,landslide.LOC.1032.MED,"['84.1287', '28.0857']",,MED,FALSE
5000,LOC.1032/FAC,LOC.1032.FAC,#f0a73a,landslide.LOC.1032.FAC,"['84.1287', '28.0857']",,FAC,FALSE
5000,LOC.1032/DATA,LOC.1032.DATA,#8579ec,landslide.LOC.1032.DATA,"['84.1287', '28.0857']",,DATA,FALSE
10000,LOC.1033,LOC.1033,#2579e8,landslide.LOC.1033,"['84.1526', '28.1062']",Modi Khola valley,LOC,FALSE
5000,LOC.1033/MED,LOC.1033.MED,#27cf7e,landslide.LOC.1033.MED,"['84.1526', '28.1062']",,MED,FALSE
5000,LOC.1033/FAC,LOC.1033.FAC,#f0a73a,landslide.LOC.1033.FAC,"['84.1526', '28.1062']",,FAC,FALSE
5000,LOC.1033/DATA,LOC.1033.DATA,#8579ec,landslide.LOC.1033.DATA,"['84.1526', '28.1062']",,DATA,FALSE
10000,LOC.1034,LOC.1034,#2579e8,landslide.LOC.1034,"['28.3697', '47.4116']",Moldavian,LOC,FALSE
5000,LOC.1034/MED,LOC.1034.MED,#27cf7e,landslide.LOC.1034.MED,"['28.3697', '47.4116']",,MED,FALSE
5000,LOC.1034/FAC,LOC.1034.FAC,#f0a73a,landslide.LOC.1034.FAC,"['28.3697', '47.4116']",,FAC,FALSE
5000,LOC.1034/DATA,LOC.1034.DATA,#8579ec,landslide.LOC.1034.DATA,"['28.3697', '47.4116']",,DATA,FALSE
10000,LOC.1035,LOC.1035,#2579e8,landslide.LOC.1035,"['27.2619', '46.8127']",Moldavian Plateau,LOC,FALSE
5000,LOC.1035/MED,LOC.1035.MED,#27cf7e,landslide.LOC.1035.MED,"['27.2619', '46.8127']",,MED,FALSE
5000,LOC.1035/FAC,LOC.1035.FAC,#f0a73a,landslide.LOC.1035.FAC,"['27.2619', '46.8127']",,FAC,FALSE
5000,LOC.1035/DATA,LOC.1035.DATA,#8579ec,landslide.LOC.1035.DATA,"['27.2619', '46.8127']",,DATA,FALSE
10000,LOC.1036,LOC.1036,#2579e8,landslide.LOC.1036,"['14.0', '41.6']",Molise,LOC,FALSE
5000,LOC.1036/MED,LOC.1036.MED,#27cf7e,landslide.LOC.1036.MED,"['14.0', '41.6']",,MED,FALSE
5000,LOC.1036/FAC,LOC.1036.FAC,#f0a73a,landslide.LOC.1036.FAC,"['14.0', '41.6']",,FAC,FALSE
5000,LOC.1036/DATA,LOC.1036.DATA,#8579ec,landslide.LOC.1036.DATA,"['14.0', '41.6']",,DATA,FALSE
10000,LOC.1037,LOC.1037,#2579e8,landslide.LOC.1037,"['7.9487', '44.0715']",Monesi di Mendatica,LOC,FALSE
5000,LOC.1037/MED,LOC.1037.MED,#27cf7e,landslide.LOC.1037.MED,"['7.9487', '44.0715']",,MED,FALSE
5000,LOC.1037/FAC,LOC.1037.FAC,#f0a73a,landslide.LOC.1037.FAC,"['7.9487', '44.0715']",,FAC,FALSE
5000,LOC.1037/DATA,LOC.1037.DATA,#8579ec,landslide.LOC.1037.DATA,"['7.9487', '44.0715']",,DATA,FALSE
10000,LOC.1038,LOC.1038,#2579e8,landslide.LOC.1038,"['7.4894', '45.7323']",Mont - Emilius and Mont - Cervin Mountain Communities,LOC,FALSE
5000,LOC.1038/MED,LOC.1038.MED,#27cf7e,landslide.LOC.1038.MED,"['7.4894', '45.7323']",,MED,FALSE
5000,LOC.1038/FAC,LOC.1038.FAC,#f0a73a,landslide.LOC.1038.FAC,"['7.4894', '45.7323']",,FAC,FALSE
5000,LOC.1038/DATA,LOC.1038.DATA,#8579ec,landslide.LOC.1038.DATA,"['7.4894', '45.7323']",,DATA,FALSE
10000,LOC.1039,LOC.1039,#2579e8,landslide.LOC.1039,"['9.6546', '44.1275']",Monterosso catchment,LOC,FALSE
5000,LOC.1039/MED,LOC.1039.MED,#27cf7e,landslide.LOC.1039.MED,"['9.6546', '44.1275']",,MED,FALSE
5000,LOC.1039/FAC,LOC.1039.FAC,#f0a73a,landslide.LOC.1039.FAC,"['9.6546', '44.1275']",,FAC,FALSE
5000,LOC.1039/DATA,LOC.1039.DATA,#8579ec,landslide.LOC.1039.DATA,"['9.6546', '44.1275']",,DATA,FALSE
10000,LOC.1040,LOC.1040,#2579e8,landslide.LOC.1040,"['77.1624', '10.1789']",Moonnilavu,LOC,FALSE
5000,LOC.1040/MED,LOC.1040.MED,#27cf7e,landslide.LOC.1040.MED,"['77.1624', '10.1789']",,MED,FALSE
5000,LOC.1040/FAC,LOC.1040.FAC,#f0a73a,landslide.LOC.1040.FAC,"['77.1624', '10.1789']",,FAC,FALSE
5000,LOC.1040/DATA,LOC.1040.DATA,#8579ec,landslide.LOC.1040.DATA,"['77.1624', '10.1789']",,DATA,FALSE
10000,LOC.1041,LOC.1041,#2579e8,landslide.LOC.1041,"['7.5924', '62.5031']",More and Romsdal region of Norway,LOC,FALSE
5000,LOC.1041/MED,LOC.1041.MED,#27cf7e,landslide.LOC.1041.MED,"['7.5924', '62.5031']",,MED,FALSE
5000,LOC.1041/FAC,LOC.1041.FAC,#f0a73a,landslide.LOC.1041.FAC,"['7.5924', '62.5031']",,FAC,FALSE
5000,LOC.1041/DATA,LOC.1041.DATA,#8579ec,landslide.LOC.1041.DATA,"['7.5924', '62.5031']",,DATA,FALSE
10000,LOC.1042,LOC.1042,#2579e8,landslide.LOC.1042,"['9.2206', '32.2995']",Moroccan Safi,LOC,FALSE
5000,LOC.1042/MED,LOC.1042.MED,#27cf7e,landslide.LOC.1042.MED,"['9.2206', '32.2995']",,MED,FALSE
5000,LOC.1042/FAC,LOC.1042.FAC,#f0a73a,landslide.LOC.1042.FAC,"['9.2206', '32.2995']",,FAC,FALSE
5000,LOC.1042/DATA,LOC.1042.DATA,#8579ec,landslide.LOC.1042.DATA,"['9.2206', '32.2995']",,DATA,FALSE
10000,LOC.1043,LOC.1043,#2579e8,landslide.LOC.1043,"['7.0926', '31.7917']",Morocco,LOC,FALSE
5000,LOC.1043/MED,LOC.1043.MED,#27cf7e,landslide.LOC.1043.MED,"['7.0926', '31.7917']",,MED,FALSE
5000,LOC.1043/FAC,LOC.1043.FAC,#f0a73a,landslide.LOC.1043.FAC,"['7.0926', '31.7917']",,FAC,FALSE
5000,LOC.1043/DATA,LOC.1043.DATA,#8579ec,landslide.LOC.1043.DATA,"['7.0926', '31.7917']",,DATA,FALSE
10000,LOC.1044,LOC.1044,#2579e8,landslide.LOC.1044,"['18.2739', '42.8810']",motorway A9,LOC,FALSE
5000,LOC.1044/MED,LOC.1044.MED,#27cf7e,landslide.LOC.1044.MED,"['18.2739', '42.8810']",,MED,FALSE
5000,LOC.1044/FAC,LOC.1044.FAC,#f0a73a,landslide.LOC.1044.FAC,"['18.2739', '42.8810']",,FAC,FALSE
5000,LOC.1044/DATA,LOC.1044.DATA,#8579ec,landslide.LOC.1044.DATA,"['18.2739', '42.8810']",,DATA,FALSE
10000,LOC.1045,LOC.1045,#2579e8,landslide.LOC.1045,"['24.0249', '35.5110']",motorway A90 in Chania,LOC,FALSE
5000,LOC.1045/MED,LOC.1045.MED,#27cf7e,landslide.LOC.1045.MED,"['24.0249', '35.5110']",,MED,FALSE
5000,LOC.1045/FAC,LOC.1045.FAC,#f0a73a,landslide.LOC.1045.FAC,"['24.0249', '35.5110']",,FAC,FALSE
5000,LOC.1045/DATA,LOC.1045.DATA,#8579ec,landslide.LOC.1045.DATA,"['24.0249', '35.5110']",,DATA,FALSE
10000,LOC.1046,LOC.1046,#2579e8,landslide.LOC.1046,"['92.3963', '15.2683']",Motozintla,LOC,FALSE
5000,LOC.1046/MED,LOC.1046.MED,#27cf7e,landslide.LOC.1046.MED,"['92.3963', '15.2683']",,MED,FALSE
5000,LOC.1046/FAC,LOC.1046.FAC,#f0a73a,landslide.LOC.1046.FAC,"['92.3963', '15.2683']",,FAC,FALSE
5000,LOC.1046/DATA,LOC.1046.DATA,#8579ec,landslide.LOC.1046.DATA,"['92.3963', '15.2683']",,DATA,FALSE
10000,LOC.1047,LOC.1047,#2579e8,landslide.LOC.1047,"['42.4232', '17.6424']",Mountain areas in the southern western corner of the Kingdom of Saudi Arabia,LOC,FALSE
5000,LOC.1047/MED,LOC.1047.MED,#27cf7e,landslide.LOC.1047.MED,"['42.4232', '17.6424']",,MED,FALSE
5000,LOC.1047/FAC,LOC.1047.FAC,#f0a73a,landslide.LOC.1047.FAC,"['42.4232', '17.6424']",,FAC,FALSE
5000,LOC.1047/DATA,LOC.1047.DATA,#8579ec,landslide.LOC.1047.DATA,"['42.4232', '17.6424']",,DATA,FALSE
10000,LOC.1048,LOC.1048,#2579e8,landslide.LOC.1048,"['70.1253', '31.4605']",mountain foothills of Central Chile,LOC,FALSE
5000,LOC.1048/MED,LOC.1048.MED,#27cf7e,landslide.LOC.1048.MED,"['70.1253', '31.4605']",,MED,FALSE
5000,LOC.1048/FAC,LOC.1048.FAC,#f0a73a,landslide.LOC.1048.FAC,"['70.1253', '31.4605']",,FAC,FALSE
5000,LOC.1048/DATA,LOC.1048.DATA,#8579ec,landslide.LOC.1048.DATA,"['70.1253', '31.4605']",,DATA,FALSE
10000,LOC.1049,LOC.1049,#2579e8,landslide.LOC.1049,"['0.0', '0.0']",mountain highways,LOC,FALSE
5000,LOC.1049/MED,LOC.1049.MED,#27cf7e,landslide.LOC.1049.MED,"['0.0', '0.0']",,MED,FALSE
5000,LOC.1049/FAC,LOC.1049.FAC,#f0a73a,landslide.LOC.1049.FAC,"['0.0', '0.0']",,FAC,FALSE
5000,LOC.1049/DATA,LOC.1049.DATA,#8579ec,landslide.LOC.1049.DATA,"['0.0', '0.0']",,DATA,FALSE
10000,LOC.1050,LOC.1050,#2579e8,landslide.LOC.1050,"['0.0', '0.0']",mountainous,LOC,FALSE
5000,LOC.1050/MED,LOC.1050.MED,#27cf7e,landslide.LOC.1050.MED,"['0.0', '0.0']",,MED,FALSE
5000,LOC.1050/FAC,LOC.1050.FAC,#f0a73a,landslide.LOC.1050.FAC,"['0.0', '0.0']",,FAC,FALSE
5000,LOC.1050/DATA,LOC.1050.DATA,#8579ec,landslide.LOC.1050.DATA,"['0.0', '0.0']",,DATA,FALSE
10000,LOC.1051,LOC.1051,#2579e8,landslide.LOC.1051,"['102.1900', '4.6328']",mountainous area in Central Bengkulu,LOC,FALSE
5000,LOC.1051/MED,LOC.1051.MED,#27cf7e,landslide.LOC.1051.MED,"['102.1900', '4.6328']",,MED,FALSE
5000,LOC.1051/FAC,LOC.1051.FAC,#f0a73a,landslide.LOC.1051.FAC,"['102.1900', '4.6328']",,FAC,FALSE
5000,LOC.1051/DATA,LOC.1051.DATA,#8579ec,landslide.LOC.1051.DATA,"['102.1900', '4.6328']",,DATA,FALSE
10000,LOC.1052,LOC.1052,#2579e8,landslide.LOC.1052,"['99.6703', '19.8633']",mountainous area in Northern Thailand,LOC,FALSE
5000,LOC.1052/MED,LOC.1052.MED,#27cf7e,landslide.LOC.1052.MED,"['99.6703', '19.8633']",,MED,FALSE
5000,LOC.1052/FAC,LOC.1052.FAC,#f0a73a,landslide.LOC.1052.FAC,"['99.6703', '19.8633']",,FAC,FALSE
5000,LOC.1052/DATA,LOC.1052.DATA,#8579ec,landslide.LOC.1052.DATA,"['99.6703', '19.8633']",,DATA,FALSE
10000,LOC.1053,LOC.1053,#2579e8,landslide.LOC.1053,"['4.0041', '35.7454']",mountainous area of northern Morocco,LOC,FALSE
5000,LOC.1053/MED,LOC.1053.MED,#27cf7e,landslide.LOC.1053.MED,"['4.0041', '35.7454']",,MED,FALSE
5000,LOC.1053/FAC,LOC.1053.FAC,#f0a73a,landslide.LOC.1053.FAC,"['4.0041', '35.7454']",,FAC,FALSE
5000,LOC.1053/DATA,LOC.1053.DATA,#8579ec,landslide.LOC.1053.DATA,"['4.0041', '35.7454']",,DATA,FALSE
10000,LOC.1054,LOC.1054,#2579e8,landslide.LOC.1054,"['43.2096', '22.9068']",mountainous area of Rio de Janeiro,LOC,FALSE
5000,LOC.1054/MED,LOC.1054.MED,#27cf7e,landslide.LOC.1054.MED,"['43.2096', '22.9068']",,MED,FALSE
5000,LOC.1054/FAC,LOC.1054.FAC,#f0a73a,landslide.LOC.1054.FAC,"['43.2096', '22.9068']",,FAC,FALSE
5000,LOC.1054/DATA,LOC.1054.DATA,#8579ec,landslide.LOC.1054.DATA,"['43.2096', '22.9068']",,DATA,FALSE
10000,LOC.1055,LOC.1055,#2579e8,landslide.LOC.1055,"['77.6273', '9.2083']",mountainous area of the Cordillera Blanca,LOC,FALSE
5000,LOC.1055/MED,LOC.1055.MED,#27cf7e,landslide.LOC.1055.MED,"['77.6273', '9.2083']",,MED,FALSE
5000,LOC.1055/FAC,LOC.1055.FAC,#f0a73a,landslide.LOC.1055.FAC,"['77.6273', '9.2083']",,FAC,FALSE
5000,LOC.1055/DATA,LOC.1055.DATA,#8579ec,landslide.LOC.1055.DATA,"['77.6273', '9.2083']",,DATA,FALSE
10000,LOC.1056,LOC.1056,#2579e8,landslide.LOC.1056,"['104.1954', '35.8617']",mountainous areas in China,LOC,FALSE
5000,LOC.1056/MED,LOC.1056.MED,#27cf7e,landslide.LOC.1056.MED,"['104.1954', '35.8617']",,MED,FALSE
5000,LOC.1056/FAC,LOC.1056.FAC,#f0a73a,landslide.LOC.1056.FAC,"['104.1954', '35.8617']",,FAC,FALSE
5000,LOC.1056/DATA,LOC.1056.DATA,#8579ec,landslide.LOC.1056.DATA,"['104.1954', '35.8617']",,DATA,FALSE
10000,LOC.1057,LOC.1057,#2579e8,landslide.LOC.1057,"['84.1240', '28.3949']",mountainous areas of Nepal,LOC,FALSE
5000,LOC.1057/MED,LOC.1057.MED,#27cf7e,landslide.LOC.1057.MED,"['84.1240', '28.3949']",,MED,FALSE
5000,LOC.1057/FAC,LOC.1057.FAC,#f0a73a,landslide.LOC.1057.FAC,"['84.1240', '28.3949']",,FAC,FALSE
5000,LOC.1057/DATA,LOC.1057.DATA,#8579ec,landslide.LOC.1057.DATA,"['84.1240', '28.3949']",,DATA,FALSE
10000,LOC.1058,LOC.1058,#2579e8,landslide.LOC.1058,"['121.0', '23.5']",Mountainous areas of Taiwan Island,LOC,FALSE
5000,LOC.1058/MED,LOC.1058.MED,#27cf7e,landslide.LOC.1058.MED,"['121.0', '23.5']",,MED,FALSE
5000,LOC.1058/FAC,LOC.1058.FAC,#f0a73a,landslide.LOC.1058.FAC,"['121.0', '23.5']",,FAC,FALSE
5000,LOC.1058/DATA,LOC.1058.DATA,#8579ec,landslide.LOC.1058.DATA,"['121.0', '23.5']",,DATA,FALSE
10000,LOC.1059,LOC.1059,#2579e8,landslide.LOC.1059,"['107.4176', '13.2904']",mountainous areas of Vietnam,LOC,FALSE
5000,LOC.1059/MED,LOC.1059.MED,#27cf7e,landslide.LOC.1059.MED,"['107.4176', '13.2904']",,MED,FALSE
5000,LOC.1059/FAC,LOC.1059.FAC,#f0a73a,landslide.LOC.1059.FAC,"['107.4176', '13.2904']",,FAC,FALSE
5000,LOC.1059/DATA,LOC.1059.DATA,#8579ec,landslide.LOC.1059.DATA,"['107.4176', '13.2904']",,DATA,FALSE
10000,LOC.1060,LOC.1060,#2579e8,landslide.LOC.1060,"['104.0', '28.0']",Mountainous catchment,LOC,FALSE
5000,LOC.1060/MED,LOC.1060.MED,#27cf7e,landslide.LOC.1060.MED,"['104.0', '28.0']",,MED,FALSE
5000,LOC.1060/FAC,LOC.1060.FAC,#f0a73a,landslide.LOC.1060.FAC,"['104.0', '28.0']",,FAC,FALSE
5000,LOC.1060/DATA,LOC.1060.DATA,#8579ec,landslide.LOC.1060.DATA,"['104.0', '28.0']",,DATA,FALSE
10000,LOC.1061,LOC.1061,#2579e8,landslide.LOC.1061,"['78.0', '32.0']",Mountainous communities in India's Lesser Himalayas,LOC,FALSE
5000,LOC.1061/MED,LOC.1061.MED,#27cf7e,landslide.LOC.1061.MED,"['78.0', '32.0']",,MED,FALSE
5000,LOC.1061/FAC,LOC.1061.FAC,#f0a73a,landslide.LOC.1061.FAC,"['78.0', '32.0']",,FAC,FALSE
5000,LOC.1061/DATA,LOC.1061.DATA,#8579ec,landslide.LOC.1061.DATA,"['78.0', '32.0']",,DATA,FALSE
10000,LOC.1062,LOC.1062,#2579e8,landslide.LOC.1062,"['105.0', '30.0']",Mountainous county,LOC,FALSE
5000,LOC.1062/MED,LOC.1062.MED,#27cf7e,landslide.LOC.1062.MED,"['105.0', '30.0']",,MED,FALSE
5000,LOC.1062/FAC,LOC.1062.FAC,#f0a73a,landslide.LOC.1062.FAC,"['105.0', '30.0']",,FAC,FALSE
5000,LOC.1062/DATA,LOC.1062.DATA,#8579ec,landslide.LOC.1062.DATA,"['105.0', '30.0']",,DATA,FALSE
10000,LOC.1063,LOC.1063,#2579e8,landslide.LOC.1063,"['104.5', '30.0']",Mountainous hilly,LOC,FALSE
5000,LOC.1063/MED,LOC.1063.MED,#27cf7e,landslide.LOC.1063.MED,"['104.5', '30.0']",,MED,FALSE
5000,LOC.1063/FAC,LOC.1063.FAC,#f0a73a,landslide.LOC.1063.FAC,"['104.5', '30.0']",,FAC,FALSE
5000,LOC.1063/DATA,LOC.1063.DATA,#8579ec,landslide.LOC.1063.DATA,"['104.5', '30.0']",,DATA,FALSE
10000,LOC.1064,LOC.1064,#2579e8,landslide.LOC.1064,"['40.5', '43.5']",Mountainous region of Greater Sochi,LOC,FALSE
5000,LOC.1064/MED,LOC.1064.MED,#27cf7e,landslide.LOC.1064.MED,"['40.5', '43.5']",,MED,FALSE
5000,LOC.1064/FAC,LOC.1064.FAC,#f0a73a,landslide.LOC.1064.FAC,"['40.5', '43.5']",,FAC,FALSE
5000,LOC.1064/DATA,LOC.1064.DATA,#8579ec,landslide.LOC.1064.DATA,"['40.5', '43.5']",,DATA,FALSE
10000,LOC.1065,LOC.1065,#2579e8,landslide.LOC.1065,"['93.5760', '22.6114']",mountainous region of Hakha City,LOC,FALSE
5000,LOC.1065/MED,LOC.1065.MED,#27cf7e,landslide.LOC.1065.MED,"['93.5760', '22.6114']",,MED,FALSE
5000,LOC.1065/FAC,LOC.1065.FAC,#f0a73a,landslide.LOC.1065.FAC,"['93.5760', '22.6114']",,FAC,FALSE
5000,LOC.1065/DATA,LOC.1065.DATA,#8579ec,landslide.LOC.1065.DATA,"['93.5760', '22.6114']",,DATA,FALSE
10000,LOC.1066,LOC.1066,#2579e8,landslide.LOC.1066,"['5.6178', '36.6928']",mountainous regions of northeast Algeria,LOC,FALSE
5000,LOC.1066/MED,LOC.1066.MED,#27cf7e,landslide.LOC.1066.MED,"['5.6178', '36.6928']",,MED,FALSE
5000,LOC.1066/FAC,LOC.1066.FAC,#f0a73a,landslide.LOC.1066.FAC,"['5.6178', '36.6928']",,FAC,FALSE
5000,LOC.1066/DATA,LOC.1066.DATA,#8579ec,landslide.LOC.1066.DATA,"['5.6178', '36.6928']",,DATA,FALSE
10000,LOC.1067,LOC.1067,#2579e8,landslide.LOC.1067,"['88.7288', '27.5242']",mountainous regions of Sikkim Himalaya,LOC,FALSE
5000,LOC.1067/MED,LOC.1067.MED,#27cf7e,landslide.LOC.1067.MED,"['88.7288', '27.5242']",,MED,FALSE
5000,LOC.1067/FAC,LOC.1067.FAC,#f0a73a,landslide.LOC.1067.FAC,"['88.7288', '27.5242']",,FAC,FALSE
5000,LOC.1067/DATA,LOC.1067.DATA,#8579ec,landslide.LOC.1067.DATA,"['88.7288', '27.5242']",,DATA,FALSE
10000,LOC.1068,LOC.1068,#2579e8,landslide.LOC.1068,"['51.2996', '35.9324']",mountainous road of the Salavat Abad saddle,LOC,FALSE
5000,LOC.1068/MED,LOC.1068.MED,#27cf7e,landslide.LOC.1068.MED,"['51.2996', '35.9324']",,MED,FALSE
5000,LOC.1068/FAC,LOC.1068.FAC,#f0a73a,landslide.LOC.1068.FAC,"['51.2996', '35.9324']",,FAC,FALSE
5000,LOC.1068/DATA,LOC.1068.DATA,#8579ec,landslide.LOC.1068.DATA,"['51.2996', '35.9324']",,DATA,FALSE
10000,LOC.1069,LOC.1069,#2579e8,landslide.LOC.1069,"['-123.0', '54.0']",Mountainous southern Mackenzie Valley,LOC,FALSE
5000,LOC.1069/MED,LOC.1069.MED,#27cf7e,landslide.LOC.1069.MED,"['-123.0', '54.0']",,MED,FALSE
5000,LOC.1069/FAC,LOC.1069.FAC,#f0a73a,landslide.LOC.1069.FAC,"['-123.0', '54.0']",,FAC,FALSE
5000,LOC.1069/DATA,LOC.1069.DATA,#8579ec,landslide.LOC.1069.DATA,"['-123.0', '54.0']",,DATA,FALSE
10000,LOC.1070,LOC.1070,#2579e8,landslide.LOC.1070,"['74.0', '15.0']",Mountainous Western Ghats,LOC,FALSE
5000,LOC.1070/MED,LOC.1070.MED,#27cf7e,landslide.LOC.1070.MED,"['74.0', '15.0']",,MED,FALSE
5000,LOC.1070/FAC,LOC.1070.FAC,#f0a73a,landslide.LOC.1070.FAC,"['74.0', '15.0']",,FAC,FALSE
5000,LOC.1070/DATA,LOC.1070.DATA,#8579ec,landslide.LOC.1070.DATA,"['74.0', '15.0']",,DATA,FALSE
10000,LOC.1071,LOC.1071,#2579e8,landslide.LOC.1071,"['75.0', '16.5']",Mountainous WG,LOC,FALSE
5000,LOC.1071/MED,LOC.1071.MED,#27cf7e,landslide.LOC.1071.MED,"['75.0', '16.5']",,MED,FALSE
5000,LOC.1071/FAC,LOC.1071.FAC,#f0a73a,landslide.LOC.1071.FAC,"['75.0', '16.5']",,FAC,FALSE
5000,LOC.1071/DATA,LOC.1071.DATA,#8579ec,landslide.LOC.1071.DATA,"['75.0', '16.5']",,DATA,FALSE
10000,LOC.1072,LOC.1072,#2579e8,landslide.LOC.1072,"['126.9417', '37.5931']",Mt. Umyeon,LOC,FALSE
5000,LOC.1072/MED,LOC.1072.MED,#27cf7e,landslide.LOC.1072.MED,"['126.9417', '37.5931']",,MED,FALSE
5000,LOC.1072/FAC,LOC.1072.FAC,#f0a73a,landslide.LOC.1072.FAC,"['126.9417', '37.5931']",,FAC,FALSE
5000,LOC.1072/DATA,LOC.1072.DATA,#8579ec,landslide.LOC.1072.DATA,"['126.9417', '37.5931']",,DATA,FALSE
10000,LOC.1073,LOC.1073,#2579e8,landslide.LOC.1073,"['126.9', '35.3']",Mt. Umyeon in Korea,LOC,FALSE
5000,LOC.1073/MED,LOC.1073.MED,#27cf7e,landslide.LOC.1073.MED,"['126.9', '35.3']",,MED,FALSE
5000,LOC.1073/FAC,LOC.1073.FAC,#f0a73a,landslide.LOC.1073.FAC,"['126.9', '35.3']",,FAC,FALSE
5000,LOC.1073/DATA,LOC.1073.DATA,#8579ec,landslide.LOC.1073.DATA,"['126.9', '35.3']",,DATA,FALSE
10000,LOC.1074,LOC.1074,#2579e8,landslide.LOC.1074,"['104.1648', '21.8172']",Mu Cang Chai district,LOC,FALSE
5000,LOC.1074/MED,LOC.1074.MED,#27cf7e,landslide.LOC.1074.MED,"['104.1648', '21.8172']",,MED,FALSE
5000,LOC.1074/FAC,LOC.1074.FAC,#f0a73a,landslide.LOC.1074.FAC,"['104.1648', '21.8172']",,FAC,FALSE
5000,LOC.1074/DATA,LOC.1074.DATA,#8579ec,landslide.LOC.1074.DATA,"['104.1648', '21.8172']",,DATA,FALSE
10000,LOC.1075,LOC.1075,#2579e8,landslide.LOC.1075,"['104.2642', '21.8065']",Mu Cang Chai District located in Yen Bai Province,LOC,FALSE
5000,LOC.1075/MED,LOC.1075.MED,#27cf7e,landslide.LOC.1075.MED,"['104.2642', '21.8065']",,MED,FALSE
5000,LOC.1075/FAC,LOC.1075.FAC,#f0a73a,landslide.LOC.1075.FAC,"['104.2642', '21.8065']",,FAC,FALSE
5000,LOC.1075/DATA,LOC.1075.DATA,#8579ec,landslide.LOC.1075.DATA,"['104.2642', '21.8065']",,DATA,FALSE
10000,LOC.1076,LOC.1076,#2579e8,landslide.LOC.1076,"['103.6341', '28.5472']",Muchuan,LOC,FALSE
5000,LOC.1076/MED,LOC.1076.MED,#27cf7e,landslide.LOC.1076.MED,"['103.6341', '28.5472']",,MED,FALSE
5000,LOC.1076/FAC,LOC.1076.FAC,#f0a73a,landslide.LOC.1076.FAC,"['103.6341', '28.5472']",,FAC,FALSE
5000,LOC.1076/DATA,LOC.1076.DATA,#8579ec,landslide.LOC.1076.DATA,"['103.6341', '28.5472']",,DATA,FALSE
10000,LOC.1077,LOC.1077,#2579e8,landslide.LOC.1077,"['103.6527', '31.8192']",Muchuan County,LOC,FALSE
5000,LOC.1077/MED,LOC.1077.MED,#27cf7e,landslide.LOC.1077.MED,"['103.6527', '31.8192']",,MED,FALSE
5000,LOC.1077/FAC,LOC.1077.FAC,#f0a73a,landslide.LOC.1077.FAC,"['103.6527', '31.8192']",,FAC,FALSE
5000,LOC.1077/DATA,LOC.1077.DATA,#8579ec,landslide.LOC.1077.DATA,"['103.6527', '31.8192']",,DATA,FALSE
10000,LOC.1078,LOC.1078,#2579e8,landslide.LOC.1078,"['123.7114', '25.6311']",Munggung,LOC,FALSE
5000,LOC.1078/MED,LOC.1078.MED,#27cf7e,landslide.LOC.1078.MED,"['123.7114', '25.6311']",,MED,FALSE
5000,LOC.1078/FAC,LOC.1078.FAC,#f0a73a,landslide.LOC.1078.FAC,"['123.7114', '25.6311']",,FAC,FALSE
5000,LOC.1078/DATA,LOC.1078.DATA,#8579ec,landslide.LOC.1078.DATA,"['123.7114', '25.6311']",,DATA,FALSE
10000,LOC.1079,LOC.1079,#2579e8,landslide.LOC.1079,"['80.3500', '8.3978']",Munnilavu,LOC,FALSE
5000,LOC.1079/MED,LOC.1079.MED,#27cf7e,landslide.LOC.1079.MED,"['80.3500', '8.3978']",,MED,FALSE
5000,LOC.1079/FAC,LOC.1079.FAC,#f0a73a,landslide.LOC.1079.FAC,"['80.3500', '8.3978']",,FAC,FALSE
5000,LOC.1079/DATA,LOC.1079.DATA,#8579ec,landslide.LOC.1079.DATA,"['80.3500', '8.3978']",,DATA,FALSE
10000,LOC.1080,LOC.1080,#2579e8,landslide.LOC.1080,"['103.0450', '21.6731']",Muong Lay district,LOC,FALSE
5000,LOC.1080/MED,LOC.1080.MED,#27cf7e,landslide.LOC.1080.MED,"['103.0450', '21.6731']",,MED,FALSE
5000,LOC.1080/FAC,LOC.1080.FAC,#f0a73a,landslide.LOC.1080.FAC,"['103.0450', '21.6731']",,FAC,FALSE
5000,LOC.1080/DATA,LOC.1080.DATA,#8579ec,landslide.LOC.1080.DATA,"['103.0450', '21.6731']",,DATA,FALSE
10000,LOC.1081,LOC.1081,#2579e8,landslide.LOC.1081,"['103.0500', '21.6800']",Muong Lay district of Vietnam,LOC,FALSE
5000,LOC.1081/MED,LOC.1081.MED,#27cf7e,landslide.LOC.1081.MED,"['103.0500', '21.6800']",,MED,FALSE
5000,LOC.1081/FAC,LOC.1081.FAC,#f0a73a,landslide.LOC.1081.FAC,"['103.0500', '21.6800']",,FAC,FALSE
5000,LOC.1081/DATA,LOC.1081.DATA,#8579ec,landslide.LOC.1081.DATA,"['103.0500', '21.6800']",,DATA,FALSE
10000,LOC.1082,LOC.1082,#2579e8,landslide.LOC.1082,"['103.2478', '22.4046']",Muong Te district,LOC,FALSE
5000,LOC.1082/MED,LOC.1082.MED,#27cf7e,landslide.LOC.1082.MED,"['103.2478', '22.4046']",,MED,FALSE
5000,LOC.1082/FAC,LOC.1082.FAC,#f0a73a,landslide.LOC.1082.FAC,"['103.2478', '22.4046']",,FAC,FALSE
5000,LOC.1082/DATA,LOC.1082.DATA,#8579ec,landslide.LOC.1082.DATA,"['103.2478', '22.4046']",,DATA,FALSE
10000,LOC.1083,LOC.1083,#2579e8,landslide.LOC.1083,"['102.8122', '30.5347']",Muping town of Baoxing county,LOC,FALSE
5000,LOC.1083/MED,LOC.1083.MED,#27cf7e,landslide.LOC.1083.MED,"['102.8122', '30.5347']",,MED,FALSE
5000,LOC.1083/FAC,LOC.1083.FAC,#f0a73a,landslide.LOC.1083.FAC,"['102.8122', '30.5347']",,FAC,FALSE
5000,LOC.1083/DATA,LOC.1083.DATA,#8579ec,landslide.LOC.1083.DATA,"['102.8122', '30.5347']",,DATA,FALSE
10000,LOC.1084,LOC.1084,#2579e8,landslide.LOC.1084,"['78.0652', '30.4599']",Mussoorie Township and its surrounding,LOC,FALSE
5000,LOC.1084/MED,LOC.1084.MED,#27cf7e,landslide.LOC.1084.MED,"['78.0652', '30.4599']",,MED,FALSE
5000,LOC.1084/FAC,LOC.1084.FAC,#f0a73a,landslide.LOC.1084.FAC,"['78.0652', '30.4599']",,FAC,FALSE
5000,LOC.1084/DATA,LOC.1084.DATA,#8579ec,landslide.LOC.1084.DATA,"['78.0652', '30.4599']",,DATA,FALSE
10000,LOC.1085,LOC.1085,#2579e8,landslide.LOC.1085,"['113.0347', '4.3769']",Musuk,LOC,FALSE
5000,LOC.1085/MED,LOC.1085.MED,#27cf7e,landslide.LOC.1085.MED,"['113.0347', '4.3769']",,MED,FALSE
5000,LOC.1085/FAC,LOC.1085.FAC,#f0a73a,landslide.LOC.1085.FAC,"['113.0347', '4.3769']",,FAC,FALSE
5000,LOC.1085/DATA,LOC.1085.DATA,#8579ec,landslide.LOC.1085.DATA,"['113.0347', '4.3769']",,DATA,FALSE
10000,LOC.1086,LOC.1086,#2579e8,landslide.LOC.1086,"['73.4725', '34.3700']",Muzaffarabad,LOC,FALSE
5000,LOC.1086/MED,LOC.1086.MED,#27cf7e,landslide.LOC.1086.MED,"['73.4725', '34.3700']",,MED,FALSE
5000,LOC.1086/FAC,LOC.1086.FAC,#f0a73a,landslide.LOC.1086.FAC,"['73.4725', '34.3700']",,FAC,FALSE
5000,LOC.1086/DATA,LOC.1086.DATA,#8579ec,landslide.LOC.1086.DATA,"['73.4725', '34.3700']",,DATA,FALSE
10000,LOC.1087,LOC.1087,#2579e8,landslide.LOC.1087,"['73.4194', '34.2864']",Muzaffarabad district,LOC,FALSE
5000,LOC.1087/MED,LOC.1087.MED,#27cf7e,landslide.LOC.1087.MED,"['73.4194', '34.2864']",,MED,FALSE
5000,LOC.1087/FAC,LOC.1087.FAC,#f0a73a,landslide.LOC.1087.FAC,"['73.4194', '34.2864']",,FAC,FALSE
5000,LOC.1087/DATA,LOC.1087.DATA,#8579ec,landslide.LOC.1087.DATA,"['73.4194', '34.2864']",,DATA,FALSE
10000,LOC.1088,LOC.1088,#2579e8,landslide.LOC.1088,"['96.4886', '21.9162']",Myanmar,LOC,FALSE
5000,LOC.1088/MED,LOC.1088.MED,#27cf7e,landslide.LOC.1088.MED,"['96.4886', '21.9162']",,MED,FALSE
5000,LOC.1088/FAC,LOC.1088.FAC,#f0a73a,landslide.LOC.1088.FAC,"['96.4886', '21.9162']",,FAC,FALSE
5000,LOC.1088/DATA,LOC.1088.DATA,#8579ec,landslide.LOC.1088.DATA,"['96.4886', '21.9162']",,DATA,FALSE
10000,LOC.1089,LOC.1089,#2579e8,landslide.LOC.1089,"['94.5624', '26.1584']",Nagaland,LOC,FALSE
5000,LOC.1089/MED,LOC.1089.MED,#27cf7e,landslide.LOC.1089.MED,"['94.5624', '26.1584']",,MED,FALSE
5000,LOC.1089/FAC,LOC.1089.FAC,#f0a73a,landslide.LOC.1089.FAC,"['94.5624', '26.1584']",,FAC,FALSE
5000,LOC.1089/DATA,LOC.1089.DATA,#8579ec,landslide.LOC.1089.DATA,"['94.5624', '26.1584']",,DATA,FALSE
10000,LOC.1090,LOC.1090,#2579e8,landslide.LOC.1090,"['104.2214', '18.1656']",Nam Dan commune,LOC,FALSE
5000,LOC.1090/MED,LOC.1090.MED,#27cf7e,landslide.LOC.1090.MED,"['104.2214', '18.1656']",,MED,FALSE
5000,LOC.1090/FAC,LOC.1090.FAC,#f0a73a,landslide.LOC.1090.FAC,"['104.2214', '18.1656']",,FAC,FALSE
5000,LOC.1090/DATA,LOC.1090.DATA,#8579ec,landslide.LOC.1090.DATA,"['104.2214', '18.1656']",,DATA,FALSE
10000,LOC.1091,LOC.1091,#2579e8,landslide.LOC.1091,"['95.1470', '28.6025']",Nam Pam,LOC,FALSE
5000,LOC.1091/MED,LOC.1091.MED,#27cf7e,landslide.LOC.1091.MED,"['95.1470', '28.6025']",,MED,FALSE
5000,LOC.1091/FAC,LOC.1091.FAC,#f0a73a,landslide.LOC.1091.FAC,"['95.1470', '28.6025']",,FAC,FALSE
5000,LOC.1091/DATA,LOC.1091.DATA,#8579ec,landslide.LOC.1091.DATA,"['95.1470', '28.6025']",,DATA,FALSE
10000,LOC.1092,LOC.1092,#2579e8,landslide.LOC.1092,"['87.8849', '14.0241']",Namasigue watershed,LOC,FALSE
5000,LOC.1092/MED,LOC.1092.MED,#27cf7e,landslide.LOC.1092.MED,"['87.8849', '14.0241']",,MED,FALSE
5000,LOC.1092/FAC,LOC.1092.FAC,#f0a73a,landslide.LOC.1092.FAC,"['87.8849', '14.0241']",,FAC,FALSE
5000,LOC.1092/DATA,LOC.1092.DATA,#8579ec,landslide.LOC.1092.DATA,"['87.8849', '14.0241']",,DATA,FALSE
10000,LOC.1093,LOC.1093,#2579e8,landslide.LOC.1093,"['88.3773', '27.1679']",Namchi district of Sikkim,LOC,FALSE
5000,LOC.1093/MED,LOC.1093.MED,#27cf7e,landslide.LOC.1093.MED,"['88.3773', '27.1679']",,MED,FALSE
5000,LOC.1093/FAC,LOC.1093.FAC,#f0a73a,landslide.LOC.1093.FAC,"['88.3773', '27.1679']",,FAC,FALSE
5000,LOC.1093/DATA,LOC.1093.DATA,#8579ec,landslide.LOC.1093.DATA,"['88.3773', '27.1679']",,DATA,FALSE
10000,LOC.1094,LOC.1094,#2579e8,landslide.LOC.1094,"['107.0981', '28.8405']",Nanchuan County,LOC,FALSE
5000,LOC.1094/MED,LOC.1094.MED,#27cf7e,landslide.LOC.1094.MED,"['107.0981', '28.8405']",,MED,FALSE
5000,LOC.1094/FAC,LOC.1094.FAC,#f0a73a,landslide.LOC.1094.FAC,"['107.0981', '28.8405']",,FAC,FALSE
5000,LOC.1094/DATA,LOC.1094.DATA,#8579ec,landslide.LOC.1094.DATA,"['107.0981', '28.8405']",,DATA,FALSE
10000,LOC.1095,LOC.1095,#2579e8,landslide.LOC.1095,"['108.5712', '26.1664']",Nanchuan District,LOC,FALSE
5000,LOC.1095/MED,LOC.1095.MED,#27cf7e,landslide.LOC.1095.MED,"['108.5712', '26.1664']",,MED,FALSE
5000,LOC.1095/FAC,LOC.1095.FAC,#f0a73a,landslide.LOC.1095.FAC,"['108.5712', '26.1664']",,FAC,FALSE
5000,LOC.1095/DATA,LOC.1095.DATA,#8579ec,landslide.LOC.1095.DATA,"['108.5712', '26.1664']",,DATA,FALSE
10000,LOC.1096,LOC.1096,#2579e8,landslide.LOC.1096,"['107.0985', '29.2010']",Nanchuan region of Chongqing,LOC,FALSE
5000,LOC.1096/MED,LOC.1096.MED,#27cf7e,landslide.LOC.1096.MED,"['107.0985', '29.2010']",,MED,FALSE
5000,LOC.1096/FAC,LOC.1096.FAC,#f0a73a,landslide.LOC.1096.FAC,"['107.0985', '29.2010']",,FAC,FALSE
5000,LOC.1096/DATA,LOC.1096.DATA,#8579ec,landslide.LOC.1096.DATA,"['107.0985', '29.2010']",,DATA,FALSE
10000,LOC.1097,LOC.1097,#2579e8,landslide.LOC.1097,"['113.3176', '23.2658']",Nantian,LOC,FALSE
5000,LOC.1097/MED,LOC.1097.MED,#27cf7e,landslide.LOC.1097.MED,"['113.3176', '23.2658']",,MED,FALSE
5000,LOC.1097/FAC,LOC.1097.FAC,#f0a73a,landslide.LOC.1097.FAC,"['113.3176', '23.2658']",,FAC,FALSE
5000,LOC.1097/DATA,LOC.1097.DATA,#8579ec,landslide.LOC.1097.DATA,"['113.3176', '23.2658']",,DATA,FALSE
10000,LOC.1098,LOC.1098,#2579e8,landslide.LOC.1098,"['113.3000', '23.2833']",Nantian area in southeastern hilly,LOC,FALSE
5000,LOC.1098/MED,LOC.1098.MED,#27cf7e,landslide.LOC.1098.MED,"['113.3000', '23.2833']",,MED,FALSE
5000,LOC.1098/FAC,LOC.1098.FAC,#f0a73a,landslide.LOC.1098.FAC,"['113.3000', '23.2833']",,FAC,FALSE
5000,LOC.1098/DATA,LOC.1098.DATA,#8579ec,landslide.LOC.1098.DATA,"['113.3000', '23.2833']",,DATA,FALSE
10000,LOC.1099,LOC.1099,#2579e8,landslide.LOC.1099,"['120.9675', '23.9134']",Nantou County,LOC,FALSE
5000,LOC.1099/MED,LOC.1099.MED,#27cf7e,landslide.LOC.1099.MED,"['120.9675', '23.9134']",,MED,FALSE
5000,LOC.1099/FAC,LOC.1099.FAC,#f0a73a,landslide.LOC.1099.FAC,"['120.9675', '23.9134']",,FAC,FALSE
5000,LOC.1099/DATA,LOC.1099.DATA,#8579ec,landslide.LOC.1099.DATA,"['120.9675', '23.9134']",,DATA,FALSE
10000,LOC.1100,LOC.1100,#2579e8,landslide.LOC.1100,"['8.0874', '47.1516']",Napf catchment ,LOC,FALSE
5000,LOC.1100/MED,LOC.1100.MED,#27cf7e,landslide.LOC.1100.MED,"['8.0874', '47.1516']",,MED,FALSE
5000,LOC.1100/FAC,LOC.1100.FAC,#f0a73a,landslide.LOC.1100.FAC,"['8.0874', '47.1516']",,FAC,FALSE
5000,LOC.1100/DATA,LOC.1100.DATA,#8579ec,landslide.LOC.1100.DATA,"['8.0874', '47.1516']",,DATA,FALSE
10000,LOC.1101,LOC.1101,#2579e8,landslide.LOC.1101,"['14.2704', '40.8518']",Naples,LOC,FALSE
5000,LOC.1101/MED,LOC.1101.MED,#27cf7e,landslide.LOC.1101.MED,"['14.2704', '40.8518']",,MED,FALSE
5000,LOC.1101/FAC,LOC.1101.FAC,#f0a73a,landslide.LOC.1101.FAC,"['14.2704', '40.8518']",,FAC,FALSE
5000,LOC.1101/DATA,LOC.1101.DATA,#8579ec,landslide.LOC.1101.DATA,"['14.2704', '40.8518']",,DATA,FALSE
10000,LOC.1102,LOC.1102,#2579e8,landslide.LOC.1102,"['35.2094', '-5.7945']",Natal,LOC,FALSE
5000,LOC.1102/MED,LOC.1102.MED,#27cf7e,landslide.LOC.1102.MED,"['35.2094', '-5.7945']",,MED,FALSE
5000,LOC.1102/FAC,LOC.1102.FAC,#f0a73a,landslide.LOC.1102.FAC,"['35.2094', '-5.7945']",,FAC,FALSE
5000,LOC.1102/DATA,LOC.1102.DATA,#8579ec,landslide.LOC.1102.DATA,"['35.2094', '-5.7945']",,DATA,FALSE
10000,LOC.1103,LOC.1103,#2579e8,landslide.LOC.1103,"['77.7819', '34.4389']",National Highway 1D,LOC,FALSE
5000,LOC.1103/MED,LOC.1103.MED,#27cf7e,landslide.LOC.1103.MED,"['77.7819', '34.4389']",,MED,FALSE
5000,LOC.1103/FAC,LOC.1103.FAC,#f0a73a,landslide.LOC.1103.FAC,"['77.7819', '34.4389']",,FAC,FALSE
5000,LOC.1103/DATA,LOC.1103.DATA,#8579ec,landslide.LOC.1103.DATA,"['77.7819', '34.4389']",,DATA,FALSE
10000,LOC.1104,LOC.1104,#2579e8,landslide.LOC.1104,"['76.8975', '34.3081']",National Highway 1D from Sonamarg to Kargil,LOC,FALSE
5000,LOC.1104/MED,LOC.1104.MED,#27cf7e,landslide.LOC.1104.MED,"['76.8975', '34.3081']",,MED,FALSE
5000,LOC.1104/FAC,LOC.1104.FAC,#f0a73a,landslide.LOC.1104.FAC,"['76.8975', '34.3081']",,FAC,FALSE
5000,LOC.1104/DATA,LOC.1104.DATA,#8579ec,landslide.LOC.1104.DATA,"['76.8975', '34.3081']",,DATA,FALSE
10000,LOC.1105,LOC.1105,#2579e8,landslide.LOC.1105,"['77.1441', '28.6483']",national highway 5,LOC,FALSE
5000,LOC.1105/MED,LOC.1105.MED,#27cf7e,landslide.LOC.1105.MED,"['77.1441', '28.6483']",,MED,FALSE
5000,LOC.1105/FAC,LOC.1105.FAC,#f0a73a,landslide.LOC.1105.FAC,"['77.1441', '28.6483']",,FAC,FALSE
5000,LOC.1105/DATA,LOC.1105.DATA,#8579ec,landslide.LOC.1105.DATA,"['77.1441', '28.6483']",,DATA,FALSE
10000,LOC.1106,LOC.1106,#2579e8,landslide.LOC.1106,"['112.5703', '24.7374']",National Highway G69,LOC,FALSE
5000,LOC.1106/MED,LOC.1106.MED,#27cf7e,landslide.LOC.1106.MED,"['112.5703', '24.7374']",,MED,FALSE
5000,LOC.1106/FAC,LOC.1106.FAC,#f0a73a,landslide.LOC.1106.FAC,"['112.5703', '24.7374']",,FAC,FALSE
5000,LOC.1106/DATA,LOC.1106.DATA,#8579ec,landslide.LOC.1106.DATA,"['112.5703', '24.7374']",,DATA,FALSE
10000,LOC.1107,LOC.1107,#2579e8,landslide.LOC.1107,"['1.1526', '43.5936']",National Road Number 9,LOC,FALSE
5000,LOC.1107/MED,LOC.1107.MED,#27cf7e,landslide.LOC.1107.MED,"['1.1526', '43.5936']",,MED,FALSE
5000,LOC.1107/FAC,LOC.1107.FAC,#f0a73a,landslide.LOC.1107.FAC,"['1.1526', '43.5936']",,FAC,FALSE
5000,LOC.1107/DATA,LOC.1107.DATA,#8579ec,landslide.LOC.1107.DATA,"['1.1526', '43.5936']",,DATA,FALSE
10000,LOC.1108,LOC.1108,#2579e8,landslide.LOC.1108,"['-7.1313', '31.3287']",National Road Number 9 in the Tizi N'tichka,LOC,FALSE
5000,LOC.1108/MED,LOC.1108.MED,#27cf7e,landslide.LOC.1108.MED,"['-7.1313', '31.3287']",,MED,FALSE
5000,LOC.1108/FAC,LOC.1108.FAC,#f0a73a,landslide.LOC.1108.FAC,"['-7.1313', '31.3287']",,FAC,FALSE
5000,LOC.1108/DATA,LOC.1108.DATA,#8579ec,landslide.LOC.1108.DATA,"['-7.1313', '31.3287']",,DATA,FALSE
10000,LOC.1109,LOC.1109,#2579e8,landslide.LOC.1109,"['105.1167', '27.7833']",Nayong in Guizhou,LOC,FALSE
5000,LOC.1109/MED,LOC.1109.MED,#27cf7e,landslide.LOC.1109.MED,"['105.1167', '27.7833']",,MED,FALSE
5000,LOC.1109/FAC,LOC.1109.FAC,#f0a73a,landslide.LOC.1109.FAC,"['105.1167', '27.7833']",,FAC,FALSE
5000,LOC.1109/DATA,LOC.1109.DATA,#8579ec,landslide.LOC.1109.DATA,"['105.1167', '27.7833']",,DATA,FALSE
10000,LOC.1110,LOC.1110,#2579e8,landslide.LOC.1110,"['3.0518', '35.7135']",NE Algeria,LOC,FALSE
5000,LOC.1110/MED,LOC.1110.MED,#27cf7e,landslide.LOC.1110.MED,"['3.0518', '35.7135']",,MED,FALSE
5000,LOC.1110/FAC,LOC.1110.FAC,#f0a73a,landslide.LOC.1110.FAC,"['3.0518', '35.7135']",,FAC,FALSE
5000,LOC.1110/DATA,LOC.1110.DATA,#8579ec,landslide.LOC.1110.DATA,"['3.0518', '35.7135']",,DATA,FALSE
10000,LOC.1111,LOC.1111,#2579e8,landslide.LOC.1111,"['14.8841', '37.6833']",NE Sicily,LOC,FALSE
5000,LOC.1111/MED,LOC.1111.MED,#27cf7e,landslide.LOC.1111.MED,"['14.8841', '37.6833']",,MED,FALSE
5000,LOC.1111/FAC,LOC.1111.FAC,#f0a73a,landslide.LOC.1111.FAC,"['14.8841', '37.6833']",,FAC,FALSE
5000,LOC.1111/DATA,LOC.1111.DATA,#8579ec,landslide.LOC.1111.DATA,"['14.8841', '37.6833']",,DATA,FALSE
10000,LOC.1112,LOC.1112,#2579e8,landslide.LOC.1112,"['41.9167', '40.0000']",NE Turkey,LOC,FALSE
5000,LOC.1112/MED,LOC.1112.MED,#27cf7e,landslide.LOC.1112.MED,"['41.9167', '40.0000']",,MED,FALSE
5000,LOC.1112/FAC,LOC.1112.FAC,#f0a73a,landslide.LOC.1112.FAC,"['41.9167', '40.0000']",,FAC,FALSE
5000,LOC.1112/DATA,LOC.1112.DATA,#8579ec,landslide.LOC.1112.DATA,"['41.9167', '40.0000']",,DATA,FALSE
10000,LOC.1113,LOC.1113,#2579e8,landslide.LOC.1113,"['83.5824', '26.7783']",near Faizabad,LOC,FALSE
5000,LOC.1113/MED,LOC.1113.MED,#27cf7e,landslide.LOC.1113.MED,"['83.5824', '26.7783']",,MED,FALSE
5000,LOC.1113/FAC,LOC.1113.FAC,#f0a73a,landslide.LOC.1113.FAC,"['83.5824', '26.7783']",,FAC,FALSE
5000,LOC.1113/DATA,LOC.1113.DATA,#8579ec,landslide.LOC.1113.DATA,"['83.5824', '26.7783']",,DATA,FALSE
10000,LOC.1114,LOC.1114,#2579e8,landslide.LOC.1114,"['35.9375', '28.0341']",Neom promising,LOC,FALSE
5000,LOC.1114/MED,LOC.1114.MED,#27cf7e,landslide.LOC.1114.MED,"['35.9375', '28.0341']",,MED,FALSE
5000,LOC.1114/FAC,LOC.1114.FAC,#f0a73a,landslide.LOC.1114.FAC,"['35.9375', '28.0341']",,FAC,FALSE
5000,LOC.1114/DATA,LOC.1114.DATA,#8579ec,landslide.LOC.1114.DATA,"['35.9375', '28.0341']",,DATA,FALSE
10000,LOC.1115,LOC.1115,#2579e8,landslide.LOC.1115,"['35.9375', '28.0341']",Neom promising city,LOC,FALSE
5000,LOC.1115/MED,LOC.1115.MED,#27cf7e,landslide.LOC.1115.MED,"['35.9375', '28.0341']",,MED,FALSE
5000,LOC.1115/FAC,LOC.1115.FAC,#f0a73a,landslide.LOC.1115.FAC,"['35.9375', '28.0341']",,FAC,FALSE
5000,LOC.1115/DATA,LOC.1115.DATA,#8579ec,landslide.LOC.1115.DATA,"['35.9375', '28.0341']",,DATA,FALSE
10000,LOC.1116,LOC.1116,#2579e8,landslide.LOC.1116,"['84.1240', '28.3949']",Nepal,LOC,FALSE
5000,LOC.1116/MED,LOC.1116.MED,#27cf7e,landslide.LOC.1116.MED,"['84.1240', '28.3949']",,MED,FALSE
5000,LOC.1116/FAC,LOC.1116.FAC,#f0a73a,landslide.LOC.1116.FAC,"['84.1240', '28.3949']",,FAC,FALSE
5000,LOC.1116/DATA,LOC.1116.DATA,#8579ec,landslide.LOC.1116.DATA,"['84.1240', '28.3949']",,DATA,FALSE
10000,LOC.1117,LOC.1117,#2579e8,landslide.LOC.1117,"['87.6977', '27.9054']",Nepal border in Tibet,LOC,FALSE
5000,LOC.1117/MED,LOC.1117.MED,#27cf7e,landslide.LOC.1117.MED,"['87.6977', '27.9054']",,MED,FALSE
5000,LOC.1117/FAC,LOC.1117.FAC,#f0a73a,landslide.LOC.1117.FAC,"['87.6977', '27.9054']",,FAC,FALSE
5000,LOC.1117/DATA,LOC.1117.DATA,#8579ec,landslide.LOC.1117.DATA,"['87.6977', '27.9054']",,DATA,FALSE
10000,LOC.1118,LOC.1118,#2579e8,landslide.LOC.1118,"['86.9250', '28.1455']",Nepal Himalaya,LOC,FALSE
5000,LOC.1118/MED,LOC.1118.MED,#27cf7e,landslide.LOC.1118.MED,"['86.9250', '28.1455']",,MED,FALSE
5000,LOC.1118/FAC,LOC.1118.FAC,#f0a73a,landslide.LOC.1118.FAC,"['86.9250', '28.1455']",,FAC,FALSE
5000,LOC.1118/DATA,LOC.1118.DATA,#8579ec,landslide.LOC.1118.DATA,"['86.9250', '28.1455']",,DATA,FALSE
10000,LOC.1119,LOC.1119,#2579e8,landslide.LOC.1119,"['86.7894', '28.2585']",Nepal 's central mountain,LOC,FALSE
5000,LOC.1119/MED,LOC.1119.MED,#27cf7e,landslide.LOC.1119.MED,"['86.7894', '28.2585']",,MED,FALSE
5000,LOC.1119/FAC,LOC.1119.FAC,#f0a73a,landslide.LOC.1119.FAC,"['86.7894', '28.2585']",,FAC,FALSE
5000,LOC.1119/DATA,LOC.1119.DATA,#8579ec,landslide.LOC.1119.DATA,"['86.7894', '28.2585']",,DATA,FALSE
10000,LOC.1120,LOC.1120,#2579e8,landslide.LOC.1120,"['84.1240', '28.3949']",Nepalese,LOC,FALSE
5000,LOC.1120/MED,LOC.1120.MED,#27cf7e,landslide.LOC.1120.MED,"['84.1240', '28.3949']",,MED,FALSE
5000,LOC.1120/FAC,LOC.1120.FAC,#f0a73a,landslide.LOC.1120.FAC,"['84.1240', '28.3949']",,FAC,FALSE
5000,LOC.1120/DATA,LOC.1120.DATA,#8579ec,landslide.LOC.1120.DATA,"['84.1240', '28.3949']",,DATA,FALSE
10000,LOC.1121,LOC.1121,#2579e8,landslide.LOC.1121,"['111.8388', '35.2610']",New Badong County,LOC,FALSE
5000,LOC.1121/MED,LOC.1121.MED,#27cf7e,landslide.LOC.1121.MED,"['111.8388', '35.2610']",,MED,FALSE
5000,LOC.1121/FAC,LOC.1121.FAC,#f0a73a,landslide.LOC.1121.FAC,"['111.8388', '35.2610']",,FAC,FALSE
5000,LOC.1121/DATA,LOC.1121.DATA,#8579ec,landslide.LOC.1121.DATA,"['111.8388', '35.2610']",,DATA,FALSE
10000,LOC.1122,LOC.1122,#2579e8,landslide.LOC.1122,"['77.2', '32.0']",NH - 154A,LOC,FALSE
5000,LOC.1122/MED,LOC.1122.MED,#27cf7e,landslide.LOC.1122.MED,"['77.2', '32.0']",,MED,FALSE
5000,LOC.1122/FAC,LOC.1122.FAC,#f0a73a,landslide.LOC.1122.FAC,"['77.2', '32.0']",,FAC,FALSE
5000,LOC.1122/DATA,LOC.1122.DATA,#8579ec,landslide.LOC.1122.DATA,"['77.2', '32.0']",,DATA,FALSE
10000,LOC.1123,LOC.1123,#2579e8,landslide.LOC.1123,"['77.5', '32.1']",NH 1D,LOC,FALSE
5000,LOC.1123/MED,LOC.1123.MED,#27cf7e,landslide.LOC.1123.MED,"['77.5', '32.1']",,MED,FALSE
5000,LOC.1123/FAC,LOC.1123.FAC,#f0a73a,landslide.LOC.1123.FAC,"['77.5', '32.1']",,FAC,FALSE
5000,LOC.1123/DATA,LOC.1123.DATA,#8579ec,landslide.LOC.1123.DATA,"['77.5', '32.1']",,DATA,FALSE
10000,LOC.1124,LOC.1124,#2579e8,landslide.LOC.1124,"['78.3', '30.5']",NH 58,LOC,FALSE
5000,LOC.1124/MED,LOC.1124.MED,#27cf7e,landslide.LOC.1124.MED,"['78.3', '30.5']",,MED,FALSE
5000,LOC.1124/FAC,LOC.1124.FAC,#f0a73a,landslide.LOC.1124.FAC,"['78.3', '30.5']",,FAC,FALSE
5000,LOC.1124/DATA,LOC.1124.DATA,#8579ec,landslide.LOC.1124.DATA,"['78.3', '30.5']",,DATA,FALSE
10000,LOC.1125,LOC.1125,#2579e8,landslide.LOC.1125,"['78.4', '30.6']",NH 58 area in India,LOC,FALSE
5000,LOC.1125/MED,LOC.1125.MED,#27cf7e,landslide.LOC.1125.MED,"['78.4', '30.6']",,MED,FALSE
5000,LOC.1125/FAC,LOC.1125.FAC,#f0a73a,landslide.LOC.1125.FAC,"['78.4', '30.6']",,FAC,FALSE
5000,LOC.1125/DATA,LOC.1125.DATA,#8579ec,landslide.LOC.1125.DATA,"['78.4', '30.6']",,DATA,FALSE
10000,LOC.1126,LOC.1126,#2579e8,landslide.LOC.1126,"['85.2072', '12.8654']",Nicaragua,LOC,FALSE
5000,LOC.1126/MED,LOC.1126.MED,#27cf7e,landslide.LOC.1126.MED,"['85.2072', '12.8654']",,MED,FALSE
5000,LOC.1126/FAC,LOC.1126.FAC,#f0a73a,landslide.LOC.1126.FAC,"['85.2072', '12.8654']",,FAC,FALSE
5000,LOC.1126/DATA,LOC.1126.DATA,#8579ec,landslide.LOC.1126.DATA,"['85.2072', '12.8654']",,DATA,FALSE
10000,LOC.1127,LOC.1127,#2579e8,landslide.LOC.1127,"['138.2915', '37.3230']",Niigata,LOC,FALSE
5000,LOC.1127/MED,LOC.1127.MED,#27cf7e,landslide.LOC.1127.MED,"['138.2915', '37.3230']",,MED,FALSE
5000,LOC.1127/FAC,LOC.1127.FAC,#f0a73a,landslide.LOC.1127.FAC,"['138.2915', '37.3230']",,FAC,FALSE
5000,LOC.1127/DATA,LOC.1127.DATA,#8579ec,landslide.LOC.1127.DATA,"['138.2915', '37.3230']",,DATA,FALSE
10000,LOC.1128,LOC.1128,#2579e8,landslide.LOC.1128,"['76.6002', '11.4167']",Nilgiri district,LOC,FALSE
5000,LOC.1128/MED,LOC.1128.MED,#27cf7e,landslide.LOC.1128.MED,"['76.6002', '11.4167']",,MED,FALSE
5000,LOC.1128/FAC,LOC.1128.FAC,#f0a73a,landslide.LOC.1128.FAC,"['76.6002', '11.4167']",,FAC,FALSE
5000,LOC.1128/DATA,LOC.1128.DATA,#8579ec,landslide.LOC.1128.DATA,"['76.6002', '11.4167']",,DATA,FALSE
10000,LOC.1129,LOC.1129,#2579e8,landslide.LOC.1129,"['76.6353', '11.4064']",Nilgiris,LOC,FALSE
5000,LOC.1129/MED,LOC.1129.MED,#27cf7e,landslide.LOC.1129.MED,"['76.6353', '11.4064']",,MED,FALSE
5000,LOC.1129/FAC,LOC.1129.FAC,#f0a73a,landslide.LOC.1129.FAC,"['76.6353', '11.4064']",,FAC,FALSE
5000,LOC.1129/DATA,LOC.1129.DATA,#8579ec,landslide.LOC.1129.DATA,"['76.6353', '11.4064']",,DATA,FALSE
10000,LOC.1130,LOC.1130,#2579e8,landslide.LOC.1130,"['76.6353', '11.4064']",Nilgiris district in Tamil Nadu,LOC,FALSE
5000,LOC.1130/MED,LOC.1130.MED,#27cf7e,landslide.LOC.1130.MED,"['76.6353', '11.4064']",,MED,FALSE
5000,LOC.1130/FAC,LOC.1130.FAC,#f0a73a,landslide.LOC.1130.FAC,"['76.6353', '11.4064']",,FAC,FALSE
5000,LOC.1130/DATA,LOC.1130.DATA,#8579ec,landslide.LOC.1130.DATA,"['76.6353', '11.4064']",,DATA,FALSE
10000,LOC.1131,LOC.1131,#2579e8,landslide.LOC.1131,"['76.6353', '11.4064']",Nilgiris district in Western Ghats of India,LOC,FALSE
5000,LOC.1131/MED,LOC.1131.MED,#27cf7e,landslide.LOC.1131.MED,"['76.6353', '11.4064']",,MED,FALSE
5000,LOC.1131/FAC,LOC.1131.FAC,#f0a73a,landslide.LOC.1131.FAC,"['76.6353', '11.4064']",,FAC,FALSE
5000,LOC.1131/DATA,LOC.1131.DATA,#8579ec,landslide.LOC.1131.DATA,"['76.6353', '11.4064']",,DATA,FALSE
10000,LOC.1132,LOC.1132,#2579e8,landslide.LOC.1132,"['101.3431', '24.4752']",nine plateau lake watersheds in Yunnan,LOC,FALSE
5000,LOC.1132/MED,LOC.1132.MED,#27cf7e,landslide.LOC.1132.MED,"['101.3431', '24.4752']",,MED,FALSE
5000,LOC.1132/FAC,LOC.1132.FAC,#f0a73a,landslide.LOC.1132.FAC,"['101.3431', '24.4752']",,FAC,FALSE
5000,LOC.1132/DATA,LOC.1132.DATA,#8579ec,landslide.LOC.1132.DATA,"['101.3431', '24.4752']",,DATA,FALSE
10000,LOC.1133,LOC.1133,#2579e8,landslide.LOC.1133,"['116.0192', '26.6444']",Ningdu County,LOC,FALSE
5000,LOC.1133/MED,LOC.1133.MED,#27cf7e,landslide.LOC.1133.MED,"['116.0192', '26.6444']",,MED,FALSE
5000,LOC.1133/FAC,LOC.1133.FAC,#f0a73a,landslide.LOC.1133.FAC,"['116.0192', '26.6444']",,FAC,FALSE
5000,LOC.1133/DATA,LOC.1133.DATA,#8579ec,landslide.LOC.1133.DATA,"['116.0192', '26.6444']",,DATA,FALSE
10000,LOC.1134,LOC.1134,#2579e8,landslide.LOC.1134,"['116.0192', '26.6444']",Ningdu County of China,LOC,FALSE
5000,LOC.1134/MED,LOC.1134.MED,#27cf7e,landslide.LOC.1134.MED,"['116.0192', '26.6444']",,MED,FALSE
5000,LOC.1134/FAC,LOC.1134.FAC,#f0a73a,landslide.LOC.1134.FAC,"['116.0192', '26.6444']",,FAC,FALSE
5000,LOC.1134/DATA,LOC.1134.DATA,#8579ec,landslide.LOC.1134.DATA,"['116.0192', '26.6444']",,DATA,FALSE
10000,LOC.1135,LOC.1135,#2579e8,landslide.LOC.1135,"['118.9816', '30.6260']",Ningguo City,LOC,FALSE
5000,LOC.1135/MED,LOC.1135.MED,#27cf7e,landslide.LOC.1135.MED,"['118.9816', '30.6260']",,MED,FALSE
5000,LOC.1135/FAC,LOC.1135.FAC,#f0a73a,landslide.LOC.1135.FAC,"['118.9816', '30.6260']",,FAC,FALSE
5000,LOC.1135/DATA,LOC.1135.DATA,#8579ec,landslide.LOC.1135.DATA,"['118.9816', '30.6260']",,DATA,FALSE
10000,LOC.1136,LOC.1136,#2579e8,landslide.LOC.1136,"['106.0', '37.0']",Ningxia Hui Autonomous Region of China,LOC,FALSE
5000,LOC.1136/MED,LOC.1136.MED,#27cf7e,landslide.LOC.1136.MED,"['106.0', '37.0']",,MED,FALSE
5000,LOC.1136/FAC,LOC.1136.FAC,#f0a73a,landslide.LOC.1136.FAC,"['106.0', '37.0']",,FAC,FALSE
5000,LOC.1136/DATA,LOC.1136.DATA,#8579ec,landslide.LOC.1136.DATA,"['106.0', '37.0']",,DATA,FALSE
10000,LOC.1137,LOC.1137,#2579e8,landslide.LOC.1137,"['83.9250', '28.2500']",Niraj catchment,LOC,FALSE
5000,LOC.1137/MED,LOC.1137.MED,#27cf7e,landslide.LOC.1137.MED,"['83.9250', '28.2500']",,MED,FALSE
5000,LOC.1137/FAC,LOC.1137.FAC,#f0a73a,landslide.LOC.1137.FAC,"['83.9250', '28.2500']",,FAC,FALSE
5000,LOC.1137/DATA,LOC.1137.DATA,#8579ec,landslide.LOC.1137.DATA,"['83.9250', '28.2500']",,DATA,FALSE
10000,LOC.1138,LOC.1138,#2579e8,landslide.LOC.1138,"['9.9406', '5.9609']",Nkongsamba,LOC,FALSE
5000,LOC.1138/MED,LOC.1138.MED,#27cf7e,landslide.LOC.1138.MED,"['9.9406', '5.9609']",,MED,FALSE
5000,LOC.1138/FAC,LOC.1138.FAC,#f0a73a,landslide.LOC.1138.FAC,"['9.9406', '5.9609']",,FAC,FALSE
5000,LOC.1138/DATA,LOC.1138.DATA,#8579ec,landslide.LOC.1138.DATA,"['9.9406', '5.9609']",,DATA,FALSE
10000,LOC.1139,LOC.1139,#2579e8,landslide.LOC.1139,"['75.5844', '14.8396']",NNW - SSE oriented Western Ghat Mountains,LOC,FALSE
5000,LOC.1139/MED,LOC.1139.MED,#27cf7e,landslide.LOC.1139.MED,"['75.5844', '14.8396']",,MED,FALSE
5000,LOC.1139/FAC,LOC.1139.FAC,#f0a73a,landslide.LOC.1139.FAC,"['75.5844', '14.8396']",,FAC,FALSE
5000,LOC.1139/DATA,LOC.1139.DATA,#8579ec,landslide.LOC.1139.DATA,"['75.5844', '14.8396']",,DATA,FALSE
10000,LOC.1140,LOC.1140,#2579e8,landslide.LOC.1140,"['94.8925', '26.2379']",Noklak district in the eastern part of Nagaland bordering Myanmar,LOC,FALSE
5000,LOC.1140/MED,LOC.1140.MED,#27cf7e,landslide.LOC.1140.MED,"['94.8925', '26.2379']",,MED,FALSE
5000,LOC.1140/FAC,LOC.1140.FAC,#f0a73a,landslide.LOC.1140.FAC,"['94.8925', '26.2379']",,FAC,FALSE
5000,LOC.1140/DATA,LOC.1140.DATA,#8579ec,landslide.LOC.1140.DATA,"['94.8925', '26.2379']",,DATA,FALSE
10000,LOC.1141,LOC.1141,#2579e8,landslide.LOC.1141,"['94.9600', '26.0500']",Noklak town,LOC,FALSE
5000,LOC.1141/MED,LOC.1141.MED,#27cf7e,landslide.LOC.1141.MED,"['94.9600', '26.0500']",,MED,FALSE
5000,LOC.1141/FAC,LOC.1141.FAC,#f0a73a,landslide.LOC.1141.FAC,"['94.9600', '26.0500']",,FAC,FALSE
5000,LOC.1141/DATA,LOC.1141.DATA,#8579ec,landslide.LOC.1141.DATA,"['94.9600', '26.0500']",,DATA,FALSE
10000,LOC.1142,LOC.1142,#2579e8,landslide.LOC.1142,"['93.2044', '24.9642']",Noney and Khongsag railway station,LOC,FALSE
5000,LOC.1142/MED,LOC.1142.MED,#27cf7e,landslide.LOC.1142.MED,"['93.2044', '24.9642']",,MED,FALSE
5000,LOC.1142/FAC,LOC.1142.FAC,#f0a73a,landslide.LOC.1142.FAC,"['93.2044', '24.9642']",,FAC,FALSE
5000,LOC.1142/DATA,LOC.1142.DATA,#8579ec,landslide.LOC.1142.DATA,"['93.2044', '24.9642']",,DATA,FALSE
10000,LOC.1143,LOC.1143,#2579e8,landslide.LOC.1143,"['104.0408', '1.1806']",Nongsa,LOC,FALSE
5000,LOC.1143/MED,LOC.1143.MED,#27cf7e,landslide.LOC.1143.MED,"['104.0408', '1.1806']",,MED,FALSE
5000,LOC.1143/FAC,LOC.1143.FAC,#f0a73a,landslide.LOC.1143.FAC,"['104.0408', '1.1806']",,FAC,FALSE
5000,LOC.1143/DATA,LOC.1143.DATA,#8579ec,landslide.LOC.1143.DATA,"['104.0408', '1.1806']",,DATA,FALSE
10000,LOC.1144,LOC.1144,#2579e8,landslide.LOC.1144,"['0.0000', '0.0000']",North,LOC,FALSE
5000,LOC.1144/MED,LOC.1144.MED,#27cf7e,landslide.LOC.1144.MED,"['0.0000', '0.0000']",,MED,FALSE
5000,LOC.1144/FAC,LOC.1144.FAC,#f0a73a,landslide.LOC.1144.FAC,"['0.0000', '0.0000']",,FAC,FALSE
5000,LOC.1144/DATA,LOC.1144.DATA,#8579ec,landslide.LOC.1144.DATA,"['0.0000', '0.0000']",,DATA,FALSE
10000,LOC.1145,LOC.1145,#2579e8,landslide.LOC.1145,"['5.7275', '35.7178']",north - east of Algeria,LOC,FALSE
5000,LOC.1145/MED,LOC.1145.MED,#27cf7e,landslide.LOC.1145.MED,"['5.7275', '35.7178']",,MED,FALSE
5000,LOC.1145/FAC,LOC.1145.FAC,#f0a73a,landslide.LOC.1145.FAC,"['5.7275', '35.7178']",,FAC,FALSE
5000,LOC.1145/DATA,LOC.1145.DATA,#8579ec,landslide.LOC.1145.DATA,"['5.7275', '35.7178']",,DATA,FALSE
10000,LOC.1146,LOC.1146,#2579e8,landslide.LOC.1146,"['101.7111', '3.0032']",north - east of the Langat River Basin,LOC,FALSE
5000,LOC.1146/MED,LOC.1146.MED,#27cf7e,landslide.LOC.1146.MED,"['101.7111', '3.0032']",,MED,FALSE
5000,LOC.1146/FAC,LOC.1146.FAC,#f0a73a,landslide.LOC.1146.FAC,"['101.7111', '3.0032']",,FAC,FALSE
5000,LOC.1146/DATA,LOC.1146.DATA,#8579ec,landslide.LOC.1146.DATA,"['101.7111', '3.0032']",,DATA,FALSE
10000,LOC.1147,LOC.1147,#2579e8,landslide.LOC.1147,"['88.0000', '27.5000']",North - Eastern Himalaya,LOC,FALSE
5000,LOC.1147/MED,LOC.1147.MED,#27cf7e,landslide.LOC.1147.MED,"['88.0000', '27.5000']",,MED,FALSE
5000,LOC.1147/FAC,LOC.1147.FAC,#f0a73a,landslide.LOC.1147.FAC,"['88.0000', '27.5000']",,FAC,FALSE
5000,LOC.1147/DATA,LOC.1147.DATA,#8579ec,landslide.LOC.1147.DATA,"['88.0000', '27.5000']",,DATA,FALSE
10000,LOC.1148,LOC.1148,#2579e8,landslide.LOC.1148,"['115.6996', '27.5350']",north - eastern of Jiangxi province,LOC,FALSE
5000,LOC.1148/MED,LOC.1148.MED,#27cf7e,landslide.LOC.1148.MED,"['115.6996', '27.5350']",,MED,FALSE
5000,LOC.1148/FAC,LOC.1148.FAC,#f0a73a,landslide.LOC.1148.FAC,"['115.6996', '27.5350']",,FAC,FALSE
5000,LOC.1148/DATA,LOC.1148.DATA,#8579ec,landslide.LOC.1148.DATA,"['115.6996', '27.5350']",,DATA,FALSE
10000,LOC.1149,LOC.1149,#2579e8,landslide.LOC.1149,"['94.8781', '26.1584']",north - eastern state of India,LOC,FALSE
5000,LOC.1149/MED,LOC.1149.MED,#27cf7e,landslide.LOC.1149.MED,"['94.8781', '26.1584']",,MED,FALSE
5000,LOC.1149/FAC,LOC.1149.FAC,#f0a73a,landslide.LOC.1149.FAC,"['94.8781', '26.1584']",,FAC,FALSE
5000,LOC.1149/DATA,LOC.1149.DATA,#8579ec,landslide.LOC.1149.DATA,"['94.8781', '26.1584']",,DATA,FALSE
10000,LOC.1150,LOC.1150,#2579e8,landslide.LOC.1150,"['9.5000', '4.6667']",North - Moungo perimeter,LOC,FALSE
5000,LOC.1150/MED,LOC.1150.MED,#27cf7e,landslide.LOC.1150.MED,"['9.5000', '4.6667']",,MED,FALSE
5000,LOC.1150/FAC,LOC.1150.FAC,#f0a73a,landslide.LOC.1150.FAC,"['9.5000', '4.6667']",,FAC,FALSE
5000,LOC.1150/DATA,LOC.1150.DATA,#8579ec,landslide.LOC.1150.DATA,"['9.5000', '4.6667']",,DATA,FALSE
10000,LOC.1151,LOC.1151,#2579e8,landslide.LOC.1151,"['89.1167', '42.9167']",north - west China,LOC,FALSE
5000,LOC.1151/MED,LOC.1151.MED,#27cf7e,landslide.LOC.1151.MED,"['89.1167', '42.9167']",,MED,FALSE
5000,LOC.1151/FAC,LOC.1151.FAC,#f0a73a,landslide.LOC.1151.FAC,"['89.1167', '42.9167']",,FAC,FALSE
5000,LOC.1151/DATA,LOC.1151.DATA,#8579ec,landslide.LOC.1151.DATA,"['89.1167', '42.9167']",,DATA,FALSE
10000,LOC.1152,LOC.1152,#2579e8,landslide.LOC.1152,"['9.1914', '45.4642']",north - western Italy,LOC,FALSE
5000,LOC.1152/MED,LOC.1152.MED,#27cf7e,landslide.LOC.1152.MED,"['9.1914', '45.4642']",,MED,FALSE
5000,LOC.1152/FAC,LOC.1152.FAC,#f0a73a,landslide.LOC.1152.FAC,"['9.1914', '45.4642']",,FAC,FALSE
5000,LOC.1152/DATA,LOC.1152.DATA,#8579ec,landslide.LOC.1152.DATA,"['9.1914', '45.4642']",,DATA,FALSE
10000,LOC.1153,LOC.1153,#2579e8,landslide.LOC.1153,"['12.6405', '38.0030']",North - Western Sicily,LOC,FALSE
5000,LOC.1153/MED,LOC.1153.MED,#27cf7e,landslide.LOC.1153.MED,"['12.6405', '38.0030']",,MED,FALSE
5000,LOC.1153/FAC,LOC.1153.FAC,#f0a73a,landslide.LOC.1153.FAC,"['12.6405', '38.0030']",,FAC,FALSE
5000,LOC.1153/DATA,LOC.1153.DATA,#8579ec,landslide.LOC.1153.DATA,"['12.6405', '38.0030']",,DATA,FALSE
10000,LOC.1154,LOC.1154,#2579e8,landslide.LOC.1154,"['15.9647', '41.1231']",north - western side of Daunia,LOC,FALSE
5000,LOC.1154/MED,LOC.1154.MED,#27cf7e,landslide.LOC.1154.MED,"['15.9647', '41.1231']",,MED,FALSE
5000,LOC.1154/FAC,LOC.1154.FAC,#f0a73a,landslide.LOC.1154.FAC,"['15.9647', '41.1231']",,FAC,FALSE
5000,LOC.1154/DATA,LOC.1154.DATA,#8579ec,landslide.LOC.1154.DATA,"['15.9647', '41.1231']",,DATA,FALSE
10000,LOC.1155,LOC.1155,#2579e8,landslide.LOC.1155,"['32.8542', '40.7434']",North Anatolian Fault Zone,LOC,FALSE
5000,LOC.1155/MED,LOC.1155.MED,#27cf7e,landslide.LOC.1155.MED,"['32.8542', '40.7434']",,MED,FALSE
5000,LOC.1155/FAC,LOC.1155.FAC,#f0a73a,landslide.LOC.1155.FAC,"['32.8542', '40.7434']",,FAC,FALSE
5000,LOC.1155/DATA,LOC.1155.DATA,#8579ec,landslide.LOC.1155.DATA,"['32.8542', '40.7434']",,DATA,FALSE
10000,LOC.1156,LOC.1156,#2579e8,landslide.LOC.1156,"['46.2256', '37.3828']",north and northeast parts of Maragheh County,LOC,FALSE
5000,LOC.1156/MED,LOC.1156.MED,#27cf7e,landslide.LOC.1156.MED,"['46.2256', '37.3828']",,MED,FALSE
5000,LOC.1156/FAC,LOC.1156.FAC,#f0a73a,landslide.LOC.1156.FAC,"['46.2256', '37.3828']",,FAC,FALSE
5000,LOC.1156/DATA,LOC.1156.DATA,#8579ec,landslide.LOC.1156.DATA,"['46.2256', '37.3828']",,DATA,FALSE
10000,LOC.1157,LOC.1157,#2579e8,landslide.LOC.1157,"['16.4637', '38.9151']",North Calabria,LOC,FALSE
5000,LOC.1157/MED,LOC.1157.MED,#27cf7e,landslide.LOC.1157.MED,"['16.4637', '38.9151']",,MED,FALSE
5000,LOC.1157/FAC,LOC.1157.FAC,#f0a73a,landslide.LOC.1157.FAC,"['16.4637', '38.9151']",,FAC,FALSE
5000,LOC.1157/DATA,LOC.1157.DATA,#8579ec,landslide.LOC.1157.DATA,"['16.4637', '38.9151']",,DATA,FALSE
10000,LOC.1158,LOC.1158,#2579e8,landslide.LOC.1158,"['51.3890', '35.6892']",north east of Tehran,LOC,FALSE
5000,LOC.1158/MED,LOC.1158.MED,#27cf7e,landslide.LOC.1158.MED,"['51.3890', '35.6892']",,MED,FALSE
5000,LOC.1158/FAC,LOC.1158.FAC,#f0a73a,landslide.LOC.1158.FAC,"['51.3890', '35.6892']",,FAC,FALSE
5000,LOC.1158/DATA,LOC.1158.DATA,#8579ec,landslide.LOC.1158.DATA,"['51.3890', '35.6892']",,DATA,FALSE
10000,LOC.1159,LOC.1159,#2579e8,landslide.LOC.1159,"['38.9600', '38.9637']",north east Turkey,LOC,FALSE
5000,LOC.1159/MED,LOC.1159.MED,#27cf7e,landslide.LOC.1159.MED,"['38.9600', '38.9637']",,MED,FALSE
5000,LOC.1159/FAC,LOC.1159.FAC,#f0a73a,landslide.LOC.1159.FAC,"['38.9600', '38.9637']",,FAC,FALSE
5000,LOC.1159/DATA,LOC.1159.DATA,#8579ec,landslide.LOC.1159.DATA,"['38.9600', '38.9637']",,DATA,FALSE
10000,LOC.1160,LOC.1160,#2579e8,landslide.LOC.1160,"['126.0', '40.0']",North Korean,LOC,FALSE
5000,LOC.1160/MED,LOC.1160.MED,#27cf7e,landslide.LOC.1160.MED,"['126.0', '40.0']",,MED,FALSE
5000,LOC.1160/FAC,LOC.1160.FAC,#f0a73a,landslide.LOC.1160.FAC,"['126.0', '40.0']",,FAC,FALSE
5000,LOC.1160/DATA,LOC.1160.DATA,#8579ec,landslide.LOC.1160.DATA,"['126.0', '40.0']",,DATA,FALSE
10000,LOC.1161,LOC.1161,#2579e8,landslide.LOC.1161,"['54.4270', '32.4279']",north of Iran,LOC,FALSE
5000,LOC.1161/MED,LOC.1161.MED,#27cf7e,landslide.LOC.1161.MED,"['54.4270', '32.4279']",,MED,FALSE
5000,LOC.1161/FAC,LOC.1161.FAC,#f0a73a,landslide.LOC.1161.FAC,"['54.4270', '32.4279']",,FAC,FALSE
5000,LOC.1161/DATA,LOC.1161.DATA,#8579ec,landslide.LOC.1161.DATA,"['54.4270', '32.4279']",,DATA,FALSE
10000,LOC.1162,LOC.1162,#2579e8,landslide.LOC.1162,"['36.6810', '31.9522']",north of Jordan,LOC,FALSE
5000,LOC.1162/MED,LOC.1162.MED,#27cf7e,landslide.LOC.1162.MED,"['36.6810', '31.9522']",,MED,FALSE
5000,LOC.1162/FAC,LOC.1162.FAC,#f0a73a,landslide.LOC.1162.FAC,"['36.6810', '31.9522']",,FAC,FALSE
5000,LOC.1162/DATA,LOC.1162.DATA,#8579ec,landslide.LOC.1162.DATA,"['36.6810', '31.9522']",,DATA,FALSE
10000,LOC.1163,LOC.1163,#2579e8,landslide.LOC.1163,"['48.3550', '33.4878']",north of Khorramabad,LOC,FALSE
5000,LOC.1163/MED,LOC.1163.MED,#27cf7e,landslide.LOC.1163.MED,"['48.3550', '33.4878']",,MED,FALSE
5000,LOC.1163/FAC,LOC.1163.FAC,#f0a73a,landslide.LOC.1163.FAC,"['48.3550', '33.4878']",,FAC,FALSE
5000,LOC.1163/DATA,LOC.1163.DATA,#8579ec,landslide.LOC.1163.DATA,"['48.3550', '33.4878']",,DATA,FALSE
10000,LOC.1164,LOC.1164,#2579e8,landslide.LOC.1164,"['6.1013', '34.0596']",North of Morocco,LOC,FALSE
5000,LOC.1164/MED,LOC.1164.MED,#27cf7e,landslide.LOC.1164.MED,"['6.1013', '34.0596']",,MED,FALSE
5000,LOC.1164/FAC,LOC.1164.FAC,#f0a73a,landslide.LOC.1164.FAC,"['6.1013', '34.0596']",,FAC,FALSE
5000,LOC.1164/DATA,LOC.1164.DATA,#8579ec,landslide.LOC.1164.DATA,"['6.1013', '34.0596']",,DATA,FALSE
10000,LOC.1165,LOC.1165,#2579e8,landslide.LOC.1165,"['69.3451', '30.3753']",north of Pakistan,LOC,FALSE
5000,LOC.1165/MED,LOC.1165.MED,#27cf7e,landslide.LOC.1165.MED,"['69.3451', '30.3753']",,MED,FALSE
5000,LOC.1165/FAC,LOC.1165.FAC,#f0a73a,landslide.LOC.1165.FAC,"['69.3451', '30.3753']",,FAC,FALSE
5000,LOC.1165/DATA,LOC.1165.DATA,#8579ec,landslide.LOC.1165.DATA,"['69.3451', '30.3753']",,DATA,FALSE
10000,LOC.1166,LOC.1166,#2579e8,landslide.LOC.1166,"['5.4009', '36.1877']",North of Setif,LOC,FALSE
5000,LOC.1166/MED,LOC.1166.MED,#27cf7e,landslide.LOC.1166.MED,"['5.4009', '36.1877']",,MED,FALSE
5000,LOC.1166/FAC,LOC.1166.FAC,#f0a73a,landslide.LOC.1166.FAC,"['5.4009', '36.1877']",,FAC,FALSE
5000,LOC.1166/DATA,LOC.1166.DATA,#8579ec,landslide.LOC.1166.DATA,"['5.4009', '36.1877']",,DATA,FALSE
10000,LOC.1167,LOC.1167,#2579e8,landslide.LOC.1167,"['46.1943', '34.3142']",north of the Kermanshah Province,LOC,FALSE
5000,LOC.1167/MED,LOC.1167.MED,#27cf7e,landslide.LOC.1167.MED,"['46.1943', '34.3142']",,MED,FALSE
5000,LOC.1167/FAC,LOC.1167.FAC,#f0a73a,landslide.LOC.1167.FAC,"['46.1943', '34.3142']",,FAC,FALSE
5000,LOC.1167/DATA,LOC.1167.DATA,#8579ec,landslide.LOC.1167.DATA,"['46.1943', '34.3142']",,DATA,FALSE
10000,LOC.1168,LOC.1168,#2579e8,landslide.LOC.1168,"['122.2018', '37.2089']",North Santa Cruz Mountains,LOC,FALSE
5000,LOC.1168/MED,LOC.1168.MED,#27cf7e,landslide.LOC.1168.MED,"['122.2018', '37.2089']",,MED,FALSE
5000,LOC.1168/FAC,LOC.1168.FAC,#f0a73a,landslide.LOC.1168.FAC,"['122.2018', '37.2089']",,FAC,FALSE
5000,LOC.1168/DATA,LOC.1168.DATA,#8579ec,landslide.LOC.1168.DATA,"['122.2018', '37.2089']",,DATA,FALSE
10000,LOC.1169,LOC.1169,#2579e8,landslide.LOC.1169,"['88.6412', '27.4907']",North Sikkim,LOC,FALSE
5000,LOC.1169/MED,LOC.1169.MED,#27cf7e,landslide.LOC.1169.MED,"['88.6412', '27.4907']",,MED,FALSE
5000,LOC.1169/FAC,LOC.1169.FAC,#f0a73a,landslide.LOC.1169.FAC,"['88.6412', '27.4907']",,FAC,FALSE
5000,LOC.1169/DATA,LOC.1169.DATA,#8579ec,landslide.LOC.1169.DATA,"['88.6412', '27.4907']",,DATA,FALSE
10000,LOC.1170,LOC.1170,#2579e8,landslide.LOC.1170,"['88.6420', '27.7172']",North Sikkim Himalayas,LOC,FALSE
5000,LOC.1170/MED,LOC.1170.MED,#27cf7e,landslide.LOC.1170.MED,"['88.6420', '27.7172']",,MED,FALSE
5000,LOC.1170/FAC,LOC.1170.FAC,#f0a73a,landslide.LOC.1170.FAC,"['88.6420', '27.7172']",,FAC,FALSE
5000,LOC.1170/DATA,LOC.1170.DATA,#8579ec,landslide.LOC.1170.DATA,"['88.6420', '27.7172']",,DATA,FALSE
10000,LOC.1171,LOC.1171,#2579e8,landslide.LOC.1171,"['33.3790', '35.3343']",northeast - facing slopes of the Girne Mountains,LOC,FALSE
5000,LOC.1171/MED,LOC.1171.MED,#27cf7e,landslide.LOC.1171.MED,"['33.3790', '35.3343']",,MED,FALSE
5000,LOC.1171/FAC,LOC.1171.FAC,#f0a73a,landslide.LOC.1171.FAC,"['33.3790', '35.3343']",,FAC,FALSE
5000,LOC.1171/DATA,LOC.1171.DATA,#8579ec,landslide.LOC.1171.DATA,"['33.3790', '35.3343']",,DATA,FALSE
10000,LOC.1172,LOC.1172,#2579e8,landslide.LOC.1172,"['3.9862', '48.7995']",northeast of France,LOC,FALSE
5000,LOC.1172/MED,LOC.1172.MED,#27cf7e,landslide.LOC.1172.MED,"['3.9862', '48.7995']",,MED,FALSE
5000,LOC.1172/FAC,LOC.1172.FAC,#f0a73a,landslide.LOC.1172.FAC,"['3.9862', '48.7995']",,FAC,FALSE
5000,LOC.1172/DATA,LOC.1172.DATA,#8579ec,landslide.LOC.1172.DATA,"['3.9862', '48.7995']",,DATA,FALSE
10000,LOC.1173,LOC.1173,#2579e8,landslide.LOC.1173,"['58.8302', '36.6739']",northeast of Iran,LOC,FALSE
5000,LOC.1173/MED,LOC.1173.MED,#27cf7e,landslide.LOC.1173.MED,"['58.8302', '36.6739']",,MED,FALSE
5000,LOC.1173/FAC,LOC.1173.FAC,#f0a73a,landslide.LOC.1173.FAC,"['58.8302', '36.6739']",,FAC,FALSE
5000,LOC.1173/DATA,LOC.1173.DATA,#8579ec,landslide.LOC.1173.DATA,"['58.8302', '36.6739']",,DATA,FALSE
10000,LOC.1174,LOC.1174,#2579e8,landslide.LOC.1174,"['104.0488', '28.7333']",northeast of the Yunnan - Guizhou Plateau of China,LOC,FALSE
5000,LOC.1174/MED,LOC.1174.MED,#27cf7e,landslide.LOC.1174.MED,"['104.0488', '28.7333']",,MED,FALSE
5000,LOC.1174/FAC,LOC.1174.FAC,#f0a73a,landslide.LOC.1174.FAC,"['104.0488', '28.7333']",,FAC,FALSE
5000,LOC.1174/DATA,LOC.1174.DATA,#8579ec,landslide.LOC.1174.DATA,"['104.0488', '28.7333']",,DATA,FALSE
10000,LOC.1175,LOC.1175,#2579e8,landslide.LOC.1175,"['94.7679', '26.9124']",Northeast part of India,LOC,FALSE
5000,LOC.1175/MED,LOC.1175.MED,#27cf7e,landslide.LOC.1175.MED,"['94.7679', '26.9124']",,MED,FALSE
5000,LOC.1175/FAC,LOC.1175.FAC,#f0a73a,landslide.LOC.1175.FAC,"['94.7679', '26.9124']",,FAC,FALSE
5000,LOC.1175/DATA,LOC.1175.DATA,#8579ec,landslide.LOC.1175.DATA,"['94.7679', '26.9124']",,DATA,FALSE
10000,LOC.1176,LOC.1176,#2579e8,landslide.LOC.1176,"['35.5134', '39.9334']",northeast part of Turkey,LOC,FALSE
5000,LOC.1176/MED,LOC.1176.MED,#27cf7e,landslide.LOC.1176.MED,"['35.5134', '39.9334']",,MED,FALSE
5000,LOC.1176/FAC,LOC.1176.FAC,#f0a73a,landslide.LOC.1176.FAC,"['35.5134', '39.9334']",,FAC,FALSE
5000,LOC.1176/DATA,LOC.1176.DATA,#8579ec,landslide.LOC.1176.DATA,"['35.5134', '39.9334']",,DATA,FALSE
10000,LOC.1177,LOC.1177,#2579e8,landslide.LOC.1177,"['110.4578', '40.0722']",northeastern China,LOC,FALSE
5000,LOC.1177/MED,LOC.1177.MED,#27cf7e,landslide.LOC.1177.MED,"['110.4578', '40.0722']",,MED,FALSE
5000,LOC.1177/FAC,LOC.1177.FAC,#f0a73a,landslide.LOC.1177.FAC,"['110.4578', '40.0722']",,FAC,FALSE
5000,LOC.1177/DATA,LOC.1177.DATA,#8579ec,landslide.LOC.1177.DATA,"['110.4578', '40.0722']",,DATA,FALSE
10000,LOC.1178,LOC.1178,#2579e8,landslide.LOC.1178,"['106.5344', '29.4316']",northeastern Chongqing,LOC,FALSE
5000,LOC.1178/MED,LOC.1178.MED,#27cf7e,landslide.LOC.1178.MED,"['106.5344', '29.4316']",,MED,FALSE
5000,LOC.1178/FAC,LOC.1178.FAC,#f0a73a,landslide.LOC.1178.FAC,"['106.5344', '29.4316']",,FAC,FALSE
5000,LOC.1178/DATA,LOC.1178.DATA,#8579ec,landslide.LOC.1178.DATA,"['106.5344', '29.4316']",,DATA,FALSE
10000,LOC.1179,LOC.1179,#2579e8,landslide.LOC.1179,"['120.8047', '23.5096']",northeastern downstream of the Alishan catchment,LOC,FALSE
5000,LOC.1179/MED,LOC.1179.MED,#27cf7e,landslide.LOC.1179.MED,"['120.8047', '23.5096']",,MED,FALSE
5000,LOC.1179/FAC,LOC.1179.FAC,#f0a73a,landslide.LOC.1179.FAC,"['120.8047', '23.5096']",,FAC,FALSE
5000,LOC.1179/DATA,LOC.1179.DATA,#8579ec,landslide.LOC.1179.DATA,"['120.8047', '23.5096']",,DATA,FALSE
10000,LOC.1180,LOC.1180,#2579e8,landslide.LOC.1180,"['54.3666', '33.5348']",northeastern Iran,LOC,FALSE
5000,LOC.1180/MED,LOC.1180.MED,#27cf7e,landslide.LOC.1180.MED,"['54.3666', '33.5348']",,MED,FALSE
5000,LOC.1180/FAC,LOC.1180.FAC,#f0a73a,landslide.LOC.1180.FAC,"['54.3666', '33.5348']",,FAC,FALSE
5000,LOC.1180/DATA,LOC.1180.DATA,#8579ec,landslide.LOC.1180.DATA,"['54.3666', '33.5348']",,DATA,FALSE
10000,LOC.1181,LOC.1181,#2579e8,landslide.LOC.1181,"['102.7606', '23.0123']",northeastern part of Geling,LOC,FALSE
5000,LOC.1181/MED,LOC.1181.MED,#27cf7e,landslide.LOC.1181.MED,"['102.7606', '23.0123']",,MED,FALSE
5000,LOC.1181/FAC,LOC.1181.FAC,#f0a73a,landslide.LOC.1181.FAC,"['102.7606', '23.0123']",,FAC,FALSE
5000,LOC.1181/DATA,LOC.1181.DATA,#8579ec,landslide.LOC.1181.DATA,"['102.7606', '23.0123']",,DATA,FALSE
10000,LOC.1182,LOC.1182,#2579e8,landslide.LOC.1182,"['127.7669', '37.6872']",northeastern part of Korea,LOC,FALSE
5000,LOC.1182/MED,LOC.1182.MED,#27cf7e,landslide.LOC.1182.MED,"['127.7669', '37.6872']",,MED,FALSE
5000,LOC.1182/FAC,LOC.1182.FAC,#f0a73a,landslide.LOC.1182.FAC,"['127.7669', '37.6872']",,FAC,FALSE
5000,LOC.1182/DATA,LOC.1182.DATA,#8579ec,landslide.LOC.1182.DATA,"['127.7669', '37.6872']",,DATA,FALSE
10000,LOC.1183,LOC.1183,#2579e8,landslide.LOC.1183,"['92.9376', '23.7533']",northeastern region of India,LOC,FALSE
5000,LOC.1183/MED,LOC.1183.MED,#27cf7e,landslide.LOC.1183.MED,"['92.9376', '23.7533']",,MED,FALSE
5000,LOC.1183/FAC,LOC.1183.FAC,#f0a73a,landslide.LOC.1183.FAC,"['92.9376', '23.7533']",,FAC,FALSE
5000,LOC.1183/DATA,LOC.1183.DATA,#8579ec,landslide.LOC.1183.DATA,"['92.9376', '23.7533']",,DATA,FALSE
10000,LOC.1184,LOC.1184,#2579e8,landslide.LOC.1184,"['74.0060', '40.7128']",Northeastern USA,LOC,FALSE
5000,LOC.1184/MED,LOC.1184.MED,#27cf7e,landslide.LOC.1184.MED,"['74.0060', '40.7128']",,MED,FALSE
5000,LOC.1184/FAC,LOC.1184.FAC,#f0a73a,landslide.LOC.1184.FAC,"['74.0060', '40.7128']",,FAC,FALSE
5000,LOC.1184/DATA,LOC.1184.DATA,#8579ec,landslide.LOC.1184.DATA,"['74.0060', '40.7128']",,DATA,FALSE
10000,LOC.1185,LOC.1185,#2579e8,landslide.LOC.1185,"['2.6336', '28.0339']",northern Algeria,LOC,FALSE
5000,LOC.1185/MED,LOC.1185.MED,#27cf7e,landslide.LOC.1185.MED,"['2.6336', '28.0339']",,MED,FALSE
5000,LOC.1185/FAC,LOC.1185.FAC,#f0a73a,landslide.LOC.1185.FAC,"['2.6336', '28.0339']",,FAC,FALSE
5000,LOC.1185/DATA,LOC.1185.DATA,#8579ec,landslide.LOC.1185.DATA,"['2.6336', '28.0339']",,DATA,FALSE
10000,LOC.1186,LOC.1186,#2579e8,landslide.LOC.1186,"['11.2550', '43.7711']",Northern Apennines of Italy,LOC,FALSE
5000,LOC.1186/MED,LOC.1186.MED,#27cf7e,landslide.LOC.1186.MED,"['11.2550', '43.7711']",,MED,FALSE
5000,LOC.1186/FAC,LOC.1186.FAC,#f0a73a,landslide.LOC.1186.FAC,"['11.2550', '43.7711']",,FAC,FALSE
5000,LOC.1186/DATA,LOC.1186.DATA,#8579ec,landslide.LOC.1186.DATA,"['11.2550', '43.7711']",,DATA,FALSE
10000,LOC.1187,LOC.1187,#2579e8,landslide.LOC.1187,"['44.6994', '43.3196']",northern Caucasus,LOC,FALSE
5000,LOC.1187/MED,LOC.1187.MED,#27cf7e,landslide.LOC.1187.MED,"['44.6994', '43.3196']",,MED,FALSE
5000,LOC.1187/FAC,LOC.1187.FAC,#f0a73a,landslide.LOC.1187.FAC,"['44.6994', '43.3196']",,FAC,FALSE
5000,LOC.1187/DATA,LOC.1187.DATA,#8579ec,landslide.LOC.1187.DATA,"['44.6994', '43.3196']",,DATA,FALSE
10000,LOC.1188,LOC.1188,#2579e8,landslide.LOC.1188,"['73.0480', '51.4575']",northern Chilean Patagonia,LOC,FALSE
5000,LOC.1188/MED,LOC.1188.MED,#27cf7e,landslide.LOC.1188.MED,"['73.0480', '51.4575']",,MED,FALSE
5000,LOC.1188/FAC,LOC.1188.FAC,#f0a73a,landslide.LOC.1188.FAC,"['73.0480', '51.4575']",,FAC,FALSE
5000,LOC.1188/DATA,LOC.1188.DATA,#8579ec,landslide.LOC.1188.DATA,"['73.0480', '51.4575']",,DATA,FALSE
10000,LOC.1189,LOC.1189,#2579e8,landslide.LOC.1189,"['116.4074', '39.9042']",Northern China,LOC,FALSE
5000,LOC.1189/MED,LOC.1189.MED,#27cf7e,landslide.LOC.1189.MED,"['116.4074', '39.9042']",,MED,FALSE
5000,LOC.1189/FAC,LOC.1189.FAC,#f0a73a,landslide.LOC.1189.FAC,"['116.4074', '39.9042']",,FAC,FALSE
5000,LOC.1189/DATA,LOC.1189.DATA,#8579ec,landslide.LOC.1189.DATA,"['116.4074', '39.9042']",,DATA,FALSE
10000,LOC.1190,LOC.1190,#2579e8,landslide.LOC.1190,"['122.2711', '37.8044']",Northern East Bay segment of the Hayward fault,LOC,FALSE
5000,LOC.1190/MED,LOC.1190.MED,#27cf7e,landslide.LOC.1190.MED,"['122.2711', '37.8044']",,MED,FALSE
5000,LOC.1190/FAC,LOC.1190.FAC,#f0a73a,landslide.LOC.1190.FAC,"['122.2711', '37.8044']",,FAC,FALSE
5000,LOC.1190/DATA,LOC.1190.DATA,#8579ec,landslide.LOC.1190.DATA,"['122.2711', '37.8044']",,DATA,FALSE
10000,LOC.1191,LOC.1191,#2579e8,landslide.LOC.1191,"['8.2275', '46.8182']",northern foothills of the Swiss Alps,LOC,FALSE
5000,LOC.1191/MED,LOC.1191.MED,#27cf7e,landslide.LOC.1191.MED,"['8.2275', '46.8182']",,MED,FALSE
5000,LOC.1191/FAC,LOC.1191.FAC,#f0a73a,landslide.LOC.1191.FAC,"['8.2275', '46.8182']",,FAC,FALSE
5000,LOC.1191/DATA,LOC.1191.DATA,#8579ec,landslide.LOC.1191.DATA,"['8.2275', '46.8182']",,DATA,FALSE
10000,LOC.1192,LOC.1192,#2579e8,landslide.LOC.1192,"['85.9000', '28.3949']",northern Himalayas,LOC,FALSE
5000,LOC.1192/MED,LOC.1192.MED,#27cf7e,landslide.LOC.1192.MED,"['85.9000', '28.3949']",,MED,FALSE
5000,LOC.1192/FAC,LOC.1192.FAC,#f0a73a,landslide.LOC.1192.FAC,"['85.9000', '28.3949']",,FAC,FALSE
5000,LOC.1192/DATA,LOC.1192.DATA,#8579ec,landslide.LOC.1192.DATA,"['85.9000', '28.3949']",,DATA,FALSE
10000,LOC.1193,LOC.1193,#2579e8,landslide.LOC.1193,"['19.0208', '64.9631']",northern Iceland,LOC,FALSE
5000,LOC.1193/MED,LOC.1193.MED,#27cf7e,landslide.LOC.1193.MED,"['19.0208', '64.9631']",,MED,FALSE
5000,LOC.1193/FAC,LOC.1193.FAC,#f0a73a,landslide.LOC.1193.FAC,"['19.0208', '64.9631']",,FAC,FALSE
5000,LOC.1193/DATA,LOC.1193.DATA,#8579ec,landslide.LOC.1193.DATA,"['19.0208', '64.9631']",,DATA,FALSE
10000,LOC.1194,LOC.1194,#2579e8,landslide.LOC.1194,"['12.4964', '41.9028']",northern Italian,LOC,FALSE
5000,LOC.1194/MED,LOC.1194.MED,#27cf7e,landslide.LOC.1194.MED,"['12.4964', '41.9028']",,MED,FALSE
5000,LOC.1194/FAC,LOC.1194.FAC,#f0a73a,landslide.LOC.1194.FAC,"['12.4964', '41.9028']",,FAC,FALSE
5000,LOC.1194/DATA,LOC.1194.DATA,#8579ec,landslide.LOC.1194.DATA,"['12.4964', '41.9028']",,DATA,FALSE
10000,LOC.1195,LOC.1195,#2579e8,landslide.LOC.1195,"['11.3415', '44.4056']",northern Italy,LOC,FALSE
5000,LOC.1195/MED,LOC.1195.MED,#27cf7e,landslide.LOC.1195.MED,"['11.3415', '44.4056']",,MED,FALSE
5000,LOC.1195/FAC,LOC.1195.FAC,#f0a73a,landslide.LOC.1195.FAC,"['11.3415', '44.4056']",,FAC,FALSE
5000,LOC.1195/DATA,LOC.1195.DATA,#8579ec,landslide.LOC.1195.DATA,"['11.3415', '44.4056']",,DATA,FALSE
10000,LOC.1196,LOC.1196,#2579e8,landslide.LOC.1196,"['74.3587', '35.7500']",northern Pakistan,LOC,FALSE
5000,LOC.1196/MED,LOC.1196.MED,#27cf7e,landslide.LOC.1196.MED,"['74.3587', '35.7500']",,MED,FALSE
5000,LOC.1196/FAC,LOC.1196.FAC,#f0a73a,landslide.LOC.1196.FAC,"['74.3587', '35.7500']",,FAC,FALSE
5000,LOC.1196/DATA,LOC.1196.DATA,#8579ec,landslide.LOC.1196.DATA,"['74.3587', '35.7500']",,DATA,FALSE
10000,LOC.1197,LOC.1197,#2579e8,landslide.LOC.1197,"['23.9618', '35.4634']",northern part of Chania prefecture,LOC,FALSE
5000,LOC.1197/MED,LOC.1197.MED,#27cf7e,landslide.LOC.1197.MED,"['23.9618', '35.4634']",,MED,FALSE
5000,LOC.1197/FAC,LOC.1197.FAC,#f0a73a,landslide.LOC.1197.FAC,"['23.9618', '35.4634']",,FAC,FALSE
5000,LOC.1197/DATA,LOC.1197.DATA,#8579ec,landslide.LOC.1197.DATA,"['23.9618', '35.4634']",,DATA,FALSE
10000,LOC.1198,LOC.1198,#2579e8,landslide.LOC.1198,"['22.4076', '39.0742']",northern part of Greece,LOC,FALSE
5000,LOC.1198/MED,LOC.1198.MED,#27cf7e,landslide.LOC.1198.MED,"['22.4076', '39.0742']",,MED,FALSE
5000,LOC.1198/FAC,LOC.1198.FAC,#f0a73a,landslide.LOC.1198.FAC,"['22.4076', '39.0742']",,FAC,FALSE
5000,LOC.1198/DATA,LOC.1198.DATA,#8579ec,landslide.LOC.1198.DATA,"['22.4076', '39.0742']",,DATA,FALSE
10000,LOC.1199,LOC.1199,#2579e8,landslide.LOC.1199,"['80.1885', '29.3117']",northern part of the Pithoragarh district,LOC,FALSE
5000,LOC.1199/MED,LOC.1199.MED,#27cf7e,landslide.LOC.1199.MED,"['80.1885', '29.3117']",,MED,FALSE
5000,LOC.1199/FAC,LOC.1199.FAC,#f0a73a,landslide.LOC.1199.FAC,"['80.1885', '29.3117']",,FAC,FALSE
5000,LOC.1199/DATA,LOC.1199.DATA,#8579ec,landslide.LOC.1199.DATA,"['80.1885', '29.3117']",,DATA,FALSE
10000,LOC.1200,LOC.1200,#2579e8,landslide.LOC.1200,"['78.0799', '42.8047']",northern part of the Tien Shan Range in Central Asia,LOC,FALSE
5000,LOC.1200/MED,LOC.1200.MED,#27cf7e,landslide.LOC.1200.MED,"['78.0799', '42.8047']",,MED,FALSE
5000,LOC.1200/FAC,LOC.1200.FAC,#f0a73a,landslide.LOC.1200.FAC,"['78.0799', '42.8047']",,FAC,FALSE
5000,LOC.1200/DATA,LOC.1200.DATA,#8579ec,landslide.LOC.1200.DATA,"['78.0799', '42.8047']",,DATA,FALSE
10000,LOC.1201,LOC.1201,#2579e8,landslide.LOC.1201,"['79.0193', '30.0668']",Northern part of Uttarakhand,LOC,FALSE
5000,LOC.1201/MED,LOC.1201.MED,#27cf7e,landslide.LOC.1201.MED,"['79.0193', '30.0668']",,MED,FALSE
5000,LOC.1201/FAC,LOC.1201.FAC,#f0a73a,landslide.LOC.1201.FAC,"['79.0193', '30.0668']",,FAC,FALSE
5000,LOC.1201/DATA,LOC.1201.DATA,#8579ec,landslide.LOC.1201.DATA,"['79.0193', '30.0668']",,DATA,FALSE
10000,LOC.1202,LOC.1202,#2579e8,landslide.LOC.1202,"['53.6880', '32.4279']",northern parts of Iran,LOC,FALSE
5000,LOC.1202/MED,LOC.1202.MED,#27cf7e,landslide.LOC.1202.MED,"['53.6880', '32.4279']",,MED,FALSE
5000,LOC.1202/FAC,LOC.1202.FAC,#f0a73a,landslide.LOC.1202.FAC,"['53.6880', '32.4279']",,FAC,FALSE
5000,LOC.1202/DATA,LOC.1202.DATA,#8579ec,landslide.LOC.1202.DATA,"['53.6880', '32.4279']",,DATA,FALSE
10000,LOC.1203,LOC.1203,#2579e8,landslide.LOC.1203,"['21.9375', '37.5630']",northern Peloponnese,LOC,FALSE
5000,LOC.1203/MED,LOC.1203.MED,#27cf7e,landslide.LOC.1203.MED,"['21.9375', '37.5630']",,MED,FALSE
5000,LOC.1203/FAC,LOC.1203.FAC,#f0a73a,landslide.LOC.1203.FAC,"['21.9375', '37.5630']",,FAC,FALSE
5000,LOC.1203/DATA,LOC.1203.DATA,#8579ec,landslide.LOC.1203.DATA,"['21.9375', '37.5630']",,DATA,FALSE
10000,LOC.1204,LOC.1204,#2579e8,landslide.LOC.1204,"['116.2305', '45.2654']",northern Rocky Mountains,LOC,FALSE
5000,LOC.1204/MED,LOC.1204.MED,#27cf7e,landslide.LOC.1204.MED,"['116.2305', '45.2654']",,MED,FALSE
5000,LOC.1204/FAC,LOC.1204.FAC,#f0a73a,landslide.LOC.1204.FAC,"['116.2305', '45.2654']",,FAC,FALSE
5000,LOC.1204/DATA,LOC.1204.DATA,#8579ec,landslide.LOC.1204.DATA,"['116.2305', '45.2654']",,DATA,FALSE
10000,LOC.1205,LOC.1205,#2579e8,landslide.LOC.1205,"['127.7470', '42.3345']",northern slope of Mt. Changbai,LOC,FALSE
5000,LOC.1205/MED,LOC.1205.MED,#27cf7e,landslide.LOC.1205.MED,"['127.7470', '42.3345']",,MED,FALSE
5000,LOC.1205/FAC,LOC.1205.FAC,#f0a73a,landslide.LOC.1205.FAC,"['127.7470', '42.3345']",,FAC,FALSE
5000,LOC.1205/DATA,LOC.1205.DATA,#8579ec,landslide.LOC.1205.DATA,"['127.7470', '42.3345']",,DATA,FALSE
10000,LOC.1206,LOC.1206,#2579e8,landslide.LOC.1206,"['3.7492', '40.4637']",northern Spain,LOC,FALSE
5000,LOC.1206/MED,LOC.1206.MED,#27cf7e,landslide.LOC.1206.MED,"['3.7492', '40.4637']",,MED,FALSE
5000,LOC.1206/FAC,LOC.1206.FAC,#f0a73a,landslide.LOC.1206.FAC,"['3.7492', '40.4637']",,FAC,FALSE
5000,LOC.1206/DATA,LOC.1206.DATA,#8579ec,landslide.LOC.1206.DATA,"['3.7492', '40.4637']",,DATA,FALSE
10000,LOC.1207,LOC.1207,#2579e8,landslide.LOC.1207,"['87.4068', '27.7881']",northern stretch of the Arun watershed in East Nepal,LOC,FALSE
5000,LOC.1207/MED,LOC.1207.MED,#27cf7e,landslide.LOC.1207.MED,"['87.4068', '27.7881']",,MED,FALSE
5000,LOC.1207/FAC,LOC.1207.FAC,#f0a73a,landslide.LOC.1207.FAC,"['87.4068', '27.7881']",,FAC,FALSE
5000,LOC.1207/DATA,LOC.1207.DATA,#8579ec,landslide.LOC.1207.DATA,"['87.4068', '27.7881']",,DATA,FALSE
10000,LOC.1208,LOC.1208,#2579e8,landslide.LOC.1208,"['100.9925', '15.8700']",northern Thailand,LOC,FALSE
5000,LOC.1208/MED,LOC.1208.MED,#27cf7e,landslide.LOC.1208.MED,"['100.9925', '15.8700']",,MED,FALSE
5000,LOC.1208/FAC,LOC.1208.FAC,#f0a73a,landslide.LOC.1208.FAC,"['100.9925', '15.8700']",,FAC,FALSE
5000,LOC.1208/DATA,LOC.1208.DATA,#8579ec,landslide.LOC.1208.DATA,"['100.9925', '15.8700']",,DATA,FALSE
10000,LOC.1209,LOC.1209,#2579e8,landslide.LOC.1209,"['35.2433', '38.9637']",northern Turkey,LOC,FALSE
5000,LOC.1209/MED,LOC.1209.MED,#27cf7e,landslide.LOC.1209.MED,"['35.2433', '38.9637']",,MED,FALSE
5000,LOC.1209/FAC,LOC.1209.FAC,#f0a73a,landslide.LOC.1209.FAC,"['35.2433', '38.9637']",,FAC,FALSE
5000,LOC.1209/DATA,LOC.1209.DATA,#8579ec,landslide.LOC.1209.DATA,"['35.2433', '38.9637']",,DATA,FALSE
10000,LOC.1210,LOC.1210,#2579e8,landslide.LOC.1210,"['105.3188', '21.0285']",northern Vietnam,LOC,FALSE
5000,LOC.1210/MED,LOC.1210.MED,#27cf7e,landslide.LOC.1210.MED,"['105.3188', '21.0285']",,MED,FALSE
5000,LOC.1210/FAC,LOC.1210.FAC,#f0a73a,landslide.LOC.1210.FAC,"['105.3188', '21.0285']",,FAC,FALSE
5000,LOC.1210/DATA,LOC.1210.DATA,#8579ec,landslide.LOC.1210.DATA,"['105.3188', '21.0285']",,DATA,FALSE
10000,LOC.1211,LOC.1211,#2579e8,landslide.LOC.1211,"['118.5374', '34.2358']",Northridge,LOC,FALSE
5000,LOC.1211/MED,LOC.1211.MED,#27cf7e,landslide.LOC.1211.MED,"['118.5374', '34.2358']",,MED,FALSE
5000,LOC.1211/FAC,LOC.1211.FAC,#f0a73a,landslide.LOC.1211.FAC,"['118.5374', '34.2358']",,FAC,FALSE
5000,LOC.1211/DATA,LOC.1211.DATA,#8579ec,landslide.LOC.1211.DATA,"['118.5374', '34.2358']",,DATA,FALSE
10000,LOC.1212,LOC.1212,#2579e8,landslide.LOC.1212,"['86.9023', '40.4637']",northwest China,LOC,FALSE
5000,LOC.1212/MED,LOC.1212.MED,#27cf7e,landslide.LOC.1212.MED,"['86.9023', '40.4637']",,MED,FALSE
5000,LOC.1212/FAC,LOC.1212.FAC,#f0a73a,landslide.LOC.1212.FAC,"['86.9023', '40.4637']",,FAC,FALSE
5000,LOC.1212/DATA,LOC.1212.DATA,#8579ec,landslide.LOC.1212.DATA,"['86.9023', '40.4637']",,DATA,FALSE
10000,LOC.1213,LOC.1213,#2579e8,landslide.LOC.1213,"['100.9736', '26.2004']",northwest mountain areas of Yunnan province of China,LOC,FALSE
5000,LOC.1213/MED,LOC.1213.MED,#27cf7e,landslide.LOC.1213.MED,"['100.9736', '26.2004']",,MED,FALSE
5000,LOC.1213/FAC,LOC.1213.FAC,#f0a73a,landslide.LOC.1213.FAC,"['100.9736', '26.2004']",,FAC,FALSE
5000,LOC.1213/DATA,LOC.1213.DATA,#8579ec,landslide.LOC.1213.DATA,"['100.9736', '26.2004']",,DATA,FALSE
10000,LOC.1214,LOC.1214,#2579e8,landslide.LOC.1214,"['105.0', '37.0']",Northwest of Qingliang Town,LOC,FALSE
5000,LOC.1214/MED,LOC.1214.MED,#27cf7e,landslide.LOC.1214.MED,"['105.0', '37.0']",,MED,FALSE
5000,LOC.1214/FAC,LOC.1214.FAC,#f0a73a,landslide.LOC.1214.FAC,"['105.0', '37.0']",,FAC,FALSE
5000,LOC.1214/DATA,LOC.1214.DATA,#8579ec,landslide.LOC.1214.DATA,"['105.0', '37.0']",,DATA,FALSE
10000,LOC.1215,LOC.1215,#2579e8,landslide.LOC.1215,"['104.0', '38.0']",Northwest region and the,LOC,FALSE
5000,LOC.1215/MED,LOC.1215.MED,#27cf7e,landslide.LOC.1215.MED,"['104.0', '38.0']",,MED,FALSE
5000,LOC.1215/FAC,LOC.1215.FAC,#f0a73a,landslide.LOC.1215.FAC,"['104.0', '38.0']",,FAC,FALSE
5000,LOC.1215/DATA,LOC.1215.DATA,#8579ec,landslide.LOC.1215.DATA,"['104.0', '38.0']",,DATA,FALSE
10000,LOC.1216,LOC.1216,#2579e8,landslide.LOC.1216,"['105.0', '21.0']",Northwest region of Viet Nam,LOC,FALSE
5000,LOC.1216/MED,LOC.1216.MED,#27cf7e,landslide.LOC.1216.MED,"['105.0', '21.0']",,MED,FALSE
5000,LOC.1216/FAC,LOC.1216.FAC,#f0a73a,landslide.LOC.1216.FAC,"['105.0', '21.0']",,FAC,FALSE
5000,LOC.1216/DATA,LOC.1216.DATA,#8579ec,landslide.LOC.1216.DATA,"['105.0', '21.0']",,DATA,FALSE
10000,LOC.1217,LOC.1217,#2579e8,landslide.LOC.1217,"['146.0', '-42.0']",Northwest Tasmania in Australia,LOC,FALSE
5000,LOC.1217/MED,LOC.1217.MED,#27cf7e,landslide.LOC.1217.MED,"['146.0', '-42.0']",,MED,FALSE
5000,LOC.1217/FAC,LOC.1217.FAC,#f0a73a,landslide.LOC.1217.FAC,"['146.0', '-42.0']",,FAC,FALSE
5000,LOC.1217/DATA,LOC.1217.DATA,#8579ec,landslide.LOC.1217.DATA,"['146.0', '-42.0']",,DATA,FALSE
10000,LOC.1218,LOC.1218,#2579e8,landslide.LOC.1218,"['-122.7207', '64.8255']",Northwest Territories,LOC,FALSE
5000,LOC.1218/MED,LOC.1218.MED,#27cf7e,landslide.LOC.1218.MED,"['-122.7207', '64.8255']",,MED,FALSE
5000,LOC.1218/FAC,LOC.1218.FAC,#f0a73a,landslide.LOC.1218.FAC,"['-122.7207', '64.8255']",,FAC,FALSE
5000,LOC.1218/DATA,LOC.1218.DATA,#8579ec,landslide.LOC.1218.DATA,"['-122.7207', '64.8255']",,DATA,FALSE
10000,LOC.1219,LOC.1219,#2579e8,landslide.LOC.1219,"['47.0', '35.0']",Northwestern and the north of Iran,LOC,FALSE
5000,LOC.1219/MED,LOC.1219.MED,#27cf7e,landslide.LOC.1219.MED,"['47.0', '35.0']",,MED,FALSE
5000,LOC.1219/FAC,LOC.1219.FAC,#f0a73a,landslide.LOC.1219.FAC,"['47.0', '35.0']",,FAC,FALSE
5000,LOC.1219/DATA,LOC.1219.DATA,#8579ec,landslide.LOC.1219.DATA,"['47.0', '35.0']",,DATA,FALSE
10000,LOC.1220,LOC.1220,#2579e8,landslide.LOC.1220,"['14.5', '35.9']",Northwestern coast of Malta,LOC,FALSE
5000,LOC.1220/MED,LOC.1220.MED,#27cf7e,landslide.LOC.1220.MED,"['14.5', '35.9']",,MED,FALSE
5000,LOC.1220/FAC,LOC.1220.FAC,#f0a73a,landslide.LOC.1220.FAC,"['14.5', '35.9']",,FAC,FALSE
5000,LOC.1220/DATA,LOC.1220.DATA,#8579ec,landslide.LOC.1220.DATA,"['14.5', '35.9']",,DATA,FALSE
10000,LOC.1221,LOC.1221,#2579e8,landslide.LOC.1221,"['37.5', '12.5']",Northwestern Ethiopia,LOC,FALSE
5000,LOC.1221/MED,LOC.1221.MED,#27cf7e,landslide.LOC.1221.MED,"['37.5', '12.5']",,MED,FALSE
5000,LOC.1221/FAC,LOC.1221.FAC,#f0a73a,landslide.LOC.1221.FAC,"['37.5', '12.5']",,FAC,FALSE
5000,LOC.1221/DATA,LOC.1221.DATA,#8579ec,landslide.LOC.1221.DATA,"['37.5', '12.5']",,DATA,FALSE
10000,LOC.1222,LOC.1222,#2579e8,landslide.LOC.1222,"['51.0', '30.5']",Northwestern Fars province of Iran,LOC,FALSE
5000,LOC.1222/MED,LOC.1222.MED,#27cf7e,landslide.LOC.1222.MED,"['51.0', '30.5']",,MED,FALSE
5000,LOC.1222/FAC,LOC.1222.FAC,#f0a73a,landslide.LOC.1222.FAC,"['51.0', '30.5']",,FAC,FALSE
5000,LOC.1222/DATA,LOC.1222.DATA,#8579ec,landslide.LOC.1222.DATA,"['51.0', '30.5']",,DATA,FALSE
10000,LOC.1223,LOC.1223,#2579e8,landslide.LOC.1223,"['14.9', '38.4']",Northwestern flank of La Fossa Cone on the island of Vulcano,LOC,FALSE
5000,LOC.1223/MED,LOC.1223.MED,#27cf7e,landslide.LOC.1223.MED,"['14.9', '38.4']",,MED,FALSE
5000,LOC.1223/FAC,LOC.1223.FAC,#f0a73a,landslide.LOC.1223.FAC,"['14.9', '38.4']",,FAC,FALSE
5000,LOC.1223/DATA,LOC.1223.DATA,#8579ec,landslide.LOC.1223.DATA,"['14.9', '38.4']",,DATA,FALSE
10000,LOC.1224,LOC.1224,#2579e8,landslide.LOC.1224,"['8.0', '45.0']",Northwestern Italy,LOC,FALSE
5000,LOC.1224/MED,LOC.1224.MED,#27cf7e,landslide.LOC.1224.MED,"['8.0', '45.0']",,MED,FALSE
5000,LOC.1224/FAC,LOC.1224.FAC,#f0a73a,landslide.LOC.1224.FAC,"['8.0', '45.0']",,FAC,FALSE
5000,LOC.1224/DATA,LOC.1224.DATA,#8579ec,landslide.LOC.1224.DATA,"['8.0', '45.0']",,DATA,FALSE
10000,LOC.1225,LOC.1225,#2579e8,landslide.LOC.1225,"['73.5', '34.5']",Northwestern part of Muzaffarabad,LOC,FALSE
5000,LOC.1225/MED,LOC.1225.MED,#27cf7e,landslide.LOC.1225.MED,"['73.5', '34.5']",,MED,FALSE
5000,LOC.1225/FAC,LOC.1225.FAC,#f0a73a,landslide.LOC.1225.FAC,"['73.5', '34.5']",,FAC,FALSE
5000,LOC.1225/DATA,LOC.1225.DATA,#8579ec,landslide.LOC.1225.DATA,"['73.5', '34.5']",,DATA,FALSE
10000,LOC.1226,LOC.1226,#2579e8,landslide.LOC.1226,"['40.0', '26.5']",Northwestern Saudi Arabia,LOC,FALSE
5000,LOC.1226/MED,LOC.1226.MED,#27cf7e,landslide.LOC.1226.MED,"['40.0', '26.5']",,MED,FALSE
5000,LOC.1226/FAC,LOC.1226.FAC,#f0a73a,landslide.LOC.1226.FAC,"['40.0', '26.5']",,FAC,FALSE
5000,LOC.1226/DATA,LOC.1226.DATA,#8579ec,landslide.LOC.1226.DATA,"['40.0', '26.5']",,DATA,FALSE
10000,LOC.1227,LOC.1227,#2579e8,landslide.LOC.1227,"['9.5', '37.0']",Northwestern Tunisia,LOC,FALSE
5000,LOC.1227/MED,LOC.1227.MED,#27cf7e,landslide.LOC.1227.MED,"['9.5', '37.0']",,MED,FALSE
5000,LOC.1227/FAC,LOC.1227.FAC,#f0a73a,landslide.LOC.1227.FAC,"['9.5', '37.0']",,FAC,FALSE
5000,LOC.1227/DATA,LOC.1227.DATA,#8579ec,landslide.LOC.1227.DATA,"['9.5', '37.0']",,DATA,FALSE
10000,LOC.1228,LOC.1228,#2579e8,landslide.LOC.1228,"['48.0', '32.0']",NW - Iran,LOC,FALSE
5000,LOC.1228/MED,LOC.1228.MED,#27cf7e,landslide.LOC.1228.MED,"['48.0', '32.0']",,MED,FALSE
5000,LOC.1228/FAC,LOC.1228.FAC,#f0a73a,landslide.LOC.1228.FAC,"['48.0', '32.0']",,FAC,FALSE
5000,LOC.1228/DATA,LOC.1228.DATA,#8579ec,landslide.LOC.1228.DATA,"['48.0', '32.0']",,DATA,FALSE
10000,LOC.1229,LOC.1229,#2579e8,landslide.LOC.1229,"['91.0', '36.0']",NW China,LOC,FALSE
5000,LOC.1229/MED,LOC.1229.MED,#27cf7e,landslide.LOC.1229.MED,"['91.0', '36.0']",,MED,FALSE
5000,LOC.1229/FAC,LOC.1229.FAC,#f0a73a,landslide.LOC.1229.FAC,"['91.0', '36.0']",,FAC,FALSE
5000,LOC.1229/DATA,LOC.1229.DATA,#8579ec,landslide.LOC.1229.DATA,"['91.0', '36.0']",,DATA,FALSE
10000,LOC.1230,LOC.1230,#2579e8,landslide.LOC.1230,"['82.5', '35.0']",NW Himalaya,LOC,FALSE
5000,LOC.1230/MED,LOC.1230.MED,#27cf7e,landslide.LOC.1230.MED,"['82.5', '35.0']",,MED,FALSE
5000,LOC.1230/FAC,LOC.1230.FAC,#f0a73a,landslide.LOC.1230.FAC,"['82.5', '35.0']",,FAC,FALSE
5000,LOC.1230/DATA,LOC.1230.DATA,#8579ec,landslide.LOC.1230.DATA,"['82.5', '35.0']",,DATA,FALSE
10000,LOC.1231,LOC.1231,#2579e8,landslide.LOC.1231,"['80.0', '34.5']",NW Himalayas,LOC,FALSE
5000,LOC.1231/MED,LOC.1231.MED,#27cf7e,landslide.LOC.1231.MED,"['80.0', '34.5']",,MED,FALSE
5000,LOC.1231/FAC,LOC.1231.FAC,#f0a73a,landslide.LOC.1231.FAC,"['80.0', '34.5']",,FAC,FALSE
5000,LOC.1231/DATA,LOC.1231.DATA,#8579ec,landslide.LOC.1231.DATA,"['80.0', '34.5']",,DATA,FALSE
10000,LOC.1232,LOC.1232,#2579e8,landslide.LOC.1232,"['7.0', '45.0']",NW Italy,LOC,FALSE
5000,LOC.1232/MED,LOC.1232.MED,#27cf7e,landslide.LOC.1232.MED,"['7.0', '45.0']",,MED,FALSE
5000,LOC.1232/FAC,LOC.1232.FAC,#f0a73a,landslide.LOC.1232.FAC,"['7.0', '45.0']",,FAC,FALSE
5000,LOC.1232/DATA,LOC.1232.DATA,#8579ec,landslide.LOC.1232.DATA,"['7.0', '45.0']",,DATA,FALSE
10000,LOC.1233,LOC.1233,#2579e8,landslide.LOC.1233,"['51.0', '29.5']",NW Shiraz,LOC,FALSE
5000,LOC.1233/MED,LOC.1233.MED,#27cf7e,landslide.LOC.1233.MED,"['51.0', '29.5']",,MED,FALSE
5000,LOC.1233/FAC,LOC.1233.FAC,#f0a73a,landslide.LOC.1233.FAC,"['51.0', '29.5']",,FAC,FALSE
5000,LOC.1233/DATA,LOC.1233.DATA,#8579ec,landslide.LOC.1233.DATA,"['51.0', '29.5']",,DATA,FALSE
10000,LOC.1234,LOC.1234,#2579e8,landslide.LOC.1234,"['19.5', '45.0']",NW slopes of Fruska GoraMountain,LOC,FALSE
5000,LOC.1234/MED,LOC.1234.MED,#27cf7e,landslide.LOC.1234.MED,"['19.5', '45.0']",,MED,FALSE
5000,LOC.1234/FAC,LOC.1234.FAC,#f0a73a,landslide.LOC.1234.FAC,"['19.5', '45.0']",,FAC,FALSE
5000,LOC.1234/DATA,LOC.1234.DATA,#8579ec,landslide.LOC.1234.DATA,"['19.5', '45.0']",,DATA,FALSE
10000,LOC.1235,LOC.1235,#2579e8,landslide.LOC.1235,"['31.0791', '41.0082']",NW Turkey,LOC,FALSE
5000,LOC.1235/MED,LOC.1235.MED,#27cf7e,landslide.LOC.1235.MED,"['31.0791', '41.0082']",,MED,FALSE
5000,LOC.1235/FAC,LOC.1235.FAC,#f0a73a,landslide.LOC.1235.FAC,"['31.0791', '41.0082']",,FAC,FALSE
5000,LOC.1235/DATA,LOC.1235.DATA,#8579ec,landslide.LOC.1235.DATA,"['31.0791', '41.0082']",,DATA,FALSE
10000,LOC.1236,LOC.1236,#2579e8,landslide.LOC.1236,"['94.3616', '29.4316']",Nyingchi,LOC,FALSE
5000,LOC.1236/MED,LOC.1236.MED,#27cf7e,landslide.LOC.1236.MED,"['94.3616', '29.4316']",,MED,FALSE
5000,LOC.1236/FAC,LOC.1236.FAC,#f0a73a,landslide.LOC.1236.FAC,"['94.3616', '29.4316']",,FAC,FALSE
5000,LOC.1236/DATA,LOC.1236.DATA,#8579ec,landslide.LOC.1236.DATA,"['94.3616', '29.4316']",,DATA,FALSE
10000,LOC.1237,LOC.1237,#2579e8,landslide.LOC.1237,"['75.5', '33.5']",Parts of Punch district,LOC,FALSE
5000,LOC.1237/MED,LOC.1237.MED,#27cf7e,landslide.LOC.1237.MED,"['75.5', '33.5']",,MED,FALSE
5000,LOC.1237/FAC,LOC.1237.FAC,#f0a73a,landslide.LOC.1237.FAC,"['75.5', '33.5']",,FAC,FALSE
5000,LOC.1237/DATA,LOC.1237.DATA,#8579ec,landslide.LOC.1237.DATA,"['75.5', '33.5']",,DATA,FALSE
10000,LOC.1238,LOC.1238,#2579e8,landslide.LOC.1238,"['85.3333', '28.1833']",Okharpauwa,LOC,FALSE
5000,LOC.1238/MED,LOC.1238.MED,#27cf7e,landslide.LOC.1238.MED,"['85.3333', '28.1833']",,MED,FALSE
5000,LOC.1238/FAC,LOC.1238.FAC,#f0a73a,landslide.LOC.1238.FAC,"['85.3333', '28.1833']",,FAC,FALSE
5000,LOC.1238/DATA,LOC.1238.DATA,#8579ec,landslide.LOC.1238.DATA,"['85.3333', '28.1833']",,DATA,FALSE
10000,LOC.1239,LOC.1239,#2579e8,landslide.LOC.1239,"['27.5111', '54.7436']",Olympic ski - jump complex,LOC,FALSE
5000,LOC.1239/MED,LOC.1239.MED,#27cf7e,landslide.LOC.1239.MED,"['27.5111', '54.7436']",,MED,FALSE
5000,LOC.1239/FAC,LOC.1239.FAC,#f0a73a,landslide.LOC.1239.FAC,"['27.5111', '54.7436']",,FAC,FALSE
5000,LOC.1239/DATA,LOC.1239.DATA,#8579ec,landslide.LOC.1239.DATA,"['27.5111', '54.7436']",,DATA,FALSE
10000,LOC.1240,LOC.1240,#2579e8,landslide.LOC.1240,"['120.7392', '43.8041']",Oregon,LOC,FALSE
5000,LOC.1240/MED,LOC.1240.MED,#27cf7e,landslide.LOC.1240.MED,"['120.7392', '43.8041']",,MED,FALSE
5000,LOC.1240/FAC,LOC.1240.FAC,#f0a73a,landslide.LOC.1240.FAC,"['120.7392', '43.8041']",,FAC,FALSE
5000,LOC.1240/DATA,LOC.1240.DATA,#8579ec,landslide.LOC.1240.DATA,"['120.7392', '43.8041']",,DATA,FALSE
10000,LOC.1241,LOC.1241,#2579e8,landslide.LOC.1241,"['123.8006', '44.6431']",Oregon Coast Range,LOC,FALSE
5000,LOC.1241/MED,LOC.1241.MED,#27cf7e,landslide.LOC.1241.MED,"['123.8006', '44.6431']",,MED,FALSE
5000,LOC.1241/FAC,LOC.1241.FAC,#f0a73a,landslide.LOC.1241.FAC,"['123.8006', '44.6431']",,FAC,FALSE
5000,LOC.1241/DATA,LOC.1241.DATA,#8579ec,landslide.LOC.1241.DATA,"['123.8006', '44.6431']",,DATA,FALSE
10000,LOC.1242,LOC.1242,#2579e8,landslide.LOC.1242,"['123.1774', '44.5646']",Oregon Department,LOC,FALSE
5000,LOC.1242/MED,LOC.1242.MED,#27cf7e,landslide.LOC.1242.MED,"['123.1774', '44.5646']",,MED,FALSE
5000,LOC.1242/FAC,LOC.1242.FAC,#f0a73a,landslide.LOC.1242.FAC,"['123.1774', '44.5646']",,FAC,FALSE
5000,LOC.1242/DATA,LOC.1242.DATA,#8579ec,landslide.LOC.1242.DATA,"['123.1774', '44.5646']",,DATA,FALSE
10000,LOC.1243,LOC.1243,#2579e8,landslide.LOC.1243,"['46.5640', '39.4380']",Oshvand watershed,LOC,FALSE
5000,LOC.1243/MED,LOC.1243.MED,#27cf7e,landslide.LOC.1243.MED,"['46.5640', '39.4380']",,MED,FALSE
5000,LOC.1243/FAC,LOC.1243.FAC,#f0a73a,landslide.LOC.1243.FAC,"['46.5640', '39.4380']",,FAC,FALSE
5000,LOC.1243/DATA,LOC.1243.DATA,#8579ec,landslide.LOC.1243.DATA,"['46.5640', '39.4380']",,DATA,FALSE
10000,LOC.1244,LOC.1244,#2579e8,landslide.LOC.1244,"['83.9167', '37.4333']",Owsley County,LOC,FALSE
5000,LOC.1244/MED,LOC.1244.MED,#27cf7e,landslide.LOC.1244.MED,"['83.9167', '37.4333']",,MED,FALSE
5000,LOC.1244/FAC,LOC.1244.FAC,#f0a73a,landslide.LOC.1244.FAC,"['83.9167', '37.4333']",,FAC,FALSE
5000,LOC.1244/DATA,LOC.1244.DATA,#8579ec,landslide.LOC.1244.DATA,"['83.9167', '37.4333']",,DATA,FALSE
10000,LOC.1245,LOC.1245,#2579e8,landslide.LOC.1245,"['126.9135', '53.7267']",Pacific Rim,LOC,FALSE
5000,LOC.1245/MED,LOC.1245.MED,#27cf7e,landslide.LOC.1245.MED,"['126.9135', '53.7267']",,MED,FALSE
5000,LOC.1245/FAC,LOC.1245.FAC,#f0a73a,landslide.LOC.1245.FAC,"['126.9135', '53.7267']",,FAC,FALSE
5000,LOC.1245/DATA,LOC.1245.DATA,#8579ec,landslide.LOC.1245.DATA,"['126.9135', '53.7267']",,DATA,FALSE
10000,LOC.1246,LOC.1246,#2579e8,landslide.LOC.1246,"['98.0833', '20.2000']",Pahuatlan,LOC,FALSE
5000,LOC.1246/MED,LOC.1246.MED,#27cf7e,landslide.LOC.1246.MED,"['98.0833', '20.2000']",,MED,FALSE
5000,LOC.1246/FAC,LOC.1246.FAC,#f0a73a,landslide.LOC.1246.FAC,"['98.0833', '20.2000']",,FAC,FALSE
5000,LOC.1246/DATA,LOC.1246.DATA,#8579ec,landslide.LOC.1246.DATA,"['98.0833', '20.2000']",,DATA,FALSE
10000,LOC.1247,LOC.1247,#2579e8,landslide.LOC.1247,"['107.9975', '27.6481']",Paipu - Yongning and Daduan - Guqiao Towns,LOC,FALSE
5000,LOC.1247/MED,LOC.1247.MED,#27cf7e,landslide.LOC.1247.MED,"['107.9975', '27.6481']",,MED,FALSE
5000,LOC.1247/FAC,LOC.1247.FAC,#f0a73a,landslide.LOC.1247.FAC,"['107.9975', '27.6481']",,FAC,FALSE
5000,LOC.1247/DATA,LOC.1247.DATA,#8579ec,landslide.LOC.1247.DATA,"['107.9975', '27.6481']",,DATA,FALSE
10000,LOC.1248,LOC.1248,#2579e8,landslide.LOC.1248,"['69.3451', '30.3753']",Pakistan,LOC,FALSE
5000,LOC.1248/MED,LOC.1248.MED,#27cf7e,landslide.LOC.1248.MED,"['69.3451', '30.3753']",,MED,FALSE
5000,LOC.1248/FAC,LOC.1248.FAC,#f0a73a,landslide.LOC.1248.FAC,"['69.3451', '30.3753']",,FAC,FALSE
5000,LOC.1248/DATA,LOC.1248.DATA,#8579ec,landslide.LOC.1248.DATA,"['69.3451', '30.3753']",,DATA,FALSE
10000,LOC.1249,LOC.1249,#2579e8,landslide.LOC.1249,"['15.7278', '46.9881']",Paldau,LOC,FALSE
5000,LOC.1249/MED,LOC.1249.MED,#27cf7e,landslide.LOC.1249.MED,"['15.7278', '46.9881']",,MED,FALSE
5000,LOC.1249/FAC,LOC.1249.FAC,#f0a73a,landslide.LOC.1249.FAC,"['15.7278', '46.9881']",,FAC,FALSE
5000,LOC.1249/DATA,LOC.1249.DATA,#8579ec,landslide.LOC.1249.DATA,"['15.7278', '46.9881']",,DATA,FALSE
10000,LOC.1250,LOC.1250,#2579e8,landslide.LOC.1250,"['87.8167', '27.1833']",Panchthar district,LOC,FALSE
5000,LOC.1250/MED,LOC.1250.MED,#27cf7e,landslide.LOC.1250.MED,"['87.8167', '27.1833']",,MED,FALSE
5000,LOC.1250/FAC,LOC.1250.FAC,#f0a73a,landslide.LOC.1250.FAC,"['87.8167', '27.1833']",,FAC,FALSE
5000,LOC.1250/DATA,LOC.1250.DATA,#8579ec,landslide.LOC.1250.DATA,"['87.8167', '27.1833']",,DATA,FALSE
10000,LOC.1251,LOC.1251,#2579e8,landslide.LOC.1251,"['72.6500', '31.1333']",Pandras,LOC,FALSE
5000,LOC.1251/MED,LOC.1251.MED,#27cf7e,landslide.LOC.1251.MED,"['72.6500', '31.1333']",,MED,FALSE
5000,LOC.1251/FAC,LOC.1251.FAC,#f0a73a,landslide.LOC.1251.FAC,"['72.6500', '31.1333']",,FAC,FALSE
5000,LOC.1251/DATA,LOC.1251.DATA,#8579ec,landslide.LOC.1251.DATA,"['72.6500', '31.1333']",,DATA,FALSE
10000,LOC.1252,LOC.1252,#2579e8,landslide.LOC.1252,"['101.3333', '26.4333']",Panzhihua - Huize section,LOC,FALSE
5000,LOC.1252/MED,LOC.1252.MED,#27cf7e,landslide.LOC.1252.MED,"['101.3333', '26.4333']",,MED,FALSE
5000,LOC.1252/FAC,LOC.1252.FAC,#f0a73a,landslide.LOC.1252.FAC,"['101.3333', '26.4333']",,FAC,FALSE
5000,LOC.1252/DATA,LOC.1252.DATA,#8579ec,landslide.LOC.1252.DATA,"['101.3333', '26.4333']",,DATA,FALSE
10000,LOC.1253,LOC.1253,#2579e8,landslide.LOC.1253,"['124.0', '10.5']",PFZ,LOC,FALSE
5000,LOC.1253/MED,LOC.1253.MED,#27cf7e,landslide.LOC.1253.MED,"['124.0', '10.5']",,MED,FALSE
5000,LOC.1253/FAC,LOC.1253.FAC,#f0a73a,landslide.LOC.1253.FAC,"['124.0', '10.5']",,FAC,FALSE
5000,LOC.1253/DATA,LOC.1253.DATA,#8579ec,landslide.LOC.1253.DATA,"['124.0', '10.5']",,DATA,FALSE
10000,LOC.1254,LOC.1254,#2579e8,landslide.LOC.1254,"['9.2833', '45.0500']",Passo della Morte,LOC,FALSE
5000,LOC.1254/MED,LOC.1254.MED,#27cf7e,landslide.LOC.1254.MED,"['9.2833', '45.0500']",,MED,FALSE
5000,LOC.1254/FAC,LOC.1254.FAC,#f0a73a,landslide.LOC.1254.FAC,"['9.2833', '45.0500']",,FAC,FALSE
5000,LOC.1254/DATA,LOC.1254.DATA,#8579ec,landslide.LOC.1254.DATA,"['9.2833', '45.0500']",,DATA,FALSE
10000,LOC.1255,LOC.1255,#2579e8,landslide.LOC.1255,"['123.0723', '49.3166']",Patrick and Dawson - Chu Slide in North Vancouver,LOC,FALSE
5000,LOC.1255/MED,LOC.1255.MED,#27cf7e,landslide.LOC.1255.MED,"['123.0723', '49.3166']",,MED,FALSE
5000,LOC.1255/FAC,LOC.1255.FAC,#f0a73a,landslide.LOC.1255.FAC,"['123.0723', '49.3166']",,FAC,FALSE
5000,LOC.1255/DATA,LOC.1255.DATA,#8579ec,landslide.LOC.1255.DATA,"['123.0723', '49.3166']",,DATA,FALSE
10000,LOC.1256,LOC.1256,#2579e8,landslide.LOC.1256,"['78.7746', '30.1588']",Pauri Garhwal district,LOC,FALSE
5000,LOC.1256/MED,LOC.1256.MED,#27cf7e,landslide.LOC.1256.MED,"['78.7746', '30.1588']",,MED,FALSE
5000,LOC.1256/FAC,LOC.1256.FAC,#f0a73a,landslide.LOC.1256.FAC,"['78.7746', '30.1588']",,FAC,FALSE
5000,LOC.1256/DATA,LOC.1256.DATA,#8579ec,landslide.LOC.1256.DATA,"['78.7746', '30.1588']",,DATA,FALSE
10000,LOC.1257,LOC.1257,#2579e8,landslide.LOC.1257,"['116.9230', '44.0885']",Payette River,LOC,FALSE
5000,LOC.1257/MED,LOC.1257.MED,#27cf7e,landslide.LOC.1257.MED,"['116.9230', '44.0885']",,MED,FALSE
5000,LOC.1257/FAC,LOC.1257.FAC,#f0a73a,landslide.LOC.1257.FAC,"['116.9230', '44.0885']",,FAC,FALSE
5000,LOC.1257/DATA,LOC.1257.DATA,#8579ec,landslide.LOC.1257.DATA,"['116.9230', '44.0885']",,DATA,FALSE
10000,LOC.1258,LOC.1258,#2579e8,landslide.LOC.1258,"['5.7293', '50.6261']",Pays de Herve,LOC,FALSE
5000,LOC.1258/MED,LOC.1258.MED,#27cf7e,landslide.LOC.1258.MED,"['5.7293', '50.6261']",,MED,FALSE
5000,LOC.1258/FAC,LOC.1258.FAC,#f0a73a,landslide.LOC.1258.FAC,"['5.7293', '50.6261']",,FAC,FALSE
5000,LOC.1258/DATA,LOC.1258.DATA,#8579ec,landslide.LOC.1258.DATA,"['5.7293', '50.6261']",,DATA,FALSE
10000,LOC.1259,LOC.1259,#2579e8,landslide.LOC.1259,"['113.3222', '22.3193']",Pearl River Delta,LOC,FALSE
5000,LOC.1259/MED,LOC.1259.MED,#27cf7e,landslide.LOC.1259.MED,"['113.3222', '22.3193']",,MED,FALSE
5000,LOC.1259/FAC,LOC.1259.FAC,#f0a73a,landslide.LOC.1259.FAC,"['113.3222', '22.3193']",,FAC,FALSE
5000,LOC.1259/DATA,LOC.1259.DATA,#8579ec,landslide.LOC.1259.DATA,"['113.3222', '22.3193']",,DATA,FALSE
10000,LOC.1260,LOC.1260,#2579e8,landslide.LOC.1260,"['101.1589', '16.2506']",Pechabun,LOC,FALSE
5000,LOC.1260/MED,LOC.1260.MED,#27cf7e,landslide.LOC.1260.MED,"['101.1589', '16.2506']",,MED,FALSE
5000,LOC.1260/FAC,LOC.1260.FAC,#f0a73a,landslide.LOC.1260.FAC,"['101.1589', '16.2506']",,FAC,FALSE
5000,LOC.1260/DATA,LOC.1260.DATA,#8579ec,landslide.LOC.1260.DATA,"['101.1589', '16.2506']",,DATA,FALSE
10000,LOC.1261,LOC.1261,#2579e8,landslide.LOC.1261,"['21.8182', '37.2982']",Peloponnese,LOC,FALSE
5000,LOC.1261/MED,LOC.1261.MED,#27cf7e,landslide.LOC.1261.MED,"['21.8182', '37.2982']",,MED,FALSE
5000,LOC.1261/FAC,LOC.1261.FAC,#f0a73a,landslide.LOC.1261.FAC,"['21.8182', '37.2982']",,FAC,FALSE
5000,LOC.1261/DATA,LOC.1261.DATA,#8579ec,landslide.LOC.1261.DATA,"['21.8182', '37.2982']",,DATA,FALSE
10000,LOC.1262,LOC.1262,#2579e8,landslide.LOC.1262,"['22.0000', '37.5000']",Peloponnese peninsula,LOC,FALSE
5000,LOC.1262/MED,LOC.1262.MED,#27cf7e,landslide.LOC.1262.MED,"['22.0000', '37.5000']",,MED,FALSE
5000,LOC.1262/FAC,LOC.1262.FAC,#f0a73a,landslide.LOC.1262.FAC,"['22.0000', '37.5000']",,FAC,FALSE
5000,LOC.1262/DATA,LOC.1262.DATA,#8579ec,landslide.LOC.1262.DATA,"['22.0000', '37.5000']",,DATA,FALSE
10000,LOC.1263,LOC.1263,#2579e8,landslide.LOC.1263,"['15.4317', '38.1500']",Peloritani range,LOC,FALSE
5000,LOC.1263/MED,LOC.1263.MED,#27cf7e,landslide.LOC.1263.MED,"['15.4317', '38.1500']",,MED,FALSE
5000,LOC.1263/FAC,LOC.1263.FAC,#f0a73a,landslide.LOC.1263.FAC,"['15.4317', '38.1500']",,FAC,FALSE
5000,LOC.1263/DATA,LOC.1263.DATA,#8579ec,landslide.LOC.1263.DATA,"['15.4317', '38.1500']",,DATA,FALSE
10000,LOC.1264,LOC.1264,#2579e8,landslide.LOC.1264,"['109.3927', '7.0560']",Pemalang,LOC,FALSE
5000,LOC.1264/MED,LOC.1264.MED,#27cf7e,landslide.LOC.1264.MED,"['109.3927', '7.0560']",,MED,FALSE
5000,LOC.1264/FAC,LOC.1264.FAC,#f0a73a,landslide.LOC.1264.FAC,"['109.3927', '7.0560']",,FAC,FALSE
5000,LOC.1264/DATA,LOC.1264.DATA,#8579ec,landslide.LOC.1264.DATA,"['109.3927', '7.0560']",,DATA,FALSE
10000,LOC.1265,LOC.1265,#2579e8,landslide.LOC.1265,"['100.3354', '5.2916']",Penang in Malaysia,LOC,FALSE
5000,LOC.1265/MED,LOC.1265.MED,#27cf7e,landslide.LOC.1265.MED,"['100.3354', '5.2916']",,MED,FALSE
5000,LOC.1265/FAC,LOC.1265.FAC,#f0a73a,landslide.LOC.1265.FAC,"['100.3354', '5.2916']",,FAC,FALSE
5000,LOC.1265/DATA,LOC.1265.DATA,#8579ec,landslide.LOC.1265.DATA,"['100.3354', '5.2916']",,DATA,FALSE
10000,LOC.1266,LOC.1266,#2579e8,landslide.LOC.1266,"['100.3089', '5.4164']",Penang Island,LOC,FALSE
5000,LOC.1266/MED,LOC.1266.MED,#27cf7e,landslide.LOC.1266.MED,"['100.3089', '5.4164']",,MED,FALSE
5000,LOC.1266/FAC,LOC.1266.FAC,#f0a73a,landslide.LOC.1266.FAC,"['100.3089', '5.4164']",,FAC,FALSE
5000,LOC.1266/DATA,LOC.1266.DATA,#8579ec,landslide.LOC.1266.DATA,"['100.3089', '5.4164']",,DATA,FALSE
10000,LOC.1267,LOC.1267,#2579e8,landslide.LOC.1267,"['100.3354', '5.2916']",Penang Island of Malaysia,LOC,FALSE
5000,LOC.1267/MED,LOC.1267.MED,#27cf7e,landslide.LOC.1267.MED,"['100.3354', '5.2916']",,MED,FALSE
5000,LOC.1267/FAC,LOC.1267.FAC,#f0a73a,landslide.LOC.1267.FAC,"['100.3354', '5.2916']",,FAC,FALSE
5000,LOC.1267/DATA,LOC.1267.DATA,#8579ec,landslide.LOC.1267.DATA,"['100.3354', '5.2916']",,DATA,FALSE
10000,LOC.1268,LOC.1268,#2579e8,landslide.LOC.1268,"['108.3969', '28.3315']",Pengshui,LOC,FALSE
5000,LOC.1268/MED,LOC.1268.MED,#27cf7e,landslide.LOC.1268.MED,"['108.3969', '28.3315']",,MED,FALSE
5000,LOC.1268/FAC,LOC.1268.FAC,#f0a73a,landslide.LOC.1268.FAC,"['108.3969', '28.3315']",,FAC,FALSE
5000,LOC.1268/DATA,LOC.1268.DATA,#8579ec,landslide.LOC.1268.DATA,"['108.3969', '28.3315']",,DATA,FALSE
10000,LOC.1269,LOC.1269,#2579e8,landslide.LOC.1269,"['106.6406', '35.4693']",Pengyang County,LOC,FALSE
5000,LOC.1269/MED,LOC.1269.MED,#27cf7e,landslide.LOC.1269.MED,"['106.6406', '35.4693']",,MED,FALSE
5000,LOC.1269/FAC,LOC.1269.FAC,#f0a73a,landslide.LOC.1269.FAC,"['106.6406', '35.4693']",,FAC,FALSE
5000,LOC.1269/DATA,LOC.1269.DATA,#8579ec,landslide.LOC.1269.DATA,"['106.6406', '35.4693']",,DATA,FALSE
10000,LOC.1270,LOC.1270,#2579e8,landslide.LOC.1270,"['102.2551', '4.2105']",Peninsular Malaysia,LOC,FALSE
5000,LOC.1270/MED,LOC.1270.MED,#27cf7e,landslide.LOC.1270.MED,"['102.2551', '4.2105']",,MED,FALSE
5000,LOC.1270/FAC,LOC.1270.FAC,#f0a73a,landslide.LOC.1270.FAC,"['102.2551', '4.2105']",,FAC,FALSE
5000,LOC.1270/DATA,LOC.1270.DATA,#8579ec,landslide.LOC.1270.DATA,"['102.2551', '4.2105']",,DATA,FALSE
10000,LOC.1271,LOC.1271,#2579e8,landslide.LOC.1271,"['83.7351', '9.4252']",Perez Zeledon,LOC,FALSE
5000,LOC.1271/MED,LOC.1271.MED,#27cf7e,landslide.LOC.1271.MED,"['83.7351', '9.4252']",,MED,FALSE
5000,LOC.1271/FAC,LOC.1271.FAC,#f0a73a,landslide.LOC.1271.FAC,"['83.7351', '9.4252']",,FAC,FALSE
5000,LOC.1271/DATA,LOC.1271.DATA,#8579ec,landslide.LOC.1271.DATA,"['83.7351', '9.4252']",,DATA,FALSE
10000,LOC.1272,LOC.1272,#2579e8,landslide.LOC.1272,"['75.0152', '9.1898']",Peru,LOC,FALSE
5000,LOC.1272/MED,LOC.1272.MED,#27cf7e,landslide.LOC.1272.MED,"['75.0152', '9.1898']",,MED,FALSE
5000,LOC.1272/FAC,LOC.1272.FAC,#f0a73a,landslide.LOC.1272.FAC,"['75.0152', '9.1898']",,FAC,FALSE
5000,LOC.1272/DATA,LOC.1272.DATA,#8579ec,landslide.LOC.1272.DATA,"['75.0152', '9.1898']",,DATA,FALSE
10000,LOC.1273,LOC.1273,#2579e8,landslide.LOC.1273,"['14.9889', '41.9622']",Petacciato,LOC,FALSE
5000,LOC.1273/MED,LOC.1273.MED,#27cf7e,landslide.LOC.1273.MED,"['14.9889', '41.9622']",,MED,FALSE
5000,LOC.1273/FAC,LOC.1273.FAC,#f0a73a,landslide.LOC.1273.FAC,"['14.9889', '41.9622']",,FAC,FALSE
5000,LOC.1273/DATA,LOC.1273.DATA,#8579ec,landslide.LOC.1273.DATA,"['14.9889', '41.9622']",,DATA,FALSE
10000,LOC.1274,LOC.1274,#2579e8,landslide.LOC.1274,"['89.6', '26.9']",Phuentsholing Thimphu highway,LOC,FALSE
5000,LOC.1274/MED,LOC.1274.MED,#27cf7e,landslide.LOC.1274.MED,"['89.6', '26.9']",,MED,FALSE
5000,LOC.1274/FAC,LOC.1274.FAC,#f0a73a,landslide.LOC.1274.FAC,"['89.6', '26.9']",,FAC,FALSE
5000,LOC.1274/DATA,LOC.1274.DATA,#8579ec,landslide.LOC.1274.DATA,"['89.6', '26.9']",,DATA,FALSE
10000,LOC.1275,LOC.1275,#2579e8,landslide.LOC.1275,"['122.8765', '11.8090']",Philippines,LOC,FALSE
5000,LOC.1275/MED,LOC.1275.MED,#27cf7e,landslide.LOC.1275.MED,"['122.8765', '11.8090']",,MED,FALSE
5000,LOC.1275/FAC,LOC.1275.FAC,#f0a73a,landslide.LOC.1275.FAC,"['122.8765', '11.8090']",,FAC,FALSE
5000,LOC.1275/DATA,LOC.1275.DATA,#8579ec,landslide.LOC.1275.DATA,"['122.8765', '11.8090']",,DATA,FALSE
10000,LOC.1276,LOC.1276,#2579e8,landslide.LOC.1276,"['100.9524', '19.3702']",Phu Chifa at Thoeng District,LOC,FALSE
5000,LOC.1276/MED,LOC.1276.MED,#27cf7e,landslide.LOC.1276.MED,"['100.9524', '19.3702']",,MED,FALSE
5000,LOC.1276/FAC,LOC.1276.FAC,#f0a73a,landslide.LOC.1276.FAC,"['100.9524', '19.3702']",,FAC,FALSE
5000,LOC.1276/DATA,LOC.1276.DATA,#8579ec,landslide.LOC.1276.DATA,"['100.9524', '19.3702']",,DATA,FALSE
10000,LOC.1277,LOC.1277,#2579e8,landslide.LOC.1277,"['89.1066', '26.8484']",Phuentsholing,LOC,FALSE
5000,LOC.1277/MED,LOC.1277.MED,#27cf7e,landslide.LOC.1277.MED,"['89.1066', '26.8484']",,MED,FALSE
5000,LOC.1277/FAC,LOC.1277.FAC,#f0a73a,landslide.LOC.1277.FAC,"['89.1066', '26.8484']",,FAC,FALSE
5000,LOC.1277/DATA,LOC.1277.DATA,#8579ec,landslide.LOC.1277.DATA,"['89.1066', '26.8484']",,DATA,FALSE
10000,LOC.1278,LOC.1278,#2579e8,landslide.LOC.1278,"['10.9', '43.9']",Pistoia and Prato,LOC,FALSE
5000,LOC.1278/MED,LOC.1278.MED,#27cf7e,landslide.LOC.1278.MED,"['10.9', '43.9']",,MED,FALSE
5000,LOC.1278/FAC,LOC.1278.FAC,#f0a73a,landslide.LOC.1278.FAC,"['10.9', '43.9']",,FAC,FALSE
5000,LOC.1278/DATA,LOC.1278.DATA,#8579ec,landslide.LOC.1278.DATA,"['10.9', '43.9']",,DATA,FALSE
10000,LOC.1279,LOC.1279,#2579e8,landslide.LOC.1279,"['8.0633', '45.0732']",Piedmont,LOC,FALSE
5000,LOC.1279/MED,LOC.1279.MED,#27cf7e,landslide.LOC.1279.MED,"['8.0633', '45.0732']",,MED,FALSE
5000,LOC.1279/FAC,LOC.1279.FAC,#f0a73a,landslide.LOC.1279.FAC,"['8.0633', '45.0732']",,FAC,FALSE
5000,LOC.1279/DATA,LOC.1279.DATA,#8579ec,landslide.LOC.1279.DATA,"['8.0633', '45.0732']",,DATA,FALSE
10000,LOC.1280,LOC.1280,#2579e8,landslide.LOC.1280,"['117.1367', '40.1670']",Pinggu district,LOC,FALSE
5000,LOC.1280/MED,LOC.1280.MED,#27cf7e,landslide.LOC.1280.MED,"['117.1367', '40.1670']",,MED,FALSE
5000,LOC.1280/FAC,LOC.1280.FAC,#f0a73a,landslide.LOC.1280.FAC,"['117.1367', '40.1670']",,FAC,FALSE
5000,LOC.1280/DATA,LOC.1280.DATA,#8579ec,landslide.LOC.1280.DATA,"['117.1367', '40.1670']",,DATA,FALSE
10000,LOC.1281,LOC.1281,#2579e8,landslide.LOC.1281,"['103.8297', '32.7493']",Pingwu County,LOC,FALSE
5000,LOC.1281/MED,LOC.1281.MED,#27cf7e,landslide.LOC.1281.MED,"['103.8297', '32.7493']",,MED,FALSE
5000,LOC.1281/FAC,LOC.1281.FAC,#f0a73a,landslide.LOC.1281.FAC,"['103.8297', '32.7493']",,FAC,FALSE
5000,LOC.1281/DATA,LOC.1281.DATA,#8579ec,landslide.LOC.1281.DATA,"['103.8297', '32.7493']",,DATA,FALSE
10000,LOC.1282,LOC.1282,#2579e8,landslide.LOC.1282,"['22.4310', '39.6352']",Pinios artificial lake,LOC,FALSE
5000,LOC.1282/MED,LOC.1282.MED,#27cf7e,landslide.LOC.1282.MED,"['22.4310', '39.6352']",,MED,FALSE
5000,LOC.1282/FAC,LOC.1282.FAC,#f0a73a,landslide.LOC.1282.FAC,"['22.4310', '39.6352']",,FAC,FALSE
5000,LOC.1282/DATA,LOC.1282.DATA,#8579ec,landslide.LOC.1282.DATA,"['22.4310', '39.6352']",,DATA,FALSE
10000,LOC.1283,LOC.1283,#2579e8,landslide.LOC.1283,"['10.9137', '43.9369']",Pistoia,LOC,FALSE
5000,LOC.1283/MED,LOC.1283.MED,#27cf7e,landslide.LOC.1283.MED,"['10.9137', '43.9369']",,MED,FALSE
5000,LOC.1283/FAC,LOC.1283.FAC,#f0a73a,landslide.LOC.1283.FAC,"['10.9137', '43.9369']",,FAC,FALSE
5000,LOC.1283/DATA,LOC.1283.DATA,#8579ec,landslide.LOC.1283.DATA,"['10.9137', '43.9369']",,DATA,FALSE
10000,LOC.1284,LOC.1284,#2579e8,landslide.LOC.1284,"['10.9', '43.9']",Pistoia and Prato,LOC,FALSE
5000,LOC.1284/MED,LOC.1284.MED,#27cf7e,landslide.LOC.1284.MED,"['10.9', '43.9']",,MED,FALSE
5000,LOC.1284/FAC,LOC.1284.FAC,#f0a73a,landslide.LOC.1284.FAC,"['10.9', '43.9']",,FAC,FALSE
5000,LOC.1284/DATA,LOC.1284.DATA,#8579ec,landslide.LOC.1284.DATA,"['10.9', '43.9']",,DATA,FALSE
10000,LOC.1285,LOC.1285,#2579e8,landslide.LOC.1285,"['80.2254', '29.5820']",Pithoragarh,LOC,FALSE
5000,LOC.1285/MED,LOC.1285.MED,#27cf7e,landslide.LOC.1285.MED,"['80.2254', '29.5820']",,MED,FALSE
5000,LOC.1285/FAC,LOC.1285.FAC,#f0a73a,landslide.LOC.1285.FAC,"['80.2254', '29.5820']",,FAC,FALSE
5000,LOC.1285/DATA,LOC.1285.DATA,#8579ec,landslide.LOC.1285.DATA,"['80.2254', '29.5820']",,DATA,FALSE
10000,LOC.1286,LOC.1286,#2579e8,landslide.LOC.1286,"['80.2261', '29.7319']",Pithoragarh district,LOC,FALSE
5000,LOC.1286/MED,LOC.1286.MED,#27cf7e,landslide.LOC.1286.MED,"['80.2261', '29.7319']",,MED,FALSE
5000,LOC.1286/FAC,LOC.1286.FAC,#f0a73a,landslide.LOC.1286.FAC,"['80.2261', '29.7319']",,FAC,FALSE
5000,LOC.1286/DATA,LOC.1286.DATA,#8579ec,landslide.LOC.1286.DATA,"['80.2261', '29.7319']",,DATA,FALSE
10000,LOC.1287,LOC.1287,#2579e8,landslide.LOC.1287,"['80.2', '29.6']",Pithoragarh region along a National Highway,LOC,FALSE
5000,LOC.1287/MED,LOC.1287.MED,#27cf7e,landslide.LOC.1287.MED,"['80.2', '29.6']",,MED,FALSE
5000,LOC.1287/FAC,LOC.1287.FAC,#f0a73a,landslide.LOC.1287.FAC,"['80.2', '29.6']",,FAC,FALSE
5000,LOC.1287/DATA,LOC.1287.DATA,#8579ec,landslide.LOC.1287.DATA,"['80.2', '29.6']",,DATA,FALSE
10000,LOC.1288,LOC.1288,#2579e8,landslide.LOC.1288,"['0.0', '0.0']",Plan / profile curvature,LOC,FALSE
5000,LOC.1288/MED,LOC.1288.MED,#27cf7e,landslide.LOC.1288.MED,"['0.0', '0.0']",,MED,FALSE
5000,LOC.1288/FAC,LOC.1288.FAC,#f0a73a,landslide.LOC.1288.FAC,"['0.0', '0.0']",,FAC,FALSE
5000,LOC.1288/DATA,LOC.1288.DATA,#8579ec,landslide.LOC.1288.DATA,"['0.0', '0.0']",,DATA,FALSE
10000,LOC.1289,LOC.1289,#2579e8,landslide.LOC.1289,"['129.4', '35.9']",Pohang and Gyeongju Cities,LOC,FALSE
5000,LOC.1289/MED,LOC.1289.MED,#27cf7e,landslide.LOC.1289.MED,"['129.4', '35.9']",,MED,FALSE
5000,LOC.1289/FAC,LOC.1289.FAC,#f0a73a,landslide.LOC.1289.FAC,"['129.4', '35.9']",,FAC,FALSE
5000,LOC.1289/DATA,LOC.1289.DATA,#8579ec,landslide.LOC.1289.DATA,"['129.4', '35.9']",,DATA,FALSE
10000,LOC.1290,LOC.1290,#2579e8,landslide.LOC.1290,"['111.4780', '-7.8631']",Ponorogo,LOC,FALSE
5000,LOC.1290/MED,LOC.1290.MED,#27cf7e,landslide.LOC.1290.MED,"['111.4780', '-7.8631']",,MED,FALSE
5000,LOC.1290/FAC,LOC.1290.FAC,#f0a73a,landslide.LOC.1290.FAC,"['111.4780', '-7.8631']",,FAC,FALSE
5000,LOC.1290/DATA,LOC.1290.DATA,#8579ec,landslide.LOC.1290.DATA,"['111.4780', '-7.8631']",,DATA,FALSE
10000,LOC.1291,LOC.1291,#2579e8,landslide.LOC.1291,"['76.8', '9.5']",Poonjar - Thekkekara,LOC,FALSE
5000,LOC.1291/MED,LOC.1291.MED,#27cf7e,landslide.LOC.1291.MED,"['76.8', '9.5']",,MED,FALSE
5000,LOC.1291/FAC,LOC.1291.FAC,#f0a73a,landslide.LOC.1291.FAC,"['76.8', '9.5']",,FAC,FALSE
5000,LOC.1291/DATA,LOC.1291.DATA,#8579ec,landslide.LOC.1291.DATA,"['76.8', '9.5']",,DATA,FALSE
10000,LOC.1292,LOC.1292,#2579e8,landslide.LOC.1292,"['-51.2177', '-30.0346']",Porto Alegre,LOC,FALSE
5000,LOC.1292/MED,LOC.1292.MED,#27cf7e,landslide.LOC.1292.MED,"['-51.2177', '-30.0346']",,MED,FALSE
5000,LOC.1292/FAC,LOC.1292.FAC,#f0a73a,landslide.LOC.1292.FAC,"['-51.2177', '-30.0346']",,FAC,FALSE
5000,LOC.1292/DATA,LOC.1292.DATA,#8579ec,landslide.LOC.1292.DATA,"['-51.2177', '-30.0346']",,DATA,FALSE
10000,LOC.1293,LOC.1293,#2579e8,landslide.LOC.1293,"['9.1934', '44.3111']",Portofino promontory,LOC,FALSE
5000,LOC.1293/MED,LOC.1293.MED,#27cf7e,landslide.LOC.1293.MED,"['9.1934', '44.3111']",,MED,FALSE
5000,LOC.1293/FAC,LOC.1293.FAC,#f0a73a,landslide.LOC.1293.FAC,"['9.1934', '44.3111']",,FAC,FALSE
5000,LOC.1293/DATA,LOC.1293.DATA,#8579ec,landslide.LOC.1293.DATA,"['9.1934', '44.3111']",,DATA,FALSE
10000,LOC.1294,LOC.1294,#2579e8,landslide.LOC.1294,"['8.2245', '39.3999']",Portugal mainland,LOC,FALSE
5000,LOC.1294/MED,LOC.1294.MED,#27cf7e,landslide.LOC.1294.MED,"['8.2245', '39.3999']",,MED,FALSE
5000,LOC.1294/FAC,LOC.1294.FAC,#f0a73a,landslide.LOC.1294.FAC,"['8.2245', '39.3999']",,FAC,FALSE
5000,LOC.1294/DATA,LOC.1294.DATA,#8579ec,landslide.LOC.1294.DATA,"['8.2245', '39.3999']",,DATA,FALSE
10000,LOC.1295,LOC.1295,#2579e8,landslide.LOC.1295,"['-8.0', '39.5']",Portuguese,LOC,FALSE
5000,LOC.1295/MED,LOC.1295.MED,#27cf7e,landslide.LOC.1295.MED,"['-8.0', '39.5']",,MED,FALSE
5000,LOC.1295/FAC,LOC.1295.FAC,#f0a73a,landslide.LOC.1295.FAC,"['-8.0', '39.5']",,FAC,FALSE
5000,LOC.1295/DATA,LOC.1295.DATA,#8579ec,landslide.LOC.1295.DATA,"['-8.0', '39.5']",,DATA,FALSE
10000,LOC.1296,LOC.1296,#2579e8,landslide.LOC.1296,"['15.8051', '40.6426']",Potenza,LOC,FALSE
5000,LOC.1296/MED,LOC.1296.MED,#27cf7e,landslide.LOC.1296.MED,"['15.8051', '40.6426']",,MED,FALSE
5000,LOC.1296/FAC,LOC.1296.FAC,#f0a73a,landslide.LOC.1296.FAC,"['15.8051', '40.6426']",,FAC,FALSE
5000,LOC.1296/DATA,LOC.1296.DATA,#8579ec,landslide.LOC.1296.DATA,"['15.8051', '40.6426']",,DATA,FALSE
10000,LOC.1297,LOC.1297,#2579e8,landslide.LOC.1297,"['26.0667', '45.3036']",Prahova River in the Curvature Subcarpathians,LOC,FALSE
5000,LOC.1297/MED,LOC.1297.MED,#27cf7e,landslide.LOC.1297.MED,"['26.0667', '45.3036']",,MED,FALSE
5000,LOC.1297/FAC,LOC.1297.FAC,#f0a73a,landslide.LOC.1297.FAC,"['26.0667', '45.3036']",,FAC,FALSE
5000,LOC.1297/DATA,LOC.1297.DATA,#8579ec,landslide.LOC.1297.DATA,"['26.0667', '45.3036']",,DATA,FALSE
10000,LOC.1298,LOC.1298,#2579e8,landslide.LOC.1298,"['0.0', '0.0']",Precipitation indices,LOC,FALSE
5000,LOC.1298/MED,LOC.1298.MED,#27cf7e,landslide.LOC.1298.MED,"['0.0', '0.0']",,MED,FALSE
5000,LOC.1298/FAC,LOC.1298.FAC,#f0a73a,landslide.LOC.1298.FAC,"['0.0', '0.0']",,FAC,FALSE
5000,LOC.1298/DATA,LOC.1298.DATA,#8579ec,landslide.LOC.1298.DATA,"['0.0', '0.0']",,DATA,FALSE
10000,LOC.1299,LOC.1299,#2579e8,landslide.LOC.1299,"['0.0', '0.0']",Probability model,LOC,FALSE
5000,LOC.1299/MED,LOC.1299.MED,#27cf7e,landslide.LOC.1299.MED,"['0.0', '0.0']",,MED,FALSE
5000,LOC.1299/FAC,LOC.1299.FAC,#f0a73a,landslide.LOC.1299.FAC,"['0.0', '0.0']",,FAC,FALSE
5000,LOC.1299/DATA,LOC.1299.DATA,#8579ec,landslide.LOC.1299.DATA,"['0.0', '0.0']",,DATA,FALSE
10000,LOC.1300,LOC.1300,#2579e8,landslide.LOC.1300,"['0.0', '0.0']",Province,LOC,FALSE
5000,LOC.1300/MED,LOC.1300.MED,#27cf7e,landslide.LOC.1300.MED,"['0.0', '0.0']",,MED,FALSE
5000,LOC.1300/FAC,LOC.1300.FAC,#f0a73a,landslide.LOC.1300.FAC,"['0.0', '0.0']",,FAC,FALSE
5000,LOC.1300/DATA,LOC.1300.DATA,#8579ec,landslide.LOC.1300.DATA,"['0.0', '0.0']",,DATA,FALSE
10000,LOC.1301,LOC.1301,#2579e8,landslide.LOC.1301,"['14.5', '48.2']",Province of Lower Austria,LOC,FALSE
5000,LOC.1301/MED,LOC.1301.MED,#27cf7e,landslide.LOC.1301.MED,"['14.5', '48.2']",,MED,FALSE
5000,LOC.1301/FAC,LOC.1301.FAC,#f0a73a,landslide.LOC.1301.FAC,"['14.5', '48.2']",,FAC,FALSE
5000,LOC.1301/DATA,LOC.1301.DATA,#8579ec,landslide.LOC.1301.DATA,"['14.5', '48.2']",,DATA,FALSE
10000,LOC.1302,LOC.1302,#2579e8,landslide.LOC.1302,"['-111.5', '40.2']",Provo Canyon in Utah,LOC,FALSE
5000,LOC.1302/MED,LOC.1302.MED,#27cf7e,landslide.LOC.1302.MED,"['-111.5', '40.2']",,MED,FALSE
5000,LOC.1302/FAC,LOC.1302.FAC,#f0a73a,landslide.LOC.1302.FAC,"['-111.5', '40.2']",,FAC,FALSE
5000,LOC.1302/DATA,LOC.1302.DATA,#8579ec,landslide.LOC.1302.DATA,"['-111.5', '40.2']",,DATA,FALSE
10000,LOC.1303,LOC.1303,#2579e8,landslide.LOC.1303,"['98.1862', '19.0413']",Puebla,LOC,FALSE
5000,LOC.1303/MED,LOC.1303.MED,#27cf7e,landslide.LOC.1303.MED,"['98.1862', '19.0413']",,MED,FALSE
5000,LOC.1303/FAC,LOC.1303.FAC,#f0a73a,landslide.LOC.1303.FAC,"['98.1862', '19.0413']",,FAC,FALSE
5000,LOC.1303/DATA,LOC.1303.DATA,#8579ec,landslide.LOC.1303.DATA,"['98.1862', '19.0413']",,DATA,FALSE
10000,LOC.1304,LOC.1304,#2579e8,landslide.LOC.1304,"['122.8148', '47.6062']",Puget Sound area of Washington State,LOC,FALSE
5000,LOC.1304/MED,LOC.1304.MED,#27cf7e,landslide.LOC.1304.MED,"['122.8148', '47.6062']",,MED,FALSE
5000,LOC.1304/FAC,LOC.1304.FAC,#f0a73a,landslide.LOC.1304.FAC,"['122.8148', '47.6062']",,FAC,FALSE
5000,LOC.1304/DATA,LOC.1304.DATA,#8579ec,landslide.LOC.1304.DATA,"['122.8148', '47.6062']",,DATA,FALSE
10000,LOC.1305,LOC.1305,#2579e8,landslide.LOC.1305,"['112.7726', '22.7072']",Pulung sub-district,LOC,FALSE
5000,LOC.1305/MED,LOC.1305.MED,#27cf7e,landslide.LOC.1305.MED,"['112.7726', '22.7072']",,MED,FALSE
5000,LOC.1305/FAC,LOC.1305.FAC,#f0a73a,landslide.LOC.1305.FAC,"['112.7726', '22.7072']",,FAC,FALSE
5000,LOC.1305/DATA,LOC.1305.DATA,#8579ec,landslide.LOC.1305.DATA,"['112.7726', '22.7072']",,DATA,FALSE
10000,LOC.1306,LOC.1306,#2579e8,landslide.LOC.1306,"['110.1278', '7.3528']",Purwosari,LOC,FALSE
5000,LOC.1306/MED,LOC.1306.MED,#27cf7e,landslide.LOC.1306.MED,"['110.1278', '7.3528']",,MED,FALSE
5000,LOC.1306/FAC,LOC.1306.FAC,#f0a73a,landslide.LOC.1306.FAC,"['110.1278', '7.3528']",,FAC,FALSE
5000,LOC.1306/DATA,LOC.1306.DATA,#8579ec,landslide.LOC.1306.DATA,"['110.1278', '7.3528']",,DATA,FALSE
10000,LOC.1307,LOC.1307,#2579e8,landslide.LOC.1307,"['105.9833', '26.0019']",Pusa in western Guizhou Province,LOC,FALSE
5000,LOC.1307/MED,LOC.1307.MED,#27cf7e,landslide.LOC.1307.MED,"['105.9833', '26.0019']",,MED,FALSE
5000,LOC.1307/FAC,LOC.1307.FAC,#f0a73a,landslide.LOC.1307.FAC,"['105.9833', '26.0019']",,FAC,FALSE
5000,LOC.1307/DATA,LOC.1307.DATA,#8579ec,landslide.LOC.1307.DATA,"['105.9833', '26.0019']",,DATA,FALSE
10000,LOC.1308,LOC.1308,#2579e8,landslide.LOC.1308,"['128.3925', '37.3705']",Pyeong - Chang,LOC,FALSE
5000,LOC.1308/MED,LOC.1308.MED,#27cf7e,landslide.LOC.1308.MED,"['128.3925', '37.3705']",,MED,FALSE
5000,LOC.1308/FAC,LOC.1308.FAC,#f0a73a,landslide.LOC.1308.FAC,"['128.3925', '37.3705']",,FAC,FALSE
5000,LOC.1308/DATA,LOC.1308.DATA,#8579ec,landslide.LOC.1308.DATA,"['128.3925', '37.3705']",,DATA,FALSE
10000,LOC.1309,LOC.1309,#2579e8,landslide.LOC.1309,"['128.3894', '37.3705']",Pyeongchang - gun,LOC,FALSE
5000,LOC.1309/MED,LOC.1309.MED,#27cf7e,landslide.LOC.1309.MED,"['128.3894', '37.3705']",,MED,FALSE
5000,LOC.1309/FAC,LOC.1309.FAC,#f0a73a,landslide.LOC.1309.FAC,"['128.3894', '37.3705']",,FAC,FALSE
5000,LOC.1309/DATA,LOC.1309.DATA,#8579ec,landslide.LOC.1309.DATA,"['128.3894', '37.3705']",,DATA,FALSE
10000,LOC.1310,LOC.1310,#2579e8,landslide.LOC.1310,"['128.3925', '37.3705']",Pyungchang area of Korea,LOC,FALSE
5000,LOC.1310/MED,LOC.1310.MED,#27cf7e,landslide.LOC.1310.MED,"['128.3925', '37.3705']",,MED,FALSE
5000,LOC.1310/FAC,LOC.1310.FAC,#f0a73a,landslide.LOC.1310.FAC,"['128.3925', '37.3705']",,FAC,FALSE
5000,LOC.1310/DATA,LOC.1310.DATA,#8579ec,landslide.LOC.1310.DATA,"['128.3925', '37.3705']",,DATA,FALSE
10000,LOC.1311,LOC.1311,#2579e8,landslide.LOC.1311,"['52.8565', '36.4636']",Qaemshahr area in northern Iran,LOC,FALSE
5000,LOC.1311/MED,LOC.1311.MED,#27cf7e,landslide.LOC.1311.MED,"['52.8565', '36.4636']",,MED,FALSE
5000,LOC.1311/FAC,LOC.1311.FAC,#f0a73a,landslide.LOC.1311.FAC,"['52.8565', '36.4636']",,FAC,FALSE
5000,LOC.1311/DATA,LOC.1311.DATA,#8579ec,landslide.LOC.1311.DATA,"['52.8565', '36.4636']",,DATA,FALSE
10000,LOC.1312,LOC.1312,#2579e8,landslide.LOC.1312,"['49.7119', '36.2704']",Qazvin Province,LOC,FALSE
5000,LOC.1312/MED,LOC.1312.MED,#27cf7e,landslide.LOC.1312.MED,"['49.7119', '36.2704']",,MED,FALSE
5000,LOC.1312/FAC,LOC.1312.FAC,#f0a73a,landslide.LOC.1312.FAC,"['49.7119', '36.2704']",,FAC,FALSE
5000,LOC.1312/DATA,LOC.1312.DATA,#8579ec,landslide.LOC.1312.DATA,"['49.7119', '36.2704']",,DATA,FALSE
10000,LOC.1313,LOC.1313,#2579e8,landslide.LOC.1313,"['49.0', '36.3']",Qazvin province - N Iran,LOC,FALSE
5000,LOC.1313/MED,LOC.1313.MED,#27cf7e,landslide.LOC.1313.MED,"['49.0', '36.3']",,MED,FALSE
5000,LOC.1313/FAC,LOC.1313.FAC,#f0a73a,landslide.LOC.1313.FAC,"['49.0', '36.3']",,FAC,FALSE
5000,LOC.1313/DATA,LOC.1313.DATA,#8579ec,landslide.LOC.1313.DATA,"['49.0', '36.3']",,DATA,FALSE
10000,LOC.1314,LOC.1314,#2579e8,landslide.LOC.1314,"['110.3400', '33.0000']",Qianjiangping,LOC,FALSE
5000,LOC.1314/MED,LOC.1314.MED,#27cf7e,landslide.LOC.1314.MED,"['110.3400', '33.0000']",,MED,FALSE
5000,LOC.1314/FAC,LOC.1314.FAC,#f0a73a,landslide.LOC.1314.FAC,"['110.3400', '33.0000']",,FAC,FALSE
5000,LOC.1314/DATA,LOC.1314.DATA,#8579ec,landslide.LOC.1314.DATA,"['110.3400', '33.0000']",,DATA,FALSE
10000,LOC.1315,LOC.1315,#2579e8,landslide.LOC.1315,"['107.5260', '33.7833']",Qianyang County of Baoji city,LOC,FALSE
5000,LOC.1315/MED,LOC.1315.MED,#27cf7e,landslide.LOC.1315.MED,"['107.5260', '33.7833']",,MED,FALSE
5000,LOC.1315/FAC,LOC.1315.FAC,#f0a73a,landslide.LOC.1315.FAC,"['107.5260', '33.7833']",,FAC,FALSE
5000,LOC.1315/DATA,LOC.1315.DATA,#8579ec,landslide.LOC.1315.DATA,"['107.5260', '33.7833']",,DATA,FALSE
10000,LOC.1316,LOC.1316,#2579e8,landslide.LOC.1316,"['103.8406', '36.0702']",Qilihe District in Lanzhou City of northwestern China,LOC,FALSE
5000,LOC.1316/MED,LOC.1316.MED,#27cf7e,landslide.LOC.1316.MED,"['103.8406', '36.0702']",,MED,FALSE
5000,LOC.1316/FAC,LOC.1316.FAC,#f0a73a,landslide.LOC.1316.FAC,"['103.8406', '36.0702']",,FAC,FALSE
5000,LOC.1316/DATA,LOC.1316.DATA,#8579ec,landslide.LOC.1316.DATA,"['103.8406', '36.0702']",,DATA,FALSE
10000,LOC.1317,LOC.1317,#2579e8,landslide.LOC.1317,"['113.6000', '34.5000']",Qin Mountain,LOC,FALSE
5000,LOC.1317/MED,LOC.1317.MED,#27cf7e,landslide.LOC.1317.MED,"['113.6000', '34.5000']",,MED,FALSE
5000,LOC.1317/FAC,LOC.1317.FAC,#f0a73a,landslide.LOC.1317.FAC,"['113.6000', '34.5000']",,FAC,FALSE
5000,LOC.1317/DATA,LOC.1317.DATA,#8579ec,landslide.LOC.1317.DATA,"['113.6000', '34.5000']",,DATA,FALSE
10000,LOC.1318,LOC.1318,#2579e8,landslide.LOC.1318,"['104.1942', '32.5811']",Qingchuan County,LOC,FALSE
5000,LOC.1318/MED,LOC.1318.MED,#27cf7e,landslide.LOC.1318.MED,"['104.1942', '32.5811']",,MED,FALSE
5000,LOC.1318/FAC,LOC.1318.FAC,#f0a73a,landslide.LOC.1318.FAC,"['104.1942', '32.5811']",,FAC,FALSE
5000,LOC.1318/DATA,LOC.1318.DATA,#8579ec,landslide.LOC.1318.DATA,"['104.1942', '32.5811']",,DATA,FALSE
10000,LOC.1319,LOC.1319,#2579e8,landslide.LOC.1319,"['104.1942', '32.5811']",Qingchuan County of Sichuan Province,LOC,FALSE
5000,LOC.1319/MED,LOC.1319.MED,#27cf7e,landslide.LOC.1319.MED,"['104.1942', '32.5811']",,MED,FALSE
5000,LOC.1319/FAC,LOC.1319.FAC,#f0a73a,landslide.LOC.1319.FAC,"['104.1942', '32.5811']",,FAC,FALSE
5000,LOC.1319/DATA,LOC.1319.DATA,#8579ec,landslide.LOC.1319.DATA,"['104.1942', '32.5811']",,DATA,FALSE
10000,LOC.1320,LOC.1320,#2579e8,landslide.LOC.1320,"['123.9456', '41.1432']",Qinggan River delta,LOC,FALSE
5000,LOC.1320/MED,LOC.1320.MED,#27cf7e,landslide.LOC.1320.MED,"['123.9456', '41.1432']",,MED,FALSE
5000,LOC.1320/FAC,LOC.1320.FAC,#f0a73a,landslide.LOC.1320.FAC,"['123.9456', '41.1432']",,FAC,FALSE
5000,LOC.1320/DATA,LOC.1320.DATA,#8579ec,landslide.LOC.1320.DATA,"['123.9456', '41.1432']",,DATA,FALSE
10000,LOC.1321,LOC.1321,#2579e8,landslide.LOC.1321,"['96.3942', '35.7518']",Qinghai,LOC,FALSE
5000,LOC.1321/MED,LOC.1321.MED,#27cf7e,landslide.LOC.1321.MED,"['96.3942', '35.7518']",,MED,FALSE
5000,LOC.1321/FAC,LOC.1321.FAC,#f0a73a,landslide.LOC.1321.FAC,"['96.3942', '35.7518']",,FAC,FALSE
5000,LOC.1321/DATA,LOC.1321.DATA,#8579ec,landslide.LOC.1321.DATA,"['96.3942', '35.7518']",,DATA,FALSE
10000,LOC.1322,LOC.1322,#2579e8,landslide.LOC.1322,"['87.3900', '31.8070']",Qinghai - Tibet,LOC,FALSE
5000,LOC.1322/MED,LOC.1322.MED,#27cf7e,landslide.LOC.1322.MED,"['87.3900', '31.8070']",,MED,FALSE
5000,LOC.1322/FAC,LOC.1322.FAC,#f0a73a,landslide.LOC.1322.FAC,"['87.3900', '31.8070']",,FAC,FALSE
5000,LOC.1322/DATA,LOC.1322.DATA,#8579ec,landslide.LOC.1322.DATA,"['87.3900', '31.8070']",,DATA,FALSE
10000,LOC.1323,LOC.1323,#2579e8,landslide.LOC.1323,"['85.6796', '32.3329']",Qinghai - Tibet Plateau,LOC,FALSE
5000,LOC.1323/MED,LOC.1323.MED,#27cf7e,landslide.LOC.1323.MED,"['85.6796', '32.3329']",,MED,FALSE
5000,LOC.1323/FAC,LOC.1323.FAC,#f0a73a,landslide.LOC.1323.FAC,"['85.6796', '32.3329']",,FAC,FALSE
5000,LOC.1323/DATA,LOC.1323.DATA,#8579ec,landslide.LOC.1323.DATA,"['85.6796', '32.3329']",,DATA,FALSE
10000,LOC.1324,LOC.1324,#2579e8,landslide.LOC.1324,"['101.9846', '33.5520']","Qinghai - Tibet Plateau , loess Plateau and Sichuan Basin",LOC,FALSE
5000,LOC.1324/MED,LOC.1324.MED,#27cf7e,landslide.LOC.1324.MED,"['101.9846', '33.5520']",,MED,FALSE
5000,LOC.1324/FAC,LOC.1324.FAC,#f0a73a,landslide.LOC.1324.FAC,"['101.9846', '33.5520']",,FAC,FALSE
5000,LOC.1324/DATA,LOC.1324.DATA,#8579ec,landslide.LOC.1324.DATA,"['101.9846', '33.5520']",,DATA,FALSE
10000,LOC.1325,LOC.1325,#2579e8,landslide.LOC.1325,"['108.0421', '27.7341']",Qingliangfeng,LOC,FALSE
5000,LOC.1325/MED,LOC.1325.MED,#27cf7e,landslide.LOC.1325.MED,"['108.0421', '27.7341']",,MED,FALSE
5000,LOC.1325/FAC,LOC.1325.FAC,#f0a73a,landslide.LOC.1325.FAC,"['108.0421', '27.7341']",,FAC,FALSE
5000,LOC.1325/DATA,LOC.1325.DATA,#8579ec,landslide.LOC.1325.DATA,"['108.0421', '27.7341']",,DATA,FALSE
10000,LOC.1326,LOC.1326,#2579e8,landslide.LOC.1326,"['106.7784', '34.4583']",Qingshui River Basin,LOC,FALSE
5000,LOC.1326/MED,LOC.1326.MED,#27cf7e,landslide.LOC.1326.MED,"['106.7784', '34.4583']",,MED,FALSE
5000,LOC.1326/FAC,LOC.1326.FAC,#f0a73a,landslide.LOC.1326.FAC,"['106.7784', '34.4583']",,FAC,FALSE
5000,LOC.1326/DATA,LOC.1326.DATA,#8579ec,landslide.LOC.1326.DATA,"['106.7784', '34.4583']",,DATA,FALSE
10000,LOC.1327,LOC.1327,#2579e8,landslide.LOC.1327,"['106.7784', '34.4583']",Qingshui River watershed,LOC,FALSE
5000,LOC.1327/MED,LOC.1327.MED,#27cf7e,landslide.LOC.1327.MED,"['106.7784', '34.4583']",,MED,FALSE
5000,LOC.1327/FAC,LOC.1327.FAC,#f0a73a,landslide.LOC.1327.FAC,"['106.7784', '34.4583']",,FAC,FALSE
5000,LOC.1327/DATA,LOC.1327.DATA,#8579ec,landslide.LOC.1327.DATA,"['106.7784', '34.4583']",,DATA,FALSE
10000,LOC.1328,LOC.1328,#2579e8,landslide.LOC.1328,"['108.6314', '21.9163']",Qinzhou,LOC,FALSE
5000,LOC.1328/MED,LOC.1328.MED,#27cf7e,landslide.LOC.1328.MED,"['108.6314', '21.9163']",,MED,FALSE
5000,LOC.1328/FAC,LOC.1328.FAC,#f0a73a,landslide.LOC.1328.FAC,"['108.6314', '21.9163']",,FAC,FALSE
5000,LOC.1328/DATA,LOC.1328.DATA,#8579ec,landslide.LOC.1328.DATA,"['108.6314', '21.9163']",,DATA,FALSE
10000,LOC.1329,LOC.1329,#2579e8,landslide.LOC.1329,"['88.3393', '29.2089']",QTP,LOC,FALSE
5000,LOC.1329/MED,LOC.1329.MED,#27cf7e,landslide.LOC.1329.MED,"['88.3393', '29.2089']",,MED,FALSE
5000,LOC.1329/FAC,LOC.1329.FAC,#f0a73a,landslide.LOC.1329.FAC,"['88.3393', '29.2089']",,FAC,FALSE
5000,LOC.1329/DATA,LOC.1329.DATA,#8579ec,landslide.LOC.1329.DATA,"['88.3393', '29.2089']",,DATA,FALSE
10000,LOC.1330,LOC.1330,#2579e8,landslide.LOC.1330,"['108.5745', '14.9533']",Quang Nam,LOC,FALSE
5000,LOC.1330/MED,LOC.1330.MED,#27cf7e,landslide.LOC.1330.MED,"['108.5745', '14.9533']",,MED,FALSE
5000,LOC.1330/FAC,LOC.1330.FAC,#f0a73a,landslide.LOC.1330.FAC,"['108.5745', '14.9533']",,FAC,FALSE
5000,LOC.1330/DATA,LOC.1330.DATA,#8579ec,landslide.LOC.1330.DATA,"['108.5745', '14.9533']",,DATA,FALSE
10000,LOC.1331,LOC.1331,#2579e8,landslide.LOC.1331,"['107.3453', '21.1069']",Quang Ninh province,LOC,FALSE
5000,LOC.1331/MED,LOC.1331.MED,#27cf7e,landslide.LOC.1331.MED,"['107.3453', '21.1069']",,MED,FALSE
5000,LOC.1331/FAC,LOC.1331.FAC,#f0a73a,landslide.LOC.1331.FAC,"['107.3453', '21.1069']",,FAC,FALSE
5000,LOC.1331/DATA,LOC.1331.DATA,#8579ec,landslide.LOC.1331.DATA,"['107.3453', '21.1069']",,DATA,FALSE
10000,LOC.1332,LOC.1332,#2579e8,landslide.LOC.1332,"['118.5858', '24.8799']",Quanzhou district,LOC,FALSE
5000,LOC.1332/MED,LOC.1332.MED,#27cf7e,landslide.LOC.1332.MED,"['118.5858', '24.8799']",,MED,FALSE
5000,LOC.1332/FAC,LOC.1332.FAC,#f0a73a,landslide.LOC.1332.FAC,"['118.5858', '24.8799']",,FAC,FALSE
5000,LOC.1332/DATA,LOC.1332.DATA,#8579ec,landslide.LOC.1332.DATA,"['118.5858', '24.8799']",,DATA,FALSE
10000,LOC.1333,LOC.1333,#2579e8,landslide.LOC.1333,"['43.1688', '22.5167']",Quitandinha river basin region in the municipality of Petr polis,LOC,FALSE
5000,LOC.1333/MED,LOC.1333.MED,#27cf7e,landslide.LOC.1333.MED,"['43.1688', '22.5167']",,MED,FALSE
5000,LOC.1333/FAC,LOC.1333.FAC,#f0a73a,landslide.LOC.1333.FAC,"['43.1688', '22.5167']",,FAC,FALSE
5000,LOC.1333/DATA,LOC.1333.DATA,#8579ec,landslide.LOC.1333.DATA,"['43.1688', '22.5167']",,DATA,FALSE
10000,LOC.1334,LOC.1334,#2579e8,landslide.LOC.1334,"['78.4678', '0.1807']",Quito,LOC,FALSE
5000,LOC.1334/MED,LOC.1334.MED,#27cf7e,landslide.LOC.1334.MED,"['78.4678', '0.1807']",,MED,FALSE
5000,LOC.1334/FAC,LOC.1334.FAC,#f0a73a,landslide.LOC.1334.FAC,"['78.4678', '0.1807']",,FAC,FALSE
5000,LOC.1334/DATA,LOC.1334.DATA,#8579ec,landslide.LOC.1334.DATA,"['78.4678', '0.1807']",,DATA,FALSE
10000,LOC.1335,LOC.1335,#2579e8,landslide.LOC.1335,"['1.5033', '53.2911']",railway test site located in northern England,LOC,FALSE
5000,LOC.1335/MED,LOC.1335.MED,#27cf7e,landslide.LOC.1335.MED,"['1.5033', '53.2911']",,MED,FALSE
5000,LOC.1335/FAC,LOC.1335.FAC,#f0a73a,landslide.LOC.1335.FAC,"['1.5033', '53.2911']",,FAC,FALSE
5000,LOC.1335/DATA,LOC.1335.DATA,#8579ec,landslide.LOC.1335.DATA,"['1.5033', '53.2911']",,DATA,FALSE
10000,LOC.1336,LOC.1336,#2579e8,landslide.LOC.1336,"['0.0', '0.0']",Rainfall,LOC,FALSE
5000,LOC.1336/MED,LOC.1336.MED,#27cf7e,landslide.LOC.1336.MED,"['0.0', '0.0']",,MED,FALSE
5000,LOC.1336/FAC,LOC.1336.FAC,#f0a73a,landslide.LOC.1336.FAC,"['0.0', '0.0']",,FAC,FALSE
5000,LOC.1336/DATA,LOC.1336.DATA,#8579ec,landslide.LOC.1336.DATA,"['0.0', '0.0']",,DATA,FALSE
10000,LOC.1337,LOC.1337,#2579e8,landslide.LOC.1337,"['79.6055', '29.5812']",Ramganga catchment,LOC,FALSE
5000,LOC.1337/MED,LOC.1337.MED,#27cf7e,landslide.LOC.1337.MED,"['79.6055', '29.5812']",,MED,FALSE
5000,LOC.1337/FAC,LOC.1337.FAC,#f0a73a,landslide.LOC.1337.FAC,"['79.6055', '29.5812']",,FAC,FALSE
5000,LOC.1337/DATA,LOC.1337.DATA,#8579ec,landslide.LOC.1337.DATA,"['79.6055', '29.5812']",,DATA,FALSE
10000,LOC.1338,LOC.1338,#2579e8,landslide.LOC.1338,"['92.3165', '22.6066']",Rangamati District,LOC,FALSE
5000,LOC.1338/MED,LOC.1338.MED,#27cf7e,landslide.LOC.1338.MED,"['92.3165', '22.6066']",,MED,FALSE
5000,LOC.1338/FAC,LOC.1338.FAC,#f0a73a,landslide.LOC.1338.FAC,"['92.3165', '22.6066']",,FAC,FALSE
5000,LOC.1338/DATA,LOC.1338.DATA,#8579ec,landslide.LOC.1338.DATA,"['92.3165', '22.6066']",,DATA,FALSE
10000,LOC.1339,LOC.1339,#2579e8,landslide.LOC.1339,"['92.3165', '22.6066']",Rangamati district in Bangladesh,LOC,FALSE
5000,LOC.1339/MED,LOC.1339.MED,#27cf7e,landslide.LOC.1339.MED,"['92.3165', '22.6066']",,MED,FALSE
5000,LOC.1339/FAC,LOC.1339.FAC,#f0a73a,landslide.LOC.1339.FAC,"['92.3165', '22.6066']",,FAC,FALSE
5000,LOC.1339/DATA,LOC.1339.DATA,#8579ec,landslide.LOC.1339.DATA,"['92.3165', '22.6066']",,DATA,FALSE
10000,LOC.1340,LOC.1340,#2579e8,landslide.LOC.1340,"['92.3165', '22.6066']",Rangamati municipality of Rangamati district,LOC,FALSE
5000,LOC.1340/MED,LOC.1340.MED,#27cf7e,landslide.LOC.1340.MED,"['92.3165', '22.6066']",,MED,FALSE
5000,LOC.1340/FAC,LOC.1340.FAC,#f0a73a,landslide.LOC.1340.FAC,"['92.3165', '22.6066']",,FAC,FALSE
5000,LOC.1340/DATA,LOC.1340.DATA,#8579ec,landslide.LOC.1340.DATA,"['92.3165', '22.6066']",,DATA,FALSE
10000,LOC.1341,LOC.1341,#2579e8,landslide.LOC.1341,"['88.6348', '27.6305']",Rangpo River Basin,LOC,FALSE
5000,LOC.1341/MED,LOC.1341.MED,#27cf7e,landslide.LOC.1341.MED,"['88.6348', '27.6305']",,MED,FALSE
5000,LOC.1341/FAC,LOC.1341.FAC,#f0a73a,landslide.LOC.1341.FAC,"['88.6348', '27.6305']",,FAC,FALSE
5000,LOC.1341/DATA,LOC.1341.DATA,#8579ec,landslide.LOC.1341.DATA,"['88.6348', '27.6305']",,DATA,FALSE
10000,LOC.1342,LOC.1342,#2579e8,landslide.LOC.1342,"['80.5300', '6.7051']",Ratnapura District,LOC,FALSE
5000,LOC.1342/MED,LOC.1342.MED,#27cf7e,landslide.LOC.1342.MED,"['80.5300', '6.7051']",,MED,FALSE
5000,LOC.1342/FAC,LOC.1342.FAC,#f0a73a,landslide.LOC.1342.FAC,"['80.5300', '6.7051']",,FAC,FALSE
5000,LOC.1342/DATA,LOC.1342.DATA,#8579ec,landslide.LOC.1342.DATA,"['80.5300', '6.7051']",,DATA,FALSE
10000,LOC.1343,LOC.1343,#2579e8,landslide.LOC.1343,"['72.6834', '31.7480']",Ravi river catchment,LOC,FALSE
5000,LOC.1343/MED,LOC.1343.MED,#27cf7e,landslide.LOC.1343.MED,"['72.6834', '31.7480']",,MED,FALSE
5000,LOC.1343/FAC,LOC.1343.FAC,#f0a73a,landslide.LOC.1343.FAC,"['72.6834', '31.7480']",,FAC,FALSE
5000,LOC.1343/DATA,LOC.1343.DATA,#8579ec,landslide.LOC.1343.DATA,"['72.6834', '31.7480']",,DATA,FALSE
10000,LOC.1344,LOC.1344,#2579e8,landslide.LOC.1344,"['15.5504', '38.1147']",Reggio Calabria metropolitan,LOC,FALSE
5000,LOC.1344/MED,LOC.1344.MED,#27cf7e,landslide.LOC.1344.MED,"['15.5504', '38.1147']",,MED,FALSE
5000,LOC.1344/FAC,LOC.1344.FAC,#f0a73a,landslide.LOC.1344.FAC,"['15.5504', '38.1147']",,FAC,FALSE
5000,LOC.1344/DATA,LOC.1344.DATA,#8579ec,landslide.LOC.1344.DATA,"['15.5504', '38.1147']",,DATA,FALSE
10000,LOC.1345,LOC.1345,#2579e8,landslide.LOC.1345,"['16.1542', '45.1000']",Republic of Croatia,LOC,FALSE
5000,LOC.1345/MED,LOC.1345.MED,#27cf7e,landslide.LOC.1345.MED,"['16.1542', '45.1000']",,MED,FALSE
5000,LOC.1345/FAC,LOC.1345.FAC,#f0a73a,landslide.LOC.1345.FAC,"['16.1542', '45.1000']",,FAC,FALSE
5000,LOC.1345/DATA,LOC.1345.DATA,#8579ec,landslide.LOC.1345.DATA,"['16.1542', '45.1000']",,DATA,FALSE
10000,LOC.1346,LOC.1346,#2579e8,landslide.LOC.1346,"['86.0411', '40.0336']",reservoir in Xinjiang,LOC,FALSE
5000,LOC.1346/MED,LOC.1346.MED,#27cf7e,landslide.LOC.1346.MED,"['86.0411', '40.0336']",,MED,FALSE
5000,LOC.1346/FAC,LOC.1346.FAC,#f0a73a,landslide.LOC.1346.FAC,"['86.0411', '40.0336']",,FAC,FALSE
5000,LOC.1346/DATA,LOC.1346.DATA,#8579ec,landslide.LOC.1346.DATA,"['86.0411', '40.0336']",,DATA,FALSE
10000,LOC.1347,LOC.1347,#2579e8,landslide.LOC.1347,"['110.9773', '30.8241']",reservoir region of the Three Gorges project,LOC,FALSE
5000,LOC.1347/MED,LOC.1347.MED,#27cf7e,landslide.LOC.1347.MED,"['110.9773', '30.8241']",,MED,FALSE
5000,LOC.1347/FAC,LOC.1347.FAC,#f0a73a,landslide.LOC.1347.FAC,"['110.9773', '30.8241']",,FAC,FALSE
5000,LOC.1347/DATA,LOC.1347.DATA,#8579ec,landslide.LOC.1347.DATA,"['110.9773', '30.8241']",,DATA,FALSE
10000,LOC.1348,LOC.1348,#2579e8,landslide.LOC.1348,"['118.0', '31.0']",Residential quarters along two flanks of the Yangtze River,LOC,FALSE
5000,LOC.1348/MED,LOC.1348.MED,#27cf7e,landslide.LOC.1348.MED,"['118.0', '31.0']",,MED,FALSE
5000,LOC.1348/FAC,LOC.1348.FAC,#f0a73a,landslide.LOC.1348.FAC,"['118.0', '31.0']",,FAC,FALSE
5000,LOC.1348/DATA,LOC.1348.DATA,#8579ec,landslide.LOC.1348.DATA,"['118.0', '31.0']",,DATA,FALSE
10000,LOC.1349,LOC.1349,#2579e8,landslide.LOC.1349,"['8.0416', '49.8519']",Rheinhessen cuesta,LOC,FALSE
5000,LOC.1349/MED,LOC.1349.MED,#27cf7e,landslide.LOC.1349.MED,"['8.0416', '49.8519']",,MED,FALSE
5000,LOC.1349/FAC,LOC.1349.FAC,#f0a73a,landslide.LOC.1349.FAC,"['8.0416', '49.8519']",,FAC,FALSE
5000,LOC.1349/DATA,LOC.1349.DATA,#8579ec,landslide.LOC.1349.DATA,"['8.0416', '49.8519']",,DATA,FALSE
10000,LOC.1350,LOC.1350,#2579e8,landslide.LOC.1350,"['25.6099', '37.8215']",Ribeira Grande,LOC,FALSE
5000,LOC.1350/MED,LOC.1350.MED,#27cf7e,landslide.LOC.1350.MED,"['25.6099', '37.8215']",,MED,FALSE
5000,LOC.1350/FAC,LOC.1350.FAC,#f0a73a,landslide.LOC.1350.FAC,"['25.6099', '37.8215']",,FAC,FALSE
5000,LOC.1350/DATA,LOC.1350.DATA,#8579ec,landslide.LOC.1350.DATA,"['25.6099', '37.8215']",,DATA,FALSE
10000,LOC.1351,LOC.1351,#2579e8,landslide.LOC.1351,"['5.9142', '34.9904']",Rif,LOC,FALSE
5000,LOC.1351/MED,LOC.1351.MED,#27cf7e,landslide.LOC.1351.MED,"['5.9142', '34.9904']",,MED,FALSE
5000,LOC.1351/FAC,LOC.1351.FAC,#f0a73a,landslide.LOC.1351.FAC,"['5.9142', '34.9904']",,FAC,FALSE
5000,LOC.1351/DATA,LOC.1351.DATA,#8579ec,landslide.LOC.1351.DATA,"['5.9142', '34.9904']",,DATA,FALSE
10000,LOC.1352,LOC.1352,#2579e8,landslide.LOC.1352,"['89.2059', '27.5221']",Rinchending Goenpa,LOC,FALSE
5000,LOC.1352/MED,LOC.1352.MED,#27cf7e,landslide.LOC.1352.MED,"['89.2059', '27.5221']",,MED,FALSE
5000,LOC.1352/FAC,LOC.1352.FAC,#f0a73a,landslide.LOC.1352.FAC,"['89.2059', '27.5221']",,FAC,FALSE
5000,LOC.1352/DATA,LOC.1352.DATA,#8579ec,landslide.LOC.1352.DATA,"['89.2059', '27.5221']",,DATA,FALSE
10000,LOC.1353,LOC.1353,#2579e8,landslide.LOC.1353,"['-43.2', '-22.9']",Rio de Janeiro,LOC,FALSE
5000,LOC.1353/MED,LOC.1353.MED,#27cf7e,landslide.LOC.1353.MED,"['-43.2', '-22.9']",,MED,FALSE
5000,LOC.1353/FAC,LOC.1353.FAC,#f0a73a,landslide.LOC.1353.FAC,"['-43.2', '-22.9']",,FAC,FALSE
5000,LOC.1353/DATA,LOC.1353.DATA,#8579ec,landslide.LOC.1353.DATA,"['-43.2', '-22.9']",,DATA,FALSE
10000,LOC.1354,LOC.1354,#2579e8,landslide.LOC.1354,"['43.1729', '22.9068']",Rio de Janeiro city,LOC,FALSE
5000,LOC.1354/MED,LOC.1354.MED,#27cf7e,landslide.LOC.1354.MED,"['43.1729', '22.9068']",,MED,FALSE
5000,LOC.1354/FAC,LOC.1354.FAC,#f0a73a,landslide.LOC.1354.FAC,"['43.1729', '22.9068']",,FAC,FALSE
5000,LOC.1354/DATA,LOC.1354.DATA,#8579ec,landslide.LOC.1354.DATA,"['43.1729', '22.9068']",,DATA,FALSE
10000,LOC.1355,LOC.1355,#2579e8,landslide.LOC.1355,"['97.2633', '18.8397']",Rio El Estado watershed on the southwestern flank of Pico de Orizaba volcano,LOC,FALSE
5000,LOC.1355/MED,LOC.1355.MED,#27cf7e,landslide.LOC.1355.MED,"['97.2633', '18.8397']",,MED,FALSE
5000,LOC.1355/FAC,LOC.1355.FAC,#f0a73a,landslide.LOC.1355.FAC,"['97.2633', '18.8397']",,FAC,FALSE
5000,LOC.1355/DATA,LOC.1355.DATA,#8579ec,landslide.LOC.1355.DATA,"['97.2633', '18.8397']",,DATA,FALSE
10000,LOC.1356,LOC.1356,#2579e8,landslide.LOC.1356,"['35.2094', '5.7945']",Rio Grande do Norte state,LOC,FALSE
5000,LOC.1356/MED,LOC.1356.MED,#27cf7e,landslide.LOC.1356.MED,"['35.2094', '5.7945']",,MED,FALSE
5000,LOC.1356/FAC,LOC.1356.FAC,#f0a73a,landslide.LOC.1356.FAC,"['35.2094', '5.7945']",,FAC,FALSE
5000,LOC.1356/DATA,LOC.1356.DATA,#8579ec,landslide.LOC.1356.DATA,"['35.2094', '5.7945']",,DATA,FALSE
10000,LOC.1357,LOC.1357,#2579e8,landslide.LOC.1357,"['102.3516', '6.1257']",river basin of Kelantan,LOC,FALSE
5000,LOC.1357/MED,LOC.1357.MED,#27cf7e,landslide.LOC.1357.MED,"['102.3516', '6.1257']",,MED,FALSE
5000,LOC.1357/FAC,LOC.1357.FAC,#f0a73a,landslide.LOC.1357.FAC,"['102.3516', '6.1257']",,FAC,FALSE
5000,LOC.1357/DATA,LOC.1357.DATA,#8579ec,landslide.LOC.1357.DATA,"['102.3516', '6.1257']",,DATA,FALSE
10000,LOC.1358,LOC.1358,#2579e8,landslide.LOC.1358,"['77.0902', '0.2551']",River Coca,LOC,FALSE
5000,LOC.1358/MED,LOC.1358.MED,#27cf7e,landslide.LOC.1358.MED,"['77.0902', '0.2551']",,MED,FALSE
5000,LOC.1358/FAC,LOC.1358.FAC,#f0a73a,landslide.LOC.1358.FAC,"['77.0902', '0.2551']",,FAC,FALSE
5000,LOC.1358/DATA,LOC.1358.DATA,#8579ec,landslide.LOC.1358.DATA,"['77.0902', '0.2551']",,DATA,FALSE
10000,LOC.1359,LOC.1359,#2579e8,landslide.LOC.1359,"['40.5219', '41.0201']",Rize,LOC,FALSE
5000,LOC.1359/MED,LOC.1359.MED,#27cf7e,landslide.LOC.1359.MED,"['40.5219', '41.0201']",,MED,FALSE
5000,LOC.1359/FAC,LOC.1359.FAC,#f0a73a,landslide.LOC.1359.FAC,"['40.5219', '41.0201']",,FAC,FALSE
5000,LOC.1359/DATA,LOC.1359.DATA,#8579ec,landslide.LOC.1359.DATA,"['40.5219', '41.0201']",,DATA,FALSE
10000,LOC.1360,LOC.1360,#2579e8,landslide.LOC.1360,"['40.8111', '41.1512']",Rize province,LOC,FALSE
5000,LOC.1360/MED,LOC.1360.MED,#27cf7e,landslide.LOC.1360.MED,"['40.8111', '41.1512']",,MED,FALSE
5000,LOC.1360/FAC,LOC.1360.FAC,#f0a73a,landslide.LOC.1360.FAC,"['40.8111', '41.1512']",,FAC,FALSE
5000,LOC.1360/DATA,LOC.1360.DATA,#8579ec,landslide.LOC.1360.DATA,"['40.8111', '41.1512']",,DATA,FALSE
10000,LOC.1361,LOC.1361,#2579e8,landslide.LOC.1361,"['101.8211', '3.0024']",RM,LOC,FALSE
5000,LOC.1361/MED,LOC.1361.MED,#27cf7e,landslide.LOC.1361.MED,"['101.8211', '3.0024']",,MED,FALSE
5000,LOC.1361/FAC,LOC.1361.FAC,#f0a73a,landslide.LOC.1361.FAC,"['101.8211', '3.0024']",,FAC,FALSE
5000,LOC.1361/DATA,LOC.1361.DATA,#8579ec,landslide.LOC.1361.DATA,"['101.8211', '3.0024']",,DATA,FALSE
10000,LOC.1362,LOC.1362,#2579e8,landslide.LOC.1362,"['100.2086', '5.4369']",road in Tun - Sardon area of Penang Island,LOC,FALSE
5000,LOC.1362/MED,LOC.1362.MED,#27cf7e,landslide.LOC.1362.MED,"['100.2086', '5.4369']",,MED,FALSE
5000,LOC.1362/FAC,LOC.1362.FAC,#f0a73a,landslide.LOC.1362.FAC,"['100.2086', '5.4369']",,FAC,FALSE
5000,LOC.1362/DATA,LOC.1362.DATA,#8579ec,landslide.LOC.1362.DATA,"['100.2086', '5.4369']",,DATA,FALSE
10000,LOC.1363,LOC.1363,#2579e8,landslide.LOC.1363,"['7.3998', '31.6258']",road section connecting Marrakech and Ouarzazate,LOC,FALSE
5000,LOC.1363/MED,LOC.1363.MED,#27cf7e,landslide.LOC.1363.MED,"['7.3998', '31.6258']",,MED,FALSE
5000,LOC.1363/FAC,LOC.1363.FAC,#f0a73a,landslide.LOC.1363.FAC,"['7.3998', '31.6258']",,FAC,FALSE
5000,LOC.1363/DATA,LOC.1363.DATA,#8579ec,landslide.LOC.1363.DATA,"['7.3998', '31.6258']",,DATA,FALSE
10000,LOC.1364,LOC.1364,#2579e8,landslide.LOC.1364,"['74.3156', '34.4194']",road section of Neelum Highway,LOC,FALSE
5000,LOC.1364/MED,LOC.1364.MED,#27cf7e,landslide.LOC.1364.MED,"['74.3156', '34.4194']",,MED,FALSE
5000,LOC.1364/FAC,LOC.1364.FAC,#f0a73a,landslide.LOC.1364.FAC,"['74.3156', '34.4194']",,FAC,FALSE
5000,LOC.1364/DATA,LOC.1364.DATA,#8579ec,landslide.LOC.1364.DATA,"['74.3156', '34.4194']",,DATA,FALSE
10000,LOC.1365,LOC.1365,#2579e8,landslide.LOC.1365,"['78.4268', '30.7324']",road stretch in Uttarkashi district of the Uttarakhand State,LOC,FALSE
5000,LOC.1365/MED,LOC.1365.MED,#27cf7e,landslide.LOC.1365.MED,"['78.4268', '30.7324']",,MED,FALSE
5000,LOC.1365/FAC,LOC.1365.FAC,#f0a73a,landslide.LOC.1365.FAC,"['78.4268', '30.7324']",,FAC,FALSE
5000,LOC.1365/DATA,LOC.1365.DATA,#8579ec,landslide.LOC.1365.DATA,"['78.4268', '30.7324']",,DATA,FALSE
10000,LOC.1366,LOC.1366,#2579e8,landslide.LOC.1366,"['0.0', '0.0']",Roads,LOC,FALSE
5000,LOC.1366/MED,LOC.1366.MED,#27cf7e,landslide.LOC.1366.MED,"['0.0', '0.0']",,MED,FALSE
5000,LOC.1366/FAC,LOC.1366.FAC,#f0a73a,landslide.LOC.1366.FAC,"['0.0', '0.0']",,FAC,FALSE
5000,LOC.1366/DATA,LOC.1366.DATA,#8579ec,landslide.LOC.1366.DATA,"['0.0', '0.0']",,DATA,FALSE
10000,LOC.1367,LOC.1367,#2579e8,landslide.LOC.1367,"['15.1019', '38.1291']",Roccella torrent,LOC,FALSE
5000,LOC.1367/MED,LOC.1367.MED,#27cf7e,landslide.LOC.1367.MED,"['15.1019', '38.1291']",,MED,FALSE
5000,LOC.1367/FAC,LOC.1367.FAC,#f0a73a,landslide.LOC.1367.FAC,"['15.1019', '38.1291']",,FAC,FALSE
5000,LOC.1367/DATA,LOC.1367.DATA,#8579ec,landslide.LOC.1367.DATA,"['15.1019', '38.1291']",,DATA,FALSE
10000,LOC.1368,LOC.1368,#2579e8,landslide.LOC.1368,"['14.8898', '37.9025']",Roccella Valdemone,LOC,FALSE
5000,LOC.1368/MED,LOC.1368.MED,#27cf7e,landslide.LOC.1368.MED,"['14.8898', '37.9025']",,MED,FALSE
5000,LOC.1368/FAC,LOC.1368.FAC,#f0a73a,landslide.LOC.1368.FAC,"['14.8898', '37.9025']",,FAC,FALSE
5000,LOC.1368/DATA,LOC.1368.DATA,#8579ec,landslide.LOC.1368.DATA,"['14.8898', '37.9025']",,DATA,FALSE
10000,LOC.1369,LOC.1369,#2579e8,landslide.LOC.1369,"['12.6836', '42.0282']",rock slope located in central Italy,LOC,FALSE
5000,LOC.1369/MED,LOC.1369.MED,#27cf7e,landslide.LOC.1369.MED,"['12.6836', '42.0282']",,MED,FALSE
5000,LOC.1369/FAC,LOC.1369.FAC,#f0a73a,landslide.LOC.1369.FAC,"['12.6836', '42.0282']",,FAC,FALSE
5000,LOC.1369/DATA,LOC.1369.DATA,#8579ec,landslide.LOC.1369.DATA,"['12.6836', '42.0282']",,DATA,FALSE
10000,LOC.1370,LOC.1370,#2579e8,landslide.LOC.1370,"['50.6253', '29.3092']",Rolante river basin,LOC,FALSE
5000,LOC.1370/MED,LOC.1370.MED,#27cf7e,landslide.LOC.1370.MED,"['50.6253', '29.3092']",,MED,FALSE
5000,LOC.1370/FAC,LOC.1370.FAC,#f0a73a,landslide.LOC.1370.FAC,"['50.6253', '29.3092']",,FAC,FALSE
5000,LOC.1370/DATA,LOC.1370.DATA,#8579ec,landslide.LOC.1370.DATA,"['50.6253', '29.3092']",,DATA,FALSE
10000,LOC.1371,LOC.1371,#2579e8,landslide.LOC.1371,"['24.9668', '45.9432']",Romania,LOC,FALSE
5000,LOC.1371/MED,LOC.1371.MED,#27cf7e,landslide.LOC.1371.MED,"['24.9668', '45.9432']",,MED,FALSE
5000,LOC.1371/FAC,LOC.1371.FAC,#f0a73a,landslide.LOC.1371.FAC,"['24.9668', '45.9432']",,FAC,FALSE
5000,LOC.1371/DATA,LOC.1371.DATA,#8579ec,landslide.LOC.1371.DATA,"['24.9668', '45.9432']",,DATA,FALSE
10000,LOC.1372,LOC.1372,#2579e8,landslide.LOC.1372,"['24.0', '45.0']",Romanian,LOC,FALSE
5000,LOC.1372/MED,LOC.1372.MED,#27cf7e,landslide.LOC.1372.MED,"['24.0', '45.0']",,MED,FALSE
5000,LOC.1372/FAC,LOC.1372.FAC,#f0a73a,landslide.LOC.1372.FAC,"['24.0', '45.0']",,FAC,FALSE
5000,LOC.1372/DATA,LOC.1372.DATA,#8579ec,landslide.LOC.1372.DATA,"['24.0', '45.0']",,DATA,FALSE
10000,LOC.1373,LOC.1373,#2579e8,landslide.LOC.1373,"['12.4964', '41.9028']",Rome,LOC,FALSE
5000,LOC.1373/MED,LOC.1373.MED,#27cf7e,landslide.LOC.1373.MED,"['12.4964', '41.9028']",,MED,FALSE
5000,LOC.1373/FAC,LOC.1373.FAC,#f0a73a,landslide.LOC.1373.FAC,"['12.4964', '41.9028']",,FAC,FALSE
5000,LOC.1373/DATA,LOC.1373.DATA,#8579ec,landslide.LOC.1373.DATA,"['12.4964', '41.9028']",,DATA,FALSE
10000,LOC.1374,LOC.1374,#2579e8,landslide.LOC.1374,"['88.5515', '27.3398']",Rorachu river basin,LOC,FALSE
5000,LOC.1374/MED,LOC.1374.MED,#27cf7e,landslide.LOC.1374.MED,"['88.5515', '27.3398']",,MED,FALSE
5000,LOC.1374/FAC,LOC.1374.FAC,#f0a73a,landslide.LOC.1374.FAC,"['88.5515', '27.3398']",,FAC,FALSE
5000,LOC.1374/DATA,LOC.1374.DATA,#8579ec,landslide.LOC.1374.DATA,"['88.5515', '27.3398']",,DATA,FALSE
10000,LOC.1375,LOC.1375,#2579e8,landslide.LOC.1375,"['88.4667', '27.3333']",Rorachu river basin of eastern Sikkim Himalaya,LOC,FALSE
5000,LOC.1375/MED,LOC.1375.MED,#27cf7e,landslide.LOC.1375.MED,"['88.4667', '27.3333']",,MED,FALSE
5000,LOC.1375/FAC,LOC.1375.FAC,#f0a73a,landslide.LOC.1375.FAC,"['88.4667', '27.3333']",,FAC,FALSE
5000,LOC.1375/DATA,LOC.1375.DATA,#8579ec,landslide.LOC.1375.DATA,"['88.4667', '27.3333']",,DATA,FALSE
10000,LOC.1376,LOC.1376,#2579e8,landslide.LOC.1376,"['50.3087', '36.2054']",Roudbar,LOC,FALSE
5000,LOC.1376/MED,LOC.1376.MED,#27cf7e,landslide.LOC.1376.MED,"['50.3087', '36.2054']",,MED,FALSE
5000,LOC.1376/FAC,LOC.1376.FAC,#f0a73a,landslide.LOC.1376.FAC,"['50.3087', '36.2054']",,FAC,FALSE
5000,LOC.1376/DATA,LOC.1376.DATA,#8579ec,landslide.LOC.1376.DATA,"['50.3087', '36.2054']",,DATA,FALSE
10000,LOC.1377,LOC.1377,#2579e8,landslide.LOC.1377,"['51.3431', '36.5133']",Roudbar - Manjil,LOC,FALSE
5000,LOC.1377/MED,LOC.1377.MED,#27cf7e,landslide.LOC.1377.MED,"['51.3431', '36.5133']",,MED,FALSE
5000,LOC.1377/FAC,LOC.1377.FAC,#f0a73a,landslide.LOC.1377.FAC,"['51.3431', '36.5133']",,FAC,FALSE
5000,LOC.1377/DATA,LOC.1377.DATA,#8579ec,landslide.LOC.1377.DATA,"['51.3431', '36.5133']",,DATA,FALSE
10000,LOC.1378,LOC.1378,#2579e8,landslide.LOC.1378,"['79.3175', '30.3039']",Rudraprayag district,LOC,FALSE
5000,LOC.1378/MED,LOC.1378.MED,#27cf7e,landslide.LOC.1378.MED,"['79.3175', '30.3039']",,MED,FALSE
5000,LOC.1378/FAC,LOC.1378.FAC,#f0a73a,landslide.LOC.1378.FAC,"['79.3175', '30.3039']",,FAC,FALSE
5000,LOC.1378/DATA,LOC.1378.DATA,#8579ec,landslide.LOC.1378.DATA,"['79.3175', '30.3039']",,DATA,FALSE
10000,LOC.1379,LOC.1379,#2579e8,landslide.LOC.1379,"['79.3175', '30.3039']",Rudraprayag district of Garhwal Himalaya,LOC,FALSE
5000,LOC.1379/MED,LOC.1379.MED,#27cf7e,landslide.LOC.1379.MED,"['79.3175', '30.3039']",,MED,FALSE
5000,LOC.1379/FAC,LOC.1379.FAC,#f0a73a,landslide.LOC.1379.FAC,"['79.3175', '30.3039']",,FAC,FALSE
5000,LOC.1379/DATA,LOC.1379.DATA,#8579ec,landslide.LOC.1379.DATA,"['79.3175', '30.3039']",,DATA,FALSE
10000,LOC.1380,LOC.1380,#2579e8,landslide.LOC.1380,"['79.3175', '30.3039']",Rudraprayag district of Uttarakhand state,LOC,FALSE
5000,LOC.1380/MED,LOC.1380.MED,#27cf7e,landslide.LOC.1380.MED,"['79.3175', '30.3039']",,MED,FALSE
5000,LOC.1380/FAC,LOC.1380.FAC,#f0a73a,landslide.LOC.1380.FAC,"['79.3175', '30.3039']",,FAC,FALSE
5000,LOC.1380/DATA,LOC.1380.DATA,#8579ec,landslide.LOC.1380.DATA,"['79.3175', '30.3039']",,DATA,FALSE
10000,LOC.1381,LOC.1381,#2579e8,landslide.LOC.1381,"['79.3175', '30.3039']",Rudraprayag in Garhwal Himalayan,LOC,FALSE
5000,LOC.1381/MED,LOC.1381.MED,#27cf7e,landslide.LOC.1381.MED,"['79.3175', '30.3039']",,MED,FALSE
5000,LOC.1381/FAC,LOC.1381.FAC,#f0a73a,landslide.LOC.1381.FAC,"['79.3175', '30.3039']",,FAC,FALSE
5000,LOC.1381/DATA,LOC.1381.DATA,#8579ec,landslide.LOC.1381.DATA,"['79.3175', '30.3039']",,DATA,FALSE
10000,LOC.1382,LOC.1382,#2579e8,landslide.LOC.1382,"['75.6', '35.3']",Rugged mountainous terrain of Shigar and Shyok Basins in northern areas of Pakistan,LOC,FALSE
5000,LOC.1382/MED,LOC.1382.MED,#27cf7e,landslide.LOC.1382.MED,"['75.6', '35.3']",,MED,FALSE
5000,LOC.1382/FAC,LOC.1382.FAC,#f0a73a,landslide.LOC.1382.FAC,"['75.6', '35.3']",,FAC,FALSE
5000,LOC.1382/DATA,LOC.1382.DATA,#8579ec,landslide.LOC.1382.DATA,"['75.6', '35.3']",,DATA,FALSE
10000,LOC.1383,LOC.1383,#2579e8,landslide.LOC.1383,"['74.5', '35.0']",Rugged terrain of northern Pakistan,LOC,FALSE
5000,LOC.1383/MED,LOC.1383.MED,#27cf7e,landslide.LOC.1383.MED,"['74.5', '35.0']",,MED,FALSE
5000,LOC.1383/FAC,LOC.1383.FAC,#f0a73a,landslide.LOC.1383.FAC,"['74.5', '35.0']",,FAC,FALSE
5000,LOC.1383/DATA,LOC.1383.DATA,#8579ec,landslide.LOC.1383.DATA,"['74.5', '35.0']",,DATA,FALSE
10000,LOC.1384,LOC.1384,#2579e8,landslide.LOC.1384,"['116.0167', '25.8833']",Ruijin,LOC,FALSE
5000,LOC.1384/MED,LOC.1384.MED,#27cf7e,landslide.LOC.1384.MED,"['116.0167', '25.8833']",,MED,FALSE
5000,LOC.1384/FAC,LOC.1384.FAC,#f0a73a,landslide.LOC.1384.FAC,"['116.0167', '25.8833']",,FAC,FALSE
5000,LOC.1384/DATA,LOC.1384.DATA,#8579ec,landslide.LOC.1384.DATA,"['116.0167', '25.8833']",,DATA,FALSE
10000,LOC.1385,LOC.1385,#2579e8,landslide.LOC.1385,"['116.0167', '25.8833']",Ruijin City,LOC,FALSE
5000,LOC.1385/MED,LOC.1385.MED,#27cf7e,landslide.LOC.1385.MED,"['116.0167', '25.8833']",,MED,FALSE
5000,LOC.1385/FAC,LOC.1385.FAC,#f0a73a,landslide.LOC.1385.FAC,"['116.0167', '25.8833']",,FAC,FALSE
5000,LOC.1385/DATA,LOC.1385.DATA,#8579ec,landslide.LOC.1385.DATA,"['116.0167', '25.8833']",,DATA,FALSE
10000,LOC.1386,LOC.1386,#2579e8,landslide.LOC.1386,"['116.0', '25.5']",Ruijin City in China,LOC,FALSE
5000,LOC.1386/MED,LOC.1386.MED,#27cf7e,landslide.LOC.1386.MED,"['116.0', '25.5']",,MED,FALSE
5000,LOC.1386/FAC,LOC.1386.FAC,#f0a73a,landslide.LOC.1386.FAC,"['116.0', '25.5']",,FAC,FALSE
5000,LOC.1386/DATA,LOC.1386.DATA,#8579ec,landslide.LOC.1386.DATA,"['116.0', '25.5']",,DATA,FALSE
10000,LOC.1387,LOC.1387,#2579e8,landslide.LOC.1387,"['116.0167', '25.8833']",Ruijin County of China,LOC,FALSE
5000,LOC.1387/MED,LOC.1387.MED,#27cf7e,landslide.LOC.1387.MED,"['116.0167', '25.8833']",,MED,FALSE
5000,LOC.1387/FAC,LOC.1387.FAC,#f0a73a,landslide.LOC.1387.FAC,"['116.0167', '25.8833']",,FAC,FALSE
5000,LOC.1387/DATA,LOC.1387.DATA,#8579ec,landslide.LOC.1387.DATA,"['116.0167', '25.8833']",,DATA,FALSE
10000,LOC.1388,LOC.1388,#2579e8,landslide.LOC.1388,"['34.8671', '-11.0175']",Rumphi district of northern Malawi,LOC,FALSE
5000,LOC.1388/MED,LOC.1388.MED,#27cf7e,landslide.LOC.1388.MED,"['34.8671', '-11.0175']",,MED,FALSE
5000,LOC.1388/FAC,LOC.1388.FAC,#f0a73a,landslide.LOC.1388.FAC,"['34.8671', '-11.0175']",,FAC,FALSE
5000,LOC.1388/DATA,LOC.1388.DATA,#8579ec,landslide.LOC.1388.DATA,"['34.8671', '-11.0175']",,DATA,FALSE
10000,LOC.1389,LOC.1389,#2579e8,landslide.LOC.1389,"['21.7083', '52.5538']",Rutki,LOC,FALSE
5000,LOC.1389/MED,LOC.1389.MED,#27cf7e,landslide.LOC.1389.MED,"['21.7083', '52.5538']",,MED,FALSE
5000,LOC.1389/FAC,LOC.1389.FAC,#f0a73a,landslide.LOC.1389.FAC,"['21.7083', '52.5538']",,FAC,FALSE
5000,LOC.1389/DATA,LOC.1389.DATA,#8579ec,landslide.LOC.1389.DATA,"['21.7083', '52.5538']",,DATA,FALSE
10000,LOC.1390,LOC.1390,#2579e8,landslide.LOC.1390,"['29.8739', '-1.9403']",Rwanda,LOC,FALSE
5000,LOC.1390/MED,LOC.1390.MED,#27cf7e,landslide.LOC.1390.MED,"['29.8739', '-1.9403']",,MED,FALSE
5000,LOC.1390/FAC,LOC.1390.FAC,#f0a73a,landslide.LOC.1390.FAC,"['29.8739', '-1.9403']",,FAC,FALSE
5000,LOC.1390/DATA,LOC.1390.DATA,#8579ec,landslide.LOC.1390.DATA,"['29.8739', '-1.9403']",,DATA,FALSE
10000,LOC.1391,LOC.1391,#2579e8,landslide.LOC.1391,"['29.88', '0.383']",Rwenzori Mountains,LOC,FALSE
5000,LOC.1391/MED,LOC.1391.MED,#27cf7e,landslide.LOC.1391.MED,"['29.88', '0.383']",,MED,FALSE
5000,LOC.1391/FAC,LOC.1391.FAC,#f0a73a,landslide.LOC.1391.FAC,"['29.88', '0.383']",,FAC,FALSE
5000,LOC.1391/DATA,LOC.1391.DATA,#8579ec,landslide.LOC.1391.DATA,"['29.88', '0.383']",,DATA,FALSE
10000,LOC.1392,LOC.1392,#2579e8,landslide.LOC.1392,"['25.583', '37.7667']",S. Miguel Island,LOC,FALSE
5000,LOC.1392/MED,LOC.1392.MED,#27cf7e,landslide.LOC.1392.MED,"['25.583', '37.7667']",,MED,FALSE
5000,LOC.1392/FAC,LOC.1392.FAC,#f0a73a,landslide.LOC.1392.FAC,"['25.583', '37.7667']",,FAC,FALSE
5000,LOC.1392/DATA,LOC.1392.DATA,#8579ec,landslide.LOC.1392.DATA,"['25.583', '37.7667']",,DATA,FALSE
10000,LOC.1393,LOC.1393,#2579e8,landslide.LOC.1393,"['103.8451', '22.3364']",Sa Pa district,LOC,FALSE
5000,LOC.1393/MED,LOC.1393.MED,#27cf7e,landslide.LOC.1393.MED,"['103.8451', '22.3364']",,MED,FALSE
5000,LOC.1393/FAC,LOC.1393.FAC,#f0a73a,landslide.LOC.1393.FAC,"['103.8451', '22.3364']",,FAC,FALSE
5000,LOC.1393/DATA,LOC.1393.DATA,#8579ec,landslide.LOC.1393.DATA,"['103.8451', '22.3364']",,DATA,FALSE
10000,LOC.1394,LOC.1394,#2579e8,landslide.LOC.1394,"['116.1094', '5.9788']",Sabah,LOC,FALSE
5000,LOC.1394/MED,LOC.1394.MED,#27cf7e,landslide.LOC.1394.MED,"['116.1094', '5.9788']",,MED,FALSE
5000,LOC.1394/FAC,LOC.1394.FAC,#f0a73a,landslide.LOC.1394.FAC,"['116.1094', '5.9788']",,FAC,FALSE
5000,LOC.1394/DATA,LOC.1394.DATA,#8579ec,landslide.LOC.1394.DATA,"['116.1094', '5.9788']",,DATA,FALSE
10000,LOC.1395,LOC.1395,#2579e8,landslide.LOC.1395,"['128.0566', '34.5586']",Sacheon - myeon area of South Korea,LOC,FALSE
5000,LOC.1395/MED,LOC.1395.MED,#27cf7e,landslide.LOC.1395.MED,"['128.0566', '34.5586']",,MED,FALSE
5000,LOC.1395/FAC,LOC.1395.FAC,#f0a73a,landslide.LOC.1395.FAC,"['128.0566', '34.5586']",,FAC,FALSE
5000,LOC.1395/DATA,LOC.1395.DATA,#8579ec,landslide.LOC.1395.DATA,"['128.0566', '34.5586']",,DATA,FALSE
10000,LOC.1396,LOC.1396,#2579e8,landslide.LOC.1396,"['44.5181', '36.4766']",Sairi villages,LOC,FALSE
5000,LOC.1396/MED,LOC.1396.MED,#27cf7e,landslide.LOC.1396.MED,"['44.5181', '36.4766']",,MED,FALSE
5000,LOC.1396/FAC,LOC.1396.FAC,#f0a73a,landslide.LOC.1396.FAC,"['44.5181', '36.4766']",,FAC,FALSE
5000,LOC.1396/DATA,LOC.1396.DATA,#8579ec,landslide.LOC.1396.DATA,"['44.5181', '36.4766']",,DATA,FALSE
10000,LOC.1397,LOC.1397,#2579e8,landslide.LOC.1397,"['51.7334', '30.7313']",Sajarood basin,LOC,FALSE
5000,LOC.1397/MED,LOC.1397.MED,#27cf7e,landslide.LOC.1397.MED,"['51.7334', '30.7313']",,MED,FALSE
5000,LOC.1397/FAC,LOC.1397.FAC,#f0a73a,landslide.LOC.1397.FAC,"['51.7334', '30.7313']",,FAC,FALSE
5000,LOC.1397/DATA,LOC.1397.DATA,#8579ec,landslide.LOC.1397.DATA,"['51.7334', '30.7313']",,DATA,FALSE
10000,LOC.1398,LOC.1398,#2579e8,landslide.LOC.1398,"['51.7167', '30.5000']",Sajaroud,LOC,FALSE
5000,LOC.1398/MED,LOC.1398.MED,#27cf7e,landslide.LOC.1398.MED,"['51.7167', '30.5000']",,MED,FALSE
5000,LOC.1398/FAC,LOC.1398.FAC,#f0a73a,landslide.LOC.1398.FAC,"['51.7167', '30.5000']",,FAC,FALSE
5000,LOC.1398/DATA,LOC.1398.DATA,#8579ec,landslide.LOC.1398.DATA,"['51.7167', '30.5000']",,DATA,FALSE
10000,LOC.1399,LOC.1399,#2579e8,landslide.LOC.1399,"['78.1528', '11.6622']",Salem district,LOC,FALSE
5000,LOC.1399/MED,LOC.1399.MED,#27cf7e,landslide.LOC.1399.MED,"['78.1528', '11.6622']",,MED,FALSE
5000,LOC.1399/FAC,LOC.1399.FAC,#f0a73a,landslide.LOC.1399.FAC,"['78.1528', '11.6622']",,FAC,FALSE
5000,LOC.1399/DATA,LOC.1399.DATA,#8579ec,landslide.LOC.1399.DATA,"['78.1528', '11.6622']",,DATA,FALSE
10000,LOC.1400,LOC.1400,#2579e8,landslide.LOC.1400,"['35.1717', '31.5016']",Salhoub and Gaza camp,LOC,FALSE
5000,LOC.1400/MED,LOC.1400.MED,#27cf7e,landslide.LOC.1400.MED,"['35.1717', '31.5016']",,MED,FALSE
5000,LOC.1400/FAC,LOC.1400.FAC,#f0a73a,landslide.LOC.1400.FAC,"['35.1717', '31.5016']",,FAC,FALSE
5000,LOC.1400/DATA,LOC.1400.DATA,#8579ec,landslide.LOC.1400.DATA,"['35.1717', '31.5016']",,DATA,FALSE
10000,LOC.1401,LOC.1401,#2579e8,landslide.LOC.1401,"['91.8296', '27.2583']",Samdrup Jongkhar - Trashigang highway in eastern Bhutan,LOC,FALSE
5000,LOC.1401/MED,LOC.1401.MED,#27cf7e,landslide.LOC.1401.MED,"['91.8296', '27.2583']",,MED,FALSE
5000,LOC.1401/FAC,LOC.1401.FAC,#f0a73a,landslide.LOC.1401.FAC,"['91.8296', '27.2583']",,FAC,FALSE
5000,LOC.1401/DATA,LOC.1401.DATA,#8579ec,landslide.LOC.1401.DATA,"['91.8296', '27.2583']",,DATA,FALSE
10000,LOC.1402,LOC.1402,#2579e8,landslide.LOC.1402,"['55.0150', '9.9807']",San Carlos,LOC,FALSE
5000,LOC.1402/MED,LOC.1402.MED,#27cf7e,landslide.LOC.1402.MED,"['55.0150', '9.9807']",,MED,FALSE
5000,LOC.1402/FAC,LOC.1402.FAC,#f0a73a,landslide.LOC.1402.FAC,"['55.0150', '9.9807']",,FAC,FALSE
5000,LOC.1402/DATA,LOC.1402.DATA,#8579ec,landslide.LOC.1402.DATA,"['55.0150', '9.9807']",,DATA,FALSE
10000,LOC.1403,LOC.1403,#2579e8,landslide.LOC.1403,"['122.4194', '37.7749']",San Francisco Bay,LOC,FALSE
5000,LOC.1403/MED,LOC.1403.MED,#27cf7e,landslide.LOC.1403.MED,"['122.4194', '37.7749']",,MED,FALSE
5000,LOC.1403/FAC,LOC.1403.FAC,#f0a73a,landslide.LOC.1403.FAC,"['122.4194', '37.7749']",,FAC,FALSE
5000,LOC.1403/DATA,LOC.1403.DATA,#8579ec,landslide.LOC.1403.DATA,"['122.4194', '37.7749']",,DATA,FALSE
10000,LOC.1404,LOC.1404,#2579e8,landslide.LOC.1404,"['88.2506', '13.4848']",San Miguel,LOC,FALSE
5000,LOC.1404/MED,LOC.1404.MED,#27cf7e,landslide.LOC.1404.MED,"['88.2506', '13.4848']",,MED,FALSE
5000,LOC.1404/FAC,LOC.1404.FAC,#f0a73a,landslide.LOC.1404.FAC,"['88.2506', '13.4848']",,FAC,FALSE
5000,LOC.1404/DATA,LOC.1404.DATA,#8579ec,landslide.LOC.1404.DATA,"['88.2506', '13.4848']",,DATA,FALSE
10000,LOC.1405,LOC.1405,#2579e8,landslide.LOC.1405,"['77.7910', '0.3368']",San Rafael waterfall in Northeast Ecuador,LOC,FALSE
5000,LOC.1405/MED,LOC.1405.MED,#27cf7e,landslide.LOC.1405.MED,"['77.7910', '0.3368']",,MED,FALSE
5000,LOC.1405/FAC,LOC.1405.FAC,#f0a73a,landslide.LOC.1405.FAC,"['77.7910', '0.3368']",,FAC,FALSE
5000,LOC.1405/DATA,LOC.1405.DATA,#8579ec,landslide.LOC.1405.DATA,"['77.7910', '0.3368']",,DATA,FALSE
10000,LOC.1406,LOC.1406,#2579e8,landslide.LOC.1406,"['120.9515', '37.5841']",San Ramon Ravine,LOC,FALSE
5000,LOC.1406/MED,LOC.1406.MED,#27cf7e,landslide.LOC.1406.MED,"['120.9515', '37.5841']",,MED,FALSE
5000,LOC.1406/FAC,LOC.1406.FAC,#f0a73a,landslide.LOC.1406.FAC,"['120.9515', '37.5841']",,FAC,FALSE
5000,LOC.1406/DATA,LOC.1406.DATA,#8579ec,landslide.LOC.1406.DATA,"['120.9515', '37.5841']",,DATA,FALSE
10000,LOC.1407,LOC.1407,#2579e8,landslide.LOC.1407,"['89.1913', '13.6929']",San Salvador,LOC,FALSE
5000,LOC.1407/MED,LOC.1407.MED,#27cf7e,landslide.LOC.1407.MED,"['89.1913', '13.6929']",,MED,FALSE
5000,LOC.1407/FAC,LOC.1407.FAC,#f0a73a,landslide.LOC.1407.FAC,"['89.1913', '13.6929']",,FAC,FALSE
5000,LOC.1407/DATA,LOC.1407.DATA,#8579ec,landslide.LOC.1407.DATA,"['89.1913', '13.6929']",,DATA,FALSE
10000,LOC.1408,LOC.1408,#2579e8,landslide.LOC.1408,"['121.1276', '13.5901']",San Vicente Volcanoes,LOC,FALSE
5000,LOC.1408/MED,LOC.1408.MED,#27cf7e,landslide.LOC.1408.MED,"['121.1276', '13.5901']",,MED,FALSE
5000,LOC.1408/FAC,LOC.1408.FAC,#f0a73a,landslide.LOC.1408.FAC,"['121.1276', '13.5901']",,FAC,FALSE
5000,LOC.1408/DATA,LOC.1408.DATA,#8579ec,landslide.LOC.1408.DATA,"['121.1276', '13.5901']",,DATA,FALSE
10000,LOC.1409,LOC.1409,#2579e8,landslide.LOC.1409,"['128.1586', '36.4154']",Sangju,LOC,FALSE
5000,LOC.1409/MED,LOC.1409.MED,#27cf7e,landslide.LOC.1409.MED,"['128.1586', '36.4154']",,MED,FALSE
5000,LOC.1409/FAC,LOC.1409.FAC,#f0a73a,landslide.LOC.1409.FAC,"['128.1586', '36.4154']",,FAC,FALSE
5000,LOC.1409/DATA,LOC.1409.DATA,#8579ec,landslide.LOC.1409.DATA,"['128.1586', '36.4154']",,DATA,FALSE
10000,LOC.1410,LOC.1410,#2579e8,landslide.LOC.1410,"['47.2060', '33.2332']",Sangtarashan watershed,LOC,FALSE
5000,LOC.1410/MED,LOC.1410.MED,#27cf7e,landslide.LOC.1410.MED,"['47.2060', '33.2332']",,MED,FALSE
5000,LOC.1410/FAC,LOC.1410.FAC,#f0a73a,landslide.LOC.1410.FAC,"['47.2060', '33.2332']",,FAC,FALSE
5000,LOC.1410/DATA,LOC.1410.DATA,#8579ec,landslide.LOC.1410.DATA,"['47.2060', '33.2332']",,DATA,FALSE
10000,LOC.1411,LOC.1411,#2579e8,landslide.LOC.1411,"['70.6483', '33.4489']",Santiago,LOC,FALSE
5000,LOC.1411/MED,LOC.1411.MED,#27cf7e,landslide.LOC.1411.MED,"['70.6483', '33.4489']",,MED,FALSE
5000,LOC.1411/FAC,LOC.1411.FAC,#f0a73a,landslide.LOC.1411.FAC,"['70.6483', '33.4489']",,FAC,FALSE
5000,LOC.1411/DATA,LOC.1411.DATA,#8579ec,landslide.LOC.1411.DATA,"['70.6483', '33.4489']",,DATA,FALSE
10000,LOC.1412,LOC.1412,#2579e8,landslide.LOC.1412,"['53.3588', '36.5633']",Sari - Kiasar watershed,LOC,FALSE
5000,LOC.1412/MED,LOC.1412.MED,#27cf7e,landslide.LOC.1412.MED,"['53.3588', '36.5633']",,MED,FALSE
5000,LOC.1412/FAC,LOC.1412.FAC,#f0a73a,landslide.LOC.1412.FAC,"['53.3588', '36.5633']",,FAC,FALSE
5000,LOC.1412/DATA,LOC.1412.DATA,#8579ec,landslide.LOC.1412.DATA,"['53.3588', '36.5633']",,DATA,FALSE
10000,LOC.1413,LOC.1413,#2579e8,landslide.LOC.1413,"['54.5', '27.5']",Sarkhoon watershed,LOC,FALSE
5000,LOC.1413/MED,LOC.1413.MED,#27cf7e,landslide.LOC.1413.MED,"['54.5', '27.5']",,MED,FALSE
5000,LOC.1413/FAC,LOC.1413.FAC,#f0a73a,landslide.LOC.1413.FAC,"['54.5', '27.5']",,FAC,FALSE
5000,LOC.1413/DATA,LOC.1413.DATA,#8579ec,landslide.LOC.1413.DATA,"['54.5', '27.5']",,DATA,FALSE
10000,LOC.1414,LOC.1414,#2579e8,landslide.LOC.1414,"['77.3', '30.6']",Sataun in the Sirmur district of Himachal Pradesh,LOC,FALSE
5000,LOC.1414/MED,LOC.1414.MED,#27cf7e,landslide.LOC.1414.MED,"['77.3', '30.6']",,MED,FALSE
5000,LOC.1414/FAC,LOC.1414.FAC,#f0a73a,landslide.LOC.1414.FAC,"['77.3', '30.6']",,FAC,FALSE
5000,LOC.1414/DATA,LOC.1414.DATA,#8579ec,landslide.LOC.1414.DATA,"['77.3', '30.6']",,DATA,FALSE
10000,LOC.1415,LOC.1415,#2579e8,landslide.LOC.1415,"['32.5', '41.3']",Satuk village in the Yenice district of the province of Karabuk in the Western Black Sea,LOC,FALSE
5000,LOC.1415/MED,LOC.1415.MED,#27cf7e,landslide.LOC.1415.MED,"['32.5', '41.3']",,MED,FALSE
5000,LOC.1415/FAC,LOC.1415.FAC,#f0a73a,landslide.LOC.1415.FAC,"['32.5', '41.3']",,FAC,FALSE
5000,LOC.1415/DATA,LOC.1415.DATA,#8579ec,landslide.LOC.1415.DATA,"['32.5', '41.3']",,DATA,FALSE
10000,LOC.1416,LOC.1416,#2579e8,landslide.LOC.1416,"['45.0792', '23.8859']",Saudi Arabia,LOC,FALSE
5000,LOC.1416/MED,LOC.1416.MED,#27cf7e,landslide.LOC.1416.MED,"['45.0792', '23.8859']",,MED,FALSE
5000,LOC.1416/FAC,LOC.1416.FAC,#f0a73a,landslide.LOC.1416.FAC,"['45.0792', '23.8859']",,FAC,FALSE
5000,LOC.1416/DATA,LOC.1416.DATA,#8579ec,landslide.LOC.1416.DATA,"['45.0792', '23.8859']",,DATA,FALSE
10000,LOC.1417,LOC.1417,#2579e8,landslide.LOC.1417,"['41.5', '41.5']",Savsat city,LOC,FALSE
5000,LOC.1417/MED,LOC.1417.MED,#27cf7e,landslide.LOC.1417.MED,"['41.5', '41.5']",,MED,FALSE
5000,LOC.1417/FAC,LOC.1417.FAC,#f0a73a,landslide.LOC.1417.FAC,"['41.5', '41.5']",,FAC,FALSE
5000,LOC.1417/DATA,LOC.1417.DATA,#8579ec,landslide.LOC.1417.DATA,"['41.5', '41.5']",,DATA,FALSE
10000,LOC.1418,LOC.1418,#2579e8,landslide.LOC.1418,"['-2.0', '37.5']",SE Spain,LOC,FALSE
5000,LOC.1418/MED,LOC.1418.MED,#27cf7e,landslide.LOC.1418.MED,"['-2.0', '37.5']",,MED,FALSE
5000,LOC.1418/FAC,LOC.1418.FAC,#f0a73a,landslide.LOC.1418.FAC,"['-2.0', '37.5']",,FAC,FALSE
5000,LOC.1418/DATA,LOC.1418.DATA,#8579ec,landslide.LOC.1418.DATA,"['-2.0', '37.5']",,DATA,FALSE
10000,LOC.1419,LOC.1419,#2579e8,landslide.LOC.1419,"['100.0', '10.0']",SEA,LOC,FALSE
5000,LOC.1419/MED,LOC.1419.MED,#27cf7e,landslide.LOC.1419.MED,"['100.0', '10.0']",,MED,FALSE
5000,LOC.1419/FAC,LOC.1419.FAC,#f0a73a,landslide.LOC.1419.FAC,"['100.0', '10.0']",,FAC,FALSE
5000,LOC.1419/DATA,LOC.1419.DATA,#8579ec,landslide.LOC.1419.DATA,"['100.0', '10.0']",,DATA,FALSE
10000,LOC.1420,LOC.1420,#2579e8,landslide.LOC.1420,"['-122.3', '47.6']",Seattle,LOC,FALSE
5000,LOC.1420/MED,LOC.1420.MED,#27cf7e,landslide.LOC.1420.MED,"['-122.3', '47.6']",,MED,FALSE
5000,LOC.1420/FAC,LOC.1420.FAC,#f0a73a,landslide.LOC.1420.FAC,"['-122.3', '47.6']",,FAC,FALSE
5000,LOC.1420/DATA,LOC.1420.DATA,#8579ec,landslide.LOC.1420.DATA,"['-122.3', '47.6']",,DATA,FALSE
10000,LOC.1421,LOC.1421,#2579e8,landslide.LOC.1421,"['101.6', '3.0']",Selangor,LOC,FALSE
5000,LOC.1421/MED,LOC.1421.MED,#27cf7e,landslide.LOC.1421.MED,"['101.6', '3.0']",,MED,FALSE
5000,LOC.1421/FAC,LOC.1421.FAC,#f0a73a,landslide.LOC.1421.FAC,"['101.6', '3.0']",,FAC,FALSE
5000,LOC.1421/DATA,LOC.1421.DATA,#8579ec,landslide.LOC.1421.DATA,"['101.6', '3.0']",,DATA,FALSE
10000,LOC.1422,LOC.1422,#2579e8,landslide.LOC.1422,"['14.7', '37.5']",Selinous River drainage basin,LOC,FALSE
5000,LOC.1422/MED,LOC.1422.MED,#27cf7e,landslide.LOC.1422.MED,"['14.7', '37.5']",,MED,FALSE
5000,LOC.1422/FAC,LOC.1422.FAC,#f0a73a,landslide.LOC.1422.FAC,"['14.7', '37.5']",,FAC,FALSE
5000,LOC.1422/DATA,LOC.1422.DATA,#8579ec,landslide.LOC.1422.DATA,"['14.7', '37.5']",,DATA,FALSE
10000,LOC.1423,LOC.1423,#2579e8,landslide.LOC.1423,"['128.6', '38.2']",Seorak Mountain in Korea,LOC,FALSE
5000,LOC.1423/MED,LOC.1423.MED,#27cf7e,landslide.LOC.1423.MED,"['128.6', '38.2']",,MED,FALSE
5000,LOC.1423/FAC,LOC.1423.FAC,#f0a73a,landslide.LOC.1423.FAC,"['128.6', '38.2']",,FAC,FALSE
5000,LOC.1423/DATA,LOC.1423.DATA,#8579ec,landslide.LOC.1423.DATA,"['128.6', '38.2']",,DATA,FALSE
10000,LOC.1424,LOC.1424,#2579e8,landslide.LOC.1424,"['126.9', '37.5']",Seoul metropolitan and southern coastal,LOC,FALSE
5000,LOC.1424/MED,LOC.1424.MED,#27cf7e,landslide.LOC.1424.MED,"['126.9', '37.5']",,MED,FALSE
5000,LOC.1424/FAC,LOC.1424.FAC,#f0a73a,landslide.LOC.1424.FAC,"['126.9', '37.5']",,FAC,FALSE
5000,LOC.1424/DATA,LOC.1424.DATA,#8579ec,landslide.LOC.1424.DATA,"['126.9', '37.5']",,DATA,FALSE
10000,LOC.1425,LOC.1425,#2579e8,landslide.LOC.1425,"['53.5', '35.4']",Sephidargole area in Semnan province,LOC,FALSE
5000,LOC.1425/MED,LOC.1425.MED,#27cf7e,landslide.LOC.1425.MED,"['53.5', '35.4']",,MED,FALSE
5000,LOC.1425/FAC,LOC.1425.FAC,#f0a73a,landslide.LOC.1425.FAC,"['53.5', '35.4']",,FAC,FALSE
5000,LOC.1425/DATA,LOC.1425.DATA,#8579ec,landslide.LOC.1425.DATA,"['53.5', '35.4']",,DATA,FALSE
10000,LOC.1426,LOC.1426,#2579e8,landslide.LOC.1426,"['21.0', '44.0']",Serbia,LOC,FALSE
5000,LOC.1426/MED,LOC.1426.MED,#27cf7e,landslide.LOC.1426.MED,"['21.0', '44.0']",,MED,FALSE
5000,LOC.1426/FAC,LOC.1426.FAC,#f0a73a,landslide.LOC.1426.FAC,"['21.0', '44.0']",,FAC,FALSE
5000,LOC.1426/DATA,LOC.1426.DATA,#8579ec,landslide.LOC.1426.DATA,"['21.0', '44.0']",,DATA,FALSE
10000,LOC.1427,LOC.1427,#2579e8,landslide.LOC.1427,"['93.2', '23.3']",Serchhip,LOC,FALSE
5000,LOC.1427/MED,LOC.1427.MED,#27cf7e,landslide.LOC.1427.MED,"['93.2', '23.3']",,MED,FALSE
5000,LOC.1427/FAC,LOC.1427.FAC,#f0a73a,landslide.LOC.1427.FAC,"['93.2', '23.3']",,FAC,FALSE
5000,LOC.1427/DATA,LOC.1427.DATA,#8579ec,landslide.LOC.1427.DATA,"['93.2', '23.3']",,DATA,FALSE
10000,LOC.1428,LOC.1428,#2579e8,landslide.LOC.1428,"['93.2', '23.3']",Serchhip township,LOC,FALSE
5000,LOC.1428/MED,LOC.1428.MED,#27cf7e,landslide.LOC.1428.MED,"['93.2', '23.3']",,MED,FALSE
5000,LOC.1428/FAC,LOC.1428.FAC,#f0a73a,landslide.LOC.1428.FAC,"['93.2', '23.3']",,FAC,FALSE
5000,LOC.1428/DATA,LOC.1428.DATA,#8579ec,landslide.LOC.1428.DATA,"['93.2', '23.3']",,DATA,FALSE
10000,LOC.1429,LOC.1429,#2579e8,landslide.LOC.1429,"['-50.3', '-27.0']",Serra Geral,LOC,FALSE
5000,LOC.1429/MED,LOC.1429.MED,#27cf7e,landslide.LOC.1429.MED,"['-50.3', '-27.0']",,MED,FALSE
5000,LOC.1429/FAC,LOC.1429.FAC,#f0a73a,landslide.LOC.1429.FAC,"['-50.3', '-27.0']",,FAC,FALSE
5000,LOC.1429/DATA,LOC.1429.DATA,#8579ec,landslide.LOC.1429.DATA,"['-50.3', '-27.0']",,DATA,FALSE
10000,LOC.1430,LOC.1430,#2579e8,landslide.LOC.1430,"['0.0', '0.0']",SH37,LOC,FALSE
5000,LOC.1430/MED,LOC.1430.MED,#27cf7e,landslide.LOC.1430.MED,"['0.0', '0.0']",,MED,FALSE
5000,LOC.1430/FAC,LOC.1430.FAC,#f0a73a,landslide.LOC.1430.FAC,"['0.0', '0.0']",,FAC,FALSE
5000,LOC.1430/DATA,LOC.1430.DATA,#8579ec,landslide.LOC.1430.DATA,"['0.0', '0.0']",,DATA,FALSE
10000,LOC.1431,LOC.1431,#2579e8,landslide.LOC.1431,"['108.0', '34.0']",Shaanxi,LOC,FALSE
5000,LOC.1431/MED,LOC.1431.MED,#27cf7e,landslide.LOC.1431.MED,"['108.0', '34.0']",,MED,FALSE
5000,LOC.1431/FAC,LOC.1431.FAC,#f0a73a,landslide.LOC.1431.FAC,"['108.0', '34.0']",,FAC,FALSE
5000,LOC.1431/DATA,LOC.1431.DATA,#8579ec,landslide.LOC.1431.DATA,"['108.0', '34.0']",,DATA,FALSE
10000,LOC.1432,LOC.1432,#2579e8,landslide.LOC.1432,"['108.0', '34.0']",Shaanxi Province,LOC,FALSE
5000,LOC.1432/MED,LOC.1432.MED,#27cf7e,landslide.LOC.1432.MED,"['108.0', '34.0']",,MED,FALSE
5000,LOC.1432/FAC,LOC.1432.FAC,#f0a73a,landslide.LOC.1432.FAC,"['108.0', '34.0']",,FAC,FALSE
5000,LOC.1432/DATA,LOC.1432.DATA,#8579ec,landslide.LOC.1432.DATA,"['108.0', '34.0']",,DATA,FALSE
10000,LOC.1433,LOC.1433,#2579e8,landslide.LOC.1433,"['107.2903', '33.8683']","Shaanxi Province, China",LOC,FALSE
5000,LOC.1433/MED,LOC.1433.MED,#27cf7e,landslide.LOC.1433.MED,"['107.2903', '33.8683']",,MED,FALSE
5000,LOC.1433/FAC,LOC.1433.FAC,#f0a73a,landslide.LOC.1433.FAC,"['107.2903', '33.8683']",,FAC,FALSE
5000,LOC.1433/DATA,LOC.1433.DATA,#8579ec,landslide.LOC.1433.DATA,"['107.2903', '33.8683']",,DATA,FALSE
10000,LOC.1434,LOC.1434,#2579e8,landslide.LOC.1434,"['113.4967', '34.0761']",Shangge,LOC,FALSE
5000,LOC.1434/MED,LOC.1434.MED,#27cf7e,landslide.LOC.1434.MED,"['113.4967', '34.0761']",,MED,FALSE
5000,LOC.1434/FAC,LOC.1434.FAC,#f0a73a,landslide.LOC.1434.FAC,"['113.4967', '34.0761']",,FAC,FALSE
5000,LOC.1434/DATA,LOC.1434.DATA,#8579ec,landslide.LOC.1434.DATA,"['113.4967', '34.0761']",,DATA,FALSE
10000,LOC.1435,LOC.1435,#2579e8,landslide.LOC.1435,"['110.0139', '33.3467']",Shangnan County,LOC,FALSE
5000,LOC.1435/MED,LOC.1435.MED,#27cf7e,landslide.LOC.1435.MED,"['110.0139', '33.3467']",,MED,FALSE
5000,LOC.1435/FAC,LOC.1435.FAC,#f0a73a,landslide.LOC.1435.FAC,"['110.0139', '33.3467']",,FAC,FALSE
5000,LOC.1435/DATA,LOC.1435.DATA,#8579ec,landslide.LOC.1435.DATA,"['110.0139', '33.3467']",,DATA,FALSE
10000,LOC.1436,LOC.1436,#2579e8,landslide.LOC.1436,"['112.2126', '33.8733']",Shangzhou District,LOC,FALSE
5000,LOC.1436/MED,LOC.1436.MED,#27cf7e,landslide.LOC.1436.MED,"['112.2126', '33.8733']",,MED,FALSE
5000,LOC.1436/FAC,LOC.1436.FAC,#f0a73a,landslide.LOC.1436.FAC,"['112.2126', '33.8733']",,FAC,FALSE
5000,LOC.1436/DATA,LOC.1436.DATA,#8579ec,landslide.LOC.1436.DATA,"['112.2126', '33.8733']",,DATA,FALSE
10000,LOC.1437,LOC.1437,#2579e8,landslide.LOC.1437,"['112.2126', '33.8733']",Shangzhou District of Shangluo City,LOC,FALSE
5000,LOC.1437/MED,LOC.1437.MED,#27cf7e,landslide.LOC.1437.MED,"['112.2126', '33.8733']",,MED,FALSE
5000,LOC.1437/FAC,LOC.1437.FAC,#f0a73a,landslide.LOC.1437.FAC,"['112.2126', '33.8733']",,FAC,FALSE
5000,LOC.1437/DATA,LOC.1437.DATA,#8579ec,landslide.LOC.1437.DATA,"['112.2126', '33.8733']",,DATA,FALSE
10000,LOC.1438,LOC.1438,#2579e8,landslide.LOC.1438,"['112.7838', '35.4719']",Shan'xi Province,LOC,FALSE
5000,LOC.1438/MED,LOC.1438.MED,#27cf7e,landslide.LOC.1438.MED,"['112.7838', '35.4719']",,MED,FALSE
5000,LOC.1438/FAC,LOC.1438.FAC,#f0a73a,landslide.LOC.1438.FAC,"['112.7838', '35.4719']",,FAC,FALSE
5000,LOC.1438/DATA,LOC.1438.DATA,#8579ec,landslide.LOC.1438.DATA,"['112.7838', '35.4719']",,DATA,FALSE
10000,LOC.1439,LOC.1439,#2579e8,landslide.LOC.1439,"['120.9512', '24.5148']",Shei - Pa National Park in Taiwan,LOC,FALSE
5000,LOC.1439/MED,LOC.1439.MED,#27cf7e,landslide.LOC.1439.MED,"['120.9512', '24.5148']",,MED,FALSE
5000,LOC.1439/FAC,LOC.1439.FAC,#f0a73a,landslide.LOC.1439.FAC,"['120.9512', '24.5148']",,FAC,FALSE
5000,LOC.1439/DATA,LOC.1439.DATA,#8579ec,landslide.LOC.1439.DATA,"['120.9512', '24.5148']",,DATA,FALSE
10000,LOC.1440,LOC.1440,#2579e8,landslide.LOC.1440,"['120.9512', '24.5148']",Shei Pa National Park,LOC,FALSE
5000,LOC.1440/MED,LOC.1440.MED,#27cf7e,landslide.LOC.1440.MED,"['120.9512', '24.5148']",,MED,FALSE
5000,LOC.1440/FAC,LOC.1440.FAC,#f0a73a,landslide.LOC.1440.FAC,"['120.9512', '24.5148']",,FAC,FALSE
5000,LOC.1440/DATA,LOC.1440.DATA,#8579ec,landslide.LOC.1440.DATA,"['120.9512', '24.5148']",,DATA,FALSE
10000,LOC.1441,LOC.1441,#2579e8,landslide.LOC.1441,"['110.5863', '31.4570']",Shennongjia Forestry District,LOC,FALSE
5000,LOC.1441/MED,LOC.1441.MED,#27cf7e,landslide.LOC.1441.MED,"['110.5863', '31.4570']",,MED,FALSE
5000,LOC.1441/FAC,LOC.1441.FAC,#f0a73a,landslide.LOC.1441.FAC,"['110.5863', '31.4570']",,FAC,FALSE
5000,LOC.1441/DATA,LOC.1441.DATA,#8579ec,landslide.LOC.1441.DATA,"['110.5863', '31.4570']",,DATA,FALSE
10000,LOC.1442,LOC.1442,#2579e8,landslide.LOC.1442,"['114.0545', '22.5431']",Shenzhen,LOC,FALSE
5000,LOC.1442/MED,LOC.1442.MED,#27cf7e,landslide.LOC.1442.MED,"['114.0545', '22.5431']",,MED,FALSE
5000,LOC.1442/FAC,LOC.1442.FAC,#f0a73a,landslide.LOC.1442.FAC,"['114.0545', '22.5431']",,FAC,FALSE
5000,LOC.1442/DATA,LOC.1442.DATA,#8579ec,landslide.LOC.1442.DATA,"['114.0545', '22.5431']",,DATA,FALSE
10000,LOC.1443,LOC.1443,#2579e8,landslide.LOC.1443,"['114.0545', '22.5431']",Shenzhen city,LOC,FALSE
5000,LOC.1443/MED,LOC.1443.MED,#27cf7e,landslide.LOC.1443.MED,"['114.0545', '22.5431']",,MED,FALSE
5000,LOC.1443/FAC,LOC.1443.FAC,#f0a73a,landslide.LOC.1443.FAC,"['114.0545', '22.5431']",,FAC,FALSE
5000,LOC.1443/DATA,LOC.1443.DATA,#8579ec,landslide.LOC.1443.DATA,"['114.0545', '22.5431']",,DATA,FALSE
10000,LOC.1444,LOC.1444,#2579e8,landslide.LOC.1444,"['118.8163', '29.7956']",Shexian,LOC,FALSE
5000,LOC.1444/MED,LOC.1444.MED,#27cf7e,landslide.LOC.1444.MED,"['118.8163', '29.7956']",,MED,FALSE
5000,LOC.1444/FAC,LOC.1444.FAC,#f0a73a,landslide.LOC.1444.FAC,"['118.8163', '29.7956']",,FAC,FALSE
5000,LOC.1444/DATA,LOC.1444.DATA,#8579ec,landslide.LOC.1444.DATA,"['118.8163', '29.7956']",,DATA,FALSE
10000,LOC.1445,LOC.1445,#2579e8,landslide.LOC.1445,"['119.1823', '29.1935']",Shexian County,LOC,FALSE
5000,LOC.1445/MED,LOC.1445.MED,#27cf7e,landslide.LOC.1445.MED,"['119.1823', '29.1935']",,MED,FALSE
5000,LOC.1445/FAC,LOC.1445.FAC,#f0a73a,landslide.LOC.1445.FAC,"['119.1823', '29.1935']",,FAC,FALSE
5000,LOC.1445/DATA,LOC.1445.DATA,#8579ec,landslide.LOC.1445.DATA,"['119.1823', '29.1935']",,DATA,FALSE
10000,LOC.1446,LOC.1446,#2579e8,landslide.LOC.1446,"['116.3635', '27.4220']",Shicheng County,LOC,FALSE
5000,LOC.1446/MED,LOC.1446.MED,#27cf7e,landslide.LOC.1446.MED,"['116.3635', '27.4220']",,MED,FALSE
5000,LOC.1446/FAC,LOC.1446.FAC,#f0a73a,landslide.LOC.1446.FAC,"['116.3635', '27.4220']",,FAC,FALSE
5000,LOC.1446/DATA,LOC.1446.DATA,#8579ec,landslide.LOC.1446.DATA,"['116.3635', '27.4220']",,DATA,FALSE
10000,LOC.1447,LOC.1447,#2579e8,landslide.LOC.1447,"['116.3635', '27.4220']",Shicheng County in Jiangxi Province of China,LOC,FALSE
5000,LOC.1447/MED,LOC.1447.MED,#27cf7e,landslide.LOC.1447.MED,"['116.3635', '27.4220']",,MED,FALSE
5000,LOC.1447/FAC,LOC.1447.FAC,#f0a73a,landslide.LOC.1447.FAC,"['116.3635', '27.4220']",,FAC,FALSE
5000,LOC.1447/DATA,LOC.1447.DATA,#8579ec,landslide.LOC.1447.DATA,"['116.3635', '27.4220']",,DATA,FALSE
10000,LOC.1448,LOC.1448,#2579e8,landslide.LOC.1448,"['121.3069', '24.8257']",Shihmen watershed,LOC,FALSE
5000,LOC.1448/MED,LOC.1448.MED,#27cf7e,landslide.LOC.1448.MED,"['121.3069', '24.8257']",,MED,FALSE
5000,LOC.1448/FAC,LOC.1448.FAC,#f0a73a,landslide.LOC.1448.FAC,"['121.3069', '24.8257']",,FAC,FALSE
5000,LOC.1448/DATA,LOC.1448.DATA,#8579ec,landslide.LOC.1448.DATA,"['121.3069', '24.8257']",,DATA,FALSE
10000,LOC.1449,LOC.1449,#2579e8,landslide.LOC.1449,"['111.6634', '28.7245']",Shiliushubao,LOC,FALSE
5000,LOC.1449/MED,LOC.1449.MED,#27cf7e,landslide.LOC.1449.MED,"['111.6634', '28.7245']",,MED,FALSE
5000,LOC.1449/FAC,LOC.1449.FAC,#f0a73a,landslide.LOC.1449.FAC,"['111.6634', '28.7245']",,FAC,FALSE
5000,LOC.1449/DATA,LOC.1449.DATA,#8579ec,landslide.LOC.1449.DATA,"['111.6634', '28.7245']",,DATA,FALSE
10000,LOC.1450,LOC.1450,#2579e8,landslide.LOC.1450,"['91.8825', '25.6180']",Shillong Plateau in the North Eastern Region of India,LOC,FALSE
5000,LOC.1450/MED,LOC.1450.MED,#27cf7e,landslide.LOC.1450.MED,"['91.8825', '25.6180']",,MED,FALSE
5000,LOC.1450/FAC,LOC.1450.FAC,#f0a73a,landslide.LOC.1450.FAC,"['91.8825', '25.6180']",,FAC,FALSE
5000,LOC.1450/DATA,LOC.1450.DATA,#8579ec,landslide.LOC.1450.DATA,"['91.8825', '25.6180']",,DATA,FALSE
10000,LOC.1451,LOC.1451,#2579e8,landslide.LOC.1451,"['117.2174', '31.6892']",Shilongmen reservoir,LOC,FALSE
5000,LOC.1451/MED,LOC.1451.MED,#27cf7e,landslide.LOC.1451.MED,"['117.2174', '31.6892']",,MED,FALSE
5000,LOC.1451/FAC,LOC.1451.FAC,#f0a73a,landslide.LOC.1451.FAC,"['117.2174', '31.6892']",,FAC,FALSE
5000,LOC.1451/DATA,LOC.1451.DATA,#8579ec,landslide.LOC.1451.DATA,"['117.2174', '31.6892']",,DATA,FALSE
10000,LOC.1452,LOC.1452,#2579e8,landslide.LOC.1452,"['77.1734', '31.1048']",Shimla,LOC,FALSE
5000,LOC.1452/MED,LOC.1452.MED,#27cf7e,landslide.LOC.1452.MED,"['77.1734', '31.1048']",,MED,FALSE
5000,LOC.1452/FAC,LOC.1452.FAC,#f0a73a,landslide.LOC.1452.FAC,"['77.1734', '31.1048']",,FAC,FALSE
5000,LOC.1452/DATA,LOC.1452.DATA,#8579ec,landslide.LOC.1452.DATA,"['77.1734', '31.1048']",,DATA,FALSE
10000,LOC.1453,LOC.1453,#2579e8,landslide.LOC.1453,"['87.2183', '27.6655']",Shiv - khola watershed,LOC,FALSE
5000,LOC.1453/MED,LOC.1453.MED,#27cf7e,landslide.LOC.1453.MED,"['87.2183', '27.6655']",,MED,FALSE
5000,LOC.1453/FAC,LOC.1453.FAC,#f0a73a,landslide.LOC.1453.FAC,"['87.2183', '27.6655']",,FAC,FALSE
5000,LOC.1453/DATA,LOC.1453.DATA,#8579ec,landslide.LOC.1453.DATA,"['87.2183', '27.6655']",,DATA,FALSE
10000,LOC.1454,LOC.1454,#2579e8,landslide.LOC.1454,"['87.2183', '27.6655']",Shivkhola Watershed,LOC,FALSE
5000,LOC.1454/MED,LOC.1454.MED,#27cf7e,landslide.LOC.1454.MED,"['87.2183', '27.6655']",,MED,FALSE
5000,LOC.1454/FAC,LOC.1454.FAC,#f0a73a,landslide.LOC.1454.FAC,"['87.2183', '27.6655']",,FAC,FALSE
5000,LOC.1454/DATA,LOC.1454.DATA,#8579ec,landslide.LOC.1454.DATA,"['87.2183', '27.6655']",,DATA,FALSE
10000,LOC.1455,LOC.1455,#2579e8,landslide.LOC.1455,"['106.4923', '29.8343']",Shiwangmiao,LOC,FALSE
5000,LOC.1455/MED,LOC.1455.MED,#27cf7e,landslide.LOC.1455.MED,"['106.4923', '29.8343']",,MED,FALSE
5000,LOC.1455/FAC,LOC.1455.FAC,#f0a73a,landslide.LOC.1455.FAC,"['106.4923', '29.8343']",,FAC,FALSE
5000,LOC.1455/DATA,LOC.1455.DATA,#8579ec,landslide.LOC.1455.DATA,"['106.4923', '29.8343']",,DATA,FALSE
10000,LOC.1456,LOC.1456,#2579e8,landslide.LOC.1456,"['108.5447', '30.0328']",Shizhu,LOC,FALSE
5000,LOC.1456/MED,LOC.1456.MED,#27cf7e,landslide.LOC.1456.MED,"['108.5447', '30.0328']",,MED,FALSE
5000,LOC.1456/FAC,LOC.1456.FAC,#f0a73a,landslide.LOC.1456.FAC,"['108.5447', '30.0328']",,FAC,FALSE
5000,LOC.1456/DATA,LOC.1456.DATA,#8579ec,landslide.LOC.1456.DATA,"['108.5447', '30.0328']",,DATA,FALSE
10000,LOC.1457,LOC.1457,#2579e8,landslide.LOC.1457,"['138.3121', '34.8049']",Shizuoka County,LOC,FALSE
5000,LOC.1457/MED,LOC.1457.MED,#27cf7e,landslide.LOC.1457.MED,"['138.3121', '34.8049']",,MED,FALSE
5000,LOC.1457/FAC,LOC.1457.FAC,#f0a73a,landslide.LOC.1457.FAC,"['138.3121', '34.8049']",,FAC,FALSE
5000,LOC.1457/DATA,LOC.1457.DATA,#8579ec,landslide.LOC.1457.DATA,"['138.3121', '34.8049']",,DATA,FALSE
10000,LOC.1458,LOC.1458,#2579e8,landslide.LOC.1458,"['77.9871', '8.6940']",Sholaikkadu at the top,LOC,FALSE
5000,LOC.1458/MED,LOC.1458.MED,#27cf7e,landslide.LOC.1458.MED,"['77.9871', '8.6940']",,MED,FALSE
5000,LOC.1458/FAC,LOC.1458.FAC,#f0a73a,landslide.LOC.1458.FAC,"['77.9871', '8.6940']",,FAC,FALSE
5000,LOC.1458/DATA,LOC.1458.DATA,#8579ec,landslide.LOC.1458.DATA,"['77.9871', '8.6940']",,DATA,FALSE
10000,LOC.1459,LOC.1459,#2579e8,landslide.LOC.1459,"['99.8244', '24.7031']",Shuangbai County,LOC,FALSE
5000,LOC.1459/MED,LOC.1459.MED,#27cf7e,landslide.LOC.1459.MED,"['99.8244', '24.7031']",,MED,FALSE
5000,LOC.1459/FAC,LOC.1459.FAC,#f0a73a,landslide.LOC.1459.FAC,"['99.8244', '24.7031']",,FAC,FALSE
5000,LOC.1459/DATA,LOC.1459.DATA,#8579ec,landslide.LOC.1459.DATA,"['99.8244', '24.7031']",,DATA,FALSE
10000,LOC.1460,LOC.1460,#2579e8,landslide.LOC.1460,"['111.0828', '28.2830']",Shuangshi town and Longmen town of Lushan county,LOC,FALSE
5000,LOC.1460/MED,LOC.1460.MED,#27cf7e,landslide.LOC.1460.MED,"['111.0828', '28.2830']",,MED,FALSE
5000,LOC.1460/FAC,LOC.1460.FAC,#f0a73a,landslide.LOC.1460.FAC,"['111.0828', '28.2830']",,FAC,FALSE
5000,LOC.1460/DATA,LOC.1460.DATA,#8579ec,landslide.LOC.1460.DATA,"['111.0828', '28.2830']",,DATA,FALSE
10000,LOC.1461,LOC.1461,#2579e8,landslide.LOC.1461,"['104.9531', '27.7569']",Shuicheng County,LOC,FALSE
5000,LOC.1461/MED,LOC.1461.MED,#27cf7e,landslide.LOC.1461.MED,"['104.9531', '27.7569']",,MED,FALSE
5000,LOC.1461/FAC,LOC.1461.FAC,#f0a73a,landslide.LOC.1461.FAC,"['104.9531', '27.7569']",,FAC,FALSE
5000,LOC.1461/DATA,LOC.1461.DATA,#8579ec,landslide.LOC.1461.DATA,"['104.9531', '27.7569']",,DATA,FALSE
10000,LOC.1462,LOC.1462,#2579e8,landslide.LOC.1462,"['105.3083', '32.2863']",Shunxi segment of Zhongwu gas pipeline in Zhong County,LOC,FALSE
5000,LOC.1462/MED,LOC.1462.MED,#27cf7e,landslide.LOC.1462.MED,"['105.3083', '32.2863']",,MED,FALSE
5000,LOC.1462/FAC,LOC.1462.FAC,#f0a73a,landslide.LOC.1462.FAC,"['105.3083', '32.2863']",,FAC,FALSE
5000,LOC.1462/DATA,LOC.1462.DATA,#8579ec,landslide.LOC.1462.DATA,"['105.3083', '32.2863']",,DATA,FALSE
10000,LOC.1463,LOC.1463,#2579e8,landslide.LOC.1463,"['101.3150', '30.2570']",Sichuan - Tibet Engineering Corridor,LOC,FALSE
5000,LOC.1463/MED,LOC.1463.MED,#27cf7e,landslide.LOC.1463.MED,"['101.3150', '30.2570']",,MED,FALSE
5000,LOC.1463/FAC,LOC.1463.FAC,#f0a73a,landslide.LOC.1463.FAC,"['101.3150', '30.2570']",,FAC,FALSE
5000,LOC.1463/DATA,LOC.1463.DATA,#8579ec,landslide.LOC.1463.DATA,"['101.3150', '30.2570']",,DATA,FALSE
10000,LOC.1464,LOC.1464,#2579e8,landslide.LOC.1464,"['102.0756', '29.7470']",Sichuan - Tibet Highway,LOC,FALSE
5000,LOC.1464/MED,LOC.1464.MED,#27cf7e,landslide.LOC.1464.MED,"['102.0756', '29.7470']",,MED,FALSE
5000,LOC.1464/FAC,LOC.1464.FAC,#f0a73a,landslide.LOC.1464.FAC,"['102.0756', '29.7470']",,FAC,FALSE
5000,LOC.1464/DATA,LOC.1464.DATA,#8579ec,landslide.LOC.1464.DATA,"['102.0756', '29.7470']",,DATA,FALSE
10000,LOC.1465,LOC.1465,#2579e8,landslide.LOC.1465,"['103.4284', '30.3824']",Sichuan - Tibet Railway,LOC,FALSE
5000,LOC.1465/MED,LOC.1465.MED,#27cf7e,landslide.LOC.1465.MED,"['103.4284', '30.3824']",,MED,FALSE
5000,LOC.1465/FAC,LOC.1465.FAC,#f0a73a,landslide.LOC.1465.FAC,"['103.4284', '30.3824']",,FAC,FALSE
5000,LOC.1465/DATA,LOC.1465.DATA,#8579ec,landslide.LOC.1465.DATA,"['103.4284', '30.3824']",,DATA,FALSE
10000,LOC.1466,LOC.1466,#2579e8,landslide.LOC.1466,"['102.0756', '29.7470']",Sichuan - Tibet transportation corridor,LOC,FALSE
5000,LOC.1466/MED,LOC.1466.MED,#27cf7e,landslide.LOC.1466.MED,"['102.0756', '29.7470']",,MED,FALSE
5000,LOC.1466/FAC,LOC.1466.FAC,#f0a73a,landslide.LOC.1466.FAC,"['102.0756', '29.7470']",,FAC,FALSE
5000,LOC.1466/DATA,LOC.1466.DATA,#8579ec,landslide.LOC.1466.DATA,"['102.0756', '29.7470']",,DATA,FALSE
10000,LOC.1467,LOC.1467,#2579e8,landslide.LOC.1467,"['101.3431', '24.4752']",Sichuan Plain to the Qinghai Tibet Plateau,LOC,FALSE
5000,LOC.1467/MED,LOC.1467.MED,#27cf7e,landslide.LOC.1467.MED,"['101.3431', '24.4752']",,MED,FALSE
5000,LOC.1467/FAC,LOC.1467.FAC,#f0a73a,landslide.LOC.1467.FAC,"['101.3431', '24.4752']",,FAC,FALSE
5000,LOC.1467/DATA,LOC.1467.DATA,#8579ec,landslide.LOC.1467.DATA,"['101.3431', '24.4752']",,DATA,FALSE
10000,LOC.1468,LOC.1468,#2579e8,landslide.LOC.1468,"['102.7103', '30.6516']",Sichuan Province of China,LOC,FALSE
5000,LOC.1468/MED,LOC.1468.MED,#27cf7e,landslide.LOC.1468.MED,"['102.7103', '30.6516']",,MED,FALSE
5000,LOC.1468/FAC,LOC.1468.FAC,#f0a73a,landslide.LOC.1468.FAC,"['102.7103', '30.6516']",,FAC,FALSE
5000,LOC.1468/DATA,LOC.1468.DATA,#8579ec,landslide.LOC.1468.DATA,"['102.7103', '30.6516']",,DATA,FALSE
10000,LOC.1469,LOC.1469,#2579e8,landslide.LOC.1469,"['13.3594', '37.5991']",Sicilian territory,LOC,FALSE
5000,LOC.1469/MED,LOC.1469.MED,#27cf7e,landslide.LOC.1469.MED,"['13.3594', '37.5991']",,MED,FALSE
5000,LOC.1469/FAC,LOC.1469.FAC,#f0a73a,landslide.LOC.1469.FAC,"['13.3594', '37.5991']",,FAC,FALSE
5000,LOC.1469/DATA,LOC.1469.DATA,#8579ec,landslide.LOC.1469.DATA,"['13.3594', '37.5991']",,DATA,FALSE
10000,LOC.1470,LOC.1470,#2579e8,landslide.LOC.1470,"['14.0154', '37.6009']",Sicily,LOC,FALSE
5000,LOC.1470/MED,LOC.1470.MED,#27cf7e,landslide.LOC.1470.MED,"['14.0154', '37.6009']",,MED,FALSE
5000,LOC.1470/FAC,LOC.1470.FAC,#f0a73a,landslide.LOC.1470.FAC,"['14.0154', '37.6009']",,FAC,FALSE
5000,LOC.1470/DATA,LOC.1470.DATA,#8579ec,landslide.LOC.1470.DATA,"['14.0154', '37.6009']",,DATA,FALSE
10000,LOC.1471,LOC.1471,#2579e8,landslide.LOC.1471,"['6.9556', '33.9629']",Sidi Abdellah,LOC,FALSE
5000,LOC.1471/MED,LOC.1471.MED,#27cf7e,landslide.LOC.1471.MED,"['6.9556', '33.9629']",,MED,FALSE
5000,LOC.1471/FAC,LOC.1471.FAC,#f0a73a,landslide.LOC.1471.FAC,"['6.9556', '33.9629']",,FAC,FALSE
5000,LOC.1471/DATA,LOC.1471.DATA,#8579ec,landslide.LOC.1471.DATA,"['6.9556', '33.9629']",,DATA,FALSE
10000,LOC.1472,LOC.1472,#2579e8,landslide.LOC.1472,"['117.9111', '14.7690']",Sierra - Costa,LOC,FALSE
5000,LOC.1472/MED,LOC.1472.MED,#27cf7e,landslide.LOC.1472.MED,"['117.9111', '14.7690']",,MED,FALSE
5000,LOC.1472/FAC,LOC.1472.FAC,#f0a73a,landslide.LOC.1472.FAC,"['117.9111', '14.7690']",,FAC,FALSE
5000,LOC.1472/DATA,LOC.1472.DATA,#8579ec,landslide.LOC.1472.DATA,"['117.9111', '14.7690']",,DATA,FALSE
10000,LOC.1473,LOC.1473,#2579e8,landslide.LOC.1473,"['-102.4207', '18.7751']",Sierra - Costa region in the southwestern part of the Michoacan state,LOC,FALSE
5000,LOC.1473/MED,LOC.1473.MED,#27cf7e,landslide.LOC.1473.MED,"['-102.4207', '18.7751']",,MED,FALSE
5000,LOC.1473/FAC,LOC.1473.FAC,#f0a73a,landslide.LOC.1473.FAC,"['-102.4207', '18.7751']",,FAC,FALSE
5000,LOC.1473/DATA,LOC.1473.DATA,#8579ec,landslide.LOC.1473.DATA,"['-102.4207', '18.7751']",,DATA,FALSE
10000,LOC.1474,LOC.1474,#2579e8,landslide.LOC.1474,"['-11.8439', '8.4606']",Sierra Leone,LOC,FALSE
5000,LOC.1474/MED,LOC.1474.MED,#27cf7e,landslide.LOC.1474.MED,"['-11.8439', '8.4606']",,MED,FALSE
5000,LOC.1474/FAC,LOC.1474.FAC,#f0a73a,landslide.LOC.1474.FAC,"['-11.8439', '8.4606']",,FAC,FALSE
5000,LOC.1474/DATA,LOC.1474.DATA,#8579ec,landslide.LOC.1474.DATA,"['-11.8439', '8.4606']",,DATA,FALSE
10000,LOC.1475,LOC.1475,#2579e8,landslide.LOC.1475,"['-97.4065', '19.8620']",Sierra Norte de Puebla,LOC,FALSE
5000,LOC.1475/MED,LOC.1475.MED,#27cf7e,landslide.LOC.1475.MED,"['-97.4065', '19.8620']",,MED,FALSE
5000,LOC.1475/FAC,LOC.1475.FAC,#f0a73a,landslide.LOC.1475.FAC,"['-97.4065', '19.8620']",,FAC,FALSE
5000,LOC.1475/DATA,LOC.1475.DATA,#8579ec,landslide.LOC.1475.DATA,"['-97.4065', '19.8620']",,DATA,FALSE
10000,LOC.1476,LOC.1476,#2579e8,landslide.LOC.1476,"['88.5122', '27.5330']",Sikkim,LOC,FALSE
5000,LOC.1476/MED,LOC.1476.MED,#27cf7e,landslide.LOC.1476.MED,"['88.5122', '27.5330']",,MED,FALSE
5000,LOC.1476/FAC,LOC.1476.FAC,#f0a73a,landslide.LOC.1476.FAC,"['88.5122', '27.5330']",,FAC,FALSE
5000,LOC.1476/DATA,LOC.1476.DATA,#8579ec,landslide.LOC.1476.DATA,"['88.5122', '27.5330']",,DATA,FALSE
10000,LOC.1477,LOC.1477,#2579e8,landslide.LOC.1477,"['88.6198', '27.6252']",Sikkim Himalaya,LOC,FALSE
5000,LOC.1477/MED,LOC.1477.MED,#27cf7e,landslide.LOC.1477.MED,"['88.6198', '27.6252']",,MED,FALSE
5000,LOC.1477/FAC,LOC.1477.FAC,#f0a73a,landslide.LOC.1477.FAC,"['88.6198', '27.6252']",,FAC,FALSE
5000,LOC.1477/DATA,LOC.1477.DATA,#8579ec,landslide.LOC.1477.DATA,"['88.6198', '27.6252']",,DATA,FALSE
10000,LOC.1478,LOC.1478,#2579e8,landslide.LOC.1478,"['88.5122', '27.5330']",Sikkim State of India,LOC,FALSE
5000,LOC.1478/MED,LOC.1478.MED,#27cf7e,landslide.LOC.1478.MED,"['88.5122', '27.5330']",,MED,FALSE
5000,LOC.1478/FAC,LOC.1478.FAC,#f0a73a,landslide.LOC.1478.FAC,"['88.5122', '27.5330']",,FAC,FALSE
5000,LOC.1478/DATA,LOC.1478.DATA,#8579ec,landslide.LOC.1478.DATA,"['88.5122', '27.5330']",,DATA,FALSE
10000,LOC.1479,LOC.1479,#2579e8,landslide.LOC.1479,"['103.1409', '22.1362']",Sin Ho district,LOC,FALSE
5000,LOC.1479/MED,LOC.1479.MED,#27cf7e,landslide.LOC.1479.MED,"['103.1409', '22.1362']",,MED,FALSE
5000,LOC.1479/FAC,LOC.1479.FAC,#f0a73a,landslide.LOC.1479.FAC,"['103.1409', '22.1362']",,FAC,FALSE
5000,LOC.1479/DATA,LOC.1479.DATA,#8579ec,landslide.LOC.1479.DATA,"['103.1409', '22.1362']",,DATA,FALSE
10000,LOC.1480,LOC.1480,#2579e8,landslide.LOC.1480,"['108.1914', '28.8477']",Sinan County of Guizhou Province in China,LOC,FALSE
5000,LOC.1480/MED,LOC.1480.MED,#27cf7e,landslide.LOC.1480.MED,"['108.1914', '28.8477']",,MED,FALSE
5000,LOC.1480/FAC,LOC.1480.FAC,#f0a73a,landslide.LOC.1480.FAC,"['108.1914', '28.8477']",,FAC,FALSE
5000,LOC.1480/DATA,LOC.1480.DATA,#8579ec,landslide.LOC.1480.DATA,"['108.1914', '28.8477']",,DATA,FALSE
10000,LOC.1481,LOC.1481,#2579e8,landslide.LOC.1481,"['85.4884', '27.9635']",Sindhupalchowk District,LOC,FALSE
5000,LOC.1481/MED,LOC.1481.MED,#27cf7e,landslide.LOC.1481.MED,"['85.4884', '27.9635']",,MED,FALSE
5000,LOC.1481/FAC,LOC.1481.FAC,#f0a73a,landslide.LOC.1481.FAC,"['85.4884', '27.9635']",,FAC,FALSE
5000,LOC.1481/DATA,LOC.1481.DATA,#8579ec,landslide.LOC.1481.DATA,"['85.4884', '27.9635']",,DATA,FALSE
10000,LOC.1482,LOC.1482,#2579e8,landslide.LOC.1482,"['121.1833', '7.7444']",Singgahan,LOC,FALSE
5000,LOC.1482/MED,LOC.1482.MED,#27cf7e,landslide.LOC.1482.MED,"['121.1833', '7.7444']",,MED,FALSE
5000,LOC.1482/FAC,LOC.1482.FAC,#f0a73a,landslide.LOC.1482.FAC,"['121.1833', '7.7444']",,FAC,FALSE
5000,LOC.1482/DATA,LOC.1482.DATA,#8579ec,landslide.LOC.1482.DATA,"['121.1833', '7.7444']",,DATA,FALSE
10000,LOC.1483,LOC.1483,#2579e8,landslide.LOC.1483,"['34.8681', '42.0226']",Sinop,LOC,FALSE
5000,LOC.1483/MED,LOC.1483.MED,#27cf7e,landslide.LOC.1483.MED,"['34.8681', '42.0226']",,MED,FALSE
5000,LOC.1483/FAC,LOC.1483.FAC,#f0a73a,landslide.LOC.1483.FAC,"['34.8681', '42.0226']",,FAC,FALSE
5000,LOC.1483/DATA,LOC.1483.DATA,#8579ec,landslide.LOC.1483.DATA,"['34.8681', '42.0226']",,DATA,FALSE
10000,LOC.1484,LOC.1484,#2579e8,landslide.LOC.1484,"['34.8681', '42.0226']",Sinop province of the Black Sea region of Turkey,LOC,FALSE
5000,LOC.1484/MED,LOC.1484.MED,#27cf7e,landslide.LOC.1484.MED,"['34.8681', '42.0226']",,MED,FALSE
5000,LOC.1484/FAC,LOC.1484.FAC,#f0a73a,landslide.LOC.1484.FAC,"['34.8681', '42.0226']",,FAC,FALSE
5000,LOC.1484/DATA,LOC.1484.DATA,#8579ec,landslide.LOC.1484.DATA,"['34.8681', '42.0226']",,DATA,FALSE
10000,LOC.1485,LOC.1485,#2579e8,landslide.LOC.1485,"['16.3752', '45.3907']",Sisak - Moslavina County in Croatia,LOC,FALSE
5000,LOC.1485/MED,LOC.1485.MED,#27cf7e,landslide.LOC.1485.MED,"['16.3752', '45.3907']",,MED,FALSE
5000,LOC.1485/FAC,LOC.1485.FAC,#f0a73a,landslide.LOC.1485.FAC,"['16.3752', '45.3907']",,FAC,FALSE
5000,LOC.1485/DATA,LOC.1485.DATA,#8579ec,landslide.LOC.1485.DATA,"['16.3752', '45.3907']",,DATA,FALSE
10000,LOC.1486,LOC.1486,#2579e8,landslide.LOC.1486,"['37.9763', '39.7392']",Sivas,LOC,FALSE
5000,LOC.1486/MED,LOC.1486.MED,#27cf7e,landslide.LOC.1486.MED,"['37.9763', '39.7392']",,MED,FALSE
5000,LOC.1486/FAC,LOC.1486.FAC,#f0a73a,landslide.LOC.1486.FAC,"['37.9763', '39.7392']",,FAC,FALSE
5000,LOC.1486/DATA,LOC.1486.DATA,#8579ec,landslide.LOC.1486.DATA,"['37.9763', '39.7392']",,DATA,FALSE
10000,LOC.1487,LOC.1487,#2579e8,landslide.LOC.1487,"['78.2089', '30.8313']","Siwalik , the Lesser and the Great Himalayan ranges",LOC,FALSE
5000,LOC.1487/MED,LOC.1487.MED,#27cf7e,landslide.LOC.1487.MED,"['78.2089', '30.8313']",,MED,FALSE
5000,LOC.1487/FAC,LOC.1487.FAC,#f0a73a,landslide.LOC.1487.FAC,"['78.2089', '30.8313']",,FAC,FALSE
5000,LOC.1487/DATA,LOC.1487.DATA,#8579ec,landslide.LOC.1487.DATA,"['78.2089', '30.8313']",,DATA,FALSE
10000,LOC.1488,LOC.1488,#2579e8,landslide.LOC.1488,"['77.7128', '29.9206']",Siwalik Hills,LOC,FALSE
5000,LOC.1488/MED,LOC.1488.MED,#27cf7e,landslide.LOC.1488.MED,"['77.7128', '29.9206']",,MED,FALSE
5000,LOC.1488/FAC,LOC.1488.FAC,#f0a73a,landslide.LOC.1488.FAC,"['77.7128', '29.9206']",,FAC,FALSE
5000,LOC.1488/DATA,LOC.1488.DATA,#8579ec,landslide.LOC.1488.DATA,"['77.7128', '29.9206']",,DATA,FALSE
10000,LOC.1489,LOC.1489,#2579e8,landslide.LOC.1489,"['78.5398', '29.9422']",Siwalik zone of Nepal Himalaya,LOC,FALSE
5000,LOC.1489/MED,LOC.1489.MED,#27cf7e,landslide.LOC.1489.MED,"['78.5398', '29.9422']",,MED,FALSE
5000,LOC.1489/FAC,LOC.1489.FAC,#f0a73a,landslide.LOC.1489.FAC,"['78.5398', '29.9422']",,FAC,FALSE
5000,LOC.1489/DATA,LOC.1489.DATA,#8579ec,landslide.LOC.1489.DATA,"['78.5398', '29.9422']",,DATA,FALSE
10000,LOC.1490,LOC.1490,#2579e8,landslide.LOC.1490,"['77.7128', '29.9206']",Siwaliks,LOC,FALSE
5000,LOC.1490/MED,LOC.1490.MED,#27cf7e,landslide.LOC.1490.MED,"['77.7128', '29.9206']",,MED,FALSE
5000,LOC.1490/FAC,LOC.1490.FAC,#f0a73a,landslide.LOC.1490.FAC,"['77.7128', '29.9206']",,FAC,FALSE
5000,LOC.1490/DATA,LOC.1490.DATA,#8579ec,landslide.LOC.1490.DATA,"['77.7128', '29.9206']",,DATA,FALSE
10000,LOC.1491,LOC.1491,#2579e8,landslide.LOC.1491,"['-47.8825', '-15.7942']",SJP,LOC,FALSE
5000,LOC.1491/MED,LOC.1491.MED,#27cf7e,landslide.LOC.1491.MED,"['-47.8825', '-15.7942']",,MED,FALSE
5000,LOC.1491/FAC,LOC.1491.FAC,#f0a73a,landslide.LOC.1491.FAC,"['-47.8825', '-15.7942']",,FAC,FALSE
5000,LOC.1491/DATA,LOC.1491.DATA,#8579ec,landslide.LOC.1491.DATA,"['-47.8825', '-15.7942']",,DATA,FALSE
10000,LOC.1492,LOC.1492,#2579e8,landslide.LOC.1492,"['-19.6347', '65.8181']",Skagafjorour,LOC,FALSE
5000,LOC.1492/MED,LOC.1492.MED,#27cf7e,landslide.LOC.1492.MED,"['-19.6347', '65.8181']",,MED,FALSE
5000,LOC.1492/FAC,LOC.1492.FAC,#f0a73a,landslide.LOC.1492.FAC,"['-19.6347', '65.8181']",,FAC,FALSE
5000,LOC.1492/DATA,LOC.1492.DATA,#8579ec,landslide.LOC.1492.DATA,"['-19.6347', '65.8181']",,DATA,FALSE
10000,LOC.1493,LOC.1493,#2579e8,landslide.LOC.1493,"['0.0', '0.0']",Slope,LOC,FALSE
5000,LOC.1493/MED,LOC.1493.MED,#27cf7e,landslide.LOC.1493.MED,"['0.0', '0.0']",,MED,FALSE
5000,LOC.1493/FAC,LOC.1493.FAC,#f0a73a,landslide.LOC.1493.FAC,"['0.0', '0.0']",,FAC,FALSE
5000,LOC.1493/DATA,LOC.1493.DATA,#8579ec,landslide.LOC.1493.DATA,"['0.0', '0.0']",,DATA,FALSE
10000,LOC.1494,LOC.1494,#2579e8,landslide.LOC.1494,"['0.0', '0.0']",Slope angle,LOC,FALSE
5000,LOC.1494/MED,LOC.1494.MED,#27cf7e,landslide.LOC.1494.MED,"['0.0', '0.0']",,MED,FALSE
5000,LOC.1494/FAC,LOC.1494.FAC,#f0a73a,landslide.LOC.1494.FAC,"['0.0', '0.0']",,FAC,FALSE
5000,LOC.1494/DATA,LOC.1494.DATA,#8579ec,landslide.LOC.1494.DATA,"['0.0', '0.0']",,DATA,FALSE
10000,LOC.1495,LOC.1495,#2579e8,landslide.LOC.1495,"['19.6990', '48.6690']",Slovakia,LOC,FALSE
5000,LOC.1495/MED,LOC.1495.MED,#27cf7e,landslide.LOC.1495.MED,"['19.6990', '48.6690']",,MED,FALSE
5000,LOC.1495/FAC,LOC.1495.FAC,#f0a73a,landslide.LOC.1495.FAC,"['19.6990', '48.6690']",,FAC,FALSE
5000,LOC.1495/DATA,LOC.1495.DATA,#8579ec,landslide.LOC.1495.DATA,"['19.6990', '48.6690']",,DATA,FALSE
10000,LOC.1496,LOC.1496,#2579e8,landslide.LOC.1496,"['110.8190', '-7.6360']",Solo,LOC,FALSE
5000,LOC.1496/MED,LOC.1496.MED,#27cf7e,landslide.LOC.1496.MED,"['110.8190', '-7.6360']",,MED,FALSE
5000,LOC.1496/FAC,LOC.1496.FAC,#f0a73a,landslide.LOC.1496.FAC,"['110.8190', '-7.6360']",,FAC,FALSE
5000,LOC.1496/DATA,LOC.1496.DATA,#8579ec,landslide.LOC.1496.DATA,"['110.8190', '-7.6360']",,DATA,FALSE
10000,LOC.1497,LOC.1497,#2579e8,landslide.LOC.1497,"['104.1313', '21.1254']",Son La hydropower reservoir basin,LOC,FALSE
5000,LOC.1497/MED,LOC.1497.MED,#27cf7e,landslide.LOC.1497.MED,"['104.1313', '21.1254']",,MED,FALSE
5000,LOC.1497/FAC,LOC.1497.FAC,#f0a73a,landslide.LOC.1497.FAC,"['104.1313', '21.1254']",,FAC,FALSE
5000,LOC.1497/DATA,LOC.1497.DATA,#8579ec,landslide.LOC.1497.DATA,"['104.1313', '21.1254']",,DATA,FALSE
10000,LOC.1498,LOC.1498,#2579e8,landslide.LOC.1498,"['113.8366', '33.0433']",Songkou,LOC,FALSE
5000,LOC.1498/MED,LOC.1498.MED,#27cf7e,landslide.LOC.1498.MED,"['113.8366', '33.0433']",,MED,FALSE
5000,LOC.1498/FAC,LOC.1498.FAC,#f0a73a,landslide.LOC.1498.FAC,"['113.8366', '33.0433']",,FAC,FALSE
5000,LOC.1498/DATA,LOC.1498.DATA,#8579ec,landslide.LOC.1498.DATA,"['113.8366', '33.0433']",,DATA,FALSE
10000,LOC.1499,LOC.1499,#2579e8,landslide.LOC.1499,"['119.2104', '28.4465']",Songyang County,LOC,FALSE
5000,LOC.1499/MED,LOC.1499.MED,#27cf7e,landslide.LOC.1499.MED,"['119.2104', '28.4465']",,MED,FALSE
5000,LOC.1499/FAC,LOC.1499.FAC,#f0a73a,landslide.LOC.1499.FAC,"['119.2104', '28.4465']",,FAC,FALSE
5000,LOC.1499/DATA,LOC.1499.DATA,#8579ec,landslide.LOC.1499.DATA,"['119.2104', '28.4465']",,DATA,FALSE
10000,LOC.1500,LOC.1500,#2579e8,landslide.LOC.1500,"['75.2875', '34.3141']",Sonmarg,LOC,FALSE
5000,LOC.1500/MED,LOC.1500.MED,#27cf7e,landslide.LOC.1500.MED,"['75.2875', '34.3141']",,MED,FALSE
5000,LOC.1500/FAC,LOC.1500.FAC,#f0a73a,landslide.LOC.1500.FAC,"['75.2875', '34.3141']",,FAC,FALSE
5000,LOC.1500/DATA,LOC.1500.DATA,#8579ec,landslide.LOC.1500.DATA,"['75.2875', '34.3141']",,DATA,FALSE
10000,LOC.1501,LOC.1501,#2579e8,landslide.LOC.1501,"['18.5560', '54.4416']",Sopot,LOC,FALSE
5000,LOC.1501/MED,LOC.1501.MED,#27cf7e,landslide.LOC.1501.MED,"['18.5560', '54.4416']",,MED,FALSE
5000,LOC.1501/FAC,LOC.1501.FAC,#f0a73a,landslide.LOC.1501.FAC,"['18.5560', '54.4416']",,FAC,FALSE
5000,LOC.1501/DATA,LOC.1501.DATA,#8579ec,landslide.LOC.1501.DATA,"['18.5560', '54.4416']",,DATA,FALSE
10000,LOC.1502,LOC.1502,#2579e8,landslide.LOC.1502,"['50.5409', '32.6050']",Sorkhab basin,LOC,FALSE
5000,LOC.1502/MED,LOC.1502.MED,#27cf7e,landslide.LOC.1502.MED,"['50.5409', '32.6050']",,MED,FALSE
5000,LOC.1502/FAC,LOC.1502.FAC,#f0a73a,landslide.LOC.1502.FAC,"['50.5409', '32.6050']",,FAC,FALSE
5000,LOC.1502/DATA,LOC.1502.DATA,#8579ec,landslide.LOC.1502.DATA,"['50.5409', '32.6050']",,DATA,FALSE
10000,LOC.1503,LOC.1503,#2579e8,landslide.LOC.1503,"['7.9465', '36.2864']",Souk Ahras,LOC,FALSE
5000,LOC.1503/MED,LOC.1503.MED,#27cf7e,landslide.LOC.1503.MED,"['7.9465', '36.2864']",,MED,FALSE
5000,LOC.1503/FAC,LOC.1503.FAC,#f0a73a,landslide.LOC.1503.FAC,"['7.9465', '36.2864']",,FAC,FALSE
5000,LOC.1503/DATA,LOC.1503.DATA,#8579ec,landslide.LOC.1503.DATA,"['7.9465', '36.2864']",,DATA,FALSE
10000,LOC.1504,LOC.1504,#2579e8,landslide.LOC.1504,"['7.9325', '36.2507']",Souk Ahras province,LOC,FALSE
5000,LOC.1504/MED,LOC.1504.MED,#27cf7e,landslide.LOC.1504.MED,"['7.9325', '36.2507']",,MED,FALSE
5000,LOC.1504/FAC,LOC.1504.FAC,#f0a73a,landslide.LOC.1504.FAC,"['7.9325', '36.2507']",,FAC,FALSE
5000,LOC.1504/DATA,LOC.1504.DATA,#8579ec,landslide.LOC.1504.DATA,"['7.9325', '36.2507']",,DATA,FALSE
10000,LOC.1505,LOC.1505,#2579e8,landslide.LOC.1505,"['0.0000', '0.0000']",south,LOC,FALSE
5000,LOC.1505/MED,LOC.1505.MED,#27cf7e,landslide.LOC.1505.MED,"['0.0000', '0.0000']",,MED,FALSE
5000,LOC.1505/FAC,LOC.1505.FAC,#f0a73a,landslide.LOC.1505.FAC,"['0.0000', '0.0000']",,FAC,FALSE
5000,LOC.1505/DATA,LOC.1505.DATA,#8579ec,landslide.LOC.1505.DATA,"['0.0000', '0.0000']",,DATA,FALSE
10000,LOC.1506,LOC.1506,#2579e8,landslide.LOC.1506,"['78.9629', '20.5937']",south - Asia,LOC,FALSE
5000,LOC.1506/MED,LOC.1506.MED,#27cf7e,landslide.LOC.1506.MED,"['78.9629', '20.5937']",,MED,FALSE
5000,LOC.1506/FAC,LOC.1506.FAC,#f0a73a,landslide.LOC.1506.FAC,"['78.9629', '20.5937']",,FAC,FALSE
5000,LOC.1506/DATA,LOC.1506.DATA,#8579ec,landslide.LOC.1506.DATA,"['78.9629', '20.5937']",,DATA,FALSE
10000,LOC.1507,LOC.1507,#2579e8,landslide.LOC.1507,"['78.9629', '20.5937']",South - Asian,LOC,FALSE
5000,LOC.1507/MED,LOC.1507.MED,#27cf7e,landslide.LOC.1507.MED,"['78.9629', '20.5937']",,MED,FALSE
5000,LOC.1507/FAC,LOC.1507.FAC,#f0a73a,landslide.LOC.1507.FAC,"['78.9629', '20.5937']",,FAC,FALSE
5000,LOC.1507/DATA,LOC.1507.DATA,#8579ec,landslide.LOC.1507.DATA,"['78.9629', '20.5937']",,DATA,FALSE
10000,LOC.1508,LOC.1508,#2579e8,landslide.LOC.1508,"['14.0544', '46.9754']",south - eastern Alps,LOC,FALSE
5000,LOC.1508/MED,LOC.1508.MED,#27cf7e,landslide.LOC.1508.MED,"['14.0544', '46.9754']",,MED,FALSE
5000,LOC.1508/FAC,LOC.1508.FAC,#f0a73a,landslide.LOC.1508.FAC,"['14.0544', '46.9754']",,FAC,FALSE
5000,LOC.1508/DATA,LOC.1508.DATA,#8579ec,landslide.LOC.1508.DATA,"['14.0544', '46.9754']",,DATA,FALSE
10000,LOC.1509,LOC.1509,#2579e8,landslide.LOC.1509,"['3.1623', '45.8855']",south - eastern French Massif central,LOC,FALSE
5000,LOC.1509/MED,LOC.1509.MED,#27cf7e,landslide.LOC.1509.MED,"['3.1623', '45.8855']",,MED,FALSE
5000,LOC.1509/FAC,LOC.1509.FAC,#f0a73a,landslide.LOC.1509.FAC,"['3.1623', '45.8855']",,FAC,FALSE
5000,LOC.1509/DATA,LOC.1509.DATA,#8579ec,landslide.LOC.1509.DATA,"['3.1623', '45.8855']",,DATA,FALSE
10000,LOC.1510,LOC.1510,#2579e8,landslide.LOC.1510,"['88.5122', '27.5330']",south - eastern part of the Sikkim state in India,LOC,FALSE
5000,LOC.1510/MED,LOC.1510.MED,#27cf7e,landslide.LOC.1510.MED,"['88.5122', '27.5330']",,MED,FALSE
5000,LOC.1510/FAC,LOC.1510.FAC,#f0a73a,landslide.LOC.1510.FAC,"['88.5122', '27.5330']",,FAC,FALSE
5000,LOC.1510/DATA,LOC.1510.DATA,#8579ec,landslide.LOC.1510.DATA,"['88.5122', '27.5330']",,DATA,FALSE
10000,LOC.1511,LOC.1511,#2579e8,landslide.LOC.1511,"['48.5293', '30.3753']",south - western Iran,LOC,FALSE
5000,LOC.1511/MED,LOC.1511.MED,#27cf7e,landslide.LOC.1511.MED,"['48.5293', '30.3753']",,MED,FALSE
5000,LOC.1511/FAC,LOC.1511.FAC,#f0a73a,landslide.LOC.1511.FAC,"['48.5293', '30.3753']",,FAC,FALSE
5000,LOC.1511/DATA,LOC.1511.DATA,#8579ec,landslide.LOC.1511.DATA,"['48.5293', '30.3753']",,DATA,FALSE
10000,LOC.1512,LOC.1512,#2579e8,landslide.LOC.1512,"['19.3000', '42.5000']",south - western part of Montenegro,LOC,FALSE
5000,LOC.1512/MED,LOC.1512.MED,#27cf7e,landslide.LOC.1512.MED,"['19.3000', '42.5000']",,MED,FALSE
5000,LOC.1512/FAC,LOC.1512.FAC,#f0a73a,landslide.LOC.1512.FAC,"['19.3000', '42.5000']",,FAC,FALSE
5000,LOC.1512/DATA,LOC.1512.DATA,#8579ec,landslide.LOC.1512.DATA,"['19.3000', '42.5000']",,DATA,FALSE
10000,LOC.1513,LOC.1513,#2579e8,landslide.LOC.1513,"['28.0473', '26.2041']",South Africa,LOC,FALSE
5000,LOC.1513/MED,LOC.1513.MED,#27cf7e,landslide.LOC.1513.MED,"['28.0473', '26.2041']",,MED,FALSE
5000,LOC.1513/FAC,LOC.1513.FAC,#f0a73a,landslide.LOC.1513.FAC,"['28.0473', '26.2041']",,FAC,FALSE
5000,LOC.1513/DATA,LOC.1513.DATA,#8579ec,landslide.LOC.1513.DATA,"['28.0473', '26.2041']",,DATA,FALSE
10000,LOC.1514,LOC.1514,#2579e8,landslide.LOC.1514,"['27.4426', '38.4192']",south and north parts of the Izmir Bay,LOC,FALSE
5000,LOC.1514/MED,LOC.1514.MED,#27cf7e,landslide.LOC.1514.MED,"['27.4426', '38.4192']",,MED,FALSE
5000,LOC.1514/FAC,LOC.1514.FAC,#f0a73a,landslide.LOC.1514.FAC,"['27.4426', '38.4192']",,FAC,FALSE
5000,LOC.1514/DATA,LOC.1514.DATA,#8579ec,landslide.LOC.1514.DATA,"['27.4426', '38.4192']",,DATA,FALSE
10000,LOC.1515,LOC.1515,#2579e8,landslide.LOC.1515,"['113.7633', '23.6978']",South China,LOC,FALSE
5000,LOC.1515/MED,LOC.1515.MED,#27cf7e,landslide.LOC.1515.MED,"['113.7633', '23.6978']",,MED,FALSE
5000,LOC.1515/FAC,LOC.1515.FAC,#f0a73a,landslide.LOC.1515.FAC,"['113.7633', '23.6978']",,FAC,FALSE
5000,LOC.1515/DATA,LOC.1515.DATA,#8579ec,landslide.LOC.1515.DATA,"['113.7633', '23.6978']",,DATA,FALSE
10000,LOC.1516,LOC.1516,#2579e8,landslide.LOC.1516,"['21.8243', '37.9838']",South Greece,LOC,FALSE
5000,LOC.1516/MED,LOC.1516.MED,#27cf7e,landslide.LOC.1516.MED,"['21.8243', '37.9838']",,MED,FALSE
5000,LOC.1516/FAC,LOC.1516.FAC,#f0a73a,landslide.LOC.1516.FAC,"['21.8243', '37.9838']",,FAC,FALSE
5000,LOC.1516/DATA,LOC.1516.DATA,#8579ec,landslide.LOC.1516.DATA,"['21.8243', '37.9838']",,DATA,FALSE
10000,LOC.1517,LOC.1517,#2579e8,landslide.LOC.1517,"['78.9629', '20.5937']",South India,LOC,FALSE
5000,LOC.1517/MED,LOC.1517.MED,#27cf7e,landslide.LOC.1517.MED,"['78.9629', '20.5937']",,MED,FALSE
5000,LOC.1517/FAC,LOC.1517.FAC,#f0a73a,landslide.LOC.1517.FAC,"['78.9629', '20.5937']",,FAC,FALSE
5000,LOC.1517/DATA,LOC.1517.DATA,#8579ec,landslide.LOC.1517.DATA,"['78.9629', '20.5937']",,DATA,FALSE
10000,LOC.1518,LOC.1518,#2579e8,landslide.LOC.1518,"['15.2551', '37.7749']",south Italy,LOC,FALSE
5000,LOC.1518/MED,LOC.1518.MED,#27cf7e,landslide.LOC.1518.MED,"['15.2551', '37.7749']",,MED,FALSE
5000,LOC.1518/FAC,LOC.1518.FAC,#f0a73a,landslide.LOC.1518.FAC,"['15.2551', '37.7749']",,FAC,FALSE
5000,LOC.1518/DATA,LOC.1518.DATA,#8579ec,landslide.LOC.1518.DATA,"['15.2551', '37.7749']",,DATA,FALSE
10000,LOC.1519,LOC.1519,#2579e8,landslide.LOC.1519,"['127.7669', '35.9078']",South Korea,LOC,FALSE
5000,LOC.1519/MED,LOC.1519.MED,#27cf7e,landslide.LOC.1519.MED,"['127.7669', '35.9078']",,MED,FALSE
5000,LOC.1519/FAC,LOC.1519.FAC,#f0a73a,landslide.LOC.1519.FAC,"['127.7669', '35.9078']",,FAC,FALSE
5000,LOC.1519/DATA,LOC.1519.DATA,#8579ec,landslide.LOC.1519.DATA,"['127.7669', '35.9078']",,DATA,FALSE
10000,LOC.1520,LOC.1520,#2579e8,landslide.LOC.1520,"['126.9770', '37.5665']",south of Seoul,LOC,FALSE
5000,LOC.1520/MED,LOC.1520.MED,#27cf7e,landslide.LOC.1520.MED,"['126.9770', '37.5665']",,MED,FALSE
5000,LOC.1520/FAC,LOC.1520.FAC,#f0a73a,landslide.LOC.1520.FAC,"['126.9770', '37.5665']",,FAC,FALSE
5000,LOC.1520/DATA,LOC.1520.DATA,#8579ec,landslide.LOC.1520.DATA,"['126.9770', '37.5665']",,DATA,FALSE
10000,LOC.1521,LOC.1521,#2579e8,landslide.LOC.1521,"['113.0547', '36.7433']",south of Songkou Town,LOC,FALSE
5000,LOC.1521/MED,LOC.1521.MED,#27cf7e,landslide.LOC.1521.MED,"['113.0547', '36.7433']",,MED,FALSE
5000,LOC.1521/FAC,LOC.1521.FAC,#f0a73a,landslide.LOC.1521.FAC,"['113.0547', '36.7433']",,FAC,FALSE
5000,LOC.1521/DATA,LOC.1521.DATA,#8579ec,landslide.LOC.1521.DATA,"['113.0547', '36.7433']",,DATA,FALSE
10000,LOC.1522,LOC.1522,#2579e8,landslide.LOC.1522,"['119.4120', '32.7702']",south of Yangtze River,LOC,FALSE
5000,LOC.1522/MED,LOC.1522.MED,#27cf7e,landslide.LOC.1522.MED,"['119.4120', '32.7702']",,MED,FALSE
5000,LOC.1522/FAC,LOC.1522.FAC,#f0a73a,landslide.LOC.1522.FAC,"['119.4120', '32.7702']",,FAC,FALSE
5000,LOC.1522/DATA,LOC.1522.DATA,#8579ec,landslide.LOC.1522.DATA,"['119.4120', '32.7702']",,DATA,FALSE
10000,LOC.1523,LOC.1523,#2579e8,landslide.LOC.1523,"['88.6100', '27.5330']",South Sikkim,LOC,FALSE
5000,LOC.1523/MED,LOC.1523.MED,#27cf7e,landslide.LOC.1523.MED,"['88.6100', '27.5330']",,MED,FALSE
5000,LOC.1523/FAC,LOC.1523.FAC,#f0a73a,landslide.LOC.1523.FAC,"['88.6100', '27.5330']",,FAC,FALSE
5000,LOC.1523/DATA,LOC.1523.DATA,#8579ec,landslide.LOC.1523.DATA,"['88.6100', '27.5330']",,DATA,FALSE
10000,LOC.1524,LOC.1524,#2579e8,landslide.LOC.1524,"['33.9782', '28.5562']",South Sinai,LOC,FALSE
5000,LOC.1524/MED,LOC.1524.MED,#27cf7e,landslide.LOC.1524.MED,"['33.9782', '28.5562']",,MED,FALSE
5000,LOC.1524/FAC,LOC.1524.FAC,#f0a73a,landslide.LOC.1524.FAC,"['33.9782', '28.5562']",,FAC,FALSE
5000,LOC.1524/DATA,LOC.1524.DATA,#8579ec,landslide.LOC.1524.DATA,"['33.9782', '28.5562']",,DATA,FALSE
10000,LOC.1525,LOC.1525,#2579e8,landslide.LOC.1525,"['120.9605', '23.6978']",South Taiwan,LOC,FALSE
5000,LOC.1525/MED,LOC.1525.MED,#27cf7e,landslide.LOC.1525.MED,"['120.9605', '23.6978']",,MED,FALSE
5000,LOC.1525/FAC,LOC.1525.FAC,#f0a73a,landslide.LOC.1525.FAC,"['120.9605', '23.6978']",,FAC,FALSE
5000,LOC.1525/DATA,LOC.1525.DATA,#8579ec,landslide.LOC.1525.DATA,"['120.9605', '23.6978']",,DATA,FALSE
10000,LOC.1526,LOC.1526,#2579e8,landslide.LOC.1526,"['11.3531', '46.6166']",South Tyrol,LOC,FALSE
5000,LOC.1526/MED,LOC.1526.MED,#27cf7e,landslide.LOC.1526.MED,"['11.3531', '46.6166']",,MED,FALSE
5000,LOC.1526/FAC,LOC.1526.FAC,#f0a73a,landslide.LOC.1526.FAC,"['11.3531', '46.6166']",,FAC,FALSE
5000,LOC.1526/DATA,LOC.1526.DATA,#8579ec,landslide.LOC.1526.DATA,"['11.3531', '46.6166']",,DATA,FALSE
10000,LOC.1527,LOC.1527,#2579e8,landslide.LOC.1527,"['105.3188', '4.2105']",Southeast Asia,LOC,FALSE
5000,LOC.1527/MED,LOC.1527.MED,#27cf7e,landslide.LOC.1527.MED,"['105.3188', '4.2105']",,MED,FALSE
5000,LOC.1527/FAC,LOC.1527.FAC,#f0a73a,landslide.LOC.1527.FAC,"['105.3188', '4.2105']",,FAC,FALSE
5000,LOC.1527/DATA,LOC.1527.DATA,#8579ec,landslide.LOC.1527.DATA,"['105.3188', '4.2105']",,DATA,FALSE
10000,LOC.1528,LOC.1528,#2579e8,landslide.LOC.1528,"['117.9249', '23.7777']",southeast coastal areas of China,LOC,FALSE
5000,LOC.1528/MED,LOC.1528.MED,#27cf7e,landslide.LOC.1528.MED,"['117.9249', '23.7777']",,MED,FALSE
5000,LOC.1528/FAC,LOC.1528.FAC,#f0a73a,landslide.LOC.1528.FAC,"['117.9249', '23.7777']",,FAC,FALSE
5000,LOC.1528/DATA,LOC.1528.DATA,#8579ec,landslide.LOC.1528.DATA,"['117.9249', '23.7777']",,DATA,FALSE
10000,LOC.1529,LOC.1529,#2579e8,landslide.LOC.1529,"['115.6074', '25.2582']",southeast coastal mountainous area of China,LOC,FALSE
5000,LOC.1529/MED,LOC.1529.MED,#27cf7e,landslide.LOC.1529.MED,"['115.6074', '25.2582']",,MED,FALSE
5000,LOC.1529/FAC,LOC.1529.FAC,#f0a73a,landslide.LOC.1529.FAC,"['115.6074', '25.2582']",,FAC,FALSE
5000,LOC.1529/DATA,LOC.1529.DATA,#8579ec,landslide.LOC.1529.DATA,"['115.6074', '25.2582']",,DATA,FALSE
10000,LOC.1530,LOC.1530,#2579e8,landslide.LOC.1530,"['8.6753', '9.0820']",Southeast Nigeria,LOC,FALSE
5000,LOC.1530/MED,LOC.1530.MED,#27cf7e,landslide.LOC.1530.MED,"['8.6753', '9.0820']",,MED,FALSE
5000,LOC.1530/FAC,LOC.1530.FAC,#f0a73a,landslide.LOC.1530.FAC,"['8.6753', '9.0820']",,FAC,FALSE
5000,LOC.1530/DATA,LOC.1530.DATA,#8579ec,landslide.LOC.1530.DATA,"['8.6753', '9.0820']",,DATA,FALSE
10000,LOC.1531,LOC.1531,#2579e8,landslide.LOC.1531,"['48.5126', '10.7808']",southeast of Brazil,LOC,FALSE
5000,LOC.1531/MED,LOC.1531.MED,#27cf7e,landslide.LOC.1531.MED,"['48.5126', '10.7808']",,MED,FALSE
5000,LOC.1531/FAC,LOC.1531.FAC,#f0a73a,landslide.LOC.1531.FAC,"['48.5126', '10.7808']",,FAC,FALSE
5000,LOC.1531/DATA,LOC.1531.DATA,#8579ec,landslide.LOC.1531.DATA,"['48.5126', '10.7808']",,DATA,FALSE
10000,LOC.1532,LOC.1532,#2579e8,landslide.LOC.1532,"['120.3086', '36.4106']",Southeast of Dayang Town and Baiyun Town,LOC,FALSE
5000,LOC.1532/MED,LOC.1532.MED,#27cf7e,landslide.LOC.1532.MED,"['120.3086', '36.4106']",,MED,FALSE
5000,LOC.1532/FAC,LOC.1532.FAC,#f0a73a,landslide.LOC.1532.FAC,"['120.3086', '36.4106']",,FAC,FALSE
5000,LOC.1532/DATA,LOC.1532.DATA,#8579ec,landslide.LOC.1532.DATA,"['120.3086', '36.4106']",,DATA,FALSE
10000,LOC.1533,LOC.1533,#2579e8,landslide.LOC.1533,"['39.9334', '37.0902']",southeast of Turkey,LOC,FALSE
5000,LOC.1533/MED,LOC.1533.MED,#27cf7e,landslide.LOC.1533.MED,"['39.9334', '37.0902']",,MED,FALSE
5000,LOC.1533/FAC,LOC.1533.FAC,#f0a73a,landslide.LOC.1533.FAC,"['39.9334', '37.0902']",,FAC,FALSE
5000,LOC.1533/DATA,LOC.1533.DATA,#8579ec,landslide.LOC.1533.DATA,"['39.9334', '37.0902']",,DATA,FALSE
10000,LOC.1534,LOC.1534,#2579e8,landslide.LOC.1534,"['12.4964', '47.5162']",southeastern Alpine forelands,LOC,FALSE
5000,LOC.1534/MED,LOC.1534.MED,#27cf7e,landslide.LOC.1534.MED,"['12.4964', '47.5162']",,MED,FALSE
5000,LOC.1534/FAC,LOC.1534.FAC,#f0a73a,landslide.LOC.1534.FAC,"['12.4964', '47.5162']",,FAC,FALSE
5000,LOC.1534/DATA,LOC.1534.DATA,#8579ec,landslide.LOC.1534.DATA,"['12.4964', '47.5162']",,DATA,FALSE
10000,LOC.1535,LOC.1535,#2579e8,landslide.LOC.1535,"['113.7633', '23.3790']",southeastern China,LOC,FALSE
5000,LOC.1535/MED,LOC.1535.MED,#27cf7e,landslide.LOC.1535.MED,"['113.7633', '23.3790']",,MED,FALSE
5000,LOC.1535/FAC,LOC.1535.FAC,#f0a73a,landslide.LOC.1535.FAC,"['113.7633', '23.3790']",,FAC,FALSE
5000,LOC.1535/DATA,LOC.1535.DATA,#8579ec,landslide.LOC.1535.DATA,"['113.7633', '23.3790']",,DATA,FALSE
10000,LOC.1536,LOC.1536,#2579e8,landslide.LOC.1536,"['104.2861', '34.4803']",southeastern Gansu,LOC,FALSE
5000,LOC.1536/MED,LOC.1536.MED,#27cf7e,landslide.LOC.1536.MED,"['104.2861', '34.4803']",,MED,FALSE
5000,LOC.1536/FAC,LOC.1536.FAC,#f0a73a,landslide.LOC.1536.FAC,"['104.2861', '34.4803']",,FAC,FALSE
5000,LOC.1536/DATA,LOC.1536.DATA,#8579ec,landslide.LOC.1536.DATA,"['104.2861', '34.4803']",,DATA,FALSE
10000,LOC.1537,LOC.1537,#2579e8,landslide.LOC.1537,"['129.0024', '42.2151']",Southeastern Helong City,LOC,FALSE
5000,LOC.1537/MED,LOC.1537.MED,#27cf7e,landslide.LOC.1537.MED,"['129.0024', '42.2151']",,MED,FALSE
5000,LOC.1537/FAC,LOC.1537.FAC,#f0a73a,landslide.LOC.1537.FAC,"['129.0024', '42.2151']",,FAC,FALSE
5000,LOC.1537/DATA,LOC.1537.DATA,#8579ec,landslide.LOC.1537.DATA,"['129.0024', '42.2151']",,DATA,FALSE
10000,LOC.1538,LOC.1538,#2579e8,landslide.LOC.1538,"['91.7669', '31.2989']",southeastern margins of the Tibetan Plateau,LOC,FALSE
5000,LOC.1538/MED,LOC.1538.MED,#27cf7e,landslide.LOC.1538.MED,"['91.7669', '31.2989']",,MED,FALSE
5000,LOC.1538/FAC,LOC.1538.FAC,#f0a73a,landslide.LOC.1538.FAC,"['91.7669', '31.2989']",,FAC,FALSE
5000,LOC.1538/DATA,LOC.1538.DATA,#8579ec,landslide.LOC.1538.DATA,"['91.7669', '31.2989']",,DATA,FALSE
10000,LOC.1539,LOC.1539,#2579e8,landslide.LOC.1539,"['8.6753', '9.0820']",Southeastern Nigeria,LOC,FALSE
5000,LOC.1539/MED,LOC.1539.MED,#27cf7e,landslide.LOC.1539.MED,"['8.6753', '9.0820']",,MED,FALSE
5000,LOC.1539/FAC,LOC.1539.FAC,#f0a73a,landslide.LOC.1539.FAC,"['8.6753', '9.0820']",,FAC,FALSE
5000,LOC.1539/DATA,LOC.1539.DATA,#8579ec,landslide.LOC.1539.DATA,"['8.6753', '9.0820']",,DATA,FALSE
10000,LOC.1540,LOC.1540,#2579e8,landslide.LOC.1540,"['46.6333', '23.5505']",southeastern region of Brazil,LOC,FALSE
5000,LOC.1540/MED,LOC.1540.MED,#27cf7e,landslide.LOC.1540.MED,"['46.6333', '23.5505']",,MED,FALSE
5000,LOC.1540/FAC,LOC.1540.FAC,#f0a73a,landslide.LOC.1540.FAC,"['46.6333', '23.5505']",,FAC,FALSE
5000,LOC.1540/DATA,LOC.1540.DATA,#8579ec,landslide.LOC.1540.DATA,"['46.6333', '23.5505']",,DATA,FALSE
10000,LOC.1541,LOC.1541,#2579e8,landslide.LOC.1541,"['113.8916', '22.9762']",southeastern Wutong,LOC,FALSE
5000,LOC.1541/MED,LOC.1541.MED,#27cf7e,landslide.LOC.1541.MED,"['113.8916', '22.9762']",,MED,FALSE
5000,LOC.1541/FAC,LOC.1541.FAC,#f0a73a,landslide.LOC.1541.FAC,"['113.8916', '22.9762']",,FAC,FALSE
5000,LOC.1541/DATA,LOC.1541.DATA,#8579ec,landslide.LOC.1541.DATA,"['113.8916', '22.9762']",,DATA,FALSE
10000,LOC.1542,LOC.1542,#2579e8,landslide.LOC.1542,"['13.0000', '42.5000']",southern and northern Apennines,LOC,FALSE
5000,LOC.1542/MED,LOC.1542.MED,#27cf7e,landslide.LOC.1542.MED,"['13.0000', '42.5000']",,MED,FALSE
5000,LOC.1542/FAC,LOC.1542.FAC,#f0a73a,landslide.LOC.1542.FAC,"['13.0000', '42.5000']",,FAC,FALSE
5000,LOC.1542/DATA,LOC.1542.DATA,#8579ec,landslide.LOC.1542.DATA,"['13.0000', '42.5000']",,DATA,FALSE
10000,LOC.1543,LOC.1543,#2579e8,landslide.LOC.1543,"['117.2159', '30.5238']",southern Anhui,LOC,FALSE
5000,LOC.1543/MED,LOC.1543.MED,#27cf7e,landslide.LOC.1543.MED,"['117.2159', '30.5238']",,MED,FALSE
5000,LOC.1543/FAC,LOC.1543.FAC,#f0a73a,landslide.LOC.1543.FAC,"['117.2159', '30.5238']",,FAC,FALSE
5000,LOC.1543/DATA,LOC.1543.DATA,#8579ec,landslide.LOC.1543.DATA,"['117.2159', '30.5238']",,DATA,FALSE
10000,LOC.1544,LOC.1544,#2579e8,landslide.LOC.1544,"['51.9253', '14.2350']",southern Brazil,LOC,FALSE
5000,LOC.1544/MED,LOC.1544.MED,#27cf7e,landslide.LOC.1544.MED,"['51.9253', '14.2350']",,MED,FALSE
5000,LOC.1544/FAC,LOC.1544.FAC,#f0a73a,landslide.LOC.1544.FAC,"['51.9253', '14.2350']",,FAC,FALSE
5000,LOC.1544/DATA,LOC.1544.DATA,#8579ec,landslide.LOC.1544.DATA,"['51.9253', '14.2350']",,DATA,FALSE
10000,LOC.1545,LOC.1545,#2579e8,landslide.LOC.1545,"['16.6505', '38.9054']",southern Calabria,LOC,FALSE
5000,LOC.1545/MED,LOC.1545.MED,#27cf7e,landslide.LOC.1545.MED,"['16.6505', '38.9054']",,MED,FALSE
5000,LOC.1545/FAC,LOC.1545.FAC,#f0a73a,landslide.LOC.1545.FAC,"['16.6505', '38.9054']",,FAC,FALSE
5000,LOC.1545/DATA,LOC.1545.DATA,#8579ec,landslide.LOC.1545.DATA,"['16.6505', '38.9054']",,DATA,FALSE
10000,LOC.1546,LOC.1546,#2579e8,landslide.LOC.1546,"['119.4179', '36.7783']",southern California,LOC,FALSE
5000,LOC.1546/MED,LOC.1546.MED,#27cf7e,landslide.LOC.1546.MED,"['119.4179', '36.7783']",,MED,FALSE
5000,LOC.1546/FAC,LOC.1546.FAC,#f0a73a,landslide.LOC.1546.FAC,"['119.4179', '36.7783']",,FAC,FALSE
5000,LOC.1546/DATA,LOC.1546.DATA,#8579ec,landslide.LOC.1546.DATA,"['119.4179', '36.7783']",,DATA,FALSE
10000,LOC.1547,LOC.1547,#2579e8,landslide.LOC.1547,"['108.4251', '35.1398']",southern Chixi,LOC,FALSE
5000,LOC.1547/MED,LOC.1547.MED,#27cf7e,landslide.LOC.1547.MED,"['108.4251', '35.1398']",,MED,FALSE
5000,LOC.1547/FAC,LOC.1547.FAC,#f0a73a,landslide.LOC.1547.FAC,"['108.4251', '35.1398']",,FAC,FALSE
5000,LOC.1547/DATA,LOC.1547.DATA,#8579ec,landslide.LOC.1547.DATA,"['108.4251', '35.1398']",,DATA,FALSE
10000,LOC.1548,LOC.1548,#2579e8,landslide.LOC.1548,"['73.0840', '4.5709']",southern Colombia,LOC,FALSE
5000,LOC.1548/MED,LOC.1548.MED,#27cf7e,landslide.LOC.1548.MED,"['73.0840', '4.5709']",,MED,FALSE
5000,LOC.1548/FAC,LOC.1548.FAC,#f0a73a,landslide.LOC.1548.FAC,"['73.0840', '4.5709']",,FAC,FALSE
5000,LOC.1548/DATA,LOC.1548.DATA,#8579ec,landslide.LOC.1548.DATA,"['73.0840', '4.5709']",,DATA,FALSE
10000,LOC.1549,LOC.1549,#2579e8,landslide.LOC.1549,"['104.2861', '34.4803']",Southern Gansu,LOC,FALSE
5000,LOC.1549/MED,LOC.1549.MED,#27cf7e,landslide.LOC.1549.MED,"['104.2861', '34.4803']",,MED,FALSE
5000,LOC.1549/FAC,LOC.1549.FAC,#f0a73a,landslide.LOC.1549.FAC,"['104.2861', '34.4803']",,FAC,FALSE
5000,LOC.1549/DATA,LOC.1549.DATA,#8579ec,landslide.LOC.1549.DATA,"['104.2861', '34.4803']",,DATA,FALSE
10000,LOC.1550,LOC.1550,#2579e8,landslide.LOC.1550,"['87.0599', '14.5844']",southern Honduras,LOC,FALSE
5000,LOC.1550/MED,LOC.1550.MED,#27cf7e,landslide.LOC.1550.MED,"['87.0599', '14.5844']",,MED,FALSE
5000,LOC.1550/FAC,LOC.1550.FAC,#f0a73a,landslide.LOC.1550.FAC,"['87.0599', '14.5844']",,FAC,FALSE
5000,LOC.1550/DATA,LOC.1550.DATA,#8579ec,landslide.LOC.1550.DATA,"['87.0599', '14.5844']",,DATA,FALSE
10000,LOC.1551,LOC.1551,#2579e8,landslide.LOC.1551,"['15.2000', '41.8719']",southern Italy,LOC,FALSE
5000,LOC.1551/MED,LOC.1551.MED,#27cf7e,landslide.LOC.1551.MED,"['15.2000', '41.8719']",,MED,FALSE
5000,LOC.1551/FAC,LOC.1551.FAC,#f0a73a,landslide.LOC.1551.FAC,"['15.2000', '41.8719']",,FAC,FALSE
5000,LOC.1551/DATA,LOC.1551.DATA,#8579ec,landslide.LOC.1551.DATA,"['15.2000', '41.8719']",,DATA,FALSE
10000,LOC.1552,LOC.1552,#2579e8,landslide.LOC.1552,"['108.5671', '33.9601']",Southern Jingyang Plateau,LOC,FALSE
5000,LOC.1552/MED,LOC.1552.MED,#27cf7e,landslide.LOC.1552.MED,"['108.5671', '33.9601']",,MED,FALSE
5000,LOC.1552/FAC,LOC.1552.FAC,#f0a73a,landslide.LOC.1552.FAC,"['108.5671', '33.9601']",,FAC,FALSE
5000,LOC.1552/DATA,LOC.1552.DATA,#8579ec,landslide.LOC.1552.DATA,"['108.5671', '33.9601']",,DATA,FALSE
10000,LOC.1553,LOC.1553,#2579e8,landslide.LOC.1553,"['74.7661', '41.2044']",southern Kyrgyzstan,LOC,FALSE
5000,LOC.1553/MED,LOC.1553.MED,#27cf7e,landslide.LOC.1553.MED,"['74.7661', '41.2044']",,MED,FALSE
5000,LOC.1553/FAC,LOC.1553.FAC,#f0a73a,landslide.LOC.1553.FAC,"['74.7661', '41.2044']",,FAC,FALSE
5000,LOC.1553/DATA,LOC.1553.DATA,#8579ec,landslide.LOC.1553.DATA,"['74.7661', '41.2044']",,DATA,FALSE
10000,LOC.1554,LOC.1554,#2579e8,landslide.LOC.1554,"['120.7697', '22.3235']",southern Laonong River watershed,LOC,FALSE
5000,LOC.1554/MED,LOC.1554.MED,#27cf7e,landslide.LOC.1554.MED,"['120.7697', '22.3235']",,MED,FALSE
5000,LOC.1554/FAC,LOC.1554.FAC,#f0a73a,landslide.LOC.1554.FAC,"['120.7697', '22.3235']",,FAC,FALSE
5000,LOC.1554/DATA,LOC.1554.DATA,#8579ec,landslide.LOC.1554.DATA,"['120.7697', '22.3235']",,DATA,FALSE
10000,LOC.1555,LOC.1555,#2579e8,landslide.LOC.1555,"['125.0158', '10.2592']",Southern Leyte,LOC,FALSE
5000,LOC.1555/MED,LOC.1555.MED,#27cf7e,landslide.LOC.1555.MED,"['125.0158', '10.2592']",,MED,FALSE
5000,LOC.1555/FAC,LOC.1555.FAC,#f0a73a,landslide.LOC.1555.FAC,"['125.0158', '10.2592']",,FAC,FALSE
5000,LOC.1555/DATA,LOC.1555.DATA,#8579ec,landslide.LOC.1555.DATA,"['125.0158', '10.2592']",,DATA,FALSE
10000,LOC.1556,LOC.1556,#2579e8,landslide.LOC.1556,"['76.6167', '11.4000']",southern Nilgiris Mountains,LOC,FALSE
5000,LOC.1556/MED,LOC.1556.MED,#27cf7e,landslide.LOC.1556.MED,"['76.6167', '11.4000']",,MED,FALSE
5000,LOC.1556/FAC,LOC.1556.FAC,#f0a73a,landslide.LOC.1556.FAC,"['76.6167', '11.4000']",,FAC,FALSE
5000,LOC.1556/DATA,LOC.1556.DATA,#8579ec,landslide.LOC.1556.DATA,"['76.6167', '11.4000']",,DATA,FALSE
10000,LOC.1557,LOC.1557,#2579e8,landslide.LOC.1557,"['54.4342', '36.8369']",southern part of Golestan province,LOC,FALSE
5000,LOC.1557/MED,LOC.1557.MED,#27cf7e,landslide.LOC.1557.MED,"['54.4342', '36.8369']",,MED,FALSE
5000,LOC.1557/FAC,LOC.1557.FAC,#f0a73a,landslide.LOC.1557.FAC,"['54.4342', '36.8369']",,FAC,FALSE
5000,LOC.1557/DATA,LOC.1557.DATA,#8579ec,landslide.LOC.1557.DATA,"['54.4342', '36.8369']",,DATA,FALSE
10000,LOC.1558,LOC.1558,#2579e8,landslide.LOC.1558,"['49.6838', '37.3628']",southern part of Guilan province,LOC,FALSE
5000,LOC.1558/MED,LOC.1558.MED,#27cf7e,landslide.LOC.1558.MED,"['49.6838', '37.3628']",,MED,FALSE
5000,LOC.1558/FAC,LOC.1558.FAC,#f0a73a,landslide.LOC.1558.FAC,"['49.6838', '37.3628']",,FAC,FALSE
5000,LOC.1558/DATA,LOC.1558.DATA,#8579ec,landslide.LOC.1558.DATA,"['49.6838', '37.3628']",,DATA,FALSE
10000,LOC.1559,LOC.1559,#2579e8,landslide.LOC.1559,"['92.7474', '23.7099']",southern part of the Aizawl district,LOC,FALSE
5000,LOC.1559/MED,LOC.1559.MED,#27cf7e,landslide.LOC.1559.MED,"['92.7474', '23.7099']",,MED,FALSE
5000,LOC.1559/FAC,LOC.1559.FAC,#f0a73a,landslide.LOC.1559.FAC,"['92.7474', '23.7099']",,FAC,FALSE
5000,LOC.1559/DATA,LOC.1559.DATA,#8579ec,landslide.LOC.1559.DATA,"['92.7474', '23.7099']",,DATA,FALSE
10000,LOC.1560,LOC.1560,#2579e8,landslide.LOC.1560,"['74.7661', '9.1900']",southern Peru,LOC,FALSE
5000,LOC.1560/MED,LOC.1560.MED,#27cf7e,landslide.LOC.1560.MED,"['74.7661', '9.1900']",,MED,FALSE
5000,LOC.1560/FAC,LOC.1560.FAC,#f0a73a,landslide.LOC.1560.FAC,"['74.7661', '9.1900']",,FAC,FALSE
5000,LOC.1560/DATA,LOC.1560.DATA,#8579ec,landslide.LOC.1560.DATA,"['74.7661', '9.1900']",,DATA,FALSE
10000,LOC.1561,LOC.1561,#2579e8,landslide.LOC.1561,"['125.6848', '7.0644']",southern portion belonging to Davao City and Kitao - tao and Arakan Municipalities,LOC,FALSE
5000,LOC.1561/MED,LOC.1561.MED,#27cf7e,landslide.LOC.1561.MED,"['125.6848', '7.0644']",,MED,FALSE
5000,LOC.1561/FAC,LOC.1561.FAC,#f0a73a,landslide.LOC.1561.FAC,"['125.6848', '7.0644']",,FAC,FALSE
5000,LOC.1561/DATA,LOC.1561.DATA,#8579ec,landslide.LOC.1561.DATA,"['125.6848', '7.0644']",,DATA,FALSE
10000,LOC.1562,LOC.1562,#2579e8,landslide.LOC.1562,"['71.2080', '48.8284']",southern Quebec,LOC,FALSE
5000,LOC.1562/MED,LOC.1562.MED,#27cf7e,landslide.LOC.1562.MED,"['71.2080', '48.8284']",,MED,FALSE
5000,LOC.1562/FAC,LOC.1562.FAC,#f0a73a,landslide.LOC.1562.FAC,"['71.2080', '48.8284']",,FAC,FALSE
5000,LOC.1562/DATA,LOC.1562.DATA,#8579ec,landslide.LOC.1562.DATA,"['71.2080', '48.8284']",,DATA,FALSE
10000,LOC.1563,LOC.1563,#2579e8,landslide.LOC.1563,"['108.7759', '33.8563']",southern Shaanxi Province,LOC,FALSE
5000,LOC.1563/MED,LOC.1563.MED,#27cf7e,landslide.LOC.1563.MED,"['108.7759', '33.8563']",,MED,FALSE
5000,LOC.1563/FAC,LOC.1563.FAC,#f0a73a,landslide.LOC.1563.FAC,"['108.7759', '33.8563']",,FAC,FALSE
5000,LOC.1563/DATA,LOC.1563.DATA,#8579ec,landslide.LOC.1563.DATA,"['108.7759', '33.8563']",,DATA,FALSE
10000,LOC.1564,LOC.1564,#2579e8,landslide.LOC.1564,"['15.2804', '38.1975']",southern slope of the Peloritani Mountains,LOC,FALSE
5000,LOC.1564/MED,LOC.1564.MED,#27cf7e,landslide.LOC.1564.MED,"['15.2804', '38.1975']",,MED,FALSE
5000,LOC.1564/FAC,LOC.1564.FAC,#f0a73a,landslide.LOC.1564.FAC,"['15.2804', '38.1975']",,FAC,FALSE
5000,LOC.1564/DATA,LOC.1564.DATA,#8579ec,landslide.LOC.1564.DATA,"['15.2804', '38.1975']",,DATA,FALSE
10000,LOC.1565,LOC.1565,#2579e8,landslide.LOC.1565,"['120.9543', '23.6978']",southern Taiwan,LOC,FALSE
5000,LOC.1565/MED,LOC.1565.MED,#27cf7e,landslide.LOC.1565.MED,"['120.9543', '23.6978']",,MED,FALSE
5000,LOC.1565/FAC,LOC.1565.FAC,#f0a73a,landslide.LOC.1565.FAC,"['120.9543', '23.6978']",,FAC,FALSE
5000,LOC.1565/DATA,LOC.1565.DATA,#8579ec,landslide.LOC.1565.DATA,"['120.9543', '23.6978']",,DATA,FALSE
10000,LOC.1566,LOC.1566,#2579e8,landslide.LOC.1566,"['77.2689', '10.8505']",southern Western Ghats,LOC,FALSE
5000,LOC.1566/MED,LOC.1566.MED,#27cf7e,landslide.LOC.1566.MED,"['77.2689', '10.8505']",,MED,FALSE
5000,LOC.1566/FAC,LOC.1566.FAC,#f0a73a,landslide.LOC.1566.FAC,"['77.2689', '10.8505']",,FAC,FALSE
5000,LOC.1566/DATA,LOC.1566.DATA,#8579ec,landslide.LOC.1566.DATA,"['77.2689', '10.8505']",,DATA,FALSE
10000,LOC.1567,LOC.1567,#2579e8,landslide.LOC.1567,"['76.6944', '9.9312']",Southern Western Ghats in Kerala,LOC,FALSE
5000,LOC.1567/MED,LOC.1567.MED,#27cf7e,landslide.LOC.1567.MED,"['76.6944', '9.9312']",,MED,FALSE
5000,LOC.1567/FAC,LOC.1567.FAC,#f0a73a,landslide.LOC.1567.FAC,"['76.6944', '9.9312']",,FAC,FALSE
5000,LOC.1567/DATA,LOC.1567.DATA,#8579ec,landslide.LOC.1567.DATA,"['76.6944', '9.9312']",,DATA,FALSE
10000,LOC.1568,LOC.1568,#2579e8,landslide.LOC.1568,"['77.6780', '10.8505']",southern WG,LOC,FALSE
5000,LOC.1568/MED,LOC.1568.MED,#27cf7e,landslide.LOC.1568.MED,"['77.6780', '10.8505']",,MED,FALSE
5000,LOC.1568/FAC,LOC.1568.FAC,#f0a73a,landslide.LOC.1568.FAC,"['77.6780', '10.8505']",,FAC,FALSE
5000,LOC.1568/DATA,LOC.1568.DATA,#8579ec,landslide.LOC.1568.DATA,"['77.6780', '10.8505']",,DATA,FALSE
10000,LOC.1569,LOC.1569,#2579e8,landslide.LOC.1569,"['124.2216', '10.9446']",Southern Yangyang Province,LOC,FALSE
5000,LOC.1569/MED,LOC.1569.MED,#27cf7e,landslide.LOC.1569.MED,"['124.2216', '10.9446']",,MED,FALSE
5000,LOC.1569/FAC,LOC.1569.FAC,#f0a73a,landslide.LOC.1569.FAC,"['124.2216', '10.9446']",,FAC,FALSE
5000,LOC.1569/DATA,LOC.1569.DATA,#8579ec,landslide.LOC.1569.DATA,"['124.2216', '10.9446']",,DATA,FALSE
10000,LOC.1570,LOC.1570,#2579e8,landslide.LOC.1570,"['50.0000', '31.0000']",southern Zagros Mountains,LOC,FALSE
5000,LOC.1570/MED,LOC.1570.MED,#27cf7e,landslide.LOC.1570.MED,"['50.0000', '31.0000']",,MED,FALSE
5000,LOC.1570/FAC,LOC.1570.FAC,#f0a73a,landslide.LOC.1570.FAC,"['50.0000', '31.0000']",,FAC,FALSE
5000,LOC.1570/DATA,LOC.1570.DATA,#8579ec,landslide.LOC.1570.DATA,"['50.0000', '31.0000']",,DATA,FALSE
10000,LOC.1571,LOC.1571,#2579e8,landslide.LOC.1571,"['117.5852', '26.1536']",southwest mountainous watershed,LOC,FALSE
5000,LOC.1571/MED,LOC.1571.MED,#27cf7e,landslide.LOC.1571.MED,"['117.5852', '26.1536']",,MED,FALSE
5000,LOC.1571/FAC,LOC.1571.FAC,#f0a73a,landslide.LOC.1571.FAC,"['117.5852', '26.1536']",,FAC,FALSE
5000,LOC.1571/DATA,LOC.1571.DATA,#8579ec,landslide.LOC.1571.DATA,"['117.5852', '26.1536']",,DATA,FALSE
10000,LOC.1572,LOC.1572,#2579e8,landslide.LOC.1572,"['103.9526', '29.5456']",southwest of China,LOC,FALSE
5000,LOC.1572/MED,LOC.1572.MED,#27cf7e,landslide.LOC.1572.MED,"['103.9526', '29.5456']",,MED,FALSE
5000,LOC.1572/FAC,LOC.1572.FAC,#f0a73a,landslide.LOC.1572.FAC,"['103.9526', '29.5456']",,FAC,FALSE
5000,LOC.1572/DATA,LOC.1572.DATA,#8579ec,landslide.LOC.1572.DATA,"['103.9526', '29.5456']",,DATA,FALSE
10000,LOC.1573,LOC.1573,#2579e8,landslide.LOC.1573,"['13.0195', '58.5897']",southwest Sweden,LOC,FALSE
5000,LOC.1573/MED,LOC.1573.MED,#27cf7e,landslide.LOC.1573.MED,"['13.0195', '58.5897']",,MED,FALSE
5000,LOC.1573/FAC,LOC.1573.FAC,#f0a73a,landslide.LOC.1573.FAC,"['13.0195', '58.5897']",,FAC,FALSE
5000,LOC.1573/DATA,LOC.1573.DATA,#8579ec,landslide.LOC.1573.DATA,"['13.0195', '58.5897']",,DATA,FALSE
10000,LOC.1574,LOC.1574,#2579e8,landslide.LOC.1574,"['83.8200', '28.5917']",southwestern Annapurna Range of the central Nepalese Himalaya,LOC,FALSE
5000,LOC.1574/MED,LOC.1574.MED,#27cf7e,landslide.LOC.1574.MED,"['83.8200', '28.5917']",,MED,FALSE
5000,LOC.1574/FAC,LOC.1574.FAC,#f0a73a,landslide.LOC.1574.FAC,"['83.8200', '28.5917']",,FAC,FALSE
5000,LOC.1574/DATA,LOC.1574.DATA,#8579ec,landslide.LOC.1574.DATA,"['83.8200', '28.5917']",,DATA,FALSE
10000,LOC.1575,LOC.1575,#2579e8,landslide.LOC.1575,"['89.2903', '27.5142']",southwestern Bhutan,LOC,FALSE
5000,LOC.1575/MED,LOC.1575.MED,#27cf7e,landslide.LOC.1575.MED,"['89.2903', '27.5142']",,MED,FALSE
5000,LOC.1575/FAC,LOC.1575.FAC,#f0a73a,landslide.LOC.1575.FAC,"['89.2903', '27.5142']",,FAC,FALSE
5000,LOC.1575/DATA,LOC.1575.DATA,#8579ec,landslide.LOC.1575.DATA,"['89.2903', '27.5142']",,DATA,FALSE
10000,LOC.1576,LOC.1576,#2579e8,landslide.LOC.1576,"['136.6705', '37.1504']",Southwestern Japan,LOC,FALSE
5000,LOC.1576/MED,LOC.1576.MED,#27cf7e,landslide.LOC.1576.MED,"['136.6705', '37.1504']",,MED,FALSE
5000,LOC.1576/FAC,LOC.1576.FAC,#f0a73a,landslide.LOC.1576.FAC,"['136.6705', '37.1504']",,FAC,FALSE
5000,LOC.1576/DATA,LOC.1576.DATA,#8579ec,landslide.LOC.1576.DATA,"['136.6705', '37.1504']",,DATA,FALSE
10000,LOC.1577,LOC.1577,#2579e8,landslide.LOC.1577,"['89.6419', '27.1706']",southwestern part of the Bhutan Himalayas,LOC,FALSE
5000,LOC.1577/MED,LOC.1577.MED,#27cf7e,landslide.LOC.1577.MED,"['89.6419', '27.1706']",,MED,FALSE
5000,LOC.1577/FAC,LOC.1577.FAC,#f0a73a,landslide.LOC.1577.FAC,"['89.6419', '27.1706']",,FAC,FALSE
5000,LOC.1577/DATA,LOC.1577.DATA,#8579ec,landslide.LOC.1577.DATA,"['89.6419', '27.1706']",,DATA,FALSE
10000,LOC.1578,LOC.1578,#2579e8,landslide.LOC.1578,"['103.1526', '28.3449']",Southwestern region of China,LOC,FALSE
5000,LOC.1578/MED,LOC.1578.MED,#27cf7e,landslide.LOC.1578.MED,"['103.1526', '28.3449']",,MED,FALSE
5000,LOC.1578/FAC,LOC.1578.FAC,#f0a73a,landslide.LOC.1578.FAC,"['103.1526', '28.3449']",,FAC,FALSE
5000,LOC.1578/DATA,LOC.1578.DATA,#8579ec,landslide.LOC.1578.DATA,"['103.1526', '28.3449']",,DATA,FALSE
10000,LOC.1579,LOC.1579,#2579e8,landslide.LOC.1579,"['32.8742', '34.8226']",southwestern region of Cyprus,LOC,FALSE
5000,LOC.1579/MED,LOC.1579.MED,#27cf7e,landslide.LOC.1579.MED,"['32.8742', '34.8226']",,MED,FALSE
5000,LOC.1579/FAC,LOC.1579.FAC,#f0a73a,landslide.LOC.1579.FAC,"['32.8742', '34.8226']",,FAC,FALSE
5000,LOC.1579/DATA,LOC.1579.DATA,#8579ec,landslide.LOC.1579.DATA,"['32.8742', '34.8226']",,DATA,FALSE
10000,LOC.1580,LOC.1580,#2579e8,landslide.LOC.1580,"['75.7139', '14.9716']",southwestern region of India in the state of Karnataka,LOC,FALSE
5000,LOC.1580/MED,LOC.1580.MED,#27cf7e,landslide.LOC.1580.MED,"['75.7139', '14.9716']",,MED,FALSE
5000,LOC.1580/FAC,LOC.1580.FAC,#f0a73a,landslide.LOC.1580.FAC,"['75.7139', '14.9716']",,FAC,FALSE
5000,LOC.1580/DATA,LOC.1580.DATA,#8579ec,landslide.LOC.1580.DATA,"['75.7139', '14.9716']",,DATA,FALSE
10000,LOC.1581,LOC.1581,#2579e8,landslide.LOC.1581,"['3.7038', '40.4168']",Spain,LOC,FALSE
5000,LOC.1581/MED,LOC.1581.MED,#27cf7e,landslide.LOC.1581.MED,"['3.7038', '40.4168']",,MED,FALSE
5000,LOC.1581/FAC,LOC.1581.FAC,#f0a73a,landslide.LOC.1581.FAC,"['3.7038', '40.4168']",,FAC,FALSE
5000,LOC.1581/DATA,LOC.1581.DATA,#8579ec,landslide.LOC.1581.DATA,"['3.7038', '40.4168']",,DATA,FALSE
10000,LOC.1582,LOC.1582,#2579e8,landslide.LOC.1582,"['22.9478', '39.1977']",Sperchios River basin,LOC,FALSE
5000,LOC.1582/MED,LOC.1582.MED,#27cf7e,landslide.LOC.1582.MED,"['22.9478', '39.1977']",,MED,FALSE
5000,LOC.1582/FAC,LOC.1582.FAC,#f0a73a,landslide.LOC.1582.FAC,"['22.9478', '39.1977']",,FAC,FALSE
5000,LOC.1582/DATA,LOC.1582.DATA,#8579ec,landslide.LOC.1582.DATA,"['22.9478', '39.1977']",,DATA,FALSE
10000,LOC.1583,LOC.1583,#2579e8,landslide.LOC.1583,"['80.7718', '7.8731']",Sri Lanka,LOC,FALSE
5000,LOC.1583/MED,LOC.1583.MED,#27cf7e,landslide.LOC.1583.MED,"['80.7718', '7.8731']",,MED,FALSE
5000,LOC.1583/FAC,LOC.1583.FAC,#f0a73a,landslide.LOC.1583.FAC,"['80.7718', '7.8731']",,FAC,FALSE
5000,LOC.1583/DATA,LOC.1583.DATA,#8579ec,landslide.LOC.1583.DATA,"['80.7718', '7.8731']",,DATA,FALSE
10000,LOC.1584,LOC.1584,#2579e8,landslide.LOC.1584,"['19.0958', '45.7106']",SS87 national road,LOC,FALSE
5000,LOC.1584/MED,LOC.1584.MED,#27cf7e,landslide.LOC.1584.MED,"['19.0958', '45.7106']",,MED,FALSE
5000,LOC.1584/FAC,LOC.1584.FAC,#f0a73a,landslide.LOC.1584.FAC,"['19.0958', '45.7106']",,FAC,FALSE
5000,LOC.1584/DATA,LOC.1584.DATA,#8579ec,landslide.LOC.1584.DATA,"['19.0958', '45.7106']",,DATA,FALSE
10000,LOC.1585,LOC.1585,#2579e8,landslide.LOC.1585,"['7.1264', '45.8694']",St. Bernard,LOC,FALSE
5000,LOC.1585/MED,LOC.1585.MED,#27cf7e,landslide.LOC.1585.MED,"['7.1264', '45.8694']",,MED,FALSE
5000,LOC.1585/FAC,LOC.1585.FAC,#f0a73a,landslide.LOC.1585.FAC,"['7.1264', '45.8694']",,FAC,FALSE
5000,LOC.1585/DATA,LOC.1585.DATA,#8579ec,landslide.LOC.1585.DATA,"['7.1264', '45.8694']",,DATA,FALSE
10000,LOC.1586,LOC.1586,#2579e8,landslide.LOC.1586,"['9.1702', '44.9815']",Staffora River basin,LOC,FALSE
5000,LOC.1586/MED,LOC.1586.MED,#27cf7e,landslide.LOC.1586.MED,"['9.1702', '44.9815']",,MED,FALSE
5000,LOC.1586/FAC,LOC.1586.FAC,#f0a73a,landslide.LOC.1586.FAC,"['9.1702', '44.9815']",,FAC,FALSE
5000,LOC.1586/DATA,LOC.1586.DATA,#8579ec,landslide.LOC.1586.DATA,"['9.1702', '44.9815']",,DATA,FALSE
10000,LOC.1587,LOC.1587,#2579e8,landslide.LOC.1587,"['77.1623', '31.1048']",state capital of Himachal,LOC,FALSE
5000,LOC.1587/MED,LOC.1587.MED,#27cf7e,landslide.LOC.1587.MED,"['77.1623', '31.1048']",,MED,FALSE
5000,LOC.1587/FAC,LOC.1587.FAC,#f0a73a,landslide.LOC.1587.FAC,"['77.1623', '31.1048']",,FAC,FALSE
5000,LOC.1587/DATA,LOC.1587.DATA,#8579ec,landslide.LOC.1587.DATA,"['77.1623', '31.1048']",,DATA,FALSE
10000,LOC.1588,LOC.1588,#2579e8,landslide.LOC.1588,"['100.5933', '13.8962']",STEC,LOC,FALSE
5000,LOC.1588/MED,LOC.1588.MED,#27cf7e,landslide.LOC.1588.MED,"['100.5933', '13.8962']",,MED,FALSE
5000,LOC.1588/FAC,LOC.1588.FAC,#f0a73a,landslide.LOC.1588.FAC,"['100.5933', '13.8962']",,FAC,FALSE
5000,LOC.1588/DATA,LOC.1588.DATA,#8579ec,landslide.LOC.1588.DATA,"['100.5933', '13.8962']",,DATA,FALSE
10000,LOC.1589,LOC.1589,#2579e8,landslide.LOC.1589,"['15.2494', '47.2838']",Styrian Basin in Austria,LOC,FALSE
5000,LOC.1589/MED,LOC.1589.MED,#27cf7e,landslide.LOC.1589.MED,"['15.2494', '47.2838']",,MED,FALSE
5000,LOC.1589/FAC,LOC.1589.FAC,#f0a73a,landslide.LOC.1589.FAC,"['15.2494', '47.2838']",,FAC,FALSE
5000,LOC.1589/DATA,LOC.1589.DATA,#8579ec,landslide.LOC.1589.DATA,"['15.2494', '47.2838']",,DATA,FALSE
10000,LOC.1590,LOC.1590,#2579e8,landslide.LOC.1590,"['108.2991', '22.4287']",Subao River basin,LOC,FALSE
5000,LOC.1590/MED,LOC.1590.MED,#27cf7e,landslide.LOC.1590.MED,"['108.2991', '22.4287']",,MED,FALSE
5000,LOC.1590/FAC,LOC.1590.FAC,#f0a73a,landslide.LOC.1590.FAC,"['108.2991', '22.4287']",,FAC,FALSE
5000,LOC.1590/DATA,LOC.1590.DATA,#8579ec,landslide.LOC.1590.DATA,"['108.2991', '22.4287']",,DATA,FALSE
10000,LOC.1591,LOC.1591,#2579e8,landslide.LOC.1591,"['22.5976', '48.7244']",Subcarpathian,LOC,FALSE
5000,LOC.1591/MED,LOC.1591.MED,#27cf7e,landslide.LOC.1591.MED,"['22.5976', '48.7244']",,MED,FALSE
5000,LOC.1591/FAC,LOC.1591.FAC,#f0a73a,landslide.LOC.1591.FAC,"['22.5976', '48.7244']",,FAC,FALSE
5000,LOC.1591/DATA,LOC.1591.DATA,#8579ec,landslide.LOC.1591.DATA,"['22.5976', '48.7244']",,DATA,FALSE
10000,LOC.1592,LOC.1592,#2579e8,landslide.LOC.1592,"['24.8627', '49.3943']",Subcarpathian chain,LOC,FALSE
5000,LOC.1592/MED,LOC.1592.MED,#27cf7e,landslide.LOC.1592.MED,"['24.8627', '49.3943']",,MED,FALSE
5000,LOC.1592/FAC,LOC.1592.FAC,#f0a73a,landslide.LOC.1592.FAC,"['24.8627', '49.3943']",,FAC,FALSE
5000,LOC.1592/DATA,LOC.1592.DATA,#8579ec,landslide.LOC.1592.DATA,"['24.8627', '49.3943']",,DATA,FALSE
10000,LOC.1593,LOC.1593,#2579e8,landslide.LOC.1593,"['26.0572', '45.2732']",Subcarpathian sector of the Prahova River,LOC,FALSE
5000,LOC.1593/MED,LOC.1593.MED,#27cf7e,landslide.LOC.1593.MED,"['26.0572', '45.2732']",,MED,FALSE
5000,LOC.1593/FAC,LOC.1593.FAC,#f0a73a,landslide.LOC.1593.FAC,"['26.0572', '45.2732']",,FAC,FALSE
5000,LOC.1593/DATA,LOC.1593.DATA,#8579ec,landslide.LOC.1593.DATA,"['26.0572', '45.2732']",,DATA,FALSE
10000,LOC.1594,LOC.1594,#2579e8,landslide.LOC.1594,"['73.2432', '34.0479']",sub-Himalayan region of Pakistan,LOC,FALSE
5000,LOC.1594/MED,LOC.1594.MED,#27cf7e,landslide.LOC.1594.MED,"['73.2432', '34.0479']",,MED,FALSE
5000,LOC.1594/FAC,LOC.1594.FAC,#f0a73a,landslide.LOC.1594.FAC,"['73.2432', '34.0479']",,FAC,FALSE
5000,LOC.1594/DATA,LOC.1594.DATA,#8579ec,landslide.LOC.1594.DATA,"['73.2432', '34.0479']",,DATA,FALSE
10000,LOC.1595,LOC.1595,#2579e8,landslide.LOC.1595,"['77.2090', '28.3692']",Sub-Himalayas,LOC,FALSE
5000,LOC.1595/MED,LOC.1595.MED,#27cf7e,landslide.LOC.1595.MED,"['77.2090', '28.3692']",,MED,FALSE
5000,LOC.1595/FAC,LOC.1595.FAC,#f0a73a,landslide.LOC.1595.FAC,"['77.2090', '28.3692']",,FAC,FALSE
5000,LOC.1595/DATA,LOC.1595.DATA,#8579ec,landslide.LOC.1595.DATA,"['77.2090', '28.3692']",,DATA,FALSE
10000,LOC.1596,LOC.1596,#2579e8,landslide.LOC.1596,"['114.5319', '27.8129']",Suichuan,LOC,FALSE
5000,LOC.1596/MED,LOC.1596.MED,#27cf7e,landslide.LOC.1596.MED,"['114.5319', '27.8129']",,MED,FALSE
5000,LOC.1596/FAC,LOC.1596.FAC,#f0a73a,landslide.LOC.1596.FAC,"['114.5319', '27.8129']",,FAC,FALSE
5000,LOC.1596/DATA,LOC.1596.DATA,#8579ec,landslide.LOC.1596.DATA,"['114.5319', '27.8129']",,DATA,FALSE
10000,LOC.1597,LOC.1597,#2579e8,landslide.LOC.1597,"['29.9842', '37.1812']",Sultan Mountains,LOC,FALSE
5000,LOC.1597/MED,LOC.1597.MED,#27cf7e,landslide.LOC.1597.MED,"['29.9842', '37.1812']",,MED,FALSE
5000,LOC.1597/FAC,LOC.1597.FAC,#f0a73a,landslide.LOC.1597.FAC,"['29.9842', '37.1812']",,FAC,FALSE
5000,LOC.1597/DATA,LOC.1597.DATA,#8579ec,landslide.LOC.1597.DATA,"['29.9842', '37.1812']",,DATA,FALSE
10000,LOC.1598,LOC.1598,#2579e8,landslide.LOC.1598,"['30.8623', '37.2678']",Sultan Mountains of south - western Turkey,LOC,FALSE
5000,LOC.1598/MED,LOC.1598.MED,#27cf7e,landslide.LOC.1598.MED,"['30.8623', '37.2678']",,MED,FALSE
5000,LOC.1598/FAC,LOC.1598.FAC,#f0a73a,landslide.LOC.1598.FAC,"['30.8623', '37.2678']",,FAC,FALSE
5000,LOC.1598/DATA,LOC.1598.DATA,#8579ec,landslide.LOC.1598.DATA,"['30.8623', '37.2678']",,DATA,FALSE
10000,LOC.1599,LOC.1599,#2579e8,landslide.LOC.1599,"['101.2559', '0.7893']",Sumatra,LOC,FALSE
5000,LOC.1599/MED,LOC.1599.MED,#27cf7e,landslide.LOC.1599.MED,"['101.2559', '0.7893']",,MED,FALSE
5000,LOC.1599/FAC,LOC.1599.FAC,#f0a73a,landslide.LOC.1599.FAC,"['101.2559', '0.7893']",,FAC,FALSE
5000,LOC.1599/DATA,LOC.1599.DATA,#8579ec,landslide.LOC.1599.DATA,"['101.2559', '0.7893']",,DATA,FALSE
10000,LOC.1600,LOC.1600,#2579e8,landslide.LOC.1600,"['124.1732', '8.9052']",Summit Ridge,LOC,FALSE
5000,LOC.1600/MED,LOC.1600.MED,#27cf7e,landslide.LOC.1600.MED,"['124.1732', '8.9052']",,MED,FALSE
5000,LOC.1600/FAC,LOC.1600.FAC,#f0a73a,landslide.LOC.1600.FAC,"['124.1732', '8.9052']",,FAC,FALSE
5000,LOC.1600/DATA,LOC.1600.DATA,#8579ec,landslide.LOC.1600.DATA,"['124.1732', '8.9052']",,DATA,FALSE
10000,LOC.1601,LOC.1601,#2579e8,landslide.LOC.1601,"['103.6191', '31.0055']",surrounding area of Dujiangyan,LOC,FALSE
5000,LOC.1601/MED,LOC.1601.MED,#27cf7e,landslide.LOC.1601.MED,"['103.6191', '31.0055']",,MED,FALSE
5000,LOC.1601/FAC,LOC.1601.FAC,#f0a73a,landslide.LOC.1601.FAC,"['103.6191', '31.0055']",,FAC,FALSE
5000,LOC.1601/DATA,LOC.1601.DATA,#8579ec,landslide.LOC.1601.DATA,"['103.6191', '31.0055']",,DATA,FALSE
10000,LOC.1602,LOC.1602,#2579e8,landslide.LOC.1602,"['73.7872', '42.0808']",Suusamyr,LOC,FALSE
5000,LOC.1602/MED,LOC.1602.MED,#27cf7e,landslide.LOC.1602.MED,"['73.7872', '42.0808']",,MED,FALSE
5000,LOC.1602/FAC,LOC.1602.FAC,#f0a73a,landslide.LOC.1602.FAC,"['73.7872', '42.0808']",,FAC,FALSE
5000,LOC.1602/DATA,LOC.1602.DATA,#8579ec,landslide.LOC.1602.DATA,"['73.7872', '42.0808']",,DATA,FALSE
10000,LOC.1603,LOC.1603,#2579e8,landslide.LOC.1603,"['73.6901', '42.0989']",Suusamyr valley,LOC,FALSE
5000,LOC.1603/MED,LOC.1603.MED,#27cf7e,landslide.LOC.1603.MED,"['73.6901', '42.0989']",,MED,FALSE
5000,LOC.1603/FAC,LOC.1603.FAC,#f0a73a,landslide.LOC.1603.FAC,"['73.6901', '42.0989']",,FAC,FALSE
5000,LOC.1603/DATA,LOC.1603.DATA,#8579ec,landslide.LOC.1603.DATA,"['73.6901', '42.0989']",,DATA,FALSE
10000,LOC.1604,LOC.1604,#2579e8,landslide.LOC.1604,"['73.7434', '42.0756']",Suusamyr Valley and on the southern slopes of the adjacent Suusamyr Range,LOC,FALSE
5000,LOC.1604/MED,LOC.1604.MED,#27cf7e,landslide.LOC.1604.MED,"['73.7434', '42.0756']",,MED,FALSE
5000,LOC.1604/FAC,LOC.1604.FAC,#f0a73a,landslide.LOC.1604.FAC,"['73.7434', '42.0756']",,FAC,FALSE
5000,LOC.1604/DATA,LOC.1604.DATA,#8579ec,landslide.LOC.1604.DATA,"['73.7434', '42.0756']",,DATA,FALSE
10000,LOC.1605,LOC.1605,#2579e8,landslide.LOC.1605,"['9.6096', '48.7826']",SW - Germany,LOC,FALSE
5000,LOC.1605/MED,LOC.1605.MED,#27cf7e,landslide.LOC.1605.MED,"['9.6096', '48.7826']",,MED,FALSE
5000,LOC.1605/FAC,LOC.1605.FAC,#f0a73a,landslide.LOC.1605.FAC,"['9.6096', '48.7826']",,FAC,FALSE
5000,LOC.1605/DATA,LOC.1605.DATA,#8579ec,landslide.LOC.1605.DATA,"['9.6096', '48.7826']",,DATA,FALSE
10000,LOC.1606,LOC.1606,#2579e8,landslide.LOC.1606,"['17.4417', '14.7167']",SW coast of Dakar,LOC,FALSE
5000,LOC.1606/MED,LOC.1606.MED,#27cf7e,landslide.LOC.1606.MED,"['17.4417', '14.7167']",,MED,FALSE
5000,LOC.1606/FAC,LOC.1606.FAC,#f0a73a,landslide.LOC.1606.FAC,"['17.4417', '14.7167']",,FAC,FALSE
5000,LOC.1606/DATA,LOC.1606.DATA,#8579ec,landslide.LOC.1606.DATA,"['17.4417', '14.7167']",,DATA,FALSE
10000,LOC.1607,LOC.1607,#2579e8,landslide.LOC.1607,"['9.4117', '48.4148']",Swabian Alb valleys,LOC,FALSE
5000,LOC.1607/MED,LOC.1607.MED,#27cf7e,landslide.LOC.1607.MED,"['9.4117', '48.4148']",,MED,FALSE
5000,LOC.1607/FAC,LOC.1607.FAC,#f0a73a,landslide.LOC.1607.FAC,"['9.4117', '48.4148']",,FAC,FALSE
5000,LOC.1607/DATA,LOC.1607.DATA,#8579ec,landslide.LOC.1607.DATA,"['9.4117', '48.4148']",,DATA,FALSE
10000,LOC.1608,LOC.1608,#2579e8,landslide.LOC.1608,"['8.2275', '46.8182']",Switzerland,LOC,FALSE
5000,LOC.1608/MED,LOC.1608.MED,#27cf7e,landslide.LOC.1608.MED,"['8.2275', '46.8182']",,MED,FALSE
5000,LOC.1608/FAC,LOC.1608.FAC,#f0a73a,landslide.LOC.1608.FAC,"['8.2275', '46.8182']",,FAC,FALSE
5000,LOC.1608/DATA,LOC.1608.DATA,#8579ec,landslide.LOC.1608.DATA,"['8.2275', '46.8182']",,DATA,FALSE
10000,LOC.1609,LOC.1609,#2579e8,landslide.LOC.1609,"['120.4018', '23.4781']",Tachia River,LOC,FALSE
5000,LOC.1609/MED,LOC.1609.MED,#27cf7e,landslide.LOC.1609.MED,"['120.4018', '23.4781']",,MED,FALSE
5000,LOC.1609/FAC,LOC.1609.FAC,#f0a73a,landslide.LOC.1609.FAC,"['120.4018', '23.4781']",,FAC,FALSE
5000,LOC.1609/DATA,LOC.1609.DATA,#8579ec,landslide.LOC.1609.DATA,"['120.4018', '23.4781']",,DATA,FALSE
10000,LOC.1610,LOC.1610,#2579e8,landslide.LOC.1610,"['107.3763', '33.9733']",Taibai County,LOC,FALSE
5000,LOC.1610/MED,LOC.1610.MED,#27cf7e,landslide.LOC.1610.MED,"['107.3763', '33.9733']",,MED,FALSE
5000,LOC.1610/FAC,LOC.1610.FAC,#f0a73a,landslide.LOC.1610.FAC,"['107.3763', '33.9733']",,FAC,FALSE
5000,LOC.1610/DATA,LOC.1610.DATA,#8579ec,landslide.LOC.1610.DATA,"['107.3763', '33.9733']",,DATA,FALSE
10000,LOC.1611,LOC.1611,#2579e8,landslide.LOC.1611,"['102.2634', '27.8108']",Taihe open pit iron mine in Xichang,LOC,FALSE
5000,LOC.1611/MED,LOC.1611.MED,#27cf7e,landslide.LOC.1611.MED,"['102.2634', '27.8108']",,MED,FALSE
5000,LOC.1611/FAC,LOC.1611.FAC,#f0a73a,landslide.LOC.1611.FAC,"['102.2634', '27.8108']",,FAC,FALSE
5000,LOC.1611/DATA,LOC.1611.DATA,#8579ec,landslide.LOC.1611.DATA,"['102.2634', '27.8108']",,DATA,FALSE
10000,LOC.1612,LOC.1612,#2579e8,landslide.LOC.1612,"['121.5654', '23.6978']",Taiwan,LOC,FALSE
5000,LOC.1612/MED,LOC.1612.MED,#27cf7e,landslide.LOC.1612.MED,"['121.5654', '23.6978']",,MED,FALSE
5000,LOC.1612/FAC,LOC.1612.FAC,#f0a73a,landslide.LOC.1612.FAC,"['121.5654', '23.6978']",,FAC,FALSE
5000,LOC.1612/DATA,LOC.1612.DATA,#8579ec,landslide.LOC.1612.DATA,"['121.5654', '23.6978']",,DATA,FALSE
10000,LOC.1613,LOC.1613,#2579e8,landslide.LOC.1613,"['112.5489', '37.8706']",Taiyuan City,LOC,FALSE
5000,LOC.1613/MED,LOC.1613.MED,#27cf7e,landslide.LOC.1613.MED,"['112.5489', '37.8706']",,MED,FALSE
5000,LOC.1613/FAC,LOC.1613.FAC,#f0a73a,landslide.LOC.1613.FAC,"['112.5489', '37.8706']",,FAC,FALSE
5000,LOC.1613/DATA,LOC.1613.DATA,#8579ec,landslide.LOC.1613.DATA,"['112.5489', '37.8706']",,DATA,FALSE
10000,LOC.1614,LOC.1614,#2579e8,landslide.LOC.1614,"['49.2087', '36.2824']",Tajan Watershed in northern Iran,LOC,FALSE
5000,LOC.1614/MED,LOC.1614.MED,#27cf7e,landslide.LOC.1614.MED,"['49.2087', '36.2824']",,MED,FALSE
5000,LOC.1614/FAC,LOC.1614.FAC,#f0a73a,landslide.LOC.1614.FAC,"['49.2087', '36.2824']",,FAC,FALSE
5000,LOC.1614/DATA,LOC.1614.DATA,#8579ec,landslide.LOC.1614.DATA,"['49.2087', '36.2824']",,DATA,FALSE
10000,LOC.1615,LOC.1615,#2579e8,landslide.LOC.1615,"['75.0322', '15.7223']",Talanad,LOC,FALSE
5000,LOC.1615/MED,LOC.1615.MED,#27cf7e,landslide.LOC.1615.MED,"['75.0322', '15.7223']",,MED,FALSE
5000,LOC.1615/FAC,LOC.1615.FAC,#f0a73a,landslide.LOC.1615.FAC,"['75.0322', '15.7223']",,FAC,FALSE
5000,LOC.1615/DATA,LOC.1615.DATA,#8579ec,landslide.LOC.1615.DATA,"['75.0322', '15.7223']",,DATA,FALSE
10000,LOC.1616,LOC.1616,#2579e8,landslide.LOC.1616,"['50.5215', '36.2106']",Taleghan - Alamut basin of Iran,LOC,FALSE
5000,LOC.1616/MED,LOC.1616.MED,#27cf7e,landslide.LOC.1616.MED,"['50.5215', '36.2106']",,MED,FALSE
5000,LOC.1616/FAC,LOC.1616.FAC,#f0a73a,landslide.LOC.1616.FAC,"['50.5215', '36.2106']",,FAC,FALSE
5000,LOC.1616/DATA,LOC.1616.DATA,#8579ec,landslide.LOC.1616.DATA,"['50.5215', '36.2106']",,DATA,FALSE
10000,LOC.1617,LOC.1617,#2579e8,landslide.LOC.1617,"['50.5215', '36.2106']",Taleghan basin,LOC,FALSE
5000,LOC.1617/MED,LOC.1617.MED,#27cf7e,landslide.LOC.1617.MED,"['50.5215', '36.2106']",,MED,FALSE
5000,LOC.1617/FAC,LOC.1617.FAC,#f0a73a,landslide.LOC.1617.FAC,"['50.5215', '36.2106']",,FAC,FALSE
5000,LOC.1617/DATA,LOC.1617.DATA,#8579ec,landslide.LOC.1617.DATA,"['50.5215', '36.2106']",,DATA,FALSE
10000,LOC.1618,LOC.1618,#2579e8,landslide.LOC.1618,"['50.5215', '36.2106']",Taleghan basin of Alborz province,LOC,FALSE
5000,LOC.1618/MED,LOC.1618.MED,#27cf7e,landslide.LOC.1618.MED,"['50.5215', '36.2106']",,MED,FALSE
5000,LOC.1618/FAC,LOC.1618.FAC,#f0a73a,landslide.LOC.1618.FAC,"['50.5215', '36.2106']",,FAC,FALSE
5000,LOC.1618/DATA,LOC.1618.DATA,#8579ec,landslide.LOC.1618.DATA,"['50.5215', '36.2106']",,DATA,FALSE
10000,LOC.1619,LOC.1619,#2579e8,landslide.LOC.1619,"['93.5678', '24.7759']",Tamenglong and Senapati districts,LOC,FALSE
5000,LOC.1619/MED,LOC.1619.MED,#27cf7e,landslide.LOC.1619.MED,"['93.5678', '24.7759']",,MED,FALSE
5000,LOC.1619/FAC,LOC.1619.FAC,#f0a73a,landslide.LOC.1619.FAC,"['93.5678', '24.7759']",,FAC,FALSE
5000,LOC.1619/DATA,LOC.1619.DATA,#8579ec,landslide.LOC.1619.DATA,"['93.5678', '24.7759']",,DATA,FALSE
10000,LOC.1620,LOC.1620,#2579e8,landslide.LOC.1620,"['78.9591', '11.1271']",Tamil Nadu,LOC,FALSE
5000,LOC.1620/MED,LOC.1620.MED,#27cf7e,landslide.LOC.1620.MED,"['78.9591', '11.1271']",,MED,FALSE
5000,LOC.1620/FAC,LOC.1620.FAC,#f0a73a,landslide.LOC.1620.FAC,"['78.9591', '11.1271']",,FAC,FALSE
5000,LOC.1620/DATA,LOC.1620.DATA,#8579ec,landslide.LOC.1620.DATA,"['78.9591', '11.1271']",,DATA,FALSE
10000,LOC.1621,LOC.1621,#2579e8,landslide.LOC.1621,"['106.4591', '11.5965']",Tan Uyen district of Vietnam,LOC,FALSE
5000,LOC.1621/MED,LOC.1621.MED,#27cf7e,landslide.LOC.1621.MED,"['106.4591', '11.5965']",,MED,FALSE
5000,LOC.1621/FAC,LOC.1621.FAC,#f0a73a,landslide.LOC.1621.FAC,"['106.4591', '11.5965']",,FAC,FALSE
5000,LOC.1621/DATA,LOC.1621.DATA,#8579ec,landslide.LOC.1621.DATA,"['106.4591', '11.5965']",,DATA,FALSE
10000,LOC.1622,LOC.1622,#2579e8,landslide.LOC.1622,"['15.2250', '40.0553']",Tanarello stream,LOC,FALSE
5000,LOC.1622/MED,LOC.1622.MED,#27cf7e,landslide.LOC.1622.MED,"['15.2250', '40.0553']",,MED,FALSE
5000,LOC.1622/FAC,LOC.1622.FAC,#f0a73a,landslide.LOC.1622.FAC,"['15.2250', '40.0553']",,FAC,FALSE
5000,LOC.1622/DATA,LOC.1622.DATA,#8579ec,landslide.LOC.1622.DATA,"['15.2250', '40.0553']",,DATA,FALSE
10000,LOC.1623,LOC.1623,#2579e8,landslide.LOC.1623,"['111.2477', '28.9050']",Taojiang County,LOC,FALSE
5000,LOC.1623/MED,LOC.1623.MED,#27cf7e,landslide.LOC.1623.MED,"['111.2477', '28.9050']",,MED,FALSE
5000,LOC.1623/FAC,LOC.1623.FAC,#f0a73a,landslide.LOC.1623.FAC,"['111.2477', '28.9050']",,FAC,FALSE
5000,LOC.1623/DATA,LOC.1623.DATA,#8579ec,landslide.LOC.1623.DATA,"['111.2477', '28.9050']",,DATA,FALSE
10000,LOC.1624,LOC.1624,#2579e8,landslide.LOC.1624,"['4.6347', '34.5415']",Taounate - Ain Aicha and Tahar Souk regions in the central part of the Rif Mountains in Morocco,LOC,FALSE
5000,LOC.1624/MED,LOC.1624.MED,#27cf7e,landslide.LOC.1624.MED,"['4.6347', '34.5415']",,MED,FALSE
5000,LOC.1624/FAC,LOC.1624.FAC,#f0a73a,landslide.LOC.1624.FAC,"['4.6347', '34.5415']",,FAC,FALSE
5000,LOC.1624/DATA,LOC.1624.DATA,#8579ec,landslide.LOC.1624.DATA,"['4.6347', '34.5415']",,DATA,FALSE
10000,LOC.1625,LOC.1625,#2579e8,landslide.LOC.1625,"['4.6429', '34.5483']",Taounate city,LOC,FALSE
5000,LOC.1625/MED,LOC.1625.MED,#27cf7e,landslide.LOC.1625.MED,"['4.6429', '34.5483']",,MED,FALSE
5000,LOC.1625/FAC,LOC.1625.FAC,#f0a73a,landslide.LOC.1625.FAC,"['4.6429', '34.5483']",,FAC,FALSE
5000,LOC.1625/DATA,LOC.1625.DATA,#8579ec,landslide.LOC.1625.DATA,"['4.6429', '34.5483']",,DATA,FALSE
10000,LOC.1626,LOC.1626,#2579e8,landslide.LOC.1626,"['101.8901', '2.5717']",Tebat Karai,LOC,FALSE
5000,LOC.1626/MED,LOC.1626.MED,#27cf7e,landslide.LOC.1626.MED,"['101.8901', '2.5717']",,MED,FALSE
5000,LOC.1626/FAC,LOC.1626.FAC,#f0a73a,landslide.LOC.1626.FAC,"['101.8901', '2.5717']",,FAC,FALSE
5000,LOC.1626/DATA,LOC.1626.DATA,#8579ec,landslide.LOC.1626.DATA,"['101.8901', '2.5717']",,DATA,FALSE
10000,LOC.1627,LOC.1627,#2579e8,landslide.LOC.1627,"['88.6646', '27.1635']",Teesta River in Sikkim Himalaya,LOC,FALSE
5000,LOC.1627/MED,LOC.1627.MED,#27cf7e,landslide.LOC.1627.MED,"['88.6646', '27.1635']",,MED,FALSE
5000,LOC.1627/FAC,LOC.1627.FAC,#f0a73a,landslide.LOC.1627.FAC,"['88.6646', '27.1635']",,FAC,FALSE
5000,LOC.1627/DATA,LOC.1627.DATA,#8579ec,landslide.LOC.1627.DATA,"['88.6646', '27.1635']",,DATA,FALSE
10000,LOC.1628,LOC.1628,#2579e8,landslide.LOC.1628,"['87.2068', '14.0723']",Tegucigalpa,LOC,FALSE
5000,LOC.1628/MED,LOC.1628.MED,#27cf7e,landslide.LOC.1628.MED,"['87.2068', '14.0723']",,MED,FALSE
5000,LOC.1628/FAC,LOC.1628.FAC,#f0a73a,landslide.LOC.1628.FAC,"['87.2068', '14.0723']",,FAC,FALSE
5000,LOC.1628/DATA,LOC.1628.DATA,#8579ec,landslide.LOC.1628.DATA,"['87.2068', '14.0723']",,DATA,FALSE
10000,LOC.1629,LOC.1629,#2579e8,landslide.LOC.1629,"['51.3890', '35.6895']",Tehran,LOC,FALSE
5000,LOC.1629/MED,LOC.1629.MED,#27cf7e,landslide.LOC.1629.MED,"['51.3890', '35.6895']",,MED,FALSE
5000,LOC.1629/FAC,LOC.1629.FAC,#f0a73a,landslide.LOC.1629.FAC,"['51.3890', '35.6895']",,FAC,FALSE
5000,LOC.1629/DATA,LOC.1629.DATA,#8579ec,landslide.LOC.1629.DATA,"['51.3890', '35.6895']",,DATA,FALSE
10000,LOC.1630,LOC.1630,#2579e8,landslide.LOC.1630,"['78.3942', '30.3753']",Tehri,LOC,FALSE
5000,LOC.1630/MED,LOC.1630.MED,#27cf7e,landslide.LOC.1630.MED,"['78.3942', '30.3753']",,MED,FALSE
5000,LOC.1630/FAC,LOC.1630.FAC,#f0a73a,landslide.LOC.1630.FAC,"['78.3942', '30.3753']",,FAC,FALSE
5000,LOC.1630/DATA,LOC.1630.DATA,#8579ec,landslide.LOC.1630.DATA,"['78.3942', '30.3753']",,DATA,FALSE
10000,LOC.1631,LOC.1631,#2579e8,landslide.LOC.1631,"['78.4311', '30.3717']",Tehri Garhwal district of Uttarakhand state,LOC,FALSE
5000,LOC.1631/MED,LOC.1631.MED,#27cf7e,landslide.LOC.1631.MED,"['78.4311', '30.3717']",,MED,FALSE
5000,LOC.1631/FAC,LOC.1631.FAC,#f0a73a,landslide.LOC.1631.FAC,"['78.4311', '30.3717']",,FAC,FALSE
5000,LOC.1631/DATA,LOC.1631.DATA,#8579ec,landslide.LOC.1631.DATA,"['78.4311', '30.3717']",,DATA,FALSE
10000,LOC.1632,LOC.1632,#2579e8,landslide.LOC.1632,"['78.3916', '30.3874']",Tehri region of the Indian Himalayas,LOC,FALSE
5000,LOC.1632/MED,LOC.1632.MED,#27cf7e,landslide.LOC.1632.MED,"['78.3916', '30.3874']",,MED,FALSE
5000,LOC.1632/FAC,LOC.1632.FAC,#f0a73a,landslide.LOC.1632.FAC,"['78.3916', '30.3874']",,FAC,FALSE
5000,LOC.1632/DATA,LOC.1632.DATA,#8579ec,landslide.LOC.1632.DATA,"['78.3916', '30.3874']",,DATA,FALSE
10000,LOC.1633,LOC.1633,#2579e8,landslide.LOC.1633,"['78.4532', '30.3771']",Tehri reservoir,LOC,FALSE
5000,LOC.1633/MED,LOC.1633.MED,#27cf7e,landslide.LOC.1633.MED,"['78.4532', '30.3771']",,MED,FALSE
5000,LOC.1633/FAC,LOC.1633.FAC,#f0a73a,landslide.LOC.1633.FAC,"['78.4532', '30.3771']",,FAC,FALSE
5000,LOC.1633/DATA,LOC.1633.DATA,#8579ec,landslide.LOC.1633.DATA,"['78.4532', '30.3771']",,DATA,FALSE
10000,LOC.1634,LOC.1634,#2579e8,landslide.LOC.1634,"['78.5075', '30.3998']",Tehri reservoir rim,LOC,FALSE
5000,LOC.1634/MED,LOC.1634.MED,#27cf7e,landslide.LOC.1634.MED,"['78.5075', '30.3998']",,MED,FALSE
5000,LOC.1634/FAC,LOC.1634.FAC,#f0a73a,landslide.LOC.1634.FAC,"['78.5075', '30.3998']",,FAC,FALSE
5000,LOC.1634/DATA,LOC.1634.DATA,#8579ec,landslide.LOC.1634.DATA,"['78.5075', '30.3998']",,DATA,FALSE
10000,LOC.1635,LOC.1635,#2579e8,landslide.LOC.1635,"['38.0146', '13.2348']",Tekeze River basins,LOC,FALSE
5000,LOC.1635/MED,LOC.1635.MED,#27cf7e,landslide.LOC.1635.MED,"['38.0146', '13.2348']",,MED,FALSE
5000,LOC.1635/FAC,LOC.1635.FAC,#f0a73a,landslide.LOC.1635.FAC,"['38.0146', '13.2348']",,FAC,FALSE
5000,LOC.1635/DATA,LOC.1635.DATA,#8579ec,landslide.LOC.1635.DATA,"['38.0146', '13.2348']",,DATA,FALSE
10000,LOC.1636,LOC.1636,#2579e8,landslide.LOC.1636,"['0.1495', '51.5002']",Terrain,LOC,FALSE
5000,LOC.1636/MED,LOC.1636.MED,#27cf7e,landslide.LOC.1636.MED,"['0.1495', '51.5002']",,MED,FALSE
5000,LOC.1636/FAC,LOC.1636.FAC,#f0a73a,landslide.LOC.1636.FAC,"['0.1495', '51.5002']",,FAC,FALSE
5000,LOC.1636/DATA,LOC.1636.DATA,#8579ec,landslide.LOC.1636.DATA,"['0.1495', '51.5002']",,DATA,FALSE
10000,LOC.1637,LOC.1637,#2579e8,landslide.LOC.1637,"['9.1895', '44.4777']",Terzona catchment,LOC,FALSE
5000,LOC.1637/MED,LOC.1637.MED,#27cf7e,landslide.LOC.1637.MED,"['9.1895', '44.4777']",,MED,FALSE
5000,LOC.1637/FAC,LOC.1637.FAC,#f0a73a,landslide.LOC.1637.FAC,"['9.1895', '44.4777']",,FAC,FALSE
5000,LOC.1637/DATA,LOC.1637.DATA,#8579ec,landslide.LOC.1637.DATA,"['9.1895', '44.4777']",,DATA,FALSE
10000,LOC.1638,LOC.1638,#2579e8,landslide.LOC.1638,"['77.3870', '11.1060']",Tevankarai Ar sub-watershed,LOC,FALSE
5000,LOC.1638/MED,LOC.1638.MED,#27cf7e,landslide.LOC.1638.MED,"['77.3870', '11.1060']",,MED,FALSE
5000,LOC.1638/FAC,LOC.1638.FAC,#f0a73a,landslide.LOC.1638.FAC,"['77.3870', '11.1060']",,FAC,FALSE
5000,LOC.1638/DATA,LOC.1638.DATA,#8579ec,landslide.LOC.1638.DATA,"['77.3870', '11.1060']",,DATA,FALSE
10000,LOC.1639,LOC.1639,#2579e8,landslide.LOC.1639,"['99.9018', '31.9686']",Texas,LOC,FALSE
5000,LOC.1639/MED,LOC.1639.MED,#27cf7e,landslide.LOC.1639.MED,"['99.9018', '31.9686']",,MED,FALSE
5000,LOC.1639/FAC,LOC.1639.FAC,#f0a73a,landslide.LOC.1639.FAC,"['99.9018', '31.9686']",,FAC,FALSE
5000,LOC.1639/DATA,LOC.1639.DATA,#8579ec,landslide.LOC.1639.DATA,"['99.9018', '31.9686']",,DATA,FALSE
10000,LOC.1640,LOC.1640,#2579e8,landslide.LOC.1640,"['97.4519', '18.0810']",Teziutlan municipality,LOC,FALSE
5000,LOC.1640/MED,LOC.1640.MED,#27cf7e,landslide.LOC.1640.MED,"['97.4519', '18.0810']",,MED,FALSE
5000,LOC.1640/FAC,LOC.1640.FAC,#f0a73a,landslide.LOC.1640.FAC,"['97.4519', '18.0810']",,FAC,FALSE
5000,LOC.1640/DATA,LOC.1640.DATA,#8579ec,landslide.LOC.1640.DATA,"['97.4519', '18.0810']",,DATA,FALSE
10000,LOC.1641,LOC.1641,#2579e8,landslide.LOC.1641,"['118.2934', '28.1466']",TGP,LOC,FALSE
5000,LOC.1641/MED,LOC.1641.MED,#27cf7e,landslide.LOC.1641.MED,"['118.2934', '28.1466']",,MED,FALSE
5000,LOC.1641/FAC,LOC.1641.FAC,#f0a73a,landslide.LOC.1641.FAC,"['118.2934', '28.1466']",,FAC,FALSE
5000,LOC.1641/DATA,LOC.1641.DATA,#8579ec,landslide.LOC.1641.DATA,"['118.2934', '28.1466']",,DATA,FALSE
10000,LOC.1642,LOC.1642,#2579e8,landslide.LOC.1642,"['110.6088', '30.8607']",TGR,LOC,FALSE
5000,LOC.1642/MED,LOC.1642.MED,#27cf7e,landslide.LOC.1642.MED,"['110.6088', '30.8607']",,MED,FALSE
5000,LOC.1642/FAC,LOC.1642.FAC,#f0a73a,landslide.LOC.1642.FAC,"['110.6088', '30.8607']",,FAC,FALSE
5000,LOC.1642/DATA,LOC.1642.DATA,#8579ec,landslide.LOC.1642.DATA,"['110.6088', '30.8607']",,DATA,FALSE
10000,LOC.1643,LOC.1643,#2579e8,landslide.LOC.1643,"['110.6254', '30.7236']",TGR region on the Yangtze River in Zigui County,LOC,FALSE
5000,LOC.1643/MED,LOC.1643.MED,#27cf7e,landslide.LOC.1643.MED,"['110.6254', '30.7236']",,MED,FALSE
5000,LOC.1643/FAC,LOC.1643.FAC,#f0a73a,landslide.LOC.1643.FAC,"['110.6254', '30.7236']",,FAC,FALSE
5000,LOC.1643/DATA,LOC.1643.DATA,#8579ec,landslide.LOC.1643.DATA,"['110.6254', '30.7236']",,DATA,FALSE
10000,LOC.1644,LOC.1644,#2579e8,landslide.LOC.1644,"['90.4253', '24.4246']",TGRA,LOC,FALSE
5000,LOC.1644/MED,LOC.1644.MED,#27cf7e,landslide.LOC.1644.MED,"['90.4253', '24.4246']",,MED,FALSE
5000,LOC.1644/FAC,LOC.1644.FAC,#f0a73a,landslide.LOC.1644.FAC,"['90.4253', '24.4246']",,FAC,FALSE
5000,LOC.1644/DATA,LOC.1644.DATA,#8579ec,landslide.LOC.1644.DATA,"['90.4253', '24.4246']",,DATA,FALSE
10000,LOC.1645,LOC.1645,#2579e8,landslide.LOC.1645,"['100.9925', '15.8700']",Thailand,LOC,FALSE
5000,LOC.1645/MED,LOC.1645.MED,#27cf7e,landslide.LOC.1645.MED,"['100.9925', '15.8700']",,MED,FALSE
5000,LOC.1645/FAC,LOC.1645.FAC,#f0a73a,landslide.LOC.1645.FAC,"['100.9925', '15.8700']",,FAC,FALSE
5000,LOC.1645/DATA,LOC.1645.DATA,#8579ec,landslide.LOC.1645.DATA,"['100.9925', '15.8700']",,DATA,FALSE
10000,LOC.1646,LOC.1646,#2579e8,landslide.LOC.1646,"['76.1196', '11.4186']",Thalanad,LOC,FALSE
5000,LOC.1646/MED,LOC.1646.MED,#27cf7e,landslide.LOC.1646.MED,"['76.1196', '11.4186']",,MED,FALSE
5000,LOC.1646/FAC,LOC.1646.FAC,#f0a73a,landslide.LOC.1646.FAC,"['76.1196', '11.4186']",,FAC,FALSE
5000,LOC.1646/DATA,LOC.1646.DATA,#8579ec,landslide.LOC.1646.DATA,"['76.1196', '11.4186']",,DATA,FALSE
10000,LOC.1647,LOC.1647,#2579e8,landslide.LOC.1647,"['10.4515', '46.5596']",the Central Italian Alps,LOC,FALSE
5000,LOC.1647/MED,LOC.1647.MED,#27cf7e,landslide.LOC.1647.MED,"['10.4515', '46.5596']",,MED,FALSE
5000,LOC.1647/FAC,LOC.1647.FAC,#f0a73a,landslide.LOC.1647.FAC,"['10.4515', '46.5596']",,FAC,FALSE
5000,LOC.1647/DATA,LOC.1647.DATA,#8579ec,landslide.LOC.1647.DATA,"['10.4515', '46.5596']",,DATA,FALSE
10000,LOC.1648,LOC.1648,#2579e8,landslide.LOC.1648,"['79.2153', '3.9937']",the city of Loja,LOC,FALSE
5000,LOC.1648/MED,LOC.1648.MED,#27cf7e,landslide.LOC.1648.MED,"['79.2153', '3.9937']",,MED,FALSE
5000,LOC.1648/FAC,LOC.1648.FAC,#f0a73a,landslide.LOC.1648.FAC,"['79.2153', '3.9937']",,FAC,FALSE
5000,LOC.1648/DATA,LOC.1648.DATA,#8579ec,landslide.LOC.1648.DATA,"['79.2153', '3.9937']",,DATA,FALSE
10000,LOC.1649,LOC.1649,#2579e8,landslide.LOC.1649,"['48.0423', '38.2533']",the eastern slopes of Sabalan,LOC,FALSE
5000,LOC.1649/MED,LOC.1649.MED,#27cf7e,landslide.LOC.1649.MED,"['48.0423', '38.2533']",,MED,FALSE
5000,LOC.1649/FAC,LOC.1649.FAC,#f0a73a,landslide.LOC.1649.FAC,"['48.0423', '38.2533']",,FAC,FALSE
5000,LOC.1649/DATA,LOC.1649.DATA,#8579ec,landslide.LOC.1649.DATA,"['48.0423', '38.2533']",,DATA,FALSE
10000,LOC.1650,LOC.1650,#2579e8,landslide.LOC.1650,"['86.6666', '36.0000']",the Kuenlun Mountains in the northern Tibetan Plateau,LOC,FALSE
5000,LOC.1650/MED,LOC.1650.MED,#27cf7e,landslide.LOC.1650.MED,"['86.6666', '36.0000']",,MED,FALSE
5000,LOC.1650/FAC,LOC.1650.FAC,#f0a73a,landslide.LOC.1650.FAC,"['86.6666', '36.0000']",,FAC,FALSE
5000,LOC.1650/DATA,LOC.1650.DATA,#8579ec,landslide.LOC.1650.DATA,"['86.6666', '36.0000']",,DATA,FALSE
10000,LOC.1651,LOC.1651,#2579e8,landslide.LOC.1651,"['104.0', '28.0']",The mountainous area of southwest China,LOC,FALSE
5000,LOC.1651/MED,LOC.1651.MED,#27cf7e,landslide.LOC.1651.MED,"['104.0', '28.0']",,MED,FALSE
5000,LOC.1651/FAC,LOC.1651.FAC,#f0a73a,landslide.LOC.1651.FAC,"['104.0', '28.0']",,FAC,FALSE
5000,LOC.1651/DATA,LOC.1651.DATA,#8579ec,landslide.LOC.1651.DATA,"['104.0', '28.0']",,DATA,FALSE
10000,LOC.1652,LOC.1652,#2579e8,landslide.LOC.1652,"['9.5', '36.5']",The national road 11 linking Mateur to Beja,LOC,FALSE
5000,LOC.1652/MED,LOC.1652.MED,#27cf7e,landslide.LOC.1652.MED,"['9.5', '36.5']",,MED,FALSE
5000,LOC.1652/FAC,LOC.1652.FAC,#f0a73a,landslide.LOC.1652.FAC,"['9.5', '36.5']",,FAC,FALSE
5000,LOC.1652/DATA,LOC.1652.DATA,#8579ec,landslide.LOC.1652.DATA,"['9.5', '36.5']",,DATA,FALSE
10000,LOC.1653,LOC.1653,#2579e8,landslide.LOC.1653,"['13.5', '38.0']",The North-easternmost sector of Sicily,LOC,FALSE
5000,LOC.1653/MED,LOC.1653.MED,#27cf7e,landslide.LOC.1653.MED,"['13.5', '38.0']",,MED,FALSE
5000,LOC.1653/FAC,LOC.1653.FAC,#f0a73a,landslide.LOC.1653.FAC,"['13.5', '38.0']",,FAC,FALSE
5000,LOC.1653/DATA,LOC.1653.DATA,#8579ec,landslide.LOC.1653.DATA,"['13.5', '38.0']",,DATA,FALSE
10000,LOC.1654,LOC.1654,#2579e8,landslide.LOC.1654,"['127.5', '36.0']",The Republic of Korea,LOC,FALSE
5000,LOC.1654/MED,LOC.1654.MED,#27cf7e,landslide.LOC.1654.MED,"['127.5', '36.0']",,MED,FALSE
5000,LOC.1654/FAC,LOC.1654.FAC,#f0a73a,landslide.LOC.1654.FAC,"['127.5', '36.0']",,FAC,FALSE
5000,LOC.1654/DATA,LOC.1654.DATA,#8579ec,landslide.LOC.1654.DATA,"['127.5', '36.0']",,DATA,FALSE
10000,LOC.1655,LOC.1655,#2579e8,landslide.LOC.1655,"['111.0', '30.8']",The Three Gorges dam,LOC,FALSE
5000,LOC.1655/MED,LOC.1655.MED,#27cf7e,landslide.LOC.1655.MED,"['111.0', '30.8']",,MED,FALSE
5000,LOC.1655/FAC,LOC.1655.FAC,#f0a73a,landslide.LOC.1655.FAC,"['111.0', '30.8']",,FAC,FALSE
5000,LOC.1655/DATA,LOC.1655.DATA,#8579ec,landslide.LOC.1655.DATA,"['111.0', '30.8']",,DATA,FALSE
10000,LOC.1656,LOC.1656,#2579e8,landslide.LOC.1656,"['9.6', '46.2']",The Valtellina Valley,LOC,FALSE
5000,LOC.1656/MED,LOC.1656.MED,#27cf7e,landslide.LOC.1656.MED,"['9.6', '46.2']",,MED,FALSE
5000,LOC.1656/FAC,LOC.1656.FAC,#f0a73a,landslide.LOC.1656.FAC,"['9.6', '46.2']",,FAC,FALSE
5000,LOC.1656/DATA,LOC.1656.DATA,#8579ec,landslide.LOC.1656.DATA,"['9.6', '46.2']",,DATA,FALSE
10000,LOC.1657,LOC.1657,#2579e8,landslide.LOC.1657,"['73.5', '16.5']",The western flanks of the Western Ghats,LOC,FALSE
5000,LOC.1657/MED,LOC.1657.MED,#27cf7e,landslide.LOC.1657.MED,"['73.5', '16.5']",,MED,FALSE
5000,LOC.1657/FAC,LOC.1657.FAC,#f0a73a,landslide.LOC.1657.FAC,"['73.5', '16.5']",,FAC,FALSE
5000,LOC.1657/DATA,LOC.1657.DATA,#8579ec,landslide.LOC.1657.DATA,"['73.5', '16.5']",,DATA,FALSE
10000,LOC.1658,LOC.1658,#2579e8,landslide.LOC.1658,"['108.2', '30.7']",The Zhongxian-Shizhu Segment in the Three Gorges Reservoir region of China,LOC,FALSE
5000,LOC.1658/MED,LOC.1658.MED,#27cf7e,landslide.LOC.1658.MED,"['108.2', '30.7']",,MED,FALSE
5000,LOC.1658/FAC,LOC.1658.FAC,#f0a73a,landslide.LOC.1658.FAC,"['108.2', '30.7']",,FAC,FALSE
5000,LOC.1658/DATA,LOC.1658.DATA,#8579ec,landslide.LOC.1658.DATA,"['108.2', '30.7']",,DATA,FALSE
10000,LOC.1659,LOC.1659,#2579e8,landslide.LOC.1659,"['77.4776', '9.9696']",Theni district,LOC,FALSE
5000,LOC.1659/MED,LOC.1659.MED,#27cf7e,landslide.LOC.1659.MED,"['77.4776', '9.9696']",,MED,FALSE
5000,LOC.1659/FAC,LOC.1659.FAC,#f0a73a,landslide.LOC.1659.FAC,"['77.4776', '9.9696']",,FAC,FALSE
5000,LOC.1659/DATA,LOC.1659.DATA,#8579ec,landslide.LOC.1659.DATA,"['77.4776', '9.9696']",,DATA,FALSE
10000,LOC.1660,LOC.1660,#2579e8,landslide.LOC.1660,"['111.0', '30.0']",Three Georges,LOC,FALSE
5000,LOC.1660/MED,LOC.1660.MED,#27cf7e,landslide.LOC.1660.MED,"['111.0', '30.0']",,MED,FALSE
5000,LOC.1660/FAC,LOC.1660.FAC,#f0a73a,landslide.LOC.1660.FAC,"['111.0', '30.0']",,FAC,FALSE
5000,LOC.1660/DATA,LOC.1660.DATA,#8579ec,landslide.LOC.1660.DATA,"['111.0', '30.0']",,DATA,FALSE
10000,LOC.1661,LOC.1661,#2579e8,landslide.LOC.1661,"['111.1176', '30.8231']",Three - Gorge Reservoir,LOC,FALSE
5000,LOC.1661/MED,LOC.1661.MED,#27cf7e,landslide.LOC.1661.MED,"['111.1176', '30.8231']",,MED,FALSE
5000,LOC.1661/FAC,LOC.1661.FAC,#f0a73a,landslide.LOC.1661.FAC,"['111.1176', '30.8231']",,FAC,FALSE
5000,LOC.1661/DATA,LOC.1661.DATA,#8579ec,landslide.LOC.1661.DATA,"['111.1176', '30.8231']",,DATA,FALSE
10000,LOC.1662,LOC.1662,#2579e8,landslide.LOC.1662,"['111.0', '30.0']",Three Gorges,LOC,FALSE
5000,LOC.1662/MED,LOC.1662.MED,#27cf7e,landslide.LOC.1662.MED,"['111.0', '30.0']",,MED,FALSE
5000,LOC.1662/FAC,LOC.1662.FAC,#f0a73a,landslide.LOC.1662.FAC,"['111.0', '30.0']",,FAC,FALSE
5000,LOC.1662/DATA,LOC.1662.DATA,#8579ec,landslide.LOC.1662.DATA,"['111.0', '30.0']",,DATA,FALSE
10000,LOC.1663,LOC.1663,#2579e8,landslide.LOC.1663,"['111.0', '30.0']",Three Gorges areas in China,LOC,FALSE
5000,LOC.1663/MED,LOC.1663.MED,#27cf7e,landslide.LOC.1663.MED,"['111.0', '30.0']",,MED,FALSE
5000,LOC.1663/FAC,LOC.1663.FAC,#f0a73a,landslide.LOC.1663.FAC,"['111.0', '30.0']",,FAC,FALSE
5000,LOC.1663/DATA,LOC.1663.DATA,#8579ec,landslide.LOC.1663.DATA,"['111.0', '30.0']",,DATA,FALSE
10000,LOC.1664,LOC.1664,#2579e8,landslide.LOC.1664,"['0', '0']",Three Gorges areas in China,LOC,FALSE
5000,LOC.1664/MED,LOC.1664.MED,#27cf7e,landslide.LOC.1664.MED,"['0', '0']",,MED,FALSE
5000,LOC.1664/FAC,LOC.1664.FAC,#f0a73a,landslide.LOC.1664.FAC,"['0', '0']",,FAC,FALSE
5000,LOC.1664/DATA,LOC.1664.DATA,#8579ec,landslide.LOC.1664.DATA,"['0', '0']",,DATA,FALSE
10000,LOC.1665,LOC.1665,#2579e8,landslide.LOC.1665,"['107.7659', '31.2743']",Three Gorges Reservoir area - Longshuigou landslide in Fengjie County of Chongqing city in China,LOC,FALSE
5000,LOC.1665/MED,LOC.1665.MED,#27cf7e,landslide.LOC.1665.MED,"['107.7659', '31.2743']",,MED,FALSE
5000,LOC.1665/FAC,LOC.1665.FAC,#f0a73a,landslide.LOC.1665.FAC,"['107.7659', '31.2743']",,FAC,FALSE
5000,LOC.1665/DATA,LOC.1665.DATA,#8579ec,landslide.LOC.1665.DATA,"['107.7659', '31.2743']",,DATA,FALSE
10000,LOC.1666,LOC.1666,#2579e8,landslide.LOC.1666,"['111.4540', '30.8231']",Three Gorges Reservoir area of the Yangtze River,LOC,FALSE
5000,LOC.1666/MED,LOC.1666.MED,#27cf7e,landslide.LOC.1666.MED,"['111.4540', '30.8231']",,MED,FALSE
5000,LOC.1666/FAC,LOC.1666.FAC,#f0a73a,landslide.LOC.1666.FAC,"['111.4540', '30.8231']",,FAC,FALSE
5000,LOC.1666/DATA,LOC.1666.DATA,#8579ec,landslide.LOC.1666.DATA,"['111.4540', '30.8231']",,DATA,FALSE
10000,LOC.1667,LOC.1667,#2579e8,landslide.LOC.1667,"['108.0920', '30.8357']",Three Gorges Reservoir area to the Padang section,LOC,FALSE
5000,LOC.1667/MED,LOC.1667.MED,#27cf7e,landslide.LOC.1667.MED,"['108.0920', '30.8357']",,MED,FALSE
5000,LOC.1667/FAC,LOC.1667.FAC,#f0a73a,landslide.LOC.1667.FAC,"['108.0920', '30.8357']",,FAC,FALSE
5000,LOC.1667/DATA,LOC.1667.DATA,#8579ec,landslide.LOC.1667.DATA,"['108.0920', '30.8357']",,DATA,FALSE
10000,LOC.1668,LOC.1668,#2579e8,landslide.LOC.1668,"['111.4540', '30.8231']",Three Gorges Reservoir region of China,LOC,FALSE
5000,LOC.1668/MED,LOC.1668.MED,#27cf7e,landslide.LOC.1668.MED,"['111.4540', '30.8231']",,MED,FALSE
5000,LOC.1668/FAC,LOC.1668.FAC,#f0a73a,landslide.LOC.1668.FAC,"['111.4540', '30.8231']",,FAC,FALSE
5000,LOC.1668/DATA,LOC.1668.DATA,#8579ec,landslide.LOC.1668.DATA,"['111.4540', '30.8231']",,DATA,FALSE
10000,LOC.1669,LOC.1669,#2579e8,landslide.LOC.1669,"['107.5915', '16.4498']",Thua Thien Hue province of Vietnam,LOC,FALSE
5000,LOC.1669/MED,LOC.1669.MED,#27cf7e,landslide.LOC.1669.MED,"['107.5915', '16.4498']",,MED,FALSE
5000,LOC.1669/FAC,LOC.1669.FAC,#f0a73a,landslide.LOC.1669.FAC,"['107.5915', '16.4498']",,FAC,FALSE
5000,LOC.1669/DATA,LOC.1669.DATA,#8579ec,landslide.LOC.1669.DATA,"['107.5915', '16.4498']",,DATA,FALSE
10000,LOC.1670,LOC.1670,#2579e8,landslide.LOC.1670,"['86.0844', '43.7931']",Tianshan Mountains in Northwestern Basins,LOC,FALSE
5000,LOC.1670/MED,LOC.1670.MED,#27cf7e,landslide.LOC.1670.MED,"['86.0844', '43.7931']",,MED,FALSE
5000,LOC.1670/FAC,LOC.1670.FAC,#f0a73a,landslide.LOC.1670.FAC,"['86.0844', '43.7931']",,FAC,FALSE
5000,LOC.1670/DATA,LOC.1670.DATA,#8579ec,landslide.LOC.1670.DATA,"['86.0844', '43.7931']",,DATA,FALSE
10000,LOC.1671,LOC.1671,#2579e8,landslide.LOC.1671,"['105.7316', '34.5794']",Tianshui,LOC,FALSE
5000,LOC.1671/MED,LOC.1671.MED,#27cf7e,landslide.LOC.1671.MED,"['105.7316', '34.5794']",,MED,FALSE
5000,LOC.1671/FAC,LOC.1671.FAC,#f0a73a,landslide.LOC.1671.FAC,"['105.7316', '34.5794']",,FAC,FALSE
5000,LOC.1671/DATA,LOC.1671.DATA,#8579ec,landslide.LOC.1671.DATA,"['105.7316', '34.5794']",,DATA,FALSE
10000,LOC.1672,LOC.1672,#2579e8,landslide.LOC.1672,"['105.6736', '34.5543']",Tianshui seismic zone,LOC,FALSE
5000,LOC.1672/MED,LOC.1672.MED,#27cf7e,landslide.LOC.1672.MED,"['105.6736', '34.5543']",,MED,FALSE
5000,LOC.1672/FAC,LOC.1672.FAC,#f0a73a,landslide.LOC.1672.FAC,"['105.6736', '34.5543']",,FAC,FALSE
5000,LOC.1672/DATA,LOC.1672.DATA,#8579ec,landslide.LOC.1672.DATA,"['105.6736', '34.5543']",,DATA,FALSE
10000,LOC.1673,LOC.1673,#2579e8,landslide.LOC.1673,"['88.7879', '31.9686']",Tibet,LOC,FALSE
5000,LOC.1673/MED,LOC.1673.MED,#27cf7e,landslide.LOC.1673.MED,"['88.7879', '31.9686']",,MED,FALSE
5000,LOC.1673/FAC,LOC.1673.FAC,#f0a73a,landslide.LOC.1673.FAC,"['88.7879', '31.9686']",,FAC,FALSE
5000,LOC.1673/DATA,LOC.1673.DATA,#8579ec,landslide.LOC.1673.DATA,"['88.7879', '31.9686']",,DATA,FALSE
10000,LOC.1674,LOC.1674,#2579e8,landslide.LOC.1674,"['88.7879', '31.9686']",Tibet in China,LOC,FALSE
5000,LOC.1674/MED,LOC.1674.MED,#27cf7e,landslide.LOC.1674.MED,"['88.7879', '31.9686']",,MED,FALSE
5000,LOC.1674/FAC,LOC.1674.FAC,#f0a73a,landslide.LOC.1674.FAC,"['88.7879', '31.9686']",,FAC,FALSE
5000,LOC.1674/DATA,LOC.1674.DATA,#8579ec,landslide.LOC.1674.DATA,"['88.7879', '31.9686']",,DATA,FALSE
10000,LOC.1675,LOC.1675,#2579e8,landslide.LOC.1675,"['122.754', '13.357']",Tikoy,LOC,FALSE
5000,LOC.1675/MED,LOC.1675.MED,#27cf7e,landslide.LOC.1675.MED,"['122.754', '13.357']",,MED,FALSE
5000,LOC.1675/FAC,LOC.1675.FAC,#f0a73a,landslide.LOC.1675.FAC,"['122.754', '13.357']",,FAC,FALSE
5000,LOC.1675/DATA,LOC.1675.DATA,#8579ec,landslide.LOC.1675.DATA,"['122.754', '13.357']",,DATA,FALSE
10000,LOC.1676,LOC.1676,#2579e8,landslide.LOC.1676,"['83.866', '27.427']",Tinau watershed,LOC,FALSE
5000,LOC.1676/MED,LOC.1676.MED,#27cf7e,landslide.LOC.1676.MED,"['83.866', '27.427']",,MED,FALSE
5000,LOC.1676/FAC,LOC.1676.FAC,#f0a73a,landslide.LOC.1676.FAC,"['83.866', '27.427']",,FAC,FALSE
5000,LOC.1676/DATA,LOC.1676.DATA,#8579ec,landslide.LOC.1676.DATA,"['83.866', '27.427']",,DATA,FALSE
10000,LOC.1677,LOC.1677,#2579e8,landslide.LOC.1677,"['78.5558', '30.8485']",Tipari to Ghuttu highway corridors in the Garhwal Himalaya,LOC,FALSE
5000,LOC.1677/MED,LOC.1677.MED,#27cf7e,landslide.LOC.1677.MED,"['78.5558', '30.8485']",,MED,FALSE
5000,LOC.1677/FAC,LOC.1677.FAC,#f0a73a,landslide.LOC.1677.FAC,"['78.5558', '30.8485']",,FAC,FALSE
5000,LOC.1677/DATA,LOC.1677.DATA,#8579ec,landslide.LOC.1677.DATA,"['78.5558', '30.8485']",,DATA,FALSE
10000,LOC.1678,LOC.1678,#2579e8,landslide.LOC.1678,"['7.4293', '31.7994']",Tizi N'tichka region in the High Atlas,LOC,FALSE
5000,LOC.1678/MED,LOC.1678.MED,#27cf7e,landslide.LOC.1678.MED,"['7.4293', '31.7994']",,MED,FALSE
5000,LOC.1678/FAC,LOC.1678.FAC,#f0a73a,landslide.LOC.1678.FAC,"['7.4293', '31.7994']",,FAC,FALSE
5000,LOC.1678/DATA,LOC.1678.DATA,#8579ec,landslide.LOC.1678.DATA,"['7.4293', '31.7994']",,DATA,FALSE
10000,LOC.1679,LOC.1679,#2579e8,landslide.LOC.1679,"['36.5544', '40.422']",Tokat Turkey,LOC,FALSE
5000,LOC.1679/MED,LOC.1679.MED,#27cf7e,landslide.LOC.1679.MED,"['36.5544', '40.422']",,MED,FALSE
5000,LOC.1679/FAC,LOC.1679.FAC,#f0a73a,landslide.LOC.1679.FAC,"['36.5544', '40.422']",,FAC,FALSE
5000,LOC.1679/DATA,LOC.1679.DATA,#8579ec,landslide.LOC.1679.DATA,"['36.5544', '40.422']",,DATA,FALSE
10000,LOC.1680,LOC.1680,#2579e8,landslide.LOC.1680,"['111.9203', '28.4224']",Tonggu County,LOC,FALSE
5000,LOC.1680/MED,LOC.1680.MED,#27cf7e,landslide.LOC.1680.MED,"['111.9203', '28.4224']",,MED,FALSE
5000,LOC.1680/FAC,LOC.1680.FAC,#f0a73a,landslide.LOC.1680.FAC,"['111.9203', '28.4224']",,FAC,FALSE
5000,LOC.1680/DATA,LOC.1680.DATA,#8579ec,landslide.LOC.1680.DATA,"['111.9203', '28.4224']",,DATA,FALSE
10000,LOC.1681,LOC.1681,#2579e8,landslide.LOC.1681,"['112.701', '29.7635']",Tonglvshan ancient copper mine site,LOC,FALSE
5000,LOC.1681/MED,LOC.1681.MED,#27cf7e,landslide.LOC.1681.MED,"['112.701', '29.7635']",,MED,FALSE
5000,LOC.1681/FAC,LOC.1681.FAC,#f0a73a,landslide.LOC.1681.FAC,"['112.701', '29.7635']",,FAC,FALSE
5000,LOC.1681/DATA,LOC.1681.DATA,#8579ec,landslide.LOC.1681.DATA,"['112.701', '29.7635']",,DATA,FALSE
10000,LOC.1682,LOC.1682,#2579e8,landslide.LOC.1682,"['112.701', '29.7635']",Tonglvshan mining,LOC,FALSE
5000,LOC.1682/MED,LOC.1682.MED,#27cf7e,landslide.LOC.1682.MED,"['112.701', '29.7635']",,MED,FALSE
5000,LOC.1682/FAC,LOC.1682.FAC,#f0a73a,landslide.LOC.1682.FAC,"['112.701', '29.7635']",,FAC,FALSE
5000,LOC.1682/DATA,LOC.1682.DATA,#8579ec,landslide.LOC.1682.DATA,"['112.701', '29.7635']",,DATA,FALSE
10000,LOC.1683,LOC.1683,#2579e8,landslide.LOC.1683,"['78.8807', '30.9936']",Tons river valley,LOC,FALSE
5000,LOC.1683/MED,LOC.1683.MED,#27cf7e,landslide.LOC.1683.MED,"['78.8807', '30.9936']",,MED,FALSE
5000,LOC.1683/FAC,LOC.1683.FAC,#f0a73a,landslide.LOC.1683.FAC,"['78.8807', '30.9936']",,FAC,FALSE
5000,LOC.1683/DATA,LOC.1683.DATA,#8579ec,landslide.LOC.1683.DATA,"['78.8807', '30.9936']",,DATA,FALSE
10000,LOC.1684,LOC.1684,#2579e8,landslide.LOC.1684,"['9.2908', '42.8507']",Torgiovannetto,LOC,FALSE
5000,LOC.1684/MED,LOC.1684.MED,#27cf7e,landslide.LOC.1684.MED,"['9.2908', '42.8507']",,MED,FALSE
5000,LOC.1684/FAC,LOC.1684.FAC,#f0a73a,landslide.LOC.1684.FAC,"['9.2908', '42.8507']",,FAC,FALSE
5000,LOC.1684/DATA,LOC.1684.DATA,#8579ec,landslide.LOC.1684.DATA,"['9.2908', '42.8507']",,DATA,FALSE
10000,LOC.1685,LOC.1685,#2579e8,landslide.LOC.1685,"['89.1973', '26.843']",towns of Phuentsholing and Chukha,LOC,FALSE
5000,LOC.1685/MED,LOC.1685.MED,#27cf7e,landslide.LOC.1685.MED,"['89.1973', '26.843']",,MED,FALSE
5000,LOC.1685/FAC,LOC.1685.FAC,#f0a73a,landslide.LOC.1685.FAC,"['89.1973', '26.843']",,FAC,FALSE
5000,LOC.1685/DATA,LOC.1685.DATA,#8579ec,landslide.LOC.1685.DATA,"['89.1973', '26.843']",,DATA,FALSE
10000,LOC.1686,LOC.1686,#2579e8,landslide.LOC.1686,"['39.7269', '41.0082']",Trabzon,LOC,FALSE
5000,LOC.1686/MED,LOC.1686.MED,#27cf7e,landslide.LOC.1686.MED,"['39.7269', '41.0082']",,MED,FALSE
5000,LOC.1686/FAC,LOC.1686.FAC,#f0a73a,landslide.LOC.1686.FAC,"['39.7269', '41.0082']",,FAC,FALSE
5000,LOC.1686/DATA,LOC.1686.DATA,#8579ec,landslide.LOC.1686.DATA,"['39.7269', '41.0082']",,DATA,FALSE
10000,LOC.1687,LOC.1687,#2579e8,landslide.LOC.1687,"['39.7269', '41.0082']",Trabzon province,LOC,FALSE
5000,LOC.1687/MED,LOC.1687.MED,#27cf7e,landslide.LOC.1687.MED,"['39.7269', '41.0082']",,MED,FALSE
5000,LOC.1687/FAC,LOC.1687.FAC,#f0a73a,landslide.LOC.1687.FAC,"['39.7269', '41.0082']",,FAC,FALSE
5000,LOC.1687/DATA,LOC.1687.DATA,#8579ec,landslide.LOC.1687.DATA,"['39.7269', '41.0082']",,DATA,FALSE
10000,LOC.1688,LOC.1688,#2579e8,landslide.LOC.1688,"['25.0419', '46.4388']",Transylvanian Plateaux,LOC,FALSE
5000,LOC.1688/MED,LOC.1688.MED,#27cf7e,landslide.LOC.1688.MED,"['25.0419', '46.4388']",,MED,FALSE
5000,LOC.1688/FAC,LOC.1688.FAC,#f0a73a,landslide.LOC.1688.FAC,"['25.0419', '46.4388']",,FAC,FALSE
5000,LOC.1688/DATA,LOC.1688.DATA,#8579ec,landslide.LOC.1688.DATA,"['25.0419', '46.4388']",,DATA,FALSE
10000,LOC.1689,LOC.1689,#2579e8,landslide.LOC.1689,"['97.7361', '30.2672']",Travis County,LOC,FALSE
5000,LOC.1689/MED,LOC.1689.MED,#27cf7e,landslide.LOC.1689.MED,"['97.7361', '30.2672']",,MED,FALSE
5000,LOC.1689/FAC,LOC.1689.FAC,#f0a73a,landslide.LOC.1689.FAC,"['97.7361', '30.2672']",,FAC,FALSE
5000,LOC.1689/DATA,LOC.1689.DATA,#8579ec,landslide.LOC.1689.DATA,"['97.7361', '30.2672']",,DATA,FALSE
10000,LOC.1690,LOC.1690,#2579e8,landslide.LOC.1690,"['23.6167', '46.7712']",Tri-City,LOC,FALSE
5000,LOC.1690/MED,LOC.1690.MED,#27cf7e,landslide.LOC.1690.MED,"['23.6167', '46.7712']",,MED,FALSE
5000,LOC.1690/FAC,LOC.1690.FAC,#f0a73a,landslide.LOC.1690.FAC,"['23.6167', '46.7712']",,FAC,FALSE
5000,LOC.1690/DATA,LOC.1690.DATA,#8579ec,landslide.LOC.1690.DATA,"['23.6167', '46.7712']",,DATA,FALSE
10000,LOC.1691,LOC.1691,#2579e8,landslide.LOC.1691,"['84.3871', '27.9582']",Trishuli river in Nepal,LOC,FALSE
5000,LOC.1691/MED,LOC.1691.MED,#27cf7e,landslide.LOC.1691.MED,"['84.3871', '27.9582']",,MED,FALSE
5000,LOC.1691/FAC,LOC.1691.FAC,#f0a73a,landslide.LOC.1691.FAC,"['84.3871', '27.9582']",,FAC,FALSE
5000,LOC.1691/DATA,LOC.1691.DATA,#8579ec,landslide.LOC.1691.DATA,"['84.3871', '27.9582']",,DATA,FALSE
10000,LOC.1692,LOC.1692,#2579e8,landslide.LOC.1692,"['101.9758', '4.2105']",tropical hilly area of Malaysia,LOC,FALSE
5000,LOC.1692/MED,LOC.1692.MED,#27cf7e,landslide.LOC.1692.MED,"['101.9758', '4.2105']",,MED,FALSE
5000,LOC.1692/FAC,LOC.1692.FAC,#f0a73a,landslide.LOC.1692.FAC,"['101.9758', '4.2105']",,FAC,FALSE
5000,LOC.1692/DATA,LOC.1692.DATA,#8579ec,landslide.LOC.1692.DATA,"['101.9758', '4.2105']",,DATA,FALSE
10000,LOC.1693,LOC.1693,#2579e8,landslide.LOC.1693,"['120.9543', '-3.0604']",tropical region Indonesia,LOC,FALSE
5000,LOC.1693/MED,LOC.1693.MED,#27cf7e,landslide.LOC.1693.MED,"['120.9543', '-3.0604']",,MED,FALSE
5000,LOC.1693/FAC,LOC.1693.FAC,#f0a73a,landslide.LOC.1693.FAC,"['120.9543', '-3.0604']",,FAC,FALSE
5000,LOC.1693/DATA,LOC.1693.DATA,#8579ec,landslide.LOC.1693.DATA,"['120.9543', '-3.0604']",,DATA,FALSE
10000,LOC.1694,LOC.1694,#2579e8,landslide.LOC.1694,"['106.5976', '22.7932']",Trung Khanh district of the Cao Bang Province,LOC,FALSE
5000,LOC.1694/MED,LOC.1694.MED,#27cf7e,landslide.LOC.1694.MED,"['106.5976', '22.7932']",,MED,FALSE
5000,LOC.1694/FAC,LOC.1694.FAC,#f0a73a,landslide.LOC.1694.FAC,"['106.5976', '22.7932']",,FAC,FALSE
5000,LOC.1694/DATA,LOC.1694.DATA,#8579ec,landslide.LOC.1694.DATA,"['106.5976', '22.7932']",,DATA,FALSE
10000,LOC.1695,LOC.1695,#2579e8,landslide.LOC.1695,"['-118.2538', '34.1721']",TRW,LOC,FALSE
5000,LOC.1695/MED,LOC.1695.MED,#27cf7e,landslide.LOC.1695.MED,"['-118.2538', '34.1721']",,MED,FALSE
5000,LOC.1695/FAC,LOC.1695.FAC,#f0a73a,landslide.LOC.1695.FAC,"['-118.2538', '34.1721']",,FAC,FALSE
5000,LOC.1695/DATA,LOC.1695.DATA,#8579ec,landslide.LOC.1695.DATA,"['-118.2538', '34.1721']",,DATA,FALSE
10000,LOC.1696,LOC.1696,#2579e8,landslide.LOC.1696,"['116.3787', '39.0093']",Tsao,LOC,FALSE
5000,LOC.1696/MED,LOC.1696.MED,#27cf7e,landslide.LOC.1696.MED,"['116.3787', '39.0093']",,MED,FALSE
5000,LOC.1696/FAC,LOC.1696.FAC,#f0a73a,landslide.LOC.1696.FAC,"['116.3787', '39.0093']",,FAC,FALSE
5000,LOC.1696/DATA,LOC.1696.DATA,#8579ec,landslide.LOC.1696.DATA,"['116.3787', '39.0093']",,DATA,FALSE
10000,LOC.1697,LOC.1697,#2579e8,landslide.LOC.1697,"['120.4356', '23.3132']",Tsengwen River Watershed,LOC,FALSE
5000,LOC.1697/MED,LOC.1697.MED,#27cf7e,landslide.LOC.1697.MED,"['120.4356', '23.3132']",,MED,FALSE
5000,LOC.1697/FAC,LOC.1697.FAC,#f0a73a,landslide.LOC.1697.FAC,"['120.4356', '23.3132']",,FAC,FALSE
5000,LOC.1697/DATA,LOC.1697.DATA,#8579ec,landslide.LOC.1697.DATA,"['120.4356', '23.3132']",,DATA,FALSE
10000,LOC.1698,LOC.1698,#2579e8,landslide.LOC.1698,"['138.8314', '37.6107']",Tsugawa area of Agano River,LOC,FALSE
5000,LOC.1698/MED,LOC.1698.MED,#27cf7e,landslide.LOC.1698.MED,"['138.8314', '37.6107']",,MED,FALSE
5000,LOC.1698/FAC,LOC.1698.FAC,#f0a73a,landslide.LOC.1698.FAC,"['138.8314', '37.6107']",,FAC,FALSE
5000,LOC.1698/DATA,LOC.1698.DATA,#8579ec,landslide.LOC.1698.DATA,"['138.8314', '37.6107']",,DATA,FALSE
10000,LOC.1699,LOC.1699,#2579e8,landslide.LOC.1699,"['129.8433', '42.5377']",Tumen,LOC,FALSE
5000,LOC.1699/MED,LOC.1699.MED,#27cf7e,landslide.LOC.1699.MED,"['129.8433', '42.5377']",,MED,FALSE
5000,LOC.1699/FAC,LOC.1699.FAC,#f0a73a,landslide.LOC.1699.FAC,"['129.8433', '42.5377']",,FAC,FALSE
5000,LOC.1699/DATA,LOC.1699.DATA,#8579ec,landslide.LOC.1699.DATA,"['129.8433', '42.5377']",,DATA,FALSE
10000,LOC.1700,LOC.1700,#2579e8,landslide.LOC.1700,"['94.0336', '24.5139']",Tupul landslide,LOC,FALSE
5000,LOC.1700/MED,LOC.1700.MED,#27cf7e,landslide.LOC.1700.MED,"['94.0336', '24.5139']",,MED,FALSE
5000,LOC.1700/FAC,LOC.1700.FAC,#f0a73a,landslide.LOC.1700.FAC,"['94.0336', '24.5139']",,FAC,FALSE
5000,LOC.1700/DATA,LOC.1700.DATA,#8579ec,landslide.LOC.1700.DATA,"['94.0336', '24.5139']",,DATA,FALSE
10000,LOC.1701,LOC.1701,#2579e8,landslide.LOC.1701,"['145.2065', '-6.2778']",Turbolo River catchment,LOC,FALSE
5000,LOC.1701/MED,LOC.1701.MED,#27cf7e,landslide.LOC.1701.MED,"['145.2065', '-6.2778']",,MED,FALSE
5000,LOC.1701/FAC,LOC.1701.FAC,#f0a73a,landslide.LOC.1701.FAC,"['145.2065', '-6.2778']",,FAC,FALSE
5000,LOC.1701/DATA,LOC.1701.DATA,#8579ec,landslide.LOC.1701.DATA,"['145.2065', '-6.2778']",,DATA,FALSE
10000,LOC.1702,LOC.1702,#2579e8,landslide.LOC.1702,"['35.2433', '38.9637']",Turkey,LOC,FALSE
5000,LOC.1702/MED,LOC.1702.MED,#27cf7e,landslide.LOC.1702.MED,"['35.2433', '38.9637']",,MED,FALSE
5000,LOC.1702/FAC,LOC.1702.FAC,#f0a73a,landslide.LOC.1702.FAC,"['35.2433', '38.9637']",,FAC,FALSE
5000,LOC.1702/DATA,LOC.1702.DATA,#8579ec,landslide.LOC.1702.DATA,"['35.2433', '38.9637']",,DATA,FALSE
10000,LOC.1703,LOC.1703,#2579e8,landslide.LOC.1703,"['35.2433', '38.9637']",Turkiye,LOC,FALSE
5000,LOC.1703/MED,LOC.1703.MED,#27cf7e,landslide.LOC.1703.MED,"['35.2433', '38.9637']",,MED,FALSE
5000,LOC.1703/FAC,LOC.1703.FAC,#f0a73a,landslide.LOC.1703.FAC,"['35.2433', '38.9637']",,FAC,FALSE
5000,LOC.1703/DATA,LOC.1703.DATA,#8579ec,landslide.LOC.1703.DATA,"['35.2433', '38.9637']",,DATA,FALSE
10000,LOC.1704,LOC.1704,#2579e8,landslide.LOC.1704,"['-130.8247', '54.2754']",Turnoff Creek rock avalanche in Canada,LOC,FALSE
5000,LOC.1704/MED,LOC.1704.MED,#27cf7e,landslide.LOC.1704.MED,"['-130.8247', '54.2754']",,MED,FALSE
5000,LOC.1704/FAC,LOC.1704.FAC,#f0a73a,landslide.LOC.1704.FAC,"['-130.8247', '54.2754']",,FAC,FALSE
5000,LOC.1704/DATA,LOC.1704.DATA,#8579ec,landslide.LOC.1704.DATA,"['-130.8247', '54.2754']",,DATA,FALSE
10000,LOC.1705,LOC.1705,#2579e8,landslide.LOC.1705,"['-83.7666', '9.9045']",Turrialba,LOC,FALSE
5000,LOC.1705/MED,LOC.1705.MED,#27cf7e,landslide.LOC.1705.MED,"['-83.7666', '9.9045']",,MED,FALSE
5000,LOC.1705/FAC,LOC.1705.FAC,#f0a73a,landslide.LOC.1705.FAC,"['-83.7666', '9.9045']",,FAC,FALSE
5000,LOC.1705/DATA,LOC.1705.DATA,#8579ec,landslide.LOC.1705.DATA,"['-83.7666', '9.9045']",,DATA,FALSE
10000,LOC.1706,LOC.1706,#2579e8,landslide.LOC.1706,"['11.2550', '43.7711']",Tuscany,LOC,FALSE
5000,LOC.1706/MED,LOC.1706.MED,#27cf7e,landslide.LOC.1706.MED,"['11.2550', '43.7711']",,MED,FALSE
5000,LOC.1706/FAC,LOC.1706.FAC,#f0a73a,landslide.LOC.1706.FAC,"['11.2550', '43.7711']",,FAC,FALSE
5000,LOC.1706/DATA,LOC.1706.DATA,#8579ec,landslide.LOC.1706.DATA,"['11.2550', '43.7711']",,DATA,FALSE
10000,LOC.1707,LOC.1707,#2579e8,landslide.LOC.1707,"['117.0254', '0.9892']",Tutkabon,LOC,FALSE
5000,LOC.1707/MED,LOC.1707.MED,#27cf7e,landslide.LOC.1707.MED,"['117.0254', '0.9892']",,MED,FALSE
5000,LOC.1707/FAC,LOC.1707.FAC,#f0a73a,landslide.LOC.1707.FAC,"['117.0254', '0.9892']",,FAC,FALSE
5000,LOC.1707/DATA,LOC.1707.DATA,#8579ec,landslide.LOC.1707.DATA,"['117.0254', '0.9892']",,DATA,FALSE
10000,LOC.1708,LOC.1708,#2579e8,landslide.LOC.1708,"['110.9788', '30.8240']",Two towns in the Three - Gorge Reservoir area of China,LOC,FALSE
5000,LOC.1708/MED,LOC.1708.MED,#27cf7e,landslide.LOC.1708.MED,"['110.9788', '30.8240']",,MED,FALSE
5000,LOC.1708/FAC,LOC.1708.FAC,#f0a73a,landslide.LOC.1708.FAC,"['110.9788', '30.8240']",,FAC,FALSE
5000,LOC.1708/DATA,LOC.1708.DATA,#8579ec,landslide.LOC.1708.DATA,"['110.9788', '30.8240']",,DATA,FALSE
10000,LOC.1709,LOC.1709,#2579e8,landslide.LOC.1709,"['0.1276', '51.5074']",U.K.,LOC,FALSE
5000,LOC.1709/MED,LOC.1709.MED,#27cf7e,landslide.LOC.1709.MED,"['0.1276', '51.5074']",,MED,FALSE
5000,LOC.1709/FAC,LOC.1709.FAC,#f0a73a,landslide.LOC.1709.FAC,"['0.1276', '51.5074']",,FAC,FALSE
5000,LOC.1709/DATA,LOC.1709.DATA,#8579ec,landslide.LOC.1709.DATA,"['0.1276', '51.5074']",,DATA,FALSE
10000,LOC.1710,LOC.1710,#2579e8,landslide.LOC.1710,"['80.9462', '26.8467']",U.P.,LOC,FALSE
5000,LOC.1710/MED,LOC.1710.MED,#27cf7e,landslide.LOC.1710.MED,"['80.9462', '26.8467']",,MED,FALSE
5000,LOC.1710/FAC,LOC.1710.FAC,#f0a73a,landslide.LOC.1710.FAC,"['80.9462', '26.8467']",,FAC,FALSE
5000,LOC.1710/DATA,LOC.1710.DATA,#8579ec,landslide.LOC.1710.DATA,"['80.9462', '26.8467']",,DATA,FALSE
10000,LOC.1711,LOC.1711,#2579e8,landslide.LOC.1711,"['95.7129', '37.0902']",U.S.,LOC,FALSE
5000,LOC.1711/MED,LOC.1711.MED,#27cf7e,landslide.LOC.1711.MED,"['95.7129', '37.0902']",,MED,FALSE
5000,LOC.1711/FAC,LOC.1711.FAC,#f0a73a,landslide.LOC.1711.FAC,"['95.7129', '37.0902']",,FAC,FALSE
5000,LOC.1711/DATA,LOC.1711.DATA,#8579ec,landslide.LOC.1711.DATA,"['95.7129', '37.0902']",,DATA,FALSE
10000,LOC.1712,LOC.1712,#2579e8,landslide.LOC.1712,"['38.9530', '13.0421']",Uatzau,LOC,FALSE
5000,LOC.1712/MED,LOC.1712.MED,#27cf7e,landslide.LOC.1712.MED,"['38.9530', '13.0421']",,MED,FALSE
5000,LOC.1712/FAC,LOC.1712.FAC,#f0a73a,landslide.LOC.1712.FAC,"['38.9530', '13.0421']",,FAC,FALSE
5000,LOC.1712/DATA,LOC.1712.DATA,#8579ec,landslide.LOC.1712.DATA,"['38.9530', '13.0421']",,DATA,FALSE
10000,LOC.1713,LOC.1713,#2579e8,landslide.LOC.1713,"['38.9827', '12.8299']",Uatzau basin in northwestern Ethiopia,LOC,FALSE
5000,LOC.1713/MED,LOC.1713.MED,#27cf7e,landslide.LOC.1713.MED,"['38.9827', '12.8299']",,MED,FALSE
5000,LOC.1713/FAC,LOC.1713.FAC,#f0a73a,landslide.LOC.1713.FAC,"['38.9827', '12.8299']",,FAC,FALSE
5000,LOC.1713/DATA,LOC.1713.DATA,#8579ec,landslide.LOC.1713.DATA,"['38.9827', '12.8299']",,DATA,FALSE
10000,LOC.1714,LOC.1714,#2579e8,landslide.LOC.1714,"['120.6975', '15.0171']",Ucab,LOC,FALSE
5000,LOC.1714/MED,LOC.1714.MED,#27cf7e,landslide.LOC.1714.MED,"['120.6975', '15.0171']",,MED,FALSE
5000,LOC.1714/FAC,LOC.1714.FAC,#f0a73a,landslide.LOC.1714.FAC,"['120.6975', '15.0171']",,FAC,FALSE
5000,LOC.1714/DATA,LOC.1714.DATA,#8579ec,landslide.LOC.1714.DATA,"['120.6975', '15.0171']",,DATA,FALSE
10000,LOC.1715,LOC.1715,#2579e8,landslide.LOC.1715,"['7.4468', '6.5303']",Udi - Iva Valley region of Enugu state,LOC,FALSE
5000,LOC.1715/MED,LOC.1715.MED,#27cf7e,landslide.LOC.1715.MED,"['7.4468', '6.5303']",,MED,FALSE
5000,LOC.1715/FAC,LOC.1715.FAC,#f0a73a,landslide.LOC.1715.FAC,"['7.4468', '6.5303']",,FAC,FALSE
5000,LOC.1715/DATA,LOC.1715.DATA,#8579ec,landslide.LOC.1715.DATA,"['7.4468', '6.5303']",,DATA,FALSE
10000,LOC.1716,LOC.1716,#2579e8,landslide.LOC.1716,"['119.3075', '0.6124']",Ujung Loe Watershed,LOC,FALSE
5000,LOC.1716/MED,LOC.1716.MED,#27cf7e,landslide.LOC.1716.MED,"['119.3075', '0.6124']",,MED,FALSE
5000,LOC.1716/FAC,LOC.1716.FAC,#f0a73a,landslide.LOC.1716.FAC,"['119.3075', '0.6124']",,FAC,FALSE
5000,LOC.1716/DATA,LOC.1716.DATA,#8579ec,landslide.LOC.1716.DATA,"['119.3075', '0.6124']",,DATA,FALSE
10000,LOC.1717,LOC.1717,#2579e8,landslide.LOC.1717,"['0.1276', '51.5074']",UK,LOC,FALSE
5000,LOC.1717/MED,LOC.1717.MED,#27cf7e,landslide.LOC.1717.MED,"['0.1276', '51.5074']",,MED,FALSE
5000,LOC.1717/FAC,LOC.1717.FAC,#f0a73a,landslide.LOC.1717.FAC,"['0.1276', '51.5074']",,FAC,FALSE
5000,LOC.1717/DATA,LOC.1717.DATA,#8579ec,landslide.LOC.1717.DATA,"['0.1276', '51.5074']",,DATA,FALSE
10000,LOC.1718,LOC.1718,#2579e8,landslide.LOC.1718,"['129.3114', '35.5384']",Ulsan,LOC,FALSE
5000,LOC.1718/MED,LOC.1718.MED,#27cf7e,landslide.LOC.1718.MED,"['129.3114', '35.5384']",,MED,FALSE
5000,LOC.1718/FAC,LOC.1718.FAC,#f0a73a,landslide.LOC.1718.FAC,"['129.3114', '35.5384']",,FAC,FALSE
5000,LOC.1718/DATA,LOC.1718.DATA,#8579ec,landslide.LOC.1718.DATA,"['129.3114', '35.5384']",,DATA,FALSE
10000,LOC.1719,LOC.1719,#2579e8,landslide.LOC.1719,"['32.4057', '41.9656']",Ulus district of the Bartin province,LOC,FALSE
5000,LOC.1719/MED,LOC.1719.MED,#27cf7e,landslide.LOC.1719.MED,"['32.4057', '41.9656']",,MED,FALSE
5000,LOC.1719/FAC,LOC.1719.FAC,#f0a73a,landslide.LOC.1719.FAC,"['32.4057', '41.9656']",,FAC,FALSE
5000,LOC.1719/DATA,LOC.1719.DATA,#8579ec,landslide.LOC.1719.DATA,"['32.4057', '41.9656']",,DATA,FALSE
10000,LOC.1720,LOC.1720,#2579e8,landslide.LOC.1720,"['12.4964', '42.9384']",Umbria,LOC,FALSE
5000,LOC.1720/MED,LOC.1720.MED,#27cf7e,landslide.LOC.1720.MED,"['12.4964', '42.9384']",,MED,FALSE
5000,LOC.1720/FAC,LOC.1720.FAC,#f0a73a,landslide.LOC.1720.FAC,"['12.4964', '42.9384']",,FAC,FALSE
5000,LOC.1720/DATA,LOC.1720.DATA,#8579ec,landslide.LOC.1720.DATA,"['12.4964', '42.9384']",,DATA,FALSE
10000,LOC.1721,LOC.1721,#2579e8,landslide.LOC.1721,"['126.9464', '37.2594']",Umyeonsan,LOC,FALSE
5000,LOC.1721/MED,LOC.1721.MED,#27cf7e,landslide.LOC.1721.MED,"['126.9464', '37.2594']",,MED,FALSE
5000,LOC.1721/FAC,LOC.1721.FAC,#f0a73a,landslide.LOC.1721.FAC,"['126.9464', '37.2594']",,FAC,FALSE
5000,LOC.1721/DATA,LOC.1721.DATA,#8579ec,landslide.LOC.1721.DATA,"['126.9464', '37.2594']",,DATA,FALSE
10000,LOC.1722,LOC.1722,#2579e8,landslide.LOC.1722,"['95.7129', '37.0902']",United States,LOC,FALSE
5000,LOC.1722/MED,LOC.1722.MED,#27cf7e,landslide.LOC.1722.MED,"['95.7129', '37.0902']",,MED,FALSE
5000,LOC.1722/FAC,LOC.1722.FAC,#f0a73a,landslide.LOC.1722.FAC,"['95.7129', '37.0902']",,FAC,FALSE
5000,LOC.1722/DATA,LOC.1722.DATA,#8579ec,landslide.LOC.1722.DATA,"['95.7129', '37.0902']",,DATA,FALSE
10000,LOC.1723,LOC.1723,#2579e8,landslide.LOC.1723,"['76.8512', '9.9519']",upland catchment of river Meenachil,LOC,FALSE
5000,LOC.1723/MED,LOC.1723.MED,#27cf7e,landslide.LOC.1723.MED,"['76.8512', '9.9519']",,MED,FALSE
5000,LOC.1723/FAC,LOC.1723.FAC,#f0a73a,landslide.LOC.1723.FAC,"['76.8512', '9.9519']",,FAC,FALSE
5000,LOC.1723/DATA,LOC.1723.DATA,#8579ec,landslide.LOC.1723.DATA,"['76.8512', '9.9519']",,DATA,FALSE
10000,LOC.1724,LOC.1724,#2579e8,landslide.LOC.1724,"['37.1679', '37.5645']",upper basin of Ataturk Dam,LOC,FALSE
5000,LOC.1724/MED,LOC.1724.MED,#27cf7e,landslide.LOC.1724.MED,"['37.1679', '37.5645']",,MED,FALSE
5000,LOC.1724/FAC,LOC.1724.FAC,#f0a73a,landslide.LOC.1724.FAC,"['37.1679', '37.5645']",,FAC,FALSE
5000,LOC.1724/DATA,LOC.1724.DATA,#8579ec,landslide.LOC.1724.DATA,"['37.1679', '37.5645']",,DATA,FALSE
10000,LOC.1725,LOC.1725,#2579e8,landslide.LOC.1725,"['35.2268', '12.1425']",upper Blue Nile,LOC,FALSE
5000,LOC.1725/MED,LOC.1725.MED,#27cf7e,landslide.LOC.1725.MED,"['35.2268', '12.1425']",,MED,FALSE
5000,LOC.1725/FAC,LOC.1725.FAC,#f0a73a,landslide.LOC.1725.FAC,"['35.2268', '12.1425']",,FAC,FALSE
5000,LOC.1725/DATA,LOC.1725.DATA,#8579ec,landslide.LOC.1725.DATA,"['35.2268', '12.1425']",,DATA,FALSE
10000,LOC.1726,LOC.1726,#2579e8,landslide.LOC.1726,"['79.1378', '30.7264']",upper catchment areas of the Mandakini river,LOC,FALSE
5000,LOC.1726/MED,LOC.1726.MED,#27cf7e,landslide.LOC.1726.MED,"['79.1378', '30.7264']",,MED,FALSE
5000,LOC.1726/FAC,LOC.1726.FAC,#f0a73a,landslide.LOC.1726.FAC,"['79.1378', '30.7264']",,FAC,FALSE
5000,LOC.1726/DATA,LOC.1726.DATA,#8579ec,landslide.LOC.1726.DATA,"['79.1378', '30.7264']",,DATA,FALSE
10000,LOC.1727,LOC.1727,#2579e8,landslide.LOC.1727,"['77.1936', '9.6685']",upper catchment of Meenachil river of Kerala,LOC,FALSE
5000,LOC.1727/MED,LOC.1727.MED,#27cf7e,landslide.LOC.1727.MED,"['77.1936', '9.6685']",,MED,FALSE
5000,LOC.1727/FAC,LOC.1727.FAC,#f0a73a,landslide.LOC.1727.FAC,"['77.1936', '9.6685']",,FAC,FALSE
5000,LOC.1727/DATA,LOC.1727.DATA,#8579ec,landslide.LOC.1727.DATA,"['77.1936', '9.6685']",,DATA,FALSE
10000,LOC.1728,LOC.1728,#2579e8,landslide.LOC.1728,"['107.3276', '6.8846']",upper Citarum River catchment,LOC,FALSE
5000,LOC.1728/MED,LOC.1728.MED,#27cf7e,landslide.LOC.1728.MED,"['107.3276', '6.8846']",,MED,FALSE
5000,LOC.1728/FAC,LOC.1728.FAC,#f0a73a,landslide.LOC.1728.FAC,"['107.3276', '6.8846']",,FAC,FALSE
5000,LOC.1728/DATA,LOC.1728.DATA,#8579ec,landslide.LOC.1728.DATA,"['107.3276', '6.8846']",,DATA,FALSE
10000,LOC.1729,LOC.1729,#2579e8,landslide.LOC.1729,"['76.6393', '33.6844']",upper Indus watershed,LOC,FALSE
5000,LOC.1729/MED,LOC.1729.MED,#27cf7e,landslide.LOC.1729.MED,"['76.6393', '33.6844']",,MED,FALSE
5000,LOC.1729/FAC,LOC.1729.FAC,#f0a73a,landslide.LOC.1729.FAC,"['76.6393', '33.6844']",,FAC,FALSE
5000,LOC.1729/DATA,LOC.1729.DATA,#8579ec,landslide.LOC.1729.DATA,"['76.6393', '33.6844']",,DATA,FALSE
10000,LOC.1730,LOC.1730,#2579e8,landslide.LOC.1730,"['101.8216', '29.9604']",upper Jinsha River,LOC,FALSE
5000,LOC.1730/MED,LOC.1730.MED,#27cf7e,landslide.LOC.1730.MED,"['101.8216', '29.9604']",,MED,FALSE
5000,LOC.1730/FAC,LOC.1730.FAC,#f0a73a,landslide.LOC.1730.FAC,"['101.8216', '29.9604']",,FAC,FALSE
5000,LOC.1730/DATA,LOC.1730.DATA,#8579ec,landslide.LOC.1730.DATA,"['101.8216', '29.9604']",,DATA,FALSE
10000,LOC.1731,LOC.1731,#2579e8,landslide.LOC.1731,"['74.7125', '39.7769']",Upper Maili Suu river basin,LOC,FALSE
5000,LOC.1731/MED,LOC.1731.MED,#27cf7e,landslide.LOC.1731.MED,"['74.7125', '39.7769']",,MED,FALSE
5000,LOC.1731/FAC,LOC.1731.FAC,#f0a73a,landslide.LOC.1731.FAC,"['74.7125', '39.7769']",,FAC,FALSE
5000,LOC.1731/DATA,LOC.1731.DATA,#8579ec,landslide.LOC.1731.DATA,"['74.7125', '39.7769']",,DATA,FALSE
10000,LOC.1732,LOC.1732,#2579e8,landslide.LOC.1732,"['102.8326', '30.0178']",upper Minjiang River Basin,LOC,FALSE
5000,LOC.1732/MED,LOC.1732.MED,#27cf7e,landslide.LOC.1732.MED,"['102.8326', '30.0178']",,MED,FALSE
5000,LOC.1732/FAC,LOC.1732.FAC,#f0a73a,landslide.LOC.1732.FAC,"['102.8326', '30.0178']",,FAC,FALSE
5000,LOC.1732/DATA,LOC.1732.DATA,#8579ec,landslide.LOC.1732.DATA,"['102.8326', '30.0178']",,DATA,FALSE
10000,LOC.1733,LOC.1733,#2579e8,landslide.LOC.1733,"['100.9925', '18.7900']",upper northern region of Thailand,LOC,FALSE
5000,LOC.1733/MED,LOC.1733.MED,#27cf7e,landslide.LOC.1733.MED,"['100.9925', '18.7900']",,MED,FALSE
5000,LOC.1733/FAC,LOC.1733.FAC,#f0a73a,landslide.LOC.1733.FAC,"['100.9925', '18.7900']",,FAC,FALSE
5000,LOC.1733/DATA,LOC.1733.DATA,#8579ec,landslide.LOC.1733.DATA,"['100.9925', '18.7900']",,DATA,FALSE
10000,LOC.1734,LOC.1734,#2579e8,landslide.LOC.1734,"['29.6051', '-2.0061']",upper Nyabarongo catchment,LOC,FALSE
5000,LOC.1734/MED,LOC.1734.MED,#27cf7e,landslide.LOC.1734.MED,"['29.6051', '-2.0061']",,MED,FALSE
5000,LOC.1734/FAC,LOC.1734.FAC,#f0a73a,landslide.LOC.1734.FAC,"['29.6051', '-2.0061']",,FAC,FALSE
5000,LOC.1734/DATA,LOC.1734.DATA,#8579ec,landslide.LOC.1734.DATA,"['29.6051', '-2.0061']",,DATA,FALSE
10000,LOC.1735,LOC.1735,#2579e8,landslide.LOC.1735,"['111.8271', '31.0456']",upper part of Badong County,LOC,FALSE
5000,LOC.1735/MED,LOC.1735.MED,#27cf7e,landslide.LOC.1735.MED,"['111.8271', '31.0456']",,MED,FALSE
5000,LOC.1735/FAC,LOC.1735.FAC,#f0a73a,landslide.LOC.1735.FAC,"['111.8271', '31.0456']",,FAC,FALSE
5000,LOC.1735/DATA,LOC.1735.DATA,#8579ec,landslide.LOC.1735.DATA,"['111.8271', '31.0456']",,DATA,FALSE
10000,LOC.1736,LOC.1736,#2579e8,landslide.LOC.1736,"['88.8210', '27.4967']",upper Rangit catchment,LOC,FALSE
5000,LOC.1736/MED,LOC.1736.MED,#27cf7e,landslide.LOC.1736.MED,"['88.8210', '27.4967']",,MED,FALSE
5000,LOC.1736/FAC,LOC.1736.FAC,#f0a73a,landslide.LOC.1736.FAC,"['88.8210', '27.4967']",,FAC,FALSE
5000,LOC.1736/DATA,LOC.1736.DATA,#8579ec,landslide.LOC.1736.DATA,"['88.8210', '27.4967']",,DATA,FALSE
10000,LOC.1737,LOC.1737,#2579e8,landslide.LOC.1737,"['88.9368', '27.6642']",Upper Rangit River basin of eastern Himalayan,LOC,FALSE
5000,LOC.1737/MED,LOC.1737.MED,#27cf7e,landslide.LOC.1737.MED,"['88.9368', '27.6642']",,MED,FALSE
5000,LOC.1737/FAC,LOC.1737.FAC,#f0a73a,landslide.LOC.1737.FAC,"['88.9368', '27.6642']",,FAC,FALSE
5000,LOC.1737/DATA,LOC.1737.DATA,#8579ec,landslide.LOC.1737.DATA,"['88.9368', '27.6642']",,DATA,FALSE
10000,LOC.1738,LOC.1738,#2579e8,landslide.LOC.1738,"['105.5641', '23.5926']",Upper Reaches Area of Red River Basin,LOC,FALSE
5000,LOC.1738/MED,LOC.1738.MED,#27cf7e,landslide.LOC.1738.MED,"['105.5641', '23.5926']",,MED,FALSE
5000,LOC.1738/FAC,LOC.1738.FAC,#f0a73a,landslide.LOC.1738.FAC,"['105.5641', '23.5926']",,FAC,FALSE
5000,LOC.1738/DATA,LOC.1738.DATA,#8579ec,landslide.LOC.1738.DATA,"['105.5641', '23.5926']",,DATA,FALSE
10000,LOC.1739,LOC.1739,#2579e8,landslide.LOC.1739,"['99.8728', '28.9802']",upper reaches of the Jinsha River,LOC,FALSE
5000,LOC.1739/MED,LOC.1739.MED,#27cf7e,landslide.LOC.1739.MED,"['99.8728', '28.9802']",,MED,FALSE
5000,LOC.1739/FAC,LOC.1739.FAC,#f0a73a,landslide.LOC.1739.FAC,"['99.8728', '28.9802']",,FAC,FALSE
5000,LOC.1739/DATA,LOC.1739.DATA,#8579ec,landslide.LOC.1739.DATA,"['99.8728', '28.9802']",,DATA,FALSE
10000,LOC.1740,LOC.1740,#2579e8,landslide.LOC.1740,"['15.0060', '46.3341']",Upper Sele river Valley,LOC,FALSE
5000,LOC.1740/MED,LOC.1740.MED,#27cf7e,landslide.LOC.1740.MED,"['15.0060', '46.3341']",,MED,FALSE
5000,LOC.1740/FAC,LOC.1740.FAC,#f0a73a,landslide.LOC.1740.FAC,"['15.0060', '46.3341']",,FAC,FALSE
5000,LOC.1740/DATA,LOC.1740.DATA,#8579ec,landslide.LOC.1740.DATA,"['15.0060', '46.3341']",,DATA,FALSE
10000,LOC.1741,LOC.1741,#2579e8,landslide.LOC.1741,"['7.7662', '44.2251']",upper Tanarello stream basin,LOC,FALSE
5000,LOC.1741/MED,LOC.1741.MED,#27cf7e,landslide.LOC.1741.MED,"['7.7662', '44.2251']",,MED,FALSE
5000,LOC.1741/FAC,LOC.1741.FAC,#f0a73a,landslide.LOC.1741.FAC,"['7.7662', '44.2251']",,FAC,FALSE
5000,LOC.1741/DATA,LOC.1741.DATA,#8579ec,landslide.LOC.1741.DATA,"['7.7662', '44.2251']",,DATA,FALSE
10000,LOC.1742,LOC.1742,#2579e8,landslide.LOC.1742,"['74.6691', '33.7782']",upper western sections of Jammu & Kashmir,LOC,FALSE
5000,LOC.1742/MED,LOC.1742.MED,#27cf7e,landslide.LOC.1742.MED,"['74.6691', '33.7782']",,MED,FALSE
5000,LOC.1742/FAC,LOC.1742.FAC,#f0a73a,landslide.LOC.1742.FAC,"['74.6691', '33.7782']",,FAC,FALSE
5000,LOC.1742/DATA,LOC.1742.DATA,#8579ec,landslide.LOC.1742.DATA,"['74.6691', '33.7782']",,DATA,FALSE
10000,LOC.1743,LOC.1743,#2579e8,landslide.LOC.1743,"['101.3459', '31.3357']",upstream of the Minjiang River on the eastern Tibetan Plateau,LOC,FALSE
5000,LOC.1743/MED,LOC.1743.MED,#27cf7e,landslide.LOC.1743.MED,"['101.3459', '31.3357']",,MED,FALSE
5000,LOC.1743/FAC,LOC.1743.FAC,#f0a73a,landslide.LOC.1743.FAC,"['101.3459', '31.3357']",,FAC,FALSE
5000,LOC.1743/DATA,LOC.1743.DATA,#8579ec,landslide.LOC.1743.DATA,"['101.3459', '31.3357']",,DATA,FALSE
10000,LOC.1744,LOC.1744,#2579e8,landslide.LOC.1744,"['4.4276', '36.7274']",urban area of Azazga,LOC,FALSE
5000,LOC.1744/MED,LOC.1744.MED,#27cf7e,landslide.LOC.1744.MED,"['4.4276', '36.7274']",,MED,FALSE
5000,LOC.1744/FAC,LOC.1744.FAC,#f0a73a,landslide.LOC.1744.FAC,"['4.4276', '36.7274']",,FAC,FALSE
5000,LOC.1744/DATA,LOC.1744.DATA,#8579ec,landslide.LOC.1744.DATA,"['4.4276', '36.7274']",,DATA,FALSE
10000,LOC.1745,LOC.1745,#2579e8,landslide.LOC.1745,"['-3.0328', '36.7037']",urban area of Sidi Abdellah,LOC,FALSE
5000,LOC.1745/MED,LOC.1745.MED,#27cf7e,landslide.LOC.1745.MED,"['-3.0328', '36.7037']",,MED,FALSE
5000,LOC.1745/FAC,LOC.1745.FAC,#f0a73a,landslide.LOC.1745.FAC,"['-3.0328', '36.7037']",,FAC,FALSE
5000,LOC.1745/DATA,LOC.1745.DATA,#8579ec,landslide.LOC.1745.DATA,"['-3.0328', '36.7037']",,DATA,FALSE
10000,LOC.1746,LOC.1746,#2579e8,landslide.LOC.1746,"['108.4120', '30.8150']",urban area of Wanzhou,LOC,FALSE
5000,LOC.1746/MED,LOC.1746.MED,#27cf7e,landslide.LOC.1746.MED,"['108.4120', '30.8150']",,MED,FALSE
5000,LOC.1746/FAC,LOC.1746.FAC,#f0a73a,landslide.LOC.1746.FAC,"['108.4120', '30.8150']",,FAC,FALSE
5000,LOC.1746/DATA,LOC.1746.DATA,#8579ec,landslide.LOC.1746.DATA,"['108.4120', '30.8150']",,DATA,FALSE
10000,LOC.1747,LOC.1747,#2579e8,landslide.LOC.1747,"['-43.5282', '-20.3800']",urban region of Ouro Preto,LOC,FALSE
5000,LOC.1747/MED,LOC.1747.MED,#27cf7e,landslide.LOC.1747.MED,"['-43.5282', '-20.3800']",,MED,FALSE
5000,LOC.1747/FAC,LOC.1747.FAC,#f0a73a,landslide.LOC.1747.FAC,"['-43.5282', '-20.3800']",,FAC,FALSE
5000,LOC.1747/DATA,LOC.1747.DATA,#8579ec,landslide.LOC.1747.DATA,"['-43.5282', '-20.3800']",,DATA,FALSE
10000,LOC.1748,LOC.1748,#2579e8,landslide.LOC.1748,"['46.7717', '37.6046']",Urmia lake basin,LOC,FALSE
5000,LOC.1748/MED,LOC.1748.MED,#27cf7e,landslide.LOC.1748.MED,"['46.7717', '37.6046']",,MED,FALSE
5000,LOC.1748/FAC,LOC.1748.FAC,#f0a73a,landslide.LOC.1748.FAC,"['46.7717', '37.6046']",,FAC,FALSE
5000,LOC.1748/DATA,LOC.1748.DATA,#8579ec,landslide.LOC.1748.DATA,"['46.7717', '37.6046']",,DATA,FALSE
10000,LOC.1749,LOC.1749,#2579e8,landslide.LOC.1749,"['45.0761', '37.5525']",Urmia lake basin in northwest Iran,LOC,FALSE
5000,LOC.1749/MED,LOC.1749.MED,#27cf7e,landslide.LOC.1749.MED,"['45.0761', '37.5525']",,MED,FALSE
5000,LOC.1749/FAC,LOC.1749.FAC,#f0a73a,landslide.LOC.1749.FAC,"['45.0761', '37.5525']",,FAC,FALSE
5000,LOC.1749/DATA,LOC.1749.DATA,#8579ec,landslide.LOC.1749.DATA,"['45.0761', '37.5525']",,DATA,FALSE
10000,LOC.1750,LOC.1750,#2579e8,landslide.LOC.1750,"['58.0014', '38.7465']",URRB,LOC,FALSE
5000,LOC.1750/MED,LOC.1750.MED,#27cf7e,landslide.LOC.1750.MED,"['58.0014', '38.7465']",,MED,FALSE
5000,LOC.1750/FAC,LOC.1750.FAC,#f0a73a,landslide.LOC.1750.FAC,"['58.0014', '38.7465']",,FAC,FALSE
5000,LOC.1750/DATA,LOC.1750.DATA,#8579ec,landslide.LOC.1750.DATA,"['58.0014', '38.7465']",,DATA,FALSE
10000,LOC.1751,LOC.1751,#2579e8,landslide.LOC.1751,"['100.4459', '39.7837']",US,LOC,FALSE
5000,LOC.1751/MED,LOC.1751.MED,#27cf7e,landslide.LOC.1751.MED,"['100.4459', '39.7837']",,MED,FALSE
5000,LOC.1751/FAC,LOC.1751.FAC,#f0a73a,landslide.LOC.1751.FAC,"['100.4459', '39.7837']",,FAC,FALSE
5000,LOC.1751/DATA,LOC.1751.DATA,#8579ec,landslide.LOC.1751.DATA,"['100.4459', '39.7837']",,DATA,FALSE
10000,LOC.1752,LOC.1752,#2579e8,landslide.LOC.1752,"['100.4459', '39.7837']",USA,LOC,FALSE
5000,LOC.1752/MED,LOC.1752.MED,#27cf7e,landslide.LOC.1752.MED,"['100.4459', '39.7837']",,MED,FALSE
5000,LOC.1752/FAC,LOC.1752.FAC,#f0a73a,landslide.LOC.1752.FAC,"['100.4459', '39.7837']",,FAC,FALSE
5000,LOC.1752/DATA,LOC.1752.DATA,#8579ec,landslide.LOC.1752.DATA,"['100.4459', '39.7837']",,DATA,FALSE
10000,LOC.1753,LOC.1753,#2579e8,landslide.LOC.1753,"['78.4564', '30.7304']",Uttarakashi district,LOC,FALSE
5000,LOC.1753/MED,LOC.1753.MED,#27cf7e,landslide.LOC.1753.MED,"['78.4564', '30.7304']",,MED,FALSE
5000,LOC.1753/FAC,LOC.1753.FAC,#f0a73a,landslide.LOC.1753.FAC,"['78.4564', '30.7304']",,FAC,FALSE
5000,LOC.1753/DATA,LOC.1753.DATA,#8579ec,landslide.LOC.1753.DATA,"['78.4564', '30.7304']",,DATA,FALSE
10000,LOC.1754,LOC.1754,#2579e8,landslide.LOC.1754,"['78.7714', '30.0668']",Uttarakhand,LOC,FALSE
5000,LOC.1754/MED,LOC.1754.MED,#27cf7e,landslide.LOC.1754.MED,"['78.7714', '30.0668']",,MED,FALSE
5000,LOC.1754/FAC,LOC.1754.FAC,#f0a73a,landslide.LOC.1754.FAC,"['78.7714', '30.0668']",,FAC,FALSE
5000,LOC.1754/DATA,LOC.1754.DATA,#8579ec,landslide.LOC.1754.DATA,"['78.7714', '30.0668']",,DATA,FALSE
10000,LOC.1755,LOC.1755,#2579e8,landslide.LOC.1755,"['78.7714', '30.0668']",Uttarakhand containing,LOC,FALSE
5000,LOC.1755/MED,LOC.1755.MED,#27cf7e,landslide.LOC.1755.MED,"['78.7714', '30.0668']",,MED,FALSE
5000,LOC.1755/FAC,LOC.1755.FAC,#f0a73a,landslide.LOC.1755.FAC,"['78.7714', '30.0668']",,FAC,FALSE
5000,LOC.1755/DATA,LOC.1755.DATA,#8579ec,landslide.LOC.1755.DATA,"['78.7714', '30.0668']",,DATA,FALSE
10000,LOC.1756,LOC.1756,#2579e8,landslide.LOC.1756,"['79.0193', '30.0668']",Uttarakhand Himalayas of India,LOC,FALSE
5000,LOC.1756/MED,LOC.1756.MED,#27cf7e,landslide.LOC.1756.MED,"['79.0193', '30.0668']",,MED,FALSE
5000,LOC.1756/FAC,LOC.1756.FAC,#f0a73a,landslide.LOC.1756.FAC,"['79.0193', '30.0668']",,FAC,FALSE
5000,LOC.1756/DATA,LOC.1756.DATA,#8579ec,landslide.LOC.1756.DATA,"['79.0193', '30.0668']",,DATA,FALSE
10000,LOC.1757,LOC.1757,#2579e8,landslide.LOC.1757,"['79.0193', '30.0668']",Uttarakhand region of Himalaya,LOC,FALSE
5000,LOC.1757/MED,LOC.1757.MED,#27cf7e,landslide.LOC.1757.MED,"['79.0193', '30.0668']",,MED,FALSE
5000,LOC.1757/FAC,LOC.1757.FAC,#f0a73a,landslide.LOC.1757.FAC,"['79.0193', '30.0668']",,FAC,FALSE
5000,LOC.1757/DATA,LOC.1757.DATA,#8579ec,landslide.LOC.1757.DATA,"['79.0193', '30.0668']",,DATA,FALSE
10000,LOC.1758,LOC.1758,#2579e8,landslide.LOC.1758,"['78.0337', '30.0668']",uttarakhand state districts,LOC,FALSE
5000,LOC.1758/MED,LOC.1758.MED,#27cf7e,landslide.LOC.1758.MED,"['78.0337', '30.0668']",,MED,FALSE
5000,LOC.1758/FAC,LOC.1758.FAC,#f0a73a,landslide.LOC.1758.FAC,"['78.0337', '30.0668']",,FAC,FALSE
5000,LOC.1758/DATA,LOC.1758.DATA,#8579ec,landslide.LOC.1758.DATA,"['78.0337', '30.0668']",,DATA,FALSE
10000,LOC.1759,LOC.1759,#2579e8,landslide.LOC.1759,"['78.4564', '30.7304']",Uttarkashi district of India,LOC,FALSE
5000,LOC.1759/MED,LOC.1759.MED,#27cf7e,landslide.LOC.1759.MED,"['78.4564', '30.7304']",,MED,FALSE
5000,LOC.1759/FAC,LOC.1759.FAC,#f0a73a,landslide.LOC.1759.FAC,"['78.4564', '30.7304']",,FAC,FALSE
5000,LOC.1759/DATA,LOC.1759.DATA,#8579ec,landslide.LOC.1759.DATA,"['78.4564', '30.7304']",,DATA,FALSE
10000,LOC.1760,LOC.1760,#2579e8,landslide.LOC.1760,"['78.4564', '30.7304']",Uttarkashi district of the Uttarakhand state,LOC,FALSE
5000,LOC.1760/MED,LOC.1760.MED,#27cf7e,landslide.LOC.1760.MED,"['78.4564', '30.7304']",,MED,FALSE
5000,LOC.1760/FAC,LOC.1760.FAC,#f0a73a,landslide.LOC.1760.FAC,"['78.4564', '30.7304']",,FAC,FALSE
5000,LOC.1760/DATA,LOC.1760.DATA,#8579ec,landslide.LOC.1760.DATA,"['78.4564', '30.7304']",,DATA,FALSE
10000,LOC.1761,LOC.1761,#2579e8,landslide.LOC.1761,"['132.5594', '33.2203']",Uwajima City,LOC,FALSE
5000,LOC.1761/MED,LOC.1761.MED,#27cf7e,landslide.LOC.1761.MED,"['132.5594', '33.2203']",,MED,FALSE
5000,LOC.1761/FAC,LOC.1761.FAC,#f0a73a,landslide.LOC.1761.FAC,"['132.5594', '33.2203']",,FAC,FALSE
5000,LOC.1761/DATA,LOC.1761.DATA,#8579ec,landslide.LOC.1761.DATA,"['132.5594', '33.2203']",,DATA,FALSE
10000,LOC.1762,LOC.1762,#2579e8,landslide.LOC.1762,"['64.5853', '41.3775']",Uzbekistan,LOC,FALSE
5000,LOC.1762/MED,LOC.1762.MED,#27cf7e,landslide.LOC.1762.MED,"['64.5853', '41.3775']",,MED,FALSE
5000,LOC.1762/FAC,LOC.1762.FAC,#f0a73a,landslide.LOC.1762.FAC,"['64.5853', '41.3775']",,FAC,FALSE
5000,LOC.1762/DATA,LOC.1762.DATA,#8579ec,landslide.LOC.1762.DATA,"['64.5853', '41.3775']",,DATA,FALSE
10000,LOC.1763,LOC.1763,#2579e8,landslide.LOC.1763,"['0.3763', '39.4699']",Valencia,LOC,FALSE
5000,LOC.1763/MED,LOC.1763.MED,#27cf7e,landslide.LOC.1763.MED,"['0.3763', '39.4699']",,MED,FALSE
5000,LOC.1763/FAC,LOC.1763.FAC,#f0a73a,landslide.LOC.1763.FAC,"['0.3763', '39.4699']",,FAC,FALSE
5000,LOC.1763/DATA,LOC.1763.DATA,#8579ec,landslide.LOC.1763.DATA,"['0.3763', '39.4699']",,DATA,FALSE
10000,LOC.1764,LOC.1764,#2579e8,landslide.LOC.1764,"['19.9013', '44.2706']",Valjevo City,LOC,FALSE
5000,LOC.1764/MED,LOC.1764.MED,#27cf7e,landslide.LOC.1764.MED,"['19.9013', '44.2706']",,MED,FALSE
5000,LOC.1764/FAC,LOC.1764.FAC,#f0a73a,landslide.LOC.1764.FAC,"['19.9013', '44.2706']",,FAC,FALSE
5000,LOC.1764/DATA,LOC.1764.DATA,#8579ec,landslide.LOC.1764.DATA,"['19.9013', '44.2706']",,DATA,FALSE
10000,LOC.1765,LOC.1765,#2579e8,landslide.LOC.1765,"['88.5399', '27.5329']",valley regions of Sikkim Himalaya,LOC,FALSE
5000,LOC.1765/MED,LOC.1765.MED,#27cf7e,landslide.LOC.1765.MED,"['88.5399', '27.5329']",,MED,FALSE
5000,LOC.1765/FAC,LOC.1765.FAC,#f0a73a,landslide.LOC.1765.FAC,"['88.5399', '27.5329']",,FAC,FALSE
5000,LOC.1765/DATA,LOC.1765.DATA,#8579ec,landslide.LOC.1765.DATA,"['88.5399', '27.5329']",,DATA,FALSE
10000,LOC.1766,LOC.1766,#2579e8,landslide.LOC.1766,"['42.8719', '38.3732']",Van,LOC,FALSE
5000,LOC.1766/MED,LOC.1766.MED,#27cf7e,landslide.LOC.1766.MED,"['42.8719', '38.3732']",,MED,FALSE
5000,LOC.1766/FAC,LOC.1766.FAC,#f0a73a,landslide.LOC.1766.FAC,"['42.8719', '38.3732']",,FAC,FALSE
5000,LOC.1766/DATA,LOC.1766.DATA,#8579ec,landslide.LOC.1766.DATA,"['42.8719', '38.3732']",,DATA,FALSE
10000,LOC.1767,LOC.1767,#2579e8,landslide.LOC.1767,"['104.7583', '21.6300']",Van Chan district,LOC,FALSE
5000,LOC.1767/MED,LOC.1767.MED,#27cf7e,landslide.LOC.1767.MED,"['104.7583', '21.6300']",,MED,FALSE
5000,LOC.1767/FAC,LOC.1767.FAC,#f0a73a,landslide.LOC.1767.FAC,"['104.7583', '21.6300']",,FAC,FALSE
5000,LOC.1767/DATA,LOC.1767.DATA,#8579ec,landslide.LOC.1767.DATA,"['104.7583', '21.6300']",,DATA,FALSE
10000,LOC.1768,LOC.1768,#2579e8,landslide.LOC.1768,"['104.7583', '21.6300']",Van Chan district of the Yen Bai Province,LOC,FALSE
5000,LOC.1768/MED,LOC.1768.MED,#27cf7e,landslide.LOC.1768.MED,"['104.7583', '21.6300']",,MED,FALSE
5000,LOC.1768/FAC,LOC.1768.FAC,#f0a73a,landslide.LOC.1768.FAC,"['104.7583', '21.6300']",,FAC,FALSE
5000,LOC.1768/DATA,LOC.1768.DATA,#8579ec,landslide.LOC.1768.DATA,"['104.7583', '21.6300']",,DATA,FALSE
10000,LOC.1769,LOC.1769,#2579e8,landslide.LOC.1769,"['125.2730', '49.2827']",Vancouver Island,LOC,FALSE
5000,LOC.1769/MED,LOC.1769.MED,#27cf7e,landslide.LOC.1769.MED,"['125.2730', '49.2827']",,MED,FALSE
5000,LOC.1769/FAC,LOC.1769.FAC,#f0a73a,landslide.LOC.1769.FAC,"['125.2730', '49.2827']",,FAC,FALSE
5000,LOC.1769/DATA,LOC.1769.DATA,#8579ec,landslide.LOC.1769.DATA,"['125.2730', '49.2827']",,DATA,FALSE
10000,LOC.1770,LOC.1770,#2579e8,landslide.LOC.1770,"['104.0', '25.0']",Vegetated slopes in Malipo,LOC,FALSE
5000,LOC.1770/MED,LOC.1770.MED,#27cf7e,landslide.LOC.1770.MED,"['104.0', '25.0']",,MED,FALSE
5000,LOC.1770/FAC,LOC.1770.FAC,#f0a73a,landslide.LOC.1770.FAC,"['104.0', '25.0']",,FAC,FALSE
5000,LOC.1770/DATA,LOC.1770.DATA,#8579ec,landslide.LOC.1770.DATA,"['104.0', '25.0']",,DATA,FALSE
10000,LOC.1771,LOC.1771,#2579e8,landslide.LOC.1771,"['9.7333', '55.7200']",Vejle Fjord,LOC,FALSE
5000,LOC.1771/MED,LOC.1771.MED,#27cf7e,landslide.LOC.1771.MED,"['9.7333', '55.7200']",,MED,FALSE
5000,LOC.1771/FAC,LOC.1771.FAC,#f0a73a,landslide.LOC.1771.FAC,"['9.7333', '55.7200']",,FAC,FALSE
5000,LOC.1771/DATA,LOC.1771.DATA,#8579ec,landslide.LOC.1771.DATA,"['9.7333', '55.7200']",,DATA,FALSE
10000,LOC.1772,LOC.1772,#2579e8,landslide.LOC.1772,"['9.6784', '44.1344']",Vernazza catchment,LOC,FALSE
5000,LOC.1772/MED,LOC.1772.MED,#27cf7e,landslide.LOC.1772.MED,"['9.6784', '44.1344']",,MED,FALSE
5000,LOC.1772/FAC,LOC.1772.FAC,#f0a73a,landslide.LOC.1772.FAC,"['9.6784', '44.1344']",,FAC,FALSE
5000,LOC.1772/DATA,LOC.1772.DATA,#8579ec,landslide.LOC.1772.DATA,"['9.6784', '44.1344']",,DATA,FALSE
10000,LOC.1773,LOC.1773,#2579e8,landslide.LOC.1773,"['108.2772', '14.0583']",Viet Nam,LOC,FALSE
5000,LOC.1773/MED,LOC.1773.MED,#27cf7e,landslide.LOC.1773.MED,"['108.2772', '14.0583']",,MED,FALSE
5000,LOC.1773/FAC,LOC.1773.FAC,#f0a73a,landslide.LOC.1773.FAC,"['108.2772', '14.0583']",,FAC,FALSE
5000,LOC.1773/DATA,LOC.1773.DATA,#8579ec,landslide.LOC.1773.DATA,"['108.2772', '14.0583']",,DATA,FALSE
10000,LOC.1774,LOC.1774,#2579e8,landslide.LOC.1774,"['108.2772', '14.0583']",Vietnam,LOC,FALSE
5000,LOC.1774/MED,LOC.1774.MED,#27cf7e,landslide.LOC.1774.MED,"['108.2772', '14.0583']",,MED,FALSE
5000,LOC.1774/FAC,LOC.1774.FAC,#f0a73a,landslide.LOC.1774.FAC,"['108.2772', '14.0583']",,FAC,FALSE
5000,LOC.1774/DATA,LOC.1774.DATA,#8579ec,landslide.LOC.1774.DATA,"['108.2772', '14.0583']",,DATA,FALSE
10000,LOC.1775,LOC.1775,#2579e8,landslide.LOC.1775,"['105.5544', '18.2892']",Vietnamese Laotian border district,LOC,FALSE
5000,LOC.1775/MED,LOC.1775.MED,#27cf7e,landslide.LOC.1775.MED,"['105.5544', '18.2892']",,MED,FALSE
5000,LOC.1775/FAC,LOC.1775.FAC,#f0a73a,landslide.LOC.1775.FAC,"['105.5544', '18.2892']",,FAC,FALSE
5000,LOC.1775/DATA,LOC.1775.DATA,#8579ec,landslide.LOC.1775.DATA,"['105.5544', '18.2892']",,DATA,FALSE
10000,LOC.1776,LOC.1776,#2579e8,landslide.LOC.1776,"['123.6992', '52.5872']",Villa Santa Lucia,LOC,FALSE
5000,LOC.1776/MED,LOC.1776.MED,#27cf7e,landslide.LOC.1776.MED,"['123.6992', '52.5872']",,MED,FALSE
5000,LOC.1776/FAC,LOC.1776.FAC,#f0a73a,landslide.LOC.1776.FAC,"['123.6992', '52.5872']",,FAC,FALSE
5000,LOC.1776/DATA,LOC.1776.DATA,#8579ec,landslide.LOC.1776.DATA,"['123.6992', '52.5872']",,DATA,FALSE
10000,LOC.1777,LOC.1777,#2579e8,landslide.LOC.1777,"['78.0842', '8.8659']",village of Rampac Grande in northern Peru,LOC,FALSE
5000,LOC.1777/MED,LOC.1777.MED,#27cf7e,landslide.LOC.1777.MED,"['78.0842', '8.8659']",,MED,FALSE
5000,LOC.1777/FAC,LOC.1777.FAC,#f0a73a,landslide.LOC.1777.FAC,"['78.0842', '8.8659']",,FAC,FALSE
5000,LOC.1777/DATA,LOC.1777.DATA,#8579ec,landslide.LOC.1777.DATA,"['78.0842', '8.8659']",,DATA,FALSE
10000,LOC.1778,LOC.1778,#2579e8,landslide.LOC.1778,"['120.4219', '10.6017']",village Podi,LOC,FALSE
5000,LOC.1778/MED,LOC.1778.MED,#27cf7e,landslide.LOC.1778.MED,"['120.4219', '10.6017']",,MED,FALSE
5000,LOC.1778/FAC,LOC.1778.FAC,#f0a73a,landslide.LOC.1778.FAC,"['120.4219', '10.6017']",,FAC,FALSE
5000,LOC.1778/DATA,LOC.1778.DATA,#8579ec,landslide.LOC.1778.DATA,"['120.4219', '10.6017']",,DATA,FALSE
10000,LOC.1779,LOC.1779,#2579e8,landslide.LOC.1779,"['2.7358', '42.8595']",Vitoria,LOC,FALSE
5000,LOC.1779/MED,LOC.1779.MED,#27cf7e,landslide.LOC.1779.MED,"['2.7358', '42.8595']",,MED,FALSE
5000,LOC.1779/FAC,LOC.1779.FAC,#f0a73a,landslide.LOC.1779.FAC,"['2.7358', '42.8595']",,FAC,FALSE
5000,LOC.1779/DATA,LOC.1779.DATA,#8579ec,landslide.LOC.1779.DATA,"['2.7358', '42.8595']",,DATA,FALSE
10000,LOC.1780,LOC.1780,#2579e8,landslide.LOC.1780,"['121.9625', '0.5702']",Vitravo River catchment,LOC,FALSE
5000,LOC.1780/MED,LOC.1780.MED,#27cf7e,landslide.LOC.1780.MED,"['121.9625', '0.5702']",,MED,FALSE
5000,LOC.1780/FAC,LOC.1780.FAC,#f0a73a,landslide.LOC.1780.FAC,"['121.9625', '0.5702']",,FAC,FALSE
5000,LOC.1780/DATA,LOC.1780.DATA,#8579ec,landslide.LOC.1780.DATA,"['121.9625', '0.5702']",,DATA,FALSE
10000,LOC.1781,LOC.1781,#2579e8,landslide.LOC.1781,"['107.6179', '6.9175']",volcanic mountains in West Java Province,LOC,FALSE
5000,LOC.1781/MED,LOC.1781.MED,#27cf7e,landslide.LOC.1781.MED,"['107.6179', '6.9175']",,MED,FALSE
5000,LOC.1781/FAC,LOC.1781.FAC,#f0a73a,landslide.LOC.1781.FAC,"['107.6179', '6.9175']",,FAC,FALSE
5000,LOC.1781/DATA,LOC.1781.DATA,#8579ec,landslide.LOC.1781.DATA,"['107.6179', '6.9175']",,DATA,FALSE
10000,LOC.1782,LOC.1782,#2579e8,landslide.LOC.1782,"['26.6485', '45.8286']",Vrancea - Buzau seismogenic region in the Carpathian Mountains,LOC,FALSE
5000,LOC.1782/MED,LOC.1782.MED,#27cf7e,landslide.LOC.1782.MED,"['26.6485', '45.8286']",,MED,FALSE
5000,LOC.1782/FAC,LOC.1782.FAC,#f0a73a,landslide.LOC.1782.FAC,"['26.6485', '45.8286']",,FAC,FALSE
5000,LOC.1782/DATA,LOC.1782.DATA,#8579ec,landslide.LOC.1782.DATA,"['26.6485', '45.8286']",,DATA,FALSE
10000,LOC.1783,LOC.1783,#2579e8,landslide.LOC.1783,"['35.6586', '26.6984']",Wadi Watier,LOC,FALSE
5000,LOC.1783/MED,LOC.1783.MED,#27cf7e,landslide.LOC.1783.MED,"['35.6586', '26.6984']",,MED,FALSE
5000,LOC.1783/FAC,LOC.1783.FAC,#f0a73a,landslide.LOC.1783.FAC,"['35.6586', '26.6984']",,FAC,FALSE
5000,LOC.1783/DATA,LOC.1783.DATA,#8579ec,landslide.LOC.1783.DATA,"['35.6586', '26.6984']",,DATA,FALSE
10000,LOC.1784,LOC.1784,#2579e8,landslide.LOC.1784,"['111.3894', '6.8434']",Wagirkidul,LOC,FALSE
5000,LOC.1784/MED,LOC.1784.MED,#27cf7e,landslide.LOC.1784.MED,"['111.3894', '6.8434']",,MED,FALSE
5000,LOC.1784/FAC,LOC.1784.FAC,#f0a73a,landslide.LOC.1784.FAC,"['111.3894', '6.8434']",,FAC,FALSE
5000,LOC.1784/DATA,LOC.1784.DATA,#8579ec,landslide.LOC.1784.DATA,"['111.3894', '6.8434']",,DATA,FALSE
10000,LOC.1785,LOC.1785,#2579e8,landslide.LOC.1785,"['14.7710', '47.9658']",Waidhofen / Ybbs,LOC,FALSE
5000,LOC.1785/MED,LOC.1785.MED,#27cf7e,landslide.LOC.1785.MED,"['14.7710', '47.9658']",,MED,FALSE
5000,LOC.1785/FAC,LOC.1785.FAC,#f0a73a,landslide.LOC.1785.FAC,"['14.7710', '47.9658']",,FAC,FALSE
5000,LOC.1785/DATA,LOC.1785.DATA,#8579ec,landslide.LOC.1785.DATA,"['14.7710', '47.9658']",,DATA,FALSE
10000,LOC.1786,LOC.1786,#2579e8,landslide.LOC.1786,"['14.7710', '47.9658']",Waidhofen an der Ybbs,LOC,FALSE
5000,LOC.1786/MED,LOC.1786.MED,#27cf7e,landslide.LOC.1786.MED,"['14.7710', '47.9658']",,MED,FALSE
5000,LOC.1786/FAC,LOC.1786.FAC,#f0a73a,landslide.LOC.1786.FAC,"['14.7710', '47.9658']",,FAC,FALSE
5000,LOC.1786/DATA,LOC.1786.DATA,#8579ec,landslide.LOC.1786.DATA,"['14.7710', '47.9658']",,DATA,FALSE
10000,LOC.1787,LOC.1787,#2579e8,landslide.LOC.1787,"['100.9520', '34.5212']",Wan county,LOC,FALSE
5000,LOC.1787/MED,LOC.1787.MED,#27cf7e,landslide.LOC.1787.MED,"['100.9520', '34.5212']",,MED,FALSE
5000,LOC.1787/FAC,LOC.1787.FAC,#f0a73a,landslide.LOC.1787.FAC,"['100.9520', '34.5212']",,FAC,FALSE
5000,LOC.1787/DATA,LOC.1787.DATA,#8579ec,landslide.LOC.1787.DATA,"['100.9520', '34.5212']",,DATA,FALSE
10000,LOC.1788,LOC.1788,#2579e8,landslide.LOC.1788,"['108.3843', '30.8252']",Wanzhou County,LOC,FALSE
5000,LOC.1788/MED,LOC.1788.MED,#27cf7e,landslide.LOC.1788.MED,"['108.3843', '30.8252']",,MED,FALSE
5000,LOC.1788/FAC,LOC.1788.FAC,#f0a73a,landslide.LOC.1788.FAC,"['108.3843', '30.8252']",,FAC,FALSE
5000,LOC.1788/DATA,LOC.1788.DATA,#8579ec,landslide.LOC.1788.DATA,"['108.3843', '30.8252']",,DATA,FALSE
10000,LOC.1789,LOC.1789,#2579e8,landslide.LOC.1789,"['108.3853', '30.8071']",Wanzhou district,LOC,FALSE
5000,LOC.1789/MED,LOC.1789.MED,#27cf7e,landslide.LOC.1789.MED,"['108.3853', '30.8071']",,MED,FALSE
5000,LOC.1789/FAC,LOC.1789.FAC,#f0a73a,landslide.LOC.1789.FAC,"['108.3853', '30.8071']",,FAC,FALSE
5000,LOC.1789/DATA,LOC.1789.DATA,#8579ec,landslide.LOC.1789.DATA,"['108.3853', '30.8071']",,DATA,FALSE
10000,LOC.1790,LOC.1790,#2579e8,landslide.LOC.1790,"['108.9076', '30.7913']",Wanzhou district in the Three Gorges Reservoir,LOC,FALSE
5000,LOC.1790/MED,LOC.1790.MED,#27cf7e,landslide.LOC.1790.MED,"['108.9076', '30.7913']",,MED,FALSE
5000,LOC.1790/FAC,LOC.1790.FAC,#f0a73a,landslide.LOC.1790.FAC,"['108.9076', '30.7913']",,FAC,FALSE
5000,LOC.1790/DATA,LOC.1790.DATA,#8579ec,landslide.LOC.1790.DATA,"['108.9076', '30.7913']",,DATA,FALSE
10000,LOC.1791,LOC.1791,#2579e8,landslide.LOC.1791,"['108.3853', '30.8071']",Wanzhou district of Chongqing city,LOC,FALSE
5000,LOC.1791/MED,LOC.1791.MED,#27cf7e,landslide.LOC.1791.MED,"['108.3853', '30.8071']",,MED,FALSE
5000,LOC.1791/FAC,LOC.1791.FAC,#f0a73a,landslide.LOC.1791.FAC,"['108.3853', '30.8071']",,FAC,FALSE
5000,LOC.1791/DATA,LOC.1791.DATA,#8579ec,landslide.LOC.1791.DATA,"['108.3853', '30.8071']",,DATA,FALSE
10000,LOC.1792,LOC.1792,#2579e8,landslide.LOC.1792,"['108.5801', '30.8401']",Wanzhou in Three Gorges,LOC,FALSE
5000,LOC.1792/MED,LOC.1792.MED,#27cf7e,landslide.LOC.1792.MED,"['108.5801', '30.8401']",,MED,FALSE
5000,LOC.1792/FAC,LOC.1792.FAC,#f0a73a,landslide.LOC.1792.FAC,"['108.5801', '30.8401']",,FAC,FALSE
5000,LOC.1792/DATA,LOC.1792.DATA,#8579ec,landslide.LOC.1792.DATA,"['108.5801', '30.8401']",,DATA,FALSE
10000,LOC.1793,LOC.1793,#2579e8,landslide.LOC.1793,"['108.3853', '30.8071']",Wanzhou section,LOC,FALSE
5000,LOC.1793/MED,LOC.1793.MED,#27cf7e,landslide.LOC.1793.MED,"['108.3853', '30.8071']",,MED,FALSE
5000,LOC.1793/FAC,LOC.1793.FAC,#f0a73a,landslide.LOC.1793.FAC,"['108.3853', '30.8071']",,FAC,FALSE
5000,LOC.1793/DATA,LOC.1793.DATA,#8579ec,landslide.LOC.1793.DATA,"['108.3853', '30.8071']",,DATA,FALSE
10000,LOC.1794,LOC.1794,#2579e8,landslide.LOC.1794,"['77.0369', '38.9072']",Washington,LOC,FALSE
5000,LOC.1794/MED,LOC.1794.MED,#27cf7e,landslide.LOC.1794.MED,"['77.0369', '38.9072']",,MED,FALSE
5000,LOC.1794/FAC,LOC.1794.FAC,#f0a73a,landslide.LOC.1794.FAC,"['77.0369', '38.9072']",,FAC,FALSE
5000,LOC.1794/DATA,LOC.1794.DATA,#8579ec,landslide.LOC.1794.DATA,"['77.0369', '38.9072']",,DATA,FALSE
10000,LOC.1795,LOC.1795,#2579e8,landslide.LOC.1795,"['120.7401', '47.7511']",Washington State,LOC,FALSE
5000,LOC.1795/MED,LOC.1795.MED,#27cf7e,landslide.LOC.1795.MED,"['120.7401', '47.7511']",,MED,FALSE
5000,LOC.1795/FAC,LOC.1795.FAC,#f0a73a,landslide.LOC.1795.FAC,"['120.7401', '47.7511']",,FAC,FALSE
5000,LOC.1795/DATA,LOC.1795.DATA,#8579ec,landslide.LOC.1795.DATA,"['120.7401', '47.7511']",,DATA,FALSE
10000,LOC.1796,LOC.1796,#2579e8,landslide.LOC.1796,"['121.5090', '25.1055']",watershed region in northern Taiwan,LOC,FALSE
5000,LOC.1796/MED,LOC.1796.MED,#27cf7e,landslide.LOC.1796.MED,"['121.5090', '25.1055']",,MED,FALSE
5000,LOC.1796/FAC,LOC.1796.FAC,#f0a73a,landslide.LOC.1796.FAC,"['121.5090', '25.1055']",,FAC,FALSE
5000,LOC.1796/DATA,LOC.1796.DATA,#8579ec,landslide.LOC.1796.DATA,"['121.5090', '25.1055']",,DATA,FALSE
10000,LOC.1797,LOC.1797,#2579e8,landslide.LOC.1797,"['76.0830', '11.6856']",Wayanad,LOC,FALSE
5000,LOC.1797/MED,LOC.1797.MED,#27cf7e,landslide.LOC.1797.MED,"['76.0830', '11.6856']",,MED,FALSE
5000,LOC.1797/FAC,LOC.1797.FAC,#f0a73a,landslide.LOC.1797.FAC,"['76.0830', '11.6856']",,FAC,FALSE
5000,LOC.1797/DATA,LOC.1797.DATA,#8579ec,landslide.LOC.1797.DATA,"['76.0830', '11.6856']",,DATA,FALSE
10000,LOC.1798,LOC.1798,#2579e8,landslide.LOC.1798,"['76.0830', '11.6856']",Wayanad district of Kerala state in India,LOC,FALSE
5000,LOC.1798/MED,LOC.1798.MED,#27cf7e,landslide.LOC.1798.MED,"['76.0830', '11.6856']",,MED,FALSE
5000,LOC.1798/FAC,LOC.1798.FAC,#f0a73a,landslide.LOC.1798.FAC,"['76.0830', '11.6856']",,FAC,FALSE
5000,LOC.1798/DATA,LOC.1798.DATA,#8579ec,landslide.LOC.1798.DATA,"['76.0830', '11.6856']",,DATA,FALSE
10000,LOC.1799,LOC.1799,#2579e8,landslide.LOC.1799,"['102.7130', '34.8494']",Wen County,LOC,FALSE
5000,LOC.1799/MED,LOC.1799.MED,#27cf7e,landslide.LOC.1799.MED,"['102.7130', '34.8494']",,MED,FALSE
5000,LOC.1799/FAC,LOC.1799.FAC,#f0a73a,landslide.LOC.1799.FAC,"['102.7130', '34.8494']",,FAC,FALSE
5000,LOC.1799/DATA,LOC.1799.DATA,#8579ec,landslide.LOC.1799.DATA,"['102.7130', '34.8494']",,DATA,FALSE
10000,LOC.1800,LOC.1800,#2579e8,landslide.LOC.1800,"['103.5790', '31.4399']",Wenchuan,LOC,FALSE
5000,LOC.1800/MED,LOC.1800.MED,#27cf7e,landslide.LOC.1800.MED,"['103.5790', '31.4399']",,MED,FALSE
5000,LOC.1800/FAC,LOC.1800.FAC,#f0a73a,landslide.LOC.1800.FAC,"['103.5790', '31.4399']",,FAC,FALSE
5000,LOC.1800/DATA,LOC.1800.DATA,#8579ec,landslide.LOC.1800.DATA,"['103.5790', '31.4399']",,DATA,FALSE
10000,LOC.1801,LOC.1801,#2579e8,landslide.LOC.1801,"['103.2270', '31.0855']",Wenchuan - Yingxiu,LOC,FALSE
5000,LOC.1801/MED,LOC.1801.MED,#27cf7e,landslide.LOC.1801.MED,"['103.2270', '31.0855']",,MED,FALSE
5000,LOC.1801/FAC,LOC.1801.FAC,#f0a73a,landslide.LOC.1801.FAC,"['103.2270', '31.0855']",,FAC,FALSE
5000,LOC.1801/DATA,LOC.1801.DATA,#8579ec,landslide.LOC.1801.DATA,"['103.2270', '31.0855']",,DATA,FALSE
10000,LOC.1802,LOC.1802,#2579e8,landslide.LOC.1802,"['103.5790', '31.4399']",Wenchuan area in southwestern China,LOC,FALSE
5000,LOC.1802/MED,LOC.1802.MED,#27cf7e,landslide.LOC.1802.MED,"['103.5790', '31.4399']",,MED,FALSE
5000,LOC.1802/FAC,LOC.1802.FAC,#f0a73a,landslide.LOC.1802.FAC,"['103.5790', '31.4399']",,FAC,FALSE
5000,LOC.1802/DATA,LOC.1802.DATA,#8579ec,landslide.LOC.1802.DATA,"['103.5790', '31.4399']",,DATA,FALSE
10000,LOC.1803,LOC.1803,#2579e8,landslide.LOC.1803,"['103.5790', '31.4399']",Wenchuan County,LOC,FALSE
5000,LOC.1803/MED,LOC.1803.MED,#27cf7e,landslide.LOC.1803.MED,"['103.5790', '31.4399']",,MED,FALSE
5000,LOC.1803/FAC,LOC.1803.FAC,#f0a73a,landslide.LOC.1803.FAC,"['103.5790', '31.4399']",,FAC,FALSE
5000,LOC.1803/DATA,LOC.1803.DATA,#8579ec,landslide.LOC.1803.DATA,"['103.5790', '31.4399']",,DATA,FALSE
10000,LOC.1804,LOC.1804,#2579e8,landslide.LOC.1804,"['103.3323', '31.0173']",Wenchuan earthquake,LOC,FALSE
5000,LOC.1804/MED,LOC.1804.MED,#27cf7e,landslide.LOC.1804.MED,"['103.3323', '31.0173']",,MED,FALSE
5000,LOC.1804/FAC,LOC.1804.FAC,#f0a73a,landslide.LOC.1804.FAC,"['103.3323', '31.0173']",,FAC,FALSE
5000,LOC.1804/DATA,LOC.1804.DATA,#8579ec,landslide.LOC.1804.DATA,"['103.3323', '31.0173']",,DATA,FALSE
10000,LOC.1805,LOC.1805,#2579e8,landslide.LOC.1805,"['103.3323', '31.0173']",Wenchuan earthquake region of China,LOC,FALSE
5000,LOC.1805/MED,LOC.1805.MED,#27cf7e,landslide.LOC.1805.MED,"['103.3323', '31.0173']",,MED,FALSE
5000,LOC.1805/FAC,LOC.1805.FAC,#f0a73a,landslide.LOC.1805.FAC,"['103.3323', '31.0173']",,FAC,FALSE
5000,LOC.1805/DATA,LOC.1805.DATA,#8579ec,landslide.LOC.1805.DATA,"['103.3323', '31.0173']",,DATA,FALSE
10000,LOC.1806,LOC.1806,#2579e8,landslide.LOC.1806,"['87.8550', '22.9868']",West Bengal,LOC,FALSE
5000,LOC.1806/MED,LOC.1806.MED,#27cf7e,landslide.LOC.1806.MED,"['87.8550', '22.9868']",,MED,FALSE
5000,LOC.1806/FAC,LOC.1806.FAC,#f0a73a,landslide.LOC.1806.FAC,"['87.8550', '22.9868']",,FAC,FALSE
5000,LOC.1806/DATA,LOC.1806.DATA,#8579ec,landslide.LOC.1806.DATA,"['87.8550', '22.9868']",,DATA,FALSE
10000,LOC.1807,LOC.1807,#2579e8,landslide.LOC.1807,"['120.0', '18.0']",West coast,LOC,FALSE
5000,LOC.1807/MED,LOC.1807.MED,#27cf7e,landslide.LOC.1807.MED,"['120.0', '18.0']",,MED,FALSE
5000,LOC.1807/FAC,LOC.1807.FAC,#f0a73a,landslide.LOC.1807.FAC,"['120.0', '18.0']",,FAC,FALSE
5000,LOC.1807/DATA,LOC.1807.DATA,#8579ec,landslide.LOC.1807.DATA,"['120.0', '18.0']",,DATA,FALSE
10000,LOC.1808,LOC.1808,#2579e8,landslide.LOC.1808,"['107.6175', '-6.9175']",West Java Province,LOC,FALSE
5000,LOC.1808/MED,LOC.1808.MED,#27cf7e,landslide.LOC.1808.MED,"['107.6175', '-6.9175']",,MED,FALSE
5000,LOC.1808/FAC,LOC.1808.FAC,#f0a73a,landslide.LOC.1808.FAC,"['107.6175', '-6.9175']",,FAC,FALSE
5000,LOC.1808/DATA,LOC.1808.DATA,#8579ec,landslide.LOC.1808.DATA,"['107.6175', '-6.9175']",,DATA,FALSE
10000,LOC.1809,LOC.1809,#2579e8,landslide.LOC.1809,"['49.8333', '32.4279']",west of Iran,LOC,FALSE
5000,LOC.1809/MED,LOC.1809.MED,#27cf7e,landslide.LOC.1809.MED,"['49.8333', '32.4279']",,MED,FALSE
5000,LOC.1809/FAC,LOC.1809.FAC,#f0a73a,landslide.LOC.1809.FAC,"['49.8333', '32.4279']",,FAC,FALSE
5000,LOC.1809/DATA,LOC.1809.DATA,#8579ec,landslide.LOC.1809.DATA,"['49.8333', '32.4279']",,DATA,FALSE
10000,LOC.1810,LOC.1810,#2579e8,landslide.LOC.1810,"['46.2086', '34.3142']",west of Kermanshah Province,LOC,FALSE
5000,LOC.1810/MED,LOC.1810.MED,#27cf7e,landslide.LOC.1810.MED,"['46.2086', '34.3142']",,MED,FALSE
5000,LOC.1810/FAC,LOC.1810.FAC,#f0a73a,landslide.LOC.1810.FAC,"['46.2086', '34.3142']",,FAC,FALSE
5000,LOC.1810/DATA,LOC.1810.DATA,#8579ec,landslide.LOC.1810.DATA,"['46.2086', '34.3142']",,DATA,FALSE
10000,LOC.1811,LOC.1811,#2579e8,landslide.LOC.1811,"['48.3722', '34.7484']",west of the Gat - e Kash village,LOC,FALSE
5000,LOC.1811/MED,LOC.1811.MED,#27cf7e,landslide.LOC.1811.MED,"['48.3722', '34.7484']",,MED,FALSE
5000,LOC.1811/FAC,LOC.1811.FAC,#f0a73a,landslide.LOC.1811.FAC,"['48.3722', '34.7484']",,FAC,FALSE
5000,LOC.1811/DATA,LOC.1811.DATA,#8579ec,landslide.LOC.1811.DATA,"['48.3722', '34.7484']",,DATA,FALSE
10000,LOC.1812,LOC.1812,#2579e8,landslide.LOC.1812,"['88.3000', '27.3333']",West Sikkim,LOC,FALSE
5000,LOC.1812/MED,LOC.1812.MED,#27cf7e,landslide.LOC.1812.MED,"['88.3000', '27.3333']",,MED,FALSE
5000,LOC.1812/FAC,LOC.1812.FAC,#f0a73a,landslide.LOC.1812.FAC,"['88.3000', '27.3333']",,FAC,FALSE
5000,LOC.1812/DATA,LOC.1812.DATA,#8579ec,landslide.LOC.1812.DATA,"['88.3000', '27.3333']",,DATA,FALSE
10000,LOC.1813,LOC.1813,#2579e8,landslide.LOC.1813,"['88.3000', '27.3333']",West Sikkim district in India,LOC,FALSE
5000,LOC.1813/MED,LOC.1813.MED,#27cf7e,landslide.LOC.1813.MED,"['88.3000', '27.3333']",,MED,FALSE
5000,LOC.1813/FAC,LOC.1813.FAC,#f0a73a,landslide.LOC.1813.FAC,"['88.3000', '27.3333']",,FAC,FALSE
5000,LOC.1813/DATA,LOC.1813.DATA,#8579ec,landslide.LOC.1813.DATA,"['88.3000', '27.3333']",,DATA,FALSE
10000,LOC.1814,LOC.1814,#2579e8,landslide.LOC.1814,"['31.1656', '37.0902']",west Turkey,LOC,FALSE
5000,LOC.1814/MED,LOC.1814.MED,#27cf7e,landslide.LOC.1814.MED,"['31.1656', '37.0902']",,MED,FALSE
5000,LOC.1814/FAC,LOC.1814.FAC,#f0a73a,landslide.LOC.1814.FAC,"['31.1656', '37.0902']",,FAC,FALSE
5000,LOC.1814/DATA,LOC.1814.DATA,#8579ec,landslide.LOC.1814.DATA,"['31.1656', '37.0902']",,DATA,FALSE
10000,LOC.1815,LOC.1815,#2579e8,landslide.LOC.1815,"['94.2596', '36.7783']",Western,LOC,FALSE
5000,LOC.1815/MED,LOC.1815.MED,#27cf7e,landslide.LOC.1815.MED,"['94.2596', '36.7783']",,MED,FALSE
5000,LOC.1815/FAC,LOC.1815.FAC,#f0a73a,landslide.LOC.1815.FAC,"['94.2596', '36.7783']",,FAC,FALSE
5000,LOC.1815/DATA,LOC.1815.DATA,#8579ec,landslide.LOC.1815.DATA,"['94.2596', '36.7783']",,DATA,FALSE
10000,LOC.1816,LOC.1816,#2579e8,landslide.LOC.1816,"['2.6333', '28.0339']",Western Algeria,LOC,FALSE
5000,LOC.1816/MED,LOC.1816.MED,#27cf7e,landslide.LOC.1816.MED,"['2.6333', '28.0339']",,MED,FALSE
5000,LOC.1816/FAC,LOC.1816.FAC,#f0a73a,landslide.LOC.1816.FAC,"['2.6333', '28.0339']",,FAC,FALSE
5000,LOC.1816/DATA,LOC.1816.DATA,#8579ec,landslide.LOC.1816.DATA,"['2.6333', '28.0339']",,DATA,FALSE
10000,LOC.1817,LOC.1817,#2579e8,landslide.LOC.1817,"['78.9629', '20.5937']",Western and Eastern Ghats of India,LOC,FALSE
5000,LOC.1817/MED,LOC.1817.MED,#27cf7e,landslide.LOC.1817.MED,"['78.9629', '20.5937']",,MED,FALSE
5000,LOC.1817/FAC,LOC.1817.FAC,#f0a73a,landslide.LOC.1817.FAC,"['78.9629', '20.5937']",,FAC,FALSE
5000,LOC.1817/DATA,LOC.1817.DATA,#8579ec,landslide.LOC.1817.DATA,"['78.9629', '20.5937']",,DATA,FALSE
10000,LOC.1818,LOC.1818,#2579e8,landslide.LOC.1818,"['30.7133', '36.8969']",western Antalya,LOC,FALSE
5000,LOC.1818/MED,LOC.1818.MED,#27cf7e,landslide.LOC.1818.MED,"['30.7133', '36.8969']",,MED,FALSE
5000,LOC.1818/FAC,LOC.1818.FAC,#f0a73a,landslide.LOC.1818.FAC,"['30.7133', '36.8969']",,FAC,FALSE
5000,LOC.1818/DATA,LOC.1818.DATA,#8579ec,landslide.LOC.1818.DATA,"['30.7133', '36.8969']",,DATA,FALSE
10000,LOC.1819,LOC.1819,#2579e8,landslide.LOC.1819,"['47.5000', '40.1431']",western Azerbaijan,LOC,FALSE
5000,LOC.1819/MED,LOC.1819.MED,#27cf7e,landslide.LOC.1819.MED,"['47.5000', '40.1431']",,MED,FALSE
5000,LOC.1819/FAC,LOC.1819.FAC,#f0a73a,landslide.LOC.1819.FAC,"['47.5000', '40.1431']",,FAC,FALSE
5000,LOC.1819/DATA,LOC.1819.DATA,#8579ec,landslide.LOC.1819.DATA,"['47.5000', '40.1431']",,DATA,FALSE
10000,LOC.1820,LOC.1820,#2579e8,landslide.LOC.1820,"['76.6112', '8.5241']",Western Ghats region in Kollam district,LOC,FALSE
5000,LOC.1820/MED,LOC.1820.MED,#27cf7e,landslide.LOC.1820.MED,"['76.6112', '8.5241']",,MED,FALSE
5000,LOC.1820/FAC,LOC.1820.FAC,#f0a73a,landslide.LOC.1820.FAC,"['76.6112', '8.5241']",,FAC,FALSE
5000,LOC.1820/DATA,LOC.1820.DATA,#8579ec,landslide.LOC.1820.DATA,"['76.6112', '8.5241']",,DATA,FALSE
10000,LOC.1821,LOC.1821,#2579e8,landslide.LOC.1821,"['75.7139', '14.5204']",Western Ghats region of Karnataka province,LOC,FALSE
5000,LOC.1821/MED,LOC.1821.MED,#27cf7e,landslide.LOC.1821.MED,"['75.7139', '14.5204']",,MED,FALSE
5000,LOC.1821/FAC,LOC.1821.FAC,#f0a73a,landslide.LOC.1821.FAC,"['75.7139', '14.5204']",,FAC,FALSE
5000,LOC.1821/DATA,LOC.1821.DATA,#8579ec,landslide.LOC.1821.DATA,"['75.7139', '14.5204']",,DATA,FALSE
10000,LOC.1822,LOC.1822,#2579e8,landslide.LOC.1822,"['21.7536', '37.9838']",Western Greece,LOC,FALSE
5000,LOC.1822/MED,LOC.1822.MED,#27cf7e,landslide.LOC.1822.MED,"['21.7536', '37.9838']",,MED,FALSE
5000,LOC.1822/FAC,LOC.1822.FAC,#f0a73a,landslide.LOC.1822.FAC,"['21.7536', '37.9838']",,FAC,FALSE
5000,LOC.1822/DATA,LOC.1822.DATA,#8579ec,landslide.LOC.1822.DATA,"['21.7536', '37.9838']",,DATA,FALSE
10000,LOC.1823,LOC.1823,#2579e8,landslide.LOC.1823,"['73.5144', '34.7995']",Western Himalayan Kaghan Valley of Pakistan,LOC,FALSE
5000,LOC.1823/MED,LOC.1823.MED,#27cf7e,landslide.LOC.1823.MED,"['73.5144', '34.7995']",,MED,FALSE
5000,LOC.1823/FAC,LOC.1823.FAC,#f0a73a,landslide.LOC.1823.FAC,"['73.5144', '34.7995']",,FAC,FALSE
5000,LOC.1823/DATA,LOC.1823.DATA,#8579ec,landslide.LOC.1823.DATA,"['73.5144', '34.7995']",,DATA,FALSE
10000,LOC.1824,LOC.1824,#2579e8,landslide.LOC.1824,"['72.8777', '19.7515']",western India,LOC,FALSE
5000,LOC.1824/MED,LOC.1824.MED,#27cf7e,landslide.LOC.1824.MED,"['72.8777', '19.7515']",,MED,FALSE
5000,LOC.1824/FAC,LOC.1824.FAC,#f0a73a,landslide.LOC.1824.FAC,"['72.8777', '19.7515']",,FAC,FALSE
5000,LOC.1824/DATA,LOC.1824.DATA,#8579ec,landslide.LOC.1824.DATA,"['72.8777', '19.7515']",,DATA,FALSE
10000,LOC.1825,LOC.1825,#2579e8,landslide.LOC.1825,"['49.8333', '32.4279']",Western Iran,LOC,FALSE
5000,LOC.1825/MED,LOC.1825.MED,#27cf7e,landslide.LOC.1825.MED,"['49.8333', '32.4279']",,MED,FALSE
5000,LOC.1825/FAC,LOC.1825.FAC,#f0a73a,landslide.LOC.1825.FAC,"['49.8333', '32.4279']",,FAC,FALSE
5000,LOC.1825/DATA,LOC.1825.DATA,#8579ec,landslide.LOC.1825.DATA,"['49.8333', '32.4279']",,DATA,FALSE
10000,LOC.1826,LOC.1826,#2579e8,landslide.LOC.1826,"['123.3117', '47.8021']",western Olympic Mountains of Washington State,LOC,FALSE
5000,LOC.1826/MED,LOC.1826.MED,#27cf7e,landslide.LOC.1826.MED,"['123.3117', '47.8021']",,MED,FALSE
5000,LOC.1826/FAC,LOC.1826.FAC,#f0a73a,landslide.LOC.1826.FAC,"['123.3117', '47.8021']",,FAC,FALSE
5000,LOC.1826/DATA,LOC.1826.DATA,#8579ec,landslide.LOC.1826.DATA,"['123.3117', '47.8021']",,DATA,FALSE
10000,LOC.1827,LOC.1827,#2579e8,landslide.LOC.1827,"['23.8360', '35.2401']",western part of Crete Island,LOC,FALSE
5000,LOC.1827/MED,LOC.1827.MED,#27cf7e,landslide.LOC.1827.MED,"['23.8360', '35.2401']",,MED,FALSE
5000,LOC.1827/FAC,LOC.1827.FAC,#f0a73a,landslide.LOC.1827.FAC,"['23.8360', '35.2401']",,FAC,FALSE
5000,LOC.1827/DATA,LOC.1827.DATA,#8579ec,landslide.LOC.1827.DATA,"['23.8360', '35.2401']",,DATA,FALSE
10000,LOC.1828,LOC.1828,#2579e8,landslide.LOC.1828,"['113.9448', '22.2817']",western part of Hong Kong island,LOC,FALSE
5000,LOC.1828/MED,LOC.1828.MED,#27cf7e,landslide.LOC.1828.MED,"['113.9448', '22.2817']",,MED,FALSE
5000,LOC.1828/FAC,LOC.1828.FAC,#f0a73a,landslide.LOC.1828.FAC,"['113.9448', '22.2817']",,FAC,FALSE
5000,LOC.1828/DATA,LOC.1828.DATA,#8579ec,landslide.LOC.1828.DATA,"['113.9448', '22.2817']",,DATA,FALSE
10000,LOC.1829,LOC.1829,#2579e8,landslide.LOC.1829,"['49.0975', '13.7416']",western part of the Indian Ocean,LOC,FALSE
5000,LOC.1829/MED,LOC.1829.MED,#27cf7e,landslide.LOC.1829.MED,"['49.0975', '13.7416']",,MED,FALSE
5000,LOC.1829/FAC,LOC.1829.FAC,#f0a73a,landslide.LOC.1829.FAC,"['49.0975', '13.7416']",,FAC,FALSE
5000,LOC.1829/DATA,LOC.1829.DATA,#8579ec,landslide.LOC.1829.DATA,"['49.0975', '13.7416']",,DATA,FALSE
10000,LOC.1830,LOC.1830,#2579e8,landslide.LOC.1830,"['19.4562', '44.0165']",western part of the Republic of Serbia,LOC,FALSE
5000,LOC.1830/MED,LOC.1830.MED,#27cf7e,landslide.LOC.1830.MED,"['19.4562', '44.0165']",,MED,FALSE
5000,LOC.1830/FAC,LOC.1830.FAC,#f0a73a,landslide.LOC.1830.FAC,"['19.4562', '44.0165']",,FAC,FALSE
5000,LOC.1830/DATA,LOC.1830.DATA,#8579ec,landslide.LOC.1830.DATA,"['19.4562', '44.0165']",,DATA,FALSE
10000,LOC.1831,LOC.1831,#2579e8,landslide.LOC.1831,"['11.3340', '47.0481']",western part of Tyrol/Austria,LOC,FALSE
5000,LOC.1831/MED,LOC.1831.MED,#27cf7e,landslide.LOC.1831.MED,"['11.3340', '47.0481']",,MED,FALSE
5000,LOC.1831/FAC,LOC.1831.FAC,#f0a73a,landslide.LOC.1831.FAC,"['11.3340', '47.0481']",,FAC,FALSE
5000,LOC.1831/DATA,LOC.1831.DATA,#8579ec,landslide.LOC.1831.DATA,"['11.3340', '47.0481']",,DATA,FALSE
10000,LOC.1832,LOC.1832,#2579e8,landslide.LOC.1832,"['43.2267', '22.9584']",western portion of Tijuca Massif,LOC,FALSE
5000,LOC.1832/MED,LOC.1832.MED,#27cf7e,landslide.LOC.1832.MED,"['43.2267', '22.9584']",,MED,FALSE
5000,LOC.1832/FAC,LOC.1832.FAC,#f0a73a,landslide.LOC.1832.FAC,"['43.2267', '22.9584']",,FAC,FALSE
5000,LOC.1832/DATA,LOC.1832.DATA,#8579ec,landslide.LOC.1832.DATA,"['43.2267', '22.9584']",,DATA,FALSE
10000,LOC.1833,LOC.1833,#2579e8,landslide.LOC.1833,"['29.8540', '-2.0026']",western province of Rwanda,LOC,FALSE
5000,LOC.1833/MED,LOC.1833.MED,#27cf7e,landslide.LOC.1833.MED,"['29.8540', '-2.0026']",,MED,FALSE
5000,LOC.1833/FAC,LOC.1833.FAC,#f0a73a,landslide.LOC.1833.FAC,"['29.8540', '-2.0026']",,FAC,FALSE
5000,LOC.1833/DATA,LOC.1833.DATA,#8579ec,landslide.LOC.1833.DATA,"['29.8540', '-2.0026']",,DATA,FALSE
10000,LOC.1834,LOC.1834,#2579e8,landslide.LOC.1834,"['107.8964', '16.3015']",western region of Thua Thien Hue province,LOC,FALSE
5000,LOC.1834/MED,LOC.1834.MED,#27cf7e,landslide.LOC.1834.MED,"['107.8964', '16.3015']",,MED,FALSE
5000,LOC.1834/FAC,LOC.1834.FAC,#f0a73a,landslide.LOC.1834.FAC,"['107.8964', '16.3015']",,FAC,FALSE
5000,LOC.1834/DATA,LOC.1834.DATA,#8579ec,landslide.LOC.1834.DATA,"['107.8964', '16.3015']",,DATA,FALSE
10000,LOC.1835,LOC.1835,#2579e8,landslide.LOC.1835,"['19.4562', '44.0165']",western Serbia,LOC,FALSE
5000,LOC.1835/MED,LOC.1835.MED,#27cf7e,landslide.LOC.1835.MED,"['19.4562', '44.0165']",,MED,FALSE
5000,LOC.1835/FAC,LOC.1835.FAC,#f0a73a,landslide.LOC.1835.FAC,"['19.4562', '44.0165']",,FAC,FALSE
5000,LOC.1835/DATA,LOC.1835.DATA,#8579ec,landslide.LOC.1835.DATA,"['19.4562', '44.0165']",,DATA,FALSE
10000,LOC.1836,LOC.1836,#2579e8,landslide.LOC.1836,"['82.9485', '54.9391']",western STEC,LOC,FALSE
5000,LOC.1836/MED,LOC.1836.MED,#27cf7e,landslide.LOC.1836.MED,"['82.9485', '54.9391']",,MED,FALSE
5000,LOC.1836/FAC,LOC.1836.FAC,#f0a73a,landslide.LOC.1836.FAC,"['82.9485', '54.9391']",,FAC,FALSE
5000,LOC.1836/DATA,LOC.1836.DATA,#8579ec,landslide.LOC.1836.DATA,"['82.9485', '54.9391']",,DATA,FALSE
10000,LOC.1837,LOC.1837,#2579e8,landslide.LOC.1837,"['122.4058', '37.7749']",WG,LOC,FALSE
5000,LOC.1837/MED,LOC.1837.MED,#27cf7e,landslide.LOC.1837.MED,"['122.4058', '37.7749']",,MED,FALSE
5000,LOC.1837/FAC,LOC.1837.FAC,#f0a73a,landslide.LOC.1837.FAC,"['122.4058', '37.7749']",,FAC,FALSE
5000,LOC.1837/DATA,LOC.1837.DATA,#8579ec,landslide.LOC.1837.DATA,"['122.4058', '37.7749']",,DATA,FALSE
10000,LOC.1838,LOC.1838,#2579e8,landslide.LOC.1838,"['-4.0364', '35.1615']",whole Rif mountains in Morocco,LOC,FALSE
5000,LOC.1838/MED,LOC.1838.MED,#27cf7e,landslide.LOC.1838.MED,"['-4.0364', '35.1615']",,MED,FALSE
5000,LOC.1838/FAC,LOC.1838.FAC,#f0a73a,landslide.LOC.1838.FAC,"['-4.0364', '35.1615']",,FAC,FALSE
5000,LOC.1838/DATA,LOC.1838.DATA,#8579ec,landslide.LOC.1838.DATA,"['-4.0364', '35.1615']",,DATA,FALSE
10000,LOC.1839,LOC.1839,#2579e8,landslide.LOC.1839,"['76.8943', '10.8505']",windward slopes of the southern Western Ghats,LOC,FALSE
5000,LOC.1839/MED,LOC.1839.MED,#27cf7e,landslide.LOC.1839.MED,"['76.8943', '10.8505']",,MED,FALSE
5000,LOC.1839/FAC,LOC.1839.FAC,#f0a73a,landslide.LOC.1839.FAC,"['76.8943', '10.8505']",,FAC,FALSE
5000,LOC.1839/DATA,LOC.1839.DATA,#8579ec,landslide.LOC.1839.DATA,"['76.8943', '10.8505']",,DATA,FALSE
10000,LOC.1840,LOC.1840,#2579e8,landslide.LOC.1840,"['110.7588', '-7.3602']",Wonosobo,LOC,FALSE
5000,LOC.1840/MED,LOC.1840.MED,#27cf7e,landslide.LOC.1840.MED,"['110.7588', '-7.3602']",,MED,FALSE
5000,LOC.1840/FAC,LOC.1840.FAC,#f0a73a,landslide.LOC.1840.FAC,"['110.7588', '-7.3602']",,FAC,FALSE
5000,LOC.1840/DATA,LOC.1840.DATA,#8579ec,landslide.LOC.1840.DATA,"['110.7588', '-7.3602']",,DATA,FALSE
10000,LOC.1841,LOC.1841,#2579e8,landslide.LOC.1841,"['126.7582', '37.6920']",Woomyeon Mountain,LOC,FALSE
5000,LOC.1841/MED,LOC.1841.MED,#27cf7e,landslide.LOC.1841.MED,"['126.7582', '37.6920']",,MED,FALSE
5000,LOC.1841/FAC,LOC.1841.FAC,#f0a73a,landslide.LOC.1841.FAC,"['126.7582', '37.6920']",,FAC,FALSE
5000,LOC.1841/DATA,LOC.1841.DATA,#8579ec,landslide.LOC.1841.DATA,"['126.7582', '37.6920']",,DATA,FALSE
10000,LOC.1842,LOC.1842,#2579e8,landslide.LOC.1842,"['114.7375', '23.9628']",Wu River,LOC,FALSE
5000,LOC.1842/MED,LOC.1842.MED,#27cf7e,landslide.LOC.1842.MED,"['114.7375', '23.9628']",,MED,FALSE
5000,LOC.1842/FAC,LOC.1842.FAC,#f0a73a,landslide.LOC.1842.FAC,"['114.7375', '23.9628']",,FAC,FALSE
5000,LOC.1842/DATA,LOC.1842.DATA,#8579ec,landslide.LOC.1842.DATA,"['114.7375', '23.9628']",,DATA,FALSE
10000,LOC.1843,LOC.1843,#2579e8,landslide.LOC.1843,"['102.7762', '31.9196']",Wudu County in northwestern China,LOC,FALSE
5000,LOC.1843/MED,LOC.1843.MED,#27cf7e,landslide.LOC.1843.MED,"['102.7762', '31.9196']",,MED,FALSE
5000,LOC.1843/FAC,LOC.1843.FAC,#f0a73a,landslide.LOC.1843.FAC,"['102.7762', '31.9196']",,FAC,FALSE
5000,LOC.1843/DATA,LOC.1843.DATA,#8579ec,landslide.LOC.1843.DATA,"['102.7762', '31.9196']",,DATA,FALSE
10000,LOC.1844,LOC.1844,#2579e8,landslide.LOC.1844,"['128.0352', '38.2675']",Wulipo,LOC,FALSE
5000,LOC.1844/MED,LOC.1844.MED,#27cf7e,landslide.LOC.1844.MED,"['128.0352', '38.2675']",,MED,FALSE
5000,LOC.1844/FAC,LOC.1844.FAC,#f0a73a,landslide.LOC.1844.FAC,"['128.0352', '38.2675']",,FAC,FALSE
5000,LOC.1844/DATA,LOC.1844.DATA,#8579ec,landslide.LOC.1844.DATA,"['128.0352', '38.2675']",,DATA,FALSE
10000,LOC.1845,LOC.1845,#2579e8,landslide.LOC.1845,"['107.4087', '29.3237']",Wulong,LOC,FALSE
5000,LOC.1845/MED,LOC.1845.MED,#27cf7e,landslide.LOC.1845.MED,"['107.4087', '29.3237']",,MED,FALSE
5000,LOC.1845/FAC,LOC.1845.FAC,#f0a73a,landslide.LOC.1845.FAC,"['107.4087', '29.3237']",,FAC,FALSE
5000,LOC.1845/DATA,LOC.1845.DATA,#8579ec,landslide.LOC.1845.DATA,"['107.4087', '29.3237']",,DATA,FALSE
10000,LOC.1846,LOC.1846,#2579e8,landslide.LOC.1846,"['109.9393', '34.1677']",Wuqi County,LOC,FALSE
5000,LOC.1846/MED,LOC.1846.MED,#27cf7e,landslide.LOC.1846.MED,"['109.9393', '34.1677']",,MED,FALSE
5000,LOC.1846/FAC,LOC.1846.FAC,#f0a73a,landslide.LOC.1846.FAC,"['109.9393', '34.1677']",,FAC,FALSE
5000,LOC.1846/DATA,LOC.1846.DATA,#8579ec,landslide.LOC.1846.DATA,"['109.9393', '34.1677']",,DATA,FALSE
10000,LOC.1847,LOC.1847,#2579e8,landslide.LOC.1847,"['108.6', '31.5']",Wushan,LOC,FALSE
5000,LOC.1847/MED,LOC.1847.MED,#27cf7e,landslide.LOC.1847.MED,"['108.6', '31.5']",,MED,FALSE
5000,LOC.1847/FAC,LOC.1847.FAC,#f0a73a,landslide.LOC.1847.FAC,"['108.6', '31.5']",,FAC,FALSE
5000,LOC.1847/DATA,LOC.1847.DATA,#8579ec,landslide.LOC.1847.DATA,"['108.6', '31.5']",,DATA,FALSE
10000,LOC.1848,LOC.1848,#2579e8,landslide.LOC.1848,"['109.5736', '31.0917']",Wushan - Badong area in the Three Gorges,LOC,FALSE
5000,LOC.1848/MED,LOC.1848.MED,#27cf7e,landslide.LOC.1848.MED,"['109.5736', '31.0917']",,MED,FALSE
5000,LOC.1848/FAC,LOC.1848.FAC,#f0a73a,landslide.LOC.1848.FAC,"['109.5736', '31.0917']",,FAC,FALSE
5000,LOC.1848/DATA,LOC.1848.DATA,#8579ec,landslide.LOC.1848.DATA,"['109.5736', '31.0917']",,DATA,FALSE
10000,LOC.1849,LOC.1849,#2579e8,landslide.LOC.1849,"['110.8038', '31.0658']",Wushan and Badong Towns,LOC,FALSE
5000,LOC.1849/MED,LOC.1849.MED,#27cf7e,landslide.LOC.1849.MED,"['110.8038', '31.0658']",,MED,FALSE
5000,LOC.1849/FAC,LOC.1849.FAC,#f0a73a,landslide.LOC.1849.FAC,"['110.8038', '31.0658']",,FAC,FALSE
5000,LOC.1849/DATA,LOC.1849.DATA,#8579ec,landslide.LOC.1849.DATA,"['110.8038', '31.0658']",,DATA,FALSE
10000,LOC.1850,LOC.1850,#2579e8,landslide.LOC.1850,"['109.6941', '31.1597']",Wushan County,LOC,FALSE
5000,LOC.1850/MED,LOC.1850.MED,#27cf7e,landslide.LOC.1850.MED,"['109.6941', '31.1597']",,MED,FALSE
5000,LOC.1850/FAC,LOC.1850.FAC,#f0a73a,landslide.LOC.1850.FAC,"['109.6941', '31.1597']",,FAC,FALSE
5000,LOC.1850/DATA,LOC.1850.DATA,#8579ec,landslide.LOC.1850.DATA,"['109.6941', '31.1597']",,DATA,FALSE
10000,LOC.1851,LOC.1851,#2579e8,landslide.LOC.1851,"['109.5761', '32.1253']",Wushan segment of TGRA,LOC,FALSE
5000,LOC.1851/MED,LOC.1851.MED,#27cf7e,landslide.LOC.1851.MED,"['109.5761', '32.1253']",,MED,FALSE
5000,LOC.1851/FAC,LOC.1851.FAC,#f0a73a,landslide.LOC.1851.FAC,"['109.5761', '32.1253']",,FAC,FALSE
5000,LOC.1851/DATA,LOC.1851.DATA,#8579ec,landslide.LOC.1851.DATA,"['109.5761', '32.1253']",,DATA,FALSE
10000,LOC.1852,LOC.1852,#2579e8,landslide.LOC.1852,"['120.2934', '31.4912']",Wuxi,LOC,FALSE
5000,LOC.1852/MED,LOC.1852.MED,#27cf7e,landslide.LOC.1852.MED,"['120.2934', '31.4912']",,MED,FALSE
5000,LOC.1852/FAC,LOC.1852.FAC,#f0a73a,landslide.LOC.1852.FAC,"['120.2934', '31.4912']",,FAC,FALSE
5000,LOC.1852/DATA,LOC.1852.DATA,#8579ec,landslide.LOC.1852.DATA,"['120.2934', '31.4912']",,DATA,FALSE
10000,LOC.1853,LOC.1853,#2579e8,landslide.LOC.1853,"['117.8223', '29.3122']",Wuyuan,LOC,FALSE
5000,LOC.1853/MED,LOC.1853.MED,#27cf7e,landslide.LOC.1853.MED,"['117.8223', '29.3122']",,MED,FALSE
5000,LOC.1853/FAC,LOC.1853.FAC,#f0a73a,landslide.LOC.1853.FAC,"['117.8223', '29.3122']",,FAC,FALSE
5000,LOC.1853/DATA,LOC.1853.DATA,#8579ec,landslide.LOC.1853.DATA,"['117.8223', '29.3122']",,DATA,FALSE
10000,LOC.1854,LOC.1854,#2579e8,landslide.LOC.1854,"['108.9402', '34.3416']",Xi an,LOC,FALSE
5000,LOC.1854/MED,LOC.1854.MED,#27cf7e,landslide.LOC.1854.MED,"['108.9402', '34.3416']",,MED,FALSE
5000,LOC.1854/FAC,LOC.1854.FAC,#f0a73a,landslide.LOC.1854.FAC,"['108.9402', '34.3416']",,FAC,FALSE
5000,LOC.1854/DATA,LOC.1854.DATA,#8579ec,landslide.LOC.1854.DATA,"['108.9402', '34.3416']",,DATA,FALSE
10000,LOC.1855,LOC.1855,#2579e8,landslide.LOC.1855,"['109.0292', '31.6368']",Xiangjiaba Reservoir,LOC,FALSE
5000,LOC.1855/MED,LOC.1855.MED,#27cf7e,landslide.LOC.1855.MED,"['109.0292', '31.6368']",,MED,FALSE
5000,LOC.1855/FAC,LOC.1855.FAC,#f0a73a,landslide.LOC.1855.FAC,"['109.0292', '31.6368']",,FAC,FALSE
5000,LOC.1855/DATA,LOC.1855.DATA,#8579ec,landslide.LOC.1855.DATA,"['109.0292', '31.6368']",,DATA,FALSE
10000,LOC.1856,LOC.1856,#2579e8,landslide.LOC.1856,"['102.8257', '30.9966']",Xianshuihe fault,LOC,FALSE
5000,LOC.1856/MED,LOC.1856.MED,#27cf7e,landslide.LOC.1856.MED,"['102.8257', '30.9966']",,MED,FALSE
5000,LOC.1856/FAC,LOC.1856.FAC,#f0a73a,landslide.LOC.1856.FAC,"['102.8257', '30.9966']",,FAC,FALSE
5000,LOC.1856/DATA,LOC.1856.DATA,#8579ec,landslide.LOC.1856.DATA,"['102.8257', '30.9966']",,DATA,FALSE
10000,LOC.1857,LOC.1857,#2579e8,landslide.LOC.1857,"['108.7004', '34.3363']",Xianyang City,LOC,FALSE
5000,LOC.1857/MED,LOC.1857.MED,#27cf7e,landslide.LOC.1857.MED,"['108.7004', '34.3363']",,MED,FALSE
5000,LOC.1857/FAC,LOC.1857.FAC,#f0a73a,landslide.LOC.1857.FAC,"['108.7004', '34.3363']",,FAC,FALSE
5000,LOC.1857/DATA,LOC.1857.DATA,#8579ec,landslide.LOC.1857.DATA,"['108.7004', '34.3363']",,DATA,FALSE
10000,LOC.1858,LOC.1858,#2579e8,landslide.LOC.1858,"['108.6347', '28.0688']",Xiaojiang watershed,LOC,FALSE
5000,LOC.1858/MED,LOC.1858.MED,#27cf7e,landslide.LOC.1858.MED,"['108.6347', '28.0688']",,MED,FALSE
5000,LOC.1858/FAC,LOC.1858.FAC,#f0a73a,landslide.LOC.1858.FAC,"['108.6347', '28.0688']",,FAC,FALSE
5000,LOC.1858/DATA,LOC.1858.DATA,#8579ec,landslide.LOC.1858.DATA,"['108.6347', '28.0688']",,DATA,FALSE
10000,LOC.1859,LOC.1859,#2579e8,landslide.LOC.1859,"['102.3651', '29.0059']",Xiaojin County,LOC,FALSE
5000,LOC.1859/MED,LOC.1859.MED,#27cf7e,landslide.LOC.1859.MED,"['102.3651', '29.0059']",,MED,FALSE
5000,LOC.1859/FAC,LOC.1859.FAC,#f0a73a,landslide.LOC.1859.FAC,"['102.3651', '29.0059']",,FAC,FALSE
5000,LOC.1859/DATA,LOC.1859.DATA,#8579ec,landslide.LOC.1859.DATA,"['102.3651', '29.0059']",,DATA,FALSE
10000,LOC.1860,LOC.1860,#2579e8,landslide.LOC.1860,"['100.8959', '25.6196']",Xiaowan project,LOC,FALSE
5000,LOC.1860/MED,LOC.1860.MED,#27cf7e,landslide.LOC.1860.MED,"['100.8959', '25.6196']",,MED,FALSE
5000,LOC.1860/FAC,LOC.1860.FAC,#f0a73a,landslide.LOC.1860.FAC,"['100.8959', '25.6196']",,FAC,FALSE
5000,LOC.1860/DATA,LOC.1860.DATA,#8579ec,landslide.LOC.1860.DATA,"['100.8959', '25.6196']",,DATA,FALSE
10000,LOC.1861,LOC.1861,#2579e8,landslide.LOC.1861,"['114.5094', '25.4416']",Xing Guo County,LOC,FALSE
5000,LOC.1861/MED,LOC.1861.MED,#27cf7e,landslide.LOC.1861.MED,"['114.5094', '25.4416']",,MED,FALSE
5000,LOC.1861/FAC,LOC.1861.FAC,#f0a73a,landslide.LOC.1861.FAC,"['114.5094', '25.4416']",,FAC,FALSE
5000,LOC.1861/DATA,LOC.1861.DATA,#8579ec,landslide.LOC.1861.DATA,"['114.5094', '25.4416']",,DATA,FALSE
10000,LOC.1862,LOC.1862,#2579e8,landslide.LOC.1862,"['110.7781', '31.1969']",Xingshan County,LOC,FALSE
5000,LOC.1862/MED,LOC.1862.MED,#27cf7e,landslide.LOC.1862.MED,"['110.7781', '31.1969']",,MED,FALSE
5000,LOC.1862/FAC,LOC.1862.FAC,#f0a73a,landslide.LOC.1862.FAC,"['110.7781', '31.1969']",,FAC,FALSE
5000,LOC.1862/DATA,LOC.1862.DATA,#8579ec,landslide.LOC.1862.DATA,"['110.7781', '31.1969']",,DATA,FALSE
10000,LOC.1863,LOC.1863,#2579e8,landslide.LOC.1863,"['103.0665', '31.9769']",Xinmo village of Maoxian County,LOC,FALSE
5000,LOC.1863/MED,LOC.1863.MED,#27cf7e,landslide.LOC.1863.MED,"['103.0665', '31.9769']",,MED,FALSE
5000,LOC.1863/FAC,LOC.1863.FAC,#f0a73a,landslide.LOC.1863.FAC,"['103.0665', '31.9769']",,FAC,FALSE
5000,LOC.1863/DATA,LOC.1863.DATA,#8579ec,landslide.LOC.1863.DATA,"['103.0665', '31.9769']",,DATA,FALSE
10000,LOC.1864,LOC.1864,#2579e8,landslide.LOC.1864,"['109.2461', '31.7576']",Xintan,LOC,FALSE
5000,LOC.1864/MED,LOC.1864.MED,#27cf7e,landslide.LOC.1864.MED,"['109.2461', '31.7576']",,MED,FALSE
5000,LOC.1864/FAC,LOC.1864.FAC,#f0a73a,landslide.LOC.1864.FAC,"['109.2461', '31.7576']",,FAC,FALSE
5000,LOC.1864/DATA,LOC.1864.DATA,#8579ec,landslide.LOC.1864.DATA,"['109.2461', '31.7576']",,DATA,FALSE
10000,LOC.1865,LOC.1865,#2579e8,landslide.LOC.1865,"['114.5386', '29.6132']",Xiushui,LOC,FALSE
5000,LOC.1865/MED,LOC.1865.MED,#27cf7e,landslide.LOC.1865.MED,"['114.5386', '29.6132']",,MED,FALSE
5000,LOC.1865/FAC,LOC.1865.FAC,#f0a73a,landslide.LOC.1865.FAC,"['114.5386', '29.6132']",,FAC,FALSE
5000,LOC.1865/DATA,LOC.1865.DATA,#8579ec,landslide.LOC.1865.DATA,"['114.5386', '29.6132']",,DATA,FALSE
10000,LOC.1866,LOC.1866,#2579e8,landslide.LOC.1866,"['0.0', '0.0']",XLG,LOC,FALSE
5000,LOC.1866/MED,LOC.1866.MED,#27cf7e,landslide.LOC.1866.MED,"['0.0', '0.0']",,MED,FALSE
5000,LOC.1866/FAC,LOC.1866.FAC,#f0a73a,landslide.LOC.1866.FAC,"['0.0', '0.0']",,FAC,FALSE
5000,LOC.1866/DATA,LOC.1866.DATA,#8579ec,landslide.LOC.1866.DATA,"['0.0', '0.0']",,DATA,FALSE
10000,LOC.1867,LOC.1867,#2579e8,landslide.LOC.1867,"['113.7771', '34.7466']",XSF zone,LOC,FALSE
5000,LOC.1867/MED,LOC.1867.MED,#27cf7e,landslide.LOC.1867.MED,"['113.7771', '34.7466']",,MED,FALSE
5000,LOC.1867/FAC,LOC.1867.FAC,#f0a73a,landslide.LOC.1867.FAC,"['113.7771', '34.7466']",,FAC,FALSE
5000,LOC.1867/DATA,LOC.1867.DATA,#8579ec,landslide.LOC.1867.DATA,"['113.7771', '34.7466']",,DATA,FALSE
10000,LOC.1868,LOC.1868,#2579e8,landslide.LOC.1868,"['100.5751', '29.3629']",Xulong Gully,LOC,FALSE
5000,LOC.1868/MED,LOC.1868.MED,#27cf7e,landslide.LOC.1868.MED,"['100.5751', '29.3629']",,MED,FALSE
5000,LOC.1868/FAC,LOC.1868.FAC,#f0a73a,landslide.LOC.1868.FAC,"['100.5751', '29.3629']",,FAC,FALSE
5000,LOC.1868/DATA,LOC.1868.DATA,#8579ec,landslide.LOC.1868.DATA,"['100.5751', '29.3629']",,DATA,FALSE
10000,LOC.1869,LOC.1869,#2579e8,landslide.LOC.1869,"['115.6503', '24.9509']",Xunwu,LOC,FALSE
5000,LOC.1869/MED,LOC.1869.MED,#27cf7e,landslide.LOC.1869.MED,"['115.6503', '24.9509']",,MED,FALSE
5000,LOC.1869/FAC,LOC.1869.FAC,#f0a73a,landslide.LOC.1869.FAC,"['115.6503', '24.9509']",,FAC,FALSE
5000,LOC.1869/DATA,LOC.1869.DATA,#8579ec,landslide.LOC.1869.DATA,"['115.6503', '24.9509']",,DATA,FALSE
10000,LOC.1870,LOC.1870,#2579e8,landslide.LOC.1870,"['115.6503', '24.9509']",Xunwu County,LOC,FALSE
5000,LOC.1870/MED,LOC.1870.MED,#27cf7e,landslide.LOC.1870.MED,"['115.6503', '24.9509']",,MED,FALSE
5000,LOC.1870/FAC,LOC.1870.FAC,#f0a73a,landslide.LOC.1870.FAC,"['115.6503', '24.9509']",,FAC,FALSE
5000,LOC.1870/DATA,LOC.1870.DATA,#8579ec,landslide.LOC.1870.DATA,"['115.6503', '24.9509']",,DATA,FALSE
10000,LOC.1871,LOC.1871,#2579e8,landslide.LOC.1871,"['115.6503', '24.9509']",Xunwu County of Jiangxi Province in China,LOC,FALSE
5000,LOC.1871/MED,LOC.1871.MED,#27cf7e,landslide.LOC.1871.MED,"['115.6503', '24.9509']",,MED,FALSE
5000,LOC.1871/FAC,LOC.1871.FAC,#f0a73a,landslide.LOC.1871.FAC,"['115.6503', '24.9509']",,FAC,FALSE
5000,LOC.1871/DATA,LOC.1871.DATA,#8579ec,landslide.LOC.1871.DATA,"['115.6503', '24.9509']",,DATA,FALSE
10000,LOC.1872,LOC.1872,#2579e8,landslide.LOC.1872,"['80.1033', '27.4829']",Yadong County,LOC,FALSE
5000,LOC.1872/MED,LOC.1872.MED,#27cf7e,landslide.LOC.1872.MED,"['80.1033', '27.4829']",,MED,FALSE
5000,LOC.1872/FAC,LOC.1872.FAC,#f0a73a,landslide.LOC.1872.FAC,"['80.1033', '27.4829']",,FAC,FALSE
5000,LOC.1872/DATA,LOC.1872.DATA,#8579ec,landslide.LOC.1872.DATA,"['80.1033', '27.4829']",,DATA,FALSE
10000,LOC.1873,LOC.1873,#2579e8,landslide.LOC.1873,"['139.0984', '37.6862']",Yahiko Mountain,LOC,FALSE
5000,LOC.1873/MED,LOC.1873.MED,#27cf7e,landslide.LOC.1873.MED,"['139.0984', '37.6862']",,MED,FALSE
5000,LOC.1873/FAC,LOC.1873.FAC,#f0a73a,landslide.LOC.1873.FAC,"['139.0984', '37.6862']",,FAC,FALSE
5000,LOC.1873/DATA,LOC.1873.DATA,#8579ec,landslide.LOC.1873.DATA,"['139.0984', '37.6862']",,DATA,FALSE
10000,LOC.1874,LOC.1874,#2579e8,landslide.LOC.1874,"['110.4272', '36.6113']",Yan an City,LOC,FALSE
5000,LOC.1874/MED,LOC.1874.MED,#27cf7e,landslide.LOC.1874.MED,"['110.4272', '36.6113']",,MED,FALSE
5000,LOC.1874/FAC,LOC.1874.FAC,#f0a73a,landslide.LOC.1874.FAC,"['110.4272', '36.6113']",,FAC,FALSE
5000,LOC.1874/DATA,LOC.1874.DATA,#8579ec,landslide.LOC.1874.DATA,"['110.4272', '36.6113']",,DATA,FALSE
10000,LOC.1875,LOC.1875,#2579e8,landslide.LOC.1875,"['110.4589', '37.7693']",Yan- n City,LOC,FALSE
5000,LOC.1875/MED,LOC.1875.MED,#27cf7e,landslide.LOC.1875.MED,"['110.4589', '37.7693']",,MED,FALSE
5000,LOC.1875/FAC,LOC.1875.FAC,#f0a73a,landslide.LOC.1875.FAC,"['110.4589', '37.7693']",,FAC,FALSE
5000,LOC.1875/DATA,LOC.1875.DATA,#8579ec,landslide.LOC.1875.DATA,"['110.4589', '37.7693']",,DATA,FALSE
10000,LOC.1876,LOC.1876,#2579e8,landslide.LOC.1876,"['129.3880', '42.8964']",Yanbian Prefecture,LOC,FALSE
5000,LOC.1876/MED,LOC.1876.MED,#27cf7e,landslide.LOC.1876.MED,"['129.3880', '42.8964']",,MED,FALSE
5000,LOC.1876/FAC,LOC.1876.FAC,#f0a73a,landslide.LOC.1876.FAC,"['129.3880', '42.8964']",,FAC,FALSE
5000,LOC.1876/DATA,LOC.1876.DATA,#8579ec,landslide.LOC.1876.DATA,"['129.3880', '42.8964']",,DATA,FALSE
10000,LOC.1877,LOC.1877,#2579e8,landslide.LOC.1877,"['102.1630', '29.1064']",Yangfanggou hydropower station on the Yalong River,LOC,FALSE
5000,LOC.1877/MED,LOC.1877.MED,#27cf7e,landslide.LOC.1877.MED,"['102.1630', '29.1064']",,MED,FALSE
5000,LOC.1877/FAC,LOC.1877.FAC,#f0a73a,landslide.LOC.1877.FAC,"['102.1630', '29.1064']",,FAC,FALSE
5000,LOC.1877/DATA,LOC.1877.DATA,#8579ec,landslide.LOC.1877.DATA,"['102.1630', '29.1064']",,DATA,FALSE
10000,LOC.1878,LOC.1878,#2579e8,landslide.LOC.1878,"['117.0446', '23.9345']",Yangjiashan,LOC,FALSE
5000,LOC.1878/MED,LOC.1878.MED,#27cf7e,landslide.LOC.1878.MED,"['117.0446', '23.9345']",,MED,FALSE
5000,LOC.1878/FAC,LOC.1878.FAC,#f0a73a,landslide.LOC.1878.FAC,"['117.0446', '23.9345']",,FAC,FALSE
5000,LOC.1878/DATA,LOC.1878.DATA,#8579ec,landslide.LOC.1878.DATA,"['117.0446', '23.9345']",,DATA,FALSE
10000,LOC.1879,LOC.1879,#2579e8,landslide.LOC.1879,"['116.2112', '27.9921']",Yangou small watershed,LOC,FALSE
5000,LOC.1879/MED,LOC.1879.MED,#27cf7e,landslide.LOC.1879.MED,"['116.2112', '27.9921']",,MED,FALSE
5000,LOC.1879/FAC,LOC.1879.FAC,#f0a73a,landslide.LOC.1879.FAC,"['116.2112', '27.9921']",,FAC,FALSE
5000,LOC.1879/DATA,LOC.1879.DATA,#8579ec,landslide.LOC.1879.DATA,"['116.2112', '27.9921']",,DATA,FALSE
10000,LOC.1880,LOC.1880,#2579e8,landslide.LOC.1880,"['105.9246', '29.0244']",Yangtze and its tributaries,LOC,FALSE
5000,LOC.1880/MED,LOC.1880.MED,#27cf7e,landslide.LOC.1880.MED,"['105.9246', '29.0244']",,MED,FALSE
5000,LOC.1880/FAC,LOC.1880.FAC,#f0a73a,landslide.LOC.1880.FAC,"['105.9246', '29.0244']",,FAC,FALSE
5000,LOC.1880/DATA,LOC.1880.DATA,#8579ec,landslide.LOC.1880.DATA,"['105.9246', '29.0244']",,DATA,FALSE
10000,LOC.1881,LOC.1881,#2579e8,landslide.LOC.1881,"['112.4594', '31.0856']",Yangtze River,LOC,FALSE
5000,LOC.1881/MED,LOC.1881.MED,#27cf7e,landslide.LOC.1881.MED,"['112.4594', '31.0856']",,MED,FALSE
5000,LOC.1881/FAC,LOC.1881.FAC,#f0a73a,landslide.LOC.1881.FAC,"['112.4594', '31.0856']",,FAC,FALSE
5000,LOC.1881/DATA,LOC.1881.DATA,#8579ec,landslide.LOC.1881.DATA,"['112.4594', '31.0856']",,DATA,FALSE
10000,LOC.1882,LOC.1882,#2579e8,landslide.LOC.1882,"['121.7986', '29.4082']",Yangtze River Economic Zone,LOC,FALSE
5000,LOC.1882/MED,LOC.1882.MED,#27cf7e,landslide.LOC.1882.MED,"['121.7986', '29.4082']",,MED,FALSE
5000,LOC.1882/FAC,LOC.1882.FAC,#f0a73a,landslide.LOC.1882.FAC,"['121.7986', '29.4082']",,FAC,FALSE
5000,LOC.1882/DATA,LOC.1882.DATA,#8579ec,landslide.LOC.1882.DATA,"['121.7986', '29.4082']",,DATA,FALSE
10000,LOC.1883,LOC.1883,#2579e8,landslide.LOC.1883,"['112.4594', '31.0856']",Yangtze River in China,LOC,FALSE
5000,LOC.1883/MED,LOC.1883.MED,#27cf7e,landslide.LOC.1883.MED,"['112.4594', '31.0856']",,MED,FALSE
5000,LOC.1883/FAC,LOC.1883.FAC,#f0a73a,landslide.LOC.1883.FAC,"['112.4594', '31.0856']",,FAC,FALSE
5000,LOC.1883/DATA,LOC.1883.DATA,#8579ec,landslide.LOC.1883.DATA,"['112.4594', '31.0856']",,DATA,FALSE
10000,LOC.1884,LOC.1884,#2579e8,landslide.LOC.1884,"['116.5625', '37.2176']",Yangu,LOC,FALSE
5000,LOC.1884/MED,LOC.1884.MED,#27cf7e,landslide.LOC.1884.MED,"['116.5625', '37.2176']",,MED,FALSE
5000,LOC.1884/FAC,LOC.1884.FAC,#f0a73a,landslide.LOC.1884.FAC,"['116.5625', '37.2176']",,FAC,FALSE
5000,LOC.1884/DATA,LOC.1884.DATA,#8579ec,landslide.LOC.1884.DATA,"['116.5625', '37.2176']",,DATA,FALSE
10000,LOC.1885,LOC.1885,#2579e8,landslide.LOC.1885,"['115.9517', '24.8796']",Yanshan country and Yongxin country in China,LOC,FALSE
5000,LOC.1885/MED,LOC.1885.MED,#27cf7e,landslide.LOC.1885.MED,"['115.9517', '24.8796']",,MED,FALSE
5000,LOC.1885/FAC,LOC.1885.FAC,#f0a73a,landslide.LOC.1885.FAC,"['115.9517', '24.8796']",,FAC,FALSE
5000,LOC.1885/DATA,LOC.1885.DATA,#8579ec,landslide.LOC.1885.DATA,"['115.9517', '24.8796']",,DATA,FALSE
10000,LOC.1886,LOC.1886,#2579e8,landslide.LOC.1886,"['116.0', '39.8']",Yanshan County,LOC,FALSE
5000,LOC.1886/MED,LOC.1886.MED,#27cf7e,landslide.LOC.1886.MED,"['116.0', '39.8']",,MED,FALSE
5000,LOC.1886/FAC,LOC.1886.FAC,#f0a73a,landslide.LOC.1886.FAC,"['116.0', '39.8']",,FAC,FALSE
5000,LOC.1886/DATA,LOC.1886.DATA,#8579ec,landslide.LOC.1886.DATA,"['116.0', '39.8']",,DATA,FALSE
10000,LOC.1887,LOC.1887,#2579e8,landslide.LOC.1887,"['117.4634', '28.6688']",Yanshan County located in Shangrao Municipality,LOC,FALSE
5000,LOC.1887/MED,LOC.1887.MED,#27cf7e,landslide.LOC.1887.MED,"['117.4634', '28.6688']",,MED,FALSE
5000,LOC.1887/FAC,LOC.1887.FAC,#f0a73a,landslide.LOC.1887.FAC,"['117.4634', '28.6688']",,FAC,FALSE
5000,LOC.1887/DATA,LOC.1887.DATA,#8579ec,landslide.LOC.1887.DATA,"['117.4634', '28.6688']",,DATA,FALSE
10000,LOC.1888,LOC.1888,#2579e8,landslide.LOC.1888,"['94.6014', '29.4188']",Yarlung Zangbo Grand Canyon,LOC,FALSE
5000,LOC.1888/MED,LOC.1888.MED,#27cf7e,landslide.LOC.1888.MED,"['94.6014', '29.4188']",,MED,FALSE
5000,LOC.1888/FAC,LOC.1888.FAC,#f0a73a,landslide.LOC.1888.FAC,"['94.6014', '29.4188']",,FAC,FALSE
5000,LOC.1888/DATA,LOC.1888.DATA,#8579ec,landslide.LOC.1888.DATA,"['94.6014', '29.4188']",,DATA,FALSE
10000,LOC.1889,LOC.1889,#2579e8,landslide.LOC.1889,"['75.7738', '18.0786']",Yelwandi river basin,LOC,FALSE
5000,LOC.1889/MED,LOC.1889.MED,#27cf7e,landslide.LOC.1889.MED,"['75.7738', '18.0786']",,MED,FALSE
5000,LOC.1889/FAC,LOC.1889.FAC,#f0a73a,landslide.LOC.1889.FAC,"['75.7738', '18.0786']",,FAC,FALSE
5000,LOC.1889/DATA,LOC.1889.DATA,#8579ec,landslide.LOC.1889.DATA,"['75.7738', '18.0786']",,DATA,FALSE
10000,LOC.1890,LOC.1890,#2579e8,landslide.LOC.1890,"['75.7738', '18.0786']",Yelwandi river basin in Maharashtra,LOC,FALSE
5000,LOC.1890/MED,LOC.1890.MED,#27cf7e,landslide.LOC.1890.MED,"['75.7738', '18.0786']",,MED,FALSE
5000,LOC.1890/FAC,LOC.1890.FAC,#f0a73a,landslide.LOC.1890.FAC,"['75.7738', '18.0786']",,FAC,FALSE
5000,LOC.1890/DATA,LOC.1890.DATA,#8579ec,landslide.LOC.1890.DATA,"['75.7738', '18.0786']",,DATA,FALSE
10000,LOC.1891,LOC.1891,#2579e8,landslide.LOC.1891,"['104.8986', '21.7050']",Yen Bai province,LOC,FALSE
5000,LOC.1891/MED,LOC.1891.MED,#27cf7e,landslide.LOC.1891.MED,"['104.8986', '21.7050']",,MED,FALSE
5000,LOC.1891/FAC,LOC.1891.FAC,#f0a73a,landslide.LOC.1891.FAC,"['104.8986', '21.7050']",,FAC,FALSE
5000,LOC.1891/DATA,LOC.1891.DATA,#8579ec,landslide.LOC.1891.DATA,"['104.8986', '21.7050']",,DATA,FALSE
10000,LOC.1892,LOC.1892,#2579e8,landslide.LOC.1892,"['32.0', '41.5']",Yenice,LOC,FALSE
5000,LOC.1892/MED,LOC.1892.MED,#27cf7e,landslide.LOC.1892.MED,"['32.0', '41.5']",,MED,FALSE
5000,LOC.1892/FAC,LOC.1892.FAC,#f0a73a,landslide.LOC.1892.FAC,"['32.0', '41.5']",,FAC,FALSE
5000,LOC.1892/DATA,LOC.1892.DATA,#8579ec,landslide.LOC.1892.DATA,"['32.0', '41.5']",,DATA,FALSE
10000,LOC.1893,LOC.1893,#2579e8,landslide.LOC.1893,"['32.4750', '41.4728']",Yenice district of Karabuk in Turkey,LOC,FALSE
5000,LOC.1893/MED,LOC.1893.MED,#27cf7e,landslide.LOC.1893.MED,"['32.4750', '41.4728']",,MED,FALSE
5000,LOC.1893/FAC,LOC.1893.FAC,#f0a73a,landslide.LOC.1893.FAC,"['32.4750', '41.4728']",,FAC,FALSE
5000,LOC.1893/DATA,LOC.1893.DATA,#8579ec,landslide.LOC.1893.DATA,"['32.4750', '41.4728']",,DATA,FALSE
10000,LOC.1894,LOC.1894,#2579e8,landslide.LOC.1894,"['88.9347', '29.8330']",Yigong,LOC,FALSE
5000,LOC.1894/MED,LOC.1894.MED,#27cf7e,landslide.LOC.1894.MED,"['88.9347', '29.8330']",,MED,FALSE
5000,LOC.1894/FAC,LOC.1894.FAC,#f0a73a,landslide.LOC.1894.FAC,"['88.9347', '29.8330']",,FAC,FALSE
5000,LOC.1894/DATA,LOC.1894.DATA,#8579ec,landslide.LOC.1894.DATA,"['88.9347', '29.8330']",,DATA,FALSE
10000,LOC.1895,LOC.1895,#2579e8,landslide.LOC.1895,"['117.3471', '27.5469']",Yihuang,LOC,FALSE
5000,LOC.1895/MED,LOC.1895.MED,#27cf7e,landslide.LOC.1895.MED,"['117.3471', '27.5469']",,MED,FALSE
5000,LOC.1895/FAC,LOC.1895.FAC,#f0a73a,landslide.LOC.1895.FAC,"['117.3471', '27.5469']",,FAC,FALSE
5000,LOC.1895/DATA,LOC.1895.DATA,#8579ec,landslide.LOC.1895.DATA,"['117.3471', '27.5469']",,DATA,FALSE
10000,LOC.1896,LOC.1896,#2579e8,landslide.LOC.1896,"['84.2546', '43.1894']",Yili,LOC,FALSE
5000,LOC.1896/MED,LOC.1896.MED,#27cf7e,landslide.LOC.1896.MED,"['84.2546', '43.1894']",,MED,FALSE
5000,LOC.1896/FAC,LOC.1896.FAC,#f0a73a,landslide.LOC.1896.FAC,"['84.2546', '43.1894']",,FAC,FALSE
5000,LOC.1896/DATA,LOC.1896.DATA,#8579ec,landslide.LOC.1896.DATA,"['84.2546', '43.1894']",,DATA,FALSE
10000,LOC.1897,LOC.1897,#2579e8,landslide.LOC.1897,"['109.1001', '32.6809']",Yinghu Lake Basin in Ankang City,LOC,FALSE
5000,LOC.1897/MED,LOC.1897.MED,#27cf7e,landslide.LOC.1897.MED,"['109.1001', '32.6809']",,MED,FALSE
5000,LOC.1897/FAC,LOC.1897.FAC,#f0a73a,landslide.LOC.1897.FAC,"['109.1001', '32.6809']",,FAC,FALSE
5000,LOC.1897/DATA,LOC.1897.DATA,#8579ec,landslide.LOC.1897.DATA,"['109.1001', '32.6809']",,DATA,FALSE
10000,LOC.1898,LOC.1898,#2579e8,landslide.LOC.1898,"['112.5031', '6.5244']",YLTP,LOC,FALSE
5000,LOC.1898/MED,LOC.1898.MED,#27cf7e,landslide.LOC.1898.MED,"['112.5031', '6.5244']",,MED,FALSE
5000,LOC.1898/FAC,LOC.1898.FAC,#f0a73a,landslide.LOC.1898.FAC,"['112.5031', '6.5244']",,FAC,FALSE
5000,LOC.1898/DATA,LOC.1898.DATA,#8579ec,landslide.LOC.1898.DATA,"['112.5031', '6.5244']",,DATA,FALSE
10000,LOC.1899,LOC.1899,#2579e8,landslide.LOC.1899,"['12.3149', '11.1858']",Yom River catchment,LOC,FALSE
5000,LOC.1899/MED,LOC.1899.MED,#27cf7e,landslide.LOC.1899.MED,"['12.3149', '11.1858']",,MED,FALSE
5000,LOC.1899/FAC,LOC.1899.FAC,#f0a73a,landslide.LOC.1899.FAC,"['12.3149', '11.1858']",,FAC,FALSE
5000,LOC.1899/DATA,LOC.1899.DATA,#8579ec,landslide.LOC.1899.DATA,"['12.3149', '11.1858']",,DATA,FALSE
10000,LOC.1900,LOC.1900,#2579e8,landslide.LOC.1900,"['127.2', '37.2']",Yongin,LOC,FALSE
5000,LOC.1900/MED,LOC.1900.MED,#27cf7e,landslide.LOC.1900.MED,"['127.2', '37.2']",,MED,FALSE
5000,LOC.1900/FAC,LOC.1900.FAC,#f0a73a,landslide.LOC.1900.FAC,"['127.2', '37.2']",,FAC,FALSE
5000,LOC.1900/DATA,LOC.1900.DATA,#8579ec,landslide.LOC.1900.DATA,"['127.2', '37.2']",,DATA,FALSE
10000,LOC.1901,LOC.1901,#2579e8,landslide.LOC.1901,"['127.1478', '37.2411']",Yongin area in Korea,LOC,FALSE
5000,LOC.1901/MED,LOC.1901.MED,#27cf7e,landslide.LOC.1901.MED,"['127.1478', '37.2411']",,MED,FALSE
5000,LOC.1901/FAC,LOC.1901.FAC,#f0a73a,landslide.LOC.1901.FAC,"['127.1478', '37.2411']",,FAC,FALSE
5000,LOC.1901/DATA,LOC.1901.DATA,#8579ec,landslide.LOC.1901.DATA,"['127.1478', '37.2411']",,DATA,FALSE
10000,LOC.1902,LOC.1902,#2579e8,landslide.LOC.1902,"['127.1478', '37.2411']",Yongin in Korea,LOC,FALSE
5000,LOC.1902/MED,LOC.1902.MED,#27cf7e,landslide.LOC.1902.MED,"['127.1478', '37.2411']",,MED,FALSE
5000,LOC.1902/FAC,LOC.1902.FAC,#f0a73a,landslide.LOC.1902.FAC,"['127.1478', '37.2411']",,FAC,FALSE
5000,LOC.1902/DATA,LOC.1902.DATA,#8579ec,landslide.LOC.1902.DATA,"['127.1478', '37.2411']",,DATA,FALSE
10000,LOC.1903,LOC.1903,#2579e8,landslide.LOC.1903,"['101.8683', '25.6880']",Yongping County,LOC,FALSE
5000,LOC.1903/MED,LOC.1903.MED,#27cf7e,landslide.LOC.1903.MED,"['101.8683', '25.6880']",,MED,FALSE
5000,LOC.1903/FAC,LOC.1903.FAC,#f0a73a,landslide.LOC.1903.FAC,"['101.8683', '25.6880']",,FAC,FALSE
5000,LOC.1903/DATA,LOC.1903.DATA,#8579ec,landslide.LOC.1903.DATA,"['101.8683', '25.6880']",,DATA,FALSE
10000,LOC.1904,LOC.1904,#2579e8,landslide.LOC.1904,"['118.9397', '25.8959']",Yongtai County,LOC,FALSE
5000,LOC.1904/MED,LOC.1904.MED,#27cf7e,landslide.LOC.1904.MED,"['118.9397', '25.8959']",,MED,FALSE
5000,LOC.1904/FAC,LOC.1904.FAC,#f0a73a,landslide.LOC.1904.FAC,"['118.9397', '25.8959']",,FAC,FALSE
5000,LOC.1904/DATA,LOC.1904.DATA,#8579ec,landslide.LOC.1904.DATA,"['118.9397', '25.8959']",,DATA,FALSE
10000,LOC.1905,LOC.1905,#2579e8,landslide.LOC.1905,"['115.3947', '28.2331']",Yongxin,LOC,FALSE
5000,LOC.1905/MED,LOC.1905.MED,#27cf7e,landslide.LOC.1905.MED,"['115.3947', '28.2331']",,MED,FALSE
5000,LOC.1905/FAC,LOC.1905.FAC,#f0a73a,landslide.LOC.1905.FAC,"['115.3947', '28.2331']",,FAC,FALSE
5000,LOC.1905/DATA,LOC.1905.DATA,#8579ec,landslide.LOC.1905.DATA,"['115.3947', '28.2331']",,DATA,FALSE
10000,LOC.1906,LOC.1906,#2579e8,landslide.LOC.1906,"['114.2317', '40.7981']",Yongxin Country,LOC,FALSE
5000,LOC.1906/MED,LOC.1906.MED,#27cf7e,landslide.LOC.1906.MED,"['114.2317', '40.7981']",,MED,FALSE
5000,LOC.1906/FAC,LOC.1906.FAC,#f0a73a,landslide.LOC.1906.FAC,"['114.2317', '40.7981']",,FAC,FALSE
5000,LOC.1906/DATA,LOC.1906.DATA,#8579ec,landslide.LOC.1906.DATA,"['114.2317', '40.7981']",,DATA,FALSE
10000,LOC.1907,LOC.1907,#2579e8,landslide.LOC.1907,"['117.8628', '28.1018']",Yongxin County,LOC,FALSE
5000,LOC.1907/MED,LOC.1907.MED,#27cf7e,landslide.LOC.1907.MED,"['117.8628', '28.1018']",,MED,FALSE
5000,LOC.1907/FAC,LOC.1907.FAC,#f0a73a,landslide.LOC.1907.FAC,"['117.8628', '28.1018']",,FAC,FALSE
5000,LOC.1907/DATA,LOC.1907.DATA,#8579ec,landslide.LOC.1907.DATA,"['117.8628', '28.1018']",,DATA,FALSE
10000,LOC.1908,LOC.1908,#2579e8,landslide.LOC.1908,"['114.5', '27.5']",Yongxin County from China,LOC,FALSE
5000,LOC.1908/MED,LOC.1908.MED,#27cf7e,landslide.LOC.1908.MED,"['114.5', '27.5']",,MED,FALSE
5000,LOC.1908/FAC,LOC.1908.FAC,#f0a73a,landslide.LOC.1908.FAC,"['114.5', '27.5']",,FAC,FALSE
5000,LOC.1908/DATA,LOC.1908.DATA,#8579ec,landslide.LOC.1908.DATA,"['114.5', '27.5']",,DATA,FALSE
10000,LOC.1909,LOC.1909,#2579e8,landslide.LOC.1909,"['113.1526', '24.4700']",Youfang catchment,LOC,FALSE
5000,LOC.1909/MED,LOC.1909.MED,#27cf7e,landslide.LOC.1909.MED,"['113.1526', '24.4700']",,MED,FALSE
5000,LOC.1909/FAC,LOC.1909.FAC,#f0a73a,landslide.LOC.1909.FAC,"['113.1526', '24.4700']",,FAC,FALSE
5000,LOC.1909/DATA,LOC.1909.DATA,#8579ec,landslide.LOC.1909.DATA,"['113.1526', '24.4700']",,DATA,FALSE
10000,LOC.1910,LOC.1910,#2579e8,landslide.LOC.1910,"['106.9201', '33.9086']",Youfang catchment of Longnan mountain,LOC,FALSE
5000,LOC.1910/MED,LOC.1910.MED,#27cf7e,landslide.LOC.1910.MED,"['106.9201', '33.9086']",,MED,FALSE
5000,LOC.1910/FAC,LOC.1910.FAC,#f0a73a,landslide.LOC.1910.FAC,"['106.9201', '33.9086']",,FAC,FALSE
5000,LOC.1910/DATA,LOC.1910.DATA,#8579ec,landslide.LOC.1910.DATA,"['106.9201', '33.9086']",,DATA,FALSE
10000,LOC.1911,LOC.1911,#2579e8,landslide.LOC.1911,"['126.9715', '37.3201']",Youngin,LOC,FALSE
5000,LOC.1911/MED,LOC.1911.MED,#27cf7e,landslide.LOC.1911.MED,"['126.9715', '37.3201']",,MED,FALSE
5000,LOC.1911/FAC,LOC.1911.FAC,#f0a73a,landslide.LOC.1911.FAC,"['126.9715', '37.3201']",,FAC,FALSE
5000,LOC.1911/DATA,LOC.1911.DATA,#8579ec,landslide.LOC.1911.DATA,"['126.9715', '37.3201']",,DATA,FALSE
10000,LOC.1912,LOC.1912,#2579e8,landslide.LOC.1912,"['122.3733', '38.4044']",Yountville and Capell Valley,LOC,FALSE
5000,LOC.1912/MED,LOC.1912.MED,#27cf7e,landslide.LOC.1912.MED,"['122.3733', '38.4044']",,MED,FALSE
5000,LOC.1912/FAC,LOC.1912.FAC,#f0a73a,landslide.LOC.1912.FAC,"['122.3733', '38.4044']",,FAC,FALSE
5000,LOC.1912/DATA,LOC.1912.DATA,#8579ec,landslide.LOC.1912.DATA,"['122.3733', '38.4044']",,DATA,FALSE
10000,LOC.1913,LOC.1913,#2579e8,landslide.LOC.1913,"['108.5182', '31.6081']",Yuan'an County in China,LOC,FALSE
5000,LOC.1913/MED,LOC.1913.MED,#27cf7e,landslide.LOC.1913.MED,"['108.5182', '31.6081']",,MED,FALSE
5000,LOC.1913/FAC,LOC.1913.FAC,#f0a73a,landslide.LOC.1913.FAC,"['108.5182', '31.6081']",,FAC,FALSE
5000,LOC.1913/DATA,LOC.1913.DATA,#8579ec,landslide.LOC.1913.DATA,"['108.5182', '31.6081']",,DATA,FALSE
10000,LOC.1914,LOC.1914,#2579e8,landslide.LOC.1914,"['102.7489', '23.1115']",Yuanyang County of Southwest China,LOC,FALSE
5000,LOC.1914/MED,LOC.1914.MED,#27cf7e,landslide.LOC.1914.MED,"['102.7489', '23.1115']",,MED,FALSE
5000,LOC.1914/FAC,LOC.1914.FAC,#f0a73a,landslide.LOC.1914.FAC,"['102.7489', '23.1115']",,FAC,FALSE
5000,LOC.1914/DATA,LOC.1914.DATA,#8579ec,landslide.LOC.1914.DATA,"['102.7489', '23.1115']",,DATA,FALSE
10000,LOC.1915,LOC.1915,#2579e8,landslide.LOC.1915,"['112.0435', '22.9320']",Yunfu City,LOC,FALSE
5000,LOC.1915/MED,LOC.1915.MED,#27cf7e,landslide.LOC.1915.MED,"['112.0435', '22.9320']",,MED,FALSE
5000,LOC.1915/FAC,LOC.1915.FAC,#f0a73a,landslide.LOC.1915.FAC,"['112.0435', '22.9320']",,FAC,FALSE
5000,LOC.1915/DATA,LOC.1915.DATA,#8579ec,landslide.LOC.1915.DATA,"['112.0435', '22.9320']",,DATA,FALSE
10000,LOC.1916,LOC.1916,#2579e8,landslide.LOC.1916,"['101.3431', '24.4752']",Yunnan,LOC,FALSE
5000,LOC.1916/MED,LOC.1916.MED,#27cf7e,landslide.LOC.1916.MED,"['101.3431', '24.4752']",,MED,FALSE
5000,LOC.1916/FAC,LOC.1916.FAC,#f0a73a,landslide.LOC.1916.FAC,"['101.3431', '24.4752']",,FAC,FALSE
5000,LOC.1916/DATA,LOC.1916.DATA,#8579ec,landslide.LOC.1916.DATA,"['101.3431', '24.4752']",,DATA,FALSE
10000,LOC.1917,LOC.1917,#2579e8,landslide.LOC.1917,"['101.3431', '24.4752']",Yunnan Province,LOC,FALSE
5000,LOC.1917/MED,LOC.1917.MED,#27cf7e,landslide.LOC.1917.MED,"['101.3431', '24.4752']",,MED,FALSE
5000,LOC.1917/FAC,LOC.1917.FAC,#f0a73a,landslide.LOC.1917.FAC,"['101.3431', '24.4752']",,FAC,FALSE
5000,LOC.1917/DATA,LOC.1917.DATA,#8579ec,landslide.LOC.1917.DATA,"['101.3431', '24.4752']",,DATA,FALSE
10000,LOC.1918,LOC.1918,#2579e8,landslide.LOC.1918,"['108.8830', '32.9617']",Yunyang Country,LOC,FALSE
5000,LOC.1918/MED,LOC.1918.MED,#27cf7e,landslide.LOC.1918.MED,"['108.8830', '32.9617']",,MED,FALSE
5000,LOC.1918/FAC,LOC.1918.FAC,#f0a73a,landslide.LOC.1918.FAC,"['108.8830', '32.9617']",,FAC,FALSE
5000,LOC.1918/DATA,LOC.1918.DATA,#8579ec,landslide.LOC.1918.DATA,"['108.8830', '32.9617']",,DATA,FALSE
10000,LOC.1919,LOC.1919,#2579e8,landslide.LOC.1919,"['108.8636', '30.2209']",Yunyang County,LOC,FALSE
5000,LOC.1919/MED,LOC.1919.MED,#27cf7e,landslide.LOC.1919.MED,"['108.8636', '30.2209']",,MED,FALSE
5000,LOC.1919/FAC,LOC.1919.FAC,#f0a73a,landslide.LOC.1919.FAC,"['108.8636', '30.2209']",,FAC,FALSE
5000,LOC.1919/DATA,LOC.1919.DATA,#8579ec,landslide.LOC.1919.DATA,"['108.8636', '30.2209']",,DATA,FALSE
10000,LOC.1920,LOC.1920,#2579e8,landslide.LOC.1920,"['101.4815', '26.3640']",Yuzi River catchment along the eastern margin of the Tibetan Plateau,LOC,FALSE
5000,LOC.1920/MED,LOC.1920.MED,#27cf7e,landslide.LOC.1920.MED,"['101.4815', '26.3640']",,MED,FALSE
5000,LOC.1920/FAC,LOC.1920.FAC,#f0a73a,landslide.LOC.1920.FAC,"['101.4815', '26.3640']",,FAC,FALSE
5000,LOC.1920/DATA,LOC.1920.DATA,#8579ec,landslide.LOC.1920.DATA,"['101.4815', '26.3640']",,DATA,FALSE
10000,LOC.1921,LOC.1921,#2579e8,landslide.LOC.1921,"['45.4328', '36.2280']",Zab river basin,LOC,FALSE
5000,LOC.1921/MED,LOC.1921.MED,#27cf7e,landslide.LOC.1921.MED,"['45.4328', '36.2280']",,MED,FALSE
5000,LOC.1921/FAC,LOC.1921.FAC,#f0a73a,landslide.LOC.1921.FAC,"['45.4328', '36.2280']",,FAC,FALSE
5000,LOC.1921/DATA,LOC.1921.DATA,#8579ec,landslide.LOC.1921.DATA,"['45.4328', '36.2280']",,DATA,FALSE
10000,LOC.1922,LOC.1922,#2579e8,landslide.LOC.1922,"['48.6133', '32.3996']",Zagros fold and thrust belt,LOC,FALSE
5000,LOC.1922/MED,LOC.1922.MED,#27cf7e,landslide.LOC.1922.MED,"['48.6133', '32.3996']",,MED,FALSE
5000,LOC.1922/FAC,LOC.1922.FAC,#f0a73a,landslide.LOC.1922.FAC,"['48.6133', '32.3996']",,FAC,FALSE
5000,LOC.1922/DATA,LOC.1922.DATA,#8579ec,landslide.LOC.1922.DATA,"['48.6133', '32.3996']",,DATA,FALSE
10000,LOC.1923,LOC.1923,#2579e8,landslide.LOC.1923,"['48.4740', '36.6699']",Zanjan,LOC,FALSE
5000,LOC.1923/MED,LOC.1923.MED,#27cf7e,landslide.LOC.1923.MED,"['48.4740', '36.6699']",,MED,FALSE
5000,LOC.1923/FAC,LOC.1923.FAC,#f0a73a,landslide.LOC.1923.FAC,"['48.4740', '36.6699']",,FAC,FALSE
5000,LOC.1923/DATA,LOC.1923.DATA,#8579ec,landslide.LOC.1923.DATA,"['48.4740', '36.6699']",,DATA,FALSE
10000,LOC.1924,LOC.1924,#2579e8,landslide.LOC.1924,"['5.9729', '7.4361']",Zanou 's river,LOC,FALSE
5000,LOC.1924/MED,LOC.1924.MED,#27cf7e,landslide.LOC.1924.MED,"['5.9729', '7.4361']",,MED,FALSE
5000,LOC.1924/FAC,LOC.1924.FAC,#f0a73a,landslide.LOC.1924.FAC,"['5.9729', '7.4361']",,FAC,FALSE
5000,LOC.1924/DATA,LOC.1924.DATA,#8579ec,landslide.LOC.1924.DATA,"['5.9729', '7.4361']",,DATA,FALSE
10000,LOC.1925,LOC.1925,#2579e8,landslide.LOC.1925,"['20.4033', '44.8400']",Zemun settlement on the northern outskirts of Belgrade,LOC,FALSE
5000,LOC.1925/MED,LOC.1925.MED,#27cf7e,landslide.LOC.1925.MED,"['20.4033', '44.8400']",,MED,FALSE
5000,LOC.1925/FAC,LOC.1925.FAC,#f0a73a,landslide.LOC.1925.FAC,"['20.4033', '44.8400']",,FAC,FALSE
5000,LOC.1925/DATA,LOC.1925.DATA,#8579ec,landslide.LOC.1925.DATA,"['20.4033', '44.8400']",,DATA,FALSE
10000,LOC.1926,LOC.1926,#2579e8,landslide.LOC.1926,"['101.3431', '24.4752']",Zentoku,LOC,FALSE
5000,LOC.1926/MED,LOC.1926.MED,#27cf7e,landslide.LOC.1926.MED,"['101.3431', '24.4752']",,MED,FALSE
5000,LOC.1926/FAC,LOC.1926.FAC,#f0a73a,landslide.LOC.1926.FAC,"['101.3431', '24.4752']",,FAC,FALSE
5000,LOC.1926/DATA,LOC.1926.DATA,#8579ec,landslide.LOC.1926.DATA,"['101.3431', '24.4752']",,DATA,FALSE
10000,LOC.1927,LOC.1927,#2579e8,landslide.LOC.1927,"['104.0863', '31.0425']",Zhangzha Town in Sichuan Province,LOC,FALSE
5000,LOC.1927/MED,LOC.1927.MED,#27cf7e,landslide.LOC.1927.MED,"['104.0863', '31.0425']",,MED,FALSE
5000,LOC.1927/FAC,LOC.1927.FAC,#f0a73a,landslide.LOC.1927.FAC,"['104.0863', '31.0425']",,FAC,FALSE
5000,LOC.1927/DATA,LOC.1927.DATA,#8579ec,landslide.LOC.1927.DATA,"['104.0863', '31.0425']",,DATA,FALSE
10000,LOC.1928,LOC.1928,#2579e8,landslide.LOC.1928,"['110.9966', '24.1366']",Zhaoping County of eastern Guangxi,LOC,FALSE
5000,LOC.1928/MED,LOC.1928.MED,#27cf7e,landslide.LOC.1928.MED,"['110.9966', '24.1366']",,MED,FALSE
5000,LOC.1928/FAC,LOC.1928.FAC,#f0a73a,landslide.LOC.1928.FAC,"['110.9966', '24.1366']",,FAC,FALSE
5000,LOC.1928/DATA,LOC.1928.DATA,#8579ec,landslide.LOC.1928.DATA,"['110.9966', '24.1366']",,DATA,FALSE
10000,LOC.1929,LOC.1929,#2579e8,landslide.LOC.1929,"['108.5180', '33.7867']",Zhashui County,LOC,FALSE
5000,LOC.1929/MED,LOC.1929.MED,#27cf7e,landslide.LOC.1929.MED,"['108.5180', '33.7867']",,MED,FALSE
5000,LOC.1929/FAC,LOC.1929.FAC,#f0a73a,landslide.LOC.1929.FAC,"['108.5180', '33.7867']",,FAC,FALSE
5000,LOC.1929/DATA,LOC.1929.DATA,#8579ec,landslide.LOC.1929.DATA,"['108.5180', '33.7867']",,DATA,FALSE
10000,LOC.1930,LOC.1930,#2579e8,landslide.LOC.1930,"['120.1536', '29.1556']",Zhejiang Province,LOC,FALSE
5000,LOC.1930/MED,LOC.1930.MED,#27cf7e,landslide.LOC.1930.MED,"['120.1536', '29.1556']",,MED,FALSE
5000,LOC.1930/FAC,LOC.1930.FAC,#f0a73a,landslide.LOC.1930.FAC,"['120.1536', '29.1556']",,FAC,FALSE
5000,LOC.1930/DATA,LOC.1930.DATA,#8579ec,landslide.LOC.1930.DATA,"['120.1536', '29.1556']",,DATA,FALSE
10000,LOC.1931,LOC.1931,#2579e8,landslide.LOC.1931,"['109.1503', '31.1582']",Zhen'an County,LOC,FALSE
5000,LOC.1931/MED,LOC.1931.MED,#27cf7e,landslide.LOC.1931.MED,"['109.1503', '31.1582']",,MED,FALSE
5000,LOC.1931/FAC,LOC.1931.FAC,#f0a73a,landslide.LOC.1931.FAC,"['109.1503', '31.1582']",,FAC,FALSE
5000,LOC.1931/DATA,LOC.1931.DATA,#8579ec,landslide.LOC.1931.DATA,"['109.1503', '31.1582']",,DATA,FALSE
10000,LOC.1932,LOC.1932,#2579e8,landslide.LOC.1932,"['112.2354', '31.8514']",Zhenping County,LOC,FALSE
5000,LOC.1932/MED,LOC.1932.MED,#27cf7e,landslide.LOC.1932.MED,"['112.2354', '31.8514']",,MED,FALSE
5000,LOC.1932/FAC,LOC.1932.FAC,#f0a73a,landslide.LOC.1932.FAC,"['112.2354', '31.8514']",,FAC,FALSE
5000,LOC.1932/DATA,LOC.1932.DATA,#8579ec,landslide.LOC.1932.DATA,"['112.2354', '31.8514']",,DATA,FALSE
10000,LOC.1933,LOC.1933,#2579e8,landslide.LOC.1933,"['104.8046', '27.0845']",Zhenxiong County,LOC,FALSE
5000,LOC.1933/MED,LOC.1933.MED,#27cf7e,landslide.LOC.1933.MED,"['104.8046', '27.0845']",,MED,FALSE
5000,LOC.1933/FAC,LOC.1933.FAC,#f0a73a,landslide.LOC.1933.FAC,"['104.8046', '27.0845']",,FAC,FALSE
5000,LOC.1933/DATA,LOC.1933.DATA,#8579ec,landslide.LOC.1933.DATA,"['104.8046', '27.0845']",,DATA,FALSE
10000,LOC.1934,LOC.1934,#2579e8,landslide.LOC.1934,"['110.5933', '33.5864']",Zhidan County,LOC,FALSE
5000,LOC.1934/MED,LOC.1934.MED,#27cf7e,landslide.LOC.1934.MED,"['110.5933', '33.5864']",,MED,FALSE
5000,LOC.1934/FAC,LOC.1934.FAC,#f0a73a,landslide.LOC.1934.FAC,"['110.5933', '33.5864']",,FAC,FALSE
5000,LOC.1934/DATA,LOC.1934.DATA,#8579ec,landslide.LOC.1934.DATA,"['110.5933', '33.5864']",,DATA,FALSE
10000,LOC.1935,LOC.1935,#2579e8,landslide.LOC.1935,"['114.3115', '30.5928']",Zhong - Wu natural gas pipeline from Zhongxian County to Wuhan,LOC,FALSE
5000,LOC.1935/MED,LOC.1935.MED,#27cf7e,landslide.LOC.1935.MED,"['114.3115', '30.5928']",,MED,FALSE
5000,LOC.1935/FAC,LOC.1935.FAC,#f0a73a,landslide.LOC.1935.FAC,"['114.3115', '30.5928']",,FAC,FALSE
5000,LOC.1935/DATA,LOC.1935.DATA,#8579ec,landslide.LOC.1935.DATA,"['114.3115', '30.5928']",,DATA,FALSE
10000,LOC.1936,LOC.1936,#2579e8,landslide.LOC.1936,"['100.3163', '30.8555']",Zhong County,LOC,FALSE
5000,LOC.1936/MED,LOC.1936.MED,#27cf7e,landslide.LOC.1936.MED,"['100.3163', '30.8555']",,MED,FALSE
5000,LOC.1936/FAC,LOC.1936.FAC,#f0a73a,landslide.LOC.1936.FAC,"['100.3163', '30.8555']",,FAC,FALSE
5000,LOC.1936/DATA,LOC.1936.DATA,#8579ec,landslide.LOC.1936.DATA,"['100.3163', '30.8555']",,DATA,FALSE
10000,LOC.1937,LOC.1937,#2579e8,landslide.LOC.1937,"['102.5828', '29.9947']",Zhoujiaba,LOC,FALSE
5000,LOC.1937/MED,LOC.1937.MED,#27cf7e,landslide.LOC.1937.MED,"['102.5828', '29.9947']",,MED,FALSE
5000,LOC.1937/FAC,LOC.1937.FAC,#f0a73a,landslide.LOC.1937.FAC,"['102.5828', '29.9947']",,FAC,FALSE
5000,LOC.1937/DATA,LOC.1937.DATA,#8579ec,landslide.LOC.1937.DATA,"['102.5828', '29.9947']",,DATA,FALSE
10000,LOC.1938,LOC.1938,#2579e8,landslide.LOC.1938,"['104.3653', '33.7884']",Zhouqu,LOC,FALSE
5000,LOC.1938/MED,LOC.1938.MED,#27cf7e,landslide.LOC.1938.MED,"['104.3653', '33.7884']",,MED,FALSE
5000,LOC.1938/FAC,LOC.1938.FAC,#f0a73a,landslide.LOC.1938.FAC,"['104.3653', '33.7884']",,FAC,FALSE
5000,LOC.1938/DATA,LOC.1938.DATA,#8579ec,landslide.LOC.1938.DATA,"['104.3653', '33.7884']",,DATA,FALSE
10000,LOC.1939,LOC.1939,#2579e8,landslide.LOC.1939,"['104.3653', '33.7884']",Zhouqu area of Gansu Province,LOC,FALSE
5000,LOC.1939/MED,LOC.1939.MED,#27cf7e,landslide.LOC.1939.MED,"['104.3653', '33.7884']",,MED,FALSE
5000,LOC.1939/FAC,LOC.1939.FAC,#f0a73a,landslide.LOC.1939.FAC,"['104.3653', '33.7884']",,FAC,FALSE
5000,LOC.1939/DATA,LOC.1939.DATA,#8579ec,landslide.LOC.1939.DATA,"['104.3653', '33.7884']",,DATA,FALSE
10000,LOC.1940,LOC.1940,#2579e8,landslide.LOC.1940,"['104.3653', '33.7884']",Zhouqu County,LOC,FALSE
5000,LOC.1940/MED,LOC.1940.MED,#27cf7e,landslide.LOC.1940.MED,"['104.3653', '33.7884']",,MED,FALSE
5000,LOC.1940/FAC,LOC.1940.FAC,#f0a73a,landslide.LOC.1940.FAC,"['104.3653', '33.7884']",,FAC,FALSE
5000,LOC.1940/DATA,LOC.1940.DATA,#8579ec,landslide.LOC.1940.DATA,"['104.3653', '33.7884']",,DATA,FALSE
10000,LOC.1941,LOC.1941,#2579e8,landslide.LOC.1941,"['104.3653', '33.7884']",Zhouqu segment in the Bailongjiang basin in north - western China,LOC,FALSE
5000,LOC.1941/MED,LOC.1941.MED,#27cf7e,landslide.LOC.1941.MED,"['104.3653', '33.7884']",,MED,FALSE
5000,LOC.1941/FAC,LOC.1941.FAC,#f0a73a,landslide.LOC.1941.FAC,"['104.3653', '33.7884']",,FAC,FALSE
5000,LOC.1941/DATA,LOC.1941.DATA,#8579ec,landslide.LOC.1941.DATA,"['104.3653', '33.7884']",,DATA,FALSE
10000,LOC.1942,LOC.1942,#2579e8,landslide.LOC.1942,"['104.3653', '33.7884']",Zhouqu to Wudu segment in the Bailong River Basin,LOC,FALSE
5000,LOC.1942/MED,LOC.1942.MED,#27cf7e,landslide.LOC.1942.MED,"['104.3653', '33.7884']",,MED,FALSE
5000,LOC.1942/FAC,LOC.1942.FAC,#f0a73a,landslide.LOC.1942.FAC,"['104.3653', '33.7884']",,FAC,FALSE
5000,LOC.1942/DATA,LOC.1942.DATA,#8579ec,landslide.LOC.1942.DATA,"['104.3653', '33.7884']",,DATA,FALSE
10000,LOC.1943,LOC.1943,#2579e8,landslide.LOC.1943,"['112.2219', '32.3190']",Zhushan County in China,LOC,FALSE
5000,LOC.1943/MED,LOC.1943.MED,#27cf7e,landslide.LOC.1943.MED,"['112.2219', '32.3190']",,MED,FALSE
5000,LOC.1943/FAC,LOC.1943.FAC,#f0a73a,landslide.LOC.1943.FAC,"['112.2219', '32.3190']",,FAC,FALSE
5000,LOC.1943/DATA,LOC.1943.DATA,#8579ec,landslide.LOC.1943.DATA,"['112.2219', '32.3190']",,DATA,FALSE
10000,LOC.1944,LOC.1944,#2579e8,landslide.LOC.1944,"['67.7750', '30.3595']",Ziarat watershed,LOC,FALSE
5000,LOC.1944/MED,LOC.1944.MED,#27cf7e,landslide.LOC.1944.MED,"['67.7750', '30.3595']",,MED,FALSE
5000,LOC.1944/FAC,LOC.1944.FAC,#f0a73a,landslide.LOC.1944.FAC,"['67.7750', '30.3595']",,FAC,FALSE
5000,LOC.1944/DATA,LOC.1944.DATA,#8579ec,landslide.LOC.1944.DATA,"['67.7750', '30.3595']",,DATA,FALSE
10000,LOC.1945,LOC.1945,#2579e8,landslide.LOC.1945,"['115.1903', '23.8248']",Zichang City,LOC,FALSE
5000,LOC.1945/MED,LOC.1945.MED,#27cf7e,landslide.LOC.1945.MED,"['115.1903', '23.8248']",,MED,FALSE
5000,LOC.1945/FAC,LOC.1945.FAC,#f0a73a,landslide.LOC.1945.FAC,"['115.1903', '23.8248']",,FAC,FALSE
5000,LOC.1945/DATA,LOC.1945.DATA,#8579ec,landslide.LOC.1945.DATA,"['115.1903', '23.8248']",,DATA,FALSE
10000,LOC.1946,LOC.1946,#2579e8,landslide.LOC.1946,"['101.6213', '34.0353']",Zichang County,LOC,FALSE
5000,LOC.1946/MED,LOC.1946.MED,#27cf7e,landslide.LOC.1946.MED,"['101.6213', '34.0353']",,MED,FALSE
5000,LOC.1946/FAC,LOC.1946.FAC,#f0a73a,landslide.LOC.1946.FAC,"['101.6213', '34.0353']",,FAC,FALSE
5000,LOC.1946/DATA,LOC.1946.DATA,#8579ec,landslide.LOC.1946.DATA,"['101.6213', '34.0353']",,DATA,FALSE
10000,LOC.1947,LOC.1947,#2579e8,landslide.LOC.1947,"['110.8431', '30.8230']",Zigui,LOC,FALSE
5000,LOC.1947/MED,LOC.1947.MED,#27cf7e,landslide.LOC.1947.MED,"['110.8431', '30.8230']",,MED,FALSE
5000,LOC.1947/FAC,LOC.1947.FAC,#f0a73a,landslide.LOC.1947.FAC,"['110.8431', '30.8230']",,FAC,FALSE
5000,LOC.1947/DATA,LOC.1947.DATA,#8579ec,landslide.LOC.1947.DATA,"['110.8431', '30.8230']",,DATA,FALSE
10000,LOC.1948,LOC.1948,#2579e8,landslide.LOC.1948,"['110.5321', '30.8614']",Zigui - Badong,LOC,FALSE
5000,LOC.1948/MED,LOC.1948.MED,#27cf7e,landslide.LOC.1948.MED,"['110.5321', '30.8614']",,MED,FALSE
5000,LOC.1948/FAC,LOC.1948.FAC,#f0a73a,landslide.LOC.1948.FAC,"['110.5321', '30.8614']",,FAC,FALSE
5000,LOC.1948/DATA,LOC.1948.DATA,#8579ec,landslide.LOC.1948.DATA,"['110.5321', '30.8614']",,DATA,FALSE
10000,LOC.1949,LOC.1949,#2579e8,landslide.LOC.1949,"['110.4889', '30.8918']",Zigui - Badong section,LOC,FALSE
5000,LOC.1949/MED,LOC.1949.MED,#27cf7e,landslide.LOC.1949.MED,"['110.4889', '30.8918']",,MED,FALSE
5000,LOC.1949/FAC,LOC.1949.FAC,#f0a73a,landslide.LOC.1949.FAC,"['110.4889', '30.8918']",,FAC,FALSE
5000,LOC.1949/DATA,LOC.1949.DATA,#8579ec,landslide.LOC.1949.DATA,"['110.4889', '30.8918']",,DATA,FALSE
10000,LOC.1950,LOC.1950,#2579e8,landslide.LOC.1950,"['110.5835', '30.8727']",Zigui - Badong section in the Three Gorges,LOC,FALSE
5000,LOC.1950/MED,LOC.1950.MED,#27cf7e,landslide.LOC.1950.MED,"['110.5835', '30.8727']",,MED,FALSE
5000,LOC.1950/FAC,LOC.1950.FAC,#f0a73a,landslide.LOC.1950.FAC,"['110.5835', '30.8727']",,FAC,FALSE
5000,LOC.1950/DATA,LOC.1950.DATA,#8579ec,landslide.LOC.1950.DATA,"['110.5835', '30.8727']",,DATA,FALSE
10000,LOC.1951,LOC.1951,#2579e8,landslide.LOC.1951,"['110.6270', '30.8799']",Zigui Badong area in the Three Gorges region of China,LOC,FALSE
5000,LOC.1951/MED,LOC.1951.MED,#27cf7e,landslide.LOC.1951.MED,"['110.6270', '30.8799']",,MED,FALSE
5000,LOC.1951/FAC,LOC.1951.FAC,#f0a73a,landslide.LOC.1951.FAC,"['110.6270', '30.8799']",,FAC,FALSE
5000,LOC.1951/DATA,LOC.1951.DATA,#8579ec,landslide.LOC.1951.DATA,"['110.6270', '30.8799']",,DATA,FALSE
10000,LOC.1952,LOC.1952,#2579e8,landslide.LOC.1952,"['110.8565', '30.9199']",Zigui Basin,LOC,FALSE
5000,LOC.1952/MED,LOC.1952.MED,#27cf7e,landslide.LOC.1952.MED,"['110.8565', '30.9199']",,MED,FALSE
5000,LOC.1952/FAC,LOC.1952.FAC,#f0a73a,landslide.LOC.1952.FAC,"['110.8565', '30.9199']",,FAC,FALSE
5000,LOC.1952/DATA,LOC.1952.DATA,#8579ec,landslide.LOC.1952.DATA,"['110.8565', '30.9199']",,DATA,FALSE
10000,LOC.1953,LOC.1953,#2579e8,landslide.LOC.1953,"['110.9915', '30.8193']",Zigui County,LOC,FALSE
5000,LOC.1953/MED,LOC.1953.MED,#27cf7e,landslide.LOC.1953.MED,"['110.9915', '30.8193']",,MED,FALSE
5000,LOC.1953/FAC,LOC.1953.FAC,#f0a73a,landslide.LOC.1953.FAC,"['110.9915', '30.8193']",,FAC,FALSE
5000,LOC.1953/DATA,LOC.1953.DATA,#8579ec,landslide.LOC.1953.DATA,"['110.9915', '30.8193']",,DATA,FALSE
10000,LOC.1954,LOC.1954,#2579e8,landslide.LOC.1954,"['110.8953', '30.9229']",Zigui section in three gorges reservoir,LOC,FALSE
5000,LOC.1954/MED,LOC.1954.MED,#27cf7e,landslide.LOC.1954.MED,"['110.8953', '30.9229']",,MED,FALSE
5000,LOC.1954/FAC,LOC.1954.FAC,#f0a73a,landslide.LOC.1954.FAC,"['110.8953', '30.9229']",,FAC,FALSE
5000,LOC.1954/DATA,LOC.1954.DATA,#8579ec,landslide.LOC.1954.DATA,"['110.8953', '30.9229']",,DATA,FALSE
10000,LOC.1955,LOC.1955,#2579e8,landslide.LOC.1955,"['110.8431', '30.8230']",Zigui segment,LOC,FALSE
5000,LOC.1955/MED,LOC.1955.MED,#27cf7e,landslide.LOC.1955.MED,"['110.8431', '30.8230']",,MED,FALSE
5000,LOC.1955/FAC,LOC.1955.FAC,#f0a73a,landslide.LOC.1955.FAC,"['110.8431', '30.8230']",,FAC,FALSE
5000,LOC.1955/DATA,LOC.1955.DATA,#8579ec,landslide.LOC.1955.DATA,"['110.8431', '30.8230']",,DATA,FALSE
10000,LOC.1956,LOC.1956,#2579e8,landslide.LOC.1956,"['110.5321', '30.8614']",Zigui to Badong section of the Three Gorges Reservoir,LOC,FALSE
5000,LOC.1956/MED,LOC.1956.MED,#27cf7e,landslide.LOC.1956.MED,"['110.5321', '30.8614']",,MED,FALSE
5000,LOC.1956/FAC,LOC.1956.FAC,#f0a73a,landslide.LOC.1956.FAC,"['110.5321', '30.8614']",,FAC,FALSE
5000,LOC.1956/DATA,LOC.1956.DATA,#8579ec,landslide.LOC.1956.DATA,"['110.5321', '30.8614']",,DATA,FALSE
10000,LOC.1957,LOC.1957,#2579e8,landslide.LOC.1957,"['112.2385', '30.3164']",ZJB,LOC,FALSE
5000,LOC.1957/MED,LOC.1957.MED,#27cf7e,landslide.LOC.1957.MED,"['112.2385', '30.3164']",,MED,FALSE
5000,LOC.1957/FAC,LOC.1957.FAC,#f0a73a,landslide.LOC.1957.FAC,"['112.2385', '30.3164']",,FAC,FALSE
5000,LOC.1957/DATA,LOC.1957.DATA,#8579ec,landslide.LOC.1957.DATA,"['112.2385', '30.3164']",,DATA,FALSE
10000,LOC.1958,LOC.1958,#2579e8,landslide.LOC.1958,"['75.0783', '34.3118']",Zojila pass,LOC,FALSE
5000,LOC.1958/MED,LOC.1958.MED,#27cf7e,landslide.LOC.1958.MED,"['75.0783', '34.3118']",,MED,FALSE
5000,LOC.1958/FAC,LOC.1958.FAC,#f0a73a,landslide.LOC.1958.FAC,"['75.0783', '34.3118']",,FAC,FALSE
5000,LOC.1958/DATA,LOC.1958.DATA,#8579ec,landslide.LOC.1958.DATA,"['75.0783', '34.3118']",,DATA,FALSE
