size,path,id,color,name,coordinates,description,type,nodeVisibility
20000,landslide,landslide,#006FEA,landslide,,,root,true
10000,landslide/LOC.0,LOC.0,#2579e8,landslide.LOC.0,"['101.3431', '24.4752']",10 km from the VII isobar of the Gengma,LOC,false
10000,landslide/LOC.1,LOC.1,#2579e8,landslide.LOC.1,"['50.5253', '25.2744']",41 - km rail that crosses the Serra do Mar mountain range,LOC,false
10000,landslide/LOC.2,LOC.2,#2579e8,landslide.LOC.2,"['3.0857', '36.7372']",70 km southeast of the Algerian capital,LOC,false
10000,landslide/LOC.3,LOC.3,#2579e8,landslide.LOC.3,"['78.4322', '30.3090']",a famous tourist destination in the Indian State of Uttarakhand,LOC,false
10000,landslide/LOC.4,LOC.4,#2579e8,landslide.LOC.4,"['6.8481', '49.3727']",A lagou,LOC,false
10000,landslide/LOC.5,LOC.5,#2579e8,landslide.LOC.5,"['38.1317', '9.9378']",Aba Libanos area in Northwestern Ethiopia,LOC,false
10000,landslide/LOC.6,LOC.6,#2579e8,landslide.LOC.6,"['37.4031', '11.7990']",Abay Gorge near Dejen,LOC,false
10000,landslide/LOC.7,LOC.7,#2579e8,landslide.LOC.7,"['73.2407', '34.1688']",Abbottabad,LOC,false
10000,landslide/LOC.8,LOC.8,#2579e8,landslide.LOC.8,"['34.9967', '14.4105']",Abe Barek,LOC,false
10000,landslide/LOC.9,LOC.9,#2579e8,landslide.LOC.9,"['13.6747', '42.3512']",Abruzzo,LOC,false
10000,landslide/LOC.10,LOC.10,#2579e8,landslide.LOC.10,"['21.6536', '38.1313']",Achaia Regional Unit located in Northern Peloponnese,LOC,false
10000,landslide/LOC.11,LOC.11,#2579e8,landslide.LOC.11,"['77.1025', '28.7041']",adjacent to the National Highways,LOC,false
10000,landslide/LOC.12,LOC.12,#2579e8,landslide.LOC.12,"['16.7187', '42.2596']",Adriatic coast,LOC,false
10000,landslide/LOC.13,LOC.13,#2579e8,landslide.LOC.13,"['17.1232', '40.6395']",Adriatic Coast of south Italy,LOC,false
10000,landslide/LOC.14,LOC.14,#2579e8,landslide.LOC.14,"['14.8498', '38.4693']",Aeolian Archipelago,LOC,false
10000,landslide/LOC.15,LOC.15,#2579e8,landslide.LOC.15,"['21.2911', '38.7205']",Aetolia - Acarnania and Evritania prefectures,LOC,false
10000,landslide/LOC.16,LOC.16,#2579e8,landslide.LOC.16,"['14.9333', '37.8219']",affluent of the Alcantara River,LOC,false
10000,landslide/LOC.17,LOC.17,#2579e8,landslide.LOC.17,"['66.2385', '33.9391']",Afghanistan,LOC,false
10000,landslide/LOC.18,LOC.18,#2579e8,landslide.LOC.18,"['17.3660', '8.7832']",Africa,LOC,false
10000,landslide/LOC.19,LOC.19,#2579e8,landslide.LOC.19,"['9.6304', '30.4202']",Agadir Ida - Ou - Tanane province,LOC,false
10000,landslide/LOC.20,LOC.20,#2579e8,landslide.LOC.20,"['14.5233', '41.5833']",Agnone,LOC,false
10000,landslide/LOC.21,LOC.21,#2579e8,landslide.LOC.21,"['146.7265', '-41.1211']",Agnus Creek valley,LOC,false
10000,landslide/LOC.22,LOC.22,#2579e8,landslide.LOC.22,"['5.5311', '5.5060']",Ago District,LOC,false
10000,landslide/LOC.23,LOC.23,#2579e8,landslide.LOC.23,"['72.7833', '34.0192']",AH - 1,LOC,false
10000,landslide/LOC.24,LOC.24,#2579e8,landslide.LOC.24,"['74.1280', '34.1271']",AH - 2,LOC,false
10000,landslide/LOC.25,LOC.25,#2579e8,landslide.LOC.25,"['72.7833', '34.0192']",AH48,LOC,false
10000,landslide/LOC.26,LOC.26,#2579e8,landslide.LOC.26,"['35.7516', '32.3335']",Ajloun and Jerash governorates in Jordan,LOC,false
10000,landslide/LOC.27,LOC.27,#2579e8,landslide.LOC.27,"['138.1875', '35.6595']",Akaishi Mountains,LOC,false
10000,landslide/LOC.28,LOC.28,#2579e8,landslide.LOC.28,"['-3.9492', '35.0527']",Aknoul region in the Rif,LOC,false
10000,landslide/LOC.29,LOC.29,#2579e8,landslide.LOC.29,"['35.1400', '32.0986']",Al - Hasher,LOC,false
10000,landslide/LOC.30,LOC.30,#2579e8,landslide.LOC.30,"['-84.0926', '10.0159']",Alajuela,LOC,false
10000,landslide/LOC.31,LOC.31,#2579e8,landslide.LOC.31,"['106.7290', '32.9829']",Alamout basin,LOC,false
10000,landslide/LOC.32,LOC.32,#2579e8,landslide.LOC.32,"['50.2201', '36.5486']",Alamut watershed,LOC,false
10000,landslide/LOC.33,LOC.33,#2579e8,landslide.LOC.33,"['51.4667', '35.9931']",Alborz Mountain Belt,LOC,false
10000,landslide/LOC.34,LOC.34,#2579e8,landslide.LOC.34,"['-0.6171', '38.6910']",Alcoy,LOC,false
10000,landslide/LOC.35,LOC.35,#2579e8,landslide.LOC.35,"['2.6329', '28.0339']",Algeria,LOC,false
10000,landslide/LOC.36,LOC.36,#2579e8,landslide.LOC.36,"['3.0588', '36.7372']",Algiers,LOC,false
10000,landslide/LOC.37,LOC.37,#2579e8,landslide.LOC.37,"['3.2935', '36.8402']",Algiers Sahel,LOC,false
10000,landslide/LOC.38,LOC.38,#2579e8,landslide.LOC.38,"['-0.4907', '38.3452']",Alicante,LOC,false
10000,landslide/LOC.39,LOC.39,#2579e8,landslide.LOC.39,"['120.7184', '23.5116']",Alishan D098 sub-basin,LOC,false
10000,landslide/LOC.40,LOC.40,#2579e8,landslide.LOC.40,"['120.7879', '23.4973']",Alishan River in southern Taiwan,LOC,false
10000,landslide/LOC.41,LOC.41,#2579e8,landslide.LOC.41,"['79.6667', '29.6000']",Almora district,LOC,false
10000,landslide/LOC.42,LOC.42,#2579e8,landslide.LOC.42,"['79.0193', '30.0668']",along road corridors in the Indian Himalayas,LOC,false
10000,landslide/LOC.43,LOC.43,#2579e8,landslide.LOC.43,"['104.3586', '33.7856']",alpine - canyon region of Zhouqu,LOC,false
10000,landslide/LOC.44,LOC.44,#2579e8,landslide.LOC.44,"['10.4515', '46.2322']",Alpine regions of northern Italy,LOC,false
10000,landslide/LOC.45,LOC.45,#2579e8,landslide.LOC.45,"['10.0', '45.0']",Alpine sector,LOC,false
10000,landslide/LOC.46,LOC.46,#2579e8,landslide.LOC.46,"['7.7964', '45.9458']",Alps,LOC,false
10000,landslide/LOC.47,LOC.47,#2579e8,landslide.LOC.47,"['128.1816', '3.6956']",Ambon,LOC,false
10000,landslide/LOC.48,LOC.48,#2579e8,landslide.LOC.48,"['113.5', '-0.5']",Ampel,LOC,false
10000,landslide/LOC.49,LOC.49,#2579e8,landslide.LOC.49,"['33.4597', '38.5414']",Anatolian Fault Zone of Turkey,LOC,false
10000,landslide/LOC.50,LOC.50,#2579e8,landslide.LOC.50,"['149.9003', '61.2181']",Anchorage,LOC,false
10000,landslide/LOC.51,LOC.51,#2579e8,landslide.LOC.51,"['13.5189', '43.6158']",Ancona,LOC,false
10000,landslide/LOC.52,LOC.52,#2579e8,landslide.LOC.52,"['13.5189', '43.6158']",Ancona municipality on the Adriatic coast of central Italy,LOC,false
10000,landslide/LOC.53,LOC.53,#2579e8,landslide.LOC.53,"['4.7130', '37.5443']",Andalusia,LOC,false
10000,landslide/LOC.54,LOC.54,#2579e8,landslide.LOC.54,"['-75.0', '-3.5']",Andean mountain range,LOC,false
10000,landslide/LOC.55,LOC.55,#2579e8,landslide.LOC.55,"['77.6560', '0.0774']",Andean tropics close to the volcano Reventador,LOC,false
10000,landslide/LOC.56,LOC.56,#2579e8,landslide.LOC.56,"['71.1177', '19.4969']",Andes,LOC,false
10000,landslide/LOC.57,LOC.57,#2579e8,landslide.LOC.57,"['115.1900', '27.4288']",Anfu County,LOC,false
10000,landslide/LOC.58,LOC.58,#2579e8,landslide.LOC.58,"['111.2270', '28.9701']",Anhua County,LOC,false
10000,landslide/LOC.59,LOC.59,#2579e8,landslide.LOC.59,"['111.2270', '28.9701']",Anhua County in China,LOC,false
10000,landslide/LOC.60,LOC.60,#2579e8,landslide.LOC.60,"['83.8207', '28.5953']",Annapurna,LOC,false
10000,landslide/LOC.61,LOC.61,#2579e8,landslide.LOC.61,"['115.0588', '25.4279']",Anyuan County,LOC,false
10000,landslide/LOC.62,LOC.62,#2579e8,landslide.LOC.62,"['13.7633', '42.6266']",Apennines of central Italy,LOC,false
10000,landslide/LOC.63,LOC.63,#2579e8,landslide.LOC.63,"['83.8239', '35.7382']",Appalachian Mountains,LOC,false
10000,landslide/LOC.64,LOC.64,#2579e8,landslide.LOC.64,"['16.6126', '40.9581']",Apulia,LOC,false
10000,landslide/LOC.65,LOC.65,#2579e8,landslide.LOC.65,"['41.6170', '19.2163']",Aqabat,LOC,false
10000,landslide/LOC.66,LOC.66,#2579e8,landslide.LOC.66,"['44.1266', '18.2096']",Aqabat Al - Sulbat,LOC,false
10000,landslide/LOC.67,LOC.67,#2579e8,landslide.LOC.67,"['42.8266', '18.5073']",Aqabat Al - Sulbat Asir region of Saudi Arabia,LOC,false
10000,landslide/LOC.68,LOC.68,#2579e8,landslide.LOC.68,"['80.2894', '7.3397']",Aranayaka and Kurukudegama,LOC,false
10000,landslide/LOC.69,LOC.69,#2579e8,landslide.LOC.69,"['48.1184', '38.4853']",Ardabil province,LOC,false
10000,landslide/LOC.70,LOC.70,#2579e8,landslide.LOC.70,"['48.2953', '38.2511']",Ardabil province of Iran,LOC,false
10000,landslide/LOC.71,LOC.71,#2579e8,landslide.LOC.71,"['48.1184', '38.4853']",Ardebil province,LOC,false
10000,landslide/LOC.72,LOC.72,#2579e8,landslide.LOC.72,"['40.9625', '41.1911']",Ardesen,LOC,false
10000,landslide/LOC.73,LOC.73,#2579e8,landslide.LOC.73,"['40.9530', '41.0353']",Ardesen and Findikli districts of Rize Province,LOC,false
10000,landslide/LOC.74,LOC.74,#2579e8,landslide.LOC.74,"['9.1393', '38.7223']",area north of Lisbon,LOC,false
10000,landslide/LOC.75,LOC.75,#2579e8,landslide.LOC.75,"['49.7306', '36.2133']",Argo and Yaftali Sufla,LOC,false
10000,landslide/LOC.76,LOC.76,#2579e8,landslide.LOC.76,"['41.5736', '41.2344']",Arhavi,LOC,false
10000,landslide/LOC.77,LOC.77,#2579e8,landslide.LOC.77,"['41.5116', '41.3206']",Arhavi - Kabisre river basin,LOC,false
10000,landslide/LOC.78,LOC.78,#2579e8,landslide.LOC.78,"['11.9176', '43.7711']",Arno basin,LOC,false
10000,landslide/LOC.79,LOC.79,#2579e8,landslide.LOC.79,"['103.8198', '34.0479']",Asia,LOC,false
10000,landslide/LOC.80,LOC.80,#2579e8,landslide.LOC.80,"['100.0', '30.0']",Asian Highway,LOC,false
10000,landslide/LOC.81,LOC.81,#2579e8,landslide.LOC.81,"['105.0', '20.0']",Asian Highway - 1,LOC,false
10000,landslide/LOC.82,LOC.82,#2579e8,landslide.LOC.82,"['42.5325', '19.1390']",Asir,LOC,false
10000,landslide/LOC.83,LOC.83,#2579e8,landslide.LOC.83,"['142.9833', '43.5399']",Atsuma,LOC,false
10000,landslide/LOC.84,LOC.84,#2579e8,landslide.LOC.84,"['142.9855', '43.5494']",Atsuma Town,LOC,false
10000,landslide/LOC.85,LOC.85,#2579e8,landslide.LOC.85,"['23.7294', '37.9838']",Attica,LOC,false
10000,landslide/LOC.86,LOC.86,#2579e8,landslide.LOC.86,"['23.7428', '37.9838']",Attica region in Greece,LOC,false
10000,landslide/LOC.87,LOC.87,#2579e8,landslide.LOC.87,"['4.0017', '48.0999']",Aube department,LOC,false
10000,landslide/LOC.88,LOC.88,#2579e8,landslide.LOC.88,"['14.5501', '47.5162']",Austria,LOC,false
10000,landslide/LOC.89,LOC.89,#2579e8,landslide.LOC.89,"['13.3333', '47.3333']",Austrian municipalities,LOC,false
10000,landslide/LOC.90,LOC.90,#2579e8,landslide.LOC.90,"['13.3333', '47.3333']",Austrian territory,LOC,false
10000,landslide/LOC.91,LOC.91,#2579e8,landslide.LOC.91,"['38.4687', '40.8933']",Avutmus district of Sebinkarahisar,LOC,false
10000,landslide/LOC.92,LOC.92,#2579e8,landslide.LOC.92,"['7.4188', '6.1978']",Awgu,LOC,false
10000,landslide/LOC.93,LOC.93,#2579e8,landslide.LOC.93,"['73.7674', '33.6007']",Azad Jammu,LOC,false
10000,landslide/LOC.94,LOC.94,#2579e8,landslide.LOC.94,"['74.3926', '33.7878']",Azad Jammu and Kashmir region of Pakistan,LOC,false
10000,landslide/LOC.95,LOC.95,#2579e8,landslide.LOC.95,"['74.3926', '33.7878']",Azad Kashmir,LOC,false
10000,landslide/LOC.96,LOC.96,#2579e8,landslide.LOC.96,"['64.2439', '31.6244']",Azad River,LOC,false
10000,landslide/LOC.97,LOC.97,#2579e8,landslide.LOC.97,"['25.6833', '37.7412']",Azores,LOC,false
10000,landslide/LOC.98,LOC.98,#2579e8,landslide.LOC.98,"['71.6874', '36.4325']",Badakhshan Province,LOC,false
10000,landslide/LOC.99,LOC.99,#2579e8,landslide.LOC.99,"['71.1062', '36.7389']",Badakhshan province of Afghanistan,LOC,false
10000,landslide/LOC.100,LOC.100,#2579e8,landslide.LOC.100,"['111.3586', '31.0444']",Badong,LOC,false
10000,landslide/LOC.101,LOC.101,#2579e8,landslide.LOC.101,"['111.7078', '31.0025']",Badong Country,LOC,false
10000,landslide/LOC.102,LOC.102,#2579e8,landslide.LOC.102,"['81.0846', '6.9934']",Badulla District,LOC,false
10000,landslide/LOC.103,LOC.103,#2579e8,landslide.LOC.103,"['99.8348', '33.9788']",Baige,LOC,false
10000,landslide/LOC.104,LOC.104,#2579e8,landslide.LOC.104,"['81.4525', '40.1375']",Baige Village,LOC,false
10000,landslide/LOC.105,LOC.105,#2579e8,landslide.LOC.105,"['103.5095', '35.0698']",Bailong River Basin,LOC,false
10000,landslide/LOC.106,LOC.106,#2579e8,landslide.LOC.106,"['102.7069', '34.6093']",Bailongjiang River,LOC,false
10000,landslide/LOC.107,LOC.107,#2579e8,landslide.LOC.107,"['102.7390', '34.5964']",Bailongjiang watershed in southern Gansu province,LOC,false
10000,landslide/LOC.108,LOC.108,#2579e8,landslide.LOC.108,"['120.0093', '30.3423']",Baiyuzui,LOC,false
10000,landslide/LOC.109,LOC.109,#2579e8,landslide.LOC.109,"['88.9724', '28.0540']",Balason River basin,LOC,false
10000,landslide/LOC.110,LOC.110,#2579e8,landslide.LOC.110,"['100.2190', '5.3528']",Balik Pulau area in Penang Island,LOC,false
10000,landslide/LOC.111,LOC.111,#2579e8,landslide.LOC.111,"['103.9482', '22.8861']",Ban Khoang,LOC,false
10000,landslide/LOC.112,LOC.112,#2579e8,landslide.LOC.112,"['99.8642', '20.4864']",Ban Pha Duea at Mae Salong Nai,LOC,false
10000,landslide/LOC.113,LOC.113,#2579e8,landslide.LOC.113,"['112.6610', '0.7966']",Banaran,LOC,false
10000,landslide/LOC.114,LOC.114,#2579e8,landslide.LOC.114,"['54.7294', '36.8452']",Bandar Torkaman in northern Iran,LOC,false
10000,landslide/LOC.115,LOC.115,#2579e8,landslide.LOC.115,"['82.0718', '29.8600']",Bangesimal and Manma towns,LOC,false
10000,landslide/LOC.116,LOC.116,#2579e8,landslide.LOC.116,"['90.3563', '23.6850']",Bangladesh,LOC,false
10000,landslide/LOC.117,LOC.117,#2579e8,landslide.LOC.117,"['112.2661', '28.7105']",bank of Yangtze and its major tributaries,LOC,false
10000,landslide/LOC.118,LOC.118,#2579e8,landslide.LOC.118,"['81.2696', '29.2767']",banks of the Karnali River,LOC,false
10000,landslide/LOC.119,LOC.119,#2579e8,landslide.LOC.119,"['106.1092', '-6.4058']",Banten,LOC,false
10000,landslide/LOC.120,LOC.120,#2579e8,landslide.LOC.120,"['110.2766', '35.0127']",Baota District,LOC,false
10000,landslide/LOC.121,LOC.121,#2579e8,landslide.LOC.121,"['6.6647', '44.3867']",Barcelonnette Basin,LOC,false
10000,landslide/LOC.122,LOC.122,#2579e8,landslide.LOC.122,"['32.4610', '41.8387']",Bartin Province of Western Black Sea,LOC,false
10000,landslide/LOC.123,LOC.123,#2579e8,landslide.LOC.123,"['16.5559', '40.6395']",Basilicata,LOC,false
10000,landslide/LOC.124,LOC.124,#2579e8,landslide.LOC.124,"['10.1096', '43.7711']",basin of the Arno River,LOC,false
10000,landslide/LOC.125,LOC.125,#2579e8,landslide.LOC.125,"['104.0319', '1.1301']",Batam Island,LOC,false
10000,landslide/LOC.126,LOC.126,#2579e8,landslide.LOC.126,"['104.0646', '-0.9223']",Batu Aji Subdistrict,LOC,false
10000,landslide/LOC.127,LOC.127,#2579e8,landslide.LOC.127,"['119.8671', '31.8854']",Baxie River basin,LOC,false
10000,landslide/LOC.128,LOC.128,#2579e8,landslide.LOC.128,"['106.5655', '29.7328']",Bazimen,LOC,false
10000,landslide/LOC.129,LOC.129,#2579e8,landslide.LOC.129,"['-73.9926', '40.7440']",BC,LOC,false
10000,landslide/LOC.130,LOC.130,#2579e8,landslide.LOC.130,"['72.8572', '39.8322']",Bedrug,LOC,false
10000,landslide/LOC.131,LOC.131,#2579e8,landslide.LOC.131,"['104.2755', '31.8284']",Beichuan Country,LOC,false
10000,landslide/LOC.132,LOC.132,#2579e8,landslide.LOC.132,"['104.2227', '31.7851']",Beichuan county town,LOC,false
10000,landslide/LOC.133,LOC.133,#2579e8,landslide.LOC.133,"['111.6933', '24.5792']",Beijiang River Basin,LOC,false
10000,landslide/LOC.134,LOC.134,#2579e8,landslide.LOC.134,"['116.4074', '39.9042']",Beijing,LOC,false
10000,landslide/LOC.135,LOC.135,#2579e8,landslide.LOC.135,"['113.0473', '-8.1543']",Bekiring,LOC,false
10000,landslide/LOC.136,LOC.136,#2579e8,landslide.LOC.136,"['2.8453', '50.5039']",Belg,LOC,false
10000,landslide/LOC.137,LOC.137,#2579e8,landslide.LOC.137,"['4.4699', '50.5039']",Belgium,LOC,false
10000,landslide/LOC.138,LOC.138,#2579e8,landslide.LOC.138,"['-5.0424', '36.5236']",Benahavis,LOC,false
10000,landslide/LOC.139,LOC.139,#2579e8,landslide.LOC.139,"['120.6020', '16.4160']",Benguet,LOC,false
10000,landslide/LOC.140,LOC.140,#2579e8,landslide.LOC.140,"['84.6077', '27.7905']",Benighat - Rorang RM,LOC,false
10000,landslide/LOC.141,LOC.141,#2579e8,landslide.LOC.141,"['84.6077', '27.7905']",Benighat - Rorang Rural Municipality,LOC,false
10000,landslide/LOC.142,LOC.142,#2579e8,landslide.LOC.142,"['-1.3607', '35.1264']",Bensekrane in Tlemcen in Algeria,LOC,false
10000,landslide/LOC.143,LOC.143,#2579e8,landslide.LOC.143,"['99.8516', '27.8250']",Benzilan Town and Waka Town,LOC,false
10000,landslide/LOC.144,LOC.144,#2579e8,landslide.LOC.144,"['78.3764', '31.3555']",Bhagirathi river basin,LOC,false
10000,landslide/LOC.145,LOC.145,#2579e8,landslide.LOC.145,"['78.9228', '30.0664']",Bhagirathi river valley in the Indian Himalayas,LOC,false
10000,landslide/LOC.146,LOC.146,#2579e8,landslide.LOC.146,"['82.2386', '28.8727']",Bhalubang - Shiwapur section of Mahendra Highway lying in Western Nepal,LOC,false
10000,landslide/LOC.147,LOC.147,#2579e8,landslide.LOC.147,"['77.0925', '29.4393']",Bhanupali - Beri,LOC,false
10000,landslide/LOC.148,LOC.148,#2579e8,landslide.LOC.148,"['77.4981', '11.2326']",Bhavani basin,LOC,false
10000,landslide/LOC.149,LOC.149,#2579e8,landslide.LOC.149,"['90.4336', '27.5142']",Bhutan,LOC,false
10000,landslide/LOC.150,LOC.150,#2579e8,landslide.LOC.150,"['47.6114', '35.8664']",Bijar City,LOC,false
10000,landslide/LOC.151,LOC.151,#2579e8,landslide.LOC.151,"['47.6114', '35.8664']",Bijar City in Kurdistan province,LOC,false
10000,landslide/LOC.152,LOC.152,#2579e8,landslide.LOC.152,"['47.7475', '35.8691']",Bijar County,LOC,false
10000,landslide/LOC.153,LOC.153,#2579e8,landslide.LOC.153,"['105.3015', '27.2985']",Bijie,LOC,false
10000,landslide/LOC.154,LOC.154,#2579e8,landslide.LOC.154,"['105.3015', '27.2985']",Bijie in the Karst Region of Southwest China,LOC,false
10000,landslide/LOC.155,LOC.155,#2579e8,landslide.LOC.155,"['15.4859', '40.9485']",Bisaccia,LOC,false
10000,landslide/LOC.156,LOC.156,#2579e8,landslide.LOC.156,"['36.3002', '41.3237']",Black Sea,LOC,false
10000,landslide/LOC.157,LOC.157,#2579e8,landslide.LOC.157,"['41.6432', '41.1603']",Black Sea coast in the Artvin province,LOC,false
10000,landslide/LOC.158,LOC.158,#2579e8,landslide.LOC.158,"['77.0208', '11.5148']",Bodi - Bodimettu Ghat section,LOC,false
10000,landslide/LOC.159,LOC.159,#2579e8,landslide.LOC.159,"['127.2841', '36.4923']",Boeun,LOC,false
10000,landslide/LOC.160,LOC.160,#2579e8,landslide.LOC.160,"['127.7570', '36.4877']",Boeun in Korea,LOC,false
10000,landslide/LOC.161,LOC.161,#2579e8,landslide.LOC.161,"['106.7955', '-6.5950']",Bogor,LOC,false
10000,landslide/LOC.162,LOC.162,#2579e8,landslide.LOC.162,"['73.3512', '4.7110']",Bogota - Villavicencio road in the central sector of the Eastern Cordillera,LOC,false
10000,landslide/LOC.163,LOC.163,#2579e8,landslide.LOC.163,"['36.7199', '7.2749']",Bonga town,LOC,false
10000,landslide/LOC.164,LOC.164,#2579e8,landslide.LOC.164,"['69.3073', '41.3929']",Bostanlik district,LOC,false
10000,landslide/LOC.165,LOC.165,#2579e8,landslide.LOC.165,"['69.3073', '41.3929']",Bostanlik districts of Tashkent,LOC,false
10000,landslide/LOC.166,LOC.166,#2579e8,landslide.LOC.166,"['112.2707', '31.9489']",both sides of the Yangtze River,LOC,false
10000,landslide/LOC.167,LOC.167,#2579e8,landslide.LOC.167,"['13.1799', '3.3642']",Bouandas,LOC,false
10000,landslide/LOC.168,LOC.168,#2579e8,landslide.LOC.168,"['15.5858', '3.5126']",Boun,LOC,false
10000,landslide/LOC.169,LOC.169,#2579e8,landslide.LOC.169,"['127.3176', '36.8172']",Boun region of Korea,LOC,false
10000,landslide/LOC.170,LOC.170,#2579e8,landslide.LOC.170,"['110.6749', '-7.5315']",Boyolali Regency,LOC,false
10000,landslide/LOC.171,LOC.171,#2579e8,landslide.LOC.171,"['83.4380', '23.8335']",Brahmur,LOC,false
10000,landslide/LOC.172,LOC.172,#2579e8,landslide.LOC.172,"['51.9253', '14.2350']",Brazil,LOC,false
10000,landslide/LOC.173,LOC.173,#2579e8,landslide.LOC.173,"['49.2725', '-15.8267']",Brazilian countryside,LOC,false
10000,landslide/LOC.174,LOC.174,#2579e8,landslide.LOC.174,"['9.6690', '45.8937']",Brembilla Municipality,LOC,false
10000,landslide/LOC.175,LOC.175,#2579e8,landslide.LOC.175,"['122.8140', '11.4550']",Brgy,LOC,false
10000,landslide/LOC.176,LOC.176,#2579e8,landslide.LOC.176,"['125.6972', '53.7267']",British Columbia,LOC,false
10000,landslide/LOC.177,LOC.177,#2579e8,landslide.LOC.177,"['128.0000', '53.7267']",British Columbia north coast,LOC,false
10000,landslide/LOC.178,LOC.178,#2579e8,landslide.LOC.178,"['16.7776', '39.2927']",Buoninventre,LOC,false
10000,landslide/LOC.179,LOC.179,#2579e8,landslide.LOC.179,"['26.3075', '45.1500']",Buzau Sector of the Curvature Subcarpathians of Romania,LOC,false
10000,landslide/LOC.180,LOC.180,#2579e8,landslide.LOC.180,"['-119.4179', '36.7783']","CA (California, USA)",LOC,false
10000,landslide/LOC.181,LOC.181,#2579e8,landslide.LOC.181,"['124.6853', '8.4800']",Cagayan de Oro -LRB- CDO -RRB- - Bukidnon - Davao City -LRB- Buda -RRB- highway,LOC,false
10000,landslide/LOC.182,LOC.182,#2579e8,landslide.LOC.182,"['112.2219', '30.3151']",Caiyuan Basin,LOC,false
10000,landslide/LOC.183,LOC.183,#2579e8,landslide.LOC.183,"['16.4128', '38.9059']",Calabria,LOC,false
10000,landslide/LOC.184,LOC.184,#2579e8,landslide.LOC.184,"['16.4128', '38.9059']",Calabrian,LOC,false
10000,landslide/LOC.185,LOC.185,#2579e8,landslide.LOC.185,"['16.4128', '38.9059']",Calabrian territory,LOC,false
10000,landslide/LOC.186,LOC.186,#2579e8,landslide.LOC.186,"['75.7662', '11.2588']",Calicut Nilampur Gudalurghat section,LOC,false
10000,landslide/LOC.187,LOC.187,#2579e8,landslide.LOC.187,"['119.4179', '36.7783']",California,LOC,false
10000,landslide/LOC.188,LOC.188,#2579e8,landslide.LOC.188,"['119.4179', '36.7783']",California site,LOC,false
10000,landslide/LOC.189,LOC.189,#2579e8,landslide.LOC.189,"['15.3552', '40.9487']",Calitri,LOC,false
10000,landslide/LOC.190,LOC.190,#2579e8,landslide.LOC.190,"['11.3930', '43.3994']",Camaldoli and Agnano hill,LOC,false
10000,landslide/LOC.191,LOC.191,#2579e8,landslide.LOC.191,"['104.9909', '12.5657']",Cambodia,LOC,false
10000,landslide/LOC.192,LOC.192,#2579e8,landslide.LOC.192,"['99.3386', '4.6126']",Cameron,LOC,false
10000,landslide/LOC.193,LOC.193,#2579e8,landslide.LOC.193,"['145.9914', '-24.9015']",Cameron catchment,LOC,false
10000,landslide/LOC.194,LOC.194,#2579e8,landslide.LOC.194,"['101.3925', '4.4721']",Cameron Highland,LOC,false
10000,landslide/LOC.195,LOC.195,#2579e8,landslide.LOC.195,"['101.3925', '4.4721']",Cameron Highlands,LOC,false
10000,landslide/LOC.196,LOC.196,#2579e8,landslide.LOC.196,"['101.3925', '4.4721']",Cameron Highlands areas in Malaysia,LOC,false
10000,landslide/LOC.197,LOC.197,#2579e8,landslide.LOC.197,"['12.3547', '7.3697']",Cameroon,LOC,false
10000,landslide/LOC.198,LOC.198,#2579e8,landslide.LOC.198,"['12.0', '5.0']",Cameroon Volcanic Line,LOC,false
10000,landslide/LOC.199,LOC.199,#2579e8,landslide.LOC.199,"['14.5', '40.8']",Campania,LOC,false
10000,landslide/LOC.200,LOC.200,#2579e8,landslide.LOC.200,"['106.3468', '56.1304']",Canada,LOC,false
10000,landslide/LOC.201,LOC.201,#2579e8,landslide.LOC.201,"['35.0513', '38.3992']",Candir catchment,LOC,false
10000,landslide/LOC.202,LOC.202,#2579e8,landslide.LOC.202,"['9.1939', '45.0567']",Canneto Pavese,LOC,false
10000,landslide/LOC.203,LOC.203,#2579e8,landslide.LOC.203,"['6.5657', '46.6273']",Canton Vaud,LOC,false
10000,landslide/LOC.204,LOC.204,#2579e8,landslide.LOC.204,"['14.0206', '42.1097']",Caramanico Terme,LOC,false
10000,landslide/LOC.205,LOC.205,#2579e8,landslide.LOC.205,"['66.7215', '18.4698']",Caribbean islands,LOC,false
10000,landslide/LOC.206,LOC.206,#2579e8,landslide.LOC.206,"['66.7215', '18.4698']",Caribbean shows,LOC,false
10000,landslide/LOC.207,LOC.207,#2579e8,landslide.LOC.207,"['19.1451', '49.8153']",Carpathian region in southern Poland,LOC,false
10000,landslide/LOC.208,LOC.208,#2579e8,landslide.LOC.208,"['73.4115', '46.7453']",Carretera Austral,LOC,false
10000,landslide/LOC.209,LOC.209,#2579e8,landslide.LOC.209,"['83.9467', '9.8771']",Cartago,LOC,false
10000,landslide/LOC.210,LOC.210,#2579e8,landslide.LOC.210,"['16.6051', '38.8876']",Catanzaro,LOC,false
10000,landslide/LOC.211,LOC.211,#2579e8,landslide.LOC.211,"['128.1938', '38.0673']",catchment in the Inje region of South Korea,LOC,false
10000,landslide/LOC.212,LOC.212,#2579e8,landslide.LOC.212,"['26.7561', '3.9386']",catchment of the Vunguvungu and Banga rivers,LOC,false
10000,landslide/LOC.213,LOC.213,#2579e8,landslide.LOC.213,"['84.1240', '27.7086']",catchments of the Siwaliks in the Nepal Himalaya,LOC,false
10000,landslide/LOC.214,LOC.214,#2579e8,landslide.LOC.214,"['103.8927', '1.3343']",CCC,LOC,false
10000,landslide/LOC.215,LOC.215,#2579e8,landslide.LOC.215,"['100.6814', '17.4392']",center and southern region of Guerrero,LOC,false
10000,landslide/LOC.216,LOC.216,#2579e8,landslide.LOC.216,"['126.9780', '37.5665']",center of Seoul,LOC,false
10000,landslide/LOC.217,LOC.217,#2579e8,landslide.LOC.217,"['34.8888', '1.3733']",central - east Africa,LOC,false
10000,landslide/LOC.218,LOC.218,#2579e8,landslide.LOC.218,"['35.0', '1.0']",Central - East African,LOC,false
10000,landslide/LOC.219,LOC.219,#2579e8,landslide.LOC.219,"['51.4215', '35.7510']",Central Alborz,LOC,false
10000,landslide/LOC.220,LOC.220,#2579e8,landslide.LOC.220,"['-86.9023', '14.9161']",Central America,LOC,false
10000,landslide/LOC.221,LOC.221,#2579e8,landslide.LOC.221,"['100.5633', '27.7554']",central and southeastern regions of the Hengduan Mountain,LOC,false
10000,landslide/LOC.222,LOC.222,#2579e8,landslide.LOC.222,"['21.7956', '38.2466']",Central and Western Greece,LOC,false
10000,landslide/LOC.223,LOC.223,#2579e8,landslide.LOC.223,"['114.1772', '22.3193']",central area of Hong Kong,LOC,false
10000,landslide/LOC.224,LOC.224,#2579e8,landslide.LOC.224,"['114.0545', '22.5431']",central area of Shenzhen,LOC,false
10000,landslide/LOC.225,LOC.225,#2579e8,landslide.LOC.225,"['65.4910', '47.7511']",Central Asia,LOC,false
10000,landslide/LOC.226,LOC.226,#2579e8,landslide.LOC.226,"['-70.1924', '-33.7502']",central Chilean Andes,LOC,false
10000,landslide/LOC.227,LOC.227,#2579e8,landslide.LOC.227,"['39.5490', '9.1450']",Central Ethiopia,LOC,false
10000,landslide/LOC.228,LOC.228,#2579e8,landslide.LOC.228,"['15.2551', '49.8153']",Central Europe,LOC,false
10000,landslide/LOC.229,LOC.229,#2579e8,landslide.LOC.229,"['86.9203', '27.8418']",Central Himalaya,LOC,false
10000,landslide/LOC.230,LOC.230,#2579e8,landslide.LOC.230,"['81.2402', '29.3632']",central Himalayan arc,LOC,false
10000,landslide/LOC.231,LOC.231,#2579e8,landslide.LOC.231,"['-114.6340', '44.0682']",central Idaho,LOC,false
10000,landslide/LOC.232,LOC.232,#2579e8,landslide.LOC.232,"['12.5674', '41.8719']",Central Italy,LOC,false
10000,landslide/LOC.233,LOC.233,#2579e8,landslide.LOC.233,"['110.4203', '-7.1095']",Central Java Province,LOC,false
10000,landslide/LOC.234,LOC.234,#2579e8,landslide.LOC.234,"['17.1059', '35.8617']",central Mediterranean Sea,LOC,false
10000,landslide/LOC.235,LOC.235,#2579e8,landslide.LOC.235,"['84.1240', '28.3949']",central Nepal,LOC,false
10000,landslide/LOC.236,LOC.236,#2579e8,landslide.LOC.236,"['84.4869', '28.3672']",central part of Barpak village,LOC,false
10000,landslide/LOC.237,LOC.237,#2579e8,landslide.LOC.237,"['106.2468', '22.4816']",central part of Lao Cai province,LOC,false
10000,landslide/LOC.238,LOC.238,#2579e8,landslide.LOC.238,"['24.4895', '35.3610']",Central part of Rethymnon Prefecture,LOC,false
10000,landslide/LOC.239,LOC.239,#2579e8,landslide.LOC.239,"['16.2500', '38.2500']",Central part of the Calabria,LOC,false
10000,landslide/LOC.240,LOC.240,#2579e8,landslide.LOC.240,"['84.6611', '28.0806']",Central part of the Gorkha District,LOC,false
10000,landslide/LOC.241,LOC.241,#2579e8,landslide.LOC.241,"['86.5', '28.5']",Central part of the Nepal Himalayas,LOC,false
10000,landslide/LOC.242,LOC.242,#2579e8,landslide.LOC.242,"['25.0', '40.0']",Central Radunia Valley,LOC,false
10000,landslide/LOC.243,LOC.243,#2579e8,landslide.LOC.243,"['85.0', '27.5']",Central region of the Nepal Himalaya,LOC,false
10000,landslide/LOC.244,LOC.244,#2579e8,landslide.LOC.244,"['120.5', '23.5']",Central Taiwan,LOC,false
10000,landslide/LOC.245,LOC.245,#2579e8,landslide.LOC.245,"['108.0', '14.0']",Central Vietnam,LOC,false
10000,landslide/LOC.246,LOC.246,#2579e8,landslide.LOC.246,"['120.0', '23.5']",Central western Taiwan,LOC,false
10000,landslide/LOC.247,LOC.247,#2579e8,landslide.LOC.247,"['109.1915', '23.1413']",Cenxi,LOC,false
10000,landslide/LOC.248,LOC.248,#2579e8,landslide.LOC.248,"['110.6750', '-7.6411']",Cepogo Sub Districts,LOC,false
10000,landslide/LOC.249,LOC.249,#2579e8,landslide.LOC.249,"['35.5639', '37.0']",Ceyhan river watershed,LOC,false
10000,landslide/LOC.250,LOC.250,#2579e8,landslide.LOC.250,"['50.0', '35.0']",CHA,LOC,false
10000,landslide/LOC.251,LOC.251,#2579e8,landslide.LOC.251,"['50.0', '32.5']",Chaharmahal - w - bakhtiari,LOC,false
10000,landslide/LOC.252,LOC.252,#2579e8,landslide.LOC.252,"['76.1194', '32.5532']",Chamba,LOC,false
10000,landslide/LOC.253,LOC.253,#2579e8,landslide.LOC.253,"['76.1194', '32.5532']",Chamba and Bharmour cities,LOC,false
10000,landslide/LOC.254,LOC.254,#2579e8,landslide.LOC.254,"['76.1194', '32.5532']",Chamba region in bosom of Himalaya,LOC,false
10000,landslide/LOC.255,LOC.255,#2579e8,landslide.LOC.255,"['76.1194', '32.5532']",Chamba to Bharmour road corridor of National Highway,LOC,false
10000,landslide/LOC.256,LOC.256,#2579e8,landslide.LOC.256,"['76.1194', '32.5532']",Chamba to Bharmour road corridor of NH-154A in Himachal Pradesh,LOC,false
10000,landslide/LOC.257,LOC.257,#2579e8,landslide.LOC.257,"['79.5357', '30.4371']",Chamoli district,LOC,false
10000,landslide/LOC.258,LOC.258,#2579e8,landslide.LOC.258,"['79.4696', '30.4102']",Chamoli district of Uttarakhand,LOC,false
10000,landslide/LOC.259,LOC.259,#2579e8,landslide.LOC.259,"['77.6321', '31.1048']",Chandigarh - Manali highway,LOC,false
10000,landslide/LOC.260,LOC.260,#2579e8,landslide.LOC.260,"['95.4375', '27.0784']",Chandmari,LOC,false
10000,landslide/LOC.261,LOC.261,#2579e8,landslide.LOC.261,"['95.4375', '27.0784']",Chandmari landslide,LOC,false
10000,landslide/LOC.262,LOC.262,#2579e8,landslide.LOC.262,"['126.1342', '41.9973']",Changbai Mountain,LOC,false
10000,landslide/LOC.263,LOC.263,#2579e8,landslide.LOC.263,"['126.2229', '41.8465']",Changbai Mountain Area in Jilin Province,LOC,false
10000,landslide/LOC.264,LOC.264,#2579e8,landslide.LOC.264,"['97.1912', '31.1382']",Changdu and Nyingchi Cities,LOC,false
10000,landslide/LOC.265,LOC.265,#2579e8,landslide.LOC.265,"['111.2670', '23.9572']",Changzhou town in Wuzhou,LOC,false
10000,landslide/LOC.266,LOC.266,#2579e8,landslide.LOC.266,"['24.0167', '35.5121']",Chania Prefecture,LOC,false
10000,landslide/LOC.267,LOC.267,#2579e8,landslide.LOC.267,"['24.0167', '35.5121']",Chania Prefecture of Crete Island,LOC,false
10000,landslide/LOC.268,LOC.268,#2579e8,landslide.LOC.268,"['24.0167', '35.5121']",Chania regional,LOC,false
10000,landslide/LOC.269,LOC.269,#2579e8,landslide.LOC.269,"['88.3427', '27.0603']",Chapanu,LOC,false
10000,landslide/LOC.270,LOC.270,#2579e8,landslide.LOC.270,"['84.3136', '27.8467']",Charnath,LOC,false
10000,landslide/LOC.271,LOC.271,#2579e8,landslide.LOC.271,"['84.3136', '27.8467']",Charnath and Jalad of the Siwaliks in eastern Nepal,LOC,false
10000,landslide/LOC.272,LOC.272,#2579e8,landslide.LOC.272,"['91.8004', '22.3569']",Chattagram District of Bangladesh,LOC,false
10000,landslide/LOC.273,LOC.273,#2579e8,landslide.LOC.273,"['98.2500', '30.0997']",Chaya County,LOC,false
10000,landslide/LOC.274,LOC.274,#2579e8,landslide.LOC.274,"['37.4875', '14.2344']",Chemoga River Sub-Basin,LOC,false
10000,landslide/LOC.275,LOC.275,#2579e8,landslide.LOC.275,"['37.4875', '14.2344']",Chemoga watershed,LOC,false
10000,landslide/LOC.276,LOC.276,#2579e8,landslide.LOC.276,"['75.7170', '33.6404']",Chenab valley,LOC,false
10000,landslide/LOC.277,LOC.277,#2579e8,landslide.LOC.277,"['104.0669', '30.5728']",Chengdu city,LOC,false
10000,landslide/LOC.278,LOC.278,#2579e8,landslide.LOC.278,"['107.5482', '36.0489']",Chenggu County,LOC,false
10000,landslide/LOC.279,LOC.279,#2579e8,landslide.LOC.279,"['108.9360', '31.0056']",Chengkou,LOC,false
10000,landslide/LOC.280,LOC.280,#2579e8,landslide.LOC.280,"['127.4886', '36.6434']",CheongJu region in South Korea,LOC,false
10000,landslide/LOC.281,LOC.281,#2579e8,landslide.LOC.281,"['99.8947', '19.9105']",Chiang Rai,LOC,false
10000,landslide/LOC.282,LOC.282,#2579e8,landslide.LOC.282,"['99.9917', '19.8912']",Chiang Rai and Chiang Mai Provinces,LOC,false
10000,landslide/LOC.283,LOC.283,#2579e8,landslide.LOC.283,"['71.5429', '35.6751']",Chile,LOC,false
10000,landslide/LOC.284,LOC.284,#2579e8,landslide.LOC.284,"['104.1954', '35.8617']",China,LOC,false
10000,landslide/LOC.285,LOC.285,#2579e8,landslide.LOC.285,"['83.9046', '28.1715']",China - Nepal road corridors in the Kali Gandaki valley,LOC,false
10000,landslide/LOC.286,LOC.286,#2579e8,landslide.LOC.286,"['73.0651', '24.8607']",China - Pakistan Economic Corridor,LOC,false
10000,landslide/LOC.287,LOC.287,#2579e8,landslide.LOC.287,"['101.2403', '14.7566']",China - Thailand Railway from Saraburi to Sikhio,LOC,false
10000,landslide/LOC.288,LOC.288,#2579e8,landslide.LOC.288,"['77.6936', '35.8863']",China Pakistan Karakoram Highway,LOC,false
10000,landslide/LOC.289,LOC.289,#2579e8,landslide.LOC.289,"['118.0819', '25.2663']",China 's Fujian province,LOC,false
10000,landslide/LOC.290,LOC.290,#2579e8,landslide.LOC.290,"['85.3153', '28.3949']",Chinese Himalayas in Tibet,LOC,false
10000,landslide/LOC.291,LOC.291,#2579e8,landslide.LOC.291,"['107.9075', '35.3323']",Chinese Loess Plateau,LOC,false
10000,landslide/LOC.292,LOC.292,#2579e8,landslide.LOC.292,"['102.7096', '28.3831']",Chinese mountainous,LOC,false
10000,landslide/LOC.293,LOC.293,#2579e8,landslide.LOC.293,"['120.6472', '24.1179']",Chinshui watershed,LOC,false
10000,landslide/LOC.294,LOC.294,#2579e8,landslide.LOC.294,"['121.3002', '24.8748']",Chishan River watershed in Taiwan,LOC,false
10000,landslide/LOC.295,LOC.295,#2579e8,landslide.LOC.295,"['121.2631', '24.8852']",Chishan watershed,LOC,false
10000,landslide/LOC.296,LOC.296,#2579e8,landslide.LOC.296,"['71.7829', '35.8504']",Chitral,LOC,false
10000,landslide/LOC.297,LOC.297,#2579e8,landslide.LOC.297,"['71.8601', '35.8515']",Chitral district,LOC,false
10000,landslide/LOC.298,LOC.298,#2579e8,landslide.LOC.298,"['71.8453', '35.8461']",Chitral valley,LOC,false
10000,landslide/LOC.299,LOC.299,#2579e8,landslide.LOC.299,"['91.8008', '22.3569']",Chittagong City Corporation,LOC,false
10000,landslide/LOC.300,LOC.300,#2579e8,landslide.LOC.300,"['91.8008', '22.3569']",Chittagong District of Bangladesh,LOC,false
10000,landslide/LOC.301,LOC.301,#2579e8,landslide.LOC.301,"['91.8008', '22.3930']",Chittagong Hilly,LOC,false
10000,landslide/LOC.302,LOC.302,#2579e8,landslide.LOC.302,"['37.9190', '10.5083']",Choke Mountain,LOC,false
10000,landslide/LOC.303,LOC.303,#2579e8,landslide.LOC.303,"['106.5516', '29.5628']",Chongqing,LOC,false
10000,landslide/LOC.304,LOC.304,#2579e8,landslide.LOC.304,"['106.5516', '29.5628']",Chongqing City,LOC,false
10000,landslide/LOC.305,LOC.305,#2579e8,landslide.LOC.305,"['115.3546', '27.6868']",Chongren,LOC,false
10000,landslide/LOC.306,LOC.306,#2579e8,landslide.LOC.306,"['116.0497', '25.8900']",Chongren County,LOC,false
10000,landslide/LOC.307,LOC.307,#2579e8,landslide.LOC.307,"['114.0278', '25.5837']",Chongyi County,LOC,false
10000,landslide/LOC.308,LOC.308,#2579e8,landslide.LOC.308,"['92.3789', '23.9059']",CHT,LOC,false
10000,landslide/LOC.309,LOC.309,#2579e8,landslide.LOC.309,"['138.9096', '37.2657']",Chuetsu,LOC,false
10000,landslide/LOC.310,LOC.310,#2579e8,landslide.LOC.310,"['138.9176', '37.4328']",Chuetsu - Niigata,LOC,false
10000,landslide/LOC.311,LOC.311,#2579e8,landslide.LOC.311,"['89.5824', '27.1175']",Chukha Dzongkhag,LOC,false
10000,landslide/LOC.312,LOC.312,#2579e8,landslide.LOC.312,"['127.7388', '37.8749']",Chuncheon,LOC,false
10000,landslide/LOC.313,LOC.313,#2579e8,landslide.LOC.313,"['120.5688', '24.1258']",Chuoshui River in Taiwan,LOC,false
10000,landslide/LOC.314,LOC.314,#2579e8,landslide.LOC.314,"['101.5550', '25.0266']",Chuxiong,LOC,false
10000,landslide/LOC.315,LOC.315,#2579e8,landslide.LOC.315,"['9.6491', '44.1112']",Cinque Terre,LOC,false
10000,landslide/LOC.316,LOC.316,#2579e8,landslide.LOC.316,"['46.3325', '23.9542']",city of Santos,LOC,false
10000,landslide/LOC.317,LOC.317,#2579e8,landslide.LOC.317,"['122.3321', '47.6062']",City of Seattle,LOC,false
10000,landslide/LOC.318,LOC.318,#2579e8,landslide.LOC.318,"['-115.8504', '45.4877']",Clearwater National Forest,LOC,false
10000,landslide/LOC.319,LOC.319,#2579e8,landslide.LOC.319,"['-115.8504', '45.4877']",Clearwater National Forest in north-central Idaho,LOC,false
10000,landslide/LOC.320,LOC.320,#2579e8,landslide.LOC.320,"['120.3194', '45.2530']",Cleveland Corral,LOC,false
10000,landslide/LOC.321,LOC.321,#2579e8,landslide.LOC.321,"['72.8374', '18.5204']",CMA,LOC,false
10000,landslide/LOC.322,LOC.322,#2579e8,landslide.LOC.322,"['114.3900', '46.6169']",CNF,LOC,false
10000,landslide/LOC.323,LOC.323,#2579e8,landslide.LOC.323,"['112.5627', '37.7010']",coal mining mountain area of Shanxi Province,LOC,false
10000,landslide/LOC.324,LOC.324,#2579e8,landslide.LOC.324,"['88.8965', '13.7942']",coastal area of El Salvador,LOC,false
10000,landslide/LOC.325,LOC.325,#2579e8,landslide.LOC.325,"['9.2333', '32.3000']",coastal cliffs in the south of Safi,LOC,false
10000,landslide/LOC.326,LOC.326,#2579e8,landslide.LOC.326,"['0.0892', '35.9314']",coastal district of Mostaganem,LOC,false
10000,landslide/LOC.327,LOC.327,#2579e8,landslide.LOC.327,"['122.4869', '37.6138']",coastal watershed in Pacifica,LOC,false
10000,landslide/LOC.328,LOC.328,#2579e8,landslide.LOC.328,"['5.3037', '35.7568']",coastline between Tetouan and Bou Ahmed in the northernmost Rif of Morocco and its hinterland,LOC,false
10000,landslide/LOC.329,LOC.329,#2579e8,landslide.LOC.329,"['5.3037', '35.7568']",coastline Mediterranean between Tetouan - Bou Ahmed,LOC,false
10000,landslide/LOC.330,LOC.330,#2579e8,landslide.LOC.330,"['9.6583', '44.1022']",coasts of Cinque Terre,LOC,false
10000,landslide/LOC.331,LOC.331,#2579e8,landslide.LOC.331,"['12.3317', '42.9315']",Collazzone,LOC,false
10000,landslide/LOC.332,LOC.332,#2579e8,landslide.LOC.332,"['74.2973', '4.5709']",Colombia,LOC,false
10000,landslide/LOC.333,LOC.333,#2579e8,landslide.LOC.333,"['75.2422', '4.4368']",Combeima valley in Colombia,LOC,false
10000,landslide/LOC.334,LOC.334,#2579e8,landslide.LOC.334,"['61.3700', '15.4150']",Commonwealth of Dominica,LOC,false
10000,landslide/LOC.335,LOC.335,#2579e8,landslide.LOC.335,"['6.2833', '36.3650']",Constantine,LOC,false
10000,landslide/LOC.336,LOC.336,#2579e8,landslide.LOC.336,"['76.8144', '11.3530']",Coonoor,LOC,false
10000,landslide/LOC.337,LOC.337,#2579e8,landslide.LOC.337,"['76.8144', '11.3530']",Coonoor Taluk of Uthagamandalam District in Tamil Nadu,LOC,false
10000,landslide/LOC.338,LOC.338,#2579e8,landslide.LOC.338,"['77.6300', '8.9167']",Cordillera Blanca,LOC,false
10000,landslide/LOC.339,LOC.339,#2579e8,landslide.LOC.339,"['84.2089', '9.9281']",Costa Rica,LOC,false
10000,landslide/LOC.340,LOC.340,#2579e8,landslide.LOC.340,"['24.8698', '41.1425']",County of Xanthi,LOC,false
10000,landslide/LOC.341,LOC.341,#2579e8,landslide.LOC.341,"['92.0171', '21.4272']",Cox 's bazar,LOC,false
10000,landslide/LOC.342,LOC.342,#2579e8,landslide.LOC.342,"['92.0171', '21.4272']",Cox 's Bazar district of Bangladesh,LOC,false
10000,landslide/LOC.343,LOC.343,#2579e8,landslide.LOC.343,"['71.4916', '33.6844']",CPEC,LOC,false
10000,landslide/LOC.344,LOC.344,#2579e8,landslide.LOC.344,"['24.8700', '35.2401']",Crete Island,LOC,false
10000,landslide/LOC.345,LOC.345,#2579e8,landslide.LOC.345,"['120.3299', '36.1215']",CRSB,LOC,false
10000,landslide/LOC.346,LOC.346,#2579e8,landslide.LOC.346,"['2.8833', '40.0806']",Cuenca,LOC,false
10000,landslide/LOC.347,LOC.347,#2579e8,landslide.LOC.347,"['2.8833', '40.0806']",Cuenca city,LOC,false
10000,landslide/LOC.348,LOC.348,#2579e8,landslide.LOC.348,"['122.4200', '38.5675']",CVL,LOC,false
10000,landslide/LOC.349,LOC.349,#2579e8,landslide.LOC.349,"['15.4730', '49.8153']",Czech Republic,LOC,false
10000,landslide/LOC.350,LOC.350,#2579e8,landslide.LOC.350,"['108.4178', '11.9404']",Da Lat province,LOC,false
10000,landslide/LOC.351,LOC.351,#2579e8,landslide.LOC.351,"['115.0117', '33.2589']",Dabie Mountain area of Anhui Province,LOC,false
10000,landslide/LOC.352,LOC.352,#2579e8,landslide.LOC.352,"['68.4963', '26.6606']",Dadu River Basin,LOC,false
10000,landslide/LOC.353,LOC.353,#2579e8,landslide.LOC.353,"['101.4555', '24.0326']",Daguan County,LOC,false
10000,landslide/LOC.354,LOC.354,#2579e8,landslide.LOC.354,"['120.4866', '46.5167']",Dagushan,LOC,false
10000,landslide/LOC.355,LOC.355,#2579e8,landslide.LOC.355,"['81.8333', '28.8833']",Dailekh district,LOC,false
10000,landslide/LOC.356,LOC.356,#2579e8,landslide.LOC.356,"['129.3234', '43.7972']",Dajie township,LOC,false
10000,landslide/LOC.357,LOC.357,#2579e8,landslide.LOC.357,"['17.4439', '14.7167']",Dakar coastal,LOC,false
10000,landslide/LOC.358,LOC.358,#2579e8,landslide.LOC.358,"['75.9779', '32.6499']",Dalhousie,LOC,false
10000,landslide/LOC.359,LOC.359,#2579e8,landslide.LOC.359,"['96.1108', '16.0453']",Damre Romel,LOC,false
10000,landslide/LOC.360,LOC.360,#2579e8,landslide.LOC.360,"['25.9767', '44.4417']",Danube -  right river bank,LOC,false
10000,landslide/LOC.361,LOC.361,#2579e8,landslide.LOC.361,"['103.426', '29.3506']",Daoshi,LOC,false
10000,landslide/LOC.362,LOC.362,#2579e8,landslide.LOC.362,"['88.2636', '27.0357']",Darjeeling,LOC,false
10000,landslide/LOC.363,LOC.363,#2579e8,landslide.LOC.363,"['88.4726', '27.0357']",Darjeeling and Kalimpong district,LOC,false
10000,landslide/LOC.364,LOC.364,#2579e8,landslide.LOC.364,"['88.4726', '27.0357']",Darjeeling and Kalimpong districts of West Bengal,LOC,false
10000,landslide/LOC.365,LOC.365,#2579e8,landslide.LOC.365,"['88.2666', '27.0026']",Darjeeling Himalaya,LOC,false
10000,landslide/LOC.366,LOC.366,#2579e8,landslide.LOC.366,"['88.2666', '27.0026']",Darjeeling Himalayan,LOC,false
10000,landslide/LOC.367,LOC.367,#2579e8,landslide.LOC.367,"['88.2666', '27.0026']",Darjeeling Himalayas of India,LOC,false
10000,landslide/LOC.368,LOC.368,#2579e8,landslide.LOC.368,"['88.2495', '27.1046']",Darjiling Himalaya,LOC,false
10000,landslide/LOC.369,LOC.369,#2579e8,landslide.LOC.369,"['101.6016', '36.5519']",Datong mining area in Qinghai Province,LOC,false
10000,landslide/LOC.370,LOC.370,#2579e8,landslide.LOC.370,"['15.5673', '41.3817']",Daunia,LOC,false
10000,landslide/LOC.371,LOC.371,#2579e8,landslide.LOC.371,"['15.5673', '41.3817']",Daunia - Lucanian mountains,LOC,false
10000,landslide/LOC.372,LOC.372,#2579e8,landslide.LOC.372,"['15.5673', '41.3817']",Daunia hillslopes,LOC,false
10000,landslide/LOC.373,LOC.373,#2579e8,landslide.LOC.373,"['107.468', '31.2108']",Dazhou town,LOC,false
10000,landslide/LOC.374,LOC.374,#2579e8,landslide.LOC.374,"['37.7304', '10.3389']",Debre Markos town,LOC,false
10000,landslide/LOC.375,LOC.375,#2579e8,landslide.LOC.375,"['38.0516', '9.5487']",Debre Sina,LOC,false
10000,landslide/LOC.376,LOC.376,#2579e8,landslide.LOC.376,"['98.5894', '24.4412']",Dehong Prefecture,LOC,false
10000,landslide/LOC.377,LOC.377,#2579e8,landslide.LOC.377,"['117.7049', '25.6246']",Dehua County,LOC,false
10000,landslide/LOC.378,LOC.378,#2579e8,landslide.LOC.378,"['10.0', '56.0']",Denmark,LOC,false
10000,landslide/LOC.379,LOC.379,#2579e8,landslide.LOC.379,"['128.6217', '37.1604']",Deokjeok - ri Creek,LOC,false
10000,landslide/LOC.380,LOC.380,#2579e8,landslide.LOC.380,"['128.6283', '37.1687']",Deokjeokri catchment,LOC,false
10000,landslide/LOC.381,LOC.381,#2579e8,landslide.LOC.381,"['77.1226', '8.3305']",department of Ancash,LOC,false
10000,landslide/LOC.382,LOC.382,#2579e8,landslide.LOC.382,"['99.8933', '27.8188']",Deqin County,LOC,false
10000,landslide/LOC.383,LOC.383,#2579e8,landslide.LOC.383,"['99.8233', '27.7781']",Derong and Deqin County,LOC,false
10000,landslide/LOC.384,LOC.384,#2579e8,landslide.LOC.384,"['84.0846', '9.8825']",Desamparados,LOC,false
10000,landslide/LOC.385,LOC.385,#2579e8,landslide.LOC.385,"['30.9736', '41.2463']",Devrek town,LOC,false
10000,landslide/LOC.386,LOC.386,#2579e8,landslide.LOC.386,"['104.4010', '31.1269']",Deyang,LOC,false
10000,landslide/LOC.387,LOC.387,#2579e8,landslide.LOC.387,"['84.9055', '28.1611']",Dhading,LOC,false
10000,landslide/LOC.388,LOC.388,#2579e8,landslide.LOC.388,"['84.9055', '28.1611']",Dhading district of Nepal 's Bagmati province,LOC,false
10000,landslide/LOC.389,LOC.389,#2579e8,landslide.LOC.389,"['80.6212', '28.4863']",Dhaira,LOC,false
10000,landslide/LOC.390,LOC.390,#2579e8,landslide.LOC.390,"['76.3188', '32.2190']",Dharamshala,LOC,false
10000,landslide/LOC.391,LOC.391,#2579e8,landslide.LOC.391,"['76.3188', '32.2190']",Dharamshala region of Kangra valley,LOC,false
10000,landslide/LOC.392,LOC.392,#2579e8,landslide.LOC.392,"['102.8083', '25.8058']",Dianchi Lake watershed,LOC,false
10000,landslide/LOC.393,LOC.393,#2579e8,landslide.LOC.393,"['103.4233', '31.5141']",Diexi,LOC,false
10000,landslide/LOC.394,LOC.394,#2579e8,landslide.LOC.394,"['102.8192', '31.7312']",Diexi area located along the upstream stretch of the Minjiang River,LOC,false
10000,landslide/LOC.395,LOC.395,#2579e8,landslide.LOC.395,"['73.2434', '36.4426']",District Ghizer,LOC,false
10000,landslide/LOC.396,LOC.396,#2579e8,landslide.LOC.396,"['73.0069', '33.7890']",District Hattian Bala,LOC,false
10000,landslide/LOC.397,LOC.397,#2579e8,landslide.LOC.397,"['106.8276', '6.2088']",DKI Jakarta,LOC,false
10000,landslide/LOC.398,LOC.398,#2579e8,landslide.LOC.398,"['18.0840', '44.7310']",Doboj City,LOC,false
10000,landslide/LOC.399,LOC.399,#2579e8,landslide.LOC.399,"['47.0291', '36.6226']",Dodangeh watershed,LOC,false
10000,landslide/LOC.400,LOC.400,#2579e8,landslide.LOC.400,"['85.9485', '27.6760']",Dolalghat - Kodari section in Araniko Highway,LOC,false
10000,landslide/LOC.401,LOC.401,#2579e8,landslide.LOC.401,"['61.3709', '15.4150']",Dominica,LOC,false
10000,landslide/LOC.402,LOC.402,#2579e8,landslide.LOC.402,"['83.8630', '9.2480']",Dominical,LOC,false
10000,landslide/LOC.403,LOC.403,#2579e8,landslide.LOC.403,"['127.8986', '42.6788']",Dongfeng,LOC,false
10000,landslide/LOC.404,LOC.404,#2579e8,landslide.LOC.404,"['114.1303', '23.9326']",Dongjiang Reservoir Watershed,LOC,false
10000,landslide/LOC.405,LOC.405,#2579e8,landslide.LOC.405,"['113.8958', '36.3013']",Dongzhiyuan,LOC,false
10000,landslide/LOC.406,LOC.406,#2579e8,landslide.LOC.406,"['137.1485', '61.5167']",Donjek River area within the Yukon Alaska Highway Corridor,LOC,false
10000,landslide/LOC.407,LOC.407,#2579e8,landslide.LOC.407,"['116.7113', '35.6832']",DS,LOC,false
10000,landslide/LOC.408,LOC.408,#2579e8,landslide.LOC.408,"['115.0367', '35.7125']",DS railway segments from Puyang town to Dengsheng village,LOC,false
10000,landslide/LOC.409,LOC.409,#2579e8,landslide.LOC.409,"['77.3589', '28.1248']",Dubair,LOC,false
10000,landslide/LOC.410,LOC.410,#2579e8,landslide.LOC.410,"['103.5326', '30.9564']",Dujiangyan city to Siguniang Mountain,LOC,false
10000,landslide/LOC.411,LOC.411,#2579e8,landslide.LOC.411,"['112.3491', '33.0173']",Duwen basin of China,LOC,false
10000,landslide/LOC.412,LOC.412,#2579e8,landslide.LOC.412,"['114.5375', '33.5111']",Duwen Highway Basin,LOC,false
10000,landslide/LOC.413,LOC.413,#2579e8,landslide.LOC.413,"['120.9401', '24.1985']",Duxiantou,LOC,false
10000,landslide/LOC.414,LOC.414,#2579e8,landslide.LOC.414,"['79.5045', '43.6529']",DVP,LOC,false
10000,landslide/LOC.415,LOC.415,#2579e8,landslide.LOC.415,"['4.4699', '50.5011']",E Belgium,LOC,false
10000,landslide/LOC.416,LOC.416,#2579e8,landslide.LOC.416,"['90.1933', '15.7835']",east - central Guatemala,LOC,false
10000,landslide/LOC.417,LOC.417,#2579e8,landslide.LOC.417,"['36.8219', '1.2991']",East Africa,LOC,false
10000,landslide/LOC.418,LOC.418,#2579e8,landslide.LOC.418,"['46.1876', '37.9163']",East Azerbaijan,LOC,false
10000,landslide/LOC.419,LOC.419,#2579e8,landslide.LOC.419,"['37.9167', '11.4833']",East Gojjam,LOC,false
10000,landslide/LOC.420,LOC.420,#2579e8,landslide.LOC.420,"['112.7208', '-7.2575']",East Java,LOC,false
10000,landslide/LOC.421,LOC.421,#2579e8,landslide.LOC.421,"['94.1500', '34.5500']",east of the Qinghai - Tibet Plateau,LOC,false
10000,landslide/LOC.422,LOC.422,#2579e8,landslide.LOC.422,"['93.6000', '29.4000']",east of the Tibetan Plateau,LOC,false
10000,landslide/LOC.423,LOC.423,#2579e8,landslide.LOC.423,"['15.4667', '38.0667']",East Peloritani Fault System,LOC,false
10000,landslide/LOC.424,LOC.424,#2579e8,landslide.LOC.424,"['88.6155', '27.3303']",East Sikkim Himalaya,LOC,false
10000,landslide/LOC.425,LOC.425,#2579e8,landslide.LOC.425,"['88.6116', '27.3321']",East Sikkim Himalaya region of India,LOC,false
10000,landslide/LOC.426,LOC.426,#2579e8,landslide.LOC.426,"['113.7537', '23.1291']",eastern and southern parts of China,LOC,false
10000,landslide/LOC.427,LOC.427,#2579e8,landslide.LOC.427,"['14.5500', '48.2000']",eastern Austria,LOC,false
10000,landslide/LOC.428,LOC.428,#2579e8,landslide.LOC.428,"['17.4400', '48.2100']",eastern basin of the largest central European,LOC,false
10000,landslide/LOC.429,LOC.429,#2579e8,landslide.LOC.429,"['37.2923', '40.4553']",Eastern Black Sea,LOC,false
10000,landslide/LOC.430,LOC.430,#2579e8,landslide.LOC.430,"['38.7857', '41.1553']",Eastern Black Sea region of Turkey,LOC,false
10000,landslide/LOC.431,LOC.431,#2579e8,landslide.LOC.431,"['101.6800', '33.9500']",eastern boundary of the Tibetan Plateau,LOC,false
10000,landslide/LOC.432,LOC.432,#2579e8,landslide.LOC.432,"['108.3667', '22.7614']",eastern Chengfeng,LOC,false
10000,landslide/LOC.433,LOC.433,#2579e8,landslide.LOC.433,"['121.4737', '31.2304']",eastern coast of China,LOC,false
10000,landslide/LOC.434,LOC.434,#2579e8,landslide.LOC.434,"['77.7806', '20.3500']",eastern Cuba,LOC,false
10000,landslide/LOC.435,LOC.435,#2579e8,landslide.LOC.435,"['108.6740', '24.1150']",eastern Guangxi,LOC,false
10000,landslide/LOC.436,LOC.436,#2579e8,landslide.LOC.436,"['89.5674', '27.3585']",eastern Himalayan road corridor,LOC,false
10000,landslide/LOC.437,LOC.437,#2579e8,landslide.LOC.437,"['91.1042', '29.6497']",eastern Himalayan syntaxis in Tibet,LOC,false
10000,landslide/LOC.438,LOC.438,#2579e8,landslide.LOC.438,"['88.7879', '27.9881']",eastern Himalayas,LOC,false
10000,landslide/LOC.439,LOC.439,#2579e8,landslide.LOC.439,"['67.8325', '36.8036']",eastern Hindu Kush range,LOC,false
10000,landslide/LOC.440,LOC.440,#2579e8,landslide.LOC.440,"['142.2874', '42.5773']",Eastern Iburi,LOC,false
10000,landslide/LOC.441,LOC.441,#2579e8,landslide.LOC.441,"['86.1901', '20.5937']",Eastern India,LOC,false
10000,landslide/LOC.442,LOC.442,#2579e8,landslide.LOC.442,"['12.1374', '45.8150']",Eastern Italian Alps,LOC,false
10000,landslide/LOC.443,LOC.443,#2579e8,landslide.LOC.443,"['83.6974', '37.8393']",eastern Kentucky,LOC,false
10000,landslide/LOC.444,LOC.444,#2579e8,landslide.LOC.444,"['8.9306', '44.4009']",eastern Liguria,LOC,false
10000,landslide/LOC.445,LOC.445,#2579e8,landslide.LOC.445,"['84.1240', '28.3949']",Eastern Nepal,LOC,false
10000,landslide/LOC.446,LOC.446,#2579e8,landslide.LOC.446,"['79.3832', '46.8139']",eastern Ontario,LOC,false
10000,landslide/LOC.447,LOC.447,#2579e8,landslide.LOC.447,"['103.8343', '36.0611']",eastern part of Lanzhou,LOC,false
10000,landslide/LOC.448,LOC.448,#2579e8,landslide.LOC.448,"['48.2426', '31.2710']",eastern part of the Khuzestan province of southern Iran,LOC,false
10000,landslide/LOC.449,LOC.449,#2579e8,landslide.LOC.449,"['2.4367', '42.3317']",Eastern Pyreenes,LOC,false
10000,landslide/LOC.450,LOC.450,#2579e8,landslide.LOC.450,"['73.7457', '40.7952']",eastern rim of the Fergana Basin,LOC,false
10000,landslide/LOC.451,LOC.451,#2579e8,landslide.LOC.451,"['72.1969', '26.7453']",eastern road section of the China - Pakistan Economic Corridor,LOC,false
10000,landslide/LOC.452,LOC.452,#2579e8,landslide.LOC.452,"['24.9668', '45.9432']",eastern Romania,LOC,false
10000,landslide/LOC.453,LOC.453,#2579e8,landslide.LOC.453,"['76.1054', '12.3375']",eastern side of the Western Ghats in the Kodagu district,LOC,false
10000,landslide/LOC.454,LOC.454,#2579e8,landslide.LOC.454,"['92.9201', '31.9686']",eastern Tibet,LOC,false
10000,landslide/LOC.455,LOC.455,#2579e8,landslide.LOC.455,"['37.5368', '6.8488']",Ebantu district of the Oromia regional state of western Ethiopia,LOC,false
10000,landslide/LOC.456,LOC.456,#2579e8,landslide.LOC.456,"['78.1834', '1.8312']",Ecuador,LOC,false
10000,landslide/LOC.457,LOC.457,#2579e8,landslide.LOC.457,"['81.9773', '28.3949']",edge of the Himalaya Mountains,LOC,false
10000,landslide/LOC.458,LOC.458,#2579e8,landslide.LOC.458,"['30.8028', '26.8205']",Egypt,LOC,false
10000,landslide/LOC.459,LOC.459,#2579e8,landslide.LOC.459,"['103.5599', '31.5100']",Eight-kilometer range of the main road in Wenchuan County,LOC,false
10000,landslide/LOC.460,LOC.460,#2579e8,landslide.LOC.460,"['-106.2250', '25.0957']",El Berrinche,LOC,false
10000,landslide/LOC.461,LOC.461,#2579e8,landslide.LOC.461,"['-99.7833', '18.0167']",El Plateado,LOC,false
10000,landslide/LOC.462,LOC.462,#2579e8,landslide.LOC.462,"['-95.9353', '16.4036']",El Triunfo watershed,LOC,false
10000,landslide/LOC.463,LOC.463,#2579e8,landslide.LOC.463,"['0.0000', '0.0000']",elevation relief,LOC,false
10000,landslide/LOC.464,LOC.464,#2579e8,landslide.LOC.464,"['97.5380', '29.6132']",end of the Eastern Himalayan Syntaxis,LOC,false
10000,landslide/LOC.465,LOC.465,#2579e8,landslide.LOC.465,"['109.4828', '30.2729']",Enshi,LOC,false
10000,landslide/LOC.466,LOC.466,#2579e8,landslide.LOC.466,"['109.4833', '30.3000']",Enshi City,LOC,false
10000,landslide/LOC.467,LOC.467,#2579e8,landslide.LOC.467,"['109.4833', '30.3000']",Enshi County,LOC,false
10000,landslide/LOC.468,LOC.468,#2579e8,landslide.LOC.468,"['109.5100', '30.3000']",Enshi region in China,LOC,false
10000,landslide/LOC.469,LOC.469,#2579e8,landslide.LOC.469,"['76.2673', '9.9312']",Ernakulam,LOC,false
10000,landslide/LOC.470,LOC.470,#2579e8,landslide.LOC.470,"['-40.3089', '-19.1834']",Espirito Santo,LOC,false
10000,landslide/LOC.471,LOC.471,#2579e8,landslide.LOC.471,"['40.4897', '9.1450']",Ethiopia,LOC,false
10000,landslide/LOC.472,LOC.472,#2579e8,landslide.LOC.472,"['10.4515', '51.1657']",Europe,LOC,false
10000,landslide/LOC.473,LOC.473,#2579e8,landslide.LOC.473,"['10.4515', '51.1657']",European,LOC,false
10000,landslide/LOC.474,LOC.474,#2579e8,landslide.LOC.474,"['126.9780', '37.5665']",expressways in Korea,LOC,false
10000,landslide/LOC.475,LOC.475,#2579e8,landslide.LOC.475,"['53.0689', '29.1044']",Fars Province,LOC,false
10000,landslide/LOC.476,LOC.476,#2579e8,landslide.LOC.476,"['107.7280', '29.6669']",Fengdu County of the,LOC,false
10000,landslide/LOC.477,LOC.477,#2579e8,landslide.LOC.477,"['109.4744', '31.0062']",Fengjie,LOC,false
10000,landslide/LOC.478,LOC.478,#2579e8,landslide.LOC.478,"['108.3972', '31.0078']",Fengjie County,LOC,false
10000,landslide/LOC.479,LOC.479,#2579e8,landslide.LOC.479,"['107.7222', '31.4060']",Fengjie County in China,LOC,false
10000,landslide/LOC.480,LOC.480,#2579e8,landslide.LOC.480,"['109.4512', '31.1033']",Fengjie County in the Three Gorges Reservoir,LOC,false
10000,landslide/LOC.481,LOC.481,#2579e8,landslide.LOC.481,"['3.7626', '50.8218']",Flemish Ardennes,LOC,false
10000,landslide/LOC.482,LOC.482,#2579e8,landslide.LOC.482,"['122.2026', '8.6118']",Flores Island,LOC,false
10000,landslide/LOC.483,LOC.483,#2579e8,landslide.LOC.483,"['12.25', '44.5']",Flysch,LOC,false
10000,landslide/LOC.484,LOC.484,#2579e8,landslide.LOC.484,"['16.3917', '48.2098']",Flysch areas including the Penninic Klippen in the Vienna Forest,LOC,false
10000,landslide/LOC.485,LOC.485,#2579e8,landslide.LOC.485,"['77.5', '32.5']",Foothill of Lesser Himalayas,LOC,false
10000,landslide/LOC.486,LOC.486,#2579e8,landslide.LOC.486,"['77.1432', '9.9030']",Foothills at Karavallikkombai,LOC,false
10000,landslide/LOC.487,LOC.487,#2579e8,landslide.LOC.487,"['71.0', '41.5']",Foothills of the high mountain ranges along the Eastern rim of the Fergana Basin,LOC,false
10000,landslide/LOC.488,LOC.488,#2579e8,landslide.LOC.488,"['119.7110', '29.7361']",Forest-covered areas in Lin'an,LOC,false
10000,landslide/LOC.489,LOC.489,#2579e8,landslide.LOC.489,"['35.0', '33.0']",Forested watersheds,LOC,false
10000,landslide/LOC.490,LOC.490,#2579e8,landslide.LOC.490,"['35.0', '33.0']",Forests,LOC,false
10000,landslide/LOC.491,LOC.491,#2579e8,landslide.LOC.491,"['-71.0', '45.0']",Former Champlain Sea,LOC,false
10000,landslide/LOC.492,LOC.492,#2579e8,landslide.LOC.492,"['86.5', '27.5']",Fragile mountainous terrain in the eastern part of Nepal,LOC,false
10000,landslide/LOC.493,LOC.493,#2579e8,landslide.LOC.493,"['2.2137', '46.2276']",France,LOC,false
10000,landslide/LOC.494,LOC.494,#2579e8,landslide.LOC.494,"['10.6000', '49.0000']",Franconian Alb,LOC,false
10000,landslide/LOC.495,LOC.495,#2579e8,landslide.LOC.495,"['0.0', '0.0']",Frequencies,LOC,false
10000,landslide/LOC.496,LOC.496,#2579e8,landslide.LOC.496,"['0.0', '0.0']",FS,LOC,false
10000,landslide/LOC.497,LOC.497,#2579e8,landslide.LOC.497,"['119.6807', '27.0910']",Fu'an City,LOC,false
10000,landslide/LOC.498,LOC.498,#2579e8,landslide.LOC.498,"['111.8895', '38.3181']",Fugu County of Shaanxi Province,LOC,false
10000,landslide/LOC.499,LOC.499,#2579e8,landslide.LOC.499,"['119.2965', '26.0763']",Fujian Province,LOC,false
10000,landslide/LOC.500,LOC.500,#2579e8,landslide.LOC.500,"['114.2533', '36.0709']",Fukou,LOC,false
10000,landslide/LOC.501,LOC.501,#2579e8,landslide.LOC.501,"['107.3911', '29.7034']",Fuling District,LOC,false
10000,landslide/LOC.502,LOC.502,#2579e8,landslide.LOC.502,"['119.2965', '26.0745']",Fuzhou City,LOC,false
10000,landslide/LOC.503,LOC.503,#2579e8,landslide.LOC.503,"['120.3434', '30.5824']",G69,LOC,false
10000,landslide/LOC.504,LOC.504,#2579e8,landslide.LOC.504,"['37.9855', '6.5666']",Gamo Zone of south Ethiopia,LOC,false
10000,landslide/LOC.505,LOC.505,#2579e8,landslide.LOC.505,"['128.8965', '37.7510']",Gangneung,LOC,false
10000,landslide/LOC.506,LOC.506,#2579e8,landslide.LOC.506,"['128.8965', '37.7510']",Gangneung - si,LOC,false
10000,landslide/LOC.507,LOC.507,#2579e8,landslide.LOC.507,"['128.8965', '37.7510']",Gangneung in Korea,LOC,false
10000,landslide/LOC.508,LOC.508,#2579e8,landslide.LOC.508,"['88.6138', '27.3314']",Gangtok city,LOC,false
10000,landslide/LOC.509,LOC.509,#2579e8,landslide.LOC.509,"['88.6140', '27.3389']",Gangtok city of Sikkim state,LOC,false
10000,landslide/LOC.510,LOC.510,#2579e8,landslide.LOC.510,"['88.6140', '27.3389']",Gangtok subdivision in east Sikkim district,LOC,false
10000,landslide/LOC.511,LOC.511,#2579e8,landslide.LOC.511,"['128.5467', '37.8228']",Gangwon Province,LOC,false
10000,landslide/LOC.512,LOC.512,#2579e8,landslide.LOC.512,"['102.4576', '35.7528']",Gansu,LOC,false
10000,landslide/LOC.513,LOC.513,#2579e8,landslide.LOC.513,"['102.4576', '35.7528']",Gansu Province,LOC,false
10000,landslide/LOC.514,LOC.514,#2579e8,landslide.LOC.514,"['78.4370', '30.2889']",Gardhwal Himalayan terrain,LOC,false
10000,landslide/LOC.515,LOC.515,#2579e8,landslide.LOC.515,"['78.8262', '30.3256']",Garhwal Himalaya,LOC,false
10000,landslide/LOC.516,LOC.516,#2579e8,landslide.LOC.516,"['78.8262', '30.3256']",Garhwal Himalayas,LOC,false
10000,landslide/LOC.517,LOC.517,#2579e8,landslide.LOC.517,"['78.8262', '30.3256']",Garhwal Lesser Himalaya,LOC,false
10000,landslide/LOC.518,LOC.518,#2579e8,landslide.LOC.518,"['10.8769', '11.6542']",Garuwa sub-basin,LOC,false
10000,landslide/LOC.519,LOC.519,#2579e8,landslide.LOC.519,"['18.6466', '54.3520']",Gdansk,LOC,false
10000,landslide/LOC.520,LOC.520,#2579e8,landslide.LOC.520,"['18.5308', '54.5189']",Gdynia,LOC,false
10000,landslide/LOC.521,LOC.521,#2579e8,landslide.LOC.521,"['0.0000', '0.0000']",geological,LOC,false
10000,landslide/LOC.522,LOC.522,#2579e8,landslide.LOC.522,"['0.0000', '0.0000']",geomorphological units,LOC,false
10000,landslide/LOC.523,LOC.523,#2579e8,landslide.LOC.523,"['43.3569', '42.3154']",Georgia,LOC,false
10000,landslide/LOC.524,LOC.524,#2579e8,landslide.LOC.524,"['10.4515', '51.1657']",Germany,LOC,false
10000,landslide/LOC.525,LOC.525,#2579e8,landslide.LOC.525,"['24.9384', '44.4194']",Getic Piedmont,LOC,false
10000,landslide/LOC.526,LOC.526,#2579e8,landslide.LOC.526,"['1.0307', '7.9465']",Ghana,LOC,false
10000,landslide/LOC.527,LOC.527,#2579e8,landslide.LOC.527,"['73.5', '18.7']",Ghat road section,LOC,false
10000,landslide/LOC.528,LOC.528,#2579e8,landslide.LOC.528,"['85.3', '27.7']",Ghurmi - Dhad Khola,LOC,false
10000,landslide/LOC.529,LOC.529,#2579e8,landslide.LOC.529,"['49.5670', '37.2887']",Gilan province,LOC,false
10000,landslide/LOC.530,LOC.530,#2579e8,landslide.LOC.530,"['74.3773', '35.8824']",Gilgit Baltistan,LOC,false
10000,landslide/LOC.531,LOC.531,#2579e8,landslide.LOC.531,"['14.7034', '38.0656']",Gioiosa Marea municipality,LOC,false
10000,landslide/LOC.532,LOC.532,#2579e8,landslide.LOC.532,"['38.3897', '40.5931']",Giresun,LOC,false
10000,landslide/LOC.533,LOC.533,#2579e8,landslide.LOC.533,"['33.5333', '35.3369']",Girne,LOC,false
10000,landslide/LOC.534,LOC.534,#2579e8,landslide.LOC.534,"['38.0', '9.0']",Gish River basin,LOC,false
10000,landslide/LOC.535,LOC.535,#2579e8,landslide.LOC.535,"['54.3745', '37.2861']",Golestan province,LOC,false
10000,landslide/LOC.536,LOC.536,#2579e8,landslide.LOC.536,"['59.2861', '36.3750']",Golmakan Watershed as part of Binaloud northern hillsides,LOC,false
10000,landslide/LOC.537,LOC.537,#2579e8,landslide.LOC.537,"['37.4', '11.5']",Goncha Siso Eneses area of East Gojam Zone in northwestern Ethiopia,LOC,false
10000,landslide/LOC.538,LOC.538,#2579e8,landslide.LOC.538,"['82.2456', '43.3689']",Gongliu county,LOC,false
10000,landslide/LOC.539,LOC.539,#2579e8,landslide.LOC.539,"['55.2203', '36.4318']",Gorganroud watershed,LOC,false
10000,landslide/LOC.540,LOC.540,#2579e8,landslide.LOC.540,"['84.6450', '28.2871']",Gorkha,LOC,false
10000,landslide/LOC.541,LOC.541,#2579e8,landslide.LOC.541,"['67.5304', '35.7929']",Gorzineh - khil,LOC,false
10000,landslide/LOC.542,LOC.542,#2579e8,landslide.LOC.542,"['78.7008', '28.3324']",Greater - Himalaya mountainous,LOC,false
10000,landslide/LOC.543,LOC.543,#2579e8,landslide.LOC.543,"['21.8243', '39.0742']",Greece,LOC,false
10000,landslide/LOC.544,LOC.544,#2579e8,landslide.LOC.544,"['-5.0479', '36.4619']",Guadalmansa River basin,LOC,false
10000,landslide/LOC.545,LOC.545,#2579e8,landslide.LOC.545,"['113.7633', '23.3790']",Guangdong Province,LOC,false
10000,landslide/LOC.546,LOC.546,#2579e8,landslide.LOC.546,"['108.6249', '23.8298']",Guangxi,LOC,false
10000,landslide/LOC.547,LOC.547,#2579e8,landslide.LOC.547,"['108.6249', '23.8298']",Guangxi Zhuang Autonomous Region of China,LOC,false
10000,landslide/LOC.548,LOC.548,#2579e8,landslide.LOC.548,"['-74.6799', '20.0633']",Guantanamo Province of Cuba,LOC,false
10000,landslide/LOC.549,LOC.549,#2579e8,landslide.LOC.549,"['-90.2308', '15.7835']",Guatemala,LOC,false
10000,landslide/LOC.550,LOC.550,#2579e8,landslide.LOC.550,"['106.7162', '38.0790']",Gucheng town of Ningxia province in China,LOC,false
10000,landslide/LOC.551,LOC.551,#2579e8,landslide.LOC.551,"['-99.8014', '17.4392']",Guerrero,LOC,false
10000,landslide/LOC.552,LOC.552,#2579e8,landslide.LOC.552,"['104.9573', '28.8235']",Gufenping landslide in Nanjiang,LOC,false
10000,landslide/LOC.553,LOC.553,#2579e8,landslide.LOC.553,"['49.3592', '37.0942']",Guilan Province,LOC,false
10000,landslide/LOC.554,LOC.554,#2579e8,landslide.LOC.554,"['125.0781', '10.3270']",Guinsaugon,LOC,false
10000,landslide/LOC.555,LOC.555,#2579e8,landslide.LOC.555,"['117.2095', '29.4061']",Guixi,LOC,false
10000,landslide/LOC.556,LOC.556,#2579e8,landslide.LOC.556,"['117.2095', '29.4061']",Guixi County in eastern Jiangxi,LOC,false
10000,landslide/LOC.557,LOC.557,#2579e8,landslide.LOC.557,"['117.2095', '29.4061']",Guixi in northeast Jiangxi,LOC,false
10000,landslide/LOC.558,LOC.558,#2579e8,landslide.LOC.558,"['106.7344', '26.9028']",Guizhou,LOC,false
10000,landslide/LOC.559,LOC.559,#2579e8,landslide.LOC.559,"['106.7344', '26.9028']",Guizhou Province,LOC,false
10000,landslide/LOC.560,LOC.560,#2579e8,landslide.LOC.560,"['43.8317', '40.0691']",Gumri,LOC,false
10000,landslide/LOC.561,LOC.561,#2579e8,landslide.LOC.561,"['138.9986', '36.5073']",GunmaGunma prefecture,LOC,false
10000,landslide/LOC.562,LOC.562,#2579e8,landslide.LOC.562,"['74.0552', '33.5643']",Guoien Nullah road,LOC,false
10000,landslide/LOC.563,LOC.563,#2579e8,landslide.LOC.563,"['113.1910', '33.1824']",Guojiaba,LOC,false
10000,landslide/LOC.564,LOC.564,#2579e8,landslide.LOC.564,"['88.0606', '31.3562']",Guozigou Valley,LOC,false
10000,landslide/LOC.565,LOC.565,#2579e8,landslide.LOC.565,"['77.1025', '32.0842']",H.P.,LOC,false
10000,landslide/LOC.566,LOC.566,#2579e8,landslide.LOC.566,"['105.0231', '22.8338']",Ha Giang city,LOC,false
10000,landslide/LOC.567,LOC.567,#2579e8,landslide.LOC.567,"['105.0231', '22.8338']",Ha Giang province,LOC,false
10000,landslide/LOC.568,LOC.568,#2579e8,landslide.LOC.568,"['107.0804', '20.9101']",Ha Long city,LOC,false
10000,landslide/LOC.569,LOC.569,#2579e8,landslide.LOC.569,"['85.3952', '23.9314']",Haila town,LOC,false
10000,landslide/LOC.570,LOC.570,#2579e8,landslide.LOC.570,"['106.7905', '33.9739']",Haizhou open - pit coal mine,LOC,false
10000,landslide/LOC.571,LOC.571,#2579e8,landslide.LOC.571,"['48.5100', '34.7987']",Hamadan Province,LOC,false
10000,landslide/LOC.572,LOC.572,#2579e8,landslide.LOC.572,"['18.7439', '48.7647']",Handlova,LOC,false
10000,landslide/LOC.573,LOC.573,#2579e8,landslide.LOC.573,"['102.6054', '31.8867']",Hanyuan County,LOC,false
10000,landslide/LOC.574,LOC.574,#2579e8,landslide.LOC.574,"['107.0327', '33.0779']",Hanzhong City,LOC,false
10000,landslide/LOC.575,LOC.575,#2579e8,landslide.LOC.575,"['51.6834', '36.0773']",Haraz watershed,LOC,false
10000,landslide/LOC.576,LOC.576,#2579e8,landslide.LOC.576,"['45.5592', '37.4773']",Hashtchin,LOC,false
10000,landslide/LOC.577,LOC.577,#2579e8,landslide.LOC.577,"['75.3000', '34.0000']",Hazara,LOC,false
10000,landslide/LOC.578,LOC.578,#2579e8,landslide.LOC.578,"['76.8533', '9.9312']",headwater region of Manimala river basin in the Western Ghats of Kerala,LOC,false
10000,landslide/LOC.579,LOC.579,#2579e8,landslide.LOC.579,"['118.8386', '28.9738']",Heba Expressway,LOC,false
10000,landslide/LOC.580,LOC.580,#2579e8,landslide.LOC.580,"['115.4378', '38.2701']",HeBei section of Jing Cheng highway,LOC,false
10000,landslide/LOC.581,LOC.581,#2579e8,landslide.LOC.581,"['105.9023', '29.9334']",Hechuan District in Chongqing,LOC,false
10000,landslide/LOC.582,LOC.582,#2579e8,landslide.LOC.582,"['126.6333', '45.7500']",Heilongjiang province,LOC,false
10000,landslide/LOC.583,LOC.583,#2579e8,landslide.LOC.583,"['129.4192', '42.5331']",Helong city,LOC,false
10000,landslide/LOC.584,LOC.584,#2579e8,landslide.LOC.584,"['113.5317', '33.8820']",Henan,LOC,false
10000,landslide/LOC.585,LOC.585,#2579e8,landslide.LOC.585,"['100.5882', '27.5919']",Hengduan Mountain Region in southwest China,LOC,false
10000,landslide/LOC.586,LOC.586,#2579e8,landslide.LOC.586,"['100.4892', '28.0081']",Hengduan Mountains,LOC,false
10000,landslide/LOC.587,LOC.587,#2579e8,landslide.LOC.587,"['99.9167', '18.9184']",high - slope mountain roads in the upper northern region of Thailand,LOC,false
10000,landslide/LOC.588,LOC.588,#2579e8,landslide.LOC.588,"['7.7552', '31.5157']",High Atlas Mountains,LOC,false
10000,landslide/LOC.589,LOC.589,#2579e8,landslide.LOC.589,"['136.4859', '36.4100']",high snowfall area in central Japan,LOC,false
10000,landslide/LOC.590,LOC.590,#2579e8,landslide.LOC.590,"['19.0290', '19.0236']",highest mountain in Mexico,LOC,false
10000,landslide/LOC.591,LOC.591,#2579e8,landslide.LOC.591,"['17.6994', '3.8480']",highland areas of Africa,LOC,false
10000,landslide/LOC.592,LOC.592,#2579e8,landslide.LOC.592,"['77.0000', '12.0000']",highland region of the western slopes of the southern WG,LOC,false
10000,landslide/LOC.593,LOC.593,#2579e8,landslide.LOC.593,"['91.8108', '22.3475']",highly urbanized hilly areas in Chittagong Metropolitan,LOC,false
10000,landslide/LOC.594,LOC.594,#2579e8,landslide.LOC.594,"['96.5278', '39.7441']",highway G30 in the Guozigou Valley,LOC,false
10000,landslide/LOC.595,LOC.595,#2579e8,landslide.LOC.595,"['6.6094', '36.3650']",highway road section in Constantine,LOC,false
10000,landslide/LOC.596,LOC.596,#2579e8,landslide.LOC.596,"['120.9543', '23.6978']",highway section in Taiwan,LOC,false
10000,landslide/LOC.597,LOC.597,#2579e8,landslide.LOC.597,"['118.0', '31.5']",Highways along the south bank of the Yangtze River,LOC,false
10000,landslide/LOC.598,LOC.598,#2579e8,landslide.LOC.598,"['125.0', '7.0']",Highways in Mindanao,LOC,false
10000,landslide/LOC.599,LOC.599,#2579e8,landslide.LOC.599,"['79.0', '29.0']",Hill and mountain ranges of India,LOC,false
10000,landslide/LOC.600,LOC.600,#2579e8,landslide.LOC.600,"['77.0', '11.0']",Hill town in Tamilnadu,LOC,false
10000,landslide/LOC.601,LOC.601,#2579e8,landslide.LOC.601,"['111.0', '34.0']",Hillsides of the area Elga coal field,LOC,false
10000,landslide/LOC.602,LOC.602,#2579e8,landslide.LOC.602,"['13.0', '42.0']",Hilly-coastal test-area in Adriatic Central Italy,LOC,false
10000,landslide/LOC.603,LOC.603,#2579e8,landslide.LOC.603,"['11.0', '44.0']",Hilly and mountainous region in the northern Apennines,LOC,false
10000,landslide/LOC.604,LOC.604,#2579e8,landslide.LOC.604,"['104.0', '30.5']",Hilly area in Sichuan province,LOC,false
10000,landslide/LOC.605,LOC.605,#2579e8,landslide.LOC.605,"['25.0', '45.0']",Hilly area in the Subcarpathian sector of the Prahova Valley,LOC,false
10000,landslide/LOC.606,LOC.606,#2579e8,landslide.LOC.606,"['11.0', '49.0']",Hilly region in Northern Bavaria,LOC,false
10000,landslide/LOC.607,LOC.607,#2579e8,landslide.LOC.607,"['127.0', '37.0']",Hilly region of South Korea,LOC,false
10000,landslide/LOC.608,LOC.608,#2579e8,landslide.LOC.608,"['78.5', '22.0']",Hilly regions of India,LOC,false
10000,landslide/LOC.609,LOC.609,#2579e8,landslide.LOC.609,"['78.2', '30.5']",Hilly regions of Uttarakhand,LOC,false
10000,landslide/LOC.610,LOC.610,#2579e8,landslide.LOC.610,"['77.0', '30.0']",Hilly state in the Himalayas,LOC,false
10000,landslide/LOC.611,LOC.611,#2579e8,landslide.LOC.611,"['77.5', '32.0']",Himachal Pradesh state,LOC,false
10000,landslide/LOC.612,LOC.612,#2579e8,landslide.LOC.612,"['82.9116', '31.8393']",Himalaya,LOC,false
10000,landslide/LOC.613,LOC.613,#2579e8,landslide.LOC.613,"['74.5', '35.0']",Himalaya mountainous region of northern Pakistan,LOC,false
10000,landslide/LOC.614,LOC.614,#2579e8,landslide.LOC.614,"['85.0', '28.5']",Himalayan,LOC,false
10000,landslide/LOC.615,LOC.615,#2579e8,landslide.LOC.615,"['86.0', '28.0']",Himalayan belt,LOC,false
10000,landslide/LOC.616,LOC.616,#2579e8,landslide.LOC.616,"['78.3', '27.3']",Himalayan city,LOC,false
10000,landslide/LOC.617,LOC.617,#2579e8,landslide.LOC.617,"['85.0', '28.5']",Himalayan mountainous ranges,LOC,false
10000,landslide/LOC.618,LOC.618,#2579e8,landslide.LOC.618,"['77.5', '32.5']",Himalayan mountainous terrains of India,LOC,false
10000,landslide/LOC.619,LOC.619,#2579e8,landslide.LOC.619,"['74.5', '35.0']",Himalayan mountains in northern Pakistan,LOC,false
10000,landslide/LOC.620,LOC.620,#2579e8,landslide.LOC.620,"['85.0', '28.5']",Himalayan range,LOC,false
10000,landslide/LOC.621,LOC.621,#2579e8,landslide.LOC.621,"['85.0', '28.5']",Himalayan terrain,LOC,false
10000,landslide/LOC.622,LOC.622,#2579e8,landslide.LOC.622,"['85.0', '28.5']",Himalayan territory,LOC,false
10000,landslide/LOC.623,LOC.623,#2579e8,landslide.LOC.623,"['85.0', '27.0']",Himalayas,LOC,false
10000,landslide/LOC.624,LOC.624,#2579e8,landslide.LOC.624,"['85.0', '28.5']",Himalayas and South Asia,LOC,false
10000,landslide/LOC.625,LOC.625,#2579e8,landslide.LOC.625,"['71.5', '36.5']",Hindukush mountain ranges of northern Pakistan,LOC,false
10000,landslide/LOC.626,LOC.626,#2579e8,landslide.LOC.626,"['-5.0', '34.0']",Hinterlands North Morocco,LOC,false
10000,landslide/LOC.627,LOC.627,#2579e8,landslide.LOC.627,"['132.8', '34.3963']",Hiroshima Prefecture,LOC,false
10000,landslide/LOC.628,LOC.628,#2579e8,landslide.LOC.628,"['105.3457', '20.5977']",Hoa Binh province of Vietnam,LOC,false
10000,landslide/LOC.629,LOC.629,#2579e8,landslide.LOC.629,"['141.3468', '43.2203']",Hokkaido,LOC,false
10000,landslide/LOC.630,LOC.630,#2579e8,landslide.LOC.630,"['-83.5', '13.5']",Honduras,LOC,false
10000,landslide/LOC.631,LOC.631,#2579e8,landslide.LOC.631,"['114.1694', '22.3193']",Hong Kong,LOC,false
10000,landslide/LOC.632,LOC.632,#2579e8,landslide.LOC.632,"['121.5072', '31.2962']",Hongkou Town,LOC,false
10000,landslide/LOC.633,LOC.633,#2579e8,landslide.LOC.633,"['108.0', '29.0']",Hongxi River Basin,LOC,false
10000,landslide/LOC.634,LOC.634,#2579e8,landslide.LOC.634,"['115.0', '27.0']",Hongxing,LOC,false
10000,landslide/LOC.635,LOC.635,#2579e8,landslide.LOC.635,"['41.3986', '41.3886']",Hopa,LOC,false
10000,landslide/LOC.636,LOC.636,#2579e8,landslide.LOC.636,"['77.5', '32.0']",HP,LOC,false
10000,landslide/LOC.637,LOC.637,#2579e8,landslide.LOC.637,"['101.9212', '15.5702']",Huai Nam Phung Subbasin,LOC,false
10000,landslide/LOC.638,LOC.638,#2579e8,landslide.LOC.638,"['110.3567', '31.0123']",Huangtupo,LOC,false
10000,landslide/LOC.639,LOC.639,#2579e8,landslide.LOC.639,"['112.2711', '30.5928']",Hubei province,LOC,false
10000,landslide/LOC.640,LOC.640,#2579e8,landslide.LOC.640,"['110.9669', '30.8111']",Hubei Province section of the Three Gorges Reservoir,LOC,false
10000,landslide/LOC.641,LOC.641,#2579e8,landslide.LOC.641,"['116.3614', '25.9833']",Huichang County and its surrounding,LOC,false
10000,landslide/LOC.642,LOC.642,#2579e8,landslide.LOC.642,"['116.2442', '25.9833']",Huichang County in China,LOC,false
10000,landslide/LOC.643,LOC.643,#2579e8,landslide.LOC.643,"['111.7088', '27.6104']",Hunan Province,LOC,false
10000,landslide/LOC.644,LOC.644,#2579e8,landslide.LOC.644,"['19.5033', '47.1625']",Hungary,LOC,false
10000,landslide/LOC.645,LOC.645,#2579e8,landslide.LOC.645,"['74.4536', '36.3182']",Hunza - Nagar valley in northern Pakistan,LOC,false
10000,landslide/LOC.646,LOC.646,#2579e8,landslide.LOC.646,"['74.2847', '36.1699']",Hunza and Nagar Districts in the Northern part of Pakistan,LOC,false
10000,landslide/LOC.647,LOC.647,#2579e8,landslide.LOC.647,"['14.2786', '38.0188']",hydrographic basin of the Roccella torrent,LOC,false
10000,landslide/LOC.648,LOC.648,#2579e8,landslide.LOC.648,"['121.1500', '24.8936']",I - Lan,LOC,false
10000,landslide/LOC.649,LOC.649,#2579e8,landslide.LOC.649,"['13.0500', '37.8500']",Iato River Basin,LOC,false
10000,landslide/LOC.650,LOC.650,#2579e8,landslide.LOC.650,"['127.4420', '37.2792']",Icheon Township,LOC,false
10000,landslide/LOC.651,LOC.651,#2579e8,landslide.LOC.651,"['114.3637', '43.6448']",Idaho,LOC,false
10000,landslide/LOC.652,LOC.652,#2579e8,landslide.LOC.652,"['77.1391', '9.8567']",Idukki,LOC,false
10000,landslide/LOC.653,LOC.653,#2579e8,landslide.LOC.653,"['77.1549', '9.9423']",Idukki district,LOC,false
10000,landslide/LOC.654,LOC.654,#2579e8,landslide.LOC.654,"['77.1549', '9.9423']",Idukki district in southern part of India,LOC,false
10000,landslide/LOC.655,LOC.655,#2579e8,landslide.LOC.655,"['94.0631', '28.8500']",Igo River Basin in the West Siang District of Arunachal Pradesh,LOC,false
10000,landslide/LOC.656,LOC.656,#2579e8,landslide.LOC.656,"['21.6597', '37.8114']",Ilia,LOC,false
10000,landslide/LOC.657,LOC.657,#2579e8,landslide.LOC.657,"['89.1869', '13.6742']",Ilopango and Coatepeque caldera,LOC,false
10000,landslide/LOC.658,LOC.658,#2579e8,landslide.LOC.658,"['93.9426', '24.8160']",Imphal - Jiribam railway corridor,LOC,false
10000,landslide/LOC.659,LOC.659,#2579e8,landslide.LOC.659,"['72.2917', '13.1631']",Inca City,LOC,false
10000,landslide/LOC.660,LOC.660,#2579e8,landslide.LOC.660,"['78.9629', '20.5937']",India,LOC,false
10000,landslide/LOC.661,LOC.661,#2579e8,landslide.LOC.661,"['77.2090', '28.6139']",India s political border,LOC,false
10000,landslide/LOC.662,LOC.662,#2579e8,landslide.LOC.662,"['78.6407', '30.3635']",Indian Himalaya,LOC,false
10000,landslide/LOC.663,LOC.663,#2579e8,landslide.LOC.663,"['78.9619', '30.7133']",Indian Himalayan,LOC,false
10000,landslide/LOC.664,LOC.664,#2579e8,landslide.LOC.664,"['78.9603', '30.7942']",Indian Himalayas,LOC,false
10000,landslide/LOC.665,LOC.665,#2579e8,landslide.LOC.665,"['79.0193', '30.0668']",Indian State of Uttarakhand,LOC,false
10000,landslide/LOC.666,LOC.666,#2579e8,landslide.LOC.666,"['88.4146', '27.7814']",Indo - Nepal - Bhutan Himalayan,LOC,false
10000,landslide/LOC.667,LOC.667,#2579e8,landslide.LOC.667,"['113.9213', '-0.7893']",Indonesia,LOC,false
10000,landslide/LOC.668,LOC.668,#2579e8,landslide.LOC.668,"['124.8457', '-4.5481']",Indonesian territory,LOC,false
10000,landslide/LOC.669,LOC.669,#2579e8,landslide.LOC.669,"['128.2484', '38.0718']",Inje,LOC,false
10000,landslide/LOC.670,LOC.670,#2579e8,landslide.LOC.670,"['-75.5830', '0.1807']",Inter-Andean,LOC,false
10000,landslide/LOC.671,LOC.671,#2579e8,landslide.LOC.671,"['53.6880', '32.4279']",Iran,LOC,false
10000,landslide/LOC.672,LOC.672,#2579e8,landslide.LOC.672,"['45.8154', '35.3469']",Iran 's West Kurdistan,LOC,false
10000,landslide/LOC.673,LOC.673,#2579e8,landslide.LOC.673,"['-6.2603', '53.3498']",Irish Rail,LOC,false
10000,landslide/LOC.674,LOC.674,#2579e8,landslide.LOC.674,"['13.9022', '40.7314']",Ischia,LOC,false
10000,landslide/LOC.675,LOC.675,#2579e8,landslide.LOC.675,"['-61.2225', '15.4149']",island nation in the eastern Caribbean,LOC,false
10000,landslide/LOC.676,LOC.676,#2579e8,landslide.LOC.676,"['20.6145', '38.7063']",Island of Lefkada,LOC,false
10000,landslide/LOC.677,LOC.677,#2579e8,landslide.LOC.677,"['14.9511', '38.4730']",Island of Lipari,LOC,false
10000,landslide/LOC.678,LOC.678,#2579e8,landslide.LOC.678,"['-66.5902', '18.2208']",Island of Puerto Rico,LOC,false
10000,landslide/LOC.679,LOC.679,#2579e8,landslide.LOC.679,"['14.9511', '38.4730']",Islands of Lipari and Vulcano,LOC,false
10000,landslide/LOC.680,LOC.680,#2579e8,landslide.LOC.680,"['48.7018', '26.9116']",Itajai - Acu river valley,LOC,false
10000,landslide/LOC.681,LOC.681,#2579e8,landslide.LOC.681,"['12.4964', '41.9028']",Italian,LOC,false
10000,landslide/LOC.682,LOC.682,#2579e8,landslide.LOC.682,"['12.4964', '41.9028']",Italian territory,LOC,false
10000,landslide/LOC.683,LOC.683,#2579e8,landslide.LOC.683,"['12.4964', '41.9028']",Italy,LOC,false
10000,landslide/LOC.684,LOC.684,#2579e8,landslide.LOC.684,"['120.6905', '16.3535']",Itogon,LOC,false
10000,landslide/LOC.685,LOC.685,#2579e8,landslide.LOC.685,"['49.4306', '31.8272']",Izeh River basin,LOC,false
10000,landslide/LOC.686,LOC.686,#2579e8,landslide.LOC.686,"['27.1428', '38.4192']",Izmir,LOC,false
10000,landslide/LOC.687,LOC.687,#2579e8,landslide.LOC.687,"['27.1428', '38.4192']",Izmir city,LOC,false
10000,landslide/LOC.688,LOC.688,#2579e8,landslide.LOC.688,"['27.1428', '38.4192']",Izmir metropolitan,LOC,false
10000,landslide/LOC.689,LOC.689,#2579e8,landslide.LOC.689,"['139.0759', '35.1925']",Izu Mountain,LOC,false
10000,landslide/LOC.690,LOC.690,#2579e8,landslide.LOC.690,"['82.0809', '28.8000']",Jajarkot district of Nepal,LOC,false
10000,landslide/LOC.691,LOC.691,#2579e8,landslide.LOC.691,"['11.7987', '10.4843']",Jalad,LOC,false
10000,landslide/LOC.692,LOC.692,#2579e8,landslide.LOC.692,"['77.2975', '18.1096']",Jamaica,LOC,false
10000,landslide/LOC.693,LOC.693,#2579e8,landslide.LOC.693,"['74.8570', '32.7266']",Jammu,LOC,false
10000,landslide/LOC.694,LOC.694,#2579e8,landslide.LOC.694,"['75.5280', '33.7653']",Jammu - Srinagar National Highway,LOC,false
10000,landslide/LOC.695,LOC.695,#2579e8,landslide.LOC.695,"['76.5762', '33.7782']",Jammu and Kashmir,LOC,false
10000,landslide/LOC.696,LOC.696,#2579e8,landslide.LOC.696,"['76.2711', '34.0837']",Jammu and Kashmir region of India,LOC,false
10000,landslide/LOC.697,LOC.697,#2579e8,landslide.LOC.697,"['126.9105', '34.6657']",Jangheung area in Korea,LOC,false
10000,landslide/LOC.698,LOC.698,#2579e8,landslide.LOC.698,"['126.7858', '34.5715']",Jangheung in Korea,LOC,false
10000,landslide/LOC.699,LOC.699,#2579e8,landslide.LOC.699,"['127.1506', '35.4458']",Janghung,LOC,false
10000,landslide/LOC.700,LOC.700,#2579e8,landslide.LOC.700,"['127.0804', '35.3812']",Janghung area in Korea,LOC,false
10000,landslide/LOC.701,LOC.701,#2579e8,landslide.LOC.701,"['138.2529', '36.2048']",Japan,LOC,false
10000,landslide/LOC.702,LOC.702,#2579e8,landslide.LOC.702,"['138.177212', '36.204824']",Japanese archipelago,LOC,false
10000,landslide/LOC.703,LOC.703,#2579e8,landslide.LOC.703,"['110.4263', '-7.7956']",Java,LOC,false
10000,landslide/LOC.704,LOC.704,#2579e8,landslide.LOC.704,"['107.6098', '-6.9204']",Jawa Barat,LOC,false
10000,landslide/LOC.705,LOC.705,#2579e8,landslide.LOC.705,"['126.4983', '33.4996']",Jeju Island,LOC,false
10000,landslide/LOC.706,LOC.706,#2579e8,landslide.LOC.706,"['100.5292', '5.4999']",Jeli - Gerik highway,LOC,false
10000,landslide/LOC.707,LOC.707,#2579e8,landslide.LOC.707,"['35.8883', '32.2820']",Jerash Amman highway,LOC,false
10000,landslide/LOC.708,LOC.708,#2579e8,landslide.LOC.708,"['35.9362', '32.2772']",Jerash Governorate,LOC,false
10000,landslide/LOC.709,LOC.709,#2579e8,landslide.LOC.709,"['99.7602', '16.0793']",Jhutaya village,LOC,false
10000,landslide/LOC.710,LOC.710,#2579e8,landslide.LOC.710,"['106.2176', '30.2850']",Jian ge County,LOC,false
10000,landslide/LOC.711,LOC.711,#2579e8,landslide.LOC.711,"['121.5495', '29.9724']",Jiangdong District,LOC,false
10000,landslide/LOC.712,LOC.712,#2579e8,landslide.LOC.712,"['102.1671', '31.1291']",Jiange County,LOC,false
10000,landslide/LOC.713,LOC.713,#2579e8,landslide.LOC.713,"['115.7221', '27.6140']",Jiangxi,LOC,false
10000,landslide/LOC.714,LOC.714,#2579e8,landslide.LOC.714,"['115.7221', '27.6140']",Jiangxi Province,LOC,false
10000,landslide/LOC.715,LOC.715,#2579e8,landslide.LOC.715,"['115.7221', '27.6140']",Jiangxi province in Central China,LOC,false
10000,landslide/LOC.716,LOC.716,#2579e8,landslide.LOC.716,"['127.3317', '43.6883']",Jiaohe County in Jilin Province,LOC,false
10000,landslide/LOC.717,LOC.717,#2579e8,landslide.LOC.717,"['71.2387', '35.3521']",Jijal,LOC,false
10000,landslide/LOC.718,LOC.718,#2579e8,landslide.LOC.718,"['126.5530', '43.8378']",Jilin province,LOC,false
10000,landslide/LOC.719,LOC.719,#2579e8,landslide.LOC.719,"['100.0376', '29.6484']",Jilong Valley,LOC,false
10000,landslide/LOC.720,LOC.720,#2579e8,landslide.LOC.720,"['128.1967', '38.1572']",Jinbu,LOC,false
10000,landslide/LOC.721,LOC.721,#2579e8,landslide.LOC.721,"['117.2219', '36.7309']",Jinnan,LOC,false
10000,landslide/LOC.722,LOC.722,#2579e8,landslide.LOC.722,"['102.2586', '25.7928']",Jinsha River,LOC,false
10000,landslide/LOC.723,LOC.723,#2579e8,landslide.LOC.723,"['99.8942', '28.7836']",Jinshajiang River valley in China,LOC,false
10000,landslide/LOC.724,LOC.724,#2579e8,landslide.LOC.724,"['117.0948', '36.2303']",Jipazi,LOC,false
10000,landslide/LOC.725,LOC.725,#2579e8,landslide.LOC.725,"['127.3736', '35.2948']",Jirisan National Park,LOC,false
10000,landslide/LOC.726,LOC.726,#2579e8,landslide.LOC.726,"['112.6383', '25.3613']",Jiumine in the main part of Xishan Coalfield,LOC,false
10000,landslide/LOC.727,LOC.727,#2579e8,landslide.LOC.727,"['103.9208', '33.2520']",Jiuzhaigou,LOC,false
10000,landslide/LOC.728,LOC.728,#2579e8,landslide.LOC.728,"['103.9178', '33.2633']",Jiuzhaigou County,LOC,false
10000,landslide/LOC.729,LOC.729,#2579e8,landslide.LOC.729,"['103.9100', '33.2248']",Jiuzhaigou meizoseismal region of China,LOC,false
10000,landslide/LOC.730,LOC.730,#2579e8,landslide.LOC.730,"['42.5548', '16.8895']",Jizan,LOC,false
10000,landslide/LOC.731,LOC.731,#2579e8,landslide.LOC.731,"['77.3581', '31.9216']",Joginder Nagar area of Mandi district Himachal Pradesh,LOC,false
10000,landslide/LOC.732,LOC.732,#2579e8,landslide.LOC.732,"['129.2479', '37.2604']",Jumunjin - eup,LOC,false
10000,landslide/LOC.733,LOC.733,#2579e8,landslide.LOC.733,"['129.2114', '37.2683']",Jumunjin Country in South Korea,LOC,false
10000,landslide/LOC.734,LOC.734,#2579e8,landslide.LOC.734,"['9.1313', '48.8002']",Jurassic escarpment in the Swabian Alb,LOC,false
10000,landslide/LOC.735,LOC.735,#2579e8,landslide.LOC.735,"['9.1000', '56.0000']",Jutland,LOC,false
10000,landslide/LOC.736,LOC.736,#2579e8,landslide.LOC.736,"['121.15', '16.87']",Kabawetan,LOC,false
10000,landslide/LOC.737,LOC.737,#2579e8,landslide.LOC.737,"['73.68', '34.89']",Kaghan valley catchment,LOC,false
10000,landslide/LOC.738,LOC.738,#2579e8,landslide.LOC.738,"['81.31', '30.80']",Kailash Sacred Landscape,LOC,false
10000,landslide/LOC.739,LOC.739,#2579e8,landslide.LOC.739,"['108.77', '31.15']",Kaixian,LOC,false
10000,landslide/LOC.740,LOC.740,#2579e8,landslide.LOC.740,"['106.57', '27.33']",Kaiyang County,LOC,false
10000,landslide/LOC.741,LOC.741,#2579e8,landslide.LOC.741,"['114.12', '14.98']",Kakan catchment,LOC,false
10000,landslide/LOC.742,LOC.742,#2579e8,landslide.LOC.742,"['139.45', '37.15']",Kakuda - Yahiko Mountains of Central Japan,LOC,false
10000,landslide/LOC.743,LOC.743,#2579e8,landslide.LOC.743,"['140.97', '38.85']",Kakuda Mountain,LOC,false
10000,landslide/LOC.744,LOC.744,#2579e8,landslide.LOC.744,"['53.34', '37.38']",Kalaleh Township area of the Golestan province,LOC,false
10000,landslide/LOC.745,LOC.745,#2579e8,landslide.LOC.745,"['53.30', '37.38']",Kalaleh watershed,LOC,false
10000,landslide/LOC.746,LOC.746,#2579e8,landslide.LOC.746,"['83.83', '28.64']",Kali Gandaki valley,LOC,false
10000,landslide/LOC.747,LOC.747,#2579e8,landslide.LOC.747,"['75.63', '34.00']",Kali River valley,LOC,false
10000,landslide/LOC.748,LOC.748,#2579e8,landslide.LOC.748,"['88.47', '27.06']",Kalimpong,LOC,false
10000,landslide/LOC.749,LOC.749,#2579e8,landslide.LOC.749,"['88.48', '27.06']",Kalimpong district,LOC,false
10000,landslide/LOC.750,LOC.750,#2579e8,landslide.LOC.750,"['88.47', '27.06']",Kalimpong of Darjeeling Himalayas,LOC,false
10000,landslide/LOC.751,LOC.751,#2579e8,landslide.LOC.751,"['88.47', '27.06']",Kalimpong town,LOC,false
10000,landslide/LOC.752,LOC.752,#2579e8,landslide.LOC.752,"['77.24', '30.31']",Kallar River Sub Watersheds,LOC,false
10000,landslide/LOC.753,LOC.753,#2579e8,landslide.LOC.753,"['77.72', '30.72']",Kalsi - Chakrata road corridor,LOC,false
10000,landslide/LOC.754,LOC.754,#2579e8,landslide.LOC.754,"['77.72', '30.72']",Kalsi - Chakrata road corridor of Uttarakhand,LOC,false
10000,landslide/LOC.755,LOC.755,#2579e8,landslide.LOC.755,"['73.67', '19.60']",Kalsubai region of Deccan volcanic province,LOC,false
10000,landslide/LOC.756,LOC.756,#2579e8,landslide.LOC.756,"['79.9647', '6.5794']",Kalutara district,LOC,false
10000,landslide/LOC.757,LOC.757,#2579e8,landslide.LOC.757,"['45.0337', '35.5483']",Kamenziwan,LOC,false
10000,landslide/LOC.758,LOC.758,#2579e8,landslide.LOC.758,"['45.8000', '34.7500']",Kamyaran - Sarvabad road in the Kurdistan province of Iran,LOC,false
10000,landslide/LOC.759,LOC.759,#2579e8,landslide.LOC.759,"['45.5000', '34.7500']",Kamyaran city in Kurdistan Province,LOC,false
10000,landslide/LOC.760,LOC.760,#2579e8,landslide.LOC.760,"['87.0', '27.5']",Kankai watershed in east Nepal,LOC,false
10000,landslide/LOC.761,LOC.761,#2579e8,landslide.LOC.761,"['120.4172', '22.7176']",Kaoping River Basin,LOC,false
10000,landslide/LOC.762,LOC.762,#2579e8,landslide.LOC.762,"['32.6275', '41.2']",Karabuk province of Turkey,LOC,false
10000,landslide/LOC.763,LOC.763,#2579e8,landslide.LOC.763,"['50.8764', '35.7833']",Karaj Dam Basin in Iran,LOC,false
10000,landslide/LOC.764,LOC.764,#2579e8,landslide.LOC.764,"['77.5828', '35.5577']",Karakoram,LOC,false
10000,landslide/LOC.765,LOC.765,#2579e8,landslide.LOC.765,"['74.5825', '35.9006']",Karakoram Highway,LOC,false
10000,landslide/LOC.766,LOC.766,#2579e8,landslide.LOC.766,"['76.5155', '35.8047']",Karakorum mountainous,LOC,false
10000,landslide/LOC.767,LOC.767,#2579e8,landslide.LOC.767,"['76.1292', '34.5519']",Kargil,LOC,false
10000,landslide/LOC.768,LOC.768,#2579e8,landslide.LOC.768,"['37.3929', '37.7373']",Karisanri catchment,LOC,false
10000,landslide/LOC.769,LOC.769,#2579e8,landslide.LOC.769,"['81.8769', '29.0479']",Karnali,LOC,false
10000,landslide/LOC.770,LOC.770,#2579e8,landslide.LOC.770,"['81.4827', '28.2975']",Karnali highway,LOC,false
10000,landslide/LOC.771,LOC.771,#2579e8,landslide.LOC.771,"['76.6817', '12.2958']",Karnataka,LOC,false
10000,landslide/LOC.772,LOC.772,#2579e8,landslide.LOC.772,"['104.9501', '25.4871']",Karst,LOC,false
10000,landslide/LOC.773,LOC.773,#2579e8,landslide.LOC.773,"['107.0', '23.5']",Karst mountain region in Southwest China,LOC,false
10000,landslide/LOC.774,LOC.774,#2579e8,landslide.LOC.774,"['49.0', '32.5']",Karun watershed in the Zagros Mountains,LOC,false
10000,landslide/LOC.775,LOC.775,#2579e8,landslide.LOC.775,"['75.2407', '33.7782']",Kashmir,LOC,false
10000,landslide/LOC.776,LOC.776,#2579e8,landslide.LOC.776,"['75.7873', '34.0837']",Kashmir valley,LOC,false
10000,landslide/LOC.777,LOC.777,#2579e8,landslide.LOC.777,"['99.5218', '18.9008']",Kat County,LOC,false
10000,landslide/LOC.778,LOC.778,#2579e8,landslide.LOC.778,"['85.3306', '27.7172']",Kathmandu Kyirong Highway,LOC,false
10000,landslide/LOC.779,LOC.779,#2579e8,landslide.LOC.779,"['85.3158', '27.7631']",Kathmandu Trishuli highway,LOC,false
10000,landslide/LOC.780,LOC.780,#2579e8,landslide.LOC.780,"['109.8219', '-7.2546']",Kejajar District,LOC,false
10000,landslide/LOC.781,LOC.781,#2579e8,landslide.LOC.781,"['102.2501', '5.2670']",Kelantan state,LOC,false
10000,landslide/LOC.782,LOC.782,#2579e8,landslide.LOC.782,"['112.5895', '-7.9450']",Kelindang Village,LOC,false
10000,landslide/LOC.783,LOC.783,#2579e8,landslide.LOC.783,"['27.2650', '38.4263']",Kemalpasa districts,LOC,false
10000,landslide/LOC.784,LOC.784,#2579e8,landslide.LOC.784,"['84.2700', '37.8393']",Kentucky,LOC,false
10000,landslide/LOC.785,LOC.785,#2579e8,landslide.LOC.785,"['37.9062', '-0.0236']",Kenya,LOC,false
10000,landslide/LOC.786,LOC.786,#2579e8,landslide.LOC.786,"['102.4894', '-3.5709']",Kepahiang,LOC,false
10000,landslide/LOC.787,LOC.787,#2579e8,landslide.LOC.787,"['102.3575', '-3.6092']",Kepahiang Regency of Bengkulu Province,LOC,false
10000,landslide/LOC.788,LOC.788,#2579e8,landslide.LOC.788,"['76.2711', '10.8505']",Kerala state,LOC,false
10000,landslide/LOC.789,LOC.789,#2579e8,landslide.LOC.789,"['47.0653', '34.3142']",Kermanshah,LOC,false
10000,landslide/LOC.790,LOC.790,#2579e8,landslide.LOC.790,"['46.2218', '34.3144']",Kermanshah province of Iran,LOC,false
10000,landslide/LOC.791,LOC.791,#2579e8,landslide.LOC.791,"['-103.4791', '31.8572']",Kermit,LOC,false
10000,landslide/LOC.792,LOC.792,#2579e8,landslide.LOC.792,"['76.0880', '32.9502']",Khachak,LOC,false
10000,landslide/LOC.793,LOC.793,#2579e8,landslide.LOC.793,"['48.2014', '37.6164']",Khalkhal - Tarom Basin,LOC,false
10000,landslide/LOC.794,LOC.794,#2579e8,landslide.LOC.794,"['78.1392', '31.7160']",Kinnaur district,LOC,false
10000,landslide/LOC.795,LOC.795,#2579e8,landslide.LOC.795,"['76.4831', '31.4192']",Kiratpur Sahib to Nauni road stretch along NH - 205 in Himachal Pradesh,LOC,false
10000,landslide/LOC.796,LOC.796,#2579e8,landslide.LOC.796,"['77.0', '35.5']",KKH,LOC,false
10000,landslide/LOC.797,LOC.797,#2579e8,landslide.LOC.797,"['123.8530', '48.8235']",Klanawa Watershed,LOC,false
10000,landslide/LOC.798,LOC.798,#2579e8,landslide.LOC.798,"['101.6948', '3.1390']",Klang valley,LOC,false
10000,landslide/LOC.799,LOC.799,#2579e8,landslide.LOC.799,"['101.6948', '3.1390']",Klang Valley areas i Malaysia,LOC,false
10000,landslide/LOC.800,LOC.800,#2579e8,landslide.LOC.800,"['49.8723', '36.6682']",Klijanerestagh area of Iran,LOC,false
10000,landslide/LOC.801,LOC.801,#2579e8,landslide.LOC.801,"['49.8723', '36.6682']",Klijanrestagh Watershed,LOC,false
10000,landslide/LOC.802,LOC.802,#2579e8,landslide.LOC.802,"['75.8069', '12.3375']",Kodagu district of Karnataka,LOC,false
10000,landslide/LOC.803,LOC.803,#2579e8,landslide.LOC.803,"['77.4892', '10.2381']",Kodaikkanal,LOC,false
10000,landslide/LOC.804,LOC.804,#2579e8,landslide.LOC.804,"['77.4892', '10.2381']",Kodaikkanal in the Western Ghats,LOC,false
10000,landslide/LOC.805,LOC.805,#2579e8,landslide.LOC.805,"['77.4892', '10.2381']",Kodaikkanal Palani,LOC,false
10000,landslide/LOC.806,LOC.806,#2579e8,landslide.LOC.806,"['77.4892', '10.2381']",Kodaikkanal town,LOC,false
10000,landslide/LOC.807,LOC.807,#2579e8,landslide.LOC.807,"['73.4640', '35.2368']",Kohistan,LOC,false
10000,landslide/LOC.808,LOC.808,#2579e8,landslide.LOC.808,"['51.7413', '36.0194']",Kojour pathway,LOC,false
10000,landslide/LOC.809,LOC.809,#2579e8,landslide.LOC.809,"['78.2991', '11.3500']",Kolli hills situated in the tail end of the Eastern Ghats in Namakkal district of Tamil Nadu,LOC,false
10000,landslide/LOC.810,LOC.810,#2579e8,landslide.LOC.810,"['76.6394', '9.6782']",Koottickal,LOC,false
10000,landslide/LOC.811,LOC.811,#2579e8,landslide.LOC.811,"['76.6394', '9.6782']",Koottickal area of the Kottayam district,LOC,false
10000,landslide/LOC.812,LOC.812,#2579e8,landslide.LOC.812,"['127.7669', '35.9078']",Korea,LOC,false
10000,landslide/LOC.813,LOC.813,#2579e8,landslide.LOC.813,"['127.7669', '35.9078']",Korean,LOC,false
10000,landslide/LOC.814,LOC.814,#2579e8,landslide.LOC.814,"['76.6981', '10.2895']",Koruthodu,LOC,false
10000,landslide/LOC.815,LOC.815,#2579e8,landslide.LOC.815,"['116.0714', '5.9804']",Kota Kinabalu,LOC,false
10000,landslide/LOC.816,LOC.816,#2579e8,landslide.LOC.816,"['76.5222', '9.5916']",Kottayam,LOC,false
10000,landslide/LOC.817,LOC.817,#2579e8,landslide.LOC.817,"['76.5222', '9.5916']",Kottayam district,LOC,false
10000,landslide/LOC.818,LOC.818,#2579e8,landslide.LOC.818,"['35.3560', '39.0539']",Koyulhisar,LOC,false
10000,landslide/LOC.819,LOC.819,#2579e8,landslide.LOC.819,"['75.7662', '11.2588']",Kozhikode,LOC,false
10000,landslide/LOC.820,LOC.820,#2579e8,landslide.LOC.820,"['45.0792', '23.8859']",KSA,LOC,false
10000,landslide/LOC.821,LOC.821,#2579e8,landslide.LOC.821,"['73.4733', '38.9657']",KSL,LOC,false
10000,landslide/LOC.822,LOC.822,#2579e8,landslide.LOC.822,"['101.6865', '3.1390']",Kuala Lumpur,LOC,false
10000,landslide/LOC.823,LOC.823,#2579e8,landslide.LOC.823,"['101.6865', '3.1390']",Kuala Lumpur city,LOC,false
10000,landslide/LOC.824,LOC.824,#2579e8,landslide.LOC.824,"['85.2893', '27.7440']",Kulekhani River Basin in Central Nepal,LOC,false
10000,landslide/LOC.825,LOC.825,#2579e8,landslide.LOC.825,"['77.3149', '31.9816']",Kullu district,LOC,false
10000,landslide/LOC.826,LOC.826,#2579e8,landslide.LOC.826,"['77.3149', '31.9816']",Kullu valley,LOC,false
10000,landslide/LOC.827,LOC.827,#2579e8,landslide.LOC.827,"['77.3149', '31.9816']",Kullu valley region in the Himalayas,LOC,false
10000,landslide/LOC.828,LOC.828,#2579e8,landslide.LOC.828,"['130.5201', '32.8039']",Kumamoto,LOC,false
10000,landslide/LOC.829,LOC.829,#2579e8,landslide.LOC.829,"['136.1302', '34.2811']",Kumano River in the Kii Mountains of Japan,LOC,false
10000,landslide/LOC.830,LOC.830,#2579e8,landslide.LOC.830,"['79.4914', '29.0588']",Kumaun Himalaya,LOC,false
10000,landslide/LOC.831,LOC.831,#2579e8,landslide.LOC.831,"['79.4914', '29.0588']",Kumaun Himalaya in Uttarakhand,LOC,false
10000,landslide/LOC.832,LOC.832,#2579e8,landslide.LOC.832,"['30.2869', '36.3706']",Kumluca watershed,LOC,false
10000,landslide/LOC.833,LOC.833,#2579e8,landslide.LOC.833,"['44.4323', '36.7736']",Kurdistan,LOC,false
10000,landslide/LOC.834,LOC.834,#2579e8,landslide.LOC.834,"['45.7763', '35.3233']",Kurdistan Province,LOC,false
10000,landslide/LOC.835,LOC.835,#2579e8,landslide.LOC.835,"['45.7763', '35.3233']",Kurdistan province in Iran,LOC,false
10000,landslide/LOC.836,LOC.836,#2579e8,landslide.LOC.836,"['133.5150', '34.7578']",Kure City,LOC,false
10000,landslide/LOC.837,LOC.837,#2579e8,landslide.LOC.837,"['88.2542', '26.8796']",Kurseong,LOC,false
10000,landslide/LOC.838,LOC.838,#2579e8,landslide.LOC.838,"['30.0865', '28.1789']",Kuzulu village,LOC,false
10000,landslide/LOC.839,LOC.839,#2579e8,landslide.LOC.839,"['30.5595', '29.5410']",KwaZulu - Natal,LOC,false
10000,landslide/LOC.840,LOC.840,#2579e8,landslide.LOC.840,"['33.4308', '35.3403']",Kyrenia,LOC,false
10000,landslide/LOC.841,LOC.841,#2579e8,landslide.LOC.841,"['74.7661', '41.2044']",Kyrgyzstan,LOC,false
10000,landslide/LOC.842,LOC.842,#2579e8,landslide.LOC.842,"['18.2000', '49.3400']",Kysuca river basin,LOC,false
10000,landslide/LOC.843,LOC.843,#2579e8,landslide.LOC.843,"['18.7875', '49.1418']",Kysucke Nove Mesto in Slovakia,LOC,false
10000,landslide/LOC.844,LOC.844,#2579e8,landslide.LOC.844,"['99.7464', '19.1625']",La Cienega watershed on the eastern flank of the volcano Nevado de Toluca,LOC,false
10000,landslide/LOC.845,LOC.845,#2579e8,landslide.LOC.845,"['6.0262', '46.0709']",La Frasse,LOC,false
10000,landslide/LOC.846,LOC.846,#2579e8,landslide.LOC.846,"['0.7556', '38.7467']",La Marina,LOC,false
10000,landslide/LOC.847,LOC.847,#2579e8,landslide.LOC.847,"['1.9727', '42.2452']",La Pobla de Lillet,LOC,false
10000,landslide/LOC.848,LOC.848,#2579e8,landslide.LOC.848,"['88.5490', '27.7167']",Lachung,LOC,false
10000,landslide/LOC.849,LOC.849,#2579e8,landslide.LOC.849,"['88.6283', '27.7189']",Lachung River basin,LOC,false
10000,landslide/LOC.850,LOC.850,#2579e8,landslide.LOC.850,"['88.7139', '27.6994']",Lachung valley,LOC,false
10000,landslide/LOC.851,LOC.851,#2579e8,landslide.LOC.851,"['103.1526', '22.4050']",Lai Chau,LOC,false
10000,landslide/LOC.852,LOC.852,#2579e8,landslide.LOC.852,"['103.2678', '22.3947']",Lai Chau province,LOC,false
10000,landslide/LOC.853,LOC.853,#2579e8,landslide.LOC.853,"['103.2633', '22.4136']",Lai Chau province of Vietnam,LOC,false
10000,landslide/LOC.854,LOC.854,#2579e8,landslide.LOC.854,"['109.2287', '23.7408']",Laibin,LOC,false
10000,landslide/LOC.855,LOC.855,#2579e8,landslide.LOC.855,"['8.5349', '37.4733']",Lajedo parish,LOC,false
10000,landslide/LOC.856,LOC.856,#2579e8,landslide.LOC.856,"['91.2684', '14.6903']",Lake Atitlan watershed in Guatemala,LOC,false
10000,landslide/LOC.857,LOC.857,#2579e8,landslide.LOC.857,"['17.4492', '46.8684']",Lake Balaton,LOC,false
10000,landslide/LOC.858,LOC.858,#2579e8,landslide.LOC.858,"['92.7013', '29.6415']","Lancang , Nu , and Yarlung Tsangpo",LOC,false
10000,landslide/LOC.859,LOC.859,#2579e8,landslide.LOC.859,"['99.0514', '25.9550']",Lancang River,LOC,false
10000,landslide/LOC.860,LOC.860,#2579e8,landslide.LOC.860,"['0.0', '0.0']",Land use,LOC,false
10000,landslide/LOC.861,LOC.861,#2579e8,landslide.LOC.861,"['106.7522', '21.8230']",Lang Son,LOC,false
10000,landslide/LOC.862,LOC.862,#2579e8,landslide.LOC.862,"['106.4099', '21.6596']",Lang Son province,LOC,false
10000,landslide/LOC.863,LOC.863,#2579e8,landslide.LOC.863,"['111.9676', '36.4714']",Langao County,LOC,false
10000,landslide/LOC.864,LOC.864,#2579e8,landslide.LOC.864,"['101.4993', '3.3095']",Langat River Basin,LOC,false
10000,landslide/LOC.865,LOC.865,#2579e8,landslide.LOC.865,"['101.8126', '3.8674']",Langat River Basin in Selangor,LOC,false
10000,landslide/LOC.866,LOC.866,#2579e8,landslide.LOC.866,"['113.9720', '22.2664']",Lantau,LOC,false
10000,landslide/LOC.867,LOC.867,#2579e8,landslide.LOC.867,"['113.8777', '22.2580']",Lantau Island,LOC,false
10000,landslide/LOC.868,LOC.868,#2579e8,landslide.LOC.868,"['113.9091', '22.2435']",Lantau Island in Hong Kong,LOC,false
10000,landslide/LOC.869,LOC.869,#2579e8,landslide.LOC.869,"['98.4547', '22.1699']",Lantsang River,LOC,false
10000,landslide/LOC.870,LOC.870,#2579e8,landslide.LOC.870,"['103.8343', '36.0613']",Lanzhou,LOC,false
10000,landslide/LOC.871,LOC.871,#2579e8,landslide.LOC.871,"['103.8343', '36.0613']",Lanzhou city,LOC,false
10000,landslide/LOC.872,LOC.872,#2579e8,landslide.LOC.872,"['104.0545', '22.5726']",Lao Cai Province,LOC,false
10000,landslide/LOC.873,LOC.873,#2579e8,landslide.LOC.873,"['51.3187', '35.9821']",Lashgarak,LOC,false
10000,landslide/LOC.874,LOC.874,#2579e8,landslide.LOC.874,"['51.4127', '35.8967']",Lashgarak region of Tehran,LOC,false
10000,landslide/LOC.875,LOC.875,#2579e8,landslide.LOC.875,"['51.2217', '35.7814']",Latian Dam,LOC,false
10000,landslide/LOC.876,LOC.876,#2579e8,landslide.LOC.876,"['52.0', '33.0']",Layleh valley,LOC,false
10000,landslide/LOC.877,LOC.877,#2579e8,landslide.LOC.877,"['77.0', '30.5']",Lesser Himalaya,LOC,false
10000,landslide/LOC.878,LOC.878,#2579e8,landslide.LOC.878,"['77.0', '30.5']",Lesser Himalayan,LOC,false
10000,landslide/LOC.879,LOC.879,#2579e8,landslide.LOC.879,"['77.0', '32.0']",Lesser Himalayan region of district Kullu,LOC,false
10000,landslide/LOC.880,LOC.880,#2579e8,landslide.LOC.880,"['77.0', '30.5']",Lesser Himalayan road corridor,LOC,false
10000,landslide/LOC.881,LOC.881,#2579e8,landslide.LOC.881,"['124.0', '10.5']",Leyte,LOC,false
10000,landslide/LOC.882,LOC.882,#2579e8,landslide.LOC.882,"['124.0', '10.5']",Leyte Island,LOC,false
10000,landslide/LOC.883,LOC.883,#2579e8,landslide.LOC.883,"['124.0', '10.5']",Leyte segment of the PFZ,LOC,false
10000,landslide/LOC.884,LOC.884,#2579e8,landslide.LOC.884,"['124.0', '10.5']",Leyte segment of the Philippine Fault Zone,LOC,false
10000,landslide/LOC.885,LOC.885,#2579e8,landslide.LOC.885,"['103.0', '24.0']",Li Mountain,LOC,false
10000,landslide/LOC.886,LOC.886,#2579e8,landslide.LOC.886,"['102.0', '27.0']",Liangshan,LOC,false
10000,landslide/LOC.887,LOC.887,#2579e8,landslide.LOC.887,"['102.0', '35.0']",Lianlu Hydropower Station on the Tao River in Gansu province,LOC,false
10000,landslide/LOC.888,LOC.888,#2579e8,landslide.LOC.888,"['119.1246', '34.6001']",Lianyungang city,LOC,false
10000,landslide/LOC.889,LOC.889,#2579e8,landslide.LOC.889,"['13.0', '50.5']",Lignite open-pit mine in North Bohemia,LOC,false
10000,landslide/LOC.890,LOC.890,#2579e8,landslide.LOC.890,"['8.0', '44.5']",Liguria,LOC,false
10000,landslide/LOC.891,LOC.891,#2579e8,landslide.LOC.891,"['8.0', '44.0']",Ligurian Alps,LOC,false
10000,landslide/LOC.892,LOC.892,#2579e8,landslide.LOC.892,"['116.3', '37.6']",Linglong towns,LOC,false
10000,landslide/LOC.893,LOC.893,#2579e8,landslide.LOC.893,"['108.2', '34.5']",Linyou County,LOC,false
10000,landslide/LOC.894,LOC.894,#2579e8,landslide.LOC.894,"['94.3641', '29.6500']",Linzhi City,LOC,false
10000,landslide/LOC.895,LOC.895,#2579e8,landslide.LOC.895,"['14.9511', '38.4730']",Lipari,LOC,false
10000,landslide/LOC.896,LOC.896,#2579e8,landslide.LOC.896,"['88.2998', '27.0368']",Lish river basin of Eastern Darjeeling Himalaya,LOC,false
10000,landslide/LOC.897,LOC.897,#2579e8,landslide.LOC.897,"['88.0', '27.0']",Lish river basin of Eastern Darjiling Himalaya,LOC,false
10000,landslide/LOC.898,LOC.898,#2579e8,landslide.LOC.898,"['119.9293', '28.4601']",Lishui City in Zhejiang Province,LOC,false
10000,landslide/LOC.899,LOC.899,#2579e8,landslide.LOC.899,"['0.0', '0.0']",Lithology,LOC,false
10000,landslide/LOC.900,LOC.900,#2579e8,landslide.LOC.900,"['0.0', '0.0']",Littoral,LOC,false
10000,landslide/LOC.901,LOC.901,#2579e8,landslide.LOC.901,"['104.9340', '26.5944']",Liupanshui City,LOC,false
10000,landslide/LOC.902,LOC.902,#2579e8,landslide.LOC.902,"['104.9912', '34.2317']",Lixian - Luojiabu fault zone in Gansu province in China,LOC,false
10000,landslide/LOC.903,LOC.903,#2579e8,landslide.LOC.903,"['103.0650', '35.5913']",Lixian County,LOC,false
10000,landslide/LOC.904,LOC.904,#2579e8,landslide.LOC.904,"['106.5', '35.0']",Loess,LOC,false
10000,landslide/LOC.905,LOC.905,#2579e8,landslide.LOC.905,"['111.5', '37.5']",Loess area Lvliang,LOC,false
10000,landslide/LOC.906,LOC.906,#2579e8,landslide.LOC.906,"['106.2', '35.5']",Loess catchment in the Huachi County,LOC,false
10000,landslide/LOC.907,LOC.907,#2579e8,landslide.LOC.907,"['105.0', '34.5']",Loess cliffs of the Zemun loess plateau,LOC,false
10000,landslide/LOC.908,LOC.908,#2579e8,landslide.LOC.908,"['108.7881', '34.3804']",Loess Plateau,LOC,false
10000,landslide/LOC.909,LOC.909,#2579e8,landslide.LOC.909,"['112.0', '36.0']",Loess Plateau area in Shanxi Province,LOC,false
10000,landslide/LOC.910,LOC.910,#2579e8,landslide.LOC.910,"['108.0', '35.5']",Loess Plateau in North-Central China,LOC,false
10000,landslide/LOC.911,LOC.911,#2579e8,landslide.LOC.911,"['106.5', '35.0']",Loess tableland,LOC,false
10000,landslide/LOC.912,LOC.912,#2579e8,landslide.LOC.912,"['9.1916', '45.4642']",Lombardia,LOC,false
10000,landslide/LOC.913,LOC.913,#2579e8,landslide.LOC.913,"['116.2160', '-8.6500']",Lombok Island,LOC,false
10000,landslide/LOC.914,LOC.914,#2579e8,landslide.LOC.914,"['131.1668', '23.2882']",Long County,LOC,false
10000,landslide/LOC.915,LOC.915,#2579e8,landslide.LOC.915,"['104.7134', '31.8371']",Longfeng town,LOC,false
10000,landslide/LOC.916,LOC.916,#2579e8,landslide.LOC.916,"['110.9649', '29.9630']",Longju in the Three Gorges Reservoir area in China,LOC,false
10000,landslide/LOC.917,LOC.917,#2579e8,landslide.LOC.917,"['111.25', '34.25']",Longmen Mountains,LOC,false
10000,landslide/LOC.918,LOC.918,#2579e8,landslide.LOC.918,"['103.5', '32.25']",Longmenshan,LOC,false
10000,landslide/LOC.919,LOC.919,#2579e8,landslide.LOC.919,"['104.9227', '33.3933']",Longnan City,LOC,false
10000,landslide/LOC.920,LOC.920,#2579e8,landslide.LOC.920,"['104.1951', '30.7176']",Longshuigou,LOC,false
10000,landslide/LOC.921,LOC.921,#2579e8,landslide.LOC.921,"['104.4977', '34.0396']",Longxi river basin,LOC,false
10000,landslide/LOC.922,LOC.922,#2579e8,landslide.LOC.922,"['88.8611', '31.9740']",Longzi River Basin in Tibet,LOC,false
10000,landslide/LOC.923,LOC.923,#2579e8,landslide.LOC.923,"['1.7009', '37.6715']",Lorca,LOC,false
10000,landslide/LOC.924,LOC.924,#2579e8,landslide.LOC.924,"['0.0', '0.0']",Lower,LOC,false
10000,landslide/LOC.925,LOC.925,#2579e8,landslide.LOC.925,"['80.3241', '28.4964']",Lower Himalayas,LOC,false
10000,landslide/LOC.926,LOC.926,#2579e8,landslide.LOC.926,"['85.3522', '26.8265']",Lower Kosi Watershed,LOC,false
10000,landslide/LOC.927,LOC.927,#2579e8,landslide.LOC.927,"['98.4800', '18.8000']",lower Mae Chaem watershed,LOC,false
10000,landslide/LOC.928,LOC.928,#2579e8,landslide.LOC.928,"['102.6167', '13.6667']",Lower Mekong River Basin in Southeast Asia,LOC,false
10000,landslide/LOC.929,LOC.929,#2579e8,landslide.LOC.929,"['77.7783', '34.1526']",lower western region of Ladakh,LOC,false
10000,landslide/LOC.930,LOC.930,#2579e8,landslide.LOC.930,"['82.18', '28.05']",lowlands in Mid-Western Nepal,LOC,false
10000,landslide/LOC.931,LOC.931,#2579e8,landslide.LOC.931,"['0.0', '0.0']",LRB,LOC,false
10000,landslide/LOC.932,LOC.932,#2579e8,landslide.LOC.932,"['115.5667', '29.5667']",Lu - Shan,LOC,false
10000,landslide/LOC.933,LOC.933,#2579e8,landslide.LOC.933,"['105.1707', '21.7423']",Luc Yen district,LOC,false
10000,landslide/LOC.934,LOC.934,#2579e8,landslide.LOC.934,"['10.3140', '43.8428']",Lucca,LOC,false
10000,landslide/LOC.935,LOC.935,#2579e8,landslide.LOC.935,"['103.3810', '26.4261']",Ludian,LOC,false
10000,landslide/LOC.936,LOC.936,#2579e8,landslide.LOC.936,"['103.5', '26.5']",Ludian County,LOC,false
10000,landslide/LOC.937,LOC.937,#2579e8,landslide.LOC.937,"['103.5', '26.5']",Ludian districts,LOC,false
10000,landslide/LOC.938,LOC.938,#2579e8,landslide.LOC.938,"['102.0775', '29.9097']",Luding,LOC,false
10000,landslide/LOC.939,LOC.939,#2579e8,landslide.LOC.939,"['92.7337', '22.8782']",Lunglei district of Mizoram,LOC,false
10000,landslide/LOC.940,LOC.940,#2579e8,landslide.LOC.940,"['111.0', '22.5']",Luoding and Xinyi Counties,LOC,false
10000,landslide/LOC.941,LOC.941,#2579e8,landslide.LOC.941,"['106.7679', '16.2361']",Luoi,LOC,false
10000,landslide/LOC.942,LOC.942,#2579e8,landslide.LOC.942,"['116.0095', '29.5623']",Lushan,LOC,false
10000,landslide/LOC.943,LOC.943,#2579e8,landslide.LOC.943,"['115.9839', '27.7066']",Lushan County,LOC,false
10000,landslide/LOC.944,LOC.944,#2579e8,landslide.LOC.944,"['115.9826', '27.8508']",Lushan County of China,LOC,false
10000,landslide/LOC.945,LOC.945,#2579e8,landslide.LOC.945,"['103.0227', '30.4339']",Lushan County of Sichuan Province in China,LOC,false
10000,landslide/LOC.946,LOC.946,#2579e8,landslide.LOC.946,"['115.5', '29.5']",Lushan earthquake disaster,LOC,false
10000,landslide/LOC.947,LOC.947,#2579e8,landslide.LOC.947,"['98.8637', '25.8887']",Lushui,LOC,false
10000,landslide/LOC.948,LOC.948,#2579e8,landslide.LOC.948,"['122.7500', '13.0000']",Luzon Island,LOC,false
10000,landslide/LOC.949,LOC.949,#2579e8,landslide.LOC.949,"['72.5450', '13.1631']",Machu Picchu,LOC,false
10000,landslide/LOC.950,LOC.950,#2579e8,landslide.LOC.950,"['39.5', '41.0']",Macka District of Trabzon,LOC,false
10000,landslide/LOC.951,LOC.951,#2579e8,landslide.LOC.951,"['83.0282', '37.8916']",Magoffin County,LOC,false
10000,landslide/LOC.952,LOC.952,#2579e8,landslide.LOC.952,"['75.7139', '19.7515']",Maharashtra,LOC,false
10000,landslide/LOC.953,LOC.953,#2579e8,landslide.LOC.953,"['99.9616', '20.3277']",Mai Salong Nok in Mae Fa Luang District,LOC,false
10000,landslide/LOC.954,LOC.954,#2579e8,landslide.LOC.954,"['72.6284', '41.5729']",Mailuu - Suu catchment,LOC,false
10000,landslide/LOC.955,LOC.955,#2579e8,landslide.LOC.955,"['73.0', '41.5']",Mailuu-Suu catchment in Kyrgyzstan,LOC,false
10000,landslide/LOC.956,LOC.956,#2579e8,landslide.LOC.956,"['40.0', '10.0']",Main Ethiopian Rift and Afar Depression,LOC,false
10000,landslide/LOC.957,LOC.957,#2579e8,landslide.LOC.957,"['121.0', '23.5']",main island of Taiwan,LOC,false
10000,landslide/LOC.958,LOC.958,#2579e8,landslide.LOC.958,"['118.98', '-3.33']",Majene Regency,LOC,false
10000,landslide/LOC.959,LOC.959,#2579e8,landslide.LOC.959,"['116.37', '39.12']",Majiagou,LOC,false
10000,landslide/LOC.960,LOC.960,#2579e8,landslide.LOC.960,"['-48.57', '-25.42']",major port in Brazil,LOC,false
10000,landslide/LOC.961,LOC.961,#2579e8,landslide.LOC.961,"['44.77', '39.15']",Maku and Shafa - Roud dam reservoirs,LOC,false
10000,landslide/LOC.962,LOC.962,#2579e8,landslide.LOC.962,"['-4.42', '36.72']",Malaga,LOC,false
10000,landslide/LOC.963,LOC.963,#2579e8,landslide.LOC.963,"['112.63', '-8.06']",Malang Regency,LOC,false
10000,landslide/LOC.964,LOC.964,#2579e8,landslide.LOC.964,"['76.13', '11.07']",Malappuram districts,LOC,false
10000,landslide/LOC.965,LOC.965,#2579e8,landslide.LOC.965,"['34.29', '-13.25']",Malawi,LOC,false
10000,landslide/LOC.966,LOC.966,#2579e8,landslide.LOC.966,"['101.97', '4.21']",Malaysia,LOC,false
10000,landslide/LOC.967,LOC.967,#2579e8,landslide.LOC.967,"['151.05', '60.0']",Maliulin,LOC,false
10000,landslide/LOC.968,LOC.968,#2579e8,landslide.LOC.968,"['79.45', '30.72']",Mandakini River basin,LOC,false
10000,landslide/LOC.969,LOC.969,#2579e8,landslide.LOC.969,"['79.54', '30.51']",Mandakini valley of Uttarakhand Himalayas,LOC,false
10000,landslide/LOC.970,LOC.970,#2579e8,landslide.LOC.970,"['76.92', '31.71']",Mandi district,LOC,false
10000,landslide/LOC.971,LOC.971,#2579e8,landslide.LOC.971,"['73.25', '33.21']",Mandra,LOC,false
10000,landslide/LOC.972,LOC.972,#2579e8,landslide.LOC.972,"['93.93', '24.66']",Manipur,LOC,false
10000,landslide/LOC.973,LOC.973,#2579e8,landslide.LOC.973,"['73.38', '33.72']",Mansehra - Muzaffarabad - Mirpur and Mangla,LOC,false
10000,landslide/LOC.974,LOC.974,#2579e8,landslide.LOC.974,"['73.38', '33.72']",Mansehra and Muzaffarabad districts,LOC,false
10000,landslide/LOC.975,LOC.975,#2579e8,landslide.LOC.975,"['73.38', '33.72']",Mansehra and Torghar districts,LOC,false
10000,landslide/LOC.976,LOC.976,#2579e8,landslide.LOC.976,"['106.5', '14.5']",Many hilly parts of Vietnam,LOC,false
10000,landslide/LOC.977,LOC.977,#2579e8,landslide.LOC.977,"['94.3260', '25.4740']",Mao - Maram of,LOC,false
10000,landslide/LOC.978,LOC.978,#2579e8,landslide.LOC.978,"['101.5474', '24.7955']",Mao County,LOC,false
10000,landslide/LOC.979,LOC.979,#2579e8,landslide.LOC.979,"['94.1163', '25.0494']",Mao to Kangpokpi from AH - 1,LOC,false
10000,landslide/LOC.980,LOC.980,#2579e8,landslide.LOC.980,"['103.8881', '31.7104']",Maoxian,LOC,false
10000,landslide/LOC.981,LOC.981,#2579e8,landslide.LOC.981,"['103.2789', '31.3926']",Maoxian County,LOC,false
10000,landslide/LOC.982,LOC.982,#2579e8,landslide.LOC.982,"['84.2170', '28.2406']",Mardi Khola,LOC,false
10000,landslide/LOC.983,LOC.983,#2579e8,landslide.LOC.983,"['49.6944', '34.8046']",Markazi Province of Iran,LOC,false
10000,landslide/LOC.984,LOC.984,#2579e8,landslide.LOC.984,"['140.8293', '38.8998']",Marumori,LOC,false
10000,landslide/LOC.985,LOC.985,#2579e8,landslide.LOC.985,"['16.6070', '40.6666']",Matera,LOC,false
10000,landslide/LOC.986,LOC.986,#2579e8,landslide.LOC.986,"['57.5522', '20.3484']",Mauritius Island,LOC,false
10000,landslide/LOC.987,LOC.987,#2579e8,landslide.LOC.987,"['91.9869', '25.4807']",Mawiongrim,LOC,false
10000,landslide/LOC.988,LOC.988,#2579e8,landslide.LOC.988,"['110.7034', '27.9748']",Mayang County,LOC,false
10000,landslide/LOC.989,LOC.989,#2579e8,landslide.LOC.989,"['52.5461', '36.3472']",Mazandaran province,LOC,false
10000,landslide/LOC.990,LOC.990,#2579e8,landslide.LOC.990,"['52.5461', '36.3472']",Mazandaran Province of Iran,LOC,false
10000,landslide/LOC.991,LOC.991,#2579e8,landslide.LOC.991,"['52.5461', '36.3472']",Mazandran Province,LOC,false
10000,landslide/LOC.992,LOC.992,#2579e8,landslide.LOC.992,"['75.5636', '6.2442']",Medellin in Colombia,LOC,false
10000,landslide/LOC.993,LOC.993,#2579e8,landslide.LOC.993,"['15.2551', '34.5531']",Mediterranean,LOC,false
10000,landslide/LOC.994,LOC.994,#2579e8,landslide.LOC.994,"['15.2551', '34.5531']",Mediterranean catchment,LOC,false
10000,landslide/LOC.995,LOC.995,#2579e8,landslide.LOC.995,"['3.3452', '36.4330']",Mediterranean Kabylia,LOC,false
10000,landslide/LOC.996,LOC.996,#2579e8,landslide.LOC.996,"['5.4493', '35.7718']",Mediterranean Rif coastal zone of Morocco,LOC,false
10000,landslide/LOC.997,LOC.997,#2579e8,landslide.LOC.997,"['91.2794', '25.4670']",Meghalaya,LOC,false
10000,landslide/LOC.998,LOC.998,#2579e8,landslide.LOC.998,"['34.0837', '40.8982']",Melen Gorge in the Northwestern part of Turkey,LOC,false
10000,landslide/LOC.999,LOC.999,#2579e8,landslide.LOC.999,"['37.7159', '7.0353']",Mesima Basin,LOC,false
10000,landslide/LOC.1000,LOC.1000,#2579e8,landslide.LOC.1000,"['37.7075', '7.0300']",Mesima surroundings,LOC,false
10000,landslide/LOC.1001,LOC.1001,#2579e8,landslide.LOC.1001,"['15.6444', '38.2265']",Messina Straits graben,LOC,false
10000,landslide/LOC.1002,LOC.1002,#2579e8,landslide.LOC.1002,"['78.4700', '0.1807']",Metropolitan District of Quito,LOC,false
10000,landslide/LOC.1003,LOC.1003,#2579e8,landslide.LOC.1003,"['46.6333', '23.5505']",metropolitan region of Sao Paulo - Brazil,LOC,false
10000,landslide/LOC.1004,LOC.1004,#2579e8,landslide.LOC.1004,"['122.7475', '44.3577']",Mettman Ridge study area in Oregon,LOC,false
10000,landslide/LOC.1005,LOC.1005,#2579e8,landslide.LOC.1005,"['77.8765', '11.8123']",Mettur dam,LOC,false
10000,landslide/LOC.1006,LOC.1006,#2579e8,landslide.LOC.1006,"['102.5528', '23.6345']",Mexico,LOC,false
10000,landslide/LOC.1007,LOC.1007,#2579e8,landslide.LOC.1007,"['47.2391', '37.4157']",Miandarband,LOC,false
10000,landslide/LOC.1008,LOC.1008,#2579e8,landslide.LOC.1008,"['108.4634', '35.7083']",Miansi town,LOC,false
10000,landslide/LOC.1009,LOC.1009,#2579e8,landslide.LOC.1009,"['104.7487', '31.1801']",Mianyang City,LOC,false
10000,landslide/LOC.1010,LOC.1010,#2579e8,landslide.LOC.1010,"['120.5489', '24.5570']",Miao Li,LOC,false
10000,landslide/LOC.1011,LOC.1011,#2579e8,landslide.LOC.1011,"['15.2551', '42.3852']",mid-Adriatic,LOC,false
10000,landslide/LOC.1012,LOC.1012,#2579e8,landslide.LOC.1012,"['106.8294', '30.6062']",middle and upper reaches of the Yangtze River,LOC,false
10000,landslide/LOC.1013,LOC.1013,#2579e8,landslide.LOC.1013,"['46.6753', '24.6877']",Middle East,LOC,false
10000,landslide/LOC.1014,LOC.1014,#2579e8,landslide.LOC.1014,"['19.5014', '6.1864']",Middle East and Africa,LOC,false
10000,landslide/LOC.1015,LOC.1015,#2579e8,landslide.LOC.1015,"['121.1680', '47.4557']",Middle Fork,LOC,false
10000,landslide/LOC.1016,LOC.1016,#2579e8,landslide.LOC.1016,"['77.1722', '31.8760']",middle Himalayan region of Himachal Pradesh,LOC,false
10000,landslide/LOC.1017,LOC.1017,#2579e8,landslide.LOC.1017,"['10.3712', '44.0225']",middle part of the Serchio River basin,LOC,false
10000,landslide/LOC.1018,LOC.1018,#2579e8,landslide.LOC.1018,"['114.1559', '22.2779']",Mid-Levels region in Hong Kong,LOC,false
10000,landslide/LOC.1019,LOC.1019,#2579e8,landslide.LOC.1019,"['94.2067', '29.2364']",Milin County,LOC,false
10000,landslide/LOC.1020,LOC.1020,#2579e8,landslide.LOC.1020,"['130.0533', '32.2211']",Minamata,LOC,false
10000,landslide/LOC.1021,LOC.1021,#2579e8,landslide.LOC.1021,"['130.0349', '32.2233']",Minamata area of southern Kyushu Island,LOC,false
10000,landslide/LOC.1022,LOC.1022,#2579e8,landslide.LOC.1022,"['44.5637', '18.5125']",Minas Gerais,LOC,false
10000,landslide/LOC.1023,LOC.1023,#2579e8,landslide.LOC.1023,"['84.0792', '32.5167']",Mingchukur,LOC,false
10000,landslide/LOC.1024,LOC.1024,#2579e8,landslide.LOC.1024,"['103.2298', '28.0000']",Minjiang River,LOC,false
10000,landslide/LOC.1025,LOC.1025,#2579e8,landslide.LOC.1025,"['104.0444', '34.4453']",Minxian,LOC,false
10000,landslide/LOC.1026,LOC.1026,#2579e8,landslide.LOC.1026,"['104.2531', '34.0059']",Minxian - Zhangxian,LOC,false
10000,landslide/LOC.1027,LOC.1027,#2579e8,landslide.LOC.1027,"['102.0424', '28.6026']",Miyi county,LOC,false
10000,landslide/LOC.1028,LOC.1028,#2579e8,landslide.LOC.1028,"['116.8964', '40.4576']",Miyun country,LOC,false
10000,landslide/LOC.1029,LOC.1029,#2579e8,landslide.LOC.1029,"['92.9376', '23.1645']",Mizoram,LOC,false
10000,landslide/LOC.1030,LOC.1030,#2579e8,landslide.LOC.1030,"['137.2552', '35.3646']",Mizunami City,LOC,false
10000,landslide/LOC.1031,LOC.1031,#2579e8,landslide.LOC.1031,"['0.0931', '51.4793']",MMMM,LOC,false
10000,landslide/LOC.1032,LOC.1032,#2579e8,landslide.LOC.1032,"['84.1287', '28.0857']",Modi Khola,LOC,false
10000,landslide/LOC.1033,LOC.1033,#2579e8,landslide.LOC.1033,"['84.1526', '28.1062']",Modi Khola valley,LOC,false
10000,landslide/LOC.1034,LOC.1034,#2579e8,landslide.LOC.1034,"['28.3697', '47.4116']",Moldavian,LOC,false
10000,landslide/LOC.1035,LOC.1035,#2579e8,landslide.LOC.1035,"['27.2619', '46.8127']",Moldavian Plateau,LOC,false
10000,landslide/LOC.1036,LOC.1036,#2579e8,landslide.LOC.1036,"['14.0', '41.6']",Molise,LOC,false
10000,landslide/LOC.1037,LOC.1037,#2579e8,landslide.LOC.1037,"['7.9487', '44.0715']",Monesi di Mendatica,LOC,false
10000,landslide/LOC.1038,LOC.1038,#2579e8,landslide.LOC.1038,"['7.4894', '45.7323']",Mont - Emilius and Mont - Cervin Mountain Communities,LOC,false
10000,landslide/LOC.1039,LOC.1039,#2579e8,landslide.LOC.1039,"['9.6546', '44.1275']",Monterosso catchment,LOC,false
10000,landslide/LOC.1040,LOC.1040,#2579e8,landslide.LOC.1040,"['77.1624', '10.1789']",Moonnilavu,LOC,false
10000,landslide/LOC.1041,LOC.1041,#2579e8,landslide.LOC.1041,"['7.5924', '62.5031']",More and Romsdal region of Norway,LOC,false
10000,landslide/LOC.1042,LOC.1042,#2579e8,landslide.LOC.1042,"['9.2206', '32.2995']",Moroccan Safi,LOC,false
10000,landslide/LOC.1043,LOC.1043,#2579e8,landslide.LOC.1043,"['7.0926', '31.7917']",Morocco,LOC,false
10000,landslide/LOC.1044,LOC.1044,#2579e8,landslide.LOC.1044,"['18.2739', '42.8810']",motorway A9,LOC,false
10000,landslide/LOC.1045,LOC.1045,#2579e8,landslide.LOC.1045,"['24.0249', '35.5110']",motorway A90 in Chania,LOC,false
10000,landslide/LOC.1046,LOC.1046,#2579e8,landslide.LOC.1046,"['92.3963', '15.2683']",Motozintla,LOC,false
10000,landslide/LOC.1047,LOC.1047,#2579e8,landslide.LOC.1047,"['42.4232', '17.6424']",Mountain areas in the southern western corner of the Kingdom of Saudi Arabia,LOC,false
10000,landslide/LOC.1048,LOC.1048,#2579e8,landslide.LOC.1048,"['70.1253', '31.4605']",mountain foothills of Central Chile,LOC,false
10000,landslide/LOC.1049,LOC.1049,#2579e8,landslide.LOC.1049,"['0.0', '0.0']",mountain highways,LOC,false
10000,landslide/LOC.1050,LOC.1050,#2579e8,landslide.LOC.1050,"['0.0', '0.0']",mountainous,LOC,false
10000,landslide/LOC.1051,LOC.1051,#2579e8,landslide.LOC.1051,"['102.1900', '4.6328']",mountainous area in Central Bengkulu,LOC,false
10000,landslide/LOC.1052,LOC.1052,#2579e8,landslide.LOC.1052,"['99.6703', '19.8633']",mountainous area in Northern Thailand,LOC,false
10000,landslide/LOC.1053,LOC.1053,#2579e8,landslide.LOC.1053,"['4.0041', '35.7454']",mountainous area of northern Morocco,LOC,false
10000,landslide/LOC.1054,LOC.1054,#2579e8,landslide.LOC.1054,"['43.2096', '22.9068']",mountainous area of Rio de Janeiro,LOC,false
10000,landslide/LOC.1055,LOC.1055,#2579e8,landslide.LOC.1055,"['77.6273', '9.2083']",mountainous area of the Cordillera Blanca,LOC,false
10000,landslide/LOC.1056,LOC.1056,#2579e8,landslide.LOC.1056,"['104.1954', '35.8617']",mountainous areas in China,LOC,false
10000,landslide/LOC.1057,LOC.1057,#2579e8,landslide.LOC.1057,"['84.1240', '28.3949']",mountainous areas of Nepal,LOC,false
10000,landslide/LOC.1058,LOC.1058,#2579e8,landslide.LOC.1058,"['121.0', '23.5']",Mountainous areas of Taiwan Island,LOC,false
10000,landslide/LOC.1059,LOC.1059,#2579e8,landslide.LOC.1059,"['107.4176', '13.2904']",mountainous areas of Vietnam,LOC,false
10000,landslide/LOC.1060,LOC.1060,#2579e8,landslide.LOC.1060,"['104.0', '28.0']",Mountainous catchment,LOC,false
10000,landslide/LOC.1061,LOC.1061,#2579e8,landslide.LOC.1061,"['78.0', '32.0']",Mountainous communities in India's Lesser Himalayas,LOC,false
10000,landslide/LOC.1062,LOC.1062,#2579e8,landslide.LOC.1062,"['105.0', '30.0']",Mountainous county,LOC,false
10000,landslide/LOC.1063,LOC.1063,#2579e8,landslide.LOC.1063,"['104.5', '30.0']",Mountainous hilly,LOC,false
10000,landslide/LOC.1064,LOC.1064,#2579e8,landslide.LOC.1064,"['40.5', '43.5']",Mountainous region of Greater Sochi,LOC,false
10000,landslide/LOC.1065,LOC.1065,#2579e8,landslide.LOC.1065,"['93.5760', '22.6114']",mountainous region of Hakha City,LOC,false
10000,landslide/LOC.1066,LOC.1066,#2579e8,landslide.LOC.1066,"['5.6178', '36.6928']",mountainous regions of northeast Algeria,LOC,false
10000,landslide/LOC.1067,LOC.1067,#2579e8,landslide.LOC.1067,"['88.7288', '27.5242']",mountainous regions of Sikkim Himalaya,LOC,false
10000,landslide/LOC.1068,LOC.1068,#2579e8,landslide.LOC.1068,"['51.2996', '35.9324']",mountainous road of the Salavat Abad saddle,LOC,false
10000,landslide/LOC.1069,LOC.1069,#2579e8,landslide.LOC.1069,"['-123.0', '54.0']",Mountainous southern Mackenzie Valley,LOC,false
10000,landslide/LOC.1070,LOC.1070,#2579e8,landslide.LOC.1070,"['74.0', '15.0']",Mountainous Western Ghats,LOC,false
10000,landslide/LOC.1071,LOC.1071,#2579e8,landslide.LOC.1071,"['75.0', '16.5']",Mountainous WG,LOC,false
10000,landslide/LOC.1072,LOC.1072,#2579e8,landslide.LOC.1072,"['126.9417', '37.5931']",Mt. Umyeon,LOC,false
10000,landslide/LOC.1073,LOC.1073,#2579e8,landslide.LOC.1073,"['126.9', '35.3']",Mt. Umyeon in Korea,LOC,false
10000,landslide/LOC.1074,LOC.1074,#2579e8,landslide.LOC.1074,"['104.1648', '21.8172']",Mu Cang Chai district,LOC,false
10000,landslide/LOC.1075,LOC.1075,#2579e8,landslide.LOC.1075,"['104.2642', '21.8065']",Mu Cang Chai District located in Yen Bai Province,LOC,false
10000,landslide/LOC.1076,LOC.1076,#2579e8,landslide.LOC.1076,"['103.6341', '28.5472']",Muchuan,LOC,false
10000,landslide/LOC.1077,LOC.1077,#2579e8,landslide.LOC.1077,"['103.6527', '31.8192']",Muchuan County,LOC,false
10000,landslide/LOC.1078,LOC.1078,#2579e8,landslide.LOC.1078,"['123.7114', '25.6311']",Munggung,LOC,false
10000,landslide/LOC.1079,LOC.1079,#2579e8,landslide.LOC.1079,"['80.3500', '8.3978']",Munnilavu,LOC,false
10000,landslide/LOC.1080,LOC.1080,#2579e8,landslide.LOC.1080,"['103.0450', '21.6731']",Muong Lay district,LOC,false
10000,landslide/LOC.1081,LOC.1081,#2579e8,landslide.LOC.1081,"['103.0500', '21.6800']",Muong Lay district of Vietnam,LOC,false
10000,landslide/LOC.1082,LOC.1082,#2579e8,landslide.LOC.1082,"['103.2478', '22.4046']",Muong Te district,LOC,false
10000,landslide/LOC.1083,LOC.1083,#2579e8,landslide.LOC.1083,"['102.8122', '30.5347']",Muping town of Baoxing county,LOC,false
10000,landslide/LOC.1084,LOC.1084,#2579e8,landslide.LOC.1084,"['78.0652', '30.4599']",Mussoorie Township and its surrounding,LOC,false
10000,landslide/LOC.1085,LOC.1085,#2579e8,landslide.LOC.1085,"['113.0347', '4.3769']",Musuk,LOC,false
10000,landslide/LOC.1086,LOC.1086,#2579e8,landslide.LOC.1086,"['73.4725', '34.3700']",Muzaffarabad,LOC,false
10000,landslide/LOC.1087,LOC.1087,#2579e8,landslide.LOC.1087,"['73.4194', '34.2864']",Muzaffarabad district,LOC,false
10000,landslide/LOC.1088,LOC.1088,#2579e8,landslide.LOC.1088,"['96.4886', '21.9162']",Myanmar,LOC,false
10000,landslide/LOC.1089,LOC.1089,#2579e8,landslide.LOC.1089,"['94.5624', '26.1584']",Nagaland,LOC,false
10000,landslide/LOC.1090,LOC.1090,#2579e8,landslide.LOC.1090,"['104.2214', '18.1656']",Nam Dan commune,LOC,false
10000,landslide/LOC.1091,LOC.1091,#2579e8,landslide.LOC.1091,"['95.1470', '28.6025']",Nam Pam,LOC,false
10000,landslide/LOC.1092,LOC.1092,#2579e8,landslide.LOC.1092,"['87.8849', '14.0241']",Namasigue watershed,LOC,false
10000,landslide/LOC.1093,LOC.1093,#2579e8,landslide.LOC.1093,"['88.3773', '27.1679']",Namchi district of Sikkim,LOC,false
10000,landslide/LOC.1094,LOC.1094,#2579e8,landslide.LOC.1094,"['107.0981', '28.8405']",Nanchuan County,LOC,false
10000,landslide/LOC.1095,LOC.1095,#2579e8,landslide.LOC.1095,"['108.5712', '26.1664']",Nanchuan District,LOC,false
10000,landslide/LOC.1096,LOC.1096,#2579e8,landslide.LOC.1096,"['107.0985', '29.2010']",Nanchuan region of Chongqing,LOC,false
10000,landslide/LOC.1097,LOC.1097,#2579e8,landslide.LOC.1097,"['113.3176', '23.2658']",Nantian,LOC,false
10000,landslide/LOC.1098,LOC.1098,#2579e8,landslide.LOC.1098,"['113.3000', '23.2833']",Nantian area in southeastern hilly,LOC,false
10000,landslide/LOC.1099,LOC.1099,#2579e8,landslide.LOC.1099,"['120.9675', '23.9134']",Nantou County,LOC,false
10000,landslide/LOC.1100,LOC.1100,#2579e8,landslide.LOC.1100,"['8.0874', '47.1516']",Napf catchment ,LOC,false
10000,landslide/LOC.1101,LOC.1101,#2579e8,landslide.LOC.1101,"['14.2704', '40.8518']",Naples,LOC,false
10000,landslide/LOC.1102,LOC.1102,#2579e8,landslide.LOC.1102,"['35.2094', '-5.7945']",Natal,LOC,false
10000,landslide/LOC.1103,LOC.1103,#2579e8,landslide.LOC.1103,"['77.7819', '34.4389']",National Highway 1D,LOC,false
10000,landslide/LOC.1104,LOC.1104,#2579e8,landslide.LOC.1104,"['76.8975', '34.3081']",National Highway 1D from Sonamarg to Kargil,LOC,false
10000,landslide/LOC.1105,LOC.1105,#2579e8,landslide.LOC.1105,"['77.1441', '28.6483']",national highway 5,LOC,false
10000,landslide/LOC.1106,LOC.1106,#2579e8,landslide.LOC.1106,"['112.5703', '24.7374']",National Highway G69,LOC,false
10000,landslide/LOC.1107,LOC.1107,#2579e8,landslide.LOC.1107,"['1.1526', '43.5936']",National Road Number 9,LOC,false
10000,landslide/LOC.1108,LOC.1108,#2579e8,landslide.LOC.1108,"['-7.1313', '31.3287']",National Road Number 9 in the Tizi N'tichka,LOC,false
10000,landslide/LOC.1109,LOC.1109,#2579e8,landslide.LOC.1109,"['105.1167', '27.7833']",Nayong in Guizhou,LOC,false
10000,landslide/LOC.1110,LOC.1110,#2579e8,landslide.LOC.1110,"['3.0518', '35.7135']",NE Algeria,LOC,false
10000,landslide/LOC.1111,LOC.1111,#2579e8,landslide.LOC.1111,"['14.8841', '37.6833']",NE Sicily,LOC,false
10000,landslide/LOC.1112,LOC.1112,#2579e8,landslide.LOC.1112,"['41.9167', '40.0000']",NE Turkey,LOC,false
10000,landslide/LOC.1113,LOC.1113,#2579e8,landslide.LOC.1113,"['83.5824', '26.7783']",near Faizabad,LOC,false
10000,landslide/LOC.1114,LOC.1114,#2579e8,landslide.LOC.1114,"['35.9375', '28.0341']",Neom promising,LOC,false
10000,landslide/LOC.1115,LOC.1115,#2579e8,landslide.LOC.1115,"['35.9375', '28.0341']",Neom promising city,LOC,false
10000,landslide/LOC.1116,LOC.1116,#2579e8,landslide.LOC.1116,"['84.1240', '28.3949']",Nepal,LOC,false
10000,landslide/LOC.1117,LOC.1117,#2579e8,landslide.LOC.1117,"['87.6977', '27.9054']",Nepal border in Tibet,LOC,false
10000,landslide/LOC.1118,LOC.1118,#2579e8,landslide.LOC.1118,"['86.9250', '28.1455']",Nepal Himalaya,LOC,false
10000,landslide/LOC.1119,LOC.1119,#2579e8,landslide.LOC.1119,"['86.7894', '28.2585']",Nepal 's central mountain,LOC,false
10000,landslide/LOC.1120,LOC.1120,#2579e8,landslide.LOC.1120,"['84.1240', '28.3949']",Nepalese,LOC,false
10000,landslide/LOC.1121,LOC.1121,#2579e8,landslide.LOC.1121,"['111.8388', '35.2610']",New Badong County,LOC,false
10000,landslide/LOC.1122,LOC.1122,#2579e8,landslide.LOC.1122,"['77.2', '32.0']",NH - 154A,LOC,false
10000,landslide/LOC.1123,LOC.1123,#2579e8,landslide.LOC.1123,"['77.5', '32.1']",NH 1D,LOC,false
10000,landslide/LOC.1124,LOC.1124,#2579e8,landslide.LOC.1124,"['78.3', '30.5']",NH 58,LOC,false
10000,landslide/LOC.1125,LOC.1125,#2579e8,landslide.LOC.1125,"['78.4', '30.6']",NH 58 area in India,LOC,false
10000,landslide/LOC.1126,LOC.1126,#2579e8,landslide.LOC.1126,"['85.2072', '12.8654']",Nicaragua,LOC,false
10000,landslide/LOC.1127,LOC.1127,#2579e8,landslide.LOC.1127,"['138.2915', '37.3230']",Niigata,LOC,false
10000,landslide/LOC.1128,LOC.1128,#2579e8,landslide.LOC.1128,"['76.6002', '11.4167']",Nilgiri district,LOC,false
10000,landslide/LOC.1129,LOC.1129,#2579e8,landslide.LOC.1129,"['76.6353', '11.4064']",Nilgiris,LOC,false
10000,landslide/LOC.1130,LOC.1130,#2579e8,landslide.LOC.1130,"['76.6353', '11.4064']",Nilgiris district in Tamil Nadu,LOC,false
10000,landslide/LOC.1131,LOC.1131,#2579e8,landslide.LOC.1131,"['76.6353', '11.4064']",Nilgiris district in Western Ghats of India,LOC,false
10000,landslide/LOC.1132,LOC.1132,#2579e8,landslide.LOC.1132,"['101.3431', '24.4752']",nine plateau lake watersheds in Yunnan,LOC,false
10000,landslide/LOC.1133,LOC.1133,#2579e8,landslide.LOC.1133,"['116.0192', '26.6444']",Ningdu County,LOC,false
10000,landslide/LOC.1134,LOC.1134,#2579e8,landslide.LOC.1134,"['116.0192', '26.6444']",Ningdu County of China,LOC,false
10000,landslide/LOC.1135,LOC.1135,#2579e8,landslide.LOC.1135,"['118.9816', '30.6260']",Ningguo City,LOC,false
10000,landslide/LOC.1136,LOC.1136,#2579e8,landslide.LOC.1136,"['106.0', '37.0']",Ningxia Hui Autonomous Region of China,LOC,false
10000,landslide/LOC.1137,LOC.1137,#2579e8,landslide.LOC.1137,"['83.9250', '28.2500']",Niraj catchment,LOC,false
10000,landslide/LOC.1138,LOC.1138,#2579e8,landslide.LOC.1138,"['9.9406', '5.9609']",Nkongsamba,LOC,false
10000,landslide/LOC.1139,LOC.1139,#2579e8,landslide.LOC.1139,"['75.5844', '14.8396']",NNW - SSE oriented Western Ghat Mountains,LOC,false
10000,landslide/LOC.1140,LOC.1140,#2579e8,landslide.LOC.1140,"['94.8925', '26.2379']",Noklak district in the eastern part of Nagaland bordering Myanmar,LOC,false
10000,landslide/LOC.1141,LOC.1141,#2579e8,landslide.LOC.1141,"['94.9600', '26.0500']",Noklak town,LOC,false
10000,landslide/LOC.1142,LOC.1142,#2579e8,landslide.LOC.1142,"['93.2044', '24.9642']",Noney and Khongsag railway station,LOC,false
10000,landslide/LOC.1143,LOC.1143,#2579e8,landslide.LOC.1143,"['104.0408', '1.1806']",Nongsa,LOC,false
10000,landslide/LOC.1144,LOC.1144,#2579e8,landslide.LOC.1144,"['0.0000', '0.0000']",North,LOC,false
10000,landslide/LOC.1145,LOC.1145,#2579e8,landslide.LOC.1145,"['5.7275', '35.7178']",north - east of Algeria,LOC,false
10000,landslide/LOC.1146,LOC.1146,#2579e8,landslide.LOC.1146,"['101.7111', '3.0032']",north - east of the Langat River Basin,LOC,false
10000,landslide/LOC.1147,LOC.1147,#2579e8,landslide.LOC.1147,"['88.0000', '27.5000']",North - Eastern Himalaya,LOC,false
10000,landslide/LOC.1148,LOC.1148,#2579e8,landslide.LOC.1148,"['115.6996', '27.5350']",north - eastern of Jiangxi province,LOC,false
10000,landslide/LOC.1149,LOC.1149,#2579e8,landslide.LOC.1149,"['94.8781', '26.1584']",north - eastern state of India,LOC,false
10000,landslide/LOC.1150,LOC.1150,#2579e8,landslide.LOC.1150,"['9.5000', '4.6667']",North - Moungo perimeter,LOC,false
10000,landslide/LOC.1151,LOC.1151,#2579e8,landslide.LOC.1151,"['89.1167', '42.9167']",north - west China,LOC,false
10000,landslide/LOC.1152,LOC.1152,#2579e8,landslide.LOC.1152,"['9.1914', '45.4642']",north - western Italy,LOC,false
10000,landslide/LOC.1153,LOC.1153,#2579e8,landslide.LOC.1153,"['12.6405', '38.0030']",North - Western Sicily,LOC,false
10000,landslide/LOC.1154,LOC.1154,#2579e8,landslide.LOC.1154,"['15.9647', '41.1231']",north - western side of Daunia,LOC,false
10000,landslide/LOC.1155,LOC.1155,#2579e8,landslide.LOC.1155,"['32.8542', '40.7434']",North Anatolian Fault Zone,LOC,false
10000,landslide/LOC.1156,LOC.1156,#2579e8,landslide.LOC.1156,"['46.2256', '37.3828']",north and northeast parts of Maragheh County,LOC,false
10000,landslide/LOC.1157,LOC.1157,#2579e8,landslide.LOC.1157,"['16.4637', '38.9151']",North Calabria,LOC,false
10000,landslide/LOC.1158,LOC.1158,#2579e8,landslide.LOC.1158,"['51.3890', '35.6892']",north east of Tehran,LOC,false
10000,landslide/LOC.1159,LOC.1159,#2579e8,landslide.LOC.1159,"['38.9600', '38.9637']",north east Turkey,LOC,false
10000,landslide/LOC.1160,LOC.1160,#2579e8,landslide.LOC.1160,"['126.0', '40.0']",North Korean,LOC,false
10000,landslide/LOC.1161,LOC.1161,#2579e8,landslide.LOC.1161,"['54.4270', '32.4279']",north of Iran,LOC,false
10000,landslide/LOC.1162,LOC.1162,#2579e8,landslide.LOC.1162,"['36.6810', '31.9522']",north of Jordan,LOC,false
10000,landslide/LOC.1163,LOC.1163,#2579e8,landslide.LOC.1163,"['48.3550', '33.4878']",north of Khorramabad,LOC,false
10000,landslide/LOC.1164,LOC.1164,#2579e8,landslide.LOC.1164,"['6.1013', '34.0596']",North of Morocco,LOC,false
10000,landslide/LOC.1165,LOC.1165,#2579e8,landslide.LOC.1165,"['69.3451', '30.3753']",north of Pakistan,LOC,false
10000,landslide/LOC.1166,LOC.1166,#2579e8,landslide.LOC.1166,"['5.4009', '36.1877']",North of Setif,LOC,false
10000,landslide/LOC.1167,LOC.1167,#2579e8,landslide.LOC.1167,"['46.1943', '34.3142']",north of the Kermanshah Province,LOC,false
10000,landslide/LOC.1168,LOC.1168,#2579e8,landslide.LOC.1168,"['122.2018', '37.2089']",North Santa Cruz Mountains,LOC,false
10000,landslide/LOC.1169,LOC.1169,#2579e8,landslide.LOC.1169,"['88.6412', '27.4907']",North Sikkim,LOC,false
10000,landslide/LOC.1170,LOC.1170,#2579e8,landslide.LOC.1170,"['88.6420', '27.7172']",North Sikkim Himalayas,LOC,false
10000,landslide/LOC.1171,LOC.1171,#2579e8,landslide.LOC.1171,"['33.3790', '35.3343']",northeast - facing slopes of the Girne Mountains,LOC,false
10000,landslide/LOC.1172,LOC.1172,#2579e8,landslide.LOC.1172,"['3.9862', '48.7995']",northeast of France,LOC,false
10000,landslide/LOC.1173,LOC.1173,#2579e8,landslide.LOC.1173,"['58.8302', '36.6739']",northeast of Iran,LOC,false
10000,landslide/LOC.1174,LOC.1174,#2579e8,landslide.LOC.1174,"['104.0488', '28.7333']",northeast of the Yunnan - Guizhou Plateau of China,LOC,false
10000,landslide/LOC.1175,LOC.1175,#2579e8,landslide.LOC.1175,"['94.7679', '26.9124']",Northeast part of India,LOC,false
10000,landslide/LOC.1176,LOC.1176,#2579e8,landslide.LOC.1176,"['35.5134', '39.9334']",northeast part of Turkey,LOC,false
10000,landslide/LOC.1177,LOC.1177,#2579e8,landslide.LOC.1177,"['110.4578', '40.0722']",northeastern China,LOC,false
10000,landslide/LOC.1178,LOC.1178,#2579e8,landslide.LOC.1178,"['106.5344', '29.4316']",northeastern Chongqing,LOC,false
10000,landslide/LOC.1179,LOC.1179,#2579e8,landslide.LOC.1179,"['120.8047', '23.5096']",northeastern downstream of the Alishan catchment,LOC,false
10000,landslide/LOC.1180,LOC.1180,#2579e8,landslide.LOC.1180,"['54.3666', '33.5348']",northeastern Iran,LOC,false
10000,landslide/LOC.1181,LOC.1181,#2579e8,landslide.LOC.1181,"['102.7606', '23.0123']",northeastern part of Geling,LOC,false
10000,landslide/LOC.1182,LOC.1182,#2579e8,landslide.LOC.1182,"['127.7669', '37.6872']",northeastern part of Korea,LOC,false
10000,landslide/LOC.1183,LOC.1183,#2579e8,landslide.LOC.1183,"['92.9376', '23.7533']",northeastern region of India,LOC,false
10000,landslide/LOC.1184,LOC.1184,#2579e8,landslide.LOC.1184,"['74.0060', '40.7128']",Northeastern USA,LOC,false
10000,landslide/LOC.1185,LOC.1185,#2579e8,landslide.LOC.1185,"['2.6336', '28.0339']",northern Algeria,LOC,false
10000,landslide/LOC.1186,LOC.1186,#2579e8,landslide.LOC.1186,"['11.2550', '43.7711']",Northern Apennines of Italy,LOC,false
10000,landslide/LOC.1187,LOC.1187,#2579e8,landslide.LOC.1187,"['44.6994', '43.3196']",northern Caucasus,LOC,false
10000,landslide/LOC.1188,LOC.1188,#2579e8,landslide.LOC.1188,"['73.0480', '51.4575']",northern Chilean Patagonia,LOC,false
10000,landslide/LOC.1189,LOC.1189,#2579e8,landslide.LOC.1189,"['116.4074', '39.9042']",Northern China,LOC,false
10000,landslide/LOC.1190,LOC.1190,#2579e8,landslide.LOC.1190,"['122.2711', '37.8044']",Northern East Bay segment of the Hayward fault,LOC,false
10000,landslide/LOC.1191,LOC.1191,#2579e8,landslide.LOC.1191,"['8.2275', '46.8182']",northern foothills of the Swiss Alps,LOC,false
10000,landslide/LOC.1192,LOC.1192,#2579e8,landslide.LOC.1192,"['85.9000', '28.3949']",northern Himalayas,LOC,false
10000,landslide/LOC.1193,LOC.1193,#2579e8,landslide.LOC.1193,"['19.0208', '64.9631']",northern Iceland,LOC,false
10000,landslide/LOC.1194,LOC.1194,#2579e8,landslide.LOC.1194,"['12.4964', '41.9028']",northern Italian,LOC,false
10000,landslide/LOC.1195,LOC.1195,#2579e8,landslide.LOC.1195,"['11.3415', '44.4056']",northern Italy,LOC,false
10000,landslide/LOC.1196,LOC.1196,#2579e8,landslide.LOC.1196,"['74.3587', '35.7500']",northern Pakistan,LOC,false
10000,landslide/LOC.1197,LOC.1197,#2579e8,landslide.LOC.1197,"['23.9618', '35.4634']",northern part of Chania prefecture,LOC,false
10000,landslide/LOC.1198,LOC.1198,#2579e8,landslide.LOC.1198,"['22.4076', '39.0742']",northern part of Greece,LOC,false
10000,landslide/LOC.1199,LOC.1199,#2579e8,landslide.LOC.1199,"['80.1885', '29.3117']",northern part of the Pithoragarh district,LOC,false
10000,landslide/LOC.1200,LOC.1200,#2579e8,landslide.LOC.1200,"['78.0799', '42.8047']",northern part of the Tien Shan Range in Central Asia,LOC,false
10000,landslide/LOC.1201,LOC.1201,#2579e8,landslide.LOC.1201,"['79.0193', '30.0668']",Northern part of Uttarakhand,LOC,false
10000,landslide/LOC.1202,LOC.1202,#2579e8,landslide.LOC.1202,"['53.6880', '32.4279']",northern parts of Iran,LOC,false
10000,landslide/LOC.1203,LOC.1203,#2579e8,landslide.LOC.1203,"['21.9375', '37.5630']",northern Peloponnese,LOC,false
10000,landslide/LOC.1204,LOC.1204,#2579e8,landslide.LOC.1204,"['116.2305', '45.2654']",northern Rocky Mountains,LOC,false
10000,landslide/LOC.1205,LOC.1205,#2579e8,landslide.LOC.1205,"['127.7470', '42.3345']",northern slope of Mt. Changbai,LOC,false
10000,landslide/LOC.1206,LOC.1206,#2579e8,landslide.LOC.1206,"['3.7492', '40.4637']",northern Spain,LOC,false
10000,landslide/LOC.1207,LOC.1207,#2579e8,landslide.LOC.1207,"['87.4068', '27.7881']",northern stretch of the Arun watershed in East Nepal,LOC,false
10000,landslide/LOC.1208,LOC.1208,#2579e8,landslide.LOC.1208,"['100.9925', '15.8700']",northern Thailand,LOC,false
10000,landslide/LOC.1209,LOC.1209,#2579e8,landslide.LOC.1209,"['35.2433', '38.9637']",northern Turkey,LOC,false
10000,landslide/LOC.1210,LOC.1210,#2579e8,landslide.LOC.1210,"['105.3188', '21.0285']",northern Vietnam,LOC,false
10000,landslide/LOC.1211,LOC.1211,#2579e8,landslide.LOC.1211,"['118.5374', '34.2358']",Northridge,LOC,false
10000,landslide/LOC.1212,LOC.1212,#2579e8,landslide.LOC.1212,"['86.9023', '40.4637']",northwest China,LOC,false
10000,landslide/LOC.1213,LOC.1213,#2579e8,landslide.LOC.1213,"['100.9736', '26.2004']",northwest mountain areas of Yunnan province of China,LOC,false
10000,landslide/LOC.1214,LOC.1214,#2579e8,landslide.LOC.1214,"['105.0', '37.0']",Northwest of Qingliang Town,LOC,false
10000,landslide/LOC.1215,LOC.1215,#2579e8,landslide.LOC.1215,"['104.0', '38.0']",Northwest region and the,LOC,false
10000,landslide/LOC.1216,LOC.1216,#2579e8,landslide.LOC.1216,"['105.0', '21.0']",Northwest region of Viet Nam,LOC,false
10000,landslide/LOC.1217,LOC.1217,#2579e8,landslide.LOC.1217,"['146.0', '-42.0']",Northwest Tasmania in Australia,LOC,false
10000,landslide/LOC.1218,LOC.1218,#2579e8,landslide.LOC.1218,"['-122.7207', '64.8255']",Northwest Territories,LOC,false
10000,landslide/LOC.1219,LOC.1219,#2579e8,landslide.LOC.1219,"['47.0', '35.0']",Northwestern and the north of Iran,LOC,false
10000,landslide/LOC.1220,LOC.1220,#2579e8,landslide.LOC.1220,"['14.5', '35.9']",Northwestern coast of Malta,LOC,false
10000,landslide/LOC.1221,LOC.1221,#2579e8,landslide.LOC.1221,"['37.5', '12.5']",Northwestern Ethiopia,LOC,false
10000,landslide/LOC.1222,LOC.1222,#2579e8,landslide.LOC.1222,"['51.0', '30.5']",Northwestern Fars province of Iran,LOC,false
10000,landslide/LOC.1223,LOC.1223,#2579e8,landslide.LOC.1223,"['14.9', '38.4']",Northwestern flank of La Fossa Cone on the island of Vulcano,LOC,false
10000,landslide/LOC.1224,LOC.1224,#2579e8,landslide.LOC.1224,"['8.0', '45.0']",Northwestern Italy,LOC,false
10000,landslide/LOC.1225,LOC.1225,#2579e8,landslide.LOC.1225,"['73.5', '34.5']",Northwestern part of Muzaffarabad,LOC,false
10000,landslide/LOC.1226,LOC.1226,#2579e8,landslide.LOC.1226,"['40.0', '26.5']",Northwestern Saudi Arabia,LOC,false
10000,landslide/LOC.1227,LOC.1227,#2579e8,landslide.LOC.1227,"['9.5', '37.0']",Northwestern Tunisia,LOC,false
10000,landslide/LOC.1228,LOC.1228,#2579e8,landslide.LOC.1228,"['48.0', '32.0']",NW - Iran,LOC,false
10000,landslide/LOC.1229,LOC.1229,#2579e8,landslide.LOC.1229,"['91.0', '36.0']",NW China,LOC,false
10000,landslide/LOC.1230,LOC.1230,#2579e8,landslide.LOC.1230,"['82.5', '35.0']",NW Himalaya,LOC,false
10000,landslide/LOC.1231,LOC.1231,#2579e8,landslide.LOC.1231,"['80.0', '34.5']",NW Himalayas,LOC,false
10000,landslide/LOC.1232,LOC.1232,#2579e8,landslide.LOC.1232,"['7.0', '45.0']",NW Italy,LOC,false
10000,landslide/LOC.1233,LOC.1233,#2579e8,landslide.LOC.1233,"['51.0', '29.5']",NW Shiraz,LOC,false
10000,landslide/LOC.1234,LOC.1234,#2579e8,landslide.LOC.1234,"['19.5', '45.0']",NW slopes of Fruska GoraMountain,LOC,false
10000,landslide/LOC.1235,LOC.1235,#2579e8,landslide.LOC.1235,"['31.0791', '41.0082']",NW Turkey,LOC,false
10000,landslide/LOC.1236,LOC.1236,#2579e8,landslide.LOC.1236,"['94.3616', '29.4316']",Nyingchi,LOC,false
10000,landslide/LOC.1237,LOC.1237,#2579e8,landslide.LOC.1237,"['75.5', '33.5']",Parts of Punch district,LOC,false
10000,landslide/LOC.1238,LOC.1238,#2579e8,landslide.LOC.1238,"['85.3333', '28.1833']",Okharpauwa,LOC,false
10000,landslide/LOC.1239,LOC.1239,#2579e8,landslide.LOC.1239,"['27.5111', '54.7436']",Olympic ski - jump complex,LOC,false
10000,landslide/LOC.1240,LOC.1240,#2579e8,landslide.LOC.1240,"['120.7392', '43.8041']",Oregon,LOC,false
10000,landslide/LOC.1241,LOC.1241,#2579e8,landslide.LOC.1241,"['123.8006', '44.6431']",Oregon Coast Range,LOC,false
10000,landslide/LOC.1242,LOC.1242,#2579e8,landslide.LOC.1242,"['123.1774', '44.5646']",Oregon Department,LOC,false
10000,landslide/LOC.1243,LOC.1243,#2579e8,landslide.LOC.1243,"['46.5640', '39.4380']",Oshvand watershed,LOC,false
10000,landslide/LOC.1244,LOC.1244,#2579e8,landslide.LOC.1244,"['83.9167', '37.4333']",Owsley County,LOC,false
10000,landslide/LOC.1245,LOC.1245,#2579e8,landslide.LOC.1245,"['126.9135', '53.7267']",Pacific Rim,LOC,false
10000,landslide/LOC.1246,LOC.1246,#2579e8,landslide.LOC.1246,"['98.0833', '20.2000']",Pahuatlan,LOC,false
10000,landslide/LOC.1247,LOC.1247,#2579e8,landslide.LOC.1247,"['107.9975', '27.6481']",Paipu - Yongning and Daduan - Guqiao Towns,LOC,false
10000,landslide/LOC.1248,LOC.1248,#2579e8,landslide.LOC.1248,"['69.3451', '30.3753']",Pakistan,LOC,false
10000,landslide/LOC.1249,LOC.1249,#2579e8,landslide.LOC.1249,"['15.7278', '46.9881']",Paldau,LOC,false
10000,landslide/LOC.1250,LOC.1250,#2579e8,landslide.LOC.1250,"['87.8167', '27.1833']",Panchthar district,LOC,false
10000,landslide/LOC.1251,LOC.1251,#2579e8,landslide.LOC.1251,"['72.6500', '31.1333']",Pandras,LOC,false
10000,landslide/LOC.1252,LOC.1252,#2579e8,landslide.LOC.1252,"['101.3333', '26.4333']",Panzhihua - Huize section,LOC,false
10000,landslide/LOC.1253,LOC.1253,#2579e8,landslide.LOC.1253,"['124.0', '10.5']",PFZ,LOC,false
10000,landslide/LOC.1254,LOC.1254,#2579e8,landslide.LOC.1254,"['9.2833', '45.0500']",Passo della Morte,LOC,false
10000,landslide/LOC.1255,LOC.1255,#2579e8,landslide.LOC.1255,"['123.0723', '49.3166']",Patrick and Dawson - Chu Slide in North Vancouver,LOC,false
10000,landslide/LOC.1256,LOC.1256,#2579e8,landslide.LOC.1256,"['78.7746', '30.1588']",Pauri Garhwal district,LOC,false
10000,landslide/LOC.1257,LOC.1257,#2579e8,landslide.LOC.1257,"['116.9230', '44.0885']",Payette River,LOC,false
10000,landslide/LOC.1258,LOC.1258,#2579e8,landslide.LOC.1258,"['5.7293', '50.6261']",Pays de Herve,LOC,false
10000,landslide/LOC.1259,LOC.1259,#2579e8,landslide.LOC.1259,"['113.3222', '22.3193']",Pearl River Delta,LOC,false
10000,landslide/LOC.1260,LOC.1260,#2579e8,landslide.LOC.1260,"['101.1589', '16.2506']",Pechabun,LOC,false
10000,landslide/LOC.1261,LOC.1261,#2579e8,landslide.LOC.1261,"['21.8182', '37.2982']",Peloponnese,LOC,false
10000,landslide/LOC.1262,LOC.1262,#2579e8,landslide.LOC.1262,"['22.0000', '37.5000']",Peloponnese peninsula,LOC,false
10000,landslide/LOC.1263,LOC.1263,#2579e8,landslide.LOC.1263,"['15.4317', '38.1500']",Peloritani range,LOC,false
10000,landslide/LOC.1264,LOC.1264,#2579e8,landslide.LOC.1264,"['109.3927', '7.0560']",Pemalang,LOC,false
10000,landslide/LOC.1265,LOC.1265,#2579e8,landslide.LOC.1265,"['100.3354', '5.2916']",Penang in Malaysia,LOC,false
10000,landslide/LOC.1266,LOC.1266,#2579e8,landslide.LOC.1266,"['100.3089', '5.4164']",Penang Island,LOC,false
10000,landslide/LOC.1267,LOC.1267,#2579e8,landslide.LOC.1267,"['100.3354', '5.2916']",Penang Island of Malaysia,LOC,false
10000,landslide/LOC.1268,LOC.1268,#2579e8,landslide.LOC.1268,"['108.3969', '28.3315']",Pengshui,LOC,false
10000,landslide/LOC.1269,LOC.1269,#2579e8,landslide.LOC.1269,"['106.6406', '35.4693']",Pengyang County,LOC,false
10000,landslide/LOC.1270,LOC.1270,#2579e8,landslide.LOC.1270,"['102.2551', '4.2105']",Peninsular Malaysia,LOC,false
10000,landslide/LOC.1271,LOC.1271,#2579e8,landslide.LOC.1271,"['83.7351', '9.4252']",Perez Zeledon,LOC,false
10000,landslide/LOC.1272,LOC.1272,#2579e8,landslide.LOC.1272,"['75.0152', '9.1898']",Peru,LOC,false
10000,landslide/LOC.1273,LOC.1273,#2579e8,landslide.LOC.1273,"['14.9889', '41.9622']",Petacciato,LOC,false
10000,landslide/LOC.1274,LOC.1274,#2579e8,landslide.LOC.1274,"['89.6', '26.9']",Phuentsholing Thimphu highway,LOC,false
10000,landslide/LOC.1275,LOC.1275,#2579e8,landslide.LOC.1275,"['122.8765', '11.8090']",Philippines,LOC,false
10000,landslide/LOC.1276,LOC.1276,#2579e8,landslide.LOC.1276,"['100.9524', '19.3702']",Phu Chifa at Thoeng District,LOC,false
10000,landslide/LOC.1277,LOC.1277,#2579e8,landslide.LOC.1277,"['89.1066', '26.8484']",Phuentsholing,LOC,false
10000,landslide/LOC.1278,LOC.1278,#2579e8,landslide.LOC.1278,"['10.9', '43.9']",Pistoia and Prato,LOC,false
10000,landslide/LOC.1279,LOC.1279,#2579e8,landslide.LOC.1279,"['8.0633', '45.0732']",Piedmont,LOC,false
10000,landslide/LOC.1280,LOC.1280,#2579e8,landslide.LOC.1280,"['117.1367', '40.1670']",Pinggu district,LOC,false
10000,landslide/LOC.1281,LOC.1281,#2579e8,landslide.LOC.1281,"['103.8297', '32.7493']",Pingwu County,LOC,false
10000,landslide/LOC.1282,LOC.1282,#2579e8,landslide.LOC.1282,"['22.4310', '39.6352']",Pinios artificial lake,LOC,false
10000,landslide/LOC.1283,LOC.1283,#2579e8,landslide.LOC.1283,"['10.9137', '43.9369']",Pistoia,LOC,false
10000,landslide/LOC.1284,LOC.1284,#2579e8,landslide.LOC.1284,"['10.9', '43.9']",Pistoia and Prato,LOC,false
10000,landslide/LOC.1285,LOC.1285,#2579e8,landslide.LOC.1285,"['80.2254', '29.5820']",Pithoragarh,LOC,false
10000,landslide/LOC.1286,LOC.1286,#2579e8,landslide.LOC.1286,"['80.2261', '29.7319']",Pithoragarh district,LOC,false
10000,landslide/LOC.1287,LOC.1287,#2579e8,landslide.LOC.1287,"['80.2', '29.6']",Pithoragarh region along a National Highway,LOC,false
10000,landslide/LOC.1288,LOC.1288,#2579e8,landslide.LOC.1288,"['0.0', '0.0']",Plan / profile curvature,LOC,false
10000,landslide/LOC.1289,LOC.1289,#2579e8,landslide.LOC.1289,"['129.4', '35.9']",Pohang and Gyeongju Cities,LOC,false
10000,landslide/LOC.1290,LOC.1290,#2579e8,landslide.LOC.1290,"['111.4780', '-7.8631']",Ponorogo,LOC,false
10000,landslide/LOC.1291,LOC.1291,#2579e8,landslide.LOC.1291,"['76.8', '9.5']",Poonjar - Thekkekara,LOC,false
10000,landslide/LOC.1292,LOC.1292,#2579e8,landslide.LOC.1292,"['-51.2177', '-30.0346']",Porto Alegre,LOC,false
10000,landslide/LOC.1293,LOC.1293,#2579e8,landslide.LOC.1293,"['9.1934', '44.3111']",Portofino promontory,LOC,false
10000,landslide/LOC.1294,LOC.1294,#2579e8,landslide.LOC.1294,"['8.2245', '39.3999']",Portugal mainland,LOC,false
10000,landslide/LOC.1295,LOC.1295,#2579e8,landslide.LOC.1295,"['-8.0', '39.5']",Portuguese,LOC,false
10000,landslide/LOC.1296,LOC.1296,#2579e8,landslide.LOC.1296,"['15.8051', '40.6426']",Potenza,LOC,false
10000,landslide/LOC.1297,LOC.1297,#2579e8,landslide.LOC.1297,"['26.0667', '45.3036']",Prahova River in the Curvature Subcarpathians,LOC,false
10000,landslide/LOC.1298,LOC.1298,#2579e8,landslide.LOC.1298,"['0.0', '0.0']",Precipitation indices,LOC,false
10000,landslide/LOC.1299,LOC.1299,#2579e8,landslide.LOC.1299,"['0.0', '0.0']",Probability model,LOC,false
10000,landslide/LOC.1300,LOC.1300,#2579e8,landslide.LOC.1300,"['0.0', '0.0']",Province,LOC,false
10000,landslide/LOC.1301,LOC.1301,#2579e8,landslide.LOC.1301,"['14.5', '48.2']",Province of Lower Austria,LOC,false
10000,landslide/LOC.1302,LOC.1302,#2579e8,landslide.LOC.1302,"['-111.5', '40.2']",Provo Canyon in Utah,LOC,false
10000,landslide/LOC.1303,LOC.1303,#2579e8,landslide.LOC.1303,"['98.1862', '19.0413']",Puebla,LOC,false
10000,landslide/LOC.1304,LOC.1304,#2579e8,landslide.LOC.1304,"['122.8148', '47.6062']",Puget Sound area of Washington State,LOC,false
10000,landslide/LOC.1305,LOC.1305,#2579e8,landslide.LOC.1305,"['112.7726', '22.7072']",Pulung sub-district,LOC,false
10000,landslide/LOC.1306,LOC.1306,#2579e8,landslide.LOC.1306,"['110.1278', '7.3528']",Purwosari,LOC,false
10000,landslide/LOC.1307,LOC.1307,#2579e8,landslide.LOC.1307,"['105.9833', '26.0019']",Pusa in western Guizhou Province,LOC,false
10000,landslide/LOC.1308,LOC.1308,#2579e8,landslide.LOC.1308,"['128.3925', '37.3705']",Pyeong - Chang,LOC,false
10000,landslide/LOC.1309,LOC.1309,#2579e8,landslide.LOC.1309,"['128.3894', '37.3705']",Pyeongchang - gun,LOC,false
10000,landslide/LOC.1310,LOC.1310,#2579e8,landslide.LOC.1310,"['128.3925', '37.3705']",Pyungchang area of Korea,LOC,false
10000,landslide/LOC.1311,LOC.1311,#2579e8,landslide.LOC.1311,"['52.8565', '36.4636']",Qaemshahr area in northern Iran,LOC,false
10000,landslide/LOC.1312,LOC.1312,#2579e8,landslide.LOC.1312,"['49.7119', '36.2704']",Qazvin Province,LOC,false
10000,landslide/LOC.1313,LOC.1313,#2579e8,landslide.LOC.1313,"['49.0', '36.3']",Qazvin province - N Iran,LOC,false
10000,landslide/LOC.1314,LOC.1314,#2579e8,landslide.LOC.1314,"['110.3400', '33.0000']",Qianjiangping,LOC,false
10000,landslide/LOC.1315,LOC.1315,#2579e8,landslide.LOC.1315,"['107.5260', '33.7833']",Qianyang County of Baoji city,LOC,false
10000,landslide/LOC.1316,LOC.1316,#2579e8,landslide.LOC.1316,"['103.8406', '36.0702']",Qilihe District in Lanzhou City of northwestern China,LOC,false
10000,landslide/LOC.1317,LOC.1317,#2579e8,landslide.LOC.1317,"['113.6000', '34.5000']",Qin Mountain,LOC,false
10000,landslide/LOC.1318,LOC.1318,#2579e8,landslide.LOC.1318,"['104.1942', '32.5811']",Qingchuan County,LOC,false
10000,landslide/LOC.1319,LOC.1319,#2579e8,landslide.LOC.1319,"['104.1942', '32.5811']",Qingchuan County of Sichuan Province,LOC,false
10000,landslide/LOC.1320,LOC.1320,#2579e8,landslide.LOC.1320,"['123.9456', '41.1432']",Qinggan River delta,LOC,false
10000,landslide/LOC.1321,LOC.1321,#2579e8,landslide.LOC.1321,"['96.3942', '35.7518']",Qinghai,LOC,false
10000,landslide/LOC.1322,LOC.1322,#2579e8,landslide.LOC.1322,"['87.3900', '31.8070']",Qinghai - Tibet,LOC,false
10000,landslide/LOC.1323,LOC.1323,#2579e8,landslide.LOC.1323,"['85.6796', '32.3329']",Qinghai - Tibet Plateau,LOC,false
10000,landslide/LOC.1324,LOC.1324,#2579e8,landslide.LOC.1324,"['101.9846', '33.5520']","Qinghai - Tibet Plateau , loess Plateau and Sichuan Basin",LOC,false
10000,landslide/LOC.1325,LOC.1325,#2579e8,landslide.LOC.1325,"['108.0421', '27.7341']",Qingliangfeng,LOC,false
10000,landslide/LOC.1326,LOC.1326,#2579e8,landslide.LOC.1326,"['106.7784', '34.4583']",Qingshui River Basin,LOC,false
10000,landslide/LOC.1327,LOC.1327,#2579e8,landslide.LOC.1327,"['106.7784', '34.4583']",Qingshui River watershed,LOC,false
10000,landslide/LOC.1328,LOC.1328,#2579e8,landslide.LOC.1328,"['108.6314', '21.9163']",Qinzhou,LOC,false
10000,landslide/LOC.1329,LOC.1329,#2579e8,landslide.LOC.1329,"['88.3393', '29.2089']",QTP,LOC,false
10000,landslide/LOC.1330,LOC.1330,#2579e8,landslide.LOC.1330,"['108.5745', '14.9533']",Quang Nam,LOC,false
10000,landslide/LOC.1331,LOC.1331,#2579e8,landslide.LOC.1331,"['107.3453', '21.1069']",Quang Ninh province,LOC,false
10000,landslide/LOC.1332,LOC.1332,#2579e8,landslide.LOC.1332,"['118.5858', '24.8799']",Quanzhou district,LOC,false
10000,landslide/LOC.1333,LOC.1333,#2579e8,landslide.LOC.1333,"['43.1688', '22.5167']",Quitandinha river basin region in the municipality of Petr polis,LOC,false
10000,landslide/LOC.1334,LOC.1334,#2579e8,landslide.LOC.1334,"['78.4678', '0.1807']",Quito,LOC,false
10000,landslide/LOC.1335,LOC.1335,#2579e8,landslide.LOC.1335,"['1.5033', '53.2911']",railway test site located in northern England,LOC,false
10000,landslide/LOC.1336,LOC.1336,#2579e8,landslide.LOC.1336,"['0.0', '0.0']",Rainfall,LOC,false
10000,landslide/LOC.1337,LOC.1337,#2579e8,landslide.LOC.1337,"['79.6055', '29.5812']",Ramganga catchment,LOC,false
10000,landslide/LOC.1338,LOC.1338,#2579e8,landslide.LOC.1338,"['92.3165', '22.6066']",Rangamati District,LOC,false
10000,landslide/LOC.1339,LOC.1339,#2579e8,landslide.LOC.1339,"['92.3165', '22.6066']",Rangamati district in Bangladesh,LOC,false
10000,landslide/LOC.1340,LOC.1340,#2579e8,landslide.LOC.1340,"['92.3165', '22.6066']",Rangamati municipality of Rangamati district,LOC,false
10000,landslide/LOC.1341,LOC.1341,#2579e8,landslide.LOC.1341,"['88.6348', '27.6305']",Rangpo River Basin,LOC,false
10000,landslide/LOC.1342,LOC.1342,#2579e8,landslide.LOC.1342,"['80.5300', '6.7051']",Ratnapura District,LOC,false
10000,landslide/LOC.1343,LOC.1343,#2579e8,landslide.LOC.1343,"['72.6834', '31.7480']",Ravi river catchment,LOC,false
10000,landslide/LOC.1344,LOC.1344,#2579e8,landslide.LOC.1344,"['15.5504', '38.1147']",Reggio Calabria metropolitan,LOC,false
10000,landslide/LOC.1345,LOC.1345,#2579e8,landslide.LOC.1345,"['16.1542', '45.1000']",Republic of Croatia,LOC,false
10000,landslide/LOC.1346,LOC.1346,#2579e8,landslide.LOC.1346,"['86.0411', '40.0336']",reservoir in Xinjiang,LOC,false
10000,landslide/LOC.1347,LOC.1347,#2579e8,landslide.LOC.1347,"['110.9773', '30.8241']",reservoir region of the Three Gorges project,LOC,false
10000,landslide/LOC.1348,LOC.1348,#2579e8,landslide.LOC.1348,"['118.0', '31.0']",Residential quarters along two flanks of the Yangtze River,LOC,false
10000,landslide/LOC.1349,LOC.1349,#2579e8,landslide.LOC.1349,"['8.0416', '49.8519']",Rheinhessen cuesta,LOC,false
10000,landslide/LOC.1350,LOC.1350,#2579e8,landslide.LOC.1350,"['25.6099', '37.8215']",Ribeira Grande,LOC,false
10000,landslide/LOC.1351,LOC.1351,#2579e8,landslide.LOC.1351,"['5.9142', '34.9904']",Rif,LOC,false
10000,landslide/LOC.1352,LOC.1352,#2579e8,landslide.LOC.1352,"['89.2059', '27.5221']",Rinchending Goenpa,LOC,false
10000,landslide/LOC.1353,LOC.1353,#2579e8,landslide.LOC.1353,"['-43.2', '-22.9']",Rio de Janeiro,LOC,false
10000,landslide/LOC.1354,LOC.1354,#2579e8,landslide.LOC.1354,"['43.1729', '22.9068']",Rio de Janeiro city,LOC,false
10000,landslide/LOC.1355,LOC.1355,#2579e8,landslide.LOC.1355,"['97.2633', '18.8397']",Rio El Estado watershed on the southwestern flank of Pico de Orizaba volcano,LOC,false
10000,landslide/LOC.1356,LOC.1356,#2579e8,landslide.LOC.1356,"['35.2094', '5.7945']",Rio Grande do Norte state,LOC,false
10000,landslide/LOC.1357,LOC.1357,#2579e8,landslide.LOC.1357,"['102.3516', '6.1257']",river basin of Kelantan,LOC,false
10000,landslide/LOC.1358,LOC.1358,#2579e8,landslide.LOC.1358,"['77.0902', '0.2551']",River Coca,LOC,false
10000,landslide/LOC.1359,LOC.1359,#2579e8,landslide.LOC.1359,"['40.5219', '41.0201']",Rize,LOC,false
10000,landslide/LOC.1360,LOC.1360,#2579e8,landslide.LOC.1360,"['40.8111', '41.1512']",Rize province,LOC,false
10000,landslide/LOC.1361,LOC.1361,#2579e8,landslide.LOC.1361,"['101.8211', '3.0024']",RM,LOC,false
10000,landslide/LOC.1362,LOC.1362,#2579e8,landslide.LOC.1362,"['100.2086', '5.4369']",road in Tun - Sardon area of Penang Island,LOC,false
10000,landslide/LOC.1363,LOC.1363,#2579e8,landslide.LOC.1363,"['7.3998', '31.6258']",road section connecting Marrakech and Ouarzazate,LOC,false
10000,landslide/LOC.1364,LOC.1364,#2579e8,landslide.LOC.1364,"['74.3156', '34.4194']",road section of Neelum Highway,LOC,false
10000,landslide/LOC.1365,LOC.1365,#2579e8,landslide.LOC.1365,"['78.4268', '30.7324']",road stretch in Uttarkashi district of the Uttarakhand State,LOC,false
10000,landslide/LOC.1366,LOC.1366,#2579e8,landslide.LOC.1366,"['0.0', '0.0']",Roads,LOC,false
10000,landslide/LOC.1367,LOC.1367,#2579e8,landslide.LOC.1367,"['15.1019', '38.1291']",Roccella torrent,LOC,false
10000,landslide/LOC.1368,LOC.1368,#2579e8,landslide.LOC.1368,"['14.8898', '37.9025']",Roccella Valdemone,LOC,false
10000,landslide/LOC.1369,LOC.1369,#2579e8,landslide.LOC.1369,"['12.6836', '42.0282']",rock slope located in central Italy,LOC,false
10000,landslide/LOC.1370,LOC.1370,#2579e8,landslide.LOC.1370,"['50.6253', '29.3092']",Rolante river basin,LOC,false
10000,landslide/LOC.1371,LOC.1371,#2579e8,landslide.LOC.1371,"['24.9668', '45.9432']",Romania,LOC,false
10000,landslide/LOC.1372,LOC.1372,#2579e8,landslide.LOC.1372,"['24.0', '45.0']",Romanian,LOC,false
10000,landslide/LOC.1373,LOC.1373,#2579e8,landslide.LOC.1373,"['12.4964', '41.9028']",Rome,LOC,false
10000,landslide/LOC.1374,LOC.1374,#2579e8,landslide.LOC.1374,"['88.5515', '27.3398']",Rorachu river basin,LOC,false
10000,landslide/LOC.1375,LOC.1375,#2579e8,landslide.LOC.1375,"['88.4667', '27.3333']",Rorachu river basin of eastern Sikkim Himalaya,LOC,false
10000,landslide/LOC.1376,LOC.1376,#2579e8,landslide.LOC.1376,"['50.3087', '36.2054']",Roudbar,LOC,false
10000,landslide/LOC.1377,LOC.1377,#2579e8,landslide.LOC.1377,"['51.3431', '36.5133']",Roudbar - Manjil,LOC,false
10000,landslide/LOC.1378,LOC.1378,#2579e8,landslide.LOC.1378,"['79.3175', '30.3039']",Rudraprayag district,LOC,false
10000,landslide/LOC.1379,LOC.1379,#2579e8,landslide.LOC.1379,"['79.3175', '30.3039']",Rudraprayag district of Garhwal Himalaya,LOC,false
10000,landslide/LOC.1380,LOC.1380,#2579e8,landslide.LOC.1380,"['79.3175', '30.3039']",Rudraprayag district of Uttarakhand state,LOC,false
10000,landslide/LOC.1381,LOC.1381,#2579e8,landslide.LOC.1381,"['79.3175', '30.3039']",Rudraprayag in Garhwal Himalayan,LOC,false
10000,landslide/LOC.1382,LOC.1382,#2579e8,landslide.LOC.1382,"['75.6', '35.3']",Rugged mountainous terrain of Shigar and Shyok Basins in northern areas of Pakistan,LOC,false
10000,landslide/LOC.1383,LOC.1383,#2579e8,landslide.LOC.1383,"['74.5', '35.0']",Rugged terrain of northern Pakistan,LOC,false
10000,landslide/LOC.1384,LOC.1384,#2579e8,landslide.LOC.1384,"['116.0167', '25.8833']",Ruijin,LOC,false
10000,landslide/LOC.1385,LOC.1385,#2579e8,landslide.LOC.1385,"['116.0167', '25.8833']",Ruijin City,LOC,false
10000,landslide/LOC.1386,LOC.1386,#2579e8,landslide.LOC.1386,"['116.0', '25.5']",Ruijin City in China,LOC,false
10000,landslide/LOC.1387,LOC.1387,#2579e8,landslide.LOC.1387,"['116.0167', '25.8833']",Ruijin County of China,LOC,false
10000,landslide/LOC.1388,LOC.1388,#2579e8,landslide.LOC.1388,"['34.8671', '-11.0175']",Rumphi district of northern Malawi,LOC,false
10000,landslide/LOC.1389,LOC.1389,#2579e8,landslide.LOC.1389,"['21.7083', '52.5538']",Rutki,LOC,false
10000,landslide/LOC.1390,LOC.1390,#2579e8,landslide.LOC.1390,"['29.8739', '-1.9403']",Rwanda,LOC,false
10000,landslide/LOC.1391,LOC.1391,#2579e8,landslide.LOC.1391,"['29.88', '0.383']",Rwenzori Mountains,LOC,false
10000,landslide/LOC.1392,LOC.1392,#2579e8,landslide.LOC.1392,"['25.583', '37.7667']",S. Miguel Island,LOC,false
10000,landslide/LOC.1393,LOC.1393,#2579e8,landslide.LOC.1393,"['103.8451', '22.3364']",Sa Pa district,LOC,false
10000,landslide/LOC.1394,LOC.1394,#2579e8,landslide.LOC.1394,"['116.1094', '5.9788']",Sabah,LOC,false
10000,landslide/LOC.1395,LOC.1395,#2579e8,landslide.LOC.1395,"['128.0566', '34.5586']",Sacheon - myeon area of South Korea,LOC,false
10000,landslide/LOC.1396,LOC.1396,#2579e8,landslide.LOC.1396,"['44.5181', '36.4766']",Sairi villages,LOC,false
10000,landslide/LOC.1397,LOC.1397,#2579e8,landslide.LOC.1397,"['51.7334', '30.7313']",Sajarood basin,LOC,false
10000,landslide/LOC.1398,LOC.1398,#2579e8,landslide.LOC.1398,"['51.7167', '30.5000']",Sajaroud,LOC,false
10000,landslide/LOC.1399,LOC.1399,#2579e8,landslide.LOC.1399,"['78.1528', '11.6622']",Salem district,LOC,false
10000,landslide/LOC.1400,LOC.1400,#2579e8,landslide.LOC.1400,"['35.1717', '31.5016']",Salhoub and Gaza camp,LOC,false
10000,landslide/LOC.1401,LOC.1401,#2579e8,landslide.LOC.1401,"['91.8296', '27.2583']",Samdrup Jongkhar - Trashigang highway in eastern Bhutan,LOC,false
10000,landslide/LOC.1402,LOC.1402,#2579e8,landslide.LOC.1402,"['55.0150', '9.9807']",San Carlos,LOC,false
10000,landslide/LOC.1403,LOC.1403,#2579e8,landslide.LOC.1403,"['122.4194', '37.7749']",San Francisco Bay,LOC,false
10000,landslide/LOC.1404,LOC.1404,#2579e8,landslide.LOC.1404,"['88.2506', '13.4848']",San Miguel,LOC,false
10000,landslide/LOC.1405,LOC.1405,#2579e8,landslide.LOC.1405,"['77.7910', '0.3368']",San Rafael waterfall in Northeast Ecuador,LOC,false
10000,landslide/LOC.1406,LOC.1406,#2579e8,landslide.LOC.1406,"['120.9515', '37.5841']",San Ramon Ravine,LOC,false
10000,landslide/LOC.1407,LOC.1407,#2579e8,landslide.LOC.1407,"['89.1913', '13.6929']",San Salvador,LOC,false
10000,landslide/LOC.1408,LOC.1408,#2579e8,landslide.LOC.1408,"['121.1276', '13.5901']",San Vicente Volcanoes,LOC,false
10000,landslide/LOC.1409,LOC.1409,#2579e8,landslide.LOC.1409,"['128.1586', '36.4154']",Sangju,LOC,false
10000,landslide/LOC.1410,LOC.1410,#2579e8,landslide.LOC.1410,"['47.2060', '33.2332']",Sangtarashan watershed,LOC,false
10000,landslide/LOC.1411,LOC.1411,#2579e8,landslide.LOC.1411,"['70.6483', '33.4489']",Santiago,LOC,false
10000,landslide/LOC.1412,LOC.1412,#2579e8,landslide.LOC.1412,"['53.3588', '36.5633']",Sari - Kiasar watershed,LOC,false
10000,landslide/LOC.1413,LOC.1413,#2579e8,landslide.LOC.1413,"['54.5', '27.5']",Sarkhoon watershed,LOC,false
10000,landslide/LOC.1414,LOC.1414,#2579e8,landslide.LOC.1414,"['77.3', '30.6']",Sataun in the Sirmur district of Himachal Pradesh,LOC,false
10000,landslide/LOC.1415,LOC.1415,#2579e8,landslide.LOC.1415,"['32.5', '41.3']",Satuk village in the Yenice district of the province of Karabuk in the Western Black Sea,LOC,false
10000,landslide/LOC.1416,LOC.1416,#2579e8,landslide.LOC.1416,"['45.0792', '23.8859']",Saudi Arabia,LOC,false
10000,landslide/LOC.1417,LOC.1417,#2579e8,landslide.LOC.1417,"['41.5', '41.5']",Savsat city,LOC,false
10000,landslide/LOC.1418,LOC.1418,#2579e8,landslide.LOC.1418,"['-2.0', '37.5']",SE Spain,LOC,false
10000,landslide/LOC.1419,LOC.1419,#2579e8,landslide.LOC.1419,"['100.0', '10.0']",SEA,LOC,false
10000,landslide/LOC.1420,LOC.1420,#2579e8,landslide.LOC.1420,"['-122.3', '47.6']",Seattle,LOC,false
10000,landslide/LOC.1421,LOC.1421,#2579e8,landslide.LOC.1421,"['101.6', '3.0']",Selangor,LOC,false
10000,landslide/LOC.1422,LOC.1422,#2579e8,landslide.LOC.1422,"['14.7', '37.5']",Selinous River drainage basin,LOC,false
10000,landslide/LOC.1423,LOC.1423,#2579e8,landslide.LOC.1423,"['128.6', '38.2']",Seorak Mountain in Korea,LOC,false
10000,landslide/LOC.1424,LOC.1424,#2579e8,landslide.LOC.1424,"['126.9', '37.5']",Seoul metropolitan and southern coastal,LOC,false
10000,landslide/LOC.1425,LOC.1425,#2579e8,landslide.LOC.1425,"['53.5', '35.4']",Sephidargole area in Semnan province,LOC,false
10000,landslide/LOC.1426,LOC.1426,#2579e8,landslide.LOC.1426,"['21.0', '44.0']",Serbia,LOC,false
10000,landslide/LOC.1427,LOC.1427,#2579e8,landslide.LOC.1427,"['93.2', '23.3']",Serchhip,LOC,false
10000,landslide/LOC.1428,LOC.1428,#2579e8,landslide.LOC.1428,"['93.2', '23.3']",Serchhip township,LOC,false
10000,landslide/LOC.1429,LOC.1429,#2579e8,landslide.LOC.1429,"['-50.3', '-27.0']",Serra Geral,LOC,false
10000,landslide/LOC.1430,LOC.1430,#2579e8,landslide.LOC.1430,"['0.0', '0.0']",SH37,LOC,false
10000,landslide/LOC.1431,LOC.1431,#2579e8,landslide.LOC.1431,"['108.0', '34.0']",Shaanxi,LOC,false
10000,landslide/LOC.1432,LOC.1432,#2579e8,landslide.LOC.1432,"['108.0', '34.0']",Shaanxi Province,LOC,false
10000,landslide/LOC.1433,LOC.1433,#2579e8,landslide.LOC.1433,"['107.2903', '33.8683']","Shaanxi Province, China",LOC,false
10000,landslide/LOC.1434,LOC.1434,#2579e8,landslide.LOC.1434,"['113.4967', '34.0761']",Shangge,LOC,false
10000,landslide/LOC.1435,LOC.1435,#2579e8,landslide.LOC.1435,"['110.0139', '33.3467']",Shangnan County,LOC,false
10000,landslide/LOC.1436,LOC.1436,#2579e8,landslide.LOC.1436,"['112.2126', '33.8733']",Shangzhou District,LOC,false
10000,landslide/LOC.1437,LOC.1437,#2579e8,landslide.LOC.1437,"['112.2126', '33.8733']",Shangzhou District of Shangluo City,LOC,false
10000,landslide/LOC.1438,LOC.1438,#2579e8,landslide.LOC.1438,"['112.7838', '35.4719']",Shan'xi Province,LOC,false
10000,landslide/LOC.1439,LOC.1439,#2579e8,landslide.LOC.1439,"['120.9512', '24.5148']",Shei - Pa National Park in Taiwan,LOC,false
10000,landslide/LOC.1440,LOC.1440,#2579e8,landslide.LOC.1440,"['120.9512', '24.5148']",Shei Pa National Park,LOC,false
10000,landslide/LOC.1441,LOC.1441,#2579e8,landslide.LOC.1441,"['110.5863', '31.4570']",Shennongjia Forestry District,LOC,false
10000,landslide/LOC.1442,LOC.1442,#2579e8,landslide.LOC.1442,"['114.0545', '22.5431']",Shenzhen,LOC,false
10000,landslide/LOC.1443,LOC.1443,#2579e8,landslide.LOC.1443,"['114.0545', '22.5431']",Shenzhen city,LOC,false
10000,landslide/LOC.1444,LOC.1444,#2579e8,landslide.LOC.1444,"['118.8163', '29.7956']",Shexian,LOC,false
10000,landslide/LOC.1445,LOC.1445,#2579e8,landslide.LOC.1445,"['119.1823', '29.1935']",Shexian County,LOC,false
10000,landslide/LOC.1446,LOC.1446,#2579e8,landslide.LOC.1446,"['116.3635', '27.4220']",Shicheng County,LOC,false
10000,landslide/LOC.1447,LOC.1447,#2579e8,landslide.LOC.1447,"['116.3635', '27.4220']",Shicheng County in Jiangxi Province of China,LOC,false
10000,landslide/LOC.1448,LOC.1448,#2579e8,landslide.LOC.1448,"['121.3069', '24.8257']",Shihmen watershed,LOC,false
10000,landslide/LOC.1449,LOC.1449,#2579e8,landslide.LOC.1449,"['111.6634', '28.7245']",Shiliushubao,LOC,false
10000,landslide/LOC.1450,LOC.1450,#2579e8,landslide.LOC.1450,"['91.8825', '25.6180']",Shillong Plateau in the North Eastern Region of India,LOC,false
10000,landslide/LOC.1451,LOC.1451,#2579e8,landslide.LOC.1451,"['117.2174', '31.6892']",Shilongmen reservoir,LOC,false
10000,landslide/LOC.1452,LOC.1452,#2579e8,landslide.LOC.1452,"['77.1734', '31.1048']",Shimla,LOC,false
10000,landslide/LOC.1453,LOC.1453,#2579e8,landslide.LOC.1453,"['87.2183', '27.6655']",Shiv - khola watershed,LOC,false
10000,landslide/LOC.1454,LOC.1454,#2579e8,landslide.LOC.1454,"['87.2183', '27.6655']",Shivkhola Watershed,LOC,false
10000,landslide/LOC.1455,LOC.1455,#2579e8,landslide.LOC.1455,"['106.4923', '29.8343']",Shiwangmiao,LOC,false
10000,landslide/LOC.1456,LOC.1456,#2579e8,landslide.LOC.1456,"['108.5447', '30.0328']",Shizhu,LOC,false
10000,landslide/LOC.1457,LOC.1457,#2579e8,landslide.LOC.1457,"['138.3121', '34.8049']",Shizuoka County,LOC,false
10000,landslide/LOC.1458,LOC.1458,#2579e8,landslide.LOC.1458,"['77.9871', '8.6940']",Sholaikkadu at the top,LOC,false
10000,landslide/LOC.1459,LOC.1459,#2579e8,landslide.LOC.1459,"['99.8244', '24.7031']",Shuangbai County,LOC,false
10000,landslide/LOC.1460,LOC.1460,#2579e8,landslide.LOC.1460,"['111.0828', '28.2830']",Shuangshi town and Longmen town of Lushan county,LOC,false
10000,landslide/LOC.1461,LOC.1461,#2579e8,landslide.LOC.1461,"['104.9531', '27.7569']",Shuicheng County,LOC,false
10000,landslide/LOC.1462,LOC.1462,#2579e8,landslide.LOC.1462,"['105.3083', '32.2863']",Shunxi segment of Zhongwu gas pipeline in Zhong County,LOC,false
10000,landslide/LOC.1463,LOC.1463,#2579e8,landslide.LOC.1463,"['101.3150', '30.2570']",Sichuan - Tibet Engineering Corridor,LOC,false
10000,landslide/LOC.1464,LOC.1464,#2579e8,landslide.LOC.1464,"['102.0756', '29.7470']",Sichuan - Tibet Highway,LOC,false
10000,landslide/LOC.1465,LOC.1465,#2579e8,landslide.LOC.1465,"['103.4284', '30.3824']",Sichuan - Tibet Railway,LOC,false
10000,landslide/LOC.1466,LOC.1466,#2579e8,landslide.LOC.1466,"['102.0756', '29.7470']",Sichuan - Tibet transportation corridor,LOC,false
10000,landslide/LOC.1467,LOC.1467,#2579e8,landslide.LOC.1467,"['101.3431', '24.4752']",Sichuan Plain to the Qinghai Tibet Plateau,LOC,false
10000,landslide/LOC.1468,LOC.1468,#2579e8,landslide.LOC.1468,"['102.7103', '30.6516']",Sichuan Province of China,LOC,false
10000,landslide/LOC.1469,LOC.1469,#2579e8,landslide.LOC.1469,"['13.3594', '37.5991']",Sicilian territory,LOC,false
10000,landslide/LOC.1470,LOC.1470,#2579e8,landslide.LOC.1470,"['14.0154', '37.6009']",Sicily,LOC,false
10000,landslide/LOC.1471,LOC.1471,#2579e8,landslide.LOC.1471,"['6.9556', '33.9629']",Sidi Abdellah,LOC,false
10000,landslide/LOC.1472,LOC.1472,#2579e8,landslide.LOC.1472,"['117.9111', '14.7690']",Sierra - Costa,LOC,false
10000,landslide/LOC.1473,LOC.1473,#2579e8,landslide.LOC.1473,"['-102.4207', '18.7751']",Sierra - Costa region in the southwestern part of the Michoacan state,LOC,false
10000,landslide/LOC.1474,LOC.1474,#2579e8,landslide.LOC.1474,"['-11.8439', '8.4606']",Sierra Leone,LOC,false
10000,landslide/LOC.1475,LOC.1475,#2579e8,landslide.LOC.1475,"['-97.4065', '19.8620']",Sierra Norte de Puebla,LOC,false
10000,landslide/LOC.1476,LOC.1476,#2579e8,landslide.LOC.1476,"['88.5122', '27.5330']",Sikkim,LOC,false
10000,landslide/LOC.1477,LOC.1477,#2579e8,landslide.LOC.1477,"['88.6198', '27.6252']",Sikkim Himalaya,LOC,false
10000,landslide/LOC.1478,LOC.1478,#2579e8,landslide.LOC.1478,"['88.5122', '27.5330']",Sikkim State of India,LOC,false
10000,landslide/LOC.1479,LOC.1479,#2579e8,landslide.LOC.1479,"['103.1409', '22.1362']",Sin Ho district,LOC,false
10000,landslide/LOC.1480,LOC.1480,#2579e8,landslide.LOC.1480,"['108.1914', '28.8477']",Sinan County of Guizhou Province in China,LOC,false
10000,landslide/LOC.1481,LOC.1481,#2579e8,landslide.LOC.1481,"['85.4884', '27.9635']",Sindhupalchowk District,LOC,false
10000,landslide/LOC.1482,LOC.1482,#2579e8,landslide.LOC.1482,"['121.1833', '7.7444']",Singgahan,LOC,false
10000,landslide/LOC.1483,LOC.1483,#2579e8,landslide.LOC.1483,"['34.8681', '42.0226']",Sinop,LOC,false
10000,landslide/LOC.1484,LOC.1484,#2579e8,landslide.LOC.1484,"['34.8681', '42.0226']",Sinop province of the Black Sea region of Turkey,LOC,false
10000,landslide/LOC.1485,LOC.1485,#2579e8,landslide.LOC.1485,"['16.3752', '45.3907']",Sisak - Moslavina County in Croatia,LOC,false
10000,landslide/LOC.1486,LOC.1486,#2579e8,landslide.LOC.1486,"['37.9763', '39.7392']",Sivas,LOC,false
10000,landslide/LOC.1487,LOC.1487,#2579e8,landslide.LOC.1487,"['78.2089', '30.8313']","Siwalik , the Lesser and the Great Himalayan ranges",LOC,false
10000,landslide/LOC.1488,LOC.1488,#2579e8,landslide.LOC.1488,"['77.7128', '29.9206']",Siwalik Hills,LOC,false
10000,landslide/LOC.1489,LOC.1489,#2579e8,landslide.LOC.1489,"['78.5398', '29.9422']",Siwalik zone of Nepal Himalaya,LOC,false
10000,landslide/LOC.1490,LOC.1490,#2579e8,landslide.LOC.1490,"['77.7128', '29.9206']",Siwaliks,LOC,false
10000,landslide/LOC.1491,LOC.1491,#2579e8,landslide.LOC.1491,"['-47.8825', '-15.7942']",SJP,LOC,false
10000,landslide/LOC.1492,LOC.1492,#2579e8,landslide.LOC.1492,"['-19.6347', '65.8181']",Skagafjorour,LOC,false
10000,landslide/LOC.1493,LOC.1493,#2579e8,landslide.LOC.1493,"['0.0', '0.0']",Slope,LOC,false
10000,landslide/LOC.1494,LOC.1494,#2579e8,landslide.LOC.1494,"['0.0', '0.0']",Slope angle,LOC,false
10000,landslide/LOC.1495,LOC.1495,#2579e8,landslide.LOC.1495,"['19.6990', '48.6690']",Slovakia,LOC,false
10000,landslide/LOC.1496,LOC.1496,#2579e8,landslide.LOC.1496,"['110.8190', '-7.6360']",Solo,LOC,false
10000,landslide/LOC.1497,LOC.1497,#2579e8,landslide.LOC.1497,"['104.1313', '21.1254']",Son La hydropower reservoir basin,LOC,false
10000,landslide/LOC.1498,LOC.1498,#2579e8,landslide.LOC.1498,"['113.8366', '33.0433']",Songkou,LOC,false
10000,landslide/LOC.1499,LOC.1499,#2579e8,landslide.LOC.1499,"['119.2104', '28.4465']",Songyang County,LOC,false
10000,landslide/LOC.1500,LOC.1500,#2579e8,landslide.LOC.1500,"['75.2875', '34.3141']",Sonmarg,LOC,false
10000,landslide/LOC.1501,LOC.1501,#2579e8,landslide.LOC.1501,"['18.5560', '54.4416']",Sopot,LOC,false
10000,landslide/LOC.1502,LOC.1502,#2579e8,landslide.LOC.1502,"['50.5409', '32.6050']",Sorkhab basin,LOC,false
10000,landslide/LOC.1503,LOC.1503,#2579e8,landslide.LOC.1503,"['7.9465', '36.2864']",Souk Ahras,LOC,false
10000,landslide/LOC.1504,LOC.1504,#2579e8,landslide.LOC.1504,"['7.9325', '36.2507']",Souk Ahras province,LOC,false
10000,landslide/LOC.1505,LOC.1505,#2579e8,landslide.LOC.1505,"['0.0000', '0.0000']",south,LOC,false
10000,landslide/LOC.1506,LOC.1506,#2579e8,landslide.LOC.1506,"['78.9629', '20.5937']",south - Asia,LOC,false
10000,landslide/LOC.1507,LOC.1507,#2579e8,landslide.LOC.1507,"['78.9629', '20.5937']",South - Asian,LOC,false
10000,landslide/LOC.1508,LOC.1508,#2579e8,landslide.LOC.1508,"['14.0544', '46.9754']",south - eastern Alps,LOC,false
10000,landslide/LOC.1509,LOC.1509,#2579e8,landslide.LOC.1509,"['3.1623', '45.8855']",south - eastern French Massif central,LOC,false
10000,landslide/LOC.1510,LOC.1510,#2579e8,landslide.LOC.1510,"['88.5122', '27.5330']",south - eastern part of the Sikkim state in India,LOC,false
10000,landslide/LOC.1511,LOC.1511,#2579e8,landslide.LOC.1511,"['48.5293', '30.3753']",south - western Iran,LOC,false
10000,landslide/LOC.1512,LOC.1512,#2579e8,landslide.LOC.1512,"['19.3000', '42.5000']",south - western part of Montenegro,LOC,false
10000,landslide/LOC.1513,LOC.1513,#2579e8,landslide.LOC.1513,"['28.0473', '26.2041']",South Africa,LOC,false
10000,landslide/LOC.1514,LOC.1514,#2579e8,landslide.LOC.1514,"['27.4426', '38.4192']",south and north parts of the Izmir Bay,LOC,false
10000,landslide/LOC.1515,LOC.1515,#2579e8,landslide.LOC.1515,"['113.7633', '23.6978']",South China,LOC,false
10000,landslide/LOC.1516,LOC.1516,#2579e8,landslide.LOC.1516,"['21.8243', '37.9838']",South Greece,LOC,false
10000,landslide/LOC.1517,LOC.1517,#2579e8,landslide.LOC.1517,"['78.9629', '20.5937']",South India,LOC,false
10000,landslide/LOC.1518,LOC.1518,#2579e8,landslide.LOC.1518,"['15.2551', '37.7749']",south Italy,LOC,false
10000,landslide/LOC.1519,LOC.1519,#2579e8,landslide.LOC.1519,"['127.7669', '35.9078']",South Korea,LOC,false
10000,landslide/LOC.1520,LOC.1520,#2579e8,landslide.LOC.1520,"['126.9770', '37.5665']",south of Seoul,LOC,false
10000,landslide/LOC.1521,LOC.1521,#2579e8,landslide.LOC.1521,"['113.0547', '36.7433']",south of Songkou Town,LOC,false
10000,landslide/LOC.1522,LOC.1522,#2579e8,landslide.LOC.1522,"['119.4120', '32.7702']",south of Yangtze River,LOC,false
10000,landslide/LOC.1523,LOC.1523,#2579e8,landslide.LOC.1523,"['88.6100', '27.5330']",South Sikkim,LOC,false
10000,landslide/LOC.1524,LOC.1524,#2579e8,landslide.LOC.1524,"['33.9782', '28.5562']",South Sinai,LOC,false
10000,landslide/LOC.1525,LOC.1525,#2579e8,landslide.LOC.1525,"['120.9605', '23.6978']",South Taiwan,LOC,false
10000,landslide/LOC.1526,LOC.1526,#2579e8,landslide.LOC.1526,"['11.3531', '46.6166']",South Tyrol,LOC,false
10000,landslide/LOC.1527,LOC.1527,#2579e8,landslide.LOC.1527,"['105.3188', '4.2105']",Southeast Asia,LOC,false
10000,landslide/LOC.1528,LOC.1528,#2579e8,landslide.LOC.1528,"['117.9249', '23.7777']",southeast coastal areas of China,LOC,false
10000,landslide/LOC.1529,LOC.1529,#2579e8,landslide.LOC.1529,"['115.6074', '25.2582']",southeast coastal mountainous area of China,LOC,false
10000,landslide/LOC.1530,LOC.1530,#2579e8,landslide.LOC.1530,"['8.6753', '9.0820']",Southeast Nigeria,LOC,false
10000,landslide/LOC.1531,LOC.1531,#2579e8,landslide.LOC.1531,"['48.5126', '10.7808']",southeast of Brazil,LOC,false
10000,landslide/LOC.1532,LOC.1532,#2579e8,landslide.LOC.1532,"['120.3086', '36.4106']",Southeast of Dayang Town and Baiyun Town,LOC,false
10000,landslide/LOC.1533,LOC.1533,#2579e8,landslide.LOC.1533,"['39.9334', '37.0902']",southeast of Turkey,LOC,false
10000,landslide/LOC.1534,LOC.1534,#2579e8,landslide.LOC.1534,"['12.4964', '47.5162']",southeastern Alpine forelands,LOC,false
10000,landslide/LOC.1535,LOC.1535,#2579e8,landslide.LOC.1535,"['113.7633', '23.3790']",southeastern China,LOC,false
10000,landslide/LOC.1536,LOC.1536,#2579e8,landslide.LOC.1536,"['104.2861', '34.4803']",southeastern Gansu,LOC,false
10000,landslide/LOC.1537,LOC.1537,#2579e8,landslide.LOC.1537,"['129.0024', '42.2151']",Southeastern Helong City,LOC,false
10000,landslide/LOC.1538,LOC.1538,#2579e8,landslide.LOC.1538,"['91.7669', '31.2989']",southeastern margins of the Tibetan Plateau,LOC,false
10000,landslide/LOC.1539,LOC.1539,#2579e8,landslide.LOC.1539,"['8.6753', '9.0820']",Southeastern Nigeria,LOC,false
10000,landslide/LOC.1540,LOC.1540,#2579e8,landslide.LOC.1540,"['46.6333', '23.5505']",southeastern region of Brazil,LOC,false
10000,landslide/LOC.1541,LOC.1541,#2579e8,landslide.LOC.1541,"['113.8916', '22.9762']",southeastern Wutong,LOC,false
10000,landslide/LOC.1542,LOC.1542,#2579e8,landslide.LOC.1542,"['13.0000', '42.5000']",southern and northern Apennines,LOC,false
10000,landslide/LOC.1543,LOC.1543,#2579e8,landslide.LOC.1543,"['117.2159', '30.5238']",southern Anhui,LOC,false
10000,landslide/LOC.1544,LOC.1544,#2579e8,landslide.LOC.1544,"['51.9253', '14.2350']",southern Brazil,LOC,false
10000,landslide/LOC.1545,LOC.1545,#2579e8,landslide.LOC.1545,"['16.6505', '38.9054']",southern Calabria,LOC,false
10000,landslide/LOC.1546,LOC.1546,#2579e8,landslide.LOC.1546,"['119.4179', '36.7783']",southern California,LOC,false
10000,landslide/LOC.1547,LOC.1547,#2579e8,landslide.LOC.1547,"['108.4251', '35.1398']",southern Chixi,LOC,false
10000,landslide/LOC.1548,LOC.1548,#2579e8,landslide.LOC.1548,"['73.0840', '4.5709']",southern Colombia,LOC,false
10000,landslide/LOC.1549,LOC.1549,#2579e8,landslide.LOC.1549,"['104.2861', '34.4803']",Southern Gansu,LOC,false
10000,landslide/LOC.1550,LOC.1550,#2579e8,landslide.LOC.1550,"['87.0599', '14.5844']",southern Honduras,LOC,false
10000,landslide/LOC.1551,LOC.1551,#2579e8,landslide.LOC.1551,"['15.2000', '41.8719']",southern Italy,LOC,false
10000,landslide/LOC.1552,LOC.1552,#2579e8,landslide.LOC.1552,"['108.5671', '33.9601']",Southern Jingyang Plateau,LOC,false
10000,landslide/LOC.1553,LOC.1553,#2579e8,landslide.LOC.1553,"['74.7661', '41.2044']",southern Kyrgyzstan,LOC,false
10000,landslide/LOC.1554,LOC.1554,#2579e8,landslide.LOC.1554,"['120.7697', '22.3235']",southern Laonong River watershed,LOC,false
10000,landslide/LOC.1555,LOC.1555,#2579e8,landslide.LOC.1555,"['125.0158', '10.2592']",Southern Leyte,LOC,false
10000,landslide/LOC.1556,LOC.1556,#2579e8,landslide.LOC.1556,"['76.6167', '11.4000']",southern Nilgiris Mountains,LOC,false
10000,landslide/LOC.1557,LOC.1557,#2579e8,landslide.LOC.1557,"['54.4342', '36.8369']",southern part of Golestan province,LOC,false
10000,landslide/LOC.1558,LOC.1558,#2579e8,landslide.LOC.1558,"['49.6838', '37.3628']",southern part of Guilan province,LOC,false
10000,landslide/LOC.1559,LOC.1559,#2579e8,landslide.LOC.1559,"['92.7474', '23.7099']",southern part of the Aizawl district,LOC,false
10000,landslide/LOC.1560,LOC.1560,#2579e8,landslide.LOC.1560,"['74.7661', '9.1900']",southern Peru,LOC,false
10000,landslide/LOC.1561,LOC.1561,#2579e8,landslide.LOC.1561,"['125.6848', '7.0644']",southern portion belonging to Davao City and Kitao - tao and Arakan Municipalities,LOC,false
10000,landslide/LOC.1562,LOC.1562,#2579e8,landslide.LOC.1562,"['71.2080', '48.8284']",southern Quebec,LOC,false
10000,landslide/LOC.1563,LOC.1563,#2579e8,landslide.LOC.1563,"['108.7759', '33.8563']",southern Shaanxi Province,LOC,false
10000,landslide/LOC.1564,LOC.1564,#2579e8,landslide.LOC.1564,"['15.2804', '38.1975']",southern slope of the Peloritani Mountains,LOC,false
10000,landslide/LOC.1565,LOC.1565,#2579e8,landslide.LOC.1565,"['120.9543', '23.6978']",southern Taiwan,LOC,false
10000,landslide/LOC.1566,LOC.1566,#2579e8,landslide.LOC.1566,"['77.2689', '10.8505']",southern Western Ghats,LOC,false
10000,landslide/LOC.1567,LOC.1567,#2579e8,landslide.LOC.1567,"['76.6944', '9.9312']",Southern Western Ghats in Kerala,LOC,false
10000,landslide/LOC.1568,LOC.1568,#2579e8,landslide.LOC.1568,"['77.6780', '10.8505']",southern WG,LOC,false
10000,landslide/LOC.1569,LOC.1569,#2579e8,landslide.LOC.1569,"['124.2216', '10.9446']",Southern Yangyang Province,LOC,false
10000,landslide/LOC.1570,LOC.1570,#2579e8,landslide.LOC.1570,"['50.0000', '31.0000']",southern Zagros Mountains,LOC,false
10000,landslide/LOC.1571,LOC.1571,#2579e8,landslide.LOC.1571,"['117.5852', '26.1536']",southwest mountainous watershed,LOC,false
10000,landslide/LOC.1572,LOC.1572,#2579e8,landslide.LOC.1572,"['103.9526', '29.5456']",southwest of China,LOC,false
10000,landslide/LOC.1573,LOC.1573,#2579e8,landslide.LOC.1573,"['13.0195', '58.5897']",southwest Sweden,LOC,false
10000,landslide/LOC.1574,LOC.1574,#2579e8,landslide.LOC.1574,"['83.8200', '28.5917']",southwestern Annapurna Range of the central Nepalese Himalaya,LOC,false
10000,landslide/LOC.1575,LOC.1575,#2579e8,landslide.LOC.1575,"['89.2903', '27.5142']",southwestern Bhutan,LOC,false
10000,landslide/LOC.1576,LOC.1576,#2579e8,landslide.LOC.1576,"['136.6705', '37.1504']",Southwestern Japan,LOC,false
10000,landslide/LOC.1577,LOC.1577,#2579e8,landslide.LOC.1577,"['89.6419', '27.1706']",southwestern part of the Bhutan Himalayas,LOC,false
10000,landslide/LOC.1578,LOC.1578,#2579e8,landslide.LOC.1578,"['103.1526', '28.3449']",Southwestern region of China,LOC,false
10000,landslide/LOC.1579,LOC.1579,#2579e8,landslide.LOC.1579,"['32.8742', '34.8226']",southwestern region of Cyprus,LOC,false
10000,landslide/LOC.1580,LOC.1580,#2579e8,landslide.LOC.1580,"['75.7139', '14.9716']",southwestern region of India in the state of Karnataka,LOC,false
10000,landslide/LOC.1581,LOC.1581,#2579e8,landslide.LOC.1581,"['3.7038', '40.4168']",Spain,LOC,false
10000,landslide/LOC.1582,LOC.1582,#2579e8,landslide.LOC.1582,"['22.9478', '39.1977']",Sperchios River basin,LOC,false
10000,landslide/LOC.1583,LOC.1583,#2579e8,landslide.LOC.1583,"['80.7718', '7.8731']",Sri Lanka,LOC,false
10000,landslide/LOC.1584,LOC.1584,#2579e8,landslide.LOC.1584,"['19.0958', '45.7106']",SS87 national road,LOC,false
10000,landslide/LOC.1585,LOC.1585,#2579e8,landslide.LOC.1585,"['7.1264', '45.8694']",St. Bernard,LOC,false
10000,landslide/LOC.1586,LOC.1586,#2579e8,landslide.LOC.1586,"['9.1702', '44.9815']",Staffora River basin,LOC,false
10000,landslide/LOC.1587,LOC.1587,#2579e8,landslide.LOC.1587,"['77.1623', '31.1048']",state capital of Himachal,LOC,false
10000,landslide/LOC.1588,LOC.1588,#2579e8,landslide.LOC.1588,"['100.5933', '13.8962']",STEC,LOC,false
10000,landslide/LOC.1589,LOC.1589,#2579e8,landslide.LOC.1589,"['15.2494', '47.2838']",Styrian Basin in Austria,LOC,false
10000,landslide/LOC.1590,LOC.1590,#2579e8,landslide.LOC.1590,"['108.2991', '22.4287']",Subao River basin,LOC,false
10000,landslide/LOC.1591,LOC.1591,#2579e8,landslide.LOC.1591,"['22.5976', '48.7244']",Subcarpathian,LOC,false
10000,landslide/LOC.1592,LOC.1592,#2579e8,landslide.LOC.1592,"['24.8627', '49.3943']",Subcarpathian chain,LOC,false
10000,landslide/LOC.1593,LOC.1593,#2579e8,landslide.LOC.1593,"['26.0572', '45.2732']",Subcarpathian sector of the Prahova River,LOC,false
10000,landslide/LOC.1594,LOC.1594,#2579e8,landslide.LOC.1594,"['73.2432', '34.0479']",sub-Himalayan region of Pakistan,LOC,false
10000,landslide/LOC.1595,LOC.1595,#2579e8,landslide.LOC.1595,"['77.2090', '28.3692']",Sub-Himalayas,LOC,false
10000,landslide/LOC.1596,LOC.1596,#2579e8,landslide.LOC.1596,"['114.5319', '27.8129']",Suichuan,LOC,false
10000,landslide/LOC.1597,LOC.1597,#2579e8,landslide.LOC.1597,"['29.9842', '37.1812']",Sultan Mountains,LOC,false
10000,landslide/LOC.1598,LOC.1598,#2579e8,landslide.LOC.1598,"['30.8623', '37.2678']",Sultan Mountains of south - western Turkey,LOC,false
10000,landslide/LOC.1599,LOC.1599,#2579e8,landslide.LOC.1599,"['101.2559', '0.7893']",Sumatra,LOC,false
10000,landslide/LOC.1600,LOC.1600,#2579e8,landslide.LOC.1600,"['124.1732', '8.9052']",Summit Ridge,LOC,false
10000,landslide/LOC.1601,LOC.1601,#2579e8,landslide.LOC.1601,"['103.6191', '31.0055']",surrounding area of Dujiangyan,LOC,false
10000,landslide/LOC.1602,LOC.1602,#2579e8,landslide.LOC.1602,"['73.7872', '42.0808']",Suusamyr,LOC,false
10000,landslide/LOC.1603,LOC.1603,#2579e8,landslide.LOC.1603,"['73.6901', '42.0989']",Suusamyr valley,LOC,false
10000,landslide/LOC.1604,LOC.1604,#2579e8,landslide.LOC.1604,"['73.7434', '42.0756']",Suusamyr Valley and on the southern slopes of the adjacent Suusamyr Range,LOC,false
10000,landslide/LOC.1605,LOC.1605,#2579e8,landslide.LOC.1605,"['9.6096', '48.7826']",SW - Germany,LOC,false
10000,landslide/LOC.1606,LOC.1606,#2579e8,landslide.LOC.1606,"['17.4417', '14.7167']",SW coast of Dakar,LOC,false
10000,landslide/LOC.1607,LOC.1607,#2579e8,landslide.LOC.1607,"['9.4117', '48.4148']",Swabian Alb valleys,LOC,false
10000,landslide/LOC.1608,LOC.1608,#2579e8,landslide.LOC.1608,"['8.2275', '46.8182']",Switzerland,LOC,false
10000,landslide/LOC.1609,LOC.1609,#2579e8,landslide.LOC.1609,"['120.4018', '23.4781']",Tachia River,LOC,false
10000,landslide/LOC.1610,LOC.1610,#2579e8,landslide.LOC.1610,"['107.3763', '33.9733']",Taibai County,LOC,false
10000,landslide/LOC.1611,LOC.1611,#2579e8,landslide.LOC.1611,"['102.2634', '27.8108']",Taihe open pit iron mine in Xichang,LOC,false
10000,landslide/LOC.1612,LOC.1612,#2579e8,landslide.LOC.1612,"['121.5654', '23.6978']",Taiwan,LOC,false
10000,landslide/LOC.1613,LOC.1613,#2579e8,landslide.LOC.1613,"['112.5489', '37.8706']",Taiyuan City,LOC,false
10000,landslide/LOC.1614,LOC.1614,#2579e8,landslide.LOC.1614,"['49.2087', '36.2824']",Tajan Watershed in northern Iran,LOC,false
10000,landslide/LOC.1615,LOC.1615,#2579e8,landslide.LOC.1615,"['75.0322', '15.7223']",Talanad,LOC,false
10000,landslide/LOC.1616,LOC.1616,#2579e8,landslide.LOC.1616,"['50.5215', '36.2106']",Taleghan - Alamut basin of Iran,LOC,false
10000,landslide/LOC.1617,LOC.1617,#2579e8,landslide.LOC.1617,"['50.5215', '36.2106']",Taleghan basin,LOC,false
10000,landslide/LOC.1618,LOC.1618,#2579e8,landslide.LOC.1618,"['50.5215', '36.2106']",Taleghan basin of Alborz province,LOC,false
10000,landslide/LOC.1619,LOC.1619,#2579e8,landslide.LOC.1619,"['93.5678', '24.7759']",Tamenglong and Senapati districts,LOC,false
10000,landslide/LOC.1620,LOC.1620,#2579e8,landslide.LOC.1620,"['78.9591', '11.1271']",Tamil Nadu,LOC,false
10000,landslide/LOC.1621,LOC.1621,#2579e8,landslide.LOC.1621,"['106.4591', '11.5965']",Tan Uyen district of Vietnam,LOC,false
10000,landslide/LOC.1622,LOC.1622,#2579e8,landslide.LOC.1622,"['15.2250', '40.0553']",Tanarello stream,LOC,false
10000,landslide/LOC.1623,LOC.1623,#2579e8,landslide.LOC.1623,"['111.2477', '28.9050']",Taojiang County,LOC,false
10000,landslide/LOC.1624,LOC.1624,#2579e8,landslide.LOC.1624,"['4.6347', '34.5415']",Taounate - Ain Aicha and Tahar Souk regions in the central part of the Rif Mountains in Morocco,LOC,false
10000,landslide/LOC.1625,LOC.1625,#2579e8,landslide.LOC.1625,"['4.6429', '34.5483']",Taounate city,LOC,false
10000,landslide/LOC.1626,LOC.1626,#2579e8,landslide.LOC.1626,"['101.8901', '2.5717']",Tebat Karai,LOC,false
10000,landslide/LOC.1627,LOC.1627,#2579e8,landslide.LOC.1627,"['88.6646', '27.1635']",Teesta River in Sikkim Himalaya,LOC,false
10000,landslide/LOC.1628,LOC.1628,#2579e8,landslide.LOC.1628,"['87.2068', '14.0723']",Tegucigalpa,LOC,false
10000,landslide/LOC.1629,LOC.1629,#2579e8,landslide.LOC.1629,"['51.3890', '35.6895']",Tehran,LOC,false
10000,landslide/LOC.1630,LOC.1630,#2579e8,landslide.LOC.1630,"['78.3942', '30.3753']",Tehri,LOC,false
10000,landslide/LOC.1631,LOC.1631,#2579e8,landslide.LOC.1631,"['78.4311', '30.3717']",Tehri Garhwal district of Uttarakhand state,LOC,false
10000,landslide/LOC.1632,LOC.1632,#2579e8,landslide.LOC.1632,"['78.3916', '30.3874']",Tehri region of the Indian Himalayas,LOC,false
10000,landslide/LOC.1633,LOC.1633,#2579e8,landslide.LOC.1633,"['78.4532', '30.3771']",Tehri reservoir,LOC,false
10000,landslide/LOC.1634,LOC.1634,#2579e8,landslide.LOC.1634,"['78.5075', '30.3998']",Tehri reservoir rim,LOC,false
10000,landslide/LOC.1635,LOC.1635,#2579e8,landslide.LOC.1635,"['38.0146', '13.2348']",Tekeze River basins,LOC,false
10000,landslide/LOC.1636,LOC.1636,#2579e8,landslide.LOC.1636,"['0.1495', '51.5002']",Terrain,LOC,false
10000,landslide/LOC.1637,LOC.1637,#2579e8,landslide.LOC.1637,"['9.1895', '44.4777']",Terzona catchment,LOC,false
10000,landslide/LOC.1638,LOC.1638,#2579e8,landslide.LOC.1638,"['77.3870', '11.1060']",Tevankarai Ar sub-watershed,LOC,false
10000,landslide/LOC.1639,LOC.1639,#2579e8,landslide.LOC.1639,"['99.9018', '31.9686']",Texas,LOC,false
10000,landslide/LOC.1640,LOC.1640,#2579e8,landslide.LOC.1640,"['97.4519', '18.0810']",Teziutlan municipality,LOC,false
10000,landslide/LOC.1641,LOC.1641,#2579e8,landslide.LOC.1641,"['118.2934', '28.1466']",TGP,LOC,false
10000,landslide/LOC.1642,LOC.1642,#2579e8,landslide.LOC.1642,"['110.6088', '30.8607']",TGR,LOC,false
10000,landslide/LOC.1643,LOC.1643,#2579e8,landslide.LOC.1643,"['110.6254', '30.7236']",TGR region on the Yangtze River in Zigui County,LOC,false
10000,landslide/LOC.1644,LOC.1644,#2579e8,landslide.LOC.1644,"['90.4253', '24.4246']",TGRA,LOC,false
10000,landslide/LOC.1645,LOC.1645,#2579e8,landslide.LOC.1645,"['100.9925', '15.8700']",Thailand,LOC,false
10000,landslide/LOC.1646,LOC.1646,#2579e8,landslide.LOC.1646,"['76.1196', '11.4186']",Thalanad,LOC,false
10000,landslide/LOC.1647,LOC.1647,#2579e8,landslide.LOC.1647,"['10.4515', '46.5596']",the Central Italian Alps,LOC,false
10000,landslide/LOC.1648,LOC.1648,#2579e8,landslide.LOC.1648,"['79.2153', '3.9937']",the city of Loja,LOC,false
10000,landslide/LOC.1649,LOC.1649,#2579e8,landslide.LOC.1649,"['48.0423', '38.2533']",the eastern slopes of Sabalan,LOC,false
10000,landslide/LOC.1650,LOC.1650,#2579e8,landslide.LOC.1650,"['86.6666', '36.0000']",the Kuenlun Mountains in the northern Tibetan Plateau,LOC,false
10000,landslide/LOC.1651,LOC.1651,#2579e8,landslide.LOC.1651,"['104.0', '28.0']",The mountainous area of southwest China,LOC,false
10000,landslide/LOC.1652,LOC.1652,#2579e8,landslide.LOC.1652,"['9.5', '36.5']",The national road 11 linking Mateur to Beja,LOC,false
10000,landslide/LOC.1653,LOC.1653,#2579e8,landslide.LOC.1653,"['13.5', '38.0']",The North-easternmost sector of Sicily,LOC,false
10000,landslide/LOC.1654,LOC.1654,#2579e8,landslide.LOC.1654,"['127.5', '36.0']",The Republic of Korea,LOC,false
10000,landslide/LOC.1655,LOC.1655,#2579e8,landslide.LOC.1655,"['111.0', '30.8']",The Three Gorges dam,LOC,false
10000,landslide/LOC.1656,LOC.1656,#2579e8,landslide.LOC.1656,"['9.6', '46.2']",The Valtellina Valley,LOC,false
10000,landslide/LOC.1657,LOC.1657,#2579e8,landslide.LOC.1657,"['73.5', '16.5']",The western flanks of the Western Ghats,LOC,false
10000,landslide/LOC.1658,LOC.1658,#2579e8,landslide.LOC.1658,"['108.2', '30.7']",The Zhongxian-Shizhu Segment in the Three Gorges Reservoir region of China,LOC,false
10000,landslide/LOC.1659,LOC.1659,#2579e8,landslide.LOC.1659,"['77.4776', '9.9696']",Theni district,LOC,false
10000,landslide/LOC.1660,LOC.1660,#2579e8,landslide.LOC.1660,"['111.0', '30.0']",Three Georges,LOC,false
10000,landslide/LOC.1661,LOC.1661,#2579e8,landslide.LOC.1661,"['111.1176', '30.8231']",Three - Gorge Reservoir,LOC,false
10000,landslide/LOC.1662,LOC.1662,#2579e8,landslide.LOC.1662,"['111.0', '30.0']",Three Gorges,LOC,false
10000,landslide/LOC.1663,LOC.1663,#2579e8,landslide.LOC.1663,"['111.0', '30.0']",Three Gorges areas in China,LOC,false
10000,landslide/LOC.1664,LOC.1664,#2579e8,landslide.LOC.1664,"['0', '0']",Three Gorges areas in China,LOC,false
10000,landslide/LOC.1665,LOC.1665,#2579e8,landslide.LOC.1665,"['107.7659', '31.2743']",Three Gorges Reservoir area - Longshuigou landslide in Fengjie County of Chongqing city in China,LOC,false
10000,landslide/LOC.1666,LOC.1666,#2579e8,landslide.LOC.1666,"['111.4540', '30.8231']",Three Gorges Reservoir area of the Yangtze River,LOC,false
10000,landslide/LOC.1667,LOC.1667,#2579e8,landslide.LOC.1667,"['108.0920', '30.8357']",Three Gorges Reservoir area to the Padang section,LOC,false
10000,landslide/LOC.1668,LOC.1668,#2579e8,landslide.LOC.1668,"['111.4540', '30.8231']",Three Gorges Reservoir region of China,LOC,false
10000,landslide/LOC.1669,LOC.1669,#2579e8,landslide.LOC.1669,"['107.5915', '16.4498']",Thua Thien Hue province of Vietnam,LOC,false
10000,landslide/LOC.1670,LOC.1670,#2579e8,landslide.LOC.1670,"['86.0844', '43.7931']",Tianshan Mountains in Northwestern Basins,LOC,false
10000,landslide/LOC.1671,LOC.1671,#2579e8,landslide.LOC.1671,"['105.7316', '34.5794']",Tianshui,LOC,false
10000,landslide/LOC.1672,LOC.1672,#2579e8,landslide.LOC.1672,"['105.6736', '34.5543']",Tianshui seismic zone,LOC,false
10000,landslide/LOC.1673,LOC.1673,#2579e8,landslide.LOC.1673,"['88.7879', '31.9686']",Tibet,LOC,false
10000,landslide/LOC.1674,LOC.1674,#2579e8,landslide.LOC.1674,"['88.7879', '31.9686']",Tibet in China,LOC,false
10000,landslide/LOC.1675,LOC.1675,#2579e8,landslide.LOC.1675,"['122.754', '13.357']",Tikoy,LOC,false
10000,landslide/LOC.1676,LOC.1676,#2579e8,landslide.LOC.1676,"['83.866', '27.427']",Tinau watershed,LOC,false
10000,landslide/LOC.1677,LOC.1677,#2579e8,landslide.LOC.1677,"['78.5558', '30.8485']",Tipari to Ghuttu highway corridors in the Garhwal Himalaya,LOC,false
10000,landslide/LOC.1678,LOC.1678,#2579e8,landslide.LOC.1678,"['7.4293', '31.7994']",Tizi N'tichka region in the High Atlas,LOC,false
10000,landslide/LOC.1679,LOC.1679,#2579e8,landslide.LOC.1679,"['36.5544', '40.422']",Tokat Turkey,LOC,false
10000,landslide/LOC.1680,LOC.1680,#2579e8,landslide.LOC.1680,"['111.9203', '28.4224']",Tonggu County,LOC,false
10000,landslide/LOC.1681,LOC.1681,#2579e8,landslide.LOC.1681,"['112.701', '29.7635']",Tonglvshan ancient copper mine site,LOC,false
10000,landslide/LOC.1682,LOC.1682,#2579e8,landslide.LOC.1682,"['112.701', '29.7635']",Tonglvshan mining,LOC,false
10000,landslide/LOC.1683,LOC.1683,#2579e8,landslide.LOC.1683,"['78.8807', '30.9936']",Tons river valley,LOC,false
10000,landslide/LOC.1684,LOC.1684,#2579e8,landslide.LOC.1684,"['9.2908', '42.8507']",Torgiovannetto,LOC,false
10000,landslide/LOC.1685,LOC.1685,#2579e8,landslide.LOC.1685,"['89.1973', '26.843']",towns of Phuentsholing and Chukha,LOC,false
10000,landslide/LOC.1686,LOC.1686,#2579e8,landslide.LOC.1686,"['39.7269', '41.0082']",Trabzon,LOC,false
10000,landslide/LOC.1687,LOC.1687,#2579e8,landslide.LOC.1687,"['39.7269', '41.0082']",Trabzon province,LOC,false
10000,landslide/LOC.1688,LOC.1688,#2579e8,landslide.LOC.1688,"['25.0419', '46.4388']",Transylvanian Plateaux,LOC,false
10000,landslide/LOC.1689,LOC.1689,#2579e8,landslide.LOC.1689,"['97.7361', '30.2672']",Travis County,LOC,false
10000,landslide/LOC.1690,LOC.1690,#2579e8,landslide.LOC.1690,"['23.6167', '46.7712']",Tri-City,LOC,false
10000,landslide/LOC.1691,LOC.1691,#2579e8,landslide.LOC.1691,"['84.3871', '27.9582']",Trishuli river in Nepal,LOC,false
10000,landslide/LOC.1692,LOC.1692,#2579e8,landslide.LOC.1692,"['101.9758', '4.2105']",tropical hilly area of Malaysia,LOC,false
10000,landslide/LOC.1693,LOC.1693,#2579e8,landslide.LOC.1693,"['120.9543', '-3.0604']",tropical region Indonesia,LOC,false
10000,landslide/LOC.1694,LOC.1694,#2579e8,landslide.LOC.1694,"['106.5976', '22.7932']",Trung Khanh district of the Cao Bang Province,LOC,false
10000,landslide/LOC.1695,LOC.1695,#2579e8,landslide.LOC.1695,"['-118.2538', '34.1721']",TRW,LOC,false
10000,landslide/LOC.1696,LOC.1696,#2579e8,landslide.LOC.1696,"['116.3787', '39.0093']",Tsao,LOC,false
10000,landslide/LOC.1697,LOC.1697,#2579e8,landslide.LOC.1697,"['120.4356', '23.3132']",Tsengwen River Watershed,LOC,false
10000,landslide/LOC.1698,LOC.1698,#2579e8,landslide.LOC.1698,"['138.8314', '37.6107']",Tsugawa area of Agano River,LOC,false
10000,landslide/LOC.1699,LOC.1699,#2579e8,landslide.LOC.1699,"['129.8433', '42.5377']",Tumen,LOC,false
10000,landslide/LOC.1700,LOC.1700,#2579e8,landslide.LOC.1700,"['94.0336', '24.5139']",Tupul landslide,LOC,false
10000,landslide/LOC.1701,LOC.1701,#2579e8,landslide.LOC.1701,"['145.2065', '-6.2778']",Turbolo River catchment,LOC,false
10000,landslide/LOC.1702,LOC.1702,#2579e8,landslide.LOC.1702,"['35.2433', '38.9637']",Turkey,LOC,false
10000,landslide/LOC.1703,LOC.1703,#2579e8,landslide.LOC.1703,"['35.2433', '38.9637']",Turkiye,LOC,false
10000,landslide/LOC.1704,LOC.1704,#2579e8,landslide.LOC.1704,"['-130.8247', '54.2754']",Turnoff Creek rock avalanche in Canada,LOC,false
10000,landslide/LOC.1705,LOC.1705,#2579e8,landslide.LOC.1705,"['-83.7666', '9.9045']",Turrialba,LOC,false
10000,landslide/LOC.1706,LOC.1706,#2579e8,landslide.LOC.1706,"['11.2550', '43.7711']",Tuscany,LOC,false
10000,landslide/LOC.1707,LOC.1707,#2579e8,landslide.LOC.1707,"['117.0254', '0.9892']",Tutkabon,LOC,false
10000,landslide/LOC.1708,LOC.1708,#2579e8,landslide.LOC.1708,"['110.9788', '30.8240']",Two towns in the Three - Gorge Reservoir area of China,LOC,false
10000,landslide/LOC.1709,LOC.1709,#2579e8,landslide.LOC.1709,"['0.1276', '51.5074']",U.K.,LOC,false
10000,landslide/LOC.1710,LOC.1710,#2579e8,landslide.LOC.1710,"['80.9462', '26.8467']",U.P.,LOC,false
10000,landslide/LOC.1711,LOC.1711,#2579e8,landslide.LOC.1711,"['95.7129', '37.0902']",U.S.,LOC,false
10000,landslide/LOC.1712,LOC.1712,#2579e8,landslide.LOC.1712,"['38.9530', '13.0421']",Uatzau,LOC,false
10000,landslide/LOC.1713,LOC.1713,#2579e8,landslide.LOC.1713,"['38.9827', '12.8299']",Uatzau basin in northwestern Ethiopia,LOC,false
10000,landslide/LOC.1714,LOC.1714,#2579e8,landslide.LOC.1714,"['120.6975', '15.0171']",Ucab,LOC,false
10000,landslide/LOC.1715,LOC.1715,#2579e8,landslide.LOC.1715,"['7.4468', '6.5303']",Udi - Iva Valley region of Enugu state,LOC,false
10000,landslide/LOC.1716,LOC.1716,#2579e8,landslide.LOC.1716,"['119.3075', '0.6124']",Ujung Loe Watershed,LOC,false
10000,landslide/LOC.1717,LOC.1717,#2579e8,landslide.LOC.1717,"['0.1276', '51.5074']",UK,LOC,false
10000,landslide/LOC.1718,LOC.1718,#2579e8,landslide.LOC.1718,"['129.3114', '35.5384']",Ulsan,LOC,false
10000,landslide/LOC.1719,LOC.1719,#2579e8,landslide.LOC.1719,"['32.4057', '41.9656']",Ulus district of the Bartin province,LOC,false
10000,landslide/LOC.1720,LOC.1720,#2579e8,landslide.LOC.1720,"['12.4964', '42.9384']",Umbria,LOC,false
10000,landslide/LOC.1721,LOC.1721,#2579e8,landslide.LOC.1721,"['126.9464', '37.2594']",Umyeonsan,LOC,false
10000,landslide/LOC.1722,LOC.1722,#2579e8,landslide.LOC.1722,"['95.7129', '37.0902']",United States,LOC,false
10000,landslide/LOC.1723,LOC.1723,#2579e8,landslide.LOC.1723,"['76.8512', '9.9519']",upland catchment of river Meenachil,LOC,false
10000,landslide/LOC.1724,LOC.1724,#2579e8,landslide.LOC.1724,"['37.1679', '37.5645']",upper basin of Ataturk Dam,LOC,false
10000,landslide/LOC.1725,LOC.1725,#2579e8,landslide.LOC.1725,"['35.2268', '12.1425']",upper Blue Nile,LOC,false
10000,landslide/LOC.1726,LOC.1726,#2579e8,landslide.LOC.1726,"['79.1378', '30.7264']",upper catchment areas of the Mandakini river,LOC,false
10000,landslide/LOC.1727,LOC.1727,#2579e8,landslide.LOC.1727,"['77.1936', '9.6685']",upper catchment of Meenachil river of Kerala,LOC,false
10000,landslide/LOC.1728,LOC.1728,#2579e8,landslide.LOC.1728,"['107.3276', '6.8846']",upper Citarum River catchment,LOC,false
10000,landslide/LOC.1729,LOC.1729,#2579e8,landslide.LOC.1729,"['76.6393', '33.6844']",upper Indus watershed,LOC,false
10000,landslide/LOC.1730,LOC.1730,#2579e8,landslide.LOC.1730,"['101.8216', '29.9604']",upper Jinsha River,LOC,false
10000,landslide/LOC.1731,LOC.1731,#2579e8,landslide.LOC.1731,"['74.7125', '39.7769']",Upper Maili Suu river basin,LOC,false
10000,landslide/LOC.1732,LOC.1732,#2579e8,landslide.LOC.1732,"['102.8326', '30.0178']",upper Minjiang River Basin,LOC,false
10000,landslide/LOC.1733,LOC.1733,#2579e8,landslide.LOC.1733,"['100.9925', '18.7900']",upper northern region of Thailand,LOC,false
10000,landslide/LOC.1734,LOC.1734,#2579e8,landslide.LOC.1734,"['29.6051', '-2.0061']",upper Nyabarongo catchment,LOC,false
10000,landslide/LOC.1735,LOC.1735,#2579e8,landslide.LOC.1735,"['111.8271', '31.0456']",upper part of Badong County,LOC,false
10000,landslide/LOC.1736,LOC.1736,#2579e8,landslide.LOC.1736,"['88.8210', '27.4967']",upper Rangit catchment,LOC,false
10000,landslide/LOC.1737,LOC.1737,#2579e8,landslide.LOC.1737,"['88.9368', '27.6642']",Upper Rangit River basin of eastern Himalayan,LOC,false
10000,landslide/LOC.1738,LOC.1738,#2579e8,landslide.LOC.1738,"['105.5641', '23.5926']",Upper Reaches Area of Red River Basin,LOC,false
10000,landslide/LOC.1739,LOC.1739,#2579e8,landslide.LOC.1739,"['99.8728', '28.9802']",upper reaches of the Jinsha River,LOC,false
10000,landslide/LOC.1740,LOC.1740,#2579e8,landslide.LOC.1740,"['15.0060', '46.3341']",Upper Sele river Valley,LOC,false
10000,landslide/LOC.1741,LOC.1741,#2579e8,landslide.LOC.1741,"['7.7662', '44.2251']",upper Tanarello stream basin,LOC,false
10000,landslide/LOC.1742,LOC.1742,#2579e8,landslide.LOC.1742,"['74.6691', '33.7782']",upper western sections of Jammu & Kashmir,LOC,false
10000,landslide/LOC.1743,LOC.1743,#2579e8,landslide.LOC.1743,"['101.3459', '31.3357']",upstream of the Minjiang River on the eastern Tibetan Plateau,LOC,false
10000,landslide/LOC.1744,LOC.1744,#2579e8,landslide.LOC.1744,"['4.4276', '36.7274']",urban area of Azazga,LOC,false
10000,landslide/LOC.1745,LOC.1745,#2579e8,landslide.LOC.1745,"['-3.0328', '36.7037']",urban area of Sidi Abdellah,LOC,false
10000,landslide/LOC.1746,LOC.1746,#2579e8,landslide.LOC.1746,"['108.4120', '30.8150']",urban area of Wanzhou,LOC,false
10000,landslide/LOC.1747,LOC.1747,#2579e8,landslide.LOC.1747,"['-43.5282', '-20.3800']",urban region of Ouro Preto,LOC,false
10000,landslide/LOC.1748,LOC.1748,#2579e8,landslide.LOC.1748,"['46.7717', '37.6046']",Urmia lake basin,LOC,false
10000,landslide/LOC.1749,LOC.1749,#2579e8,landslide.LOC.1749,"['45.0761', '37.5525']",Urmia lake basin in northwest Iran,LOC,false
10000,landslide/LOC.1750,LOC.1750,#2579e8,landslide.LOC.1750,"['58.0014', '38.7465']",URRB,LOC,false
10000,landslide/LOC.1751,LOC.1751,#2579e8,landslide.LOC.1751,"['100.4459', '39.7837']",US,LOC,false
10000,landslide/LOC.1752,LOC.1752,#2579e8,landslide.LOC.1752,"['100.4459', '39.7837']",USA,LOC,false
10000,landslide/LOC.1753,LOC.1753,#2579e8,landslide.LOC.1753,"['78.4564', '30.7304']",Uttarakashi district,LOC,false
10000,landslide/LOC.1754,LOC.1754,#2579e8,landslide.LOC.1754,"['78.7714', '30.0668']",Uttarakhand,LOC,false
10000,landslide/LOC.1755,LOC.1755,#2579e8,landslide.LOC.1755,"['78.7714', '30.0668']",Uttarakhand containing,LOC,false
10000,landslide/LOC.1756,LOC.1756,#2579e8,landslide.LOC.1756,"['79.0193', '30.0668']",Uttarakhand Himalayas of India,LOC,false
10000,landslide/LOC.1757,LOC.1757,#2579e8,landslide.LOC.1757,"['79.0193', '30.0668']",Uttarakhand region of Himalaya,LOC,false
10000,landslide/LOC.1758,LOC.1758,#2579e8,landslide.LOC.1758,"['78.0337', '30.0668']",uttarakhand state districts,LOC,false
10000,landslide/LOC.1759,LOC.1759,#2579e8,landslide.LOC.1759,"['78.4564', '30.7304']",Uttarkashi district of India,LOC,false
10000,landslide/LOC.1760,LOC.1760,#2579e8,landslide.LOC.1760,"['78.4564', '30.7304']",Uttarkashi district of the Uttarakhand state,LOC,false
10000,landslide/LOC.1761,LOC.1761,#2579e8,landslide.LOC.1761,"['132.5594', '33.2203']",Uwajima City,LOC,false
10000,landslide/LOC.1762,LOC.1762,#2579e8,landslide.LOC.1762,"['64.5853', '41.3775']",Uzbekistan,LOC,false
10000,landslide/LOC.1763,LOC.1763,#2579e8,landslide.LOC.1763,"['0.3763', '39.4699']",Valencia,LOC,false
10000,landslide/LOC.1764,LOC.1764,#2579e8,landslide.LOC.1764,"['19.9013', '44.2706']",Valjevo City,LOC,false
10000,landslide/LOC.1765,LOC.1765,#2579e8,landslide.LOC.1765,"['88.5399', '27.5329']",valley regions of Sikkim Himalaya,LOC,false
10000,landslide/LOC.1766,LOC.1766,#2579e8,landslide.LOC.1766,"['42.8719', '38.3732']",Van,LOC,false
10000,landslide/LOC.1767,LOC.1767,#2579e8,landslide.LOC.1767,"['104.7583', '21.6300']",Van Chan district,LOC,false
10000,landslide/LOC.1768,LOC.1768,#2579e8,landslide.LOC.1768,"['104.7583', '21.6300']",Van Chan district of the Yen Bai Province,LOC,false
10000,landslide/LOC.1769,LOC.1769,#2579e8,landslide.LOC.1769,"['125.2730', '49.2827']",Vancouver Island,LOC,false
10000,landslide/LOC.1770,LOC.1770,#2579e8,landslide.LOC.1770,"['104.0', '25.0']",Vegetated slopes in Malipo,LOC,false
10000,landslide/LOC.1771,LOC.1771,#2579e8,landslide.LOC.1771,"['9.7333', '55.7200']",Vejle Fjord,LOC,false
10000,landslide/LOC.1772,LOC.1772,#2579e8,landslide.LOC.1772,"['9.6784', '44.1344']",Vernazza catchment,LOC,false
10000,landslide/LOC.1773,LOC.1773,#2579e8,landslide.LOC.1773,"['108.2772', '14.0583']",Viet Nam,LOC,false
10000,landslide/LOC.1774,LOC.1774,#2579e8,landslide.LOC.1774,"['108.2772', '14.0583']",Vietnam,LOC,false
10000,landslide/LOC.1775,LOC.1775,#2579e8,landslide.LOC.1775,"['105.5544', '18.2892']",Vietnamese Laotian border district,LOC,false
10000,landslide/LOC.1776,LOC.1776,#2579e8,landslide.LOC.1776,"['123.6992', '52.5872']",Villa Santa Lucia,LOC,false
10000,landslide/LOC.1777,LOC.1777,#2579e8,landslide.LOC.1777,"['78.0842', '8.8659']",village of Rampac Grande in northern Peru,LOC,false
10000,landslide/LOC.1778,LOC.1778,#2579e8,landslide.LOC.1778,"['120.4219', '10.6017']",village Podi,LOC,false
10000,landslide/LOC.1779,LOC.1779,#2579e8,landslide.LOC.1779,"['2.7358', '42.8595']",Vitoria,LOC,false
10000,landslide/LOC.1780,LOC.1780,#2579e8,landslide.LOC.1780,"['121.9625', '0.5702']",Vitravo River catchment,LOC,false
10000,landslide/LOC.1781,LOC.1781,#2579e8,landslide.LOC.1781,"['107.6179', '6.9175']",volcanic mountains in West Java Province,LOC,false
10000,landslide/LOC.1782,LOC.1782,#2579e8,landslide.LOC.1782,"['26.6485', '45.8286']",Vrancea - Buzau seismogenic region in the Carpathian Mountains,LOC,false
10000,landslide/LOC.1783,LOC.1783,#2579e8,landslide.LOC.1783,"['35.6586', '26.6984']",Wadi Watier,LOC,false
10000,landslide/LOC.1784,LOC.1784,#2579e8,landslide.LOC.1784,"['111.3894', '6.8434']",Wagirkidul,LOC,false
10000,landslide/LOC.1785,LOC.1785,#2579e8,landslide.LOC.1785,"['14.7710', '47.9658']",Waidhofen / Ybbs,LOC,false
10000,landslide/LOC.1786,LOC.1786,#2579e8,landslide.LOC.1786,"['14.7710', '47.9658']",Waidhofen an der Ybbs,LOC,false
10000,landslide/LOC.1787,LOC.1787,#2579e8,landslide.LOC.1787,"['100.9520', '34.5212']",Wan county,LOC,false
10000,landslide/LOC.1788,LOC.1788,#2579e8,landslide.LOC.1788,"['108.3843', '30.8252']",Wanzhou County,LOC,false
10000,landslide/LOC.1789,LOC.1789,#2579e8,landslide.LOC.1789,"['108.3853', '30.8071']",Wanzhou district,LOC,false
10000,landslide/LOC.1790,LOC.1790,#2579e8,landslide.LOC.1790,"['108.9076', '30.7913']",Wanzhou district in the Three Gorges Reservoir,LOC,false
10000,landslide/LOC.1791,LOC.1791,#2579e8,landslide.LOC.1791,"['108.3853', '30.8071']",Wanzhou district of Chongqing city,LOC,false
10000,landslide/LOC.1792,LOC.1792,#2579e8,landslide.LOC.1792,"['108.5801', '30.8401']",Wanzhou in Three Gorges,LOC,false
10000,landslide/LOC.1793,LOC.1793,#2579e8,landslide.LOC.1793,"['108.3853', '30.8071']",Wanzhou section,LOC,false
10000,landslide/LOC.1794,LOC.1794,#2579e8,landslide.LOC.1794,"['77.0369', '38.9072']",Washington,LOC,false
10000,landslide/LOC.1795,LOC.1795,#2579e8,landslide.LOC.1795,"['120.7401', '47.7511']",Washington State,LOC,false
10000,landslide/LOC.1796,LOC.1796,#2579e8,landslide.LOC.1796,"['121.5090', '25.1055']",watershed region in northern Taiwan,LOC,false
10000,landslide/LOC.1797,LOC.1797,#2579e8,landslide.LOC.1797,"['76.0830', '11.6856']",Wayanad,LOC,false
10000,landslide/LOC.1798,LOC.1798,#2579e8,landslide.LOC.1798,"['76.0830', '11.6856']",Wayanad district of Kerala state in India,LOC,false
10000,landslide/LOC.1799,LOC.1799,#2579e8,landslide.LOC.1799,"['102.7130', '34.8494']",Wen County,LOC,false
10000,landslide/LOC.1800,LOC.1800,#2579e8,landslide.LOC.1800,"['103.5790', '31.4399']",Wenchuan,LOC,false
10000,landslide/LOC.1801,LOC.1801,#2579e8,landslide.LOC.1801,"['103.2270', '31.0855']",Wenchuan - Yingxiu,LOC,false
10000,landslide/LOC.1802,LOC.1802,#2579e8,landslide.LOC.1802,"['103.5790', '31.4399']",Wenchuan area in southwestern China,LOC,false
10000,landslide/LOC.1803,LOC.1803,#2579e8,landslide.LOC.1803,"['103.5790', '31.4399']",Wenchuan County,LOC,false
10000,landslide/LOC.1804,LOC.1804,#2579e8,landslide.LOC.1804,"['103.3323', '31.0173']",Wenchuan earthquake,LOC,false
10000,landslide/LOC.1805,LOC.1805,#2579e8,landslide.LOC.1805,"['103.3323', '31.0173']",Wenchuan earthquake region of China,LOC,false
10000,landslide/LOC.1806,LOC.1806,#2579e8,landslide.LOC.1806,"['87.8550', '22.9868']",West Bengal,LOC,false
10000,landslide/LOC.1807,LOC.1807,#2579e8,landslide.LOC.1807,"['120.0', '18.0']",West coast,LOC,false
10000,landslide/LOC.1808,LOC.1808,#2579e8,landslide.LOC.1808,"['107.6175', '-6.9175']",West Java Province,LOC,false
10000,landslide/LOC.1809,LOC.1809,#2579e8,landslide.LOC.1809,"['49.8333', '32.4279']",west of Iran,LOC,false
10000,landslide/LOC.1810,LOC.1810,#2579e8,landslide.LOC.1810,"['46.2086', '34.3142']",west of Kermanshah Province,LOC,false
10000,landslide/LOC.1811,LOC.1811,#2579e8,landslide.LOC.1811,"['48.3722', '34.7484']",west of the Gat - e Kash village,LOC,false
10000,landslide/LOC.1812,LOC.1812,#2579e8,landslide.LOC.1812,"['88.3000', '27.3333']",West Sikkim,LOC,false
10000,landslide/LOC.1813,LOC.1813,#2579e8,landslide.LOC.1813,"['88.3000', '27.3333']",West Sikkim district in India,LOC,false
10000,landslide/LOC.1814,LOC.1814,#2579e8,landslide.LOC.1814,"['31.1656', '37.0902']",west Turkey,LOC,false
10000,landslide/LOC.1815,LOC.1815,#2579e8,landslide.LOC.1815,"['94.2596', '36.7783']",Western,LOC,false
10000,landslide/LOC.1816,LOC.1816,#2579e8,landslide.LOC.1816,"['2.6333', '28.0339']",Western Algeria,LOC,false
10000,landslide/LOC.1817,LOC.1817,#2579e8,landslide.LOC.1817,"['78.9629', '20.5937']",Western and Eastern Ghats of India,LOC,false
10000,landslide/LOC.1818,LOC.1818,#2579e8,landslide.LOC.1818,"['30.7133', '36.8969']",western Antalya,LOC,false
10000,landslide/LOC.1819,LOC.1819,#2579e8,landslide.LOC.1819,"['47.5000', '40.1431']",western Azerbaijan,LOC,false
10000,landslide/LOC.1820,LOC.1820,#2579e8,landslide.LOC.1820,"['76.6112', '8.5241']",Western Ghats region in Kollam district,LOC,false
10000,landslide/LOC.1821,LOC.1821,#2579e8,landslide.LOC.1821,"['75.7139', '14.5204']",Western Ghats region of Karnataka province,LOC,false
10000,landslide/LOC.1822,LOC.1822,#2579e8,landslide.LOC.1822,"['21.7536', '37.9838']",Western Greece,LOC,false
10000,landslide/LOC.1823,LOC.1823,#2579e8,landslide.LOC.1823,"['73.5144', '34.7995']",Western Himalayan Kaghan Valley of Pakistan,LOC,false
10000,landslide/LOC.1824,LOC.1824,#2579e8,landslide.LOC.1824,"['72.8777', '19.7515']",western India,LOC,false
10000,landslide/LOC.1825,LOC.1825,#2579e8,landslide.LOC.1825,"['49.8333', '32.4279']",Western Iran,LOC,false
10000,landslide/LOC.1826,LOC.1826,#2579e8,landslide.LOC.1826,"['123.3117', '47.8021']",western Olympic Mountains of Washington State,LOC,false
10000,landslide/LOC.1827,LOC.1827,#2579e8,landslide.LOC.1827,"['23.8360', '35.2401']",western part of Crete Island,LOC,false
10000,landslide/LOC.1828,LOC.1828,#2579e8,landslide.LOC.1828,"['113.9448', '22.2817']",western part of Hong Kong island,LOC,false
10000,landslide/LOC.1829,LOC.1829,#2579e8,landslide.LOC.1829,"['49.0975', '13.7416']",western part of the Indian Ocean,LOC,false
10000,landslide/LOC.1830,LOC.1830,#2579e8,landslide.LOC.1830,"['19.4562', '44.0165']",western part of the Republic of Serbia,LOC,false
10000,landslide/LOC.1831,LOC.1831,#2579e8,landslide.LOC.1831,"['11.3340', '47.0481']",western part of Tyrol/Austria,LOC,false
10000,landslide/LOC.1832,LOC.1832,#2579e8,landslide.LOC.1832,"['43.2267', '22.9584']",western portion of Tijuca Massif,LOC,false
10000,landslide/LOC.1833,LOC.1833,#2579e8,landslide.LOC.1833,"['29.8540', '-2.0026']",western province of Rwanda,LOC,false
10000,landslide/LOC.1834,LOC.1834,#2579e8,landslide.LOC.1834,"['107.8964', '16.3015']",western region of Thua Thien Hue province,LOC,false
10000,landslide/LOC.1835,LOC.1835,#2579e8,landslide.LOC.1835,"['19.4562', '44.0165']",western Serbia,LOC,false
10000,landslide/LOC.1836,LOC.1836,#2579e8,landslide.LOC.1836,"['82.9485', '54.9391']",western STEC,LOC,false
10000,landslide/LOC.1837,LOC.1837,#2579e8,landslide.LOC.1837,"['122.4058', '37.7749']",WG,LOC,false
10000,landslide/LOC.1838,LOC.1838,#2579e8,landslide.LOC.1838,"['-4.0364', '35.1615']",whole Rif mountains in Morocco,LOC,false
10000,landslide/LOC.1839,LOC.1839,#2579e8,landslide.LOC.1839,"['76.8943', '10.8505']",windward slopes of the southern Western Ghats,LOC,false
10000,landslide/LOC.1840,LOC.1840,#2579e8,landslide.LOC.1840,"['110.7588', '-7.3602']",Wonosobo,LOC,false
10000,landslide/LOC.1841,LOC.1841,#2579e8,landslide.LOC.1841,"['126.7582', '37.6920']",Woomyeon Mountain,LOC,false
10000,landslide/LOC.1842,LOC.1842,#2579e8,landslide.LOC.1842,"['114.7375', '23.9628']",Wu River,LOC,false
10000,landslide/LOC.1843,LOC.1843,#2579e8,landslide.LOC.1843,"['102.7762', '31.9196']",Wudu County in northwestern China,LOC,false
10000,landslide/LOC.1844,LOC.1844,#2579e8,landslide.LOC.1844,"['128.0352', '38.2675']",Wulipo,LOC,false
10000,landslide/LOC.1845,LOC.1845,#2579e8,landslide.LOC.1845,"['107.4087', '29.3237']",Wulong,LOC,false
10000,landslide/LOC.1846,LOC.1846,#2579e8,landslide.LOC.1846,"['109.9393', '34.1677']",Wuqi County,LOC,false
10000,landslide/LOC.1847,LOC.1847,#2579e8,landslide.LOC.1847,"['108.6', '31.5']",Wushan,LOC,false
10000,landslide/LOC.1848,LOC.1848,#2579e8,landslide.LOC.1848,"['109.5736', '31.0917']",Wushan - Badong area in the Three Gorges,LOC,false
10000,landslide/LOC.1849,LOC.1849,#2579e8,landslide.LOC.1849,"['110.8038', '31.0658']",Wushan and Badong Towns,LOC,false
10000,landslide/LOC.1850,LOC.1850,#2579e8,landslide.LOC.1850,"['109.6941', '31.1597']",Wushan County,LOC,false
10000,landslide/LOC.1851,LOC.1851,#2579e8,landslide.LOC.1851,"['109.5761', '32.1253']",Wushan segment of TGRA,LOC,false
10000,landslide/LOC.1852,LOC.1852,#2579e8,landslide.LOC.1852,"['120.2934', '31.4912']",Wuxi,LOC,false
10000,landslide/LOC.1853,LOC.1853,#2579e8,landslide.LOC.1853,"['117.8223', '29.3122']",Wuyuan,LOC,false
10000,landslide/LOC.1854,LOC.1854,#2579e8,landslide.LOC.1854,"['108.9402', '34.3416']",Xi an,LOC,false
10000,landslide/LOC.1855,LOC.1855,#2579e8,landslide.LOC.1855,"['109.0292', '31.6368']",Xiangjiaba Reservoir,LOC,false
10000,landslide/LOC.1856,LOC.1856,#2579e8,landslide.LOC.1856,"['102.8257', '30.9966']",Xianshuihe fault,LOC,false
10000,landslide/LOC.1857,LOC.1857,#2579e8,landslide.LOC.1857,"['108.7004', '34.3363']",Xianyang City,LOC,false
10000,landslide/LOC.1858,LOC.1858,#2579e8,landslide.LOC.1858,"['108.6347', '28.0688']",Xiaojiang watershed,LOC,false
10000,landslide/LOC.1859,LOC.1859,#2579e8,landslide.LOC.1859,"['102.3651', '29.0059']",Xiaojin County,LOC,false
10000,landslide/LOC.1860,LOC.1860,#2579e8,landslide.LOC.1860,"['100.8959', '25.6196']",Xiaowan project,LOC,false
10000,landslide/LOC.1861,LOC.1861,#2579e8,landslide.LOC.1861,"['114.5094', '25.4416']",Xing Guo County,LOC,false
10000,landslide/LOC.1862,LOC.1862,#2579e8,landslide.LOC.1862,"['110.7781', '31.1969']",Xingshan County,LOC,false
10000,landslide/LOC.1863,LOC.1863,#2579e8,landslide.LOC.1863,"['103.0665', '31.9769']",Xinmo village of Maoxian County,LOC,false
10000,landslide/LOC.1864,LOC.1864,#2579e8,landslide.LOC.1864,"['109.2461', '31.7576']",Xintan,LOC,false
10000,landslide/LOC.1865,LOC.1865,#2579e8,landslide.LOC.1865,"['114.5386', '29.6132']",Xiushui,LOC,false
10000,landslide/LOC.1866,LOC.1866,#2579e8,landslide.LOC.1866,"['0.0', '0.0']",XLG,LOC,false
10000,landslide/LOC.1867,LOC.1867,#2579e8,landslide.LOC.1867,"['113.7771', '34.7466']",XSF zone,LOC,false
10000,landslide/LOC.1868,LOC.1868,#2579e8,landslide.LOC.1868,"['100.5751', '29.3629']",Xulong Gully,LOC,false
10000,landslide/LOC.1869,LOC.1869,#2579e8,landslide.LOC.1869,"['115.6503', '24.9509']",Xunwu,LOC,false
10000,landslide/LOC.1870,LOC.1870,#2579e8,landslide.LOC.1870,"['115.6503', '24.9509']",Xunwu County,LOC,false
10000,landslide/LOC.1871,LOC.1871,#2579e8,landslide.LOC.1871,"['115.6503', '24.9509']",Xunwu County of Jiangxi Province in China,LOC,false
10000,landslide/LOC.1872,LOC.1872,#2579e8,landslide.LOC.1872,"['80.1033', '27.4829']",Yadong County,LOC,false
10000,landslide/LOC.1873,LOC.1873,#2579e8,landslide.LOC.1873,"['139.0984', '37.6862']",Yahiko Mountain,LOC,false
10000,landslide/LOC.1874,LOC.1874,#2579e8,landslide.LOC.1874,"['110.4272', '36.6113']",Yan an City,LOC,false
10000,landslide/LOC.1875,LOC.1875,#2579e8,landslide.LOC.1875,"['110.4589', '37.7693']",Yan- n City,LOC,false
10000,landslide/LOC.1876,LOC.1876,#2579e8,landslide.LOC.1876,"['129.3880', '42.8964']",Yanbian Prefecture,LOC,false
10000,landslide/LOC.1877,LOC.1877,#2579e8,landslide.LOC.1877,"['102.1630', '29.1064']",Yangfanggou hydropower station on the Yalong River,LOC,false
10000,landslide/LOC.1878,LOC.1878,#2579e8,landslide.LOC.1878,"['117.0446', '23.9345']",Yangjiashan,LOC,false
10000,landslide/LOC.1879,LOC.1879,#2579e8,landslide.LOC.1879,"['116.2112', '27.9921']",Yangou small watershed,LOC,false
10000,landslide/LOC.1880,LOC.1880,#2579e8,landslide.LOC.1880,"['105.9246', '29.0244']",Yangtze and its tributaries,LOC,false
10000,landslide/LOC.1881,LOC.1881,#2579e8,landslide.LOC.1881,"['112.4594', '31.0856']",Yangtze River,LOC,false
10000,landslide/LOC.1882,LOC.1882,#2579e8,landslide.LOC.1882,"['121.7986', '29.4082']",Yangtze River Economic Zone,LOC,false
10000,landslide/LOC.1883,LOC.1883,#2579e8,landslide.LOC.1883,"['112.4594', '31.0856']",Yangtze River in China,LOC,false
10000,landslide/LOC.1884,LOC.1884,#2579e8,landslide.LOC.1884,"['116.5625', '37.2176']",Yangu,LOC,false
10000,landslide/LOC.1885,LOC.1885,#2579e8,landslide.LOC.1885,"['115.9517', '24.8796']",Yanshan country and Yongxin country in China,LOC,false
10000,landslide/LOC.1886,LOC.1886,#2579e8,landslide.LOC.1886,"['116.0', '39.8']",Yanshan County,LOC,false
10000,landslide/LOC.1887,LOC.1887,#2579e8,landslide.LOC.1887,"['117.4634', '28.6688']",Yanshan County located in Shangrao Municipality,LOC,false
10000,landslide/LOC.1888,LOC.1888,#2579e8,landslide.LOC.1888,"['94.6014', '29.4188']",Yarlung Zangbo Grand Canyon,LOC,false
10000,landslide/LOC.1889,LOC.1889,#2579e8,landslide.LOC.1889,"['75.7738', '18.0786']",Yelwandi river basin,LOC,false
10000,landslide/LOC.1890,LOC.1890,#2579e8,landslide.LOC.1890,"['75.7738', '18.0786']",Yelwandi river basin in Maharashtra,LOC,false
10000,landslide/LOC.1891,LOC.1891,#2579e8,landslide.LOC.1891,"['104.8986', '21.7050']",Yen Bai province,LOC,false
10000,landslide/LOC.1892,LOC.1892,#2579e8,landslide.LOC.1892,"['32.0', '41.5']",Yenice,LOC,false
10000,landslide/LOC.1893,LOC.1893,#2579e8,landslide.LOC.1893,"['32.4750', '41.4728']",Yenice district of Karabuk in Turkey,LOC,false
10000,landslide/LOC.1894,LOC.1894,#2579e8,landslide.LOC.1894,"['88.9347', '29.8330']",Yigong,LOC,false
10000,landslide/LOC.1895,LOC.1895,#2579e8,landslide.LOC.1895,"['117.3471', '27.5469']",Yihuang,LOC,false
10000,landslide/LOC.1896,LOC.1896,#2579e8,landslide.LOC.1896,"['84.2546', '43.1894']",Yili,LOC,false
10000,landslide/LOC.1897,LOC.1897,#2579e8,landslide.LOC.1897,"['109.1001', '32.6809']",Yinghu Lake Basin in Ankang City,LOC,false
10000,landslide/LOC.1898,LOC.1898,#2579e8,landslide.LOC.1898,"['112.5031', '6.5244']",YLTP,LOC,false
10000,landslide/LOC.1899,LOC.1899,#2579e8,landslide.LOC.1899,"['12.3149', '11.1858']",Yom River catchment,LOC,false
10000,landslide/LOC.1900,LOC.1900,#2579e8,landslide.LOC.1900,"['127.2', '37.2']",Yongin,LOC,false
10000,landslide/LOC.1901,LOC.1901,#2579e8,landslide.LOC.1901,"['127.1478', '37.2411']",Yongin area in Korea,LOC,false
10000,landslide/LOC.1902,LOC.1902,#2579e8,landslide.LOC.1902,"['127.1478', '37.2411']",Yongin in Korea,LOC,false
10000,landslide/LOC.1903,LOC.1903,#2579e8,landslide.LOC.1903,"['101.8683', '25.6880']",Yongping County,LOC,false
10000,landslide/LOC.1904,LOC.1904,#2579e8,landslide.LOC.1904,"['118.9397', '25.8959']",Yongtai County,LOC,false
10000,landslide/LOC.1905,LOC.1905,#2579e8,landslide.LOC.1905,"['115.3947', '28.2331']",Yongxin,LOC,false
10000,landslide/LOC.1906,LOC.1906,#2579e8,landslide.LOC.1906,"['114.2317', '40.7981']",Yongxin Country,LOC,false
10000,landslide/LOC.1907,LOC.1907,#2579e8,landslide.LOC.1907,"['117.8628', '28.1018']",Yongxin County,LOC,false
10000,landslide/LOC.1908,LOC.1908,#2579e8,landslide.LOC.1908,"['114.5', '27.5']",Yongxin County from China,LOC,false
10000,landslide/LOC.1909,LOC.1909,#2579e8,landslide.LOC.1909,"['113.1526', '24.4700']",Youfang catchment,LOC,false
10000,landslide/LOC.1910,LOC.1910,#2579e8,landslide.LOC.1910,"['106.9201', '33.9086']",Youfang catchment of Longnan mountain,LOC,false
10000,landslide/LOC.1911,LOC.1911,#2579e8,landslide.LOC.1911,"['126.9715', '37.3201']",Youngin,LOC,false
10000,landslide/LOC.1912,LOC.1912,#2579e8,landslide.LOC.1912,"['122.3733', '38.4044']",Yountville and Capell Valley,LOC,false
10000,landslide/LOC.1913,LOC.1913,#2579e8,landslide.LOC.1913,"['108.5182', '31.6081']",Yuan'an County in China,LOC,false
10000,landslide/LOC.1914,LOC.1914,#2579e8,landslide.LOC.1914,"['102.7489', '23.1115']",Yuanyang County of Southwest China,LOC,false
10000,landslide/LOC.1915,LOC.1915,#2579e8,landslide.LOC.1915,"['112.0435', '22.9320']",Yunfu City,LOC,false
10000,landslide/LOC.1916,LOC.1916,#2579e8,landslide.LOC.1916,"['101.3431', '24.4752']",Yunnan,LOC,false
10000,landslide/LOC.1917,LOC.1917,#2579e8,landslide.LOC.1917,"['101.3431', '24.4752']",Yunnan Province,LOC,false
10000,landslide/LOC.1918,LOC.1918,#2579e8,landslide.LOC.1918,"['108.8830', '32.9617']",Yunyang Country,LOC,false
10000,landslide/LOC.1919,LOC.1919,#2579e8,landslide.LOC.1919,"['108.8636', '30.2209']",Yunyang County,LOC,false
10000,landslide/LOC.1920,LOC.1920,#2579e8,landslide.LOC.1920,"['101.4815', '26.3640']",Yuzi River catchment along the eastern margin of the Tibetan Plateau,LOC,false
10000,landslide/LOC.1921,LOC.1921,#2579e8,landslide.LOC.1921,"['45.4328', '36.2280']",Zab river basin,LOC,false
10000,landslide/LOC.1922,LOC.1922,#2579e8,landslide.LOC.1922,"['48.6133', '32.3996']",Zagros fold and thrust belt,LOC,false
10000,landslide/LOC.1923,LOC.1923,#2579e8,landslide.LOC.1923,"['48.4740', '36.6699']",Zanjan,LOC,false
10000,landslide/LOC.1924,LOC.1924,#2579e8,landslide.LOC.1924,"['5.9729', '7.4361']",Zanou 's river,LOC,false
10000,landslide/LOC.1925,LOC.1925,#2579e8,landslide.LOC.1925,"['20.4033', '44.8400']",Zemun settlement on the northern outskirts of Belgrade,LOC,false
10000,landslide/LOC.1926,LOC.1926,#2579e8,landslide.LOC.1926,"['101.3431', '24.4752']",Zentoku,LOC,false
10000,landslide/LOC.1927,LOC.1927,#2579e8,landslide.LOC.1927,"['104.0863', '31.0425']",Zhangzha Town in Sichuan Province,LOC,false
10000,landslide/LOC.1928,LOC.1928,#2579e8,landslide.LOC.1928,"['110.9966', '24.1366']",Zhaoping County of eastern Guangxi,LOC,false
10000,landslide/LOC.1929,LOC.1929,#2579e8,landslide.LOC.1929,"['108.5180', '33.7867']",Zhashui County,LOC,false
10000,landslide/LOC.1930,LOC.1930,#2579e8,landslide.LOC.1930,"['120.1536', '29.1556']",Zhejiang Province,LOC,false
10000,landslide/LOC.1931,LOC.1931,#2579e8,landslide.LOC.1931,"['109.1503', '31.1582']",Zhen'an County,LOC,false
10000,landslide/LOC.1932,LOC.1932,#2579e8,landslide.LOC.1932,"['112.2354', '31.8514']",Zhenping County,LOC,false
10000,landslide/LOC.1933,LOC.1933,#2579e8,landslide.LOC.1933,"['104.8046', '27.0845']",Zhenxiong County,LOC,false
10000,landslide/LOC.1934,LOC.1934,#2579e8,landslide.LOC.1934,"['110.5933', '33.5864']",Zhidan County,LOC,false
10000,landslide/LOC.1935,LOC.1935,#2579e8,landslide.LOC.1935,"['114.3115', '30.5928']",Zhong - Wu natural gas pipeline from Zhongxian County to Wuhan,LOC,false
10000,landslide/LOC.1936,LOC.1936,#2579e8,landslide.LOC.1936,"['100.3163', '30.8555']",Zhong County,LOC,false
10000,landslide/LOC.1937,LOC.1937,#2579e8,landslide.LOC.1937,"['102.5828', '29.9947']",Zhoujiaba,LOC,false
10000,landslide/LOC.1938,LOC.1938,#2579e8,landslide.LOC.1938,"['104.3653', '33.7884']",Zhouqu,LOC,false
10000,landslide/LOC.1939,LOC.1939,#2579e8,landslide.LOC.1939,"['104.3653', '33.7884']",Zhouqu area of Gansu Province,LOC,false
10000,landslide/LOC.1940,LOC.1940,#2579e8,landslide.LOC.1940,"['104.3653', '33.7884']",Zhouqu County,LOC,false
10000,landslide/LOC.1941,LOC.1941,#2579e8,landslide.LOC.1941,"['104.3653', '33.7884']",Zhouqu segment in the Bailongjiang basin in north - western China,LOC,false
10000,landslide/LOC.1942,LOC.1942,#2579e8,landslide.LOC.1942,"['104.3653', '33.7884']",Zhouqu to Wudu segment in the Bailong River Basin,LOC,false
10000,landslide/LOC.1943,LOC.1943,#2579e8,landslide.LOC.1943,"['112.2219', '32.3190']",Zhushan County in China,LOC,false
10000,landslide/LOC.1944,LOC.1944,#2579e8,landslide.LOC.1944,"['67.7750', '30.3595']",Ziarat watershed,LOC,false
10000,landslide/LOC.1945,LOC.1945,#2579e8,landslide.LOC.1945,"['115.1903', '23.8248']",Zichang City,LOC,false
10000,landslide/LOC.1946,LOC.1946,#2579e8,landslide.LOC.1946,"['101.6213', '34.0353']",Zichang County,LOC,false
10000,landslide/LOC.1947,LOC.1947,#2579e8,landslide.LOC.1947,"['110.8431', '30.8230']",Zigui,LOC,false
10000,landslide/LOC.1948,LOC.1948,#2579e8,landslide.LOC.1948,"['110.5321', '30.8614']",Zigui - Badong,LOC,false
10000,landslide/LOC.1949,LOC.1949,#2579e8,landslide.LOC.1949,"['110.4889', '30.8918']",Zigui - Badong section,LOC,false
10000,landslide/LOC.1950,LOC.1950,#2579e8,landslide.LOC.1950,"['110.5835', '30.8727']",Zigui - Badong section in the Three Gorges,LOC,false
10000,landslide/LOC.1951,LOC.1951,#2579e8,landslide.LOC.1951,"['110.6270', '30.8799']",Zigui Badong area in the Three Gorges region of China,LOC,false
10000,landslide/LOC.1952,LOC.1952,#2579e8,landslide.LOC.1952,"['110.8565', '30.9199']",Zigui Basin,LOC,false
10000,landslide/LOC.1953,LOC.1953,#2579e8,landslide.LOC.1953,"['110.9915', '30.8193']",Zigui County,LOC,false
10000,landslide/LOC.1954,LOC.1954,#2579e8,landslide.LOC.1954,"['110.8953', '30.9229']",Zigui section in three gorges reservoir,LOC,false
10000,landslide/LOC.1955,LOC.1955,#2579e8,landslide.LOC.1955,"['110.8431', '30.8230']",Zigui segment,LOC,false
10000,landslide/LOC.1956,LOC.1956,#2579e8,landslide.LOC.1956,"['110.5321', '30.8614']",Zigui to Badong section of the Three Gorges Reservoir,LOC,false
10000,landslide/LOC.1957,LOC.1957,#2579e8,landslide.LOC.1957,"['112.2385', '30.3164']",ZJB,LOC,false
10000,landslide/LOC.1958,LOC.1958,#2579e8,landslide.LOC.1958,"['75.0783', '34.3118']",Zojila pass,LOC,false
