{
  "type": "FeatureCollection",
  "features": [
    {
      "type": "Feature",
      "geometry": {
        "type": "Point",
        "coordinates": [99.4, 23.5]
      },
      "properties": {
        "label": "1",
        "pub_Time": "2023",
        "class4": "6",
        "LOC": "10 km from the VII isobar of the Gengma",
        "NAME": "China",
        "classSun": "6",
        "class1": "HM"
      }
    },
    {
      "type": "Feature",
      "geometry": {
        "type": "Point",
        "coordinates": [78.045, 30.0668]
      },
      "properties": {
        "label": "4",
        "pub_Time": "2019",
        "class4": "5",
        "LOC": "a famous tourist destination in the Indian State of Uttarakhand",
        "NAME": "India",
        "classSun": "5",
        "class1": "HM"
      }
    },
    {
      "type": "Feature",
      "geometry": {
        "type": "Point",
        "coordinates": [22.0765, 38.2499]
      },
      "properties": {
        "label": "9",
        "pub_Time": "2020",
        "class4": "4",
        "LOC": "Achaia Regional Unit located in Northern Peloponnese",
        "NAME": "Greece",
        "classSun": "4",
        "class1": "ML"
      }
    },
    {
      "type": "Feature",
      "geometry": {
        "type": "Point",
        "coordinates": [70.811, 36.734]
      },
      "properties": {
        "label": "8",
        "pub_Time": "2015",
        "class4": "2",
        "LOC": "Abe Barek, Ago District, Badakhshan Province, Afghanistan",
        "NAME": "Afghanistan",
        "classSun": "2",
        "class1": "MS"
      }
    },
    {
      "type": "Feature",
      "geometry": {
        "type": "Point",
        "coordinates": [70.5833, 37.125]
      },
      "properties": {
        "label": "56",
        "pub_Time": "2023",
        "class4": "5",
        "LOC": "near Faizabad, Argo and Yaftali Sufla, Badakhshan province, Afghanistan",
        "NAME": "Afghanistan",
        "classSun": "5",
        "class1": "HM"
      }
    },
    {
      "type": "Feature",
      "geometry": {
        "type": "Point",
        "coordinates": [29.8739, -1.9403]
      },
      "properties": {
        "label": "990",
        "pub_Time": "2019",
        "class4": "5",
        "LOC": "Rwanda, central - east, Africa",
        "NAME": "Rwanda",
        "classSun": "5",
        "class1": "HM"
      }
    },
    {
      "type": "Feature",
      "geometry": {
        "type": "Point",
        "coordinates": [29.8739, -1.9403]
      },
      "properties": {
        "label": "991",
        "pub_Time": "2019",
        "class4": "5",
        "LOC": "Rwanda, Rwanda, central - east, Africa",
        "NAME": "Rwanda",
        "classSun": "5",
        "class1": "HM"
      }
    },
    {
      "type": "Feature",
      "geometry": {
        "type": "Point",
        "coordinates": [29.8739, -1.9403]
      },
      "properties": {
        "label": "188",
        "pub_Time": "2023",
        "LOC": "Rwanda, Africa",
        "NAME": "Rwanda"
      }
    },
    {
      "type": "Feature",
      "geometry": {
        "type": "Point",
        "coordinates": [-11.5, 8.5]
      },
      "properties": {
        "label": "1052",
        "pub_Time": "2021",
        "class4": "2",
        "LOC": "Sierra Leone, Africa",
        "NAME": "Sierra Leone",
        "classSun": "2",
        "class1": "MS"
      }
    },
    {
      "type": "Feature",
      "geometry": {
        "type": "Point",
        "coordinates": [35.7337, 32.3667]
      },
      "properties": {
        "label": "14",
        "pub_Time": "2022",
        "class4": "6",
        "LOC": "Ajloun and Jerash governorates in Jordan",
        "NAME": "Jordan",
        "classSun": "6",
        "class1": "HM"
      }
    },
    {
      "type": "Feature",
      "geometry": {
        "type": "Point",
        "coordinates": [-149.9003, 61.2181]
      },
      "properties": {
        "label": "24",
        "pub_Time": "2022",
        "class4": "5",
        "LOC": "Anchorage, Alaska",
        "NAME": "United States of America",
        "classSun": "5",
        "class1": "HM"
      }
    },
    {
      "type": "Feature",
      "geometry": {
        "type": "Point",
        "coordinates": [3.0588, 36.7538]
      },
      "properties": {
        "label": "3",
        "pub_Time": "2023",
        "class4": "5",
        "LOC": "Algiers, 70 km Southeast, Algeria",
        "NAME": "Algeria",
        "classSun": "6",
        "class1": "HM"
      }
    },
    {
      "type": "Feature",
      "geometry": {
        "type": "Point",
        "coordinates": [3.05, 36.75]
      },
      "properties": {
        "label": "19",
        "pub_Time": "2022",
        "class4": "5",
        "LOC": "Algiers Sahel, Algeria",
        "NAME": "Algeria",
        "classSun": "5",
        "class1": "HM"
      }
    },
    {
      "type": "Feature",
      "geometry": {
        "type": "Point",
        "coordinates": [0.09, 35.93]
      },
      "properties": {
        "label": "230",
        "pub_Time": "2021",
        "class4": "5",
        "LOC": "coastal district, Mostaganem, Algeria",
        "NAME": "Algeria",
        "classSun": "5",
        "class1": "HM"
      }
    },
    {
      "type": "Feature",
      "geometry": {
        "type": "Point",
        "coordinates": [6.6147, 36.365]
      },
      "properties": {
        "label": "239",
        "pub_Time": "2021",
        "class4": "1",
        "LOC": "Constantine, North - East of Algeria, Algeria",
        "NAME": "Algeria",
        "classSun": "1",
        "class1": "EE"
      }
    },
    {
      "type": "Feature",
      "geometry": {
        "type": "Point",
        "coordinates": [5.4, 36.2]
      },
      "properties": {
        "label": "95",
        "pub_Time": "2018",
        "class4": "5",
        "LOC": "Bouandas region, North of Setif, North-East Algeria, Algeria",
        "NAME": "Algeria",
        "classSun": "5",
        "class1": "HM"
      }
    },
    {
      "type": "Feature",
      "geometry": {
        "type": "Point",
        "coordinates": [4.0, 36.75]
      },
      "properties": {
        "label": "845",
        "pub_Time": "2023",
        "class4": "2",
        "LOC": "Mediterranean Kabylia, northern Algeria, Algeria",
        "NAME": "Algeria",
        "classSun": "2",
        "class1": "MS"
      }
    },
    {
      "type": "Feature",
      "geometry": {
        "type": "Point",
        "coordinates": [2.9811, 36.6103]
      },
      "properties": {
        "label": "846",
        "pub_Time": "2022",
        "class4": "5",
        "LOC": "urban area of Sidi Abdellah, Sidi Abdellah, northern Algeria, Algeria",
        "NAME": "Algeria",
        "classSun": "5",
        "class1": "HM"
      }
    },
    {
      "type": "Feature",
      "geometry": {
        "type": "Point",
        "coordinates": [7.0, 36.75]
      },
      "properties": {
        "label": "784",
        "pub_Time": "2013",
        "class4": "5",
        "LOC": "mountainous regions of northeast Algeria, Souk Ahras province, Algeria",
        "NAME": "Algeria",
        "classSun": "5",
        "class1": "HM"
      }
    },
    {
      "type": "Feature",
      "geometry": {
        "type": "Point",
        "coordinates": [120.81, 23.3844]
      },
      "properties": {
        "label": "20",
        "pub_Time": "2018",
        "class4": "5",
        "LOC": "Alishan River in southern Taiwan",
        "NAME": "China",
        "classSun": "5",
        "class1": "HM"
      }
    },
    {
      "type": "Feature",
      "geometry": {
        "type": "Point",
        "coordinates": [112.218, 28.8671]
      },
      "properties": {
        "label": "27",
        "pub_Time": "2021",
        "class4": "4",
        "LOC": "Anhua County in China",
        "NAME": "China",
        "classSun": "4",
        "class1": "ML"
      }
    },
    {
      "type": "Feature",
      "geometry": {
        "type": "Point",
        "coordinates": [41.4167, 18.5]
      },
      "properties": {
        "label": "31",
        "pub_Time": "2023",
        "class4": "5",
        "LOC": "Aqabat Al - Sulbat Asir region of Saudi Arabia",
        "NAME": "Saudi Arabia",
        "classSun": "6",
        "class1": "HM"
      }
    },
    {
      "type": "Feature",
      "geometry": {
        "type": "Point",
        "coordinates": [48.3049, 38.2494]
      },
      "properties": {
        "label": "35",
        "pub_Time": "2020",
        "class4": "5",
        "LOC": "Ardabil province of Iran",
        "NAME": "Iran",
        "classSun": "5",
        "class1": "HM"
      }
    },
    {
      "type": "Feature",
      "geometry": {
        "type": "Point",
        "coordinates": [65.0, 33.0]
      },
      "properties": {
        "label": "188",
        "pub_Time": "2023",
        "LOC": "Afghanistan, Asia",
        "NAME": "Afghanistan"
      }
    },
    {
      "type": "Feature",
      "geometry": {
        "type": "Point",
        "coordinates": [103.0, 35.0]
      },
      "properties": {
        "label": "188",
        "pub_Time": "2023",
        "LOC": "China, Asia",
        "NAME": "China"
      }
    },
    {
      "type": "Feature",
      "geometry": {
        "type": "Point",
        "coordinates": [123.4, 41.8]
      },
      "properties": {
        "label": "385",
        "pub_Time": "2019",
        "class4": "3",
        "LOC": "Haizhou open-pit coal mine, Asia",
        "NAME": "China",
        "classSun": "3",
        "class1": "MM"
      }
    },
    {
      "type": "Feature",
      "geometry": {
        "type": "Point",
        "coordinates": [78.0, 21.0]
      },
      "properties": {
        "label": "188",
        "pub_Time": "2023",
        "LOC": "India, Asia",
        "NAME": "India"
      }
    },
    {
      "type": "Feature",
      "geometry": {
        "type": "Point",
        "coordinates": [118.0, -2.5]
      },
      "properties": {
        "label": "188",
        "pub_Time": "2023",
        "LOC": "Indonesia, Asia",
        "NAME": "Indonesia"
      }
    },
    {
      "type": "Feature",
      "geometry": {
        "type": "Point",
        "coordinates": [84.0, 28.0]
      },
      "properties": {
        "label": "188",
        "pub_Time": "2023",
        "LOC": "Nepal, Asia",
        "NAME": "Nepal"
      }
    },
    {
      "type": "Feature",
      "geometry": {
        "type": "Point",
        "coordinates": [122.0, 12.0]
      },
      "properties": {
        "label": "188",
        "pub_Time": "2023",
        "LOC": "Philippines, Asia",
        "NAME": "Philippines"
      }
    },
    {
      "type": "Feature",
      "geometry": {
        "type": "Point",
        "coordinates": [14.5501, 47.5162]
      },
      "properties": {
        "label": "49",
        "pub_Time": "2019",
        "class4": "5",
        "LOC": "Austria region, Austria",
        "NAME": "Austria",
        "classSun": "5",
        "class1": "HM"
      }
    },
    {
      "type": "Feature",
      "geometry": {
        "type": "Point",
        "coordinates": [14.5501, 47.5162]
      },
      "properties": {
        "label": "48",
        "pub_Time": "2020",
        "class4": "5",
        "LOC": "Austria region, Austria",
        "NAME": "Austria",
        "classSun": "5",
        "class1": "HM"
      }
    },
    {
      "type": "Feature",
      "geometry": {
        "type": "Point",
        "coordinates": [16.0, 47.9]
      },
      "properties": {
        "label": "50",
        "pub_Time": "2021",
        "class4": "5",
        "LOC": "Paldau, Austrian municipalities, Austria",
        "NAME": "Austria",
        "classSun": "5",
        "class1": "HM"
      }
    },
    {
      "type": "Feature",
      "geometry": {
        "type": "Point",
        "coordinates": [15.3, 48.1]
      },
      "properties": {
        "label": "50",
        "pub_Time": "2021",
        "class4": "5",
        "LOC": "Waidhofen an der Ybbs, Austrian municipalities, Austria",
        "NAME": "Austria",
        "classSun": "5",
        "class1": "HM"
      }
    },
    {
      "type": "Feature",
      "geometry": {
        "type": "Point",
        "coordinates": [16.3667, 48.2]
      },
      "properties": {
        "label": "933",
        "pub_Time": "2015",
        "class4": "6",
        "LOC": "province, Lower Austria, Austria",
        "NAME": "Austria",
        "classSun": "6",
        "class1": "HM"
      }
    },
    {
      "type": "Feature",
      "geometry": {
        "type": "Point",
        "coordinates": [15.25, 48.15]
      },
      "properties": {
        "label": "1282",
        "pub_Time": "2014",
        "class4": "6",
        "LOC": "Waidhofen / Ybbs, Austria",
        "NAME": "Austria",
        "classSun": "6",
        "class1": "HM"
      }
    },
    {
      "type": "Feature",
      "geometry": {
        "type": "Point",
        "coordinates": [14.5501, 47.3333]
      },
      "properties": {
        "label": "51",
        "pub_Time": "2021",
        "class4": "5",
        "LOC": "Austrian territory",
        "NAME": "Austria",
        "classSun": "5",
        "class1": "HM"
      }
    },
    {
      "type": "Feature",
      "geometry": {
        "type": "Point",
        "coordinates": [47.452, 38.0]
      },
      "properties": {
        "label": "55",
        "pub_Time": "2019",
        "class4": "1",
        "LOC": "Azad River",
        "NAME": "Iran",
        "classSun": "1",
        "class1": "EE"
      }
    },
    {
      "type": "Feature",
      "geometry": {
        "type": "Point",
        "coordinates": [-31.2483, 39.3925]
      },
      "properties": {
        "label": "612",
        "pub_Time": "2018",
        "class4": "2",
        "LOC": "Lajedo parish, Flores Island, Azores - Portugal",
        "NAME": "Portugal",
        "classSun": "2",
        "class1": "MS"
      }
    },
    {
      "type": "Feature",
      "geometry": {
        "type": "Point",
        "coordinates": [113.5, 23.6]
      },
      "properties": {
        "label": "61",
        "pub_Time": "2021",
        "class4": "5",
        "LOC": "Baiyuzui",
        "NAME": "China",
        "classSun": "5",
        "class1": "HM"
      }
    },
    {
      "type": "Feature",
      "geometry": {
        "type": "Point",
        "coordinates": [54.275, 37.4931]
      },
      "properties": {
        "label": "65",
        "pub_Time": "2019",
        "class4": "5",
        "LOC": "Bandar Torkaman in northern Iran",
        "NAME": "Turkmenistan",
        "classSun": "5",
        "class1": "HM"
      }
    },
    {
      "type": "Feature",
      "geometry": {
        "type": "Point",
        "coordinates": [91.8, 22.25]
      },
      "properties": {
        "label": "158",
        "pub_Time": "2022",
        "class4": "5",
        "LOC": "CHA, Bangladesh",
        "NAME": "Bangladesh",
        "classSun": "5",
        "class1": "HM"
      }
    },
    {
      "type": "Feature",
      "geometry": {
        "type": "Point",
        "coordinates": [92.0, 22.3]
      },
      "properties": {
        "label": "167",
        "pub_Time": "2022",
        "class4": "5",
        "LOC": "CHT region, Chittagong Hilly Areas, Chattagram District, Bangladesh",
        "NAME": "Bangladesh",
        "classSun": "5",
        "class1": "HM"
      }
    },
    {
      "type": "Feature",
      "geometry": {
        "type": "Point",
        "coordinates": [91.8, 22.36]
      },
      "properties": {
        "label": "208",
        "pub_Time": "2017",
        "class4": "5",
        "LOC": "CCC, Chittagong City Corporation, Bangladesh",
        "NAME": "Bangladesh",
        "classSun": "5",
        "class1": "HM"
      }
    },
    {
      "type": "Feature",
      "geometry": {
        "type": "Point",
        "coordinates": [91.9667, 21.45]
      },
      "properties": {
        "label": "62",
        "pub_Time": "2017",
        "class4": "4",
        "LOC": "Cox's Bazar, Chittagong City Corporation area, Bangladesh",
        "NAME": "Bangladesh",
        "classSun": "4",
        "class1": "ML"
      }
    },
    {
      "type": "Feature",
      "geometry": {
        "type": "Point",
        "coordinates": [91.9667, 21.45]
      },
      "properties": {
        "label": "66",
        "pub_Time": "2020",
        "class4": "4",
        "LOC": "Cox's Bazar, Chittagong City Corporation area, Bangladesh",
        "NAME": "Bangladesh",
        "classSun": "4",
        "class1": "ML"
      }
    },
    {
      "type": "Feature",
      "geometry": {
        "type": "Point",
        "coordinates": [91.8, 22.3]
      },
      "properties": {
        "label": "209",
        "pub_Time": "2019",
        "class4": "5",
        "LOC": "Chittagong district, Bangladesh",
        "NAME": "Bangladesh",
        "classSun": "5",
        "class1": "HM"
      }
    },
    {
      "type": "Feature",
      "geometry": {
        "type": "Point",
        "coordinates": [91.8, 22.3]
      },
      "properties": {
        "label": "210",
        "pub_Time": "2020",
        "class4": "5",
        "LOC": "CHA, Chittagong Hilly Areas, Bangladesh",
        "NAME": "Bangladesh",
        "classSun": "5",
        "class1": "HM"
      }
    },
    {
      "type": "Feature",
      "geometry": {
        "type": "Point",
        "coordinates": [91.7832, 22.3569]
      },
      "properties": {
        "label": "399",
        "pub_Time": "2014",
        "class4": "5",
        "LOC": "highly urbanized hilly areas, Chittagong Metropolitan Area, Bangladesh",
        "NAME": "Bangladesh",
        "classSun": "5",
        "class1": "HM"
      }
    },
    {
      "type": "Feature",
      "geometry": {
        "type": "Point",
        "coordinates": [92.0, 22.65]
      },
      "properties": {
        "label": "957",
        "pub_Time": "2021",
        "class4": "5",
        "LOC": "Rangamati District, Bangladesh",
        "NAME": "Bangladesh",
        "classSun": "6",
        "class1": "HM"
      }
    },
    {
      "type": "Feature",
      "geometry": {
        "type": "Point",
        "coordinates": [92.0, 22.65]
      },
      "properties": {
        "label": "958",
        "pub_Time": "2022",
        "class4": "5",
        "LOC": "Rangamati municipality, Rangamati district, Bangladesh",
        "NAME": "Bangladesh",
        "classSun": "5",
        "class1": "HM"
      }
    },
    {
      "type": "Feature",
      "geometry": {
        "type": "Point",
        "coordinates": [110.975, 30.828]
      },
      "properties": {
        "label": "75",
        "pub_Time": "2022",
        "class4": "5",
        "LOC": "Bazimen",
        "NAME": "China",
        "classSun": "5",
        "class1": "HM"
      }
    },
    {
      "type": "Feature",
      "geometry": {
        "type": "Point",
        "coordinates": [37.0, 11.0]
      },
      "properties": {
        "label": "1241",
        "pub_Time": "2017",
        "class4": "1",
        "LOC": "upper Blue Nile, Blue Nile, Belg",
        "NAME": "Ethiopia",
        "classSun": "1",
        "class1": "EE"
      }
    },
    {
      "type": "Feature",
      "geometry": {
        "type": "Point",
        "coordinates": [36.0, 12.0]
      },
      "properties": {
        "label": "1241",
        "pub_Time": "2017",
        "class4": "1",
        "LOC": "Kermit, Belg",
        "NAME": "Ethiopia",
        "classSun": "1",
        "class1": "EE"
      }
    },
    {
      "type": "Feature",
      "geometry": {
        "type": "Point",
        "coordinates": [38.0, 14.0]
      },
      "properties": {
        "label": "1241",
        "pub_Time": "2017",
        "class4": "1",
        "LOC": "Tekeze River basins, Belg",
        "NAME": "Ethiopia",
        "classSun": "1",
        "class1": "EE"
      }
    },
    {
      "type": "Feature",
      "geometry": {
        "type": "Point",
        "coordinates": [5.8333, 50.7]
      },
      "properties": {
        "label": "895",
        "pub_Time": "2007",
        "class4": "2",
        "LOC": "Pays de Herve, E Belgium, Belgium",
        "NAME": "Belgium",
        "classSun": "2",
        "class1": "MS"
      }
    },
    {
      "type": "Feature",
      "geometry": {
        "type": "Point",
        "coordinates": [3.7, 50.9]
      },
      "properties": {
        "label": "336",
        "pub_Time": "2006",
        "class4": "5",
        "LOC": "Flemish Ardennes, Belgium",
        "NAME": "Belgium",
        "classSun": "5",
        "class1": "HM"
      }
    },
    {
      "type": "Feature",
      "geometry": {
        "type": "Point",
        "coordinates": [20.45, 44.85]
      },
      "properties": {
        "label": "1399",
        "pub_Time": "2018",
        "LOC": "loess cliffs of the Zemun loess plateau, Zemun settlement on the northern outskirts, Belgrade",
        "NAME": "Serbia"
      }
    },
    {
      "type": "Feature",
      "geometry": {
        "type": "Point",
        "coordinates": [-1.32, 34.87]
      },
      "properties": {
        "label": "79",
        "pub_Time": "2023",
        "class4": "5",
        "LOC": "Bensekrane in Tlemcen in Algeria",
        "NAME": "Algeria",
        "classSun": "5",
        "class1": "HM"
      }
    },
    {
      "type": "Feature",
      "geometry": {
        "type": "Point",
        "coordinates": [78.0, 30.0]
      },
      "properties": {
        "label": "81",
        "pub_Time": "2022",
        "class4": "5",
        "LOC": "Bhagirathi river basin",
        "NAME": "India",
        "classSun": "5",
        "class1": "HM"
      }
    },
    {
      "type": "Feature",
      "geometry": {
        "type": "Point",
        "coordinates": [90.5, 27.5]
      },
      "properties": {
        "label": "43",
        "pub_Time": "2020",
        "class4": "5",
        "LOC": "AH48, Asian Highway, Bhutan",
        "NAME": "Bhutan",
        "classSun": "5",
        "class1": "HM"
      }
    },
    {
      "type": "Feature",
      "geometry": {
        "type": "Point",
        "coordinates": [89.4, 26.0]
      },
      "properties": {
        "label": "428",
        "pub_Time": "2020",
        "class4": "1",
        "LOC": "Himalayan region, southwestern part of the Bhutan Himalayas, Phuentsholing region, Bhutan Himalayas, Bhutan",
        "NAME": "Bangladesh",
        "classSun": "1",
        "class1": "EE"
      }
    },
    {
      "type": "Feature",
      "geometry": {
        "type": "Point",
        "coordinates": [89.6, 27.45]
      },
      "properties": {
        "label": "220",
        "pub_Time": "2021",
        "class4": "4",
        "LOC": "Chukha Dzongkhag, Himalayan region, Bhutan",
        "NAME": "Bhutan",
        "classSun": "4",
        "class1": "ML"
      }
    },
    {
      "type": "Feature",
      "geometry": {
        "type": "Point",
        "coordinates": [91.5, 26.5]
      },
      "properties": {
        "label": "83",
        "pub_Time": "2020",
        "class4": "5",
        "LOC": "Samdrup Jongkhar - Trashigang highway in eastern Bhutan, Bhutan",
        "NAME": "India",
        "classSun": "5",
        "class1": "HM"
      }
    },
    {
      "type": "Feature",
      "geometry": {
        "type": "Point",
        "coordinates": [89.5, 26.0]
      },
      "properties": {
        "label": "84",
        "pub_Time": "2018",
        "LOC": "Phuentsholing Thimphu highway, Towns of Phuentsholing and Chukha, Southwestern Bhutan, Bhutan",
        "NAME": "India"
      }
    },
    {
      "type": "Feature",
      "geometry": {
        "type": "Point",
        "coordinates": [127.7223, 36.3725]
      },
      "properties": {
        "label": "90",
        "pub_Time": "2014",
        "class4": "5",
        "LOC": "Boeun in Korea",
        "NAME": "South Korea",
        "classSun": "5",
        "class1": "HM"
      }
    },
    {
      "type": "Feature",
      "geometry": {
        "type": "Point",
        "coordinates": [126.9844, 35.6072]
      },
      "properties": {
        "label": "96",
        "pub_Time": "2010",
        "class4": "2",
        "LOC": "Boun area in Korea",
        "NAME": "South Korea",
        "classSun": "2",
        "class1": "MS"
      }
    },
    {
      "type": "Feature",
      "geometry": {
        "type": "Point",
        "coordinates": [-50.0, -15.0]
      },
      "properties": {
        "label": "102",
        "pub_Time": "2017",
        "LOC": "Brazil locality, Brazil region, Brazil",
        "NAME": "Brazil"
      }
    },
    {
      "type": "Feature",
      "geometry": {
        "type": "Point",
        "coordinates": [-40.3128, -20.3157]
      },
      "properties": {
        "label": "1279",
        "pub_Time": "2015",
        "class4": "5",
        "LOC": "Vitoria, Espirito Santo, Brazil",
        "NAME": "Brazil",
        "classSun": "5",
        "class1": "HM"
      }
    },
    {
      "type": "Feature",
      "geometry": {
        "type": "Point",
        "coordinates": [-43.5, -20.3833]
      },
      "properties": {
        "label": "1171",
        "pub_Time": "2021",
        "class4": "2",
        "LOC": "The city of Ouro Preto, urban region of Ouro Preto, Minas Gerais, Brazil",
        "NAME": "Brazil",
        "classSun": "2",
        "class1": "MS"
      }
    },
    {
      "type": "Feature",
      "geometry": {
        "type": "Point",
        "coordinates": [-43.1729, -22.9068]
      },
      "properties": {
        "label": "774",
        "pub_Time": "2007",
        "class4": "2",
        "LOC": "mountainous area of Rio de Janeiro, western portion of Tijuca Massif, Rio de Janeiro, Brazil",
        "NAME": "Brazil",
        "classSun": "2",
        "class1": "MS"
      }
    },
    {
      "type": "Feature",
      "geometry": {
        "type": "Point",
        "coordinates": [-43.1729, -22.9068]
      },
      "properties": {
        "label": "968",
        "pub_Time": "2020",
        "class4": "4",
        "LOC": "Rio de Janeiro region, Brazil",
        "NAME": "Brazil",
        "classSun": "4",
        "class1": "ML"
      }
    },
    {
      "type": "Feature",
      "geometry": {
        "type": "Point",
        "coordinates": [-35.211, -5.7945]
      },
      "properties": {
        "label": "104",
        "pub_Time": "2020",
        "class4": "5",
        "LOC": "Brazilian urban area, Natal, Rio Grande do Norte state, Brazil",
        "NAME": "Brazil",
        "classSun": "5",
        "class1": "HM"
      }
    },
    {
      "type": "Feature",
      "geometry": {
        "type": "Point",
        "coordinates": [-51.2177, -30.0346]
      },
      "properties": {
        "label": "103",
        "pub_Time": "2020",
        "class4": "5",
        "LOC": "Porto Alegre, Rio Grande do Sul, Brazil",
        "NAME": "Brazil",
        "classSun": "6",
        "class1": "HM"
      }
    },
    {
      "type": "Feature",
      "geometry": {
        "type": "Point",
        "coordinates": [44.0, 21.0]
      },
      "properties": {
        "label": "1084",
        "pub_Time": "2004",
        "class4": "3",
        "LOC": "southeast of Brazil, Brazil",
        "NAME": "Saudi Arabia",
        "classSun": "3",
        "class1": "MM"
      }
    },
    {
      "type": "Feature",
      "geometry": {
        "type": "Point",
        "coordinates": [-46.0, -23.0]
      },
      "properties": {
        "label": "2",
        "pub_Time": "2023",
        "LOC": "Brazilian Countryside, City of Santos, Southeastern Region, Brazil",
        "NAME": "Brazil"
      }
    },
    {
      "type": "Feature",
      "geometry": {
        "type": "Point",
        "coordinates": [-46.3286, -23.9535]
      },
      "properties": {
        "label": "2",
        "pub_Time": "2023",
        "LOC": "Major Port, City of Santos, Southeastern Region, Brazil",
        "NAME": "Brazil"
      }
    },
    {
      "type": "Feature",
      "geometry": {
        "type": "Point",
        "coordinates": [-46.7, -23.5]
      },
      "properties": {
        "label": "2",
        "pub_Time": "2023",
        "LOC": "Serra do Mar Mountain Range, City of Santos, Southeastern Region, Brazil",
        "NAME": "Brazil"
      }
    },
    {
      "type": "Feature",
      "geometry": {
        "type": "Point",
        "coordinates": [51.0, -29.0]
      },
      "properties": {
        "label": "972",
        "pub_Time": "2021",
        "class4": "5",
        "LOC": "Rolante river basin, southern Brazil, Brazil",
        "NAME": "Brazil",
        "classSun": "5",
        "class1": "HM"
      }
    },
    {
      "type": "Feature",
      "geometry": {
        "type": "Point",
        "coordinates": [50.0, -28.5]
      },
      "properties": {
        "label": "1010",
        "pub_Time": "2022",
        "class4": "4",
        "LOC": "Serra Geral, southern Brazil, Brazil",
        "NAME": "Brazil",
        "classSun": "4",
        "class1": "ML"
      }
    },
    {
      "type": "Feature",
      "geometry": {
        "type": "Point",
        "coordinates": [-128.0, 54.0]
      },
      "properties": {
        "label": "106",
        "pub_Time": "2006",
        "LOC": "British Columbia north coast",
        "NAME": "Canada"
      }
    },
    {
      "type": "Feature",
      "geometry": {
        "type": "Point",
        "coordinates": [26.5, 45.5]
      },
      "properties": {
        "label": "108",
        "pub_Time": "2020",
        "class4": "5",
        "LOC": "Buzau Sector of the Curvature Subcarpathians of Romania",
        "NAME": "Romania",
        "classSun": "5",
        "class1": "HM"
      }
    },
    {
      "type": "Feature",
      "geometry": {
        "type": "Point",
        "coordinates": [-118.5307, 34.2271]
      },
      "properties": {
        "label": "869",
        "pub_Time": "2023",
        "class4": "4",
        "LOC": "Northridge, California",
        "NAME": "United States of America",
        "classSun": "4",
        "class1": "ML"
      }
    },
    {
      "type": "Feature",
      "geometry": {
        "type": "Point",
        "coordinates": [104.5, 12.5]
      },
      "properties": {
        "label": "252",
        "pub_Time": "2006",
        "class4": "5",
        "LOC": "Damre Romel area, Cambodia",
        "NAME": "Cambodia",
        "classSun": "5",
        "class1": "HM"
      }
    },
    {
      "type": "Feature",
      "geometry": {
        "type": "Point",
        "coordinates": [101.4, 4.5]
      },
      "properties": {
        "label": "122",
        "pub_Time": "2010",
        "class4": "5",
        "LOC": "Cameron Highlands areas in Malaysia",
        "NAME": "Malaysia",
        "classSun": "5",
        "class1": "HM"
      }
    },
    {
      "type": "Feature",
      "geometry": {
        "type": "Point",
        "coordinates": [101.3667, 4.475]
      },
      "properties": {
        "label": "123",
        "pub_Time": "2021",
        "class4": "5",
        "LOC": "Cameron Highlands in Malaysia",
        "NAME": "Malaysia",
        "classSun": "6",
        "class1": "HM"
      }
    },
    {
      "type": "Feature",
      "geometry": {
        "type": "Point",
        "coordinates": [9.0, 4.0]
      },
      "properties": {
        "label": "129",
        "pub_Time": "2023",
        "class4": "6",
        "LOC": "Cameroon Volcanic Line, North - Moungo perimeter, Littoral Region, Cameroon",
        "NAME": "Cameroon",
        "classSun": "6",
        "class1": "HM"
      }
    },
    {
      "type": "Feature",
      "geometry": {
        "type": "Point",
        "coordinates": [-125.0, 49.0]
      },
      "properties": {
        "label": "577",
        "pub_Time": "2011",
        "class4": "5",
        "LOC": "Klanawa Watershed, Vancouver Island, British Columbia, Canada",
        "NAME": "Canada",
        "classSun": "5",
        "class1": "HM"
      }
    },
    {
      "type": "Feature",
      "geometry": {
        "type": "Point",
        "coordinates": [-117.0, 53.0]
      },
      "properties": {
        "label": "107",
        "pub_Time": "2020",
        "class4": "5",
        "LOC": "northern Rocky Mountains, west coast, British Columbia, Canada",
        "NAME": "Canada",
        "classSun": "5",
        "class1": "HM"
      }
    },
    {
      "type": "Feature",
      "geometry": {
        "type": "Point",
        "coordinates": [-75.0, 44.5]
      },
      "properties": {
        "label": "308",
        "pub_Time": "2013",
        "class4": "2",
        "LOC": "former Champlain Sea, southern Quebec, eastern Ontario, Canada",
        "NAME": "United States of America",
        "classSun": "2",
        "class1": "MS"
      }
    },
    {
      "type": "Feature",
      "geometry": {
        "type": "Point",
        "coordinates": [-123.1167, 49.3167]
      },
      "properties": {
        "label": "893",
        "pub_Time": "2011",
        "class4": "3",
        "LOC": "Patrick and Dawson - Chu Slide, North Vancouver, Canada",
        "NAME": "Canada",
        "classSun": "3",
        "class1": "MM"
      }
    },
    {
      "type": "Feature",
      "geometry": {
        "type": "Point",
        "coordinates": [-120.0, 61.0]
      },
      "properties": {
        "label": "788",
        "pub_Time": "2007",
        "class4": "4",
        "LOC": "mountainous southern Mackenzie Valley, southern Mackenzie Valley, Northwest Territories, Canada",
        "NAME": "Canada",
        "classSun": "4",
        "class1": "ML"
      }
    },
    {
      "type": "Feature",
      "geometry": {
        "type": "Point",
        "coordinates": [128.5423, 37.1849]
      },
      "properties": {
        "label": "139",
        "pub_Time": "2016",
        "class4": "5",
        "LOC": "catchment in the Inje region of South Korea",
        "NAME": "South Korea",
        "classSun": "5",
        "class1": "HM"
      }
    },
    {
      "type": "Feature",
      "geometry": {
        "type": "Point",
        "coordinates": [-61.4, 15.3]
      },
      "properties": {
        "label": "142",
        "pub_Time": "2015",
        "class4": "1",
        "LOC": "Commonwealth of Dominica, Caribbean islands, Central America",
        "NAME": "Dominica",
        "classSun": "1",
        "class1": "EE"
      }
    },
    {
      "type": "Feature",
      "geometry": {
        "type": "Point",
        "coordinates": [-77.3, 18.0]
      },
      "properties": {
        "label": "142",
        "pub_Time": "2015",
        "class4": "1",
        "LOC": "Jamaica, Caribbean islands, Central America",
        "NAME": "Jamaica",
        "classSun": "1",
        "class1": "EE"
      }
    },
    {
      "type": "Feature",
      "geometry": {
        "type": "Point",
        "coordinates": [-84.2167, 10.0167]
      },
      "properties": {
        "label": "143",
        "pub_Time": "2021",
        "class4": "2",
        "LOC": "Alajuela, Costa Rica, Central America",
        "NAME": "Costa Rica",
        "classSun": "2",
        "class1": "MS"
      }
    },
    {
      "type": "Feature",
      "geometry": {
        "type": "Point",
        "coordinates": [-83.9167, 9.8667]
      },
      "properties": {
        "label": "143",
        "pub_Time": "2021",
        "class4": "2",
        "LOC": "Cartago, Costa Rica, Central America",
        "NAME": "Costa Rica",
        "classSun": "2",
        "class1": "MS"
      }
    },
    {
      "type": "Feature",
      "geometry": {
        "type": "Point",
        "coordinates": [-84.05, 9.9]
      },
      "properties": {
        "label": "143",
        "pub_Time": "2021",
        "class4": "2",
        "LOC": "Desamparados, Costa Rica, Central America",
        "NAME": "Costa Rica",
        "classSun": "2",
        "class1": "MS"
      }
    },
    {
      "type": "Feature",
      "geometry": {
        "type": "Point",
        "coordinates": [-83.8, 9.7]
      },
      "properties": {
        "label": "143",
        "pub_Time": "2021",
        "class4": "2",
        "LOC": "Perez Zeledon, Costa Rica, Central America",
        "NAME": "Costa Rica",
        "classSun": "2",
        "class1": "MS"
      }
    },
    {
      "type": "Feature",
      "geometry": {
        "type": "Point",
        "coordinates": [-85.5, 10.5]
      },
      "properties": {
        "label": "143",
        "pub_Time": "2021",
        "class4": "2",
        "LOC": "San Carlos, Costa Rica, Central America",
        "NAME": "Costa Rica",
        "classSun": "2",
        "class1": "MS"
      }
    },
    {
      "type": "Feature",
      "geometry": {
        "type": "Point",
        "coordinates": [-83.75, 10.1]
      },
      "properties": {
        "label": "143",
        "pub_Time": "2021",
        "class4": "2",
        "LOC": "Turrialba, Costa Rica, Central America",
        "NAME": "Costa Rica",
        "classSun": "2",
        "class1": "MS"
      }
    },
    {
      "type": "Feature",
      "geometry": {
        "type": "Point",
        "coordinates": [114.1694, 22.3193]
      },
      "properties": {
        "label": "144",
        "pub_Time": "2023",
        "class4": "4",
        "LOC": "central area of Hong Kong",
        "NAME": "China",
        "classSun": "4",
        "class1": "ML"
      }
    },
    {
      "type": "Feature",
      "geometry": {
        "type": "Point",
        "coordinates": [72.0, 40.0]
      },
      "properties": {
        "label": "311",
        "pub_Time": "2020",
        "class4": "4",
        "LOC": "eastern rim of the Fergana Basin, Kyrgyzstan, Central Asia",
        "NAME": "Kyrgyzstan",
        "classSun": "4",
        "class1": "ML"
      }
    },
    {
      "type": "Feature",
      "geometry": {
        "type": "Point",
        "coordinates": [103.675, 31.035]
      },
      "properties": {
        "label": "1132",
        "pub_Time": "2010",
        "class4": "2",
        "LOC": "northern part of Dujiangyan, central Dujiangyan",
        "NAME": "China",
        "classSun": "2",
        "class1": "MS"
      }
    },
    {
      "type": "Feature",
      "geometry": {
        "type": "Point",
        "coordinates": [103.675, 31.035]
      },
      "properties": {
        "label": "1132",
        "pub_Time": "2010",
        "class4": "2",
        "LOC": "surrounding area of Dujiangyan, central Dujiangyan",
        "NAME": "China",
        "classSun": "2",
        "class1": "MS"
      }
    },
    {
      "type": "Feature",
      "geometry": {
        "type": "Point",
        "coordinates": [80.5, 29.0]
      },
      "properties": {
        "label": "666",
        "pub_Time": "2023",
        "class4": "5",
        "LOC": "Himalayan territory, Lower Kosi Watershed, Central Himalaya",
        "NAME": "Nepal",
        "classSun": "5",
        "class1": "HM"
      }
    },
    {
      "type": "Feature",
      "geometry": {
        "type": "Point",
        "coordinates": [12.5674, 42.6382]
      },
      "properties": {
        "label": "148",
        "pub_Time": "1990",
        "class4": "1",
        "LOC": "Central Italy",
        "NAME": "Italy",
        "classSun": "1",
        "class1": "EE"
      }
    },
    {
      "type": "Feature",
      "geometry": {
        "type": "Point",
        "coordinates": [12.5674, 42.6382]
      },
      "properties": {
        "label": "147",
        "pub_Time": "2015",
        "class4": "3",
        "LOC": "Central Italy",
        "NAME": "Italy",
        "classSun": "3",
        "class1": "MM"
      }
    },
    {
      "type": "Feature",
      "geometry": {
        "type": "Point",
        "coordinates": [120.9157, 23.9762]
      },
      "properties": {
        "label": "153",
        "pub_Time": "2008",
        "class4": "3",
        "LOC": "Central Taiwan",
        "NAME": "China",
        "classSun": "3",
        "class1": "MM"
      }
    },
    {
      "type": "Feature",
      "geometry": {
        "type": "Point",
        "coordinates": [107.0, 16.0]
      },
      "properties": {
        "label": "679",
        "pub_Time": "2011",
        "class4": "1",
        "LOC": "Luoi, Vietnamese Laotian border district, western part of Thua Thien Hue province, central Vietnam",
        "NAME": "Laos",
        "classSun": "1",
        "class1": "EE"
      }
    },
    {
      "type": "Feature",
      "geometry": {
        "type": "Point",
        "coordinates": [120.6872, 23.7172]
      },
      "properties": {
        "label": "155",
        "pub_Time": "2008",
        "class4": "2",
        "LOC": "central western Taiwan",
        "NAME": "China",
        "classSun": "2",
        "class1": "MS"
      }
    },
    {
      "type": "Feature",
      "geometry": {
        "type": "Point",
        "coordinates": [77.1668, 31.1559]
      },
      "properties": {
        "label": "161",
        "pub_Time": "2018",
        "class4": "4",
        "LOC": "Chandigarh - Manali highway",
        "NAME": "India",
        "classSun": "4",
        "class1": "ML"
      }
    },
    {
      "type": "Feature",
      "geometry": {
        "type": "Point",
        "coordinates": [128.0921, 41.9509]
      },
      "properties": {
        "label": "162",
        "pub_Time": "2022",
        "class4": "5",
        "LOC": "Changbai Mountain Area in Jilin Province",
        "NAME": "China",
        "classSun": "5",
        "class1": "HM"
      }
    },
    {
      "type": "Feature",
      "geometry": {
        "type": "Point",
        "coordinates": [80.0539, 35.0885]
      },
      "properties": {
        "label": "168",
        "pub_Time": "2022",
        "class4": "6",
        "LOC": "Chaya County",
        "NAME": "China",
        "classSun": "6",
        "class1": "HM"
      }
    },
    {
      "type": "Feature",
      "geometry": {
        "type": "Point",
        "coordinates": [104.0658, 30.6595]
      },
      "properties": {
        "label": "172",
        "pub_Time": "2011",
        "class4": "2",
        "LOC": "Chengdu city",
        "NAME": "China",
        "classSun": "2",
        "class1": "MS"
      }
    },
    {
      "type": "Feature",
      "geometry": {
        "type": "Point",
        "coordinates": [127.4895, 36.6379]
      },
      "properties": {
        "label": "175",
        "pub_Time": "2023",
        "class4": "4",
        "LOC": "CheongJu region in South Korea",
        "NAME": "South Korea",
        "classSun": "4",
        "class1": "ML"
      }
    },
    {
      "type": "Feature",
      "geometry": {
        "type": "Point",
        "coordinates": [-71.543, -35.6751]
      },
      "properties": {
        "label": "177",
        "pub_Time": "2021",
        "class4": "5",
        "LOC": "Chile",
        "NAME": "Chile",
        "classSun": "5",
        "class1": "HM"
      }
    },
    {
      "type": "Feature",
      "geometry": {
        "type": "Point",
        "coordinates": [-70.0, -30.0]
      },
      "properties": {
        "label": "178",
        "pub_Time": "2021",
        "class4": "1",
        "LOC": "central Chilean Andes, Chile",
        "NAME": "Chile",
        "classSun": "1",
        "class1": "EE"
      }
    },
    {
      "type": "Feature",
      "geometry": {
        "type": "Point",
        "coordinates": [-73.0, -46.0]
      },
      "properties": {
        "label": "849",
        "pub_Time": "2022",
        "class4": "4",
        "LOC": "Carretera Austral, western mountains of the Yelcho and Rio Frio basin, Yelcho and Rio Frio basins, Villa Santa Lucia, northern Chilean Patagonia, Chilean Patagonia, Chile",
        "NAME": "Chile",
        "classSun": "4",
        "class1": "ML"
      }
    },
    {
      "type": "Feature",
      "geometry": {
        "type": "Point",
        "coordinates": [-70.65, -33.5]
      },
      "properties": {
        "label": "770",
        "pub_Time": "2009",
        "class4": "3",
        "LOC": "San Ramon Ravine, foothills of Santiago, Santiago, Chile",
        "NAME": "Chile",
        "classSun": "3",
        "class1": "MM"
      }
    },
    {
      "type": "Feature",
      "geometry": {
        "type": "Point",
        "coordinates": [104.1954, 35.8617]
      },
      "properties": {
        "label": "183",
        "pub_Time": "2011",
        "class4": "5",
        "LOC": "China",
        "NAME": "China",
        "classSun": "5",
        "class1": "HM"
      }
    },
    {
      "type": "Feature",
      "geometry": {
        "type": "Point",
        "coordinates": [104.1954, 35.8617]
      },
      "properties": {
        "label": "182",
        "pub_Time": "2012",
        "LOC": "China",
        "NAME": "China"
      }
    },
    {
      "type": "Feature",
      "geometry": {
        "type": "Point",
        "coordinates": [104.1954, 35.8617]
      },
      "properties": {
        "label": "181",
        "pub_Time": "2020",
        "class4": "6",
        "LOC": "China",
        "NAME": "China",
        "classSun": "6",
        "class1": "HM"
      }
    },
    {
      "type": "Feature",
      "geometry": {
        "type": "Point",
        "coordinates": [104.1954, 35.8617]
      },
      "properties": {
        "label": "180",
        "pub_Time": "2021",
        "class4": "5",
        "LOC": "China",
        "NAME": "China",
        "classSun": "5",
        "class1": "HM"
      }
    },
    {
      "type": "Feature",
      "geometry": {
        "type": "Point",
        "coordinates": [104.1954, 35.8617]
      },
      "properties": {
        "label": "179",
        "pub_Time": "2023",
        "class4": "1",
        "LOC": "China",
        "NAME": "China",
        "classSun": "1",
        "class1": "EE"
      }
    },
    {
      "type": "Feature",
      "geometry": {
        "type": "Point",
        "coordinates": [100.0, 14.5]
      },
      "properties": {
        "label": "185",
        "pub_Time": "2019",
        "class4": "5",
        "LOC": "Sikhio, Saraburi, Thailand, China - Thailand Railway",
        "NAME": "Thailand",
        "classSun": "5",
        "class1": "HM"
      }
    },
    {
      "type": "Feature",
      "geometry": {
        "type": "Point",
        "coordinates": [115.5, 26.45]
      },
      "properties": {
        "label": "26",
        "pub_Time": "2018",
        "class4": "2",
        "LOC": "Anfu County, China",
        "NAME": "China",
        "classSun": "2",
        "class1": "MS"
      }
    },
    {
      "type": "Feature",
      "geometry": {
        "type": "Point",
        "coordinates": [111.0, 28.25]
      },
      "properties": {
        "label": "28",
        "pub_Time": "2022",
        "class4": "4",
        "LOC": "Anhua County, China",
        "NAME": "China",
        "classSun": "4",
        "class1": "ML"
      }
    },
    {
      "type": "Feature",
      "geometry": {
        "type": "Point",
        "coordinates": [117.0, 30.0]
      },
      "properties": {
        "label": "1087",
        "pub_Time": "2019",
        "class4": "5",
        "LOC": "Southern Anhui, Anhui, China",
        "NAME": "China",
        "classSun": "5",
        "class1": "HM"
      }
    },
    {
      "type": "Feature",
      "geometry": {
        "type": "Point",
        "coordinates": [115.7, 27.35]
      },
      "properties": {
        "label": "29",
        "pub_Time": "2019",
        "class4": "5",
        "LOC": "Anyuan County, China",
        "NAME": "China",
        "classSun": "5",
        "class1": "HM"
      }
    },
    {
      "type": "Feature",
      "geometry": {
        "type": "Point",
        "coordinates": [107.1833, 34.3]
      },
      "properties": {
        "label": "940",
        "pub_Time": "2015",
        "class4": "5",
        "LOC": "Qianyang County, Baoji city, China",
        "NAME": "China",
        "classSun": "5",
        "class1": "HM"
      }
    },
    {
      "type": "Feature",
      "geometry": {
        "type": "Point",
        "coordinates": [109.5, 36.6]
      },
      "properties": {
        "label": "68",
        "pub_Time": "2021",
        "class4": "4",
        "LOC": "Baota District, China",
        "NAME": "China",
        "classSun": "4",
        "class1": "ML"
      }
    },
    {
      "type": "Feature",
      "geometry": {
        "type": "Point",
        "coordinates": [109.5, 36.6]
      },
      "properties": {
        "label": "69",
        "pub_Time": "2021",
        "class4": "5",
        "LOC": "Baota District, China",
        "NAME": "China",
        "classSun": "5",
        "class1": "HM"
      }
    },
    {
      "type": "Feature",
      "geometry": {
        "type": "Point",
        "coordinates": [106.0, 30.0]
      },
      "properties": {
        "label": "78",
        "pub_Time": "2018",
        "class4": "5",
        "LOC": "Beijiang River Basin, China",
        "NAME": "China",
        "classSun": "5",
        "class1": "HM"
      }
    },
    {
      "type": "Feature",
      "geometry": {
        "type": "Point",
        "coordinates": [116.8, 40.3833]
      },
      "properties": {
        "label": "758",
        "pub_Time": "2022",
        "class4": "5",
        "LOC": "Miyun country, Beijing, China",
        "NAME": "China",
        "classSun": "6",
        "class1": "HM"
      }
    },
    {
      "type": "Feature",
      "geometry": {
        "type": "Point",
        "coordinates": [117.1217, 40.1517]
      },
      "properties": {
        "label": "920",
        "pub_Time": "2017",
        "class4": "5",
        "LOC": "Pinggu district, Beijing, China",
        "NAME": "China",
        "classSun": "5",
        "class1": "HM"
      }
    },
    {
      "type": "Feature",
      "geometry": {
        "type": "Point",
        "coordinates": [74.0, 35.0]
      },
      "properties": {
        "label": "556",
        "pub_Time": "2023",
        "class4": "5",
        "LOC": "Karakoram Highway (KKH), Central Asia / South Asia, China",
        "NAME": "Pakistan",
        "classSun": "6",
        "class1": "HM"
      }
    },
    {
      "type": "Feature",
      "geometry": {
        "type": "Point",
        "coordinates": [107.5, 31.0]
      },
      "properties": {
        "label": "771",
        "pub_Time": "2023",
        "class4": "4",
        "LOC": "mountain highways, mountainous county, Chengkou, China",
        "NAME": "China",
        "classSun": "4",
        "class1": "ML"
      }
    },
    {
      "type": "Feature",
      "geometry": {
        "type": "Point",
        "coordinates": [103.0, 35.0]
      },
      "properties": {
        "label": "203",
        "pub_Time": "2010",
        "class4": "2",
        "LOC": "Chinese mountainous area, China",
        "NAME": "China",
        "classSun": "2",
        "class1": "MS"
      }
    },
    {
      "type": "Feature",
      "geometry": {
        "type": "Point",
        "coordinates": [106.55, 29.6]
      },
      "properties": {
        "label": "213",
        "pub_Time": "2017",
        "class4": "5",
        "LOC": "Chongqing, China",
        "NAME": "China",
        "classSun": "5",
        "class1": "HM"
      }
    },
    {
      "type": "Feature",
      "geometry": {
        "type": "Point",
        "coordinates": [111.0, 30.0]
      },
      "properties": {
        "label": "1392",
        "pub_Time": "2022",
        "class4": "4",
        "LOC": "Yunyang County, Chongqing City, Chongqing, China",
        "NAME": "China",
        "classSun": "4",
        "class1": "ML"
      }
    },
    {
      "type": "Feature",
      "geometry": {
        "type": "Point",
        "coordinates": [108.74, 30.831]
      },
      "properties": {
        "label": "333",
        "pub_Time": "2022",
        "class4": "4",
        "LOC": "Fengjie County, Chongqing, China",
        "NAME": "China",
        "classSun": "4",
        "class1": "ML"
      }
    },
    {
      "type": "Feature",
      "geometry": {
        "type": "Point",
        "coordinates": [106.8, 29.7]
      },
      "properties": {
        "label": "393",
        "pub_Time": "2022",
        "class4": "4",
        "LOC": "Hechuan District, Chongqing, China",
        "NAME": "China",
        "classSun": "4",
        "class1": "ML"
      }
    },
    {
      "type": "Feature",
      "geometry": {
        "type": "Point",
        "coordinates": [106.0, 29.0]
      },
      "properties": {
        "label": "808",
        "pub_Time": "2020",
        "class4": "5",
        "LOC": "Nanchuan region of Chongqing, Chongqing, China",
        "NAME": "China",
        "classSun": "5",
        "class1": "HM"
      }
    },
    {
      "type": "Feature",
      "geometry": {
        "type": "Point",
        "coordinates": [108.8, 31.1]
      },
      "properties": {
        "label": "174",
        "pub_Time": "2023",
        "class4": "6",
        "LOC": "Chengkou, Northeastern Chongqing, Chongqing, China",
        "NAME": "China",
        "classSun": "6",
        "class1": "HM"
      }
    },
    {
      "type": "Feature",
      "geometry": {
        "type": "Point",
        "coordinates": [108.3, 29.0]
      },
      "properties": {
        "label": "174",
        "pub_Time": "2023",
        "class4": "6",
        "LOC": "Pengshui, Southeastern Chongqing, Chongqing, China",
        "NAME": "China",
        "classSun": "6",
        "class1": "HM"
      }
    },
    {
      "type": "Feature",
      "geometry": {
        "type": "Point",
        "coordinates": [108.0, 29.5]
      },
      "properties": {
        "label": "174",
        "pub_Time": "2023",
        "class4": "6",
        "LOC": "Shizhu, Southeastern Chongqing, Chongqing, China",
        "NAME": "China",
        "classSun": "6",
        "class1": "HM"
      }
    },
    {
      "type": "Feature",
      "geometry": {
        "type": "Point",
        "coordinates": [107.8, 29.5]
      },
      "properties": {
        "label": "174",
        "pub_Time": "2023",
        "class4": "6",
        "LOC": "Wulong, Southeastern Chongqing, Chongqing, China",
        "NAME": "China",
        "classSun": "6",
        "class1": "HM"
      }
    },
    {
      "type": "Feature",
      "geometry": {
        "type": "Point",
        "coordinates": [109.5, 30.8]
      },
      "properties": {
        "label": "174",
        "pub_Time": "2023",
        "class4": "6",
        "LOC": "Wushan, Southeastern Chongqing, Chongqing, China",
        "NAME": "China",
        "classSun": "6",
        "class1": "HM"
      }
    },
    {
      "type": "Feature",
      "geometry": {
        "type": "Point",
        "coordinates": [111.0, 30.0]
      },
      "properties": {
        "label": "1393",
        "pub_Time": "2023",
        "class4": "4",
        "LOC": "Yunyang County, Three Gorges Reservoir area, Chongqing, China",
        "NAME": "China",
        "classSun": "4",
        "class1": "ML"
      }
    },
    {
      "type": "Feature",
      "geometry": {
        "type": "Point",
        "coordinates": [108.9, 30.5]
      },
      "properties": {
        "label": "1200",
        "pub_Time": "2019",
        "LOC": "Three Gorges Reservoir region, Jiangdong District, Wushan County, Chongqing, China",
        "NAME": "China"
      }
    },
    {
      "type": "Feature",
      "geometry": {
        "type": "Point",
        "coordinates": [107.75, 29.7]
      },
      "properties": {
        "label": "344",
        "pub_Time": "2015",
        "class4": "2",
        "LOC": "Fuling District, Chongqing City, China",
        "NAME": "China",
        "classSun": "2",
        "class1": "MS"
      }
    },
    {
      "type": "Feature",
      "geometry": {
        "type": "Point",
        "coordinates": [103.0, 25.0]
      },
      "properties": {
        "label": "214",
        "pub_Time": "2016",
        "class4": "5",
        "LOC": "Chongren area, China",
        "NAME": "China",
        "classSun": "5",
        "class1": "HM"
      }
    },
    {
      "type": "Feature",
      "geometry": {
        "type": "Point",
        "coordinates": [103.0, 25.0]
      },
      "properties": {
        "label": "215",
        "pub_Time": "2018",
        "class4": "5",
        "LOC": "Chongren County, China",
        "NAME": "China",
        "classSun": "5",
        "class1": "HM"
      }
    },
    {
      "type": "Feature",
      "geometry": {
        "type": "Point",
        "coordinates": [103.5, 28.0]
      },
      "properties": {
        "label": "218",
        "pub_Time": "2022",
        "class4": "5",
        "LOC": "Chongyi County, China",
        "NAME": "China",
        "classSun": "5",
        "class1": "HM"
      }
    },
    {
      "type": "Feature",
      "geometry": {
        "type": "Point",
        "coordinates": [103.0, 25.0]
      },
      "properties": {
        "label": "248",
        "pub_Time": "2016",
        "class4": "2",
        "LOC": "Daguan County, China",
        "NAME": "China",
        "classSun": "2",
        "class1": "MS"
      }
    },
    {
      "type": "Feature",
      "geometry": {
        "type": "Point",
        "coordinates": [88.1, 27.1]
      },
      "properties": {
        "label": "1030",
        "pub_Time": "2011",
        "class4": "1",
        "LOC": "Shiv - khola watershed, Shivkhola watershed, Darjiling Himalaya, China",
        "NAME": "India",
        "classSun": "1",
        "class1": "EE"
      }
    },
    {
      "type": "Feature",
      "geometry": {
        "type": "Point",
        "coordinates": [116.3362, 23.7058]
      },
      "properties": {
        "label": "287",
        "pub_Time": "2019",
        "class4": "5",
        "LOC": "Dongjiang Reservoir Watershed, China",
        "NAME": "China",
        "classSun": "5",
        "class1": "HM"
      }
    },
    {
      "type": "Feature",
      "geometry": {
        "type": "Point",
        "coordinates": [120.0, 30.0]
      },
      "properties": {
        "label": "196",
        "pub_Time": "2021",
        "class4": "2",
        "LOC": "Eastern and Southern China, China",
        "NAME": "China",
        "classSun": "2",
        "class1": "MS"
      }
    },
    {
      "type": "Feature",
      "geometry": {
        "type": "Point",
        "coordinates": [103.6333, 31.0037]
      },
      "properties": {
        "label": "307",
        "pub_Time": "2022",
        "class4": "5",
        "LOC": "DS railway segments from Puyang town to Dengsheng village, Dujiangyan city to Siguniang Mountain, eastern margin of the Tibetan Plateau, China",
        "NAME": "China",
        "classSun": "5",
        "class1": "HM"
      }
    },
    {
      "type": "Feature",
      "geometry": {
        "type": "Point",
        "coordinates": [103.4985, 31.4602]
      },
      "properties": {
        "label": "281",
        "pub_Time": "2023",
        "LOC": "Diexi area, Minjiang River, eastern Tibetan Plateau, China",
        "NAME": "China"
      }
    },
    {
      "type": "Feature",
      "geometry": {
        "type": "Point",
        "coordinates": [109.5, 30.3]
      },
      "properties": {
        "label": "197",
        "pub_Time": "2023",
        "class4": "5",
        "LOC": "Enshi City, China",
        "NAME": "China",
        "classSun": "5",
        "class1": "HM"
      }
    },
    {
      "type": "Feature",
      "geometry": {
        "type": "Point",
        "coordinates": [109.5, 30.3]
      },
      "properties": {
        "label": "320",
        "pub_Time": "2022",
        "class4": "5",
        "LOC": "Enshi County, China",
        "NAME": "China",
        "classSun": "5",
        "class1": "HM"
      }
    },
    {
      "type": "Feature",
      "geometry": {
        "type": "Point",
        "coordinates": [108.74, 30.831]
      },
      "properties": {
        "label": "332",
        "pub_Time": "2021",
        "class4": "5",
        "LOC": "Fengjie County, China",
        "NAME": "China",
        "classSun": "5",
        "class1": "HM"
      }
    },
    {
      "type": "Feature",
      "geometry": {
        "type": "Point",
        "coordinates": [108.74, 30.831]
      },
      "properties": {
        "label": "331",
        "pub_Time": "2021",
        "class4": "6",
        "LOC": "Fengjie County, China",
        "NAME": "China",
        "classSun": "6",
        "class1": "HM"
      }
    },
    {
      "type": "Feature",
      "geometry": {
        "type": "Point",
        "coordinates": [117.0, 26.0]
      },
      "properties": {
        "label": "187",
        "pub_Time": "2022",
        "class4": "5",
        "LOC": "Fujian Province, China",
        "NAME": "China",
        "classSun": "5",
        "class1": "HM"
      }
    },
    {
      "type": "Feature",
      "geometry": {
        "type": "Point",
        "coordinates": [118.0, 25.5]
      },
      "properties": {
        "label": "195",
        "pub_Time": "2016",
        "class4": "5",
        "LOC": "Dehua County, Fujian Province, China",
        "NAME": "China",
        "classSun": "5",
        "class1": "HM"
      }
    },
    {
      "type": "Feature",
      "geometry": {
        "type": "Point",
        "coordinates": [118.58, 24.93]
      },
      "properties": {
        "label": "952",
        "pub_Time": "2016",
        "class4": "5",
        "LOC": "Quanzhou, Quanzhou district, Fujian Province, China",
        "NAME": "China",
        "classSun": "5",
        "class1": "HM"
      }
    },
    {
      "type": "Feature",
      "geometry": {
        "type": "Point",
        "coordinates": [118.0, 24.0]
      },
      "properties": {
        "label": "1082",
        "pub_Time": "2021",
        "class4": "3",
        "LOC": "southeast coastal areas of China, Fujian Province, China",
        "NAME": "China",
        "classSun": "3",
        "class1": "MM"
      }
    },
    {
      "type": "Feature",
      "geometry": {
        "type": "Point",
        "coordinates": [105.0, 35.5]
      },
      "properties": {
        "label": "756",
        "pub_Time": "2018",
        "class4": "4",
        "LOC": "Minxian, Gansu, China",
        "NAME": "China",
        "classSun": "4",
        "class1": "ML"
      }
    },
    {
      "type": "Feature",
      "geometry": {
        "type": "Point",
        "coordinates": [105.0, 35.5]
      },
      "properties": {
        "label": "755",
        "pub_Time": "2023",
        "class4": "4",
        "LOC": "Minxian, Gansu, China",
        "NAME": "China",
        "classSun": "4",
        "class1": "ML"
      }
    },
    {
      "type": "Feature",
      "geometry": {
        "type": "Point",
        "coordinates": [103.1, 35.1]
      },
      "properties": {
        "label": "60",
        "pub_Time": "2017",
        "class4": "5",
        "LOC": "Bailongjiang watershed, Gansu province, China",
        "NAME": "China",
        "classSun": "5",
        "class1": "HM"
      }
    },
    {
      "type": "Feature",
      "geometry": {
        "type": "Point",
        "coordinates": [103.5, 34.0]
      },
      "properties": {
        "label": "74",
        "pub_Time": "2017",
        "class4": "5",
        "LOC": "Baxie River basin, Gansu Province, China",
        "NAME": "China",
        "classSun": "5",
        "class1": "HM"
      }
    },
    {
      "type": "Feature",
      "geometry": {
        "type": "Point",
        "coordinates": [103.8343, 36.0611]
      },
      "properties": {
        "label": "627",
        "pub_Time": "2022",
        "class4": "4",
        "LOC": "Lanzhou city, Gansu Province, China",
        "NAME": "China",
        "classSun": "4",
        "class1": "ML"
      }
    },
    {
      "type": "Feature",
      "geometry": {
        "type": "Point",
        "coordinates": [105.5, 33.5]
      },
      "properties": {
        "label": "198",
        "pub_Time": "2022",
        "class4": "5",
        "LOC": "Longnan City, Gansu Province, China",
        "NAME": "China",
        "classSun": "5",
        "class1": "HM"
      }
    },
    {
      "type": "Feature",
      "geometry": {
        "type": "Point",
        "coordinates": [105.0, 35.5]
      },
      "properties": {
        "label": "754",
        "pub_Time": "2016",
        "class4": "4",
        "LOC": "Minxian - Zhangxian, Gansu Province, China",
        "NAME": "China",
        "classSun": "4",
        "class1": "ML"
      }
    },
    {
      "type": "Feature",
      "geometry": {
        "type": "Point",
        "coordinates": [104.0, 34.2]
      },
      "properties": {
        "label": "58",
        "pub_Time": "2022",
        "class4": "5",
        "LOC": "Zhouqu area of Gansu Province, Zhouqu County, Gansu Province, China",
        "NAME": "China",
        "classSun": "5",
        "class1": "HM"
      }
    },
    {
      "type": "Feature",
      "geometry": {
        "type": "Point",
        "coordinates": [81.1, 43.6]
      },
      "properties": {
        "label": "364",
        "pub_Time": "2016",
        "class4": "5",
        "LOC": "Gongliu County, China",
        "NAME": "China",
        "classSun": "5",
        "class1": "HM"
      }
    },
    {
      "type": "Feature",
      "geometry": {
        "type": "Point",
        "coordinates": [113.4244, 23.3417]
      },
      "properties": {
        "label": "371",
        "pub_Time": "2023",
        "class4": "4",
        "LOC": "Guangdong Province, China",
        "NAME": "China",
        "classSun": "4",
        "class1": "ML"
      }
    },
    {
      "type": "Feature",
      "geometry": {
        "type": "Point",
        "coordinates": [112.1, 23.3]
      },
      "properties": {
        "label": "678",
        "pub_Time": "2023",
        "class4": "5",
        "LOC": "Luoding and Xinyi Counties, Guangdong Province, China",
        "NAME": "China",
        "classSun": "5",
        "class1": "HM"
      }
    },
    {
      "type": "Feature",
      "geometry": {
        "type": "Point",
        "coordinates": [107.3833, 22.1333]
      },
      "properties": {
        "label": "156",
        "pub_Time": "2023",
        "class4": "6",
        "LOC": "Cenxi, Guangxi, China",
        "NAME": "China",
        "classSun": "6",
        "class1": "HM"
      }
    },
    {
      "type": "Feature",
      "geometry": {
        "type": "Point",
        "coordinates": [108.0, 23.0]
      },
      "properties": {
        "label": "372",
        "pub_Time": "2023",
        "class4": "6",
        "LOC": "Heba Expressway, Guangxi, China",
        "NAME": "China",
        "classSun": "6",
        "class1": "HM"
      }
    },
    {
      "type": "Feature",
      "geometry": {
        "type": "Point",
        "coordinates": [104.0, 26.0]
      },
      "properties": {
        "label": "815",
        "pub_Time": "2023",
        "class4": "5",
        "LOC": "Nayong in Guizhou, Guangzhou Province, China",
        "NAME": "China",
        "classSun": "5",
        "class1": "HM"
      }
    },
    {
      "type": "Feature",
      "geometry": {
        "type": "Point",
        "coordinates": [106.7, 26.6]
      },
      "properties": {
        "label": "380",
        "pub_Time": "2008",
        "class4": "5",
        "LOC": "Guizhou, China",
        "NAME": "China",
        "classSun": "5",
        "class1": "HM"
      }
    },
    {
      "type": "Feature",
      "geometry": {
        "type": "Point",
        "coordinates": [106.0, 27.3]
      },
      "properties": {
        "label": "88",
        "pub_Time": "2022",
        "class4": "4",
        "LOC": "Bijie, Guizhou Province, China",
        "NAME": "China",
        "classSun": "4",
        "class1": "ML"
      }
    },
    {
      "type": "Feature",
      "geometry": {
        "type": "Point",
        "coordinates": [105.0, 26.0]
      },
      "properties": {
        "label": "1037",
        "pub_Time": "2021",
        "LOC": "Shuicheng County, Liupanshui City, Guizhou Province, China",
        "NAME": "China"
      }
    },
    {
      "type": "Feature",
      "geometry": {
        "type": "Point",
        "coordinates": [95.2791, 28.9733]
      },
      "properties": {
        "label": "286",
        "pub_Time": "2023",
        "class4": "3",
        "LOC": "Dongfeng, Dajie township, Haila town, China",
        "NAME": "China",
        "classSun": "3",
        "class1": "MM"
      }
    },
    {
      "type": "Feature",
      "geometry": {
        "type": "Point",
        "coordinates": [102.8, 30.9]
      },
      "properties": {
        "label": "387",
        "pub_Time": "2017",
        "class4": "5",
        "LOC": "Hanyuan County, China",
        "NAME": "China",
        "classSun": "5",
        "class1": "HM"
      }
    },
    {
      "type": "Feature",
      "geometry": {
        "type": "Point",
        "coordinates": [107.02, 32.69]
      },
      "properties": {
        "label": "1116",
        "pub_Time": "2015",
        "class4": "4",
        "LOC": "southwestern China, Hanzhong city, China",
        "NAME": "China",
        "classSun": "4",
        "class1": "ML"
      }
    },
    {
      "type": "Feature",
      "geometry": {
        "type": "Point",
        "coordinates": [113.0, 34.0]
      },
      "properties": {
        "label": "1011",
        "pub_Time": "2023",
        "class4": "3",
        "LOC": "Shangge, mountainous area, Western, Henan, China",
        "NAME": "China",
        "classSun": "3",
        "class1": "MM"
      }
    },
    {
      "type": "Feature",
      "geometry": {
        "type": "Point",
        "coordinates": [100.0, 29.5]
      },
      "properties": {
        "label": "397",
        "pub_Time": "2022",
        "class4": "4",
        "LOC": "Hengduan Mountains, China",
        "NAME": "China",
        "classSun": "4",
        "class1": "ML"
      }
    },
    {
      "type": "Feature",
      "geometry": {
        "type": "Point",
        "coordinates": [110.0, 30.7]
      },
      "properties": {
        "label": "452",
        "pub_Time": "2016",
        "class4": "2",
        "LOC": "Huangtupo, China",
        "NAME": "China",
        "classSun": "2",
        "class1": "MS"
      }
    },
    {
      "type": "Feature",
      "geometry": {
        "type": "Point",
        "coordinates": [111.0, 30.2]
      },
      "properties": {
        "label": "1195",
        "pub_Time": "2010",
        "class4": "4",
        "LOC": "Three Gorges reservoir area, Three Gorges reservoir, Badong Country, Hubei Province, China",
        "NAME": "China",
        "classSun": "4",
        "class1": "ML"
      }
    },
    {
      "type": "Feature",
      "geometry": {
        "type": "Point",
        "coordinates": [111.0, 30.2]
      },
      "properties": {
        "label": "1192",
        "pub_Time": "2010",
        "class4": "2",
        "LOC": "Three Gorges Reservoir area, Zigui, Badong County, Hubei Province, China",
        "NAME": "China",
        "classSun": "2",
        "class1": "MS"
      }
    },
    {
      "type": "Feature",
      "geometry": {
        "type": "Point",
        "coordinates": [109.5, 30.3]
      },
      "properties": {
        "label": "1353",
        "pub_Time": "2022",
        "class4": "3",
        "LOC": "Yangjiashan, Enshi City, Hubei Province, China",
        "NAME": "China",
        "classSun": "3",
        "class1": "MM"
      }
    },
    {
      "type": "Feature",
      "geometry": {
        "type": "Point",
        "coordinates": [112.5, 30.5]
      },
      "properties": {
        "label": "660",
        "pub_Time": "2020",
        "class4": "5",
        "LOC": "Longfeng town, Hubei province, China",
        "NAME": "China",
        "classSun": "5",
        "class1": "HM"
      }
    },
    {
      "type": "Feature",
      "geometry": {
        "type": "Point",
        "coordinates": [111.0, 30.2]
      },
      "properties": {
        "label": "1422",
        "pub_Time": "2017",
        "class4": "4",
        "LOC": "Zigui Badong area in the Three Gorges region, Three Gorges Reservoir, Hubei Province, China",
        "NAME": "China",
        "classSun": "4",
        "class1": "ML"
      }
    },
    {
      "type": "Feature",
      "geometry": {
        "type": "Point",
        "coordinates": [111.0, 30.2]
      },
      "properties": {
        "label": "1419",
        "pub_Time": "2022",
        "class4": "4",
        "LOC": "Zigui - Badong area of the Three Gorges Reservoir, Three Gorges Reservoir area, Hubei Province, China",
        "NAME": "China",
        "classSun": "4",
        "class1": "ML"
      }
    },
    {
      "type": "Feature",
      "geometry": {
        "type": "Point",
        "coordinates": [111.0, 30.2]
      },
      "properties": {
        "label": "1421",
        "pub_Time": "2020",
        "class4": "4",
        "LOC": "Zigui - Badong section of Three Gorges Reservoir, Three Gorges Reservoir area, Hubei Province, China",
        "NAME": "China",
        "classSun": "4",
        "class1": "ML"
      }
    },
    {
      "type": "Feature",
      "geometry": {
        "type": "Point",
        "coordinates": [111.0, 30.2]
      },
      "properties": {
        "label": "1425",
        "pub_Time": "2023",
        "class4": "4",
        "LOC": "Zigui County, Hubei Province, China",
        "NAME": "China",
        "classSun": "4",
        "class1": "ML"
      }
    },
    {
      "type": "Feature",
      "geometry": {
        "type": "Point",
        "coordinates": [111.0, 30.2]
      },
      "properties": {
        "label": "1426",
        "pub_Time": "2011",
        "class4": "2",
        "LOC": "Zigui section in three gorges reservoir, Zigui segment, Hubei Province, China",
        "NAME": "China",
        "classSun": "2",
        "class1": "MS"
      }
    },
    {
      "type": "Feature",
      "geometry": {
        "type": "Point",
        "coordinates": [115.3, 28.4]
      },
      "properties": {
        "label": "456",
        "pub_Time": "2023",
        "class4": "4",
        "LOC": "Huichang County, China",
        "NAME": "China",
        "classSun": "4",
        "class1": "ML"
      }
    },
    {
      "type": "Feature",
      "geometry": {
        "type": "Point",
        "coordinates": [115.3, 28.4]
      },
      "properties": {
        "label": "455",
        "pub_Time": "2023",
        "class4": "5",
        "LOC": "Huichang County and its surrounding areas, China",
        "NAME": "China",
        "classSun": "5",
        "class1": "HM"
      }
    },
    {
      "type": "Feature",
      "geometry": {
        "type": "Point",
        "coordinates": [111.2, 26.9]
      },
      "properties": {
        "label": "728",
        "pub_Time": "2022",
        "LOC": "Mayang County, Hunan Province, China",
        "NAME": "China"
      }
    },
    {
      "type": "Feature",
      "geometry": {
        "type": "Point",
        "coordinates": [105.0, 31.5]
      },
      "properties": {
        "label": "520",
        "pub_Time": "2022",
        "class4": "6",
        "LOC": "Jian ge County, China",
        "NAME": "China",
        "classSun": "6",
        "class1": "HM"
      }
    },
    {
      "type": "Feature",
      "geometry": {
        "type": "Point",
        "coordinates": [117.5, 28.5]
      },
      "properties": {
        "label": "379",
        "pub_Time": "2021",
        "class4": "4",
        "LOC": "Guixi, Jiangxi, China",
        "NAME": "China",
        "classSun": "4",
        "class1": "ML"
      }
    },
    {
      "type": "Feature",
      "geometry": {
        "type": "Point",
        "coordinates": [117.5, 28.5]
      },
      "properties": {
        "label": "378",
        "pub_Time": "2020",
        "class4": "4",
        "LOC": "Guixi County, Jiangxi, China",
        "NAME": "China",
        "classSun": "4",
        "class1": "ML"
      }
    },
    {
      "type": "Feature",
      "geometry": {
        "type": "Point",
        "coordinates": [116.0, 26.75]
      },
      "properties": {
        "label": "988",
        "pub_Time": "2021",
        "class4": "5",
        "LOC": "Ruijin, Jiangxi, China",
        "NAME": "China",
        "classSun": "5",
        "class1": "HM"
      }
    },
    {
      "type": "Feature",
      "geometry": {
        "type": "Point",
        "coordinates": [116.0, 26.75]
      },
      "properties": {
        "label": "986",
        "pub_Time": "2023",
        "class4": "4",
        "LOC": "Ruijin City, Jiangxi Province, China",
        "NAME": "China",
        "classSun": "4",
        "class1": "ML"
      }
    },
    {
      "type": "Feature",
      "geometry": {
        "type": "Point",
        "coordinates": [115.5, 27.5]
      },
      "properties": {
        "label": "1023",
        "pub_Time": "2019",
        "class4": "5",
        "LOC": "Shicheng County, Shicheng County, Jiangxi Province, China",
        "NAME": "China",
        "classSun": "5",
        "class1": "HM"
      }
    },
    {
      "type": "Feature",
      "geometry": {
        "type": "Point",
        "coordinates": [115.8, 27.8]
      },
      "properties": {
        "label": "1129",
        "pub_Time": "2016",
        "class4": "5",
        "LOC": "Suichuan, Suichuan area, Jiangxi province, China",
        "NAME": "China",
        "classSun": "6",
        "class1": "HM"
      }
    },
    {
      "type": "Feature",
      "geometry": {
        "type": "Point",
        "coordinates": [115.8, 28.7]
      },
      "properties": {
        "label": "1214",
        "pub_Time": "2014",
        "class4": "2",
        "LOC": "Paipu - Yongning and Daduan - Guqiao Towns, Tonggu County, Jiangxi Province, China",
        "NAME": "China",
        "classSun": "2",
        "class1": "MS"
      }
    },
    {
      "type": "Feature",
      "geometry": {
        "type": "Point",
        "coordinates": [116.0, 26.5]
      },
      "properties": {
        "label": "1349",
        "pub_Time": "2020",
        "class4": "4",
        "LOC": "Xunwu County, Jiangxi Province, China",
        "NAME": "China",
        "classSun": "4",
        "class1": "ML"
      }
    },
    {
      "type": "Feature",
      "geometry": {
        "type": "Point",
        "coordinates": [117.9, 28.0]
      },
      "properties": {
        "label": "1357",
        "pub_Time": "2023",
        "class4": "6",
        "LOC": "Yanshan County, Jiangxi Province, China",
        "NAME": "China",
        "classSun": "6",
        "class1": "HM"
      }
    },
    {
      "type": "Feature",
      "geometry": {
        "type": "Point",
        "coordinates": [126.2, 42.9]
      },
      "properties": {
        "label": "522",
        "pub_Time": "2020",
        "class4": "4",
        "LOC": "Jiaohe County, Jilin Province, China",
        "NAME": "China",
        "classSun": "4",
        "class1": "ML"
      }
    },
    {
      "type": "Feature",
      "geometry": {
        "type": "Point",
        "coordinates": [129.2, 42.3333]
      },
      "properties": {
        "label": "395",
        "pub_Time": "2020",
        "class4": "5",
        "LOC": "Helong city, northeastern China, Jilin Province, China",
        "NAME": "China",
        "classSun": "5",
        "class1": "HM"
      }
    },
    {
      "type": "Feature",
      "geometry": {
        "type": "Point",
        "coordinates": [126.7, 42.8]
      },
      "properties": {
        "label": "1086",
        "pub_Time": "2020",
        "class4": "4",
        "LOC": "Southeastern Helong City, southeast of Helong city, Helong city, Northeastern China, Jilin Province, China",
        "NAME": "China",
        "classSun": "4",
        "class1": "ML"
      }
    },
    {
      "type": "Feature",
      "geometry": {
        "type": "Point",
        "coordinates": [99.8, 28.2]
      },
      "properties": {
        "label": "524",
        "pub_Time": "2018",
        "class4": "5",
        "LOC": "Derong and Deqin County, Jinsha River, China",
        "NAME": "China",
        "classSun": "5",
        "class1": "HM"
      }
    },
    {
      "type": "Feature",
      "geometry": {
        "type": "Point",
        "coordinates": [101.72, 26.58]
      },
      "properties": {
        "label": "525",
        "pub_Time": "2021",
        "class4": "4",
        "LOC": "Panzhihua - Huize section, Jinsha River, China",
        "NAME": "China",
        "classSun": "4",
        "class1": "ML"
      }
    },
    {
      "type": "Feature",
      "geometry": {
        "type": "Point",
        "coordinates": [106.5, 29.5]
      },
      "properties": {
        "label": "212",
        "pub_Time": "2006",
        "LOC": "Chongqing region, Jipazi, China",
        "NAME": "China"
      }
    },
    {
      "type": "Feature",
      "geometry": {
        "type": "Point",
        "coordinates": [103.917, 33.25]
      },
      "properties": {
        "label": "532",
        "pub_Time": "2020",
        "class4": "4",
        "LOC": "Jiuzhaigou region, China",
        "NAME": "China",
        "classSun": "4",
        "class1": "ML"
      }
    },
    {
      "type": "Feature",
      "geometry": {
        "type": "Point",
        "coordinates": [107.7, 26.85]
      },
      "properties": {
        "label": "540",
        "pub_Time": "2021",
        "class4": "5",
        "LOC": "Kaiyang County, China",
        "NAME": "China",
        "classSun": "5",
        "class1": "HM"
      }
    },
    {
      "type": "Feature",
      "geometry": {
        "type": "Point",
        "coordinates": [110.0, 30.0]
      },
      "properties": {
        "label": "1201",
        "pub_Time": "2022",
        "class4": "5",
        "LOC": "Three Gorges Reservoir region, Kamenziwan, China",
        "NAME": "China",
        "classSun": "5",
        "class1": "HM"
      }
    },
    {
      "type": "Feature",
      "geometry": {
        "type": "Point",
        "coordinates": [105.0, 27.3]
      },
      "properties": {
        "label": "563",
        "pub_Time": "2019",
        "class4": "4",
        "LOC": "Bijie in the Karst Region of Southwest China, Karst Region, China",
        "NAME": "China",
        "classSun": "4",
        "class1": "ML"
      }
    },
    {
      "type": "Feature",
      "geometry": {
        "type": "Point",
        "coordinates": [106.8, 33.8]
      },
      "properties": {
        "label": "617",
        "pub_Time": "2017",
        "class4": "6",
        "LOC": "Langao County, China",
        "NAME": "China",
        "classSun": "6",
        "class1": "HM"
      }
    },
    {
      "type": "Feature",
      "geometry": {
        "type": "Point",
        "coordinates": [102.6, 28.6]
      },
      "properties": {
        "label": "637",
        "pub_Time": "2023",
        "class4": "4",
        "LOC": "Liangshan, China",
        "NAME": "China",
        "classSun": "4",
        "class1": "ML"
      }
    },
    {
      "type": "Feature",
      "geometry": {
        "type": "Point",
        "coordinates": [119.2, 34.6]
      },
      "properties": {
        "label": "640",
        "pub_Time": "2010",
        "class4": "2",
        "LOC": "Lianyungang city, China",
        "NAME": "China",
        "classSun": "2",
        "class1": "MS"
      }
    },
    {
      "type": "Feature",
      "geometry": {
        "type": "Point",
        "coordinates": [119.92, 28.45]
      },
      "properties": {
        "label": "646",
        "pub_Time": "2019",
        "class4": "4",
        "LOC": "Lishui City in Zhejiang Province, China",
        "NAME": "China",
        "classSun": "4",
        "class1": "ML"
      }
    },
    {
      "type": "Feature",
      "geometry": {
        "type": "Point",
        "coordinates": [100.0, 25.0]
      },
      "properties": {
        "label": "648",
        "pub_Time": "2021",
        "class4": "4",
        "LOC": "Lixian County, China",
        "NAME": "China",
        "classSun": "4",
        "class1": "ML"
      }
    },
    {
      "type": "Feature",
      "geometry": {
        "type": "Point",
        "coordinates": [109.5, 37.0]
      },
      "properties": {
        "label": "653",
        "pub_Time": "2018",
        "LOC": "Loess Plateau, China",
        "NAME": "China"
      }
    },
    {
      "type": "Feature",
      "geometry": {
        "type": "Point",
        "coordinates": [111.0, 37.0]
      },
      "properties": {
        "label": "651",
        "pub_Time": "2020",
        "class4": "5",
        "LOC": "Loess Plateau area in Shanxi Province, China",
        "NAME": "China",
        "classSun": "5",
        "class1": "HM"
      }
    },
    {
      "type": "Feature",
      "geometry": {
        "type": "Point",
        "coordinates": [103.2, 30.4]
      },
      "properties": {
        "label": "659",
        "pub_Time": "2016",
        "class4": "5",
        "LOC": "Long County, China",
        "NAME": "China",
        "classSun": "5",
        "class1": "HM"
      }
    },
    {
      "type": "Feature",
      "geometry": {
        "type": "Point",
        "coordinates": [105.0, 35.0]
      },
      "properties": {
        "label": "1113",
        "pub_Time": "2020",
        "class4": "3",
        "LOC": "southwest mountainous watershed, Longxi river basin, China",
        "NAME": "China",
        "classSun": "3",
        "class1": "MM"
      }
    },
    {
      "type": "Feature",
      "geometry": {
        "type": "Point",
        "coordinates": [100.0, 24.0]
      },
      "properties": {
        "label": "675",
        "pub_Time": "2018",
        "class4": "3",
        "LOC": "Ludian, China",
        "NAME": "China",
        "classSun": "3",
        "class1": "MM"
      }
    },
    {
      "type": "Feature",
      "geometry": {
        "type": "Point",
        "coordinates": [103.4195, 26.0231]
      },
      "properties": {
        "label": "870",
        "pub_Time": "2020",
        "class4": "3",
        "LOC": "Ludian, China",
        "NAME": "China",
        "classSun": "3",
        "class1": "MM"
      }
    },
    {
      "type": "Feature",
      "geometry": {
        "type": "Point",
        "coordinates": [100.0, 24.0]
      },
      "properties": {
        "label": "673",
        "pub_Time": "2021",
        "class4": "5",
        "LOC": "Ludian County, China",
        "NAME": "China",
        "classSun": "5",
        "class1": "HM"
      }
    },
    {
      "type": "Feature",
      "geometry": {
        "type": "Point",
        "coordinates": [115.0, 29.5]
      },
      "properties": {
        "label": "683",
        "pub_Time": "2021",
        "class4": "5",
        "LOC": "Lushan, China",
        "NAME": "China",
        "classSun": "5",
        "class1": "HM"
      }
    },
    {
      "type": "Feature",
      "geometry": {
        "type": "Point",
        "coordinates": [103.2, 31.025]
      },
      "properties": {
        "label": "315",
        "pub_Time": "2021",
        "class4": "5",
        "LOC": "Eight - kilometer range of the main road in Wenchuan County, Mao County, China",
        "NAME": "China",
        "classSun": "5",
        "class1": "HM"
      }
    },
    {
      "type": "Feature",
      "geometry": {
        "type": "Point",
        "coordinates": [102.6, 31.5]
      },
      "properties": {
        "label": "721",
        "pub_Time": "2016",
        "class4": "3",
        "LOC": "Maoxian, China",
        "NAME": "China",
        "classSun": "3",
        "class1": "MM"
      }
    },
    {
      "type": "Feature",
      "geometry": {
        "type": "Point",
        "coordinates": [103.4985, 31.4602]
      },
      "properties": {
        "label": "280",
        "pub_Time": "2020",
        "LOC": "Diexi area, upstream stretch, Minjiang River, China",
        "NAME": "China"
      }
    },
    {
      "type": "Feature",
      "geometry": {
        "type": "Point",
        "coordinates": [103.4, 31.2]
      },
      "properties": {
        "label": "796",
        "pub_Time": "2021",
        "class4": "5",
        "LOC": "Muchuan County, China",
        "NAME": "China",
        "classSun": "5",
        "class1": "HM"
      }
    },
    {
      "type": "Feature",
      "geometry": {
        "type": "Point",
        "coordinates": [106.0, 29.0]
      },
      "properties": {
        "label": "807",
        "pub_Time": "2020",
        "class4": "6",
        "LOC": "Nanchuan County, China",
        "NAME": "China",
        "classSun": "6",
        "class1": "HM"
      }
    },
    {
      "type": "Feature",
      "geometry": {
        "type": "Point",
        "coordinates": [106.0, 29.0]
      },
      "properties": {
        "label": "809",
        "pub_Time": "2020",
        "class4": "5",
        "LOC": "Nanchuan, Nanchuan District, China",
        "NAME": "China",
        "classSun": "5",
        "class1": "HM"
      }
    },
    {
      "type": "Feature",
      "geometry": {
        "type": "Point",
        "coordinates": [109.0, 28.0]
      },
      "properties": {
        "label": "810",
        "pub_Time": "2018",
        "class4": "5",
        "LOC": "Nantian area, China",
        "NAME": "China",
        "classSun": "5",
        "class1": "HM"
      }
    },
    {
      "type": "Feature",
      "geometry": {
        "type": "Point",
        "coordinates": [111.0039, 30.8231]
      },
      "properties": {
        "label": "823",
        "pub_Time": "2009",
        "class4": "4",
        "LOC": "Reservoir of Three Gorge Project, Badong, New Badong County, China",
        "NAME": "China",
        "classSun": "4",
        "class1": "ML"
      }
    },
    {
      "type": "Feature",
      "geometry": {
        "type": "Point",
        "coordinates": [116.5, 27.5]
      },
      "properties": {
        "label": "831",
        "pub_Time": "2020",
        "class4": "4",
        "LOC": "Ningdu County, China",
        "NAME": "China",
        "classSun": "4",
        "class1": "ML"
      }
    },
    {
      "type": "Feature",
      "geometry": {
        "type": "Point",
        "coordinates": [118.3, 30.6]
      },
      "properties": {
        "label": "1083",
        "pub_Time": "2022",
        "class4": "5",
        "LOC": "Ningguo City, Ningguo City, southeast coastal areas of China, Ningguo City, China",
        "NAME": "China",
        "classSun": "5",
        "class1": "HM"
      }
    },
    {
      "type": "Feature",
      "geometry": {
        "type": "Point",
        "coordinates": [106.0, 38.0]
      },
      "properties": {
        "label": "200",
        "pub_Time": "2023",
        "class4": "6",
        "LOC": "Pengyang County, Ningxia Hui Autonomous Region, China",
        "NAME": "China",
        "classSun": "6",
        "class1": "HM"
      }
    },
    {
      "type": "Feature",
      "geometry": {
        "type": "Point",
        "coordinates": [117.9, 28.0]
      },
      "properties": {
        "label": "1355",
        "pub_Time": "2020",
        "class4": "5",
        "LOC": "Yanshan County, Shangrao Municipality, north - eastern of Jiangxi Province, China",
        "NAME": "China",
        "classSun": "5",
        "class1": "HM"
      }
    },
    {
      "type": "Feature",
      "geometry": {
        "type": "Point",
        "coordinates": [128.0, 42.0]
      },
      "properties": {
        "label": "163",
        "pub_Time": "2019",
        "class4": "5",
        "LOC": "CMA, Changbai Mountain area, Northeast China, China",
        "NAME": "China",
        "classSun": "5",
        "class1": "HM"
      }
    },
    {
      "type": "Feature",
      "geometry": {
        "type": "Point",
        "coordinates": [105.72, 34.58]
      },
      "properties": {
        "label": "1210",
        "pub_Time": "2020",
        "class4": "3",
        "LOC": "Tianshui region, Tianshui seismic zone, Northeastern Tibetan Plateau, China",
        "NAME": "China",
        "classSun": "3",
        "class1": "MM"
      }
    },
    {
      "type": "Feature",
      "geometry": {
        "type": "Point",
        "coordinates": [81.0, 36.0]
      },
      "properties": {
        "label": "192",
        "pub_Time": "2021",
        "class4": "5",
        "LOC": "Kunlun Mountains, Northern Tibetan Plateau, China",
        "NAME": "China",
        "classSun": "5",
        "class1": "HM"
      }
    },
    {
      "type": "Feature",
      "geometry": {
        "type": "Point",
        "coordinates": [103.0, 35.0]
      },
      "properties": {
        "label": "59",
        "pub_Time": "2008",
        "class4": "4",
        "LOC": "Bailongjiang River, northwest China, China",
        "NAME": "China",
        "classSun": "4",
        "class1": "ML"
      }
    },
    {
      "type": "Feature",
      "geometry": {
        "type": "Point",
        "coordinates": [95.0, 32.0]
      },
      "properties": {
        "label": "190",
        "pub_Time": "2020",
        "LOC": "Qinghai-Tibet region, Northwest China, China",
        "NAME": "China"
      }
    },
    {
      "type": "Feature",
      "geometry": {
        "type": "Point",
        "coordinates": [80.0, 43.0]
      },
      "properties": {
        "label": "193",
        "pub_Time": "2022",
        "LOC": "Tianshan Mountains, Northwestern Basins, China",
        "NAME": "Kazakhstan"
      }
    },
    {
      "type": "Feature",
      "geometry": {
        "type": "Point",
        "coordinates": [103.8343, 36.0611]
      },
      "properties": {
        "label": "309",
        "pub_Time": "2018",
        "class4": "2",
        "LOC": "eastern part of Lanzhou, Lanzhou area, NW China, China",
        "NAME": "China",
        "classSun": "2",
        "class1": "MS"
      }
    },
    {
      "type": "Feature",
      "geometry": {
        "type": "Point",
        "coordinates": [94.0, 29.0]
      },
      "properties": {
        "label": "1042",
        "pub_Time": "2021",
        "class4": "5",
        "LOC": "Sichuan - Tibet Railway, Nyingchi, China",
        "NAME": "China",
        "classSun": "5",
        "class1": "HM"
      }
    },
    {
      "type": "Feature",
      "geometry": {
        "type": "Point",
        "coordinates": [105.6, 33.6]
      },
      "properties": {
        "label": "202",
        "pub_Time": "2015",
        "class4": "4",
        "LOC": "Youfang catchment, Youfang catchment of Longnan mountain region, Sichuan Basin, loess Plateau, Qinghai - Tibet Plateau, China",
        "NAME": "China",
        "classSun": "4",
        "class1": "ML"
      }
    },
    {
      "type": "Feature",
      "geometry": {
        "type": "Point",
        "coordinates": [109.0, 34.1]
      },
      "properties": {
        "label": "1336",
        "pub_Time": "2015",
        "class4": "5",
        "LOC": "Li Mountain, Xi an Region, Shaanxi, China",
        "NAME": "China",
        "classSun": "5",
        "class1": "HM"
      }
    },
    {
      "type": "Feature",
      "geometry": {
        "type": "Point",
        "coordinates": [109.0, 34.2]
      },
      "properties": {
        "label": "1336",
        "pub_Time": "2015",
        "class4": "5",
        "LOC": "Loess Tableland, Xi an Region, Shaanxi, China",
        "NAME": "China",
        "classSun": "5",
        "class1": "HM"
      }
    },
    {
      "type": "Feature",
      "geometry": {
        "type": "Point",
        "coordinates": [109.0, 34.0]
      },
      "properties": {
        "label": "1336",
        "pub_Time": "2015",
        "class4": "5",
        "LOC": "Qin Mountain, Xi an Region, Shaanxi, China",
        "NAME": "China",
        "classSun": "5",
        "class1": "HM"
      }
    },
    {
      "type": "Feature",
      "geometry": {
        "type": "Point",
        "coordinates": [108.5, 33.8]
      },
      "properties": {
        "label": "173",
        "pub_Time": "2022",
        "class4": "6",
        "LOC": "Chenggu County, Shaanxi Province, China",
        "NAME": "China",
        "classSun": "6",
        "class1": "HM"
      }
    },
    {
      "type": "Feature",
      "geometry": {
        "type": "Point",
        "coordinates": [110.0, 38.5]
      },
      "properties": {
        "label": "343",
        "pub_Time": "2018",
        "class4": "6",
        "LOC": "Fugu County, Shaanxi Province, China",
        "NAME": "China",
        "classSun": "6",
        "class1": "HM"
      }
    },
    {
      "type": "Feature",
      "geometry": {
        "type": "Point",
        "coordinates": [107.0, 32.5]
      },
      "properties": {
        "label": "388",
        "pub_Time": "2023",
        "class4": "5",
        "LOC": "Hanzhong City, Shaanxi Province, China",
        "NAME": "China",
        "classSun": "5",
        "class1": "HM"
      }
    },
    {
      "type": "Feature",
      "geometry": {
        "type": "Point",
        "coordinates": [106.8, 33.8]
      },
      "properties": {
        "label": "618",
        "pub_Time": "2019",
        "class4": "5",
        "LOC": "Langao County, Shaanxi Province, China",
        "NAME": "China",
        "classSun": "5",
        "class1": "HM"
      }
    },
    {
      "type": "Feature",
      "geometry": {
        "type": "Point",
        "coordinates": [110.0, 33.5]
      },
      "properties": {
        "label": "1014",
        "pub_Time": "2016",
        "class4": "5",
        "LOC": "Shangzhou District, Shangluo City, Shaanxi Province, China",
        "NAME": "China",
        "classSun": "5",
        "class1": "HM"
      }
    },
    {
      "type": "Feature",
      "geometry": {
        "type": "Point",
        "coordinates": [109.0, 33.5]
      },
      "properties": {
        "label": "1012",
        "pub_Time": "2018",
        "class4": "5",
        "LOC": "Shangnan County, Shaanxi Province, China",
        "NAME": "China",
        "classSun": "6",
        "class1": "HM"
      }
    },
    {
      "type": "Feature",
      "geometry": {
        "type": "Point",
        "coordinates": [109.0, 33.5]
      },
      "properties": {
        "label": "1013",
        "pub_Time": "2019",
        "class4": "6",
        "LOC": "Shangnan County, Shaanxi Province, China",
        "NAME": "China",
        "classSun": "6",
        "class1": "HM"
      }
    },
    {
      "type": "Feature",
      "geometry": {
        "type": "Point",
        "coordinates": [108.5, 33.5]
      },
      "properties": {
        "label": "1105",
        "pub_Time": "2024",
        "class4": "2",
        "LOC": "southern Shaanxi, Shaanxi Province, China",
        "NAME": "China",
        "classSun": "2",
        "class1": "MS"
      }
    },
    {
      "type": "Feature",
      "geometry": {
        "type": "Point",
        "coordinates": [109.5, 36.6]
      },
      "properties": {
        "label": "1333",
        "pub_Time": "2022",
        "class4": "4",
        "LOC": "Wuqi County, Yan- n City, Shaanxi Province, China",
        "NAME": "China",
        "classSun": "4",
        "class1": "ML"
      }
    },
    {
      "type": "Feature",
      "geometry": {
        "type": "Point",
        "coordinates": [109.0, 38.0]
      },
      "properties": {
        "label": "1406",
        "pub_Time": "2020",
        "class4": "5",
        "LOC": "Zhidan County, Shaanxi Province, China",
        "NAME": "China",
        "classSun": "5",
        "class1": "HM"
      }
    },
    {
      "type": "Feature",
      "geometry": {
        "type": "Point",
        "coordinates": [110.0, 33.5]
      },
      "properties": {
        "label": "1015",
        "pub_Time": "2017",
        "class4": "5",
        "LOC": "Shangzhou District, China",
        "NAME": "China",
        "classSun": "5",
        "class1": "HM"
      }
    },
    {
      "type": "Feature",
      "geometry": {
        "type": "Point",
        "coordinates": [110.8, 33.5]
      },
      "properties": {
        "label": "776",
        "pub_Time": "2015",
        "class4": "5",
        "LOC": "mountainous areas in China, Shangzhou District of Shangluo City, China",
        "NAME": "China",
        "classSun": "5",
        "class1": "HM"
      }
    },
    {
      "type": "Feature",
      "geometry": {
        "type": "Point",
        "coordinates": [112.5, 37.8]
      },
      "properties": {
        "label": "227",
        "pub_Time": "2022",
        "LOC": "coal mining mountain area, Shanxi Province, China",
        "NAME": "China"
      }
    },
    {
      "type": "Feature",
      "geometry": {
        "type": "Point",
        "coordinates": [110.5, 31.75]
      },
      "properties": {
        "label": "1018",
        "pub_Time": "2017",
        "class4": "1",
        "LOC": "Shennongjia Forestry District, China",
        "NAME": "China",
        "classSun": "1",
        "class1": "EE"
      }
    },
    {
      "type": "Feature",
      "geometry": {
        "type": "Point",
        "coordinates": [114.0579, 22.5431]
      },
      "properties": {
        "label": "145",
        "pub_Time": "2009",
        "class4": "5",
        "LOC": "central area, Shenzhen, China",
        "NAME": "China",
        "classSun": "5",
        "class1": "HM"
      }
    },
    {
      "type": "Feature",
      "geometry": {
        "type": "Point",
        "coordinates": [117.2333, 31.8667]
      },
      "properties": {
        "label": "1021",
        "pub_Time": "2020",
        "class4": "5",
        "LOC": "Shexian area, Shexian County, Shexian County, Shexian County, China",
        "NAME": "China",
        "classSun": "6",
        "class1": "HM"
      }
    },
    {
      "type": "Feature",
      "geometry": {
        "type": "Point",
        "coordinates": [115.5, 27.5]
      },
      "properties": {
        "label": "1025",
        "pub_Time": "2021",
        "class4": "5",
        "LOC": "Shicheng County, China",
        "NAME": "China",
        "classSun": "5",
        "class1": "HM"
      }
    },
    {
      "type": "Feature",
      "geometry": {
        "type": "Point",
        "coordinates": [105.0, 26.0]
      },
      "properties": {
        "label": "1036",
        "pub_Time": "2020",
        "class4": "6",
        "LOC": "Shuicheng County, China",
        "NAME": "China",
        "classSun": "6",
        "class1": "HM"
      }
    },
    {
      "type": "Feature",
      "geometry": {
        "type": "Point",
        "coordinates": [105.0, 26.0]
      },
      "properties": {
        "label": "1035",
        "pub_Time": "2021",
        "class4": "5",
        "LOC": "Shuicheng County, China",
        "NAME": "China",
        "classSun": "6",
        "class1": "HM"
      }
    },
    {
      "type": "Feature",
      "geometry": {
        "type": "Point",
        "coordinates": [95.0, 29.0]
      },
      "properties": {
        "label": "1043",
        "pub_Time": "2023",
        "class4": "5",
        "LOC": "Sichuan - Tibet transportation corridor, China",
        "NAME": "China",
        "classSun": "5",
        "class1": "HM"
      }
    },
    {
      "type": "Feature",
      "geometry": {
        "type": "Point",
        "coordinates": [108.5, 32.0]
      },
      "properties": {
        "label": "376",
        "pub_Time": "2021",
        "class4": "5",
        "LOC": "Gufenping landslide in Nanjiang, Sichuan, China",
        "NAME": "China",
        "classSun": "5",
        "class1": "HM"
      }
    },
    {
      "type": "Feature",
      "geometry": {
        "type": "Point",
        "coordinates": [103.0, 30.0]
      },
      "properties": {
        "label": "1159",
        "pub_Time": "2013",
        "class4": "4",
        "LOC": "Taziping, Hongkou Town, Sichuan, China",
        "NAME": "China",
        "classSun": "4",
        "class1": "ML"
      }
    },
    {
      "type": "Feature",
      "geometry": {
        "type": "Point",
        "coordinates": [103.0, 30.0]
      },
      "properties": {
        "label": "199",
        "pub_Time": "2022",
        "class4": "4",
        "LOC": "Minjiang River, Maoxian County, Sichuan, China",
        "NAME": "China",
        "classSun": "4",
        "class1": "ML"
      }
    },
    {
      "type": "Feature",
      "geometry": {
        "type": "Point",
        "coordinates": [102.25, 27.9]
      },
      "properties": {
        "label": "1139",
        "pub_Time": "2022",
        "class4": "3",
        "LOC": "Taihe open pit iron mine in Xichang, Sichuan, China",
        "NAME": "China",
        "classSun": "3",
        "class1": "MM"
      }
    },
    {
      "type": "Feature",
      "geometry": {
        "type": "Point",
        "coordinates": [102.5, 30.8]
      },
      "properties": {
        "label": "1344",
        "pub_Time": "2019",
        "class4": "3",
        "LOC": "Xinmo village of Maoxian County, Sichuan, China",
        "NAME": "China",
        "classSun": "3",
        "class1": "MM"
      }
    },
    {
      "type": "Feature",
      "geometry": {
        "type": "Point",
        "coordinates": [101.0, 33.0]
      },
      "properties": {
        "label": "247",
        "pub_Time": "2023",
        "class4": "3",
        "LOC": "edge of Qinghai-Tibet Plateau, Dadu River Basin, Sichuan Plain, China",
        "NAME": "China",
        "classSun": "3",
        "class1": "MM"
      }
    },
    {
      "type": "Feature",
      "geometry": {
        "type": "Point",
        "coordinates": [103.5, 31.0]
      },
      "properties": {
        "label": "76",
        "pub_Time": "2016",
        "class4": "5",
        "LOC": "Beichuan County, Sichuan Province, China",
        "NAME": "China",
        "classSun": "5",
        "class1": "HM"
      }
    },
    {
      "type": "Feature",
      "geometry": {
        "type": "Point",
        "coordinates": [104.4, 31.13]
      },
      "properties": {
        "label": "949",
        "pub_Time": "2012",
        "class4": "2",
        "LOC": "Deyang, Sichuan Province, China",
        "NAME": "China",
        "classSun": "2",
        "class1": "MS"
      }
    },
    {
      "type": "Feature",
      "geometry": {
        "type": "Point",
        "coordinates": [105.23, 31.03]
      },
      "properties": {
        "label": "521",
        "pub_Time": "2021",
        "class4": "5",
        "LOC": "Jiange County, Sichuan Province, China",
        "NAME": "China",
        "classSun": "6",
        "class1": "HM"
      }
    },
    {
      "type": "Feature",
      "geometry": {
        "type": "Point",
        "coordinates": [103.917, 33.25]
      },
      "properties": {
        "label": "1304",
        "pub_Time": "2022",
        "class4": "5",
        "LOC": "Jiuzhaigou, Sichuan Province, China",
        "NAME": "China",
        "classSun": "5",
        "class1": "HM"
      }
    },
    {
      "type": "Feature",
      "geometry": {
        "type": "Point",
        "coordinates": [103.917, 33.25]
      },
      "properties": {
        "label": "529",
        "pub_Time": "2019",
        "class4": "4",
        "LOC": "Jiuzhaigou area, Sichuan Province, China",
        "NAME": "China",
        "classSun": "4",
        "class1": "ML"
      }
    },
    {
      "type": "Feature",
      "geometry": {
        "type": "Point",
        "coordinates": [103.55, 31.05]
      },
      "properties": {
        "label": "77",
        "pub_Time": "2012",
        "class4": "3",
        "LOC": "Beichuan county town, Beichuan County, Longmenshan area, Sichuan Province, China",
        "NAME": "China",
        "classSun": "3",
        "class1": "MM"
      }
    },
    {
      "type": "Feature",
      "geometry": {
        "type": "Point",
        "coordinates": [103.5, 30.0]
      },
      "properties": {
        "label": "685",
        "pub_Time": "2014",
        "class4": "5",
        "LOC": "Muping town of Baoxing county, Shuangshi town and Longmen town of Lushan county, Lushan, Sichuan Province, China",
        "NAME": "China",
        "classSun": "5",
        "class1": "HM"
      }
    },
    {
      "type": "Feature",
      "geometry": {
        "type": "Point",
        "coordinates": [104.0, 32.2]
      },
      "properties": {
        "label": "451",
        "pub_Time": "2023",
        "class4": "5",
        "LOC": "Hongxi River Basin, Pingwu County, Mianyang City, Sichuan Province, China",
        "NAME": "China",
        "classSun": "6",
        "class1": "HM"
      }
    },
    {
      "type": "Feature",
      "geometry": {
        "type": "Point",
        "coordinates": [104.1833, 32.3667]
      },
      "properties": {
        "label": "921",
        "pub_Time": "2022",
        "class4": "6",
        "LOC": "Pingwu County, Sichuan Province, China",
        "NAME": "China",
        "classSun": "6",
        "class1": "HM"
      }
    },
    {
      "type": "Feature",
      "geometry": {
        "type": "Point",
        "coordinates": [103.3333, 32.3333]
      },
      "properties": {
        "label": "942",
        "pub_Time": "2021",
        "class4": "4",
        "LOC": "Qingchuan County, Sichuan Province, China",
        "NAME": "China",
        "classSun": "4",
        "class1": "ML"
      }
    },
    {
      "type": "Feature",
      "geometry": {
        "type": "Point",
        "coordinates": [103.3333, 32.3333]
      },
      "properties": {
        "label": "943",
        "pub_Time": "2022",
        "class4": "4",
        "LOC": "Qingchuan County, Sichuan province, China",
        "NAME": "China",
        "classSun": "4",
        "class1": "ML"
      }
    },
    {
      "type": "Feature",
      "geometry": {
        "type": "Point",
        "coordinates": [103.5, 30.5]
      },
      "properties": {
        "label": "949",
        "pub_Time": "2012",
        "class4": "2",
        "LOC": "Qingshui River watershed, Sichuan Province, China",
        "NAME": "China",
        "classSun": "2",
        "class1": "MS"
      }
    },
    {
      "type": "Feature",
      "geometry": {
        "type": "Point",
        "coordinates": [105.0, 28.0]
      },
      "properties": {
        "label": "1046",
        "pub_Time": "2023",
        "class4": "5",
        "LOC": "Southwest China, Sichuan Province, China",
        "NAME": "China",
        "classSun": "5",
        "class1": "HM"
      }
    },
    {
      "type": "Feature",
      "geometry": {
        "type": "Point",
        "coordinates": [105.0, 28.0]
      },
      "properties": {
        "label": "1047",
        "pub_Time": "2023",
        "class4": "6",
        "LOC": "Southwest China, Sichuan Province, China",
        "NAME": "China",
        "classSun": "6",
        "class1": "HM"
      }
    },
    {
      "type": "Feature",
      "geometry": {
        "type": "Point",
        "coordinates": [103.3923, 31.0031]
      },
      "properties": {
        "label": "949",
        "pub_Time": "2012",
        "class4": "2",
        "LOC": "Wenchuan, Sichuan Province, China",
        "NAME": "China",
        "classSun": "2",
        "class1": "MS"
      }
    },
    {
      "type": "Feature",
      "geometry": {
        "type": "Point",
        "coordinates": [103.3923, 31.0031]
      },
      "properties": {
        "label": "1304",
        "pub_Time": "2022",
        "class4": "5",
        "LOC": "Wenchuan, Sichuan Province, China",
        "NAME": "China",
        "classSun": "5",
        "class1": "HM"
      }
    },
    {
      "type": "Feature",
      "geometry": {
        "type": "Point",
        "coordinates": [103.3923, 31.0031]
      },
      "properties": {
        "label": "1424",
        "pub_Time": "2023",
        "class4": "6",
        "LOC": "Wenchuan - Yingxiu, Sichuan Province, China",
        "NAME": "China",
        "classSun": "6",
        "class1": "HM"
      }
    },
    {
      "type": "Feature",
      "geometry": {
        "type": "Point",
        "coordinates": [103.3923, 31.0031]
      },
      "properties": {
        "label": "1044",
        "pub_Time": "2013",
        "LOC": "Wenchuan County, Sichuan province, China",
        "NAME": "China"
      }
    },
    {
      "type": "Feature",
      "geometry": {
        "type": "Point",
        "coordinates": [103.0, 31.0]
      },
      "properties": {
        "label": "1400",
        "pub_Time": "2022",
        "class4": "4",
        "LOC": "Zhangzha Town, Sichuan Province, China",
        "NAME": "China",
        "classSun": "4",
        "class1": "ML"
      }
    },
    {
      "type": "Feature",
      "geometry": {
        "type": "Point",
        "coordinates": [118.6, 28.7]
      },
      "properties": {
        "label": "1071",
        "pub_Time": "2023",
        "class4": "6",
        "LOC": "Songyang County, China",
        "NAME": "China",
        "classSun": "6",
        "class1": "HM"
      }
    },
    {
      "type": "Feature",
      "geometry": {
        "type": "Point",
        "coordinates": [113.0, 23.0]
      },
      "properties": {
        "label": "190",
        "pub_Time": "2020",
        "LOC": "South China region, China",
        "NAME": "China"
      }
    },
    {
      "type": "Feature",
      "geometry": {
        "type": "Point",
        "coordinates": [119.0, 27.0]
      },
      "properties": {
        "label": "109",
        "pub_Time": "2020",
        "class4": "2",
        "LOC": "Caiyuan Basin, southeast coastal mountainous area, China",
        "NAME": "China",
        "classSun": "2",
        "class1": "MS"
      }
    },
    {
      "type": "Feature",
      "geometry": {
        "type": "Point",
        "coordinates": [104.0, 35.0]
      },
      "properties": {
        "label": "786",
        "pub_Time": "2019",
        "class4": "5",
        "LOC": "mountainous regions, southeastern Gansu, China",
        "NAME": "China",
        "classSun": "5",
        "class1": "HM"
      }
    },
    {
      "type": "Feature",
      "geometry": {
        "type": "Point",
        "coordinates": [94.0, 29.0]
      },
      "properties": {
        "label": "193",
        "pub_Time": "2022",
        "LOC": "Southeastern Tibetan Plateau, China",
        "NAME": "China"
      }
    },
    {
      "type": "Feature",
      "geometry": {
        "type": "Point",
        "coordinates": [104.0, 35.0]
      },
      "properties": {
        "label": "1411",
        "pub_Time": "2017",
        "class4": "5",
        "LOC": "Zhouqu to Wudu segment, Bailong River Basin, Southern Gansu, China",
        "NAME": "China",
        "classSun": "5",
        "class1": "HM"
      }
    },
    {
      "type": "Feature",
      "geometry": {
        "type": "Point",
        "coordinates": [101.5, 25.0]
      },
      "properties": {
        "label": "194",
        "pub_Time": "2017",
        "class4": "5",
        "LOC": "mountainous area, Chuxiong, Southwest China, China",
        "NAME": "China",
        "classSun": "5",
        "class1": "HM"
      }
    },
    {
      "type": "Feature",
      "geometry": {
        "type": "Point",
        "coordinates": [96.0, 32.5]
      },
      "properties": {
        "label": "396",
        "pub_Time": "2023",
        "class4": "6",
        "LOC": "central and southeastern regions, Hengduan Mountain Region, Southwest China, China",
        "NAME": "China",
        "classSun": "6",
        "class1": "HM"
      }
    },
    {
      "type": "Feature",
      "geometry": {
        "type": "Point",
        "coordinates": [95.0, 32.0]
      },
      "properties": {
        "label": "396",
        "pub_Time": "2023",
        "class4": "6",
        "LOC": "eastern boundary of the Tibetan Plateau, Hengduan Mountain Region, Southwest China, China",
        "NAME": "China",
        "classSun": "6",
        "class1": "HM"
      }
    },
    {
      "type": "Feature",
      "geometry": {
        "type": "Point",
        "coordinates": [106.0, 26.0]
      },
      "properties": {
        "label": "562",
        "pub_Time": "2023",
        "class4": "3",
        "LOC": "Pusa in western Guizhou Province, karst mountain region in Southwest China, Southwest China, China",
        "NAME": "China",
        "classSun": "3",
        "class1": "MM"
      }
    },
    {
      "type": "Feature",
      "geometry": {
        "type": "Point",
        "coordinates": [103.15, 23.1167]
      },
      "properties": {
        "label": "1275",
        "pub_Time": "2021",
        "class4": "2",
        "LOC": "vegetated slopes, Malipo, southwest China, China",
        "NAME": "China",
        "classSun": "2",
        "class1": "MS"
      }
    },
    {
      "type": "Feature",
      "geometry": {
        "type": "Point",
        "coordinates": [102.0, 28.9]
      },
      "properties": {
        "label": "757",
        "pub_Time": "2010",
        "class4": "4",
        "LOC": "Miyi county, southwest China, China",
        "NAME": "China",
        "classSun": "4",
        "class1": "ML"
      }
    },
    {
      "type": "Feature",
      "geometry": {
        "type": "Point",
        "coordinates": [120.0, 31.0]
      },
      "properties": {
        "label": "191",
        "pub_Time": "2018",
        "class4": "5",
        "LOC": "south of Yangtze River, Southwest China, China",
        "NAME": "China",
        "classSun": "5",
        "class1": "HM"
      }
    },
    {
      "type": "Feature",
      "geometry": {
        "type": "Point",
        "coordinates": [103.3923, 31.0031]
      },
      "properties": {
        "label": "1305",
        "pub_Time": "2022",
        "class4": "6",
        "LOC": "Wenchuan, southwest China, China",
        "NAME": "China",
        "classSun": "6",
        "class1": "HM"
      }
    },
    {
      "type": "Feature",
      "geometry": {
        "type": "Point",
        "coordinates": [108.74, 30.831]
      },
      "properties": {
        "label": "334",
        "pub_Time": "2023",
        "class4": "5",
        "LOC": "Fengjie County, Chongqing, southwest of China, China",
        "NAME": "China",
        "classSun": "6",
        "class1": "HM"
      }
    },
    {
      "type": "Feature",
      "geometry": {
        "type": "Point",
        "coordinates": [102.5, 30.5]
      },
      "properties": {
        "label": "80",
        "pub_Time": "2021",
        "class4": "6",
        "LOC": "Benzilan Town, Southwestern China, China",
        "NAME": "China",
        "classSun": "6",
        "class1": "HM"
      }
    },
    {
      "type": "Feature",
      "geometry": {
        "type": "Point",
        "coordinates": [103.917, 33.25]
      },
      "properties": {
        "label": "530",
        "pub_Time": "2023",
        "class4": "4",
        "LOC": "Jiuzhaigou County, southwestern China, China",
        "NAME": "China",
        "classSun": "4",
        "class1": "ML"
      }
    },
    {
      "type": "Feature",
      "geometry": {
        "type": "Point",
        "coordinates": [103.917, 33.25]
      },
      "properties": {
        "label": "533",
        "pub_Time": "2022",
        "class4": "4",
        "LOC": "Jiuzhaigou, Jiuzhaigou County, southwestern China, China",
        "NAME": "China",
        "classSun": "4",
        "class1": "ML"
      }
    },
    {
      "type": "Feature",
      "geometry": {
        "type": "Point",
        "coordinates": [102.6, 30.6]
      },
      "properties": {
        "label": "80",
        "pub_Time": "2021",
        "class4": "6",
        "LOC": "Waka Town, Southwestern China, China",
        "NAME": "China",
        "classSun": "6",
        "class1": "HM"
      }
    },
    {
      "type": "Feature",
      "geometry": {
        "type": "Point",
        "coordinates": [100.5, 23.25]
      },
      "properties": {
        "label": "1118",
        "pub_Time": "2015",
        "class4": "3",
        "LOC": "Lantsang River, Xiaowan project, Southwestern region, China",
        "NAME": "China",
        "classSun": "3",
        "class1": "MM"
      }
    },
    {
      "type": "Feature",
      "geometry": {
        "type": "Point",
        "coordinates": [107.0, 33.5]
      },
      "properties": {
        "label": "1137",
        "pub_Time": "2017",
        "class4": "4",
        "LOC": "Taibai county, China",
        "NAME": "China",
        "classSun": "4",
        "class1": "ML"
      }
    },
    {
      "type": "Feature",
      "geometry": {
        "type": "Point",
        "coordinates": [107.0, 33.5]
      },
      "properties": {
        "label": "1136",
        "pub_Time": "2018",
        "class4": "5",
        "LOC": "Taibai County, China",
        "NAME": "China",
        "classSun": "5",
        "class1": "HM"
      }
    },
    {
      "type": "Feature",
      "geometry": {
        "type": "Point",
        "coordinates": [107.0, 33.5]
      },
      "properties": {
        "label": "1138",
        "pub_Time": "2016",
        "class4": "2",
        "LOC": "Taibai County, Taibai County, China",
        "NAME": "China",
        "classSun": "2",
        "class1": "MS"
      }
    },
    {
      "type": "Feature",
      "geometry": {
        "type": "Point",
        "coordinates": [111.5, 28.5]
      },
      "properties": {
        "label": "1156",
        "pub_Time": "2022",
        "class4": "5",
        "LOC": "Taojiang County, China",
        "NAME": "China",
        "classSun": "6",
        "class1": "HM"
      }
    },
    {
      "type": "Feature",
      "geometry": {
        "type": "Point",
        "coordinates": [111.0, 30.82]
      },
      "properties": {
        "label": "1202",
        "pub_Time": "2020",
        "class4": "6",
        "LOC": "Three Gorges Reservoir, TGR, China",
        "NAME": "China",
        "classSun": "6",
        "class1": "HM"
      }
    },
    {
      "type": "Feature",
      "geometry": {
        "type": "Point",
        "coordinates": [108.8, 30.5]
      },
      "properties": {
        "label": "1194",
        "pub_Time": "2019",
        "class4": "4",
        "LOC": "Three Gorges Reservoir area, Wushan segment of TGRA, TGRA, China",
        "NAME": "China",
        "classSun": "4",
        "class1": "ML"
      }
    },
    {
      "type": "Feature",
      "geometry": {
        "type": "Point",
        "coordinates": [111.0, 30.82]
      },
      "properties": {
        "label": "1180",
        "pub_Time": "2004",
        "class4": "5",
        "LOC": "Three Gorges area, The Three Gorges dam, China",
        "NAME": "China",
        "classSun": "5",
        "class1": "HM"
      }
    },
    {
      "type": "Feature",
      "geometry": {
        "type": "Point",
        "coordinates": [108.4, 30.8]
      },
      "properties": {
        "label": "1231",
        "pub_Time": "2023",
        "class4": "6",
        "LOC": "Two towns in the Three - Gorge Reservoir area, Wanzhou County, Three - Gorge Reservoir, China",
        "NAME": "China",
        "classSun": "6",
        "class1": "HM"
      }
    },
    {
      "type": "Feature",
      "geometry": {
        "type": "Point",
        "coordinates": [111.0039, 30.8231]
      },
      "properties": {
        "label": "945",
        "pub_Time": "2012",
        "class4": "5",
        "LOC": "Qinggan River delta, Three Gorges, China",
        "NAME": "China",
        "classSun": "5",
        "class1": "HM"
      }
    },
    {
      "type": "Feature",
      "geometry": {
        "type": "Point",
        "coordinates": [111.0, 30.2]
      },
      "properties": {
        "label": "1207",
        "pub_Time": "2007",
        "LOC": "Badong, Bank of Yangtze and its major tributaries, Three Gorges area, Three Gorges, China",
        "NAME": "China"
      }
    },
    {
      "type": "Feature",
      "geometry": {
        "type": "Point",
        "coordinates": [110.6, 30.6]
      },
      "properties": {
        "label": "1207",
        "pub_Time": "2007",
        "LOC": "Huangtupo, Bank of Yangtze and its major tributaries, Three Gorges area, Three Gorges, China",
        "NAME": "China"
      }
    },
    {
      "type": "Feature",
      "geometry": {
        "type": "Point",
        "coordinates": [110.5, 30.5]
      },
      "properties": {
        "label": "1207",
        "pub_Time": "2007",
        "LOC": "Qianjiangping, Bank of Yangtze and its major tributaries, Three Gorges area, Three Gorges, China",
        "NAME": "China"
      }
    },
    {
      "type": "Feature",
      "geometry": {
        "type": "Point",
        "coordinates": [108.4, 30.8]
      },
      "properties": {
        "label": "1207",
        "pub_Time": "2007",
        "LOC": "Wushan, Bank of Yangtze and its major tributaries, Three Gorges area, Three Gorges, China",
        "NAME": "China"
      }
    },
    {
      "type": "Feature",
      "geometry": {
        "type": "Point",
        "coordinates": [108.5833, 30.8333]
      },
      "properties": {
        "label": "539",
        "pub_Time": "2018",
        "class4": "5",
        "LOC": "Kaixian, Kaixian area, Three Gorges area, China",
        "NAME": "China",
        "classSun": "5",
        "class1": "HM"
      }
    },
    {
      "type": "Feature",
      "geometry": {
        "type": "Point",
        "coordinates": [111.0, 30.2]
      },
      "properties": {
        "label": "1334",
        "pub_Time": "2007",
        "class4": "2",
        "LOC": "Badong, Wushan - Badong area, Three Gorges area, China",
        "NAME": "China",
        "classSun": "2",
        "class1": "MS"
      }
    },
    {
      "type": "Feature",
      "geometry": {
        "type": "Point",
        "coordinates": [108.4, 30.8]
      },
      "properties": {
        "label": "1334",
        "pub_Time": "2007",
        "class4": "2",
        "LOC": "Wushan, Wushan - Badong area, Three Gorges area, China",
        "NAME": "China",
        "classSun": "2",
        "class1": "MS"
      }
    },
    {
      "type": "Feature",
      "geometry": {
        "type": "Point",
        "coordinates": [111.0, 31.0]
      },
      "properties": {
        "label": "1334",
        "pub_Time": "2007",
        "class4": "2",
        "LOC": "Yangtze River and its tributaries, Wushan - Badong area, Three Gorges area, China",
        "NAME": "China",
        "classSun": "2",
        "class1": "MS"
      }
    },
    {
      "type": "Feature",
      "geometry": {
        "type": "Point",
        "coordinates": [110.8, 30.6]
      },
      "properties": {
        "label": "1203",
        "pub_Time": "2017",
        "class4": "3",
        "LOC": "Maliulin, Three Gorges Reservoir, China",
        "NAME": "China",
        "classSun": "3",
        "class1": "MM"
      }
    },
    {
      "type": "Feature",
      "geometry": {
        "type": "Point",
        "coordinates": [111.0, 30.0]
      },
      "properties": {
        "label": "1205",
        "pub_Time": "2013",
        "class4": "3",
        "LOC": "Yunyang County, Three Gorges Reservoir, China",
        "NAME": "China",
        "classSun": "3",
        "class1": "MM"
      }
    },
    {
      "type": "Feature",
      "geometry": {
        "type": "Point",
        "coordinates": [111.0, 30.82]
      },
      "properties": {
        "label": "1190",
        "pub_Time": "2022",
        "class4": "6",
        "LOC": "Three Gorges Reservoir area, China",
        "NAME": "China",
        "classSun": "6",
        "class1": "HM"
      }
    },
    {
      "type": "Feature",
      "geometry": {
        "type": "Point",
        "coordinates": [108.2, 31.2]
      },
      "properties": {
        "label": "269",
        "pub_Time": "2023",
        "class4": "6",
        "LOC": "Dazhou town, Three Gorges Reservoir Area, China",
        "NAME": "China",
        "classSun": "6",
        "class1": "HM"
      }
    },
    {
      "type": "Feature",
      "geometry": {
        "type": "Point",
        "coordinates": [108.74, 30.831]
      },
      "properties": {
        "label": "335",
        "pub_Time": "2020",
        "class4": "4",
        "LOC": "Fengjie County, Three Gorges Reservoir area, China",
        "NAME": "China",
        "classSun": "4",
        "class1": "ML"
      }
    },
    {
      "type": "Feature",
      "geometry": {
        "type": "Point",
        "coordinates": [112.0, 30.0]
      },
      "properties": {
        "label": "454",
        "pub_Time": "2021",
        "class4": "5",
        "LOC": "Yangtze River, Hubei section, Three Gorges Reservoir Area, China",
        "NAME": "China",
        "classSun": "5",
        "class1": "HM"
      }
    },
    {
      "type": "Feature",
      "geometry": {
        "type": "Point",
        "coordinates": [109.5, 30.0]
      },
      "properties": {
        "label": "1187",
        "pub_Time": "2021",
        "LOC": "Longshuigou, Longshuigou landslide in Fengjie County of Chongqing city, Three Gorges Reservoir Area, China",
        "NAME": "China"
      }
    },
    {
      "type": "Feature",
      "geometry": {
        "type": "Point",
        "coordinates": [108.1, 31.1]
      },
      "properties": {
        "label": "269",
        "pub_Time": "2023",
        "class4": "6",
        "LOC": "Main reservoir area, Three Gorges Reservoir Area, China",
        "NAME": "China",
        "classSun": "6",
        "class1": "HM"
      }
    },
    {
      "type": "Feature",
      "geometry": {
        "type": "Point",
        "coordinates": [111.1, 30.6]
      },
      "properties": {
        "label": "1196",
        "pub_Time": "2023",
        "class4": "6",
        "LOC": "upper part of Badong County, Three Gorges Reservoir area, China",
        "NAME": "China",
        "classSun": "6",
        "class1": "HM"
      }
    },
    {
      "type": "Feature",
      "geometry": {
        "type": "Point",
        "coordinates": [108.4, 30.8]
      },
      "properties": {
        "label": "1197",
        "pub_Time": "2023",
        "class4": "5",
        "LOC": "urban area of Wanzhou, Three Gorges Reservoir area, China",
        "NAME": "China",
        "classSun": "5",
        "class1": "HM"
      }
    },
    {
      "type": "Feature",
      "geometry": {
        "type": "Point",
        "coordinates": [108.4, 30.8]
      },
      "properties": {
        "label": "1286",
        "pub_Time": "2010",
        "class4": "2",
        "LOC": "Wanzhou County, Three Gorges Reservoir area, China",
        "NAME": "China",
        "classSun": "2",
        "class1": "MS"
      }
    },
    {
      "type": "Feature",
      "geometry": {
        "type": "Point",
        "coordinates": [108.4, 30.8]
      },
      "properties": {
        "label": "1290",
        "pub_Time": "2018",
        "class4": "5",
        "LOC": "Wanzhou section, Three Gorges reservoir area, China",
        "NAME": "China",
        "classSun": "6",
        "class1": "HM"
      }
    },
    {
      "type": "Feature",
      "geometry": {
        "type": "Point",
        "coordinates": [108.7, 30.1]
      },
      "properties": {
        "label": "335",
        "pub_Time": "2020",
        "class4": "4",
        "LOC": "Wushan County, Three Gorges Reservoir area, China",
        "NAME": "China",
        "classSun": "4",
        "class1": "ML"
      }
    },
    {
      "type": "Feature",
      "geometry": {
        "type": "Point",
        "coordinates": [111.0, 30.0]
      },
      "properties": {
        "label": "693",
        "pub_Time": "2016",
        "class4": "5",
        "LOC": "Majiagou, Three Gorges Reservoir in China, China",
        "NAME": "China",
        "classSun": "5",
        "class1": "HM"
      }
    },
    {
      "type": "Feature",
      "geometry": {
        "type": "Point",
        "coordinates": [108.0, 30.0]
      },
      "properties": {
        "label": "201",
        "pub_Time": "2009",
        "class4": "2",
        "LOC": "both sides of the Yangtze River, Zhongxian - Shizhu Segment, Three Gorges Reservoir region, China",
        "NAME": "China",
        "classSun": "2",
        "class1": "MS"
      }
    },
    {
      "type": "Feature",
      "geometry": {
        "type": "Point",
        "coordinates": [89.0, 31.0]
      },
      "properties": {
        "label": "1211",
        "pub_Time": "2023",
        "class4": "5",
        "LOC": "Tibet, China",
        "NAME": "China",
        "classSun": "5",
        "class1": "HM"
      }
    },
    {
      "type": "Feature",
      "geometry": {
        "type": "Point",
        "coordinates": [91.1, 29.7]
      },
      "properties": {
        "label": "57",
        "pub_Time": "2023",
        "LOC": "Baige Village, eastern Tibet, Tibet, China",
        "NAME": "China"
      }
    },
    {
      "type": "Feature",
      "geometry": {
        "type": "Point",
        "coordinates": [92.0, 29.0]
      },
      "properties": {
        "label": "426",
        "pub_Time": "2020",
        "class4": "5",
        "LOC": "Himalayan range (Chinese Himalayas in Tibet, Himalayan region), Jilong Valley, Tibet, China",
        "NAME": "China",
        "classSun": "5",
        "class1": "HM"
      }
    },
    {
      "type": "Feature",
      "geometry": {
        "type": "Point",
        "coordinates": [94.1, 29.65]
      },
      "properties": {
        "label": "751",
        "pub_Time": "2022",
        "class4": "5",
        "LOC": "end of the Eastern Himalayan Syntaxis, Eastern Himalayan Syntaxis region, Milin County, Linzhi City, Tibet, China",
        "NAME": "China",
        "classSun": "5",
        "class1": "HM"
      }
    },
    {
      "type": "Feature",
      "geometry": {
        "type": "Point",
        "coordinates": [87.5, 29.5]
      },
      "properties": {
        "label": "817",
        "pub_Time": "2018",
        "class4": "5",
        "LOC": "Nepal border in Tibet, Tibet, China",
        "NAME": "China",
        "classSun": "5",
        "class1": "HM"
      }
    },
    {
      "type": "Feature",
      "geometry": {
        "type": "Point",
        "coordinates": [94.0, 29.0]
      },
      "properties": {
        "label": "1039",
        "pub_Time": "2023",
        "class4": "4",
        "LOC": "Changdu and Nyingchi Cities, western STEC, Sichuan - Tibet Engineering Corridor, STEC, southeastern margins of the Tibetan Plateau, Tibet, China",
        "NAME": "China",
        "classSun": "4",
        "class1": "ML"
      }
    },
    {
      "type": "Feature",
      "geometry": {
        "type": "Point",
        "coordinates": [97.0, 29.0]
      },
      "properties": {
        "label": "1039",
        "pub_Time": "2023",
        "class4": "4",
        "LOC": "Lancang  Nu  and Yarlung Tsangpo, western STEC, Sichuan - Tibet Engineering Corridor, STEC, southeastern margins of the Tibetan Plateau, Tibet, China",
        "NAME": "China",
        "classSun": "4",
        "class1": "ML"
      }
    },
    {
      "type": "Feature",
      "geometry": {
        "type": "Point",
        "coordinates": [88.0, 28.5]
      },
      "properties": {
        "label": "420",
        "pub_Time": "2023",
        "class4": "5",
        "LOC": "Himalayan areas, Yadong County, Tibet, China",
        "NAME": "China",
        "classSun": "5",
        "class1": "HM"
      }
    },
    {
      "type": "Feature",
      "geometry": {
        "type": "Point",
        "coordinates": [95.0, 29.0]
      },
      "properties": {
        "label": "1041",
        "pub_Time": "2021",
        "class4": "5",
        "LOC": "east of the Tibetan Plateau, Sichuan - Tibet Highway, Tibetan Plateau, China",
        "NAME": "China",
        "classSun": "5",
        "class1": "HM"
      }
    },
    {
      "type": "Feature",
      "geometry": {
        "type": "Point",
        "coordinates": [90.0, 32.0]
      },
      "properties": {
        "label": "1212",
        "pub_Time": "2023",
        "class4": "5",
        "LOC": "Tibetan Plateau, Tibetan Plateau, China",
        "NAME": "China",
        "classSun": "5",
        "class1": "HM"
      }
    },
    {
      "type": "Feature",
      "geometry": {
        "type": "Point",
        "coordinates": [100.0, 31.0]
      },
      "properties": {
        "label": "1252",
        "pub_Time": "2022",
        "class4": "4",
        "LOC": "upper reaches of Jinsha River, Tibetan Plateau, China",
        "NAME": "China",
        "classSun": "4",
        "class1": "ML"
      }
    },
    {
      "type": "Feature",
      "geometry": {
        "type": "Point",
        "coordinates": [129.0, 42.9833]
      },
      "properties": {
        "label": "1226",
        "pub_Time": "2022",
        "class4": "5",
        "LOC": "Tumen, China",
        "NAME": "China",
        "classSun": "5",
        "class1": "HM"
      }
    },
    {
      "type": "Feature",
      "geometry": {
        "type": "Point",
        "coordinates": [100.0, 31.0]
      },
      "properties": {
        "label": "1253",
        "pub_Time": "2023",
        "class4": "5",
        "LOC": "upper reaches of the Jinsha River, China",
        "NAME": "China",
        "classSun": "6",
        "class1": "HM"
      }
    },
    {
      "type": "Feature",
      "geometry": {
        "type": "Point",
        "coordinates": [108.4, 30.8]
      },
      "properties": {
        "label": "1284",
        "pub_Time": "2019",
        "class4": "5",
        "LOC": "Wanzhou County, China",
        "NAME": "China",
        "classSun": "5",
        "class1": "HM"
      }
    },
    {
      "type": "Feature",
      "geometry": {
        "type": "Point",
        "coordinates": [108.4, 30.8]
      },
      "properties": {
        "label": "1285",
        "pub_Time": "2019",
        "class4": "5",
        "LOC": "Wanzhou County, China",
        "NAME": "China",
        "classSun": "5",
        "class1": "HM"
      }
    },
    {
      "type": "Feature",
      "geometry": {
        "type": "Point",
        "coordinates": [108.4, 30.8]
      },
      "properties": {
        "label": "814",
        "pub_Time": "2022",
        "class4": "5",
        "LOC": "National Highway G69, Wanzhou district, China",
        "NAME": "China",
        "classSun": "5",
        "class1": "HM"
      }
    },
    {
      "type": "Feature",
      "geometry": {
        "type": "Point",
        "coordinates": [108.4, 30.8]
      },
      "properties": {
        "label": "1191",
        "pub_Time": "2022",
        "class4": "6",
        "LOC": "Three Gorges Reservoir area, Wanzhou section, China",
        "NAME": "China",
        "classSun": "6",
        "class1": "HM"
      }
    },
    {
      "type": "Feature",
      "geometry": {
        "type": "Point",
        "coordinates": [114.0, 35.0]
      },
      "properties": {
        "label": "1294",
        "pub_Time": "2017",
        "class4": "5",
        "LOC": "Wen County, China",
        "NAME": "China",
        "classSun": "5",
        "class1": "HM"
      }
    },
    {
      "type": "Feature",
      "geometry": {
        "type": "Point",
        "coordinates": [103.3923, 31.0031]
      },
      "properties": {
        "label": "870",
        "pub_Time": "2020",
        "class4": "3",
        "LOC": "Wenchuan, China",
        "NAME": "China",
        "classSun": "3",
        "class1": "MM"
      }
    },
    {
      "type": "Feature",
      "geometry": {
        "type": "Point",
        "coordinates": [103.3, 31.1]
      },
      "properties": {
        "label": "290",
        "pub_Time": "2019",
        "class4": "5",
        "LOC": "Duwen Highway Basin, Wenchuan, China",
        "NAME": "China",
        "classSun": "5",
        "class1": "HM"
      }
    },
    {
      "type": "Feature",
      "geometry": {
        "type": "Point",
        "coordinates": [111.0, 27.0]
      },
      "properties": {
        "label": "196",
        "pub_Time": "2021",
        "class4": "2",
        "LOC": "Hunan, Western and Northern China, China",
        "NAME": "China",
        "classSun": "2",
        "class1": "MS"
      }
    },
    {
      "type": "Feature",
      "geometry": {
        "type": "Point",
        "coordinates": [102.0, 30.0]
      },
      "properties": {
        "label": "196",
        "pub_Time": "2021",
        "class4": "2",
        "LOC": "Sichuan, Western and Northern China, China",
        "NAME": "China",
        "classSun": "2",
        "class1": "MS"
      }
    },
    {
      "type": "Feature",
      "geometry": {
        "type": "Point",
        "coordinates": [102.0, 25.0]
      },
      "properties": {
        "label": "196",
        "pub_Time": "2021",
        "class4": "2",
        "LOC": "Yunnan, Western and Northern China, China",
        "NAME": "China",
        "classSun": "2",
        "class1": "MS"
      }
    },
    {
      "type": "Feature",
      "geometry": {
        "type": "Point",
        "coordinates": [114.1628, 22.2793]
      },
      "properties": {
        "label": "870",
        "pub_Time": "2020",
        "class4": "3",
        "LOC": "western part of Hong Kong island, China",
        "NAME": "China",
        "classSun": "3",
        "class1": "MM"
      }
    },
    {
      "type": "Feature",
      "geometry": {
        "type": "Point",
        "coordinates": [117.3, 29.3]
      },
      "properties": {
        "label": "1335",
        "pub_Time": "2017",
        "class4": "5",
        "LOC": "Wuyuan area, China",
        "NAME": "China",
        "classSun": "5",
        "class1": "HM"
      }
    },
    {
      "type": "Feature",
      "geometry": {
        "type": "Point",
        "coordinates": [111.0, 23.5]
      },
      "properties": {
        "label": "164",
        "pub_Time": "2023",
        "class4": "5",
        "LOC": "Changzhou town, Wuzhou, China",
        "NAME": "China",
        "classSun": "5",
        "class1": "HM"
      }
    },
    {
      "type": "Feature",
      "geometry": {
        "type": "Point",
        "coordinates": [103.5, 32.0]
      },
      "properties": {
        "label": "1341",
        "pub_Time": "2022",
        "class4": "5",
        "LOC": "Xiaojin County, China",
        "NAME": "China",
        "classSun": "5",
        "class1": "HM"
      }
    },
    {
      "type": "Feature",
      "geometry": {
        "type": "Point",
        "coordinates": [87.6, 43.8]
      },
      "properties": {
        "label": "5",
        "pub_Time": "2021",
        "class4": "3",
        "LOC": "Lagou Reservoir, Xinjiang, China",
        "NAME": "China",
        "classSun": "3",
        "class1": "MM"
      }
    },
    {
      "type": "Feature",
      "geometry": {
        "type": "Point",
        "coordinates": [104.0, 30.5]
      },
      "properties": {
        "label": "1345",
        "pub_Time": "2005",
        "class4": "2",
        "LOC": "Xintan, China",
        "NAME": "China",
        "classSun": "2",
        "class1": "MS"
      }
    },
    {
      "type": "Feature",
      "geometry": {
        "type": "Point",
        "coordinates": [109.5, 36.6]
      },
      "properties": {
        "label": "1350",
        "pub_Time": "2024",
        "class4": "4",
        "LOC": "Yan an city, China",
        "NAME": "China",
        "classSun": "4",
        "class1": "ML"
      }
    },
    {
      "type": "Feature",
      "geometry": {
        "type": "Point",
        "coordinates": [109.5, 36.6]
      },
      "properties": {
        "label": "1332",
        "pub_Time": "2022",
        "class4": "6",
        "LOC": "Wuqi County, Yan an City, China",
        "NAME": "China",
        "classSun": "6",
        "class1": "HM"
      }
    },
    {
      "type": "Feature",
      "geometry": {
        "type": "Point",
        "coordinates": [109.5, 36.6]
      },
      "properties": {
        "label": "70",
        "pub_Time": "2019",
        "class4": "5",
        "LOC": "Baota District, Yan'an City, China",
        "NAME": "China",
        "classSun": "5",
        "class1": "HM"
      }
    },
    {
      "type": "Feature",
      "geometry": {
        "type": "Point",
        "coordinates": [129.0, 42.0]
      },
      "properties": {
        "label": "1351",
        "pub_Time": "2023",
        "class4": "6",
        "LOC": "Yanshan County, Yanbian Prefecture, China",
        "NAME": "North Korea",
        "classSun": "6",
        "class1": "HM"
      }
    },
    {
      "type": "Feature",
      "geometry": {
        "type": "Point",
        "coordinates": [129.0, 42.0]
      },
      "properties": {
        "label": "1351",
        "pub_Time": "2023",
        "class4": "6",
        "LOC": "Yongxin County, Yanbian Prefecture, China",
        "NAME": "North Korea",
        "classSun": "6",
        "class1": "HM"
      }
    },
    {
      "type": "Feature",
      "geometry": {
        "type": "Point",
        "coordinates": [112.0, 31.0]
      },
      "properties": {
        "label": "746",
        "pub_Time": "2013",
        "class4": "6",
        "LOC": "middle and upper reaches, Yangtze River, China",
        "NAME": "China",
        "classSun": "6",
        "class1": "HM"
      }
    },
    {
      "type": "Feature",
      "geometry": {
        "type": "Point",
        "coordinates": [110.5, 30.5]
      },
      "properties": {
        "label": "1193",
        "pub_Time": "2023",
        "class4": "3",
        "LOC": "Three Gorges Reservoir area, Shilongmen reservoir, TGRA, Yangtze River, China",
        "NAME": "China",
        "classSun": "3",
        "class1": "MM"
      }
    },
    {
      "type": "Feature",
      "geometry": {
        "type": "Point",
        "coordinates": [111.0, 30.2]
      },
      "properties": {
        "label": "1204",
        "pub_Time": "2019",
        "class4": "4",
        "LOC": "TGR region on the Yangtze River in Zigui County, Three Gorges Reservoir, Yangtze River, China",
        "NAME": "China",
        "classSun": "4",
        "class1": "ML"
      }
    },
    {
      "type": "Feature",
      "geometry": {
        "type": "Point",
        "coordinates": [111.0, 30.82]
      },
      "properties": {
        "label": "1198",
        "pub_Time": "2022",
        "class4": "4",
        "LOC": "Three Gorges Reservoir area, Yangtze River - Three Gorges Reservoir region, Three Gorges Reservoir region, Yangtze River Economic Zone, China",
        "NAME": "China",
        "classSun": "4",
        "class1": "ML"
      }
    },
    {
      "type": "Feature",
      "geometry": {
        "type": "Point",
        "coordinates": [110.0, 30.0]
      },
      "properties": {
        "label": "1354",
        "pub_Time": "2015",
        "class4": "4",
        "LOC": "Guojiaba, Yangtze River Three Gorges Reservoir Area, China",
        "NAME": "China",
        "classSun": "4",
        "class1": "ML"
      }
    },
    {
      "type": "Feature",
      "geometry": {
        "type": "Point",
        "coordinates": [117.9, 28.0]
      },
      "properties": {
        "label": "1356",
        "pub_Time": "2020",
        "class4": "5",
        "LOC": "Yanshan County, China",
        "NAME": "China",
        "classSun": "6",
        "class1": "HM"
      }
    },
    {
      "type": "Feature",
      "geometry": {
        "type": "Point",
        "coordinates": [116.0, 28.0]
      },
      "properties": {
        "label": "1363",
        "pub_Time": "2015",
        "class4": "5",
        "LOC": "Yihuang area, China",
        "NAME": "China",
        "classSun": "6",
        "class1": "HM"
      }
    },
    {
      "type": "Feature",
      "geometry": {
        "type": "Point",
        "coordinates": [81.3, 43.9]
      },
      "properties": {
        "label": "400",
        "pub_Time": "2022",
        "class4": "5",
        "LOC": "highway G30, Guozigou Valley, Yili, China",
        "NAME": "China",
        "classSun": "5",
        "class1": "HM"
      }
    },
    {
      "type": "Feature",
      "geometry": {
        "type": "Point",
        "coordinates": [99.0, 26.0]
      },
      "properties": {
        "label": "1372",
        "pub_Time": "2023",
        "class4": "4",
        "LOC": "Yongping County, China",
        "NAME": "China",
        "classSun": "4",
        "class1": "ML"
      }
    },
    {
      "type": "Feature",
      "geometry": {
        "type": "Point",
        "coordinates": [115.8, 25.8]
      },
      "properties": {
        "label": "1379",
        "pub_Time": "2020",
        "class4": "5",
        "LOC": "Yongxin, China",
        "NAME": "China",
        "classSun": "6",
        "class1": "HM"
      }
    },
    {
      "type": "Feature",
      "geometry": {
        "type": "Point",
        "coordinates": [115.8, 25.8]
      },
      "properties": {
        "label": "1374",
        "pub_Time": "2020",
        "class4": "5",
        "LOC": "Yongxin Country, China",
        "NAME": "China",
        "classSun": "5",
        "class1": "HM"
      }
    },
    {
      "type": "Feature",
      "geometry": {
        "type": "Point",
        "coordinates": [115.8, 25.8]
      },
      "properties": {
        "label": "1377",
        "pub_Time": "2019",
        "class4": "4",
        "LOC": "Yongxin County, China",
        "NAME": "China",
        "classSun": "4",
        "class1": "ML"
      }
    },
    {
      "type": "Feature",
      "geometry": {
        "type": "Point",
        "coordinates": [115.8, 25.8]
      },
      "properties": {
        "label": "1378",
        "pub_Time": "2020",
        "class4": "4",
        "LOC": "Yongxin County, China",
        "NAME": "China",
        "classSun": "4",
        "class1": "ML"
      }
    },
    {
      "type": "Feature",
      "geometry": {
        "type": "Point",
        "coordinates": [115.8, 25.8]
      },
      "properties": {
        "label": "1376",
        "pub_Time": "2023",
        "class4": "5",
        "LOC": "Yongxin County, China",
        "NAME": "China",
        "classSun": "6",
        "class1": "HM"
      }
    },
    {
      "type": "Feature",
      "geometry": {
        "type": "Point",
        "coordinates": [108.0, 33.0]
      },
      "properties": {
        "label": "1385",
        "pub_Time": "2021",
        "class4": "5",
        "LOC": "Yuan'an County, China",
        "NAME": "China",
        "classSun": "5",
        "class1": "HM"
      }
    },
    {
      "type": "Feature",
      "geometry": {
        "type": "Point",
        "coordinates": [112.0333, 22.9333]
      },
      "properties": {
        "label": "1387",
        "pub_Time": "2023",
        "class4": "2",
        "LOC": "Yunfu City, China",
        "NAME": "China",
        "classSun": "2",
        "class1": "MS"
      }
    },
    {
      "type": "Feature",
      "geometry": {
        "type": "Point",
        "coordinates": [108.0, 31.0]
      },
      "properties": {
        "label": "840",
        "pub_Time": "2013",
        "class4": "5",
        "LOC": "Zhong - Wu natural gas pipeline from Zhongxian County to Wuhan, northeast, Yunnan - Guizhou Plateau, China",
        "NAME": "China",
        "classSun": "5",
        "class1": "HM"
      }
    },
    {
      "type": "Feature",
      "geometry": {
        "type": "Point",
        "coordinates": [102.7, 24.85]
      },
      "properties": {
        "label": "830",
        "pub_Time": "2023",
        "class4": "2",
        "LOC": "Dianchi Lake watershed, nine plateau lake watersheds, Yunnan, China",
        "NAME": "China",
        "classSun": "2",
        "class1": "MS"
      }
    },
    {
      "type": "Feature",
      "geometry": {
        "type": "Point",
        "coordinates": [101.0, 25.0]
      },
      "properties": {
        "label": "1389",
        "pub_Time": "2023",
        "class4": "4",
        "LOC": "Yunnan Province, China",
        "NAME": "China",
        "classSun": "4",
        "class1": "ML"
      }
    },
    {
      "type": "Feature",
      "geometry": {
        "type": "Point",
        "coordinates": [103.0, 25.0]
      },
      "properties": {
        "label": "249",
        "pub_Time": "2017",
        "class4": "5",
        "LOC": "Daguan County, Yunnan Province, China",
        "NAME": "China",
        "classSun": "5",
        "class1": "HM"
      }
    },
    {
      "type": "Feature",
      "geometry": {
        "type": "Point",
        "coordinates": [98.5, 24.5]
      },
      "properties": {
        "label": "271",
        "pub_Time": "2023",
        "class4": "4",
        "LOC": "Dehong Prefecture, Yunnan Province, China",
        "NAME": "China",
        "classSun": "4",
        "class1": "ML"
      }
    },
    {
      "type": "Feature",
      "geometry": {
        "type": "Point",
        "coordinates": [98.2335, 28.4934]
      },
      "properties": {
        "label": "275",
        "pub_Time": "2019",
        "class4": "3",
        "LOC": "Deqin County, Yunnan Province, China",
        "NAME": "China",
        "classSun": "3",
        "class1": "MM"
      }
    },
    {
      "type": "Feature",
      "geometry": {
        "type": "Point",
        "coordinates": [98.2335, 28.4934]
      },
      "properties": {
        "label": "276",
        "pub_Time": "2019",
        "class4": "3",
        "LOC": "Deqin County, Yunnan Province, China",
        "NAME": "China",
        "classSun": "3",
        "class1": "MM"
      }
    },
    {
      "type": "Feature",
      "geometry": {
        "type": "Point",
        "coordinates": [100.0, 25.0]
      },
      "properties": {
        "label": "1033",
        "pub_Time": "2023",
        "class4": "5",
        "LOC": "Shuangbai County, Shuangbai County, Yunnan Province, China",
        "NAME": "China",
        "classSun": "5",
        "class1": "HM"
      }
    },
    {
      "type": "Feature",
      "geometry": {
        "type": "Point",
        "coordinates": [102.5, 26.5]
      },
      "properties": {
        "label": "1405",
        "pub_Time": "2021",
        "class4": "5",
        "LOC": "Zhenxiong County, Yunnan Province, China",
        "NAME": "China",
        "classSun": "5",
        "class1": "HM"
      }
    },
    {
      "type": "Feature",
      "geometry": {
        "type": "Point",
        "coordinates": [109.0, 33.0]
      },
      "properties": {
        "label": "1401",
        "pub_Time": "2023",
        "class4": "6",
        "LOC": "Zhashui County, China",
        "NAME": "China",
        "classSun": "6",
        "class1": "HM"
      }
    },
    {
      "type": "Feature",
      "geometry": {
        "type": "Point",
        "coordinates": [120.0, 29.0]
      },
      "properties": {
        "label": "1402",
        "pub_Time": "2020",
        "class4": "5",
        "LOC": "Zhejiang Province, China",
        "NAME": "China",
        "classSun": "6",
        "class1": "HM"
      }
    },
    {
      "type": "Feature",
      "geometry": {
        "type": "Point",
        "coordinates": [121.462, 28.7023]
      },
      "properties": {
        "label": "291",
        "pub_Time": "2019",
        "class4": "5",
        "LOC": "Duxiantou, Zhejiang Province, China",
        "NAME": "China",
        "classSun": "5",
        "class1": "HM"
      }
    },
    {
      "type": "Feature",
      "geometry": {
        "type": "Point",
        "coordinates": [106.5, 29.5]
      },
      "properties": {
        "label": "1416",
        "pub_Time": "2019",
        "class4": "5",
        "LOC": "Zichang County, China",
        "NAME": "China",
        "classSun": "6",
        "class1": "HM"
      }
    },
    {
      "type": "Feature",
      "geometry": {
        "type": "Point",
        "coordinates": [106.5, 29.5]
      },
      "properties": {
        "label": "1415",
        "pub_Time": "2021",
        "class4": "5",
        "LOC": "Zichang City, Zichang region, China",
        "NAME": "China",
        "classSun": "5",
        "class1": "HM"
      }
    },
    {
      "type": "Feature",
      "geometry": {
        "type": "Point",
        "coordinates": [103.0, 35.0]
      },
      "properties": {
        "label": "186",
        "pub_Time": "2022",
        "class4": "5",
        "LOC": "China, China Pakistan Karakoram Highway",
        "NAME": "China",
        "classSun": "6",
        "class1": "HM"
      }
    },
    {
      "type": "Feature",
      "geometry": {
        "type": "Point",
        "coordinates": [70.0, 30.0]
      },
      "properties": {
        "label": "186",
        "pub_Time": "2022",
        "class4": "5",
        "LOC": "Pakistan, China Pakistan Karakoram Highway",
        "NAME": "Pakistan",
        "classSun": "6",
        "class1": "HM"
      }
    },
    {
      "type": "Feature",
      "geometry": {
        "type": "Point",
        "coordinates": [109.5, 37.2]
      },
      "properties": {
        "label": "650",
        "pub_Time": "2012",
        "LOC": "loess catchment in the Huachi County was, Chinese Loess Plateau",
        "NAME": "China"
      }
    },
    {
      "type": "Feature",
      "geometry": {
        "type": "Point",
        "coordinates": [72.395, 35.2567]
      },
      "properties": {
        "label": "207",
        "pub_Time": "2021",
        "class4": "5",
        "LOC": "Chitral valley",
        "NAME": "Pakistan",
        "classSun": "5",
        "class1": "HM"
      }
    },
    {
      "type": "Feature",
      "geometry": {
        "type": "Point",
        "coordinates": [107.0, 30.0]
      },
      "properties": {
        "label": "1407",
        "pub_Time": "2023",
        "class4": "6",
        "LOC": "Zhong County, Chongqing",
        "NAME": "China",
        "classSun": "6",
        "class1": "HM"
      }
    },
    {
      "type": "Feature",
      "geometry": {
        "type": "Point",
        "coordinates": [116.79, 27.893]
      },
      "properties": {
        "label": "217",
        "pub_Time": "2023",
        "class4": "4",
        "LOC": "Chongyi County",
        "NAME": "China",
        "classSun": "4",
        "class1": "ML"
      }
    },
    {
      "type": "Feature",
      "geometry": {
        "type": "Point",
        "coordinates": [116.79, 27.893]
      },
      "properties": {
        "label": "216",
        "pub_Time": "2023",
        "class4": "5",
        "LOC": "Chongyi County",
        "NAME": "China",
        "classSun": "6",
        "class1": "HM"
      }
    },
    {
      "type": "Feature",
      "geometry": {
        "type": "Point",
        "coordinates": [115.4, 45.5]
      },
      "properties": {
        "label": "223",
        "pub_Time": "2008",
        "class4": "2",
        "LOC": "Clearwater National Forest in central Idaho",
        "NAME": "Mongolia",
        "classSun": "2",
        "class1": "MS"
      }
    },
    {
      "type": "Feature",
      "geometry": {
        "type": "Point",
        "coordinates": [-5.883, 35.638]
      },
      "properties": {
        "label": "232",
        "pub_Time": "2022",
        "class4": "5",
        "LOC": "coastline between Tetouan and Bou Ahmed in the northernmost Rif of Morocco and its hinterland",
        "NAME": "Morocco",
        "classSun": "5",
        "class1": "HM"
      }
    },
    {
      "type": "Feature",
      "geometry": {
        "type": "Point",
        "coordinates": [-73.0, 4.5]
      },
      "properties": {
        "label": "236",
        "pub_Time": "2023",
        "class4": "5",
        "LOC": "Geological, Bogota - Villavicencio road in the central sector of the Eastern Cordillera, Andean mountain range, Colombia",
        "NAME": "Colombia",
        "classSun": "5",
        "class1": "HM"
      }
    },
    {
      "type": "Feature",
      "geometry": {
        "type": "Point",
        "coordinates": [-75.767, 4.437]
      },
      "properties": {
        "label": "237",
        "pub_Time": "2009",
        "LOC": "Combeima valley in Colombia",
        "NAME": "Colombia"
      }
    },
    {
      "type": "Feature",
      "geometry": {
        "type": "Point",
        "coordinates": [-82.1395, 9.2271]
      },
      "properties": {
        "label": "285",
        "pub_Time": "2011",
        "LOC": "Dominical, Costa Rica",
        "NAME": "Costa Rica"
      }
    },
    {
      "type": "Feature",
      "geometry": {
        "type": "Point",
        "coordinates": [92.0169, 21.4333]
      },
      "properties": {
        "label": "242",
        "pub_Time": "2020",
        "class4": "4",
        "LOC": "Cox 's Bazar district of Bangladesh",
        "NAME": "Bangladesh",
        "classSun": "4",
        "class1": "ML"
      }
    },
    {
      "type": "Feature",
      "geometry": {
        "type": "Point",
        "coordinates": [73.47, 34.37]
      },
      "properties": {
        "label": "312",
        "pub_Time": "2023",
        "class4": "6",
        "LOC": "MMMM, eastern road section of the China - Pakistan Economic Corridor, Mansehra - Muzaffarabad - Mirpur and Mangla, northern Pakistan, CPEC",
        "NAME": "Pakistan",
        "classSun": "6",
        "class1": "HM"
      }
    },
    {
      "type": "Feature",
      "geometry": {
        "type": "Point",
        "coordinates": [33.34, 35.34]
      },
      "properties": {
        "label": "360",
        "pub_Time": "2023",
        "class4": "4",
        "LOC": "northeast-facing slopes of the Girne Mountains, Kyrenia (Girne), Cyprus",
        "NAME": "Cyprus",
        "classSun": "4",
        "class1": "ML"
      }
    },
    {
      "type": "Feature",
      "geometry": {
        "type": "Point",
        "coordinates": [15.473, 49.8175]
      },
      "properties": {
        "label": "916",
        "pub_Time": "2015",
        "LOC": "Czech Republic",
        "NAME": "Czechia"
      }
    },
    {
      "type": "Feature",
      "geometry": {
        "type": "Point",
        "coordinates": [15.0, 50.0]
      },
      "properties": {
        "label": "245",
        "pub_Time": "2010",
        "LOC": "Central Europe, Czech Republic",
        "NAME": "Czechia"
      }
    },
    {
      "type": "Feature",
      "geometry": {
        "type": "Point",
        "coordinates": [14.0, 50.0]
      },
      "properties": {
        "label": "641",
        "pub_Time": "2018",
        "class4": "3",
        "LOC": "lignite open - pit mine in North Bohemia, Czech Republic",
        "NAME": "Czechia",
        "classSun": "3",
        "class1": "MM"
      }
    },
    {
      "type": "Feature",
      "geometry": {
        "type": "Point",
        "coordinates": [108.45, 11.94]
      },
      "properties": {
        "label": "717",
        "pub_Time": "2019",
        "class4": "6",
        "LOC": "many hilly parts of Vietnam, Da Lat province",
        "NAME": "Vietnam",
        "classSun": "6",
        "class1": "HM"
      }
    },
    {
      "type": "Feature",
      "geometry": {
        "type": "Point",
        "coordinates": [115.223, 31.03]
      },
      "properties": {
        "label": "246",
        "pub_Time": "2023",
        "class4": "5",
        "LOC": "Dabie Mountain area of Anhui Province",
        "NAME": "China",
        "classSun": "5",
        "class1": "HM"
      }
    },
    {
      "type": "Feature",
      "geometry": {
        "type": "Point",
        "coordinates": [119.812, 32.06]
      },
      "properties": {
        "label": "250",
        "pub_Time": "2021",
        "class4": "1",
        "LOC": "Dagushan",
        "NAME": "China",
        "classSun": "1",
        "class1": "EE"
      }
    },
    {
      "type": "Feature",
      "geometry": {
        "type": "Point",
        "coordinates": [88.2667, 27.0333]
      },
      "properties": {
        "label": "257",
        "pub_Time": "2018",
        "class4": "2",
        "LOC": "Darjeeling Himalaya, Darjeeling Himalaya",
        "NAME": "India",
        "classSun": "2",
        "class1": "MS"
      }
    },
    {
      "type": "Feature",
      "geometry": {
        "type": "Point",
        "coordinates": [88.262, 27.041]
      },
      "properties": {
        "label": "262",
        "pub_Time": "2006",
        "class4": "5",
        "LOC": "Darjeeling Himalayas",
        "NAME": "India",
        "classSun": "5",
        "class1": "HM"
      }
    },
    {
      "type": "Feature",
      "geometry": {
        "type": "Point",
        "coordinates": [88.262, 27.041]
      },
      "properties": {
        "label": "261",
        "pub_Time": "2013",
        "class4": "2",
        "LOC": "Darjeeling Himalayas",
        "NAME": "India",
        "classSun": "2",
        "class1": "MS"
      }
    },
    {
      "type": "Feature",
      "geometry": {
        "type": "Point",
        "coordinates": [101.78, 36.62]
      },
      "properties": {
        "label": "947",
        "pub_Time": "2023",
        "class4": "2",
        "LOC": "Qinghai, Qinghai Province, Datong mining area",
        "NAME": "China",
        "classSun": "2",
        "class1": "MS"
      }
    },
    {
      "type": "Feature",
      "geometry": {
        "type": "Point",
        "coordinates": [9.5326, 55.6392]
      },
      "properties": {
        "label": "272",
        "pub_Time": "2022",
        "class4": "4",
        "LOC": "Vejle Fjord, Jutland, Denmark",
        "NAME": "Denmark",
        "classSun": "4",
        "class1": "ML"
      }
    },
    {
      "type": "Feature",
      "geometry": {
        "type": "Point",
        "coordinates": [18.1, 44.774]
      },
      "properties": {
        "label": "282",
        "pub_Time": "2023",
        "class4": "4",
        "LOC": "Doboj City",
        "NAME": "Bosnia and Herz.",
        "classSun": "4",
        "class1": "ML"
      }
    },
    {
      "type": "Feature",
      "geometry": {
        "type": "Point",
        "coordinates": [-61.371, 15.4416]
      },
      "properties": {
        "label": "284",
        "pub_Time": "2022",
        "class4": "5",
        "LOC": "Dominica",
        "NAME": "Dominica",
        "classSun": "5",
        "class1": "HM"
      }
    },
    {
      "type": "Feature",
      "geometry": {
        "type": "Point",
        "coordinates": [-139.0847, 60.1625]
      },
      "properties": {
        "label": "288",
        "pub_Time": "2017",
        "class4": "4",
        "LOC": "Donjek River area within the Yukon Alaska Highway Corridor",
        "NAME": "Canada",
        "classSun": "4",
        "class1": "ML"
      }
    },
    {
      "type": "Feature",
      "geometry": {
        "type": "Point",
        "coordinates": [102.7189, 26.5808]
      },
      "properties": {
        "label": "289",
        "pub_Time": "2019",
        "class4": "6",
        "LOC": "Duwen basin of China",
        "NAME": "China",
        "classSun": "6",
        "class1": "HM"
      }
    },
    {
      "type": "Feature",
      "geometry": {
        "type": "Point",
        "coordinates": [-89.104, 14.6349]
      },
      "properties": {
        "label": "292",
        "pub_Time": "2004",
        "LOC": "east - central Guatemala",
        "NAME": "Honduras"
      }
    },
    {
      "type": "Feature",
      "geometry": {
        "type": "Point",
        "coordinates": [141.3, 42.8]
      },
      "properties": {
        "label": "45",
        "pub_Time": "2020",
        "class4": "3",
        "LOC": "Atsuma, Atsuma Town, Japan, East Asia",
        "NAME": "Japan",
        "classSun": "3",
        "class1": "MM"
      }
    },
    {
      "type": "Feature",
      "geometry": {
        "type": "Point",
        "coordinates": [128.0, 37.5]
      },
      "properties": {
        "label": "45",
        "pub_Time": "2020",
        "class4": "3",
        "LOC": "Mt. Umyeon, Korea, East Asia",
        "NAME": "South Korea",
        "classSun": "3",
        "class1": "MM"
      }
    },
    {
      "type": "Feature",
      "geometry": {
        "type": "Point",
        "coordinates": [87.5, 27.7]
      },
      "properties": {
        "label": "353",
        "pub_Time": "2012",
        "class4": "1",
        "LOC": "Garuwa sub-basin area, East Nepal",
        "NAME": "Nepal",
        "classSun": "1",
        "class1": "EE"
      }
    },
    {
      "type": "Feature",
      "geometry": {
        "type": "Point",
        "coordinates": [101.0, 35.0]
      },
      "properties": {
        "label": "1409",
        "pub_Time": "2022",
        "class4": "5",
        "LOC": "alpine - canyon region of Zhouqu, Zhouqu, Zhouqu County, east of the Qinghai - Tibet Plateau",
        "NAME": "China",
        "classSun": "5",
        "class1": "HM"
      }
    },
    {
      "type": "Feature",
      "geometry": {
        "type": "Point",
        "coordinates": [88.6173, 27.3289]
      },
      "properties": {
        "label": "294",
        "pub_Time": "2021",
        "class4": "6",
        "LOC": "East Sikkim Himalaya region of India",
        "NAME": "India",
        "classSun": "6",
        "class1": "HM"
      }
    },
    {
      "type": "Feature",
      "geometry": {
        "type": "Point",
        "coordinates": [16.3738, 47.6892]
      },
      "properties": {
        "label": "296",
        "pub_Time": "2017",
        "class4": "5",
        "LOC": "eastern Austria",
        "NAME": "Austria",
        "classSun": "5",
        "class1": "HM"
      }
    },
    {
      "type": "Feature",
      "geometry": {
        "type": "Point",
        "coordinates": [-61.4, 15.3]
      },
      "properties": {
        "label": "238",
        "pub_Time": "2012",
        "class4": "2",
        "LOC": "Commonwealth of Dominica, Eastern Caribbean",
        "NAME": "Dominica",
        "classSun": "2",
        "class1": "MS"
      }
    },
    {
      "type": "Feature",
      "geometry": {
        "type": "Point",
        "coordinates": [-77.3, 18.0]
      },
      "properties": {
        "label": "238",
        "pub_Time": "2012",
        "class4": "2",
        "LOC": "Jamaica, Eastern Caribbean",
        "NAME": "Jamaica",
        "classSun": "2",
        "class1": "MS"
      }
    },
    {
      "type": "Feature",
      "geometry": {
        "type": "Point",
        "coordinates": [120.0, 30.0]
      },
      "properties": {
        "label": "301",
        "pub_Time": "2023",
        "class4": "5",
        "LOC": "eastern coast of China",
        "NAME": "China",
        "classSun": "6",
        "class1": "HM"
      }
    },
    {
      "type": "Feature",
      "geometry": {
        "type": "Point",
        "coordinates": [-76.2, 20.0]
      },
      "properties": {
        "label": "302",
        "pub_Time": "2008",
        "class4": "1",
        "LOC": "eastern Cuba",
        "NAME": "Cuba",
        "classSun": "1",
        "class1": "EE"
      }
    },
    {
      "type": "Feature",
      "geometry": {
        "type": "Point",
        "coordinates": [107.9, 23.25]
      },
      "properties": {
        "label": "303",
        "pub_Time": "2021",
        "class4": "6",
        "LOC": "Zhaoping County, eastern Guangxi",
        "NAME": "China",
        "classSun": "6",
        "class1": "HM"
      }
    },
    {
      "type": "Feature",
      "geometry": {
        "type": "Point",
        "coordinates": [92.1, 28.2]
      },
      "properties": {
        "label": "304",
        "pub_Time": "2023",
        "class4": "5",
        "LOC": "eastern Himalayan road corridor",
        "NAME": "China",
        "classSun": "5",
        "class1": "HM"
      }
    },
    {
      "type": "Feature",
      "geometry": {
        "type": "Point",
        "coordinates": [92.0, 29.0]
      },
      "properties": {
        "label": "305",
        "pub_Time": "2018",
        "class4": "5",
        "LOC": "eastern Himalayan syntaxis in Tibet",
        "NAME": "China",
        "classSun": "5",
        "class1": "HM"
      }
    },
    {
      "type": "Feature",
      "geometry": {
        "type": "Point",
        "coordinates": [88.2667, 27.0333]
      },
      "properties": {
        "label": "258",
        "pub_Time": "2023",
        "class4": "2",
        "LOC": "Darjeeling Himalaya, Darjeeling Himalaya, Eastern India",
        "NAME": "India",
        "classSun": "2",
        "class1": "MS"
      }
    },
    {
      "type": "Feature",
      "geometry": {
        "type": "Point",
        "coordinates": [102.0, 31.0]
      },
      "properties": {
        "label": "1338",
        "pub_Time": "2015",
        "class4": "2",
        "LOC": "Xianshuihe fault, XSF, eastern margin of the Tibetan Plateau",
        "NAME": "China",
        "classSun": "2",
        "class1": "MS"
      }
    },
    {
      "type": "Feature",
      "geometry": {
        "type": "Point",
        "coordinates": [102.0, 31.0]
      },
      "properties": {
        "label": "1338",
        "pub_Time": "2015",
        "class4": "2",
        "LOC": "XSF zone, XSF, eastern margin of the Tibetan Plateau",
        "NAME": "China",
        "classSun": "2",
        "class1": "MS"
      }
    },
    {
      "type": "Feature",
      "geometry": {
        "type": "Point",
        "coordinates": [48.5, 31.5]
      },
      "properties": {
        "label": "310",
        "pub_Time": "2017",
        "class4": "4",
        "LOC": "eastern part of the Khuzestan province of southern Iran",
        "NAME": "Iran",
        "classSun": "4",
        "class1": "ML"
      }
    },
    {
      "type": "Feature",
      "geometry": {
        "type": "Point",
        "coordinates": [40.0, 8.0]
      },
      "properties": {
        "label": "314",
        "pub_Time": "2018",
        "class4": "2",
        "LOC": "Ebantu district of the Oromia regional state of western Ethiopia",
        "NAME": "Ethiopia",
        "classSun": "2",
        "class1": "MS"
      }
    },
    {
      "type": "Feature",
      "geometry": {
        "type": "Point",
        "coordinates": [-79.0, -2.9]
      },
      "properties": {
        "label": "244",
        "pub_Time": "2023",
        "class4": "5",
        "LOC": "Cuenca city, Cuenca, Ecuador",
        "NAME": "Ecuador",
        "classSun": "6",
        "class1": "HM"
      }
    },
    {
      "type": "Feature",
      "geometry": {
        "type": "Point",
        "coordinates": [-79.0, -2.9]
      },
      "properties": {
        "label": "243",
        "pub_Time": "2022",
        "class4": "4",
        "LOC": "Cuenca city, Ecuador",
        "NAME": "Ecuador",
        "classSun": "4",
        "class1": "ML"
      }
    },
    {
      "type": "Feature",
      "geometry": {
        "type": "Point",
        "coordinates": [-77.2, 0.1]
      },
      "properties": {
        "label": "997",
        "pub_Time": "2022",
        "LOC": "Andean tropics close to the volcano Reventador, San Rafael waterfall in Northeast Ecuador, Northeast Ecuador, Ecuador",
        "NAME": "Ecuador"
      }
    },
    {
      "type": "Feature",
      "geometry": {
        "type": "Point",
        "coordinates": [-77.0, 0.3]
      },
      "properties": {
        "label": "997",
        "pub_Time": "2022",
        "LOC": "River Coca, San Rafael waterfall in Northeast Ecuador, Northeast Ecuador, Ecuador",
        "NAME": "Colombia"
      }
    },
    {
      "type": "Feature",
      "geometry": {
        "type": "Point",
        "coordinates": [-78.4678, -0.1807]
      },
      "properties": {
        "label": "739",
        "pub_Time": "2018",
        "class4": "5",
        "LOC": "Inter-Andean area, Metropolitan District of Quito, Quito, Ecuador",
        "NAME": "Ecuador",
        "classSun": "5",
        "class1": "HM"
      }
    },
    {
      "type": "Feature",
      "geometry": {
        "type": "Point",
        "coordinates": [-77.2389, 2.465]
      },
      "properties": {
        "label": "317",
        "pub_Time": "2023",
        "LOC": "El Plateado, the city of Loja, Ecuador",
        "NAME": "Colombia"
      }
    },
    {
      "type": "Feature",
      "geometry": {
        "type": "Point",
        "coordinates": [94.0, 29.0]
      },
      "properties": {
        "label": "664",
        "pub_Time": "2017",
        "class4": "5",
        "LOC": "Longzi River Basin in Tibet, edge of the Himalaya Mountains",
        "NAME": "China",
        "classSun": "5",
        "class1": "HM"
      }
    },
    {
      "type": "Feature",
      "geometry": {
        "type": "Point",
        "coordinates": [33.0, 28.0]
      },
      "properties": {
        "label": "1281",
        "pub_Time": "2010",
        "LOC": "Wadi Watier area, South Sinai, Egypt",
        "NAME": "Egypt"
      }
    },
    {
      "type": "Feature",
      "geometry": {
        "type": "Point",
        "coordinates": [-89.2, 13.7]
      },
      "properties": {
        "label": "228",
        "pub_Time": "2022",
        "class4": "4",
        "LOC": "Ilopango and Coatepeque caldera, coastal area, El Salvador",
        "NAME": "El Salvador",
        "classSun": "4",
        "class1": "ML"
      }
    },
    {
      "type": "Feature",
      "geometry": {
        "type": "Point",
        "coordinates": [-88.2, 13.5]
      },
      "properties": {
        "label": "228",
        "pub_Time": "2022",
        "class4": "4",
        "LOC": "San Miguel, coastal area, El Salvador",
        "NAME": "El Salvador",
        "classSun": "4",
        "class1": "ML"
      }
    },
    {
      "type": "Feature",
      "geometry": {
        "type": "Point",
        "coordinates": [-89.2, 13.7]
      },
      "properties": {
        "label": "228",
        "pub_Time": "2022",
        "class4": "4",
        "LOC": "San Salvador, coastal area, El Salvador",
        "NAME": "El Salvador",
        "classSun": "4",
        "class1": "ML"
      }
    },
    {
      "type": "Feature",
      "geometry": {
        "type": "Point",
        "coordinates": [-88.9, 13.3]
      },
      "properties": {
        "label": "228",
        "pub_Time": "2022",
        "class4": "4",
        "LOC": "San Vicente Volcanoes, coastal area, El Salvador",
        "NAME": "El Salvador",
        "classSun": "4",
        "class1": "ML"
      }
    },
    {
      "type": "Feature",
      "geometry": {
        "type": "Point",
        "coordinates": [109.5, 30.3]
      },
      "properties": {
        "label": "319",
        "pub_Time": "2023",
        "class4": "2",
        "LOC": "Enshi",
        "NAME": "China",
        "classSun": "2",
        "class1": "MS"
      }
    },
    {
      "type": "Feature",
      "geometry": {
        "type": "Point",
        "coordinates": [109.5, 30.3]
      },
      "properties": {
        "label": "321",
        "pub_Time": "2021",
        "class4": "5",
        "LOC": "Enshi region in China",
        "NAME": "China",
        "classSun": "5",
        "class1": "HM"
      }
    },
    {
      "type": "Feature",
      "geometry": {
        "type": "Point",
        "coordinates": [40.4897, 9.145]
      },
      "properties": {
        "label": "916",
        "pub_Time": "2015",
        "LOC": "Ethiopia",
        "NAME": "Ethiopia"
      }
    },
    {
      "type": "Feature",
      "geometry": {
        "type": "Point",
        "coordinates": [40.0, 9.145]
      },
      "properties": {
        "label": "322",
        "pub_Time": "2023",
        "class4": "5",
        "LOC": "Ethiopia",
        "NAME": "Ethiopia",
        "classSun": "5",
        "class1": "HM"
      }
    },
    {
      "type": "Feature",
      "geometry": {
        "type": "Point",
        "coordinates": [38.2833, 10.4167]
      },
      "properties": {
        "label": "6",
        "pub_Time": "2022",
        "class4": "5",
        "LOC": "Near Dejen, Abay Gorge, Central Ethiopia, Ethiopia",
        "NAME": "Ethiopia",
        "classSun": "5",
        "class1": "HM"
      }
    },
    {
      "type": "Feature",
      "geometry": {
        "type": "Point",
        "coordinates": [38.0, 10.0]
      },
      "properties": {
        "label": "323",
        "pub_Time": "2015",
        "class4": "5",
        "LOC": "Debre Sina area, Main Ethiopian Rift and Afar Depression, Central Ethiopia, Ethiopia",
        "NAME": "Ethiopia",
        "classSun": "5",
        "class1": "HM"
      }
    },
    {
      "type": "Feature",
      "geometry": {
        "type": "Point",
        "coordinates": [37.6, 11.1]
      },
      "properties": {
        "label": "170",
        "pub_Time": "2022",
        "class4": "1",
        "LOC": "Chemoga watershed, Ethiopia",
        "NAME": "Ethiopia",
        "classSun": "1",
        "class1": "EE"
      }
    },
    {
      "type": "Feature",
      "geometry": {
        "type": "Point",
        "coordinates": [37.7, 10.3333]
      },
      "properties": {
        "label": "270",
        "pub_Time": "2022",
        "class4": "2",
        "LOC": "Debre Markos town, Northwest Ethiopia, Ethiopia",
        "NAME": "Ethiopia",
        "classSun": "2",
        "class1": "MS"
      }
    },
    {
      "type": "Feature",
      "geometry": {
        "type": "Point",
        "coordinates": [37.0, 11.0]
      },
      "properties": {
        "label": "169",
        "pub_Time": "2023",
        "class4": "5",
        "LOC": "Choke Mountain, East Gojjam, Northwestern Ethiopia, Ethiopia",
        "NAME": "Ethiopia",
        "classSun": "5",
        "class1": "HM"
      }
    },
    {
      "type": "Feature",
      "geometry": {
        "type": "Point",
        "coordinates": [37.0, 11.0]
      },
      "properties": {
        "label": "211",
        "pub_Time": "2023",
        "class4": "5",
        "LOC": "Choke Mountain, East Gojjam, Northwestern Ethiopia, Ethiopia",
        "NAME": "Ethiopia",
        "classSun": "5",
        "class1": "HM"
      }
    },
    {
      "type": "Feature",
      "geometry": {
        "type": "Point",
        "coordinates": [38.0, 9.0]
      },
      "properties": {
        "label": "1232",
        "pub_Time": "2021",
        "class4": "5",
        "LOC": "Uatzau basin, Uatzau area, Ethiopia",
        "NAME": "Ethiopia",
        "classSun": "5",
        "class1": "HM"
      }
    },
    {
      "type": "Feature",
      "geometry": {
        "type": "Point",
        "coordinates": [35.0, 39.0]
      },
      "properties": {
        "label": "188",
        "pub_Time": "2023",
        "LOC": "Turkey, Eurasia",
        "NAME": "Turkey"
      }
    },
    {
      "type": "Feature",
      "geometry": {
        "type": "Point",
        "coordinates": [15.2551, 54.526]
      },
      "properties": {
        "label": "325",
        "pub_Time": "2018",
        "LOC": "Europe",
        "NAME": "Europe"
      }
    },
    {
      "type": "Feature",
      "geometry": {
        "type": "Point",
        "coordinates": [25.0, 44.5]
      },
      "properties": {
        "label": "974",
        "pub_Time": "2020",
        "class4": "5",
        "LOC": "Getic Piedmont, Romania, Europe",
        "NAME": "Romania",
        "classSun": "5",
        "class1": "HM"
      }
    },
    {
      "type": "Feature",
      "geometry": {
        "type": "Point",
        "coordinates": [27.0, 47.0]
      },
      "properties": {
        "label": "974",
        "pub_Time": "2020",
        "class4": "5",
        "LOC": "Moldavian, Romania, Europe",
        "NAME": "Romania",
        "classSun": "5",
        "class1": "HM"
      }
    },
    {
      "type": "Feature",
      "geometry": {
        "type": "Point",
        "coordinates": [25.0, 45.0]
      },
      "properties": {
        "label": "974",
        "pub_Time": "2020",
        "class4": "5",
        "LOC": "Romanian, Romania, Europe",
        "NAME": "Romania",
        "classSun": "5",
        "class1": "HM"
      }
    },
    {
      "type": "Feature",
      "geometry": {
        "type": "Point",
        "coordinates": [24.0, 44.0]
      },
      "properties": {
        "label": "974",
        "pub_Time": "2020",
        "class4": "5",
        "LOC": "Subcarpathian chain, Romania, Europe",
        "NAME": "Romania",
        "classSun": "5",
        "class1": "HM"
      }
    },
    {
      "type": "Feature",
      "geometry": {
        "type": "Point",
        "coordinates": [24.0, 46.0]
      },
      "properties": {
        "label": "974",
        "pub_Time": "2020",
        "class4": "5",
        "LOC": "Transylvanian Plateaux, Romania, Europe",
        "NAME": "Romania",
        "classSun": "5",
        "class1": "HM"
      }
    },
    {
      "type": "Feature",
      "geometry": {
        "type": "Point",
        "coordinates": [127.0, 37.0]
      },
      "properties": {
        "label": "326",
        "pub_Time": "2010",
        "class4": "5",
        "LOC": "expressways in Korea",
        "NAME": "South Korea",
        "classSun": "5",
        "class1": "HM"
      }
    },
    {
      "type": "Feature",
      "geometry": {
        "type": "Point",
        "coordinates": [52.0, 29.0]
      },
      "properties": {
        "label": "327",
        "pub_Time": "2021",
        "class4": "6",
        "LOC": "Fars Province",
        "NAME": "Iran",
        "classSun": "6",
        "class1": "HM"
      }
    },
    {
      "type": "Feature",
      "geometry": {
        "type": "Point",
        "coordinates": [109.4, 30.0]
      },
      "properties": {
        "label": "329",
        "pub_Time": "2023",
        "class4": "4",
        "LOC": "Fengjie County in China",
        "NAME": "China",
        "classSun": "4",
        "class1": "ML"
      }
    },
    {
      "type": "Feature",
      "geometry": {
        "type": "Point",
        "coordinates": [108.74, 30.831]
      },
      "properties": {
        "label": "330",
        "pub_Time": "2021",
        "class4": "4",
        "LOC": "Fengjie County, Fengjie County in the Three Gorges Reservoir Area",
        "NAME": "China",
        "classSun": "4",
        "class1": "ML"
      }
    },
    {
      "type": "Feature",
      "geometry": {
        "type": "Point",
        "coordinates": [80.0, 26.0]
      },
      "properties": {
        "label": "340",
        "pub_Time": "2006",
        "class4": "1",
        "LOC": "fragile mountainous terrain in the eastern part of Nepal",
        "NAME": "India",
        "classSun": "1",
        "class1": "EE"
      }
    },
    {
      "type": "Feature",
      "geometry": {
        "type": "Point",
        "coordinates": [6.6333, 44.3333]
      },
      "properties": {
        "label": "71",
        "pub_Time": "2007",
        "class4": "2",
        "LOC": "Barcelonnette Basin, France",
        "NAME": "France",
        "classSun": "2",
        "class1": "MS"
      }
    },
    {
      "type": "Feature",
      "geometry": {
        "type": "Point",
        "coordinates": [12.5674, 41.8719]
      },
      "properties": {
        "label": "341",
        "pub_Time": "2012",
        "LOC": "Italy, France",
        "NAME": "Italy"
      }
    },
    {
      "type": "Feature",
      "geometry": {
        "type": "Point",
        "coordinates": [4.0, 48.3]
      },
      "properties": {
        "label": "47",
        "pub_Time": "2023",
        "class4": "5",
        "LOC": "Aube subdepartment, Aube department, northeast of France, France",
        "NAME": "France",
        "classSun": "5",
        "class1": "HM"
      }
    },
    {
      "type": "Feature",
      "geometry": {
        "type": "Point",
        "coordinates": [119.65, 27.25]
      },
      "properties": {
        "label": "342",
        "pub_Time": "2022",
        "class4": "5",
        "LOC": "Fu'an City, Fujian Province",
        "NAME": "China",
        "classSun": "5",
        "class1": "HM"
      }
    },
    {
      "type": "Feature",
      "geometry": {
        "type": "Point",
        "coordinates": [117.1, 26.7]
      },
      "properties": {
        "label": "1373",
        "pub_Time": "2023",
        "class4": "5",
        "LOC": "eastern Chengfeng, Yongtai County, Fuzhou City",
        "NAME": "China",
        "classSun": "5",
        "class1": "HM"
      }
    },
    {
      "type": "Feature",
      "geometry": {
        "type": "Point",
        "coordinates": [117.1, 26.7]
      },
      "properties": {
        "label": "1373",
        "pub_Time": "2023",
        "class4": "5",
        "LOC": "Fukou, Yongtai County, Fuzhou City",
        "NAME": "China",
        "classSun": "5",
        "class1": "HM"
      }
    },
    {
      "type": "Feature",
      "geometry": {
        "type": "Point",
        "coordinates": [117.1, 26.7]
      },
      "properties": {
        "label": "1373",
        "pub_Time": "2023",
        "class4": "5",
        "LOC": "Hongxing, Yongtai County, Fuzhou City",
        "NAME": "China",
        "classSun": "5",
        "class1": "HM"
      }
    },
    {
      "type": "Feature",
      "geometry": {
        "type": "Point",
        "coordinates": [117.1, 26.7]
      },
      "properties": {
        "label": "1373",
        "pub_Time": "2023",
        "class4": "5",
        "LOC": "northeastern part of Geling, Yongtai County, Fuzhou City",
        "NAME": "China",
        "classSun": "5",
        "class1": "HM"
      }
    },
    {
      "type": "Feature",
      "geometry": {
        "type": "Point",
        "coordinates": [117.1, 26.7]
      },
      "properties": {
        "label": "1373",
        "pub_Time": "2023",
        "class4": "5",
        "LOC": "northwest of Qingliang Town, Yongtai County, Fuzhou City",
        "NAME": "China",
        "classSun": "5",
        "class1": "HM"
      }
    },
    {
      "type": "Feature",
      "geometry": {
        "type": "Point",
        "coordinates": [117.1, 26.7]
      },
      "properties": {
        "label": "1373",
        "pub_Time": "2023",
        "class4": "5",
        "LOC": "Songkou, Yongtai County, Fuzhou City",
        "NAME": "China",
        "classSun": "5",
        "class1": "HM"
      }
    },
    {
      "type": "Feature",
      "geometry": {
        "type": "Point",
        "coordinates": [117.1, 26.7]
      },
      "properties": {
        "label": "1373",
        "pub_Time": "2023",
        "class4": "5",
        "LOC": "south of Songkou Town, Yongtai County, Fuzhou City",
        "NAME": "China",
        "classSun": "5",
        "class1": "HM"
      }
    },
    {
      "type": "Feature",
      "geometry": {
        "type": "Point",
        "coordinates": [117.1, 26.7]
      },
      "properties": {
        "label": "1373",
        "pub_Time": "2023",
        "class4": "5",
        "LOC": "Southeast of Dayang Town and Baiyun Town, Yongtai County, Fuzhou City",
        "NAME": "China",
        "classSun": "5",
        "class1": "HM"
      }
    },
    {
      "type": "Feature",
      "geometry": {
        "type": "Point",
        "coordinates": [117.1, 26.7]
      },
      "properties": {
        "label": "1373",
        "pub_Time": "2023",
        "class4": "5",
        "LOC": "southeastern Wutong, Yongtai County, Fuzhou City",
        "NAME": "China",
        "classSun": "5",
        "class1": "HM"
      }
    },
    {
      "type": "Feature",
      "geometry": {
        "type": "Point",
        "coordinates": [117.1, 26.7]
      },
      "properties": {
        "label": "1373",
        "pub_Time": "2023",
        "class4": "5",
        "LOC": "southern Chixi, Yongtai County, Fuzhou City",
        "NAME": "China",
        "classSun": "5",
        "class1": "HM"
      }
    },
    {
      "type": "Feature",
      "geometry": {
        "type": "Point",
        "coordinates": [37.3711, 6.4088]
      },
      "properties": {
        "label": "345",
        "pub_Time": "2021",
        "class4": "2",
        "LOC": "Gamo Zone of south Ethiopia",
        "NAME": "Ethiopia",
        "classSun": "2",
        "class1": "MS"
      }
    },
    {
      "type": "Feature",
      "geometry": {
        "type": "Point",
        "coordinates": [128.8753, 37.7573]
      },
      "properties": {
        "label": "347",
        "pub_Time": "2010",
        "class4": "4",
        "LOC": "Gangneung in Korea",
        "NAME": "South Korea",
        "classSun": "4",
        "class1": "ML"
      }
    },
    {
      "type": "Feature",
      "geometry": {
        "type": "Point",
        "coordinates": [88.6139, 27.3309]
      },
      "properties": {
        "label": "349",
        "pub_Time": "2023",
        "class4": "5",
        "LOC": "Gangtok subdivision in east Sikkim district",
        "NAME": "India",
        "classSun": "5",
        "class1": "HM"
      }
    },
    {
      "type": "Feature",
      "geometry": {
        "type": "Point",
        "coordinates": [105.0, 34.5]
      },
      "properties": {
        "label": "663",
        "pub_Time": "2021",
        "class4": "5",
        "LOC": "Longnan City, Gansu Province",
        "NAME": "China",
        "classSun": "5",
        "class1": "HM"
      }
    },
    {
      "type": "Feature",
      "geometry": {
        "type": "Point",
        "coordinates": [42.3154, 42.3154]
      },
      "properties": {
        "label": "355",
        "pub_Time": "2015",
        "class4": "5",
        "LOC": "Georgia",
        "NAME": "Georgia",
        "classSun": "5",
        "class1": "HM"
      }
    },
    {
      "type": "Feature",
      "geometry": {
        "type": "Point",
        "coordinates": [10.0, 49.0]
      },
      "properties": {
        "label": "410",
        "pub_Time": "2017",
        "LOC": "Franconian Alb, Northern Bavaria, Germany",
        "NAME": "Germany"
      }
    },
    {
      "type": "Feature",
      "geometry": {
        "type": "Point",
        "coordinates": [8.0, 49.8]
      },
      "properties": {
        "label": "963",
        "pub_Time": "2004",
        "LOC": "Rheinhessen cuesta, Rheinhessen, Germany",
        "NAME": "Germany"
      }
    },
    {
      "type": "Feature",
      "geometry": {
        "type": "Point",
        "coordinates": [9.5, 48.0]
      },
      "properties": {
        "label": "536",
        "pub_Time": "2007",
        "class4": "2",
        "LOC": "Jurassic escarpment in the Swabian Alb, Swabian Alb valleys, SW - Germany, Germany",
        "NAME": "Germany",
        "classSun": "2",
        "class1": "MS"
      }
    },
    {
      "type": "Feature",
      "geometry": {
        "type": "Point",
        "coordinates": [-0.1969, 7.3469]
      },
      "properties": {
        "label": "356",
        "pub_Time": "2021",
        "class4": "2",
        "LOC": "Ghana",
        "NAME": "Ghana",
        "classSun": "2",
        "class1": "MS"
      }
    },
    {
      "type": "Feature",
      "geometry": {
        "type": "Point",
        "coordinates": [20.0, 1.0]
      },
      "properties": {
        "label": "888",
        "pub_Time": "2007",
        "class4": "1",
        "LOC": "Africa, Pacific Rim, Global",
        "NAME": "Dem. Rep. Congo",
        "classSun": "1",
        "class1": "EE"
      }
    },
    {
      "type": "Feature",
      "geometry": {
        "type": "Point",
        "coordinates": [9.0, 46.5]
      },
      "properties": {
        "label": "888",
        "pub_Time": "2007",
        "class4": "1",
        "LOC": "Alps, Pacific Rim, Global",
        "NAME": "Switzerland",
        "classSun": "1",
        "class1": "EE"
      }
    },
    {
      "type": "Feature",
      "geometry": {
        "type": "Point",
        "coordinates": [-81.0, 37.5]
      },
      "properties": {
        "label": "888",
        "pub_Time": "2007",
        "class4": "1",
        "LOC": "Appalachian Mountains, Pacific Rim, Global",
        "NAME": "United States of America",
        "classSun": "1",
        "class1": "EE"
      }
    },
    {
      "type": "Feature",
      "geometry": {
        "type": "Point",
        "coordinates": [103.0, 35.0]
      },
      "properties": {
        "label": "888",
        "pub_Time": "2007",
        "class4": "1",
        "LOC": "China, Pacific Rim, Global",
        "NAME": "China",
        "classSun": "1",
        "class1": "EE"
      }
    },
    {
      "type": "Feature",
      "geometry": {
        "type": "Point",
        "coordinates": [86.925, 27.9881]
      },
      "properties": {
        "label": "888",
        "pub_Time": "2007",
        "class4": "1",
        "LOC": "Himalayas, Pacific Rim, Global",
        "NAME": "China",
        "classSun": "1",
        "class1": "EE"
      }
    },
    {
      "type": "Feature",
      "geometry": {
        "type": "Point",
        "coordinates": [78.9629, 20.5937]
      },
      "properties": {
        "label": "888",
        "pub_Time": "2007",
        "class4": "1",
        "LOC": "India, Pacific Rim, Global",
        "NAME": "India",
        "classSun": "1",
        "class1": "EE"
      }
    },
    {
      "type": "Feature",
      "geometry": {
        "type": "Point",
        "coordinates": [138.2529, 36.2048]
      },
      "properties": {
        "label": "888",
        "pub_Time": "2007",
        "class4": "1",
        "LOC": "Japan, Pacific Rim, Global",
        "NAME": "Japan",
        "classSun": "1",
        "class1": "EE"
      }
    },
    {
      "type": "Feature",
      "geometry": {
        "type": "Point",
        "coordinates": [35.0, 31.0]
      },
      "properties": {
        "label": "888",
        "pub_Time": "2007",
        "class4": "1",
        "LOC": "Middle East, Pacific Rim, Global",
        "NAME": "Israel",
        "classSun": "1",
        "class1": "EE"
      }
    },
    {
      "type": "Feature",
      "geometry": {
        "type": "Point",
        "coordinates": [84.124, 28.3949]
      },
      "properties": {
        "label": "888",
        "pub_Time": "2007",
        "class4": "1",
        "LOC": "Nepal, Pacific Rim, Global",
        "NAME": "Nepal",
        "classSun": "1",
        "class1": "EE"
      }
    },
    {
      "type": "Feature",
      "geometry": {
        "type": "Point",
        "coordinates": [-75.015152, -9.189967]
      },
      "properties": {
        "label": "888",
        "pub_Time": "2007",
        "class4": "1",
        "LOC": "Peru, Pacific Rim, Global",
        "NAME": "Peru",
        "classSun": "1",
        "class1": "EE"
      }
    },
    {
      "type": "Feature",
      "geometry": {
        "type": "Point",
        "coordinates": [-105.3588, 39.1178]
      },
      "properties": {
        "label": "888",
        "pub_Time": "2007",
        "class4": "1",
        "LOC": "Rocky Mountains, Pacific Rim, Global",
        "NAME": "United States of America",
        "classSun": "1",
        "class1": "EE"
      }
    },
    {
      "type": "Feature",
      "geometry": {
        "type": "Point",
        "coordinates": [78.9629, 20.5937]
      },
      "properties": {
        "label": "888",
        "pub_Time": "2007",
        "class4": "1",
        "LOC": "South Asia, Pacific Rim, Global",
        "NAME": "India",
        "classSun": "1",
        "class1": "EE"
      }
    },
    {
      "type": "Feature",
      "geometry": {
        "type": "Point",
        "coordinates": [-95.7129, 37.0902]
      },
      "properties": {
        "label": "888",
        "pub_Time": "2007",
        "class4": "1",
        "LOC": "USA, Pacific Rim, Global",
        "NAME": "United States of America",
        "classSun": "1",
        "class1": "EE"
      }
    },
    {
      "type": "Feature",
      "geometry": {
        "type": "Point",
        "coordinates": [37.4642, 10.3419]
      },
      "properties": {
        "label": "363",
        "pub_Time": "2020",
        "class4": "5",
        "LOC": "Goncha Siso Eneses area of East Gojam Zone in northwestern Ethiopia",
        "NAME": "Ethiopia",
        "classSun": "5",
        "class1": "HM"
      }
    },
    {
      "type": "Feature",
      "geometry": {
        "type": "Point",
        "coordinates": [21.8243, 39.0742]
      },
      "properties": {
        "label": "369",
        "pub_Time": "2012",
        "class4": "2",
        "LOC": "Greece",
        "NAME": "Greece",
        "classSun": "2",
        "class1": "MS"
      }
    },
    {
      "type": "Feature",
      "geometry": {
        "type": "Point",
        "coordinates": [23.7, 37.9]
      },
      "properties": {
        "label": "46",
        "pub_Time": "2021",
        "class4": "3",
        "LOC": "Attica Region, Attica region, Greece",
        "NAME": "Greece",
        "classSun": "3",
        "class1": "MM"
      }
    },
    {
      "type": "Feature",
      "geometry": {
        "type": "Point",
        "coordinates": [23.7, 38.0]
      },
      "properties": {
        "label": "324",
        "pub_Time": "2023",
        "class4": "3",
        "LOC": "Mandra, Attica Region, Greece",
        "NAME": "Greece",
        "classSun": "3",
        "class1": "MM"
      }
    },
    {
      "type": "Feature",
      "geometry": {
        "type": "Point",
        "coordinates": [21.7, 38.2]
      },
      "properties": {
        "label": "12",
        "pub_Time": "2021",
        "class4": "5",
        "LOC": "Aetolia-Acarnania and Evritania Prefectures, Central and Western Greece, Greece",
        "NAME": "Greece",
        "classSun": "5",
        "class1": "HM"
      }
    },
    {
      "type": "Feature",
      "geometry": {
        "type": "Point",
        "coordinates": [24.0, 35.5]
      },
      "properties": {
        "label": "166",
        "pub_Time": "2023",
        "LOC": "Chania regional, Greece",
        "NAME": "Greece"
      }
    },
    {
      "type": "Feature",
      "geometry": {
        "type": "Point",
        "coordinates": [24.48, 35.37]
      },
      "properties": {
        "label": "150",
        "pub_Time": "2009",
        "class4": "1",
        "LOC": "Rethymnon Prefecture, central part, Crete Island, Greece",
        "NAME": "Greece",
        "classSun": "1",
        "class1": "EE"
      }
    },
    {
      "type": "Feature",
      "geometry": {
        "type": "Point",
        "coordinates": [24.0, 35.5]
      },
      "properties": {
        "label": "165",
        "pub_Time": "2014",
        "class4": "5",
        "LOC": "Chania Prefecture, Crete Island, Greece",
        "NAME": "Greece",
        "classSun": "5",
        "class1": "HM"
      }
    },
    {
      "type": "Feature",
      "geometry": {
        "type": "Point",
        "coordinates": [24.0, 35.5]
      },
      "properties": {
        "label": "1323",
        "pub_Time": "2020",
        "class4": "1",
        "LOC": "motorway A90, Chania prefecture, Crete Island, Greece",
        "NAME": "Greece",
        "classSun": "1",
        "class1": "EE"
      }
    },
    {
      "type": "Feature",
      "geometry": {
        "type": "Point",
        "coordinates": [24.0, 35.5]
      },
      "properties": {
        "label": "1323",
        "pub_Time": "2020",
        "class4": "1",
        "LOC": "northern part, Chania prefecture, Crete Island, Greece",
        "NAME": "Greece",
        "classSun": "1",
        "class1": "EE"
      }
    },
    {
      "type": "Feature",
      "geometry": {
        "type": "Point",
        "coordinates": [21.5, 37.75]
      },
      "properties": {
        "label": "922",
        "pub_Time": "2021",
        "class4": "5",
        "LOC": "Pinios artificial lake, Ilia, Greece",
        "NAME": "Greece",
        "classSun": "5",
        "class1": "HM"
      }
    },
    {
      "type": "Feature",
      "geometry": {
        "type": "Point",
        "coordinates": [20.7, 38.7]
      },
      "properties": {
        "label": "495",
        "pub_Time": "2018",
        "class4": "1",
        "LOC": "Island of Lefkada, Greece",
        "NAME": "Greece",
        "classSun": "1",
        "class1": "EE"
      }
    },
    {
      "type": "Feature",
      "geometry": {
        "type": "Point",
        "coordinates": [24.8833, 41.1333]
      },
      "properties": {
        "label": "241",
        "pub_Time": "2014",
        "class4": "4",
        "LOC": "County of Xanthi, Northern part of Greece, Greece",
        "NAME": "Greece",
        "classSun": "4",
        "class1": "ML"
      }
    },
    {
      "type": "Feature",
      "geometry": {
        "type": "Point",
        "coordinates": [22.4, 37.7]
      },
      "properties": {
        "label": "865",
        "pub_Time": "2018",
        "class4": "4",
        "LOC": "northern Peloponnese, Greece",
        "NAME": "Greece",
        "classSun": "4",
        "class1": "ML"
      }
    },
    {
      "type": "Feature",
      "geometry": {
        "type": "Point",
        "coordinates": [22.4, 37.7]
      },
      "properties": {
        "label": "864",
        "pub_Time": "2020",
        "class4": "5",
        "LOC": "northern Peloponnese, Greece",
        "NAME": "Greece",
        "classSun": "5",
        "class1": "HM"
      }
    },
    {
      "type": "Feature",
      "geometry": {
        "type": "Point",
        "coordinates": [22.0, 37.0]
      },
      "properties": {
        "label": "1008",
        "pub_Time": "2018",
        "class4": "5",
        "LOC": "Selinous River drainage basin, northern Peloponnese, Greece",
        "NAME": "Greece",
        "classSun": "5",
        "class1": "HM"
      }
    },
    {
      "type": "Feature",
      "geometry": {
        "type": "Point",
        "coordinates": [22.0, 37.0]
      },
      "properties": {
        "label": "900",
        "pub_Time": "2014",
        "class4": "5",
        "LOC": "Peloponnese, Greece",
        "NAME": "Greece",
        "classSun": "5",
        "class1": "HM"
      }
    },
    {
      "type": "Feature",
      "geometry": {
        "type": "Point",
        "coordinates": [22.0, 37.0]
      },
      "properties": {
        "label": "899",
        "pub_Time": "2014",
        "class4": "5",
        "LOC": "Peloponnese, Greece",
        "NAME": "Greece",
        "classSun": "5",
        "class1": "HM"
      }
    },
    {
      "type": "Feature",
      "geometry": {
        "type": "Point",
        "coordinates": [22.0, 37.5]
      },
      "properties": {
        "label": "733",
        "pub_Time": "2017",
        "class4": "5",
        "LOC": "Mediterranean catchment, Peloponnese, Greece",
        "NAME": "Greece",
        "classSun": "5",
        "class1": "HM"
      }
    },
    {
      "type": "Feature",
      "geometry": {
        "type": "Point",
        "coordinates": [22.0, 37.0]
      },
      "properties": {
        "label": "898",
        "pub_Time": "2014",
        "class4": "2",
        "LOC": "Peloponnese peninsula, South Greece, Greece",
        "NAME": "Greece",
        "classSun": "2",
        "class1": "MS"
      }
    },
    {
      "type": "Feature",
      "geometry": {
        "type": "Point",
        "coordinates": [109.2333, 23.75]
      },
      "properties": {
        "label": "611",
        "pub_Time": "2022",
        "class4": "5",
        "LOC": "Laibin, Guangxi Zhuang Autonomous Region of China",
        "NAME": "China",
        "classSun": "5",
        "class1": "HM"
      }
    },
    {
      "type": "Feature",
      "geometry": {
        "type": "Point",
        "coordinates": [-75.2913, 20.1007]
      },
      "properties": {
        "label": "373",
        "pub_Time": "2011",
        "class4": "4",
        "LOC": "Guantanamo Province of Cuba",
        "NAME": "Cuba",
        "classSun": "4",
        "class1": "ML"
      }
    },
    {
      "type": "Feature",
      "geometry": {
        "type": "Point",
        "coordinates": [105.6801, 38.7033]
      },
      "properties": {
        "label": "374",
        "pub_Time": "2022",
        "class4": "5",
        "LOC": "Gucheng town of Ningxia province in China",
        "NAME": "China",
        "classSun": "5",
        "class1": "HM"
      }
    },
    {
      "type": "Feature",
      "geometry": {
        "type": "Point",
        "coordinates": [49.9, 37.4]
      },
      "properties": {
        "label": "1230",
        "pub_Time": "2019",
        "class4": "5",
        "LOC": "Tutkabon region, Guilan Province",
        "NAME": "Iran",
        "classSun": "5",
        "class1": "HM"
      }
    },
    {
      "type": "Feature",
      "geometry": {
        "type": "Point",
        "coordinates": [18.8952, 48.6038]
      },
      "properties": {
        "label": "386",
        "pub_Time": "2020",
        "class4": "1",
        "LOC": "Handlova",
        "NAME": "Slovakia",
        "classSun": "1",
        "class1": "EE"
      }
    },
    {
      "type": "Feature",
      "geometry": {
        "type": "Point",
        "coordinates": [116.5, 39.5]
      },
      "properties": {
        "label": "392",
        "pub_Time": "2012",
        "class4": "5",
        "LOC": "HeBei section of Jing Cheng highway",
        "NAME": "China",
        "classSun": "5",
        "class1": "HM"
      }
    },
    {
      "type": "Feature",
      "geometry": {
        "type": "Point",
        "coordinates": [128.0, 47.0]
      },
      "properties": {
        "label": "394",
        "pub_Time": "2023",
        "LOC": "Heilongjiang province",
        "NAME": "China"
      }
    },
    {
      "type": "Feature",
      "geometry": {
        "type": "Point",
        "coordinates": [138.0, 36.5]
      },
      "properties": {
        "label": "398",
        "pub_Time": "2023",
        "class4": "3",
        "LOC": "high snowfall area in central Japan",
        "NAME": "Japan",
        "classSun": "3",
        "class1": "MM"
      }
    },
    {
      "type": "Feature",
      "geometry": {
        "type": "Point",
        "coordinates": [121.0, 23.5]
      },
      "properties": {
        "label": "402",
        "pub_Time": "2018",
        "class4": "5",
        "LOC": "highway section in Taiwan",
        "NAME": "China",
        "classSun": "5",
        "class1": "HM"
      }
    },
    {
      "type": "Feature",
      "geometry": {
        "type": "Point",
        "coordinates": [124.5, 56.8]
      },
      "properties": {
        "label": "405",
        "pub_Time": "2022",
        "class4": "5",
        "LOC": "hillsides of the area Elga coal field",
        "NAME": "Russia",
        "classSun": "5",
        "class1": "HM"
      }
    },
    {
      "type": "Feature",
      "geometry": {
        "type": "Point",
        "coordinates": [13.5, 42.5]
      },
      "properties": {
        "label": "406",
        "pub_Time": "2016",
        "class4": "2",
        "LOC": "hilly - coastal test - area in Adriatic Central Italy",
        "NAME": "Italy",
        "classSun": "2",
        "class1": "MS"
      }
    },
    {
      "type": "Feature",
      "geometry": {
        "type": "Point",
        "coordinates": [104.0, 30.5]
      },
      "properties": {
        "label": "408",
        "pub_Time": "2020",
        "class4": "4",
        "LOC": "hilly area in Sichuan province",
        "NAME": "China",
        "classSun": "4",
        "class1": "ML"
      }
    },
    {
      "type": "Feature",
      "geometry": {
        "type": "Point",
        "coordinates": [75.0, 35.0]
      },
      "properties": {
        "label": "415",
        "pub_Time": "2020",
        "class4": "1",
        "LOC": "Himalaya mountainous region of northern Pakistan",
        "NAME": "Pakistan",
        "classSun": "1",
        "class1": "EE"
      }
    },
    {
      "type": "Feature",
      "geometry": {
        "type": "Point",
        "coordinates": [80.0, 30.0]
      },
      "properties": {
        "label": "423",
        "pub_Time": "2016",
        "LOC": "Himalayan mountainous terrains of India",
        "NAME": "India"
      }
    },
    {
      "type": "Feature",
      "geometry": {
        "type": "Point",
        "coordinates": [75.0, 35.0]
      },
      "properties": {
        "label": "424",
        "pub_Time": "2022",
        "class4": "2",
        "LOC": "Himalayan mountains in northern Pakistan",
        "NAME": "Pakistan",
        "classSun": "2",
        "class1": "MS"
      }
    },
    {
      "type": "Feature",
      "geometry": {
        "type": "Point",
        "coordinates": [78.9997, 30.4223]
      },
      "properties": {
        "label": "427",
        "pub_Time": "2021",
        "LOC": "Himalayan region",
        "NAME": "India"
      }
    },
    {
      "type": "Feature",
      "geometry": {
        "type": "Point",
        "coordinates": [78.9997, 30.4223]
      },
      "properties": {
        "label": "435",
        "pub_Time": "2005",
        "class4": "5",
        "LOC": "Himalayas",
        "NAME": "India",
        "classSun": "5",
        "class1": "HM"
      }
    },
    {
      "type": "Feature",
      "geometry": {
        "type": "Point",
        "coordinates": [84.0, 28.0]
      },
      "properties": {
        "label": "440",
        "pub_Time": "2019",
        "class4": "1",
        "LOC": "Himalayas",
        "NAME": "Nepal",
        "classSun": "1",
        "class1": "EE"
      }
    },
    {
      "type": "Feature",
      "geometry": {
        "type": "Point",
        "coordinates": [84.0, 28.0]
      },
      "properties": {
        "label": "422",
        "pub_Time": "2022",
        "class4": "4",
        "LOC": "Himalayas",
        "NAME": "Nepal",
        "classSun": "4",
        "class1": "ML"
      }
    },
    {
      "type": "Feature",
      "geometry": {
        "type": "Point",
        "coordinates": [79.0, 30.0]
      },
      "properties": {
        "label": "351",
        "pub_Time": "2017",
        "class4": "2",
        "LOC": "Garhwal Himalaya, Himalayas",
        "NAME": "India",
        "classSun": "2",
        "class1": "MS"
      }
    },
    {
      "type": "Feature",
      "geometry": {
        "type": "Point",
        "coordinates": [75.0, 35.5]
      },
      "properties": {
        "label": "879",
        "pub_Time": "2021",
        "class4": "5",
        "LOC": "NW Himalaya, Himalayas",
        "NAME": "Pakistan",
        "classSun": "5",
        "class1": "HM"
      }
    },
    {
      "type": "Feature",
      "geometry": {
        "type": "Point",
        "coordinates": [78.5, 30.0]
      },
      "properties": {
        "label": "1166",
        "pub_Time": "2022",
        "class4": "6",
        "LOC": "Tehri region, Himalayas",
        "NAME": "India",
        "classSun": "6",
        "class1": "HM"
      }
    },
    {
      "type": "Feature",
      "geometry": {
        "type": "Point",
        "coordinates": [70.906, 36.036]
      },
      "properties": {
        "label": "442",
        "pub_Time": "2023",
        "class4": "2",
        "LOC": "Hindukush mountain ranges of northern Pakistan",
        "NAME": "Afghanistan",
        "classSun": "2",
        "class1": "MS"
      }
    },
    {
      "type": "Feature",
      "geometry": {
        "type": "Point",
        "coordinates": [105.3597, 20.4661]
      },
      "properties": {
        "label": "443",
        "pub_Time": "2012",
        "class4": "5",
        "LOC": "Hoa Binh province of Vietnam",
        "NAME": "Vietnam",
        "classSun": "5",
        "class1": "HM"
      }
    },
    {
      "type": "Feature",
      "geometry": {
        "type": "Point",
        "coordinates": [105.3, 20.8]
      },
      "properties": {
        "label": "444",
        "pub_Time": "2012",
        "class4": "5",
        "LOC": "Hoa Binh province of Vietnam",
        "NAME": "Vietnam",
        "classSun": "5",
        "class1": "HM"
      }
    },
    {
      "type": "Feature",
      "geometry": {
        "type": "Point",
        "coordinates": [141.3469, 43.0642]
      },
      "properties": {
        "label": "445",
        "pub_Time": "2020",
        "class4": "4",
        "LOC": "Hokkaido",
        "NAME": "Japan",
        "classSun": "4",
        "class1": "ML"
      }
    },
    {
      "type": "Feature",
      "geometry": {
        "type": "Point",
        "coordinates": [-87.5, 14.5]
      },
      "properties": {
        "label": "316",
        "pub_Time": "2009",
        "class4": "2",
        "LOC": "El Berrinche, Honduras",
        "NAME": "Honduras",
        "classSun": "2",
        "class1": "MS"
      }
    },
    {
      "type": "Feature",
      "geometry": {
        "type": "Point",
        "coordinates": [-87.0, 14.5]
      },
      "properties": {
        "label": "447",
        "pub_Time": "2004",
        "LOC": "El Triunfo watershed, southern Honduras, Honduras",
        "NAME": "Honduras"
      }
    },
    {
      "type": "Feature",
      "geometry": {
        "type": "Point",
        "coordinates": [-87.0, 14.5]
      },
      "properties": {
        "label": "447",
        "pub_Time": "2004",
        "LOC": "Namasigue watershed, southern Honduras, Honduras",
        "NAME": "Honduras"
      }
    },
    {
      "type": "Feature",
      "geometry": {
        "type": "Point",
        "coordinates": [-87.2167, 14.0833]
      },
      "properties": {
        "label": "1160",
        "pub_Time": "2020",
        "class4": "2",
        "LOC": "Tegucigalpa, Honduras",
        "NAME": "Honduras",
        "classSun": "2",
        "class1": "MS"
      }
    },
    {
      "type": "Feature",
      "geometry": {
        "type": "Point",
        "coordinates": [114.1694, 22.3193]
      },
      "properties": {
        "label": "449",
        "pub_Time": "2002",
        "class4": "4",
        "LOC": "Hong Kong",
        "NAME": "China",
        "classSun": "4",
        "class1": "ML"
      }
    },
    {
      "type": "Feature",
      "geometry": {
        "type": "Point",
        "coordinates": [114.1694, 22.3193]
      },
      "properties": {
        "label": "448",
        "pub_Time": "2008",
        "class4": "4",
        "LOC": "Hong Kong",
        "NAME": "China",
        "classSun": "4",
        "class1": "ML"
      }
    },
    {
      "type": "Feature",
      "geometry": {
        "type": "Point",
        "coordinates": [113.9, 22.25]
      },
      "properties": {
        "label": "626",
        "pub_Time": "2021",
        "class4": "5",
        "LOC": "Lantau, Hong Kong",
        "NAME": "China",
        "classSun": "6",
        "class1": "HM"
      }
    },
    {
      "type": "Feature",
      "geometry": {
        "type": "Point",
        "coordinates": [113.9, 22.25]
      },
      "properties": {
        "label": "623",
        "pub_Time": "2001",
        "class4": "4",
        "LOC": "Lantau Island, Hong Kong",
        "NAME": "China",
        "classSun": "4",
        "class1": "ML"
      }
    },
    {
      "type": "Feature",
      "geometry": {
        "type": "Point",
        "coordinates": [113.9, 22.25]
      },
      "properties": {
        "label": "450",
        "pub_Time": "2015",
        "class4": "5",
        "LOC": "Lantau Island, Hong Kong",
        "NAME": "China",
        "classSun": "5",
        "class1": "HM"
      }
    },
    {
      "type": "Feature",
      "geometry": {
        "type": "Point",
        "coordinates": [113.9, 22.25]
      },
      "properties": {
        "label": "622",
        "pub_Time": "2018",
        "class4": "3",
        "LOC": "Lantau Island, Hong Kong",
        "NAME": "China",
        "classSun": "3",
        "class1": "MM"
      }
    },
    {
      "type": "Feature",
      "geometry": {
        "type": "Point",
        "coordinates": [113.9, 22.25]
      },
      "properties": {
        "label": "625",
        "pub_Time": "2021",
        "class4": "5",
        "LOC": "Lantau Island, Hong Kong",
        "NAME": "China",
        "classSun": "5",
        "class1": "HM"
      }
    },
    {
      "type": "Feature",
      "geometry": {
        "type": "Point",
        "coordinates": [113.95, 22.3]
      },
      "properties": {
        "label": "1400",
        "pub_Time": "2022",
        "class4": "4",
        "LOC": "Lantau Island, Hong Kong",
        "NAME": "China",
        "classSun": "4",
        "class1": "ML"
      }
    },
    {
      "type": "Feature",
      "geometry": {
        "type": "Point",
        "coordinates": [113.9, 22.25]
      },
      "properties": {
        "label": "624",
        "pub_Time": "2022",
        "class4": "5",
        "LOC": "Lantau Island, Hong Kong",
        "NAME": "China",
        "classSun": "5",
        "class1": "HM"
      }
    },
    {
      "type": "Feature",
      "geometry": {
        "type": "Point",
        "coordinates": [114.16, 22.28]
      },
      "properties": {
        "label": "390",
        "pub_Time": "2002",
        "class4": "5",
        "LOC": "Mid-Levels region, Hong Kong",
        "NAME": "China",
        "classSun": "5",
        "class1": "HM"
      }
    },
    {
      "type": "Feature",
      "geometry": {
        "type": "Point",
        "coordinates": [110.3, 31.2]
      },
      "properties": {
        "label": "1343",
        "pub_Time": "2022",
        "class4": "5",
        "LOC": "Xingshan County, Hubei Province",
        "NAME": "China",
        "classSun": "5",
        "class1": "HM"
      }
    },
    {
      "type": "Feature",
      "geometry": {
        "type": "Point",
        "coordinates": [111.0, 30.2]
      },
      "properties": {
        "label": "1424",
        "pub_Time": "2023",
        "class4": "6",
        "LOC": "Zigui Basin, Hubei Province",
        "NAME": "China",
        "classSun": "6",
        "class1": "HM"
      }
    },
    {
      "type": "Feature",
      "geometry": {
        "type": "Point",
        "coordinates": [111.2667, 30.5811]
      },
      "properties": {
        "label": "453",
        "pub_Time": "2023",
        "class4": "4",
        "LOC": "Hubei Province section of the Three Gorges Reservoir Area",
        "NAME": "China",
        "classSun": "4",
        "class1": "ML"
      }
    },
    {
      "type": "Feature",
      "geometry": {
        "type": "Point",
        "coordinates": [17.5, 46.95]
      },
      "properties": {
        "label": "297",
        "pub_Time": "2022",
        "class4": "3",
        "LOC": "eastern basin, Lake Balaton, Hungary",
        "NAME": "Hungary",
        "classSun": "3",
        "class1": "MM"
      }
    },
    {
      "type": "Feature",
      "geometry": {
        "type": "Point",
        "coordinates": [74.67, 36.3087]
      },
      "properties": {
        "label": "457",
        "pub_Time": "2022",
        "class4": "5",
        "LOC": "Hunza and Nagar Districts in the Northern part of Pakistan",
        "NAME": "Pakistan",
        "classSun": "5",
        "class1": "HM"
      }
    },
    {
      "type": "Feature",
      "geometry": {
        "type": "Point",
        "coordinates": [77.1312, 9.8981]
      },
      "properties": {
        "label": "461",
        "pub_Time": "2021",
        "class4": "5",
        "LOC": "Idukki district",
        "NAME": "India",
        "classSun": "5",
        "class1": "HM"
      }
    },
    {
      "type": "Feature",
      "geometry": {
        "type": "Point",
        "coordinates": [79.65, 29.6]
      },
      "properties": {
        "label": "21",
        "pub_Time": "2022",
        "class4": "1",
        "LOC": "Almora district, India",
        "NAME": "India",
        "classSun": "1",
        "class1": "EE"
      }
    },
    {
      "type": "Feature",
      "geometry": {
        "type": "Point",
        "coordinates": [75.75, 32.3]
      },
      "properties": {
        "label": "101",
        "pub_Time": "2018",
        "LOC": "Brahmur, Dalhousie, Chamba, India",
        "NAME": "India"
      }
    },
    {
      "type": "Feature",
      "geometry": {
        "type": "Point",
        "coordinates": [88.2667, 27.0333]
      },
      "properties": {
        "label": "267",
        "pub_Time": "2019",
        "class4": "5",
        "LOC": "Darjeeling, India",
        "NAME": "India",
        "classSun": "5",
        "class1": "HM"
      }
    },
    {
      "type": "Feature",
      "geometry": {
        "type": "Point",
        "coordinates": [88.2667, 27.0333]
      },
      "properties": {
        "label": "266",
        "pub_Time": "2023",
        "class4": "1",
        "LOC": "Darjeeling, India",
        "NAME": "India",
        "classSun": "1",
        "class1": "EE"
      }
    },
    {
      "type": "Feature",
      "geometry": {
        "type": "Point",
        "coordinates": [88.2667, 27.0333]
      },
      "properties": {
        "label": "265",
        "pub_Time": "2019",
        "class4": "2",
        "LOC": "Darjeeling Himalaya, Darjeeling, India",
        "NAME": "India",
        "classSun": "2",
        "class1": "MS"
      }
    },
    {
      "type": "Feature",
      "geometry": {
        "type": "Point",
        "coordinates": [88.2, 27.1]
      },
      "properties": {
        "label": "264",
        "pub_Time": "2017",
        "class4": "4",
        "LOC": "Gish River basin, Darjeeling, India",
        "NAME": "India",
        "classSun": "4",
        "class1": "ML"
      }
    },
    {
      "type": "Feature",
      "geometry": {
        "type": "Point",
        "coordinates": [88.2667, 27.0167]
      },
      "properties": {
        "label": "255",
        "pub_Time": "2019",
        "class4": "5",
        "LOC": "Darjeeling and Kalimpong districts of West Bengal, India",
        "NAME": "India",
        "classSun": "5",
        "class1": "HM"
      }
    },
    {
      "type": "Feature",
      "geometry": {
        "type": "Point",
        "coordinates": [88.266, 27.041]
      },
      "properties": {
        "label": "464",
        "pub_Time": "2009",
        "class4": "2",
        "LOC": "Darjeeling Himalaya, India",
        "NAME": "India",
        "classSun": "2",
        "class1": "MS"
      }
    },
    {
      "type": "Feature",
      "geometry": {
        "type": "Point",
        "coordinates": [88.4667, 27.0667]
      },
      "properties": {
        "label": "545",
        "pub_Time": "2022",
        "class4": "5",
        "LOC": "Kalimpong district, Darjeeling Himalaya, India",
        "NAME": "India",
        "classSun": "5",
        "class1": "HM"
      }
    },
    {
      "type": "Feature",
      "geometry": {
        "type": "Point",
        "coordinates": [88.3, 27.05]
      },
      "properties": {
        "label": "259",
        "pub_Time": "2018",
        "class4": "5",
        "LOC": "Lish river basin of Eastern Darjiling Himalaya, Darjeeling Himalaya, India",
        "NAME": "India",
        "classSun": "5",
        "class1": "HM"
      }
    },
    {
      "type": "Feature",
      "geometry": {
        "type": "Point",
        "coordinates": [88.2667, 27.0333]
      },
      "properties": {
        "label": "256",
        "pub_Time": "2021",
        "class4": "5",
        "LOC": "Darjeeling Himalaya within West Bengal, India",
        "NAME": "India",
        "classSun": "5",
        "class1": "HM"
      }
    },
    {
      "type": "Feature",
      "geometry": {
        "type": "Point",
        "coordinates": [88.0, 27.0]
      },
      "properties": {
        "label": "425",
        "pub_Time": "2023",
        "class4": "2",
        "LOC": "Himalayan Mountains region, Darjeeling Himalayan region, India",
        "NAME": "Nepal",
        "classSun": "2",
        "class1": "MS"
      }
    },
    {
      "type": "Feature",
      "geometry": {
        "type": "Point",
        "coordinates": [88.4667, 27.0667]
      },
      "properties": {
        "label": "260",
        "pub_Time": "2022",
        "class4": "1",
        "LOC": "Kalimpong region, Darjeeling Himalayan region, India",
        "NAME": "India",
        "classSun": "1",
        "class1": "EE"
      }
    },
    {
      "type": "Feature",
      "geometry": {
        "type": "Point",
        "coordinates": [88.2667, 27.0333]
      },
      "properties": {
        "label": "263",
        "pub_Time": "2011",
        "class4": "5",
        "LOC": "Darjeeling Himalayas, India",
        "NAME": "India",
        "classSun": "5",
        "class1": "HM"
      }
    },
    {
      "type": "Feature",
      "geometry": {
        "type": "Point",
        "coordinates": [88.266, 27.041]
      },
      "properties": {
        "label": "465",
        "pub_Time": "2011",
        "LOC": "Darjeeling Himalayas, India",
        "NAME": "India"
      }
    },
    {
      "type": "Feature",
      "geometry": {
        "type": "Point",
        "coordinates": [93.5, 28.5]
      },
      "properties": {
        "label": "463",
        "pub_Time": "2011",
        "class4": "2",
        "LOC": "Igo River Basin in the West Siang District of Arunachal Pradesh, Sub-Himalayas, Eastern Himalaya, India",
        "NAME": "China",
        "classSun": "2",
        "class1": "MS"
      }
    },
    {
      "type": "Feature",
      "geometry": {
        "type": "Point",
        "coordinates": [81.0, 29.0]
      },
      "properties": {
        "label": "417",
        "pub_Time": "2007",
        "class4": "5",
        "LOC": "Himalaya, Garhwal Himalaya, India",
        "NAME": "Nepal",
        "classSun": "5",
        "class1": "HM"
      }
    },
    {
      "type": "Feature",
      "geometry": {
        "type": "Point",
        "coordinates": [79.0333, 30.0667]
      },
      "properties": {
        "label": "980",
        "pub_Time": "2020",
        "class4": "6",
        "LOC": "Rudraprayag district, Garhwal Himalaya, India",
        "NAME": "India",
        "classSun": "6",
        "class1": "HM"
      }
    },
    {
      "type": "Feature",
      "geometry": {
        "type": "Point",
        "coordinates": [79.0, 30.0]
      },
      "properties": {
        "label": "439",
        "pub_Time": "2023",
        "class4": "5",
        "LOC": "Himalayas, Himalayan terrain, Garhwal Himalayas, India",
        "NAME": "India",
        "classSun": "5",
        "class1": "HM"
      }
    },
    {
      "type": "Feature",
      "geometry": {
        "type": "Point",
        "coordinates": [79.1, 30.1]
      },
      "properties": {
        "label": "352",
        "pub_Time": "2008",
        "class4": "5",
        "LOC": "Garhwal Lesser Himalaya, India",
        "NAME": "India",
        "classSun": "5",
        "class1": "HM"
      }
    },
    {
      "type": "Feature",
      "geometry": {
        "type": "Point",
        "coordinates": [76.0, 32.0]
      },
      "properties": {
        "label": "414",
        "pub_Time": "2024",
        "class4": "2",
        "LOC": "Himachal Pradesh, India",
        "NAME": "India",
        "classSun": "2",
        "class1": "MS"
      }
    },
    {
      "type": "Feature",
      "geometry": {
        "type": "Point",
        "coordinates": [76.2, 32.7]
      },
      "properties": {
        "label": "159",
        "pub_Time": "2018",
        "class4": "5",
        "LOC": "Bharmour, Chamba region, Himachal Pradesh, India",
        "NAME": "India",
        "classSun": "5",
        "class1": "HM"
      }
    },
    {
      "type": "Feature",
      "geometry": {
        "type": "Point",
        "coordinates": [76.15, 32.75]
      },
      "properties": {
        "label": "159",
        "pub_Time": "2018",
        "class4": "5",
        "LOC": "Chamba, Chamba region, Himachal Pradesh, India",
        "NAME": "India",
        "classSun": "5",
        "class1": "HM"
      }
    },
    {
      "type": "Feature",
      "geometry": {
        "type": "Point",
        "coordinates": [76.17, 32.72]
      },
      "properties": {
        "label": "159",
        "pub_Time": "2018",
        "class4": "5",
        "LOC": "NH - 154A, Chamba to Bharmour road corridor, Chamba region, Himachal Pradesh, India",
        "NAME": "India",
        "classSun": "5",
        "class1": "HM"
      }
    },
    {
      "type": "Feature",
      "geometry": {
        "type": "Point",
        "coordinates": [76.16, 32.71]
      },
      "properties": {
        "label": "159",
        "pub_Time": "2018",
        "class4": "5",
        "LOC": "Ravi river catchment, Chamba region, Himachal Pradesh, India",
        "NAME": "India",
        "classSun": "5",
        "class1": "HM"
      }
    },
    {
      "type": "Feature",
      "geometry": {
        "type": "Point",
        "coordinates": [76.0, 32.0]
      },
      "properties": {
        "label": "960",
        "pub_Time": "2017",
        "class4": "2",
        "LOC": "Ravi river catchment, Chamba to Bharmour road corridor of NH - 154A, Himachal Pradesh, India",
        "NAME": "India",
        "classSun": "2",
        "class1": "MS"
      }
    },
    {
      "type": "Feature",
      "geometry": {
        "type": "Point",
        "coordinates": [77.1734, 31.1048]
      },
      "properties": {
        "label": "1028",
        "pub_Time": "2021",
        "class4": "5",
        "LOC": "Shimla, H.P., Himachal Pradesh, India",
        "NAME": "India",
        "classSun": "5",
        "class1": "HM"
      }
    },
    {
      "type": "Feature",
      "geometry": {
        "type": "Point",
        "coordinates": [76.0, 32.0]
      },
      "properties": {
        "label": "82",
        "pub_Time": "2020",
        "class4": "5",
        "LOC": "Bhanupali - Beri Region, Himalayan Mountain ranges, Himachal Pradesh, India",
        "NAME": "India",
        "classSun": "5",
        "class1": "HM"
      }
    },
    {
      "type": "Feature",
      "geometry": {
        "type": "Point",
        "coordinates": [76.4033, 32.2211]
      },
      "properties": {
        "label": "278",
        "pub_Time": "2018",
        "class4": "5",
        "LOC": "Himalayan city, Dharamshala region, Kangra valley, Himachal Pradesh, India",
        "NAME": "India",
        "classSun": "5",
        "class1": "HM"
      }
    },
    {
      "type": "Feature",
      "geometry": {
        "type": "Point",
        "coordinates": [78.35, 31.7]
      },
      "properties": {
        "label": "576",
        "pub_Time": "2022",
        "class4": "2",
        "LOC": "Kinnaur district, Himachal Pradesh, India",
        "NAME": "India",
        "classSun": "2",
        "class1": "MS"
      }
    },
    {
      "type": "Feature",
      "geometry": {
        "type": "Point",
        "coordinates": [77.1333, 31.9]
      },
      "properties": {
        "label": "593",
        "pub_Time": "2020",
        "class4": "1",
        "LOC": "Kullu district, Himachal Pradesh, India",
        "NAME": "India",
        "classSun": "1",
        "class1": "EE"
      }
    },
    {
      "type": "Feature",
      "geometry": {
        "type": "Point",
        "coordinates": [76.9333, 31.7]
      },
      "properties": {
        "label": "712",
        "pub_Time": "2021",
        "class4": "5",
        "LOC": "Mandi district, Himachal Pradesh, India",
        "NAME": "India",
        "classSun": "5",
        "class1": "HM"
      }
    },
    {
      "type": "Feature",
      "geometry": {
        "type": "Point",
        "coordinates": [76.5, 31.5]
      },
      "properties": {
        "label": "748",
        "pub_Time": "2020",
        "LOC": "Kiratpur Sahib to Nauni road stretch along NH - 205, middle Himalayan region, Himachal Pradesh, India",
        "NAME": "India"
      }
    },
    {
      "type": "Feature",
      "geometry": {
        "type": "Point",
        "coordinates": [76.5, 31.5]
      },
      "properties": {
        "label": "750",
        "pub_Time": "2019",
        "class4": "2",
        "LOC": "mid-Himalayan region, Himachal Pradesh, India",
        "NAME": "India",
        "classSun": "2",
        "class1": "MS"
      }
    },
    {
      "type": "Feature",
      "geometry": {
        "type": "Point",
        "coordinates": [77.0, 31.0]
      },
      "properties": {
        "label": "1001",
        "pub_Time": "2000",
        "LOC": "Sataun in the Sirmur district of Himachal Pradesh, Himachal Pradesh, India",
        "NAME": "India"
      }
    },
    {
      "type": "Feature",
      "geometry": {
        "type": "Point",
        "coordinates": [76.4033, 32.2211]
      },
      "properties": {
        "label": "279",
        "pub_Time": "2022",
        "class4": "5",
        "LOC": "Dharamshala, State capital, Himachal Pradesh, India",
        "NAME": "India",
        "classSun": "5",
        "class1": "HM"
      }
    },
    {
      "type": "Feature",
      "geometry": {
        "type": "Point",
        "coordinates": [80.2167, 29.5833]
      },
      "properties": {
        "label": "924",
        "pub_Time": "2019",
        "class4": "5",
        "LOC": "Pithoragarh district, Uttarakhand, Himalaya, India",
        "NAME": "India",
        "classSun": "6",
        "class1": "HM"
      }
    },
    {
      "type": "Feature",
      "geometry": {
        "type": "Point",
        "coordinates": [84.0, 28.0]
      },
      "properties": {
        "label": "467",
        "pub_Time": "2023",
        "class4": "4",
        "LOC": "Himalayan, India",
        "NAME": "Nepal",
        "classSun": "4",
        "class1": "ML"
      }
    },
    {
      "type": "Feature",
      "geometry": {
        "type": "Point",
        "coordinates": [88.4667, 27.0667]
      },
      "properties": {
        "label": "466",
        "pub_Time": "2021",
        "LOC": "Kalimpong town, Darjeeling Himalayas of India, Indian Himalayas, Himalayan belt, India",
        "NAME": "India"
      }
    },
    {
      "type": "Feature",
      "geometry": {
        "type": "Point",
        "coordinates": [83.0, 27.5]
      },
      "properties": {
        "label": "430",
        "pub_Time": "2019",
        "class4": "6",
        "LOC": "Siwalik and the Lesser Himalayan range, Himalayan region, India",
        "NAME": "Nepal",
        "classSun": "6",
        "class1": "HM"
      }
    },
    {
      "type": "Feature",
      "geometry": {
        "type": "Point",
        "coordinates": [84.0, 28.0]
      },
      "properties": {
        "label": "468",
        "pub_Time": "2020",
        "class4": "2",
        "LOC": "Himalayas, India",
        "NAME": "Nepal",
        "classSun": "2",
        "class1": "MS"
      }
    },
    {
      "type": "Feature",
      "geometry": {
        "type": "Point",
        "coordinates": [76.5, 31.0]
      },
      "properties": {
        "label": "436",
        "pub_Time": "2020",
        "class4": "5",
        "LOC": "Bhanupali - Beri region, Himalayas, India",
        "NAME": "India",
        "classSun": "5",
        "class1": "HM"
      }
    },
    {
      "type": "Feature",
      "geometry": {
        "type": "Point",
        "coordinates": [77.1333, 31.9]
      },
      "properties": {
        "label": "594",
        "pub_Time": "2019",
        "class4": "5",
        "LOC": "Kullu valley, Himalayas, India",
        "NAME": "India",
        "classSun": "5",
        "class1": "HM"
      }
    },
    {
      "type": "Feature",
      "geometry": {
        "type": "Point",
        "coordinates": [77.1333, 31.9]
      },
      "properties": {
        "label": "634",
        "pub_Time": "2019",
        "class4": "2",
        "LOC": "lesser Himalayan region of district Kullu, HP, India",
        "NAME": "India",
        "classSun": "2",
        "class1": "MS"
      }
    },
    {
      "type": "Feature",
      "geometry": {
        "type": "Point",
        "coordinates": [77.15, 9.8]
      },
      "properties": {
        "label": "462",
        "pub_Time": "2021",
        "class4": "2",
        "LOC": "Idukki district, India",
        "NAME": "India",
        "classSun": "2",
        "class1": "MS"
      }
    },
    {
      "type": "Feature",
      "geometry": {
        "type": "Point",
        "coordinates": [78.9333, 30.9667]
      },
      "properties": {
        "label": "22",
        "pub_Time": "2012",
        "class4": "5",
        "LOC": "along road corridors, Bhagirathi river valley, Indian Himalayas, India",
        "NAME": "India",
        "classSun": "5",
        "class1": "HM"
      }
    },
    {
      "type": "Feature",
      "geometry": {
        "type": "Point",
        "coordinates": [80.6333, 29.3]
      },
      "properties": {
        "label": "477",
        "pub_Time": "2022",
        "class4": "5",
        "LOC": "Pithoragarh region along a National Highway, Pithoragarh region, Kumaun Himalaya in Uttarakhand, Indian Himalayas, India",
        "NAME": "Nepal",
        "classSun": "5",
        "class1": "HM"
      }
    },
    {
      "type": "Feature",
      "geometry": {
        "type": "Point",
        "coordinates": [88.5, 27.5]
      },
      "properties": {
        "label": "476",
        "pub_Time": "2023",
        "class4": "5",
        "LOC": "eastern Himalayas, Namchi district of Sikkim, Sikkim, Indian Himalayas, India",
        "NAME": "India",
        "classSun": "5",
        "class1": "HM"
      }
    },
    {
      "type": "Feature",
      "geometry": {
        "type": "Point",
        "coordinates": [75.75, 33.15]
      },
      "properties": {
        "label": "171",
        "pub_Time": "2019",
        "LOC": "Chenab valley, Jammu and Kashmir, India",
        "NAME": "India"
      }
    },
    {
      "type": "Feature",
      "geometry": {
        "type": "Point",
        "coordinates": [75.5, 34.7]
      },
      "properties": {
        "label": "812",
        "pub_Time": "2020",
        "class4": "4",
        "LOC": "Gumri, National Highway 1D from Sonamarg to Kargil, Greater - Himalaya mountainous region, Jammu and Kashmir, India",
        "NAME": "Pakistan",
        "classSun": "4",
        "class1": "ML"
      }
    },
    {
      "type": "Feature",
      "geometry": {
        "type": "Point",
        "coordinates": [76.13, 34.55]
      },
      "properties": {
        "label": "812",
        "pub_Time": "2020",
        "class4": "4",
        "LOC": "Kargil, National Highway 1D from Sonamarg to Kargil, Greater - Himalaya mountainous region, Jammu and Kashmir, India",
        "NAME": "India",
        "classSun": "4",
        "class1": "ML"
      }
    },
    {
      "type": "Feature",
      "geometry": {
        "type": "Point",
        "coordinates": [76.0, 34.5]
      },
      "properties": {
        "label": "812",
        "pub_Time": "2020",
        "class4": "4",
        "LOC": "NH 1D, National Highway 1D from Sonamarg to Kargil, Greater - Himalaya mountainous region, Jammu and Kashmir, India",
        "NAME": "India",
        "classSun": "4",
        "class1": "ML"
      }
    },
    {
      "type": "Feature",
      "geometry": {
        "type": "Point",
        "coordinates": [75.8, 34.8]
      },
      "properties": {
        "label": "812",
        "pub_Time": "2020",
        "class4": "4",
        "LOC": "Pandras, National Highway 1D from Sonamarg to Kargil, Greater - Himalaya mountainous region, Jammu and Kashmir, India",
        "NAME": "Pakistan",
        "classSun": "4",
        "class1": "ML"
      }
    },
    {
      "type": "Feature",
      "geometry": {
        "type": "Point",
        "coordinates": [75.1, 34.3]
      },
      "properties": {
        "label": "812",
        "pub_Time": "2020",
        "class4": "4",
        "LOC": "Sonmarg, National Highway 1D from Sonamarg to Kargil, Greater - Himalaya mountainous region, Jammu and Kashmir, India",
        "NAME": "India",
        "classSun": "4",
        "class1": "ML"
      }
    },
    {
      "type": "Feature",
      "geometry": {
        "type": "Point",
        "coordinates": [75.2, 34.6]
      },
      "properties": {
        "label": "812",
        "pub_Time": "2020",
        "class4": "4",
        "LOC": "Zojila pass, National Highway 1D from Sonamarg to Kargil, Greater - Himalaya mountainous region, Jammu and Kashmir, India",
        "NAME": "India",
        "classSun": "4",
        "class1": "ML"
      }
    },
    {
      "type": "Feature",
      "geometry": {
        "type": "Point",
        "coordinates": [75.7139, 15.3173]
      },
      "properties": {
        "label": "561",
        "pub_Time": "2018",
        "class4": "5",
        "LOC": "Karnataka, India",
        "NAME": "India",
        "classSun": "5",
        "class1": "HM"
      }
    },
    {
      "type": "Feature",
      "geometry": {
        "type": "Point",
        "coordinates": [75.7397, 12.4256]
      },
      "properties": {
        "label": "1120",
        "pub_Time": "2022",
        "class4": "3",
        "LOC": "Southwestern region, Kodagu district, Karnataka, India",
        "NAME": "India",
        "classSun": "3",
        "class1": "MM"
      }
    },
    {
      "type": "Feature",
      "geometry": {
        "type": "Point",
        "coordinates": [74.8, 33.0]
      },
      "properties": {
        "label": "507",
        "pub_Time": "2022",
        "class4": "2",
        "LOC": "Jammu - Srinagar National Highway, Himalayas, Kashmir valley, India",
        "NAME": "India",
        "classSun": "2",
        "class1": "MS"
      }
    },
    {
      "type": "Feature",
      "geometry": {
        "type": "Point",
        "coordinates": [76.2711, 10.8505]
      },
      "properties": {
        "label": "572",
        "pub_Time": "2022",
        "class4": "3",
        "LOC": "Kerala, India",
        "NAME": "India",
        "classSun": "3",
        "class1": "MM"
      }
    },
    {
      "type": "Feature",
      "geometry": {
        "type": "Point",
        "coordinates": [76.6656, 9.702]
      },
      "properties": {
        "label": "1239",
        "pub_Time": "2013",
        "class4": "2",
        "LOC": "Munnilavu, Kottayam district, Kerala, India",
        "NAME": "India",
        "classSun": "2",
        "class1": "MS"
      }
    },
    {
      "type": "Feature",
      "geometry": {
        "type": "Point",
        "coordinates": [76.8167, 9.75]
      },
      "properties": {
        "label": "1239",
        "pub_Time": "2013",
        "class4": "2",
        "LOC": "Poonjar Thekkekara, Kottayam district, Kerala, India",
        "NAME": "India",
        "classSun": "2",
        "class1": "MS"
      }
    },
    {
      "type": "Feature",
      "geometry": {
        "type": "Point",
        "coordinates": [76.65, 9.7167]
      },
      "properties": {
        "label": "1239",
        "pub_Time": "2013",
        "class4": "2",
        "LOC": "Talanad, Kottayam district, Kerala, India",
        "NAME": "India",
        "classSun": "2",
        "class1": "MS"
      }
    },
    {
      "type": "Feature",
      "geometry": {
        "type": "Point",
        "coordinates": [76.6667, 9.7333]
      },
      "properties": {
        "label": "1239",
        "pub_Time": "2013",
        "class4": "2",
        "LOC": "Tikoy, Kottayam district, Kerala, India",
        "NAME": "India",
        "classSun": "2",
        "class1": "MS"
      }
    },
    {
      "type": "Feature",
      "geometry": {
        "type": "Point",
        "coordinates": [76.596, 9.6684]
      },
      "properties": {
        "label": "1239",
        "pub_Time": "2013",
        "class4": "2",
        "LOC": "upland catchment of river Meenachil, Kottayam district, Kerala, India",
        "NAME": "India",
        "classSun": "2",
        "class1": "MS"
      }
    },
    {
      "type": "Feature",
      "geometry": {
        "type": "Point",
        "coordinates": [76.0, 10.0]
      },
      "properties": {
        "label": "573",
        "pub_Time": "2020",
        "LOC": "NNW - SSE oriented Western Ghat Mountains, Kerala, India",
        "NAME": "India"
      }
    },
    {
      "type": "Feature",
      "geometry": {
        "type": "Point",
        "coordinates": [76.0, 10.0]
      },
      "properties": {
        "label": "1108",
        "pub_Time": "2020",
        "class4": "5",
        "LOC": "Southern Western Ghats, Kerala, India",
        "NAME": "India",
        "classSun": "5",
        "class1": "HM"
      }
    },
    {
      "type": "Feature",
      "geometry": {
        "type": "Point",
        "coordinates": [76.0, 10.0]
      },
      "properties": {
        "label": "1109",
        "pub_Time": "2020",
        "class4": "5",
        "LOC": "southern Western Ghats, Kerala, India",
        "NAME": "India",
        "classSun": "5",
        "class1": "HM"
      }
    },
    {
      "type": "Feature",
      "geometry": {
        "type": "Point",
        "coordinates": [76.1, 11.7]
      },
      "properties": {
        "label": "1293",
        "pub_Time": "2022",
        "class4": "4",
        "LOC": "Wayanad district, Wayanad, Kerala, India",
        "NAME": "India",
        "classSun": "4",
        "class1": "ML"
      }
    },
    {
      "type": "Feature",
      "geometry": {
        "type": "Point",
        "coordinates": [76.1, 11.7]
      },
      "properties": {
        "label": "1292",
        "pub_Time": "2021",
        "class4": "4",
        "LOC": "Wayanad district, Kerala, India",
        "NAME": "India",
        "classSun": "4",
        "class1": "ML"
      }
    },
    {
      "type": "Feature",
      "geometry": {
        "type": "Point",
        "coordinates": [76.0, 10.0]
      },
      "properties": {
        "label": "1315",
        "pub_Time": "2007",
        "class4": "2",
        "LOC": "Western Ghats, Kerala, India",
        "NAME": "India",
        "classSun": "2",
        "class1": "MS"
      }
    },
    {
      "type": "Feature",
      "geometry": {
        "type": "Point",
        "coordinates": [76.5, 9.5]
      },
      "properties": {
        "label": "391",
        "pub_Time": "2012",
        "class4": "2",
        "LOC": "headwater region, Manimala river basin, Western Ghats, Kerala, India",
        "NAME": "India",
        "classSun": "2",
        "class1": "MS"
      }
    },
    {
      "type": "Feature",
      "geometry": {
        "type": "Point",
        "coordinates": [76.3, 10.05]
      },
      "properties": {
        "label": "571",
        "pub_Time": "2021",
        "class4": "5",
        "LOC": "Ernakulam, Kerala state, India",
        "NAME": "India",
        "classSun": "5",
        "class1": "HM"
      }
    },
    {
      "type": "Feature",
      "geometry": {
        "type": "Point",
        "coordinates": [77.15, 9.8]
      },
      "properties": {
        "label": "571",
        "pub_Time": "2021",
        "class4": "5",
        "LOC": "Idukki, Kerala state, India",
        "NAME": "India",
        "classSun": "5",
        "class1": "HM"
      }
    },
    {
      "type": "Feature",
      "geometry": {
        "type": "Point",
        "coordinates": [76.5167, 9.5833]
      },
      "properties": {
        "label": "571",
        "pub_Time": "2021",
        "class4": "5",
        "LOC": "Kottayam, Kerala state, India",
        "NAME": "India",
        "classSun": "5",
        "class1": "HM"
      }
    },
    {
      "type": "Feature",
      "geometry": {
        "type": "Point",
        "coordinates": [75.7804, 11.2588]
      },
      "properties": {
        "label": "571",
        "pub_Time": "2021",
        "class4": "5",
        "LOC": "Kozhikode, Kerala state, India",
        "NAME": "India",
        "classSun": "5",
        "class1": "HM"
      }
    },
    {
      "type": "Feature",
      "geometry": {
        "type": "Point",
        "coordinates": [76.0746, 11.054]
      },
      "properties": {
        "label": "571",
        "pub_Time": "2021",
        "class4": "5",
        "LOC": "Malappuram districts, Kerala state, India",
        "NAME": "India",
        "classSun": "5",
        "class1": "HM"
      }
    },
    {
      "type": "Feature",
      "geometry": {
        "type": "Point",
        "coordinates": [76.0833, 11.65]
      },
      "properties": {
        "label": "571",
        "pub_Time": "2021",
        "class4": "5",
        "LOC": "Wayanad, Kerala state, India",
        "NAME": "India",
        "classSun": "5",
        "class1": "HM"
      }
    },
    {
      "type": "Feature",
      "geometry": {
        "type": "Point",
        "coordinates": [75.75, 12.5]
      },
      "properties": {
        "label": "313",
        "pub_Time": "2023",
        "class4": "4",
        "LOC": "eastern side of the Western Ghats, Kodagu district, India",
        "NAME": "India",
        "classSun": "4",
        "class1": "ML"
      }
    },
    {
      "type": "Feature",
      "geometry": {
        "type": "Point",
        "coordinates": [77.5, 10.2333]
      },
      "properties": {
        "label": "1167",
        "pub_Time": "2011",
        "class4": "5",
        "LOC": "Tevankarai Ar sub-watershed, Kodaikkanal, India",
        "NAME": "India",
        "classSun": "5",
        "class1": "HM"
      }
    },
    {
      "type": "Feature",
      "geometry": {
        "type": "Point",
        "coordinates": [76.6, 8.9]
      },
      "properties": {
        "label": "1318",
        "pub_Time": "2022",
        "class4": "5",
        "LOC": "Western Ghats region, Kollam district, India",
        "NAME": "India",
        "classSun": "5",
        "class1": "HM"
      }
    },
    {
      "type": "Feature",
      "geometry": {
        "type": "Point",
        "coordinates": [76.5167, 9.5833]
      },
      "properties": {
        "label": "1316",
        "pub_Time": "2023",
        "class4": "5",
        "LOC": "Koottickal, Koottickal area, Kottayam district, India",
        "NAME": "India",
        "classSun": "5",
        "class1": "HM"
      }
    },
    {
      "type": "Feature",
      "geometry": {
        "type": "Point",
        "coordinates": [76.5167, 9.5833]
      },
      "properties": {
        "label": "1316",
        "pub_Time": "2023",
        "class4": "5",
        "LOC": "Koruthodu, Koottickal area, Kottayam district, India",
        "NAME": "India",
        "classSun": "5",
        "class1": "HM"
      }
    },
    {
      "type": "Feature",
      "geometry": {
        "type": "Point",
        "coordinates": [76.5167, 9.5833]
      },
      "properties": {
        "label": "1316",
        "pub_Time": "2023",
        "class4": "5",
        "LOC": "Moonnilavu, Koottickal area, Kottayam district, India",
        "NAME": "India",
        "classSun": "5",
        "class1": "HM"
      }
    },
    {
      "type": "Feature",
      "geometry": {
        "type": "Point",
        "coordinates": [76.5167, 9.5833]
      },
      "properties": {
        "label": "1316",
        "pub_Time": "2023",
        "class4": "5",
        "LOC": "Poonjar Thekkekara, Koottickal area, Kottayam district, India",
        "NAME": "India",
        "classSun": "5",
        "class1": "HM"
      }
    },
    {
      "type": "Feature",
      "geometry": {
        "type": "Point",
        "coordinates": [76.5167, 9.5833]
      },
      "properties": {
        "label": "1316",
        "pub_Time": "2023",
        "class4": "5",
        "LOC": "Thalanad, Koottickal area, Kottayam district, India",
        "NAME": "India",
        "classSun": "5",
        "class1": "HM"
      }
    },
    {
      "type": "Feature",
      "geometry": {
        "type": "Point",
        "coordinates": [81.3128, 31.0675]
      },
      "properties": {
        "label": "538",
        "pub_Time": "2023",
        "class4": "5",
        "LOC": "Kailash Sacred Landscape, KSL, India",
        "NAME": "China",
        "classSun": "5",
        "class1": "HM"
      }
    },
    {
      "type": "Feature",
      "geometry": {
        "type": "Point",
        "coordinates": [77.15, 32.1]
      },
      "properties": {
        "label": "438",
        "pub_Time": "2019",
        "class4": "2",
        "LOC": "Himalayan region, Kullu valley, Kullu valley region in the Himalayas, India",
        "NAME": "India",
        "classSun": "2",
        "class1": "MS"
      }
    },
    {
      "type": "Feature",
      "geometry": {
        "type": "Point",
        "coordinates": [80.0, 29.5]
      },
      "properties": {
        "label": "544",
        "pub_Time": "2022",
        "class4": "5",
        "LOC": "Kali River valley, Kumaun Himalaya, India",
        "NAME": "India",
        "classSun": "6",
        "class1": "HM"
      }
    },
    {
      "type": "Feature",
      "geometry": {
        "type": "Point",
        "coordinates": [77.5, 34.0]
      },
      "properties": {
        "label": "469",
        "pub_Time": "2023",
        "class4": "3",
        "LOC": "India s political border, lower western region of Ladakh, parts of Punch district, Muzaffarabad district, upper western sections of Jammu & Kashmir, Ladakh , and Jammu & Kashmir, India",
        "NAME": "India",
        "classSun": "3",
        "class1": "MM"
      }
    },
    {
      "type": "Feature",
      "geometry": {
        "type": "Point",
        "coordinates": [77.5, 30.5]
      },
      "properties": {
        "label": "547",
        "pub_Time": "2020",
        "class4": "1",
        "LOC": "Chapanu, Kalsi - Chakrata road corridor, Lesser Himalayas, India",
        "NAME": "India",
        "classSun": "1",
        "class1": "EE"
      }
    },
    {
      "type": "Feature",
      "geometry": {
        "type": "Point",
        "coordinates": [77.5, 30.5]
      },
      "properties": {
        "label": "547",
        "pub_Time": "2020",
        "class4": "1",
        "LOC": "Dhaira, Kalsi - Chakrata road corridor, Lesser Himalayas, India",
        "NAME": "India",
        "classSun": "1",
        "class1": "EE"
      }
    },
    {
      "type": "Feature",
      "geometry": {
        "type": "Point",
        "coordinates": [77.5, 30.5]
      },
      "properties": {
        "label": "547",
        "pub_Time": "2020",
        "class4": "1",
        "LOC": "foothill of Lesser Himalayas, Kalsi - Chakrata road corridor, Lesser Himalayas, India",
        "NAME": "India",
        "classSun": "1",
        "class1": "EE"
      }
    },
    {
      "type": "Feature",
      "geometry": {
        "type": "Point",
        "coordinates": [77.5, 30.5]
      },
      "properties": {
        "label": "547",
        "pub_Time": "2020",
        "class4": "1",
        "LOC": "Jhutaya village, Kalsi - Chakrata road corridor, Lesser Himalayas, India",
        "NAME": "India",
        "classSun": "1",
        "class1": "EE"
      }
    },
    {
      "type": "Feature",
      "geometry": {
        "type": "Point",
        "coordinates": [77.5, 30.5]
      },
      "properties": {
        "label": "547",
        "pub_Time": "2020",
        "class4": "1",
        "LOC": "Sairi villages, Kalsi - Chakrata road corridor, Lesser Himalayas, India",
        "NAME": "India",
        "classSun": "1",
        "class1": "EE"
      }
    },
    {
      "type": "Feature",
      "geometry": {
        "type": "Point",
        "coordinates": [79.0, 29.5]
      },
      "properties": {
        "label": "955",
        "pub_Time": "1990",
        "LOC": "Ramganga catchment, Lower Himalayas, India",
        "NAME": "India"
      }
    },
    {
      "type": "Feature",
      "geometry": {
        "type": "Point",
        "coordinates": [73.3, 19.2]
      },
      "properties": {
        "label": "1314",
        "pub_Time": "2017",
        "LOC": "Western Ghats, DVP, Kalsubai region of Deccan volcanic province, Maharashtra, India",
        "NAME": "India"
      }
    },
    {
      "type": "Feature",
      "geometry": {
        "type": "Point",
        "coordinates": [93.75, 24.5]
      },
      "properties": {
        "label": "715",
        "pub_Time": "2021",
        "class4": "1",
        "LOC": "Manipur, India",
        "NAME": "India",
        "classSun": "1",
        "class1": "EE"
      }
    },
    {
      "type": "Feature",
      "geometry": {
        "type": "Point",
        "coordinates": [93.8, 24.6]
      },
      "properties": {
        "label": "718",
        "pub_Time": "2023",
        "class4": "5",
        "LOC": "Mao - Maram, India",
        "NAME": "India",
        "classSun": "6",
        "class1": "HM"
      }
    },
    {
      "type": "Feature",
      "geometry": {
        "type": "Point",
        "coordinates": [91.7, 25.0]
      },
      "properties": {
        "label": "727",
        "pub_Time": "2023",
        "class4": "4",
        "LOC": "Mawiongrim, Meghalaya, India",
        "NAME": "Bangladesh",
        "classSun": "4",
        "class1": "ML"
      }
    },
    {
      "type": "Feature",
      "geometry": {
        "type": "Point",
        "coordinates": [92.0, 26.0]
      },
      "properties": {
        "label": "843",
        "pub_Time": "2023",
        "class4": "4",
        "LOC": "northeastern region of India, Meghalaya, India",
        "NAME": "India",
        "classSun": "4",
        "class1": "ML"
      }
    },
    {
      "type": "Feature",
      "geometry": {
        "type": "Point",
        "coordinates": [91.8833, 25.5]
      },
      "properties": {
        "label": "735",
        "pub_Time": "2022",
        "class4": "5",
        "LOC": "Shillong Plateau in the North Eastern Region of India, Meghalaya, India",
        "NAME": "India",
        "classSun": "5",
        "class1": "HM"
      }
    },
    {
      "type": "Feature",
      "geometry": {
        "type": "Point",
        "coordinates": [92.9376, 23.1645]
      },
      "properties": {
        "label": "759",
        "pub_Time": "2021",
        "class4": "5",
        "LOC": "Mizoram, India",
        "NAME": "India",
        "classSun": "5",
        "class1": "HM"
      }
    },
    {
      "type": "Feature",
      "geometry": {
        "type": "Point",
        "coordinates": [92.75, 23.4]
      },
      "properties": {
        "label": "760",
        "pub_Time": "2019",
        "LOC": "Serchhip, Serchhip township, Serchhip town, southern part of the Aizawl district, Mizoram, India",
        "NAME": "India"
      }
    },
    {
      "type": "Feature",
      "geometry": {
        "type": "Point",
        "coordinates": [75.0, 15.0]
      },
      "properties": {
        "label": "789",
        "pub_Time": "2022",
        "class4": "5",
        "LOC": "mountainous WG region, WG, mountainous Western Ghats, India",
        "NAME": "India",
        "classSun": "5",
        "class1": "HM"
      }
    },
    {
      "type": "Feature",
      "geometry": {
        "type": "Point",
        "coordinates": [87.0, 23.0]
      },
      "properties": {
        "label": "825",
        "pub_Time": "2023",
        "class4": "5",
        "LOC": "NH 58 area, India",
        "NAME": "India",
        "classSun": "5",
        "class1": "HM"
      }
    },
    {
      "type": "Feature",
      "geometry": {
        "type": "Point",
        "coordinates": [76.7, 11.4]
      },
      "properties": {
        "label": "827",
        "pub_Time": "2021",
        "class4": "5",
        "LOC": "Nilgiri district, India",
        "NAME": "India",
        "classSun": "5",
        "class1": "HM"
      }
    },
    {
      "type": "Feature",
      "geometry": {
        "type": "Point",
        "coordinates": [76.7, 11.4]
      },
      "properties": {
        "label": "470",
        "pub_Time": "2020",
        "LOC": "Nilgiris, Nilgiris district, Nilgiris district in Western Ghats of India, India",
        "NAME": "India"
      }
    },
    {
      "type": "Feature",
      "geometry": {
        "type": "Point",
        "coordinates": [88.0, 27.5]
      },
      "properties": {
        "label": "1056",
        "pub_Time": "2022",
        "class4": "5",
        "LOC": "Sikkim Himalaya, North - Eastern Himalaya, India",
        "NAME": "Nepal",
        "classSun": "5",
        "class1": "HM"
      }
    },
    {
      "type": "Feature",
      "geometry": {
        "type": "Point",
        "coordinates": [94.5, 26.5]
      },
      "properties": {
        "label": "804",
        "pub_Time": "2003",
        "class4": "5",
        "LOC": "Noklak town, Noklak district in the eastern part of Nagaland bordering Myanmar, Nagaland, north - eastern state of India, India",
        "NAME": "India",
        "classSun": "5",
        "class1": "HM"
      }
    },
    {
      "type": "Feature",
      "geometry": {
        "type": "Point",
        "coordinates": [88.5, 27.8]
      },
      "properties": {
        "label": "836",
        "pub_Time": "2023",
        "LOC": "North Sikkim Himalayas, India",
        "NAME": "India"
      }
    },
    {
      "type": "Feature",
      "geometry": {
        "type": "Point",
        "coordinates": [93.9, 24.5]
      },
      "properties": {
        "label": "841",
        "pub_Time": "2023",
        "class4": "5",
        "LOC": "Noney and Khongsag railway station, Tupul landslide area, Imphal - Jiribam railway corridor, Tamenglong and Senapati districts, Manipur, Northeast part of India, India",
        "NAME": "India",
        "classSun": "5",
        "class1": "HM"
      }
    },
    {
      "type": "Feature",
      "geometry": {
        "type": "Point",
        "coordinates": [77.0, 35.0]
      },
      "properties": {
        "label": "850",
        "pub_Time": "2010",
        "class4": "5",
        "LOC": "northern Himalayas, India",
        "NAME": "Pakistan",
        "classSun": "5",
        "class1": "HM"
      }
    },
    {
      "type": "Feature",
      "geometry": {
        "type": "Point",
        "coordinates": [79.5, 30.0]
      },
      "properties": {
        "label": "862",
        "pub_Time": "2023",
        "class4": "2",
        "LOC": "Northern part of Uttarakhand, India",
        "NAME": "India",
        "classSun": "2",
        "class1": "MS"
      }
    },
    {
      "type": "Feature",
      "geometry": {
        "type": "Point",
        "coordinates": [78.8, 30.0]
      },
      "properties": {
        "label": "894",
        "pub_Time": "2018",
        "class4": "5",
        "LOC": "Pauri Garhwal district, India",
        "NAME": "India",
        "classSun": "5",
        "class1": "HM"
      }
    },
    {
      "type": "Feature",
      "geometry": {
        "type": "Point",
        "coordinates": [79.2, 30.1]
      },
      "properties": {
        "label": "431",
        "pub_Time": "2021",
        "class4": "2",
        "LOC": "upper catchment areas of the Mandakini river adjacent to the National Highways (Himalayan region), Rudraprayag district, India",
        "NAME": "India",
        "classSun": "2",
        "class1": "MS"
      }
    },
    {
      "type": "Feature",
      "geometry": {
        "type": "Point",
        "coordinates": [75.7804, 11.2588]
      },
      "properties": {
        "label": "115",
        "pub_Time": "2017",
        "LOC": "Calicut Nilampur Gudalurghat section, SH37, India",
        "NAME": "India"
      }
    },
    {
      "type": "Feature",
      "geometry": {
        "type": "Point",
        "coordinates": [88.5, 27.533]
      },
      "properties": {
        "label": "561",
        "pub_Time": "2018",
        "class4": "5",
        "LOC": "Sikkim, India",
        "NAME": "India",
        "classSun": "5",
        "class1": "HM"
      }
    },
    {
      "type": "Feature",
      "geometry": {
        "type": "Point",
        "coordinates": [88.6122, 27.3491]
      },
      "properties": {
        "label": "295",
        "pub_Time": "2022",
        "class4": "5",
        "LOC": "Himalaya, East Sikkim, Sikkim, India",
        "NAME": "India",
        "classSun": "5",
        "class1": "HM"
      }
    },
    {
      "type": "Feature",
      "geometry": {
        "type": "Point",
        "coordinates": [88.0, 27.0]
      },
      "properties": {
        "label": "1059",
        "pub_Time": "2005",
        "LOC": "Chandmari, Chandmari landslide area, Eastern Himalaya, Sikkim, India",
        "NAME": "Nepal"
      }
    },
    {
      "type": "Feature",
      "geometry": {
        "type": "Point",
        "coordinates": [88.5, 27.5]
      },
      "properties": {
        "label": "978",
        "pub_Time": "2021",
        "class4": "5",
        "LOC": "Rorachu river basin, Sikkim, India",
        "NAME": "India",
        "classSun": "6",
        "class1": "HM"
      }
    },
    {
      "type": "Feature",
      "geometry": {
        "type": "Point",
        "coordinates": [88.5, 27.1]
      },
      "properties": {
        "label": "1057",
        "pub_Time": "2015",
        "class4": "5",
        "LOC": "Lachung region, Lachung valley, valley regions of Sikkim Himalaya, Sikkim Himalaya, Sikkim, India",
        "NAME": "India",
        "classSun": "5",
        "class1": "HM"
      }
    },
    {
      "type": "Feature",
      "geometry": {
        "type": "Point",
        "coordinates": [88.5, 27.7]
      },
      "properties": {
        "label": "434",
        "pub_Time": "2022",
        "class4": "5",
        "LOC": "North Sikkim, Sikkim Himalayas, Sikkim, India",
        "NAME": "India",
        "classSun": "5",
        "class1": "HM"
      }
    },
    {
      "type": "Feature",
      "geometry": {
        "type": "Point",
        "coordinates": [88.5, 27.3]
      },
      "properties": {
        "label": "434",
        "pub_Time": "2022",
        "class4": "5",
        "LOC": "South Sikkim, Sikkim Himalayas, Sikkim, India",
        "NAME": "India",
        "classSun": "5",
        "class1": "HM"
      }
    },
    {
      "type": "Feature",
      "geometry": {
        "type": "Point",
        "coordinates": [88.0, 27.5]
      },
      "properties": {
        "label": "1055",
        "pub_Time": "2021",
        "class4": "1",
        "LOC": "Sikkim Himalaya, India",
        "NAME": "Nepal",
        "classSun": "1",
        "class1": "EE"
      }
    },
    {
      "type": "Feature",
      "geometry": {
        "type": "Point",
        "coordinates": [88.5, 27.5]
      },
      "properties": {
        "label": "785",
        "pub_Time": "2021",
        "class4": "6",
        "LOC": "mountainous regions of Sikkim Himalaya, Rangpo River Basin, Sikkim Himalaya, India",
        "NAME": "India",
        "classSun": "6",
        "class1": "HM"
      }
    },
    {
      "type": "Feature",
      "geometry": {
        "type": "Point",
        "coordinates": [88.6065, 27.3389]
      },
      "properties": {
        "label": "348",
        "pub_Time": "2019",
        "class4": "5",
        "LOC": "Gangtok city, Sikkim state, India",
        "NAME": "India",
        "classSun": "5",
        "class1": "HM"
      }
    },
    {
      "type": "Feature",
      "geometry": {
        "type": "Point",
        "coordinates": [88.6065, 27.3389]
      },
      "properties": {
        "label": "350",
        "pub_Time": "2018",
        "class4": "1",
        "LOC": "Gangtok city, south-eastern part, Sikkim state, India",
        "NAME": "India",
        "classSun": "1",
        "class1": "EE"
      }
    },
    {
      "type": "Feature",
      "geometry": {
        "type": "Point",
        "coordinates": [77.5, 10.2333]
      },
      "properties": {
        "label": "582",
        "pub_Time": "2012",
        "class4": "2",
        "LOC": "Kodaikkanal town (hill town in Tamilnadu), Tamil Nadu, South India, India",
        "NAME": "India",
        "classSun": "2",
        "class1": "MS"
      }
    },
    {
      "type": "Feature",
      "geometry": {
        "type": "Point",
        "coordinates": [77.0, 10.7]
      },
      "properties": {
        "label": "546",
        "pub_Time": "2017",
        "class4": "1",
        "LOC": "Kallar River Sub Watersheds, Bhavani basin, Tamil Nadu, India",
        "NAME": "India",
        "classSun": "1",
        "class1": "EE"
      }
    },
    {
      "type": "Feature",
      "geometry": {
        "type": "Point",
        "coordinates": [78.0, 11.3]
      },
      "properties": {
        "label": "357",
        "pub_Time": "2021",
        "class4": "3",
        "LOC": "Sholaikkadu at the top, foothills at Karavallikkombai, ghat road section, Ghat roads, Kolli hills, Eastern Ghats, Namakkal district, Tamil Nadu, India",
        "NAME": "India",
        "classSun": "3",
        "class1": "MM"
      }
    },
    {
      "type": "Feature",
      "geometry": {
        "type": "Point",
        "coordinates": [76.7, 11.36]
      },
      "properties": {
        "label": "240",
        "pub_Time": "2021",
        "class4": "4",
        "LOC": "Coonoor region, Coonoor, Nilgiris District, Tamil Nadu, India",
        "NAME": "India",
        "classSun": "4",
        "class1": "ML"
      }
    },
    {
      "type": "Feature",
      "geometry": {
        "type": "Point",
        "coordinates": [76.7, 11.36]
      },
      "properties": {
        "label": "240",
        "pub_Time": "2021",
        "class4": "4",
        "LOC": "Coonoor Taluk, Coonoor, Nilgiris District, Tamil Nadu, India",
        "NAME": "India",
        "classSun": "4",
        "class1": "ML"
      }
    },
    {
      "type": "Feature",
      "geometry": {
        "type": "Point",
        "coordinates": [76.6932, 11.4064]
      },
      "properties": {
        "label": "240",
        "pub_Time": "2021",
        "class4": "4",
        "LOC": "Uthagamandalam, Nilgiris District, Tamil Nadu, India",
        "NAME": "India",
        "classSun": "4",
        "class1": "ML"
      }
    },
    {
      "type": "Feature",
      "geometry": {
        "type": "Point",
        "coordinates": [76.7, 11.4]
      },
      "properties": {
        "label": "404",
        "pub_Time": "2023",
        "class4": "2",
        "LOC": "hill and mountain ranges of India, Nilgiris district of Tamil Nadu, Tamil Nadu, India",
        "NAME": "India",
        "classSun": "2",
        "class1": "MS"
      }
    },
    {
      "type": "Feature",
      "geometry": {
        "type": "Point",
        "coordinates": [77.83, 11.773]
      },
      "properties": {
        "label": "357",
        "pub_Time": "2021",
        "class4": "3",
        "LOC": "Mettur dam, Salem district, Tamil Nadu, India",
        "NAME": "India",
        "classSun": "3",
        "class1": "MM"
      }
    },
    {
      "type": "Feature",
      "geometry": {
        "type": "Point",
        "coordinates": [77.5, 10.0]
      },
      "properties": {
        "label": "89",
        "pub_Time": "2012",
        "class4": "2",
        "LOC": "Bodi - Bodimettu Ghat section, Theni district, Tamil Nadu, India",
        "NAME": "India",
        "classSun": "2",
        "class1": "MS"
      }
    },
    {
      "type": "Feature",
      "geometry": {
        "type": "Point",
        "coordinates": [78.5, 30.0]
      },
      "properties": {
        "label": "1163",
        "pub_Time": "2022",
        "class4": "5",
        "LOC": "Tehri region, India",
        "NAME": "India",
        "classSun": "5",
        "class1": "HM"
      }
    },
    {
      "type": "Feature",
      "geometry": {
        "type": "Point",
        "coordinates": [78.0333, 30.3167]
      },
      "properties": {
        "label": "419",
        "pub_Time": "2010",
        "LOC": "Himalaya, Tons river valley area, India",
        "NAME": "India"
      }
    },
    {
      "type": "Feature",
      "geometry": {
        "type": "Point",
        "coordinates": [91.0, 27.5]
      },
      "properties": {
        "label": "1250",
        "pub_Time": "2021",
        "class4": "5",
        "LOC": "eastern Himalayan region, Upper Rangit River basin, India",
        "NAME": "Bhutan",
        "classSun": "5",
        "class1": "HM"
      }
    },
    {
      "type": "Feature",
      "geometry": {
        "type": "Point",
        "coordinates": [79.5, 30.0]
      },
      "properties": {
        "label": "160",
        "pub_Time": "2023",
        "class4": "6",
        "LOC": "Chamoli district, Uttarakhand, India",
        "NAME": "India",
        "classSun": "6",
        "class1": "HM"
      }
    },
    {
      "type": "Feature",
      "geometry": {
        "type": "Point",
        "coordinates": [79.0, 30.5]
      },
      "properties": {
        "label": "1261",
        "pub_Time": "2020",
        "class4": "5",
        "LOC": "Uttarakhand Himalayas, Chamoli district, Uttarakhand, India",
        "NAME": "India",
        "classSun": "5",
        "class1": "HM"
      }
    },
    {
      "type": "Feature",
      "geometry": {
        "type": "Point",
        "coordinates": [79.0, 30.0]
      },
      "properties": {
        "label": "413",
        "pub_Time": "2018",
        "LOC": "hilly regions of Uttarakhand, Gardhwal Himalayan terrain, Uttarakhand, India",
        "NAME": "India"
      }
    },
    {
      "type": "Feature",
      "geometry": {
        "type": "Point",
        "coordinates": [79.0193, 30.0668]
      },
      "properties": {
        "label": "471",
        "pub_Time": "2021",
        "class4": "5",
        "LOC": "hilly state of India, Uttarakhand, India",
        "NAME": "India",
        "classSun": "5",
        "class1": "HM"
      }
    },
    {
      "type": "Feature",
      "geometry": {
        "type": "Point",
        "coordinates": [79.0, 30.0667]
      },
      "properties": {
        "label": "1265",
        "pub_Time": "2022",
        "class4": "1",
        "LOC": "Uttarakhand state of India, Himachal Pradesh, Uttarakhand, India",
        "NAME": "India",
        "classSun": "1",
        "class1": "EE"
      }
    },
    {
      "type": "Feature",
      "geometry": {
        "type": "Point",
        "coordinates": [80.2167, 29.5833]
      },
      "properties": {
        "label": "861",
        "pub_Time": "2019",
        "class4": "6",
        "LOC": "northern part of the Pithoragarh district, Himalaya, Uttarakhand, India",
        "NAME": "India",
        "classSun": "6",
        "class1": "HM"
      }
    },
    {
      "type": "Feature",
      "geometry": {
        "type": "Point",
        "coordinates": [78.0667, 30.45]
      },
      "properties": {
        "label": "801",
        "pub_Time": "2020",
        "class4": "5",
        "LOC": "Mussoorie Township, Uttarakhand, India",
        "NAME": "India",
        "classSun": "6",
        "class1": "HM"
      }
    },
    {
      "type": "Feature",
      "geometry": {
        "type": "Point",
        "coordinates": [78.07, 30.45]
      },
      "properties": {
        "label": "432",
        "pub_Time": "2020",
        "class4": "5",
        "LOC": "Himalayan region (Lesser Himalaya), Mussoorie Township and its surrounding areas, Uttarakhand, India",
        "NAME": "India",
        "classSun": "5",
        "class1": "HM"
      }
    },
    {
      "type": "Feature",
      "geometry": {
        "type": "Point",
        "coordinates": [80.6333, 29.25]
      },
      "properties": {
        "label": "412",
        "pub_Time": "2023",
        "class4": "5",
        "LOC": "hilly regions of India, Pithoragarh, Uttarakhand, India",
        "NAME": "Nepal",
        "classSun": "5",
        "class1": "HM"
      }
    },
    {
      "type": "Feature",
      "geometry": {
        "type": "Point",
        "coordinates": [79.0333, 30.0667]
      },
      "properties": {
        "label": "981",
        "pub_Time": "2017",
        "class4": "5",
        "LOC": "Rudraprayag in Garhwal Himalayan, Rudraprayag district, Uttarakhand, India",
        "NAME": "India",
        "classSun": "5",
        "class1": "HM"
      }
    },
    {
      "type": "Feature",
      "geometry": {
        "type": "Point",
        "coordinates": [78.5, 30.0]
      },
      "properties": {
        "label": "1161",
        "pub_Time": "2017",
        "class4": "6",
        "LOC": "Tehri Garhwal district, Uttarakhand, India",
        "NAME": "India",
        "classSun": "6",
        "class1": "HM"
      }
    },
    {
      "type": "Feature",
      "geometry": {
        "type": "Point",
        "coordinates": [78.15, 30.4]
      },
      "properties": {
        "label": "1164",
        "pub_Time": "2015",
        "class4": "5",
        "LOC": "Tehri reservoir rim region, Uttarakhand, India",
        "NAME": "India",
        "classSun": "5",
        "class1": "HM"
      }
    },
    {
      "type": "Feature",
      "geometry": {
        "type": "Point",
        "coordinates": [78.5, 30.2]
      },
      "properties": {
        "label": "1260",
        "pub_Time": "2021",
        "class4": "5",
        "LOC": "Uttarakashi district, Uttarakhand, India",
        "NAME": "India",
        "classSun": "5",
        "class1": "HM"
      }
    },
    {
      "type": "Feature",
      "geometry": {
        "type": "Point",
        "coordinates": [79.0, 30.0]
      },
      "properties": {
        "label": "1262",
        "pub_Time": "2017",
        "class4": "5",
        "LOC": "Uttarakhand region of Himalaya, India",
        "NAME": "India",
        "classSun": "5",
        "class1": "HM"
      }
    },
    {
      "type": "Feature",
      "geometry": {
        "type": "Point",
        "coordinates": [79.0, 30.0667]
      },
      "properties": {
        "label": "1264",
        "pub_Time": "2017",
        "class4": "5",
        "LOC": "Uttarakhand State, India",
        "NAME": "India",
        "classSun": "6",
        "class1": "HM"
      }
    },
    {
      "type": "Feature",
      "geometry": {
        "type": "Point",
        "coordinates": [78.5, 30.2]
      },
      "properties": {
        "label": "970",
        "pub_Time": "2023",
        "class4": "1",
        "LOC": "road stretch, Uttarkashi district, Uttarakhand State, India",
        "NAME": "India",
        "classSun": "1",
        "class1": "EE"
      }
    },
    {
      "type": "Feature",
      "geometry": {
        "type": "Point",
        "coordinates": [88.2667, 27.0167]
      },
      "properties": {
        "label": "254",
        "pub_Time": "2019",
        "class4": "5",
        "LOC": "Darjeeling and Kalimpong district, West Bengal, India",
        "NAME": "India",
        "classSun": "6",
        "class1": "HM"
      }
    },
    {
      "type": "Feature",
      "geometry": {
        "type": "Point",
        "coordinates": [88.3667, 26.9667]
      },
      "properties": {
        "label": "268",
        "pub_Time": "2022",
        "class4": "5",
        "LOC": "Kurseong, Darjeeling district, West Bengal, India",
        "NAME": "India",
        "classSun": "5",
        "class1": "HM"
      }
    },
    {
      "type": "Feature",
      "geometry": {
        "type": "Point",
        "coordinates": [88.0, 27.2]
      },
      "properties": {
        "label": "1249",
        "pub_Time": "2019",
        "class4": "1",
        "LOC": "upper Rangit catchment area, West Sikkim, India",
        "NAME": "India",
        "classSun": "1",
        "class1": "EE"
      }
    },
    {
      "type": "Feature",
      "geometry": {
        "type": "Point",
        "coordinates": [77.1, 10.95]
      },
      "properties": {
        "label": "1310",
        "pub_Time": "2021",
        "class4": "1",
        "LOC": "Kodaikkanal Palani, Western and Eastern Ghats of India, India",
        "NAME": "India",
        "classSun": "1",
        "class1": "EE"
      }
    },
    {
      "type": "Feature",
      "geometry": {
        "type": "Point",
        "coordinates": [75.0, 19.0]
      },
      "properties": {
        "label": "468",
        "pub_Time": "2020",
        "class4": "2",
        "LOC": "Western Ghats, India",
        "NAME": "India",
        "classSun": "2",
        "class1": "MS"
      }
    },
    {
      "type": "Feature",
      "geometry": {
        "type": "Point",
        "coordinates": [76.0, 10.0]
      },
      "properties": {
        "label": "1317",
        "pub_Time": "2023",
        "class4": "2",
        "LOC": "Western Ghats, India",
        "NAME": "India",
        "classSun": "2",
        "class1": "MS"
      }
    },
    {
      "type": "Feature",
      "geometry": {
        "type": "Point",
        "coordinates": [77.5, 10.2333]
      },
      "properties": {
        "label": "1313",
        "pub_Time": "2014",
        "class4": "1",
        "LOC": "Kodaikkanal in the Western Ghats, Western Ghats, India",
        "NAME": "India",
        "classSun": "1",
        "class1": "EE"
      }
    },
    {
      "type": "Feature",
      "geometry": {
        "type": "Point",
        "coordinates": [76.0, 10.0]
      },
      "properties": {
        "label": "1177",
        "pub_Time": "2023",
        "class4": "5",
        "LOC": "The western flanks of the Western Ghats, Southern Western Ghats, Western Ghats, India",
        "NAME": "India",
        "classSun": "5",
        "class1": "HM"
      }
    },
    {
      "type": "Feature",
      "geometry": {
        "type": "Point",
        "coordinates": [76.0, 10.0]
      },
      "properties": {
        "label": "1327",
        "pub_Time": "2022",
        "class4": "5",
        "LOC": "Highland region of the western slopes, Windward slopes, Southern Western Ghats, Western Ghats, India",
        "NAME": "India",
        "classSun": "5",
        "class1": "HM"
      }
    },
    {
      "type": "Feature",
      "geometry": {
        "type": "Point",
        "coordinates": [77.0, 10.0]
      },
      "properties": {
        "label": "467",
        "pub_Time": "2023",
        "class4": "4",
        "LOC": "southern Nilgiris Mountains, Western Ghats, western India, India",
        "NAME": "India",
        "classSun": "4",
        "class1": "ML"
      }
    },
    {
      "type": "Feature",
      "geometry": {
        "type": "Point",
        "coordinates": [75.0, 19.0]
      },
      "properties": {
        "label": "1359",
        "pub_Time": "2019",
        "LOC": "Yelwandi river basin, India",
        "NAME": "India"
      }
    },
    {
      "type": "Feature",
      "geometry": {
        "type": "Point",
        "coordinates": [78.0, 30.0]
      },
      "properties": {
        "label": "472",
        "pub_Time": "2022",
        "class4": "5",
        "LOC": "Indian Himalaya",
        "NAME": "India",
        "classSun": "5",
        "class1": "HM"
      }
    },
    {
      "type": "Feature",
      "geometry": {
        "type": "Point",
        "coordinates": [88.0, 27.3]
      },
      "properties": {
        "label": "473",
        "pub_Time": "2023",
        "class4": "5",
        "LOC": "West Sikkim district in India, Indian Himalaya Region",
        "NAME": "Nepal",
        "classSun": "5",
        "class1": "HM"
      }
    },
    {
      "type": "Feature",
      "geometry": {
        "type": "Point",
        "coordinates": [78.0, 30.0]
      },
      "properties": {
        "label": "474",
        "pub_Time": "2023",
        "class4": "5",
        "LOC": "Indian Himalayan region",
        "NAME": "India",
        "classSun": "5",
        "class1": "HM"
      }
    },
    {
      "type": "Feature",
      "geometry": {
        "type": "Point",
        "coordinates": [88.4667, 27.0667]
      },
      "properties": {
        "label": "475",
        "pub_Time": "2020",
        "class4": "5",
        "LOC": "Kalimpong of Darjeeling Himalayas, Indian Himalayas, Indian Himalayan region",
        "NAME": "India",
        "classSun": "5",
        "class1": "HM"
      }
    },
    {
      "type": "Feature",
      "geometry": {
        "type": "Point",
        "coordinates": [57.5167, -20.2]
      },
      "properties": {
        "label": "726",
        "pub_Time": "2019",
        "class4": "5",
        "LOC": "Mauritius Island, western part, Indian Ocean",
        "NAME": "Mauritius",
        "classSun": "5",
        "class1": "HM"
      }
    },
    {
      "type": "Feature",
      "geometry": {
        "type": "Point",
        "coordinates": [84.0, 28.0]
      },
      "properties": {
        "label": "478",
        "pub_Time": "2022",
        "class4": "5",
        "LOC": "Himalayan, Indo - Nepal - Bhutan Himalayan",
        "NAME": "Nepal",
        "classSun": "6",
        "class1": "HM"
      }
    },
    {
      "type": "Feature",
      "geometry": {
        "type": "Point",
        "coordinates": [113.9213, -0.7893]
      },
      "properties": {
        "label": "482",
        "pub_Time": "2018",
        "class4": "2",
        "LOC": "Indonesia",
        "NAME": "Indonesia",
        "classSun": "2",
        "class1": "MS"
      }
    },
    {
      "type": "Feature",
      "geometry": {
        "type": "Point",
        "coordinates": [113.9213, -0.7893]
      },
      "properties": {
        "label": "480",
        "pub_Time": "2019",
        "class4": "5",
        "LOC": "Indonesia",
        "NAME": "Indonesia",
        "classSun": "5",
        "class1": "HM"
      }
    },
    {
      "type": "Feature",
      "geometry": {
        "type": "Point",
        "coordinates": [113.9213, -0.7893]
      },
      "properties": {
        "label": "481",
        "pub_Time": "2019",
        "LOC": "Indonesia",
        "NAME": "Indonesia"
      }
    },
    {
      "type": "Feature",
      "geometry": {
        "type": "Point",
        "coordinates": [113.9213, -0.7893]
      },
      "properties": {
        "label": "479",
        "pub_Time": "2020",
        "class4": "1",
        "LOC": "Indonesia",
        "NAME": "Indonesia",
        "classSun": "1",
        "class1": "EE"
      }
    },
    {
      "type": "Feature",
      "geometry": {
        "type": "Point",
        "coordinates": [118.0, -2.5]
      },
      "properties": {
        "label": "487",
        "pub_Time": "2017",
        "class4": "1",
        "LOC": "Indonesia",
        "NAME": "Indonesia",
        "classSun": "1",
        "class1": "EE"
      }
    },
    {
      "type": "Feature",
      "geometry": {
        "type": "Point",
        "coordinates": [128.19, -3.7]
      },
      "properties": {
        "label": "23",
        "pub_Time": "2018",
        "class4": "5",
        "LOC": "Ambon, Indonesia",
        "NAME": "Indonesia",
        "classSun": "5",
        "class1": "HM"
      }
    },
    {
      "type": "Feature",
      "geometry": {
        "type": "Point",
        "coordinates": [106.0, -6.0]
      },
      "properties": {
        "label": "67",
        "pub_Time": "2012",
        "class4": "1",
        "LOC": "Banten, Indonesia",
        "NAME": "Indonesia",
        "classSun": "1",
        "class1": "EE"
      }
    },
    {
      "type": "Feature",
      "geometry": {
        "type": "Point",
        "coordinates": [104.01, 1.01]
      },
      "properties": {
        "label": "73",
        "pub_Time": "2018",
        "LOC": "Batu Aji Subdistrict, Batam Island, Indonesia",
        "NAME": "Indonesia"
      }
    },
    {
      "type": "Feature",
      "geometry": {
        "type": "Point",
        "coordinates": [104.0, 1.0]
      },
      "properties": {
        "label": "73",
        "pub_Time": "2018",
        "LOC": "Nongsa, Batam Island, Indonesia",
        "NAME": "Indonesia"
      }
    },
    {
      "type": "Feature",
      "geometry": {
        "type": "Point",
        "coordinates": [106.8, -6.6]
      },
      "properties": {
        "label": "92",
        "pub_Time": "2019",
        "class4": "2",
        "LOC": "Bogor, Bogor area, Indonesia",
        "NAME": "Indonesia",
        "classSun": "2",
        "class1": "MS"
      }
    },
    {
      "type": "Feature",
      "geometry": {
        "type": "Point",
        "coordinates": [102.2, -3.8]
      },
      "properties": {
        "label": "772",
        "pub_Time": "2021",
        "class4": "3",
        "LOC": "mountainous area in Central Bengkulu, Kelindang Village, Central Bengkulu, Indonesia",
        "NAME": "Indonesia",
        "classSun": "3",
        "class1": "MM"
      }
    },
    {
      "type": "Feature",
      "geometry": {
        "type": "Point",
        "coordinates": [110.85, -7.6]
      },
      "properties": {
        "label": "100",
        "pub_Time": "2020",
        "class4": "2",
        "LOC": "Ampel, Boyolali Regency, Central Java Province, Indonesia",
        "NAME": "Indonesia",
        "classSun": "2",
        "class1": "MS"
      }
    },
    {
      "type": "Feature",
      "geometry": {
        "type": "Point",
        "coordinates": [110.84, -7.61]
      },
      "properties": {
        "label": "100",
        "pub_Time": "2020",
        "class4": "2",
        "LOC": "Cepogo Sub Districts, Boyolali Regency, Central Java Province, Indonesia",
        "NAME": "Indonesia",
        "classSun": "2",
        "class1": "MS"
      }
    },
    {
      "type": "Feature",
      "geometry": {
        "type": "Point",
        "coordinates": [110.83, -7.62]
      },
      "properties": {
        "label": "100",
        "pub_Time": "2020",
        "class4": "2",
        "LOC": "Musuk, Boyolali Regency, Central Java Province, Indonesia",
        "NAME": "Indonesia",
        "classSun": "2",
        "class1": "MS"
      }
    },
    {
      "type": "Feature",
      "geometry": {
        "type": "Point",
        "coordinates": [110.82, -7.57]
      },
      "properties": {
        "label": "100",
        "pub_Time": "2020",
        "class4": "2",
        "LOC": "Solo, Boyolali Regency, Central Java Province, Indonesia",
        "NAME": "Indonesia",
        "classSun": "2",
        "class1": "MS"
      }
    },
    {
      "type": "Feature",
      "geometry": {
        "type": "Point",
        "coordinates": [106.8167, -6.2]
      },
      "properties": {
        "label": "67",
        "pub_Time": "2012",
        "class4": "1",
        "LOC": "DKI Jakarta, Indonesia",
        "NAME": "Indonesia",
        "classSun": "1",
        "class1": "EE"
      }
    },
    {
      "type": "Feature",
      "geometry": {
        "type": "Point",
        "coordinates": [112.75, -7.25]
      },
      "properties": {
        "label": "483",
        "pub_Time": "2019",
        "class4": "5",
        "LOC": "East Java, Indonesia",
        "NAME": "Indonesia",
        "classSun": "5",
        "class1": "HM"
      }
    },
    {
      "type": "Feature",
      "geometry": {
        "type": "Point",
        "coordinates": [111.2, -7.75]
      },
      "properties": {
        "label": "486",
        "pub_Time": "2016",
        "class4": "2",
        "LOC": "Ponorogo, East Java, Indonesia",
        "NAME": "Indonesia",
        "classSun": "2",
        "class1": "MS"
      }
    },
    {
      "type": "Feature",
      "geometry": {
        "type": "Point",
        "coordinates": [110.4, -7.8]
      },
      "properties": {
        "label": "1222",
        "pub_Time": "2017",
        "class4": "5",
        "LOC": "tropical region, Purwosari area, Java, Indonesia",
        "NAME": "Indonesia",
        "classSun": "5",
        "class1": "HM"
      }
    },
    {
      "type": "Feature",
      "geometry": {
        "type": "Point",
        "coordinates": [107.6, -6.9]
      },
      "properties": {
        "label": "67",
        "pub_Time": "2012",
        "class4": "1",
        "LOC": "Jawa Barat, Indonesia",
        "NAME": "Indonesia",
        "classSun": "1",
        "class1": "EE"
      }
    },
    {
      "type": "Feature",
      "geometry": {
        "type": "Point",
        "coordinates": [110.0, -7.4]
      },
      "properties": {
        "label": "484",
        "pub_Time": "2023",
        "class4": "5",
        "LOC": "Wonosobo, Kejajar District, Indonesia",
        "NAME": "Indonesia",
        "classSun": "6",
        "class1": "HM"
      }
    },
    {
      "type": "Feature",
      "geometry": {
        "type": "Point",
        "coordinates": [102.5, -3.2]
      },
      "properties": {
        "label": "485",
        "pub_Time": "2023",
        "class4": "5",
        "LOC": "Tebat Karai, Kepahiang, Kabawetan, Kepahiang Regency of Bengkulu Province, Indonesia",
        "NAME": "Indonesia",
        "classSun": "5",
        "class1": "HM"
      }
    },
    {
      "type": "Feature",
      "geometry": {
        "type": "Point",
        "coordinates": [116.3244, -8.65]
      },
      "properties": {
        "label": "657",
        "pub_Time": "2015",
        "class4": "2",
        "LOC": "Lombok Island, Indonesia",
        "NAME": "Indonesia",
        "classSun": "2",
        "class1": "MS"
      }
    },
    {
      "type": "Feature",
      "geometry": {
        "type": "Point",
        "coordinates": [109.3, -7.0833]
      },
      "properties": {
        "label": "902",
        "pub_Time": "2009",
        "class4": "5",
        "LOC": "Pemalang area, Indonesia",
        "NAME": "Indonesia",
        "classSun": "5",
        "class1": "HM"
      }
    },
    {
      "type": "Feature",
      "geometry": {
        "type": "Point",
        "coordinates": [102.0, -2.0]
      },
      "properties": {
        "label": "1131",
        "pub_Time": "2021",
        "class4": "5",
        "LOC": "Sumatra, Indonesia",
        "NAME": "Indonesia",
        "classSun": "5",
        "class1": "HM"
      }
    },
    {
      "type": "Feature",
      "geometry": {
        "type": "Point",
        "coordinates": [107.0, -6.5]
      },
      "properties": {
        "label": "1243",
        "pub_Time": "2010",
        "class4": "3",
        "LOC": "upper Citarum River catchment, Indonesia",
        "NAME": "Indonesia",
        "classSun": "3",
        "class1": "MM"
      }
    },
    {
      "type": "Feature",
      "geometry": {
        "type": "Point",
        "coordinates": [107.6, -6.9]
      },
      "properties": {
        "label": "1308",
        "pub_Time": "2013",
        "LOC": "volcanic mountains in West Java Province, West Java Province, Indonesia",
        "NAME": "Indonesia"
      }
    },
    {
      "type": "Feature",
      "geometry": {
        "type": "Point",
        "coordinates": [53.688, 32.4279]
      },
      "properties": {
        "label": "490",
        "pub_Time": "2012",
        "class4": "5",
        "LOC": "Iran",
        "NAME": "Iran",
        "classSun": "5",
        "class1": "HM"
      }
    },
    {
      "type": "Feature",
      "geometry": {
        "type": "Point",
        "coordinates": [53.688, 32.4279]
      },
      "properties": {
        "label": "493",
        "pub_Time": "2015",
        "class4": "5",
        "LOC": "Iran",
        "NAME": "Iran",
        "classSun": "5",
        "class1": "HM"
      }
    },
    {
      "type": "Feature",
      "geometry": {
        "type": "Point",
        "coordinates": [53.688, 32.4279]
      },
      "properties": {
        "label": "489",
        "pub_Time": "2020",
        "class4": "5",
        "LOC": "Iran",
        "NAME": "Iran",
        "classSun": "6",
        "class1": "HM"
      }
    },
    {
      "type": "Feature",
      "geometry": {
        "type": "Point",
        "coordinates": [50.6181, 36.255]
      },
      "properties": {
        "label": "16",
        "pub_Time": "2023",
        "class4": "5",
        "LOC": "Alamout basin, Iran",
        "NAME": "Iran",
        "classSun": "5",
        "class1": "HM"
      }
    },
    {
      "type": "Feature",
      "geometry": {
        "type": "Point",
        "coordinates": [50.62, 36.256]
      },
      "properties": {
        "label": "17",
        "pub_Time": "2021",
        "class4": "5",
        "LOC": "Alamut watershed, Iran",
        "NAME": "Iran",
        "classSun": "5",
        "class1": "HM"
      }
    },
    {
      "type": "Feature",
      "geometry": {
        "type": "Point",
        "coordinates": [51.5, 35.8]
      },
      "properties": {
        "label": "863",
        "pub_Time": "2010",
        "class4": "2",
        "LOC": "Central Alborz, Alborz Mountain belt, Iran",
        "NAME": "Iran",
        "classSun": "2",
        "class1": "MS"
      }
    },
    {
      "type": "Feature",
      "geometry": {
        "type": "Point",
        "coordinates": [50.6, 35.9]
      },
      "properties": {
        "label": "1154",
        "pub_Time": "2020",
        "class4": "6",
        "LOC": "Taleghan basin, Alborz province, Iran",
        "NAME": "Iran",
        "classSun": "6",
        "class1": "HM"
      }
    },
    {
      "type": "Feature",
      "geometry": {
        "type": "Point",
        "coordinates": [48.3, 38.25]
      },
      "properties": {
        "label": "37",
        "pub_Time": "2019",
        "class4": "5",
        "LOC": "Ardabil province, Iran",
        "NAME": "Iran",
        "classSun": "5",
        "class1": "HM"
      }
    },
    {
      "type": "Feature",
      "geometry": {
        "type": "Point",
        "coordinates": [48.3, 38.25]
      },
      "properties": {
        "label": "36",
        "pub_Time": "2022",
        "class4": "4",
        "LOC": "Ardabil province, Iran",
        "NAME": "Iran",
        "classSun": "4",
        "class1": "ML"
      }
    },
    {
      "type": "Feature",
      "geometry": {
        "type": "Point",
        "coordinates": [47.7, 38.5]
      },
      "properties": {
        "label": "38",
        "pub_Time": "2014",
        "class4": "2",
        "LOC": "the eastern slopes of Sabalan, Ardabil province, Iran",
        "NAME": "Iran",
        "classSun": "2",
        "class1": "MS"
      }
    },
    {
      "type": "Feature",
      "geometry": {
        "type": "Point",
        "coordinates": [50.0, 32.0]
      },
      "properties": {
        "label": "999",
        "pub_Time": "2019",
        "class4": "6",
        "LOC": "Sarkhoon watershed, Chaharmahal - w - Bakhtiari, Iran",
        "NAME": "Iran",
        "classSun": "6",
        "class1": "HM"
      }
    },
    {
      "type": "Feature",
      "geometry": {
        "type": "Point",
        "coordinates": [47.0, 38.1]
      },
      "properties": {
        "label": "293",
        "pub_Time": "2023",
        "class4": "5",
        "LOC": "East Azerbaijan, Iran",
        "NAME": "Iran",
        "classSun": "5",
        "class1": "HM"
      }
    },
    {
      "type": "Feature",
      "geometry": {
        "type": "Point",
        "coordinates": [52.7, 29.2]
      },
      "properties": {
        "label": "876",
        "pub_Time": "2010",
        "class4": "1",
        "LOC": "Kakan Catchment Area, Fars Province, Iran",
        "NAME": "Iran",
        "classSun": "1",
        "class1": "EE"
      }
    },
    {
      "type": "Feature",
      "geometry": {
        "type": "Point",
        "coordinates": [49.6, 37.3]
      },
      "properties": {
        "label": "358",
        "pub_Time": "2020",
        "class4": "1",
        "LOC": "Gilan province, Iran",
        "NAME": "Iran",
        "classSun": "1",
        "class1": "EE"
      }
    },
    {
      "type": "Feature",
      "geometry": {
        "type": "Point",
        "coordinates": [55.15, 37.3]
      },
      "properties": {
        "label": "361",
        "pub_Time": "2019",
        "class4": "6",
        "LOC": "Golestan province, Iran",
        "NAME": "Iran",
        "classSun": "6",
        "class1": "HM"
      }
    },
    {
      "type": "Feature",
      "geometry": {
        "type": "Point",
        "coordinates": [55.95, 37.1]
      },
      "properties": {
        "label": "542",
        "pub_Time": "2013",
        "class4": "4",
        "LOC": "Kalaleh Township area of the Golestan province, Golestan province, Iran",
        "NAME": "Iran",
        "classSun": "4",
        "class1": "ML"
      }
    },
    {
      "type": "Feature",
      "geometry": {
        "type": "Point",
        "coordinates": [55.0, 37.3]
      },
      "properties": {
        "label": "1414",
        "pub_Time": "2017",
        "class4": "2",
        "LOC": "Ziarat watershed, Golestan Province, Iran",
        "NAME": "Iran",
        "classSun": "2",
        "class1": "MS"
      }
    },
    {
      "type": "Feature",
      "geometry": {
        "type": "Point",
        "coordinates": [55.0, 37.3]
      },
      "properties": {
        "label": "1413",
        "pub_Time": "2017",
        "class4": "5",
        "LOC": "Ziarat Watershed, Golestan Province, Iran",
        "NAME": "Iran",
        "classSun": "5",
        "class1": "HM"
      }
    },
    {
      "type": "Feature",
      "geometry": {
        "type": "Point",
        "coordinates": [54.0, 37.0]
      },
      "properties": {
        "label": "365",
        "pub_Time": "2019",
        "class4": "6",
        "LOC": "Gorganroud watershed, Iran",
        "NAME": "Iran",
        "classSun": "6",
        "class1": "HM"
      }
    },
    {
      "type": "Feature",
      "geometry": {
        "type": "Point",
        "coordinates": [49.0, 37.0]
      },
      "properties": {
        "label": "1103",
        "pub_Time": "2020",
        "class4": "5",
        "LOC": "Southern part of Guilan province, Guilan province, Iran",
        "NAME": "Iran",
        "classSun": "5",
        "class1": "HM"
      }
    },
    {
      "type": "Feature",
      "geometry": {
        "type": "Point",
        "coordinates": [48.5, 34.8]
      },
      "properties": {
        "label": "885",
        "pub_Time": "2021",
        "class4": "5",
        "LOC": "Oshvand Watershed, Hamadan Province, Iran",
        "NAME": "Iran",
        "classSun": "5",
        "class1": "HM"
      }
    },
    {
      "type": "Feature",
      "geometry": {
        "type": "Point",
        "coordinates": [52.1, 35.95]
      },
      "properties": {
        "label": "492",
        "pub_Time": "2012",
        "class4": "1",
        "LOC": "Haraz watershed, Iran",
        "NAME": "Iran",
        "classSun": "1",
        "class1": "EE"
      }
    },
    {
      "type": "Feature",
      "geometry": {
        "type": "Point",
        "coordinates": [47.0, 34.5]
      },
      "properties": {
        "label": "744",
        "pub_Time": "2017",
        "class4": "2",
        "LOC": "Miandarband, north of Kermanshah Province, Kermanshah Province, Iran",
        "NAME": "Iran",
        "classSun": "2",
        "class1": "MS"
      }
    },
    {
      "type": "Feature",
      "geometry": {
        "type": "Point",
        "coordinates": [47.6, 35.5]
      },
      "properties": {
        "label": "86",
        "pub_Time": "2018",
        "class4": "6",
        "LOC": "Bijar City, Kurdistan Province, Iran",
        "NAME": "Iran",
        "classSun": "6",
        "class1": "HM"
      }
    },
    {
      "type": "Feature",
      "geometry": {
        "type": "Point",
        "coordinates": [47.6, 35.5]
      },
      "properties": {
        "label": "85",
        "pub_Time": "2020",
        "class4": "5",
        "LOC": "Bijar City, Kurdistan Province, Iran",
        "NAME": "Iran",
        "classSun": "5",
        "class1": "HM"
      }
    },
    {
      "type": "Feature",
      "geometry": {
        "type": "Point",
        "coordinates": [47.7, 35.6]
      },
      "properties": {
        "label": "87",
        "pub_Time": "2020",
        "class4": "6",
        "LOC": "Bijar County, Kurdistan Province, Iran",
        "NAME": "Iran",
        "classSun": "6",
        "class1": "HM"
      }
    },
    {
      "type": "Feature",
      "geometry": {
        "type": "Point",
        "coordinates": [46.8, 35.25]
      },
      "properties": {
        "label": "550",
        "pub_Time": "2022",
        "class4": "4",
        "LOC": "Kamyaran city of Kurdistan Province, Kurdistan Province, Iran",
        "NAME": "Iran",
        "classSun": "4",
        "class1": "ML"
      }
    },
    {
      "type": "Feature",
      "geometry": {
        "type": "Point",
        "coordinates": [46.5, 35.5]
      },
      "properties": {
        "label": "787",
        "pub_Time": "2020",
        "class4": "6",
        "LOC": "mountainous road, Salavat Abad saddle, Kurdistan province, Iran",
        "NAME": "Iran",
        "classSun": "6",
        "class1": "HM"
      }
    },
    {
      "type": "Feature",
      "geometry": {
        "type": "Point",
        "coordinates": [49.0, 34.0]
      },
      "properties": {
        "label": "723",
        "pub_Time": "2021",
        "class4": "5",
        "LOC": "Markazi Province, Iran",
        "NAME": "Iran",
        "classSun": "6",
        "class1": "HM"
      }
    },
    {
      "type": "Feature",
      "geometry": {
        "type": "Point",
        "coordinates": [52.5, 36.5]
      },
      "properties": {
        "label": "729",
        "pub_Time": "2017",
        "class4": "5",
        "LOC": "Mazandaran Province, Iran",
        "NAME": "Iran",
        "classSun": "5",
        "class1": "HM"
      }
    },
    {
      "type": "Feature",
      "geometry": {
        "type": "Point",
        "coordinates": [52.5248, 36.5866]
      },
      "properties": {
        "label": "283",
        "pub_Time": "2017",
        "class4": "4",
        "LOC": "Dodangeh watershed, Mazandaran Province, Iran",
        "NAME": "Iran",
        "classSun": "4",
        "class1": "ML"
      }
    },
    {
      "type": "Feature",
      "geometry": {
        "type": "Point",
        "coordinates": [53.058, 36.5637]
      },
      "properties": {
        "label": "998",
        "pub_Time": "2019",
        "class4": "5",
        "LOC": "Sari - Kiasar watershed, Mazandaran Province, Iran",
        "NAME": "Iran",
        "classSun": "5",
        "class1": "HM"
      }
    },
    {
      "type": "Feature",
      "geometry": {
        "type": "Point",
        "coordinates": [52.5, 36.5]
      },
      "properties": {
        "label": "852",
        "pub_Time": "2019",
        "class4": "5",
        "LOC": "Sangtarashan watershed, Alborz Mountain Belt, Mazandran Province, Iran",
        "NAME": "Iran",
        "classSun": "5",
        "class1": "HM"
      }
    },
    {
      "type": "Feature",
      "geometry": {
        "type": "Point",
        "coordinates": [51.9, 35.9]
      },
      "properties": {
        "label": "631",
        "pub_Time": "2017",
        "class4": "3",
        "LOC": "Latian Dam, north east of Tehran, Iran",
        "NAME": "Iran",
        "classSun": "3",
        "class1": "MM"
      }
    },
    {
      "type": "Feature",
      "geometry": {
        "type": "Point",
        "coordinates": [52.5, 36.5]
      },
      "properties": {
        "label": "730",
        "pub_Time": "2017",
        "class4": "5",
        "LOC": "Mazandaran Province, north of Iran, Iran",
        "NAME": "Iran",
        "classSun": "5",
        "class1": "HM"
      }
    },
    {
      "type": "Feature",
      "geometry": {
        "type": "Point",
        "coordinates": [59.3, 36.9]
      },
      "properties": {
        "label": "362",
        "pub_Time": "2011",
        "class4": "1",
        "LOC": "Golmakan Watershed, Binaloud northern hillsides, northeast Iran, Iran",
        "NAME": "Iran",
        "classSun": "1",
        "class1": "EE"
      }
    },
    {
      "type": "Feature",
      "geometry": {
        "type": "Point",
        "coordinates": [57.5, 37.5]
      },
      "properties": {
        "label": "368",
        "pub_Time": "2022",
        "class4": "4",
        "LOC": "Gorzineh-khil region, northeastern Iran, Iran",
        "NAME": "Iran",
        "classSun": "4",
        "class1": "ML"
      }
    },
    {
      "type": "Feature",
      "geometry": {
        "type": "Point",
        "coordinates": [50.0, 37.0]
      },
      "properties": {
        "label": "994",
        "pub_Time": "2011",
        "class4": "4",
        "LOC": "Sajarood basin, Northern Iran, Iran",
        "NAME": "Iran",
        "classSun": "4",
        "class1": "ML"
      }
    },
    {
      "type": "Feature",
      "geometry": {
        "type": "Point",
        "coordinates": [50.0, 37.0]
      },
      "properties": {
        "label": "995",
        "pub_Time": "2012",
        "class4": "5",
        "LOC": "Sajaroud area, Northern Iran, Iran",
        "NAME": "Iran",
        "classSun": "5",
        "class1": "HM"
      }
    },
    {
      "type": "Feature",
      "geometry": {
        "type": "Point",
        "coordinates": [51.5, 36.8]
      },
      "properties": {
        "label": "860",
        "pub_Time": "2019",
        "class4": "5",
        "LOC": "Klijanrestagh Watershed, northern part of Iran, Iran",
        "NAME": "Iran",
        "classSun": "5",
        "class1": "HM"
      }
    },
    {
      "type": "Feature",
      "geometry": {
        "type": "Point",
        "coordinates": [44.5, 39.2]
      },
      "properties": {
        "label": "694",
        "pub_Time": "2011",
        "class4": "3",
        "LOC": "Maku and Shafa - Roud dam reservoirs, northwestern and the north of Iran, Iran",
        "NAME": "Iran",
        "classSun": "3",
        "class1": "MM"
      }
    },
    {
      "type": "Feature",
      "geometry": {
        "type": "Point",
        "coordinates": [46.0, 37.5]
      },
      "properties": {
        "label": "389",
        "pub_Time": "2016",
        "class4": "4",
        "LOC": "Hashtchin area, NW Iran, Iran",
        "NAME": "Iran",
        "classSun": "4",
        "class1": "ML"
      }
    },
    {
      "type": "Feature",
      "geometry": {
        "type": "Point",
        "coordinates": [50.0167, 36.2667]
      },
      "properties": {
        "label": "939",
        "pub_Time": "2020",
        "class4": "6",
        "LOC": "Qazvin Province, Iran",
        "NAME": "Iran",
        "classSun": "6",
        "class1": "HM"
      }
    },
    {
      "type": "Feature",
      "geometry": {
        "type": "Point",
        "coordinates": [50.9, 37.2]
      },
      "properties": {
        "label": "979",
        "pub_Time": "2022",
        "class4": "5",
        "LOC": "Roudbar, Roudbar - Manjil, Iran",
        "NAME": "Iran",
        "classSun": "5",
        "class1": "HM"
      }
    },
    {
      "type": "Feature",
      "geometry": {
        "type": "Point",
        "coordinates": [50.0, 32.0]
      },
      "properties": {
        "label": "1000",
        "pub_Time": "2019",
        "class4": "6",
        "LOC": "Sarkhoon watershed, Iran",
        "NAME": "Iran",
        "classSun": "6",
        "class1": "HM"
      }
    },
    {
      "type": "Feature",
      "geometry": {
        "type": "Point",
        "coordinates": [55.4, 35.6]
      },
      "properties": {
        "label": "1009",
        "pub_Time": "2011",
        "class4": "5",
        "LOC": "Sephidargole area in Semnan province, Iran",
        "NAME": "Iran",
        "classSun": "5",
        "class1": "HM"
      }
    },
    {
      "type": "Feature",
      "geometry": {
        "type": "Point",
        "coordinates": [50.75, 31.8]
      },
      "properties": {
        "label": "503",
        "pub_Time": "2014",
        "class4": "5",
        "LOC": "Izeh River basin, south - western Iran, Iran",
        "NAME": "Iran",
        "classSun": "5",
        "class1": "HM"
      }
    },
    {
      "type": "Feature",
      "geometry": {
        "type": "Point",
        "coordinates": [51.4, 35.7]
      },
      "properties": {
        "label": "1079",
        "pub_Time": "2011",
        "LOC": "south, Tehran, Iran",
        "NAME": "Iran"
      }
    },
    {
      "type": "Feature",
      "geometry": {
        "type": "Point",
        "coordinates": [45.0, 37.55]
      },
      "properties": {
        "label": "1258",
        "pub_Time": "2012",
        "class4": "5",
        "LOC": "Urmia lake basin, Iran",
        "NAME": "Iran",
        "classSun": "5",
        "class1": "HM"
      }
    },
    {
      "type": "Feature",
      "geometry": {
        "type": "Point",
        "coordinates": [47.0, 35.0]
      },
      "properties": {
        "label": "600",
        "pub_Time": "2023",
        "class4": "5",
        "LOC": "Kurdistan, west of Iran, Iran",
        "NAME": "Iran",
        "classSun": "5",
        "class1": "HM"
      }
    },
    {
      "type": "Feature",
      "geometry": {
        "type": "Point",
        "coordinates": [48.5, 33.5]
      },
      "properties": {
        "label": "834",
        "pub_Time": "2018",
        "class4": "1",
        "LOC": "north of Khorramabad, west of Kermanshah Province, Iran",
        "NAME": "Iran",
        "classSun": "1",
        "class1": "EE"
      }
    },
    {
      "type": "Feature",
      "geometry": {
        "type": "Point",
        "coordinates": [45.04, 38.07]
      },
      "properties": {
        "label": "1311",
        "pub_Time": "2023",
        "class4": "5",
        "LOC": "western Azerbaijan, Iran",
        "NAME": "Iran",
        "classSun": "5",
        "class1": "HM"
      }
    },
    {
      "type": "Feature",
      "geometry": {
        "type": "Point",
        "coordinates": [50.0, 32.0]
      },
      "properties": {
        "label": "1072",
        "pub_Time": "2020",
        "class4": "1",
        "LOC": "Sorkhab basin, Zagros fold and thrust belt, Iran",
        "NAME": "Iran",
        "classSun": "1",
        "class1": "EE"
      }
    },
    {
      "type": "Feature",
      "geometry": {
        "type": "Point",
        "coordinates": [50.0, 32.0]
      },
      "properties": {
        "label": "1396",
        "pub_Time": "2021",
        "class4": "6",
        "LOC": "Zagros mountains, Iran",
        "NAME": "Iran",
        "classSun": "6",
        "class1": "HM"
      }
    },
    {
      "type": "Feature",
      "geometry": {
        "type": "Point",
        "coordinates": [52.5, 29.7]
      },
      "properties": {
        "label": "1397",
        "pub_Time": "2009",
        "class4": "1",
        "LOC": "NW Shiraz, Zagros Mountains, Iran",
        "NAME": "Iran",
        "classSun": "1",
        "class1": "EE"
      }
    },
    {
      "type": "Feature",
      "geometry": {
        "type": "Point",
        "coordinates": [50.0, 31.0]
      },
      "properties": {
        "label": "1111",
        "pub_Time": "2017",
        "class4": "5",
        "LOC": "southern Zagros Mountains, Zagros Mountains, Iran",
        "NAME": "Iran",
        "classSun": "5",
        "class1": "HM"
      }
    },
    {
      "type": "Feature",
      "geometry": {
        "type": "Point",
        "coordinates": [48.5, 36.7]
      },
      "properties": {
        "label": "1398",
        "pub_Time": "2022",
        "class4": "4",
        "LOC": "Zanjan, Iran",
        "NAME": "Iran",
        "classSun": "4",
        "class1": "ML"
      }
    },
    {
      "type": "Feature",
      "geometry": {
        "type": "Point",
        "coordinates": [45.0, 35.0]
      },
      "properties": {
        "label": "491",
        "pub_Time": "2023",
        "class4": "5",
        "LOC": "Iran 's West Kurdistan area",
        "NAME": "Iraq",
        "classSun": "5",
        "class1": "HM"
      }
    },
    {
      "type": "Feature",
      "geometry": {
        "type": "Point",
        "coordinates": [-7.6921, 53.1424]
      },
      "properties": {
        "label": "494",
        "pub_Time": "2016",
        "class4": "5",
        "LOC": "Irish Rail",
        "NAME": "Ireland",
        "classSun": "5",
        "class1": "HM"
      }
    },
    {
      "type": "Feature",
      "geometry": {
        "type": "Point",
        "coordinates": [120.9605, 23.6978]
      },
      "properties": {
        "label": "691",
        "pub_Time": "2023",
        "class4": "5",
        "LOC": "main island of Taiwan, island of Taiwan",
        "NAME": "China",
        "classSun": "5",
        "class1": "HM"
      }
    },
    {
      "type": "Feature",
      "geometry": {
        "type": "Point",
        "coordinates": [-48.67, -26.9]
      },
      "properties": {
        "label": "496",
        "pub_Time": "2022",
        "class4": "5",
        "LOC": "Itajai - Acu river valley",
        "NAME": "Brazil",
        "classSun": "6",
        "class1": "HM"
      }
    },
    {
      "type": "Feature",
      "geometry": {
        "type": "Point",
        "coordinates": [10.0, 44.0]
      },
      "properties": {
        "label": "497",
        "pub_Time": "2009",
        "class4": "2",
        "LOC": "Italian Northern Apennines",
        "NAME": "Italy",
        "classSun": "2",
        "class1": "MS"
      }
    },
    {
      "type": "Feature",
      "geometry": {
        "type": "Point",
        "coordinates": [13.4, 42.35]
      },
      "properties": {
        "label": "656",
        "pub_Time": "2023",
        "class4": "4",
        "LOC": "Abruzzo, Italian regions",
        "NAME": "Italy",
        "classSun": "4",
        "class1": "ML"
      }
    },
    {
      "type": "Feature",
      "geometry": {
        "type": "Point",
        "coordinates": [9.1905, 45.4668]
      },
      "properties": {
        "label": "656",
        "pub_Time": "2023",
        "class4": "4",
        "LOC": "Lombardia, Italian regions",
        "NAME": "Italy",
        "classSun": "4",
        "class1": "ML"
      }
    },
    {
      "type": "Feature",
      "geometry": {
        "type": "Point",
        "coordinates": [12.5674, 41.8719]
      },
      "properties": {
        "label": "502",
        "pub_Time": "2017",
        "LOC": "Italy",
        "NAME": "Italy"
      }
    },
    {
      "type": "Feature",
      "geometry": {
        "type": "Point",
        "coordinates": [15.1, 38.8333]
      },
      "properties": {
        "label": "877",
        "pub_Time": "2019",
        "class4": "5",
        "LOC": "Lipari area, Lipari, Aeolian Archipelago, Italy",
        "NAME": "Italy",
        "classSun": "5",
        "class1": "HM"
      }
    },
    {
      "type": "Feature",
      "geometry": {
        "type": "Point",
        "coordinates": [15.1333, 38.4167]
      },
      "properties": {
        "label": "877",
        "pub_Time": "2019",
        "class4": "5",
        "LOC": "La Fossa Cone, Vulcano, Aeolian Archipelago, Italy",
        "NAME": "Italy",
        "classSun": "5",
        "class1": "HM"
      }
    },
    {
      "type": "Feature",
      "geometry": {
        "type": "Point",
        "coordinates": [10.0, 46.0]
      },
      "properties": {
        "label": "501",
        "pub_Time": "2005",
        "class4": "2",
        "LOC": "Alpine regions of northern Italy, Italy",
        "NAME": "Italy",
        "classSun": "2",
        "class1": "MS"
      }
    },
    {
      "type": "Feature",
      "geometry": {
        "type": "Point",
        "coordinates": [13.5189, 43.6158]
      },
      "properties": {
        "label": "25",
        "pub_Time": "2014",
        "LOC": "Ancona, Adriatic coast, Ancona municipality, Italy",
        "NAME": "Italy"
      }
    },
    {
      "type": "Feature",
      "geometry": {
        "type": "Point",
        "coordinates": [13.25, 42.2]
      },
      "properties": {
        "label": "135",
        "pub_Time": "2007",
        "class4": "1",
        "LOC": "Caramanico Terme, Apennies of central Italy, Italy",
        "NAME": "Italy",
        "classSun": "1",
        "class1": "EE"
      }
    },
    {
      "type": "Feature",
      "geometry": {
        "type": "Point",
        "coordinates": [17.0, 40.75]
      },
      "properties": {
        "label": "30",
        "pub_Time": "2022",
        "class4": "4",
        "LOC": "Apulia Region, Italy",
        "NAME": "Italy",
        "classSun": "4",
        "class1": "ML"
      }
    },
    {
      "type": "Feature",
      "geometry": {
        "type": "Point",
        "coordinates": [11.25, 43.77]
      },
      "properties": {
        "label": "41",
        "pub_Time": "2013",
        "class4": "2",
        "LOC": "Arno sub-basin, Arno basin, Italy",
        "NAME": "Italy",
        "classSun": "2",
        "class1": "MS"
      }
    },
    {
      "type": "Feature",
      "geometry": {
        "type": "Point",
        "coordinates": [11.25, 43.77]
      },
      "properties": {
        "label": "42",
        "pub_Time": "2017",
        "class4": "4",
        "LOC": "Arno sub-basin, Arno river basin, Italy",
        "NAME": "Italy",
        "classSun": "4",
        "class1": "ML"
      }
    },
    {
      "type": "Feature",
      "geometry": {
        "type": "Point",
        "coordinates": [11.24, 43.76]
      },
      "properties": {
        "label": "42",
        "pub_Time": "2017",
        "class4": "4",
        "LOC": "Terzona catchment, Arno river basin, Italy",
        "NAME": "Italy",
        "classSun": "4",
        "class1": "ML"
      }
    },
    {
      "type": "Feature",
      "geometry": {
        "type": "Point",
        "coordinates": [16.0, 38.0]
      },
      "properties": {
        "label": "737",
        "pub_Time": "2019",
        "LOC": "Mesima surroundings, Mesima Basin, central part of the Calabria region, Calabria, Italy",
        "NAME": "Italy"
      }
    },
    {
      "type": "Feature",
      "geometry": {
        "type": "Point",
        "coordinates": [15.65, 38.11]
      },
      "properties": {
        "label": "961",
        "pub_Time": "2022",
        "class4": "1",
        "LOC": "Reggio Calabria, Reggio Calabria metropolitan area, Calabrian territory, Italy",
        "NAME": "Italy",
        "classSun": "1",
        "class1": "EE"
      }
    },
    {
      "type": "Feature",
      "geometry": {
        "type": "Point",
        "coordinates": [14.25, 40.8333]
      },
      "properties": {
        "label": "130",
        "pub_Time": "2022",
        "class4": "4",
        "LOC": "Campania region, Italy",
        "NAME": "Italy",
        "classSun": "4",
        "class1": "ML"
      }
    },
    {
      "type": "Feature",
      "geometry": {
        "type": "Point",
        "coordinates": [14.25, 40.8333]
      },
      "properties": {
        "label": "131",
        "pub_Time": "2022",
        "class4": "5",
        "LOC": "Campania, Campania region, Italy",
        "NAME": "Italy",
        "classSun": "5",
        "class1": "HM"
      }
    },
    {
      "type": "Feature",
      "geometry": {
        "type": "Point",
        "coordinates": [11.5, 43.5]
      },
      "properties": {
        "label": "72",
        "pub_Time": "2005",
        "class4": "4",
        "LOC": "Arno River Basin, Central Italy, Italy",
        "NAME": "Italy",
        "classSun": "4",
        "class1": "ML"
      }
    },
    {
      "type": "Feature",
      "geometry": {
        "type": "Point",
        "coordinates": [12.9, 42.9]
      },
      "properties": {
        "label": "235",
        "pub_Time": "2006",
        "LOC": "Collazzone area, Central Italy, Italy",
        "NAME": "Italy"
      }
    },
    {
      "type": "Feature",
      "geometry": {
        "type": "Point",
        "coordinates": [12.5, 42.9]
      },
      "properties": {
        "label": "149",
        "pub_Time": "2006",
        "class4": "2",
        "LOC": "Umbria region, Central Italy, Italy",
        "NAME": "Italy",
        "classSun": "2",
        "class1": "MS"
      }
    },
    {
      "type": "Feature",
      "geometry": {
        "type": "Point",
        "coordinates": [11.5, 46.2]
      },
      "properties": {
        "label": "892",
        "pub_Time": "2016",
        "class4": "3",
        "LOC": "Passo della Morte, Eastern Italian Alps, Italy",
        "NAME": "Italy",
        "classSun": "3",
        "class1": "MM"
      }
    },
    {
      "type": "Feature",
      "geometry": {
        "type": "Point",
        "coordinates": [9.7, 44.1]
      },
      "properties": {
        "label": "222",
        "pub_Time": "2021",
        "class4": "5",
        "LOC": "Cinque Terre, eastern Liguria, Italy",
        "NAME": "Italy",
        "classSun": "6",
        "class1": "HM"
      }
    },
    {
      "type": "Feature",
      "geometry": {
        "type": "Point",
        "coordinates": [12.5674, 41.8719]
      },
      "properties": {
        "label": "499",
        "pub_Time": "2010",
        "class4": "1",
        "LOC": "Italian territory, Italy",
        "NAME": "Italy",
        "classSun": "1",
        "class1": "EE"
      }
    },
    {
      "type": "Feature",
      "geometry": {
        "type": "Point",
        "coordinates": [13.0, 42.0]
      },
      "properties": {
        "label": "500",
        "pub_Time": "2023",
        "class4": "4",
        "LOC": "Alpine sector, southern and northern Apennines, central Apennines, Italian territory, Italy",
        "NAME": "Italy",
        "classSun": "4",
        "class1": "ML"
      }
    },
    {
      "type": "Feature",
      "geometry": {
        "type": "Point",
        "coordinates": [9.7, 44.1]
      },
      "properties": {
        "label": "234",
        "pub_Time": "2014",
        "class4": "2",
        "LOC": "Cinque Terre, eastern Liguria, Liguria, Italy",
        "NAME": "Italy",
        "classSun": "2",
        "class1": "MS"
      }
    },
    {
      "type": "Feature",
      "geometry": {
        "type": "Point",
        "coordinates": [16.0, 42.0]
      },
      "properties": {
        "label": "745",
        "pub_Time": "2023",
        "class4": "2",
        "LOC": "mid-Adriatic, Italy",
        "NAME": "Italy",
        "classSun": "2",
        "class1": "MS"
      }
    },
    {
      "type": "Feature",
      "geometry": {
        "type": "Point",
        "coordinates": [14.25, 40.85]
      },
      "properties": {
        "label": "117",
        "pub_Time": "2020",
        "class4": "4",
        "LOC": "Camaldoli and Agnano hill, Naples, Italy",
        "NAME": "Italy",
        "classSun": "4",
        "class1": "ML"
      }
    },
    {
      "type": "Feature",
      "geometry": {
        "type": "Point",
        "coordinates": [9.7156, 44.1346]
      },
      "properties": {
        "label": "765",
        "pub_Time": "2023",
        "class4": "3",
        "LOC": "Monterosso catchment, Cinque Terre, north - western Italy, Italy",
        "NAME": "Italy",
        "classSun": "3",
        "class1": "MM"
      }
    },
    {
      "type": "Feature",
      "geometry": {
        "type": "Point",
        "coordinates": [13.2, 37.8]
      },
      "properties": {
        "label": "459",
        "pub_Time": "2008",
        "class4": "5",
        "LOC": "Iato River Basin, North - Western Sicily, Italy",
        "NAME": "Italy",
        "classSun": "5",
        "class1": "HM"
      }
    },
    {
      "type": "Feature",
      "geometry": {
        "type": "Point",
        "coordinates": [10.0, 44.0]
      },
      "properties": {
        "label": "407",
        "pub_Time": "2002",
        "class4": "5",
        "LOC": "hilly and mountainous region in the northern Apennines, Northern Apennines, Italy",
        "NAME": "Italy",
        "classSun": "5",
        "class1": "HM"
      }
    },
    {
      "type": "Feature",
      "geometry": {
        "type": "Point",
        "coordinates": [10.3, 44.8]
      },
      "properties": {
        "label": "1124",
        "pub_Time": "2005",
        "class4": "2",
        "LOC": "Staffora River basin, Northern Apennines, Italy",
        "NAME": "Italy",
        "classSun": "2",
        "class1": "MS"
      }
    },
    {
      "type": "Feature",
      "geometry": {
        "type": "Point",
        "coordinates": [9.3, 45.2]
      },
      "properties": {
        "label": "133",
        "pub_Time": "2018",
        "class4": "5",
        "LOC": "Canneto Pavese, northern Italy, Italy",
        "NAME": "Italy",
        "classSun": "5",
        "class1": "HM"
      }
    },
    {
      "type": "Feature",
      "geometry": {
        "type": "Point",
        "coordinates": [7.7, 45.8]
      },
      "properties": {
        "label": "763",
        "pub_Time": "2021",
        "class4": "2",
        "LOC": "Mont - Emilius and Mont - Cervin Mountain Communities, northern Italy, Italy",
        "NAME": "Italy",
        "classSun": "2",
        "class1": "MS"
      }
    },
    {
      "type": "Feature",
      "geometry": {
        "type": "Point",
        "coordinates": [8.0, 44.0]
      },
      "properties": {
        "label": "642",
        "pub_Time": "2019",
        "class4": "1",
        "LOC": "Liguria region, northwestern Italy, Italy",
        "NAME": "Italy",
        "classSun": "1",
        "class1": "EE"
      }
    },
    {
      "type": "Feature",
      "geometry": {
        "type": "Point",
        "coordinates": [7.5, 44.0]
      },
      "properties": {
        "label": "919",
        "pub_Time": "2018",
        "class4": "4",
        "LOC": "Piedmont, Italy",
        "NAME": "France",
        "classSun": "4",
        "class1": "ML"
      }
    },
    {
      "type": "Feature",
      "geometry": {
        "type": "Point",
        "coordinates": [10.503, 43.843]
      },
      "properties": {
        "label": "672",
        "pub_Time": "2016",
        "class4": "6",
        "LOC": "Lucca, Pistoia and Prato, Italy",
        "NAME": "Italy",
        "classSun": "6",
        "class1": "HM"
      }
    },
    {
      "type": "Feature",
      "geometry": {
        "type": "Point",
        "coordinates": [10.3, 43.8]
      },
      "properties": {
        "label": "749",
        "pub_Time": "2009",
        "class4": "5",
        "LOC": "Terrain, middle part, Serchio River basin, Italy",
        "NAME": "Italy",
        "classSun": "5",
        "class1": "HM"
      }
    },
    {
      "type": "Feature",
      "geometry": {
        "type": "Point",
        "coordinates": [14.0, 37.5]
      },
      "properties": {
        "label": "1050",
        "pub_Time": "2012",
        "class4": "4",
        "LOC": "Sicily, Italy",
        "NAME": "Italy",
        "classSun": "4",
        "class1": "ML"
      }
    },
    {
      "type": "Feature",
      "geometry": {
        "type": "Point",
        "coordinates": [15.1, 37.95]
      },
      "properties": {
        "label": "359",
        "pub_Time": "2023",
        "class4": "5",
        "LOC": "Gioiosa Marea municipality, Sicily, Italy",
        "NAME": "Italy",
        "classSun": "5",
        "class1": "HM"
      }
    },
    {
      "type": "Feature",
      "geometry": {
        "type": "Point",
        "coordinates": [14.2, 37.5]
      },
      "properties": {
        "label": "1106",
        "pub_Time": "2007",
        "LOC": "affluent of the Alcantara River, Roccella torrent, hydrographic basin of the Roccella torrent, Sicily, Italy",
        "NAME": "Italy"
      }
    },
    {
      "type": "Feature",
      "geometry": {
        "type": "Point",
        "coordinates": [14.2, 37.5]
      },
      "properties": {
        "label": "1106",
        "pub_Time": "2007",
        "LOC": "Roccella Valdemone, Roccella torrent, hydrographic basin of the Roccella torrent, Sicily, Italy",
        "NAME": "Italy"
      }
    },
    {
      "type": "Feature",
      "geometry": {
        "type": "Point",
        "coordinates": [15.6, 38.0]
      },
      "properties": {
        "label": "901",
        "pub_Time": "2015",
        "LOC": "East Peloritani Fault System, Mediterranean, Peloritani range, NE Sicily, Sicily, Italy",
        "NAME": "Italy"
      }
    },
    {
      "type": "Feature",
      "geometry": {
        "type": "Point",
        "coordinates": [15.55, 38.2]
      },
      "properties": {
        "label": "901",
        "pub_Time": "2015",
        "LOC": "Messina Straits graben, Mediterranean, Peloritani range, NE Sicily, Sicily, Italy",
        "NAME": "Italy"
      }
    },
    {
      "type": "Feature",
      "geometry": {
        "type": "Point",
        "coordinates": [15.4, 38.0]
      },
      "properties": {
        "label": "901",
        "pub_Time": "2015",
        "LOC": "West Peloritani Fault System, Mediterranean, Peloritani range, NE Sicily, Sicily, Italy",
        "NAME": "Italy"
      }
    },
    {
      "type": "Feature",
      "geometry": {
        "type": "Point",
        "coordinates": [15.55, 38.2]
      },
      "properties": {
        "label": "1174",
        "pub_Time": "2018",
        "class4": "5",
        "LOC": "North - easternmost sector, Sicily, Italy",
        "NAME": "Italy",
        "classSun": "5",
        "class1": "HM"
      }
    },
    {
      "type": "Feature",
      "geometry": {
        "type": "Point",
        "coordinates": [16.6, 39.5]
      },
      "properties": {
        "label": "10",
        "pub_Time": "2011",
        "class4": "5",
        "LOC": "Petacciato, Adriatic Coast, South Italy, Italy",
        "NAME": "Italy",
        "classSun": "5",
        "class1": "HM"
      }
    },
    {
      "type": "Feature",
      "geometry": {
        "type": "Point",
        "coordinates": [16.6, 38.9]
      },
      "properties": {
        "label": "1227",
        "pub_Time": "2014",
        "class4": "4",
        "LOC": "Turbolo River catchment, North Calabria, South Italy, Italy",
        "NAME": "Italy",
        "classSun": "4",
        "class1": "ML"
      }
    },
    {
      "type": "Feature",
      "geometry": {
        "type": "Point",
        "coordinates": [11.5, 46.5]
      },
      "properties": {
        "label": "1075",
        "pub_Time": "2012",
        "class4": "2",
        "LOC": "south - eastern Alps, South Tyrol, Italy",
        "NAME": "Italy",
        "classSun": "2",
        "class1": "MS"
      }
    },
    {
      "type": "Feature",
      "geometry": {
        "type": "Point",
        "coordinates": [9.5, 46.0]
      },
      "properties": {
        "label": "105",
        "pub_Time": "2008",
        "class4": "5",
        "LOC": "Brembilla Municipality, Southern Alps, Italy",
        "NAME": "Italy",
        "classSun": "5",
        "class1": "HM"
      }
    },
    {
      "type": "Feature",
      "geometry": {
        "type": "Point",
        "coordinates": [15.1, 40.6]
      },
      "properties": {
        "label": "1088",
        "pub_Time": "1999",
        "LOC": "Bisaccia, Southern Apennines, Italy",
        "NAME": "Italy"
      }
    },
    {
      "type": "Feature",
      "geometry": {
        "type": "Point",
        "coordinates": [15.15, 40.65]
      },
      "properties": {
        "label": "1088",
        "pub_Time": "1999",
        "LOC": "Buoninventre, Southern Apennines, Italy",
        "NAME": "Italy"
      }
    },
    {
      "type": "Feature",
      "geometry": {
        "type": "Point",
        "coordinates": [15.2, 40.7]
      },
      "properties": {
        "label": "1088",
        "pub_Time": "1999",
        "LOC": "Calitri, Southern Apennines, Italy",
        "NAME": "Italy"
      }
    },
    {
      "type": "Feature",
      "geometry": {
        "type": "Point",
        "coordinates": [15.0, 40.0]
      },
      "properties": {
        "label": "1089",
        "pub_Time": "2016",
        "class4": "5",
        "LOC": "Daunia - Lucanian mountains, Southern Apennines, Italy",
        "NAME": "Italy",
        "classSun": "5",
        "class1": "HM"
      }
    },
    {
      "type": "Feature",
      "geometry": {
        "type": "Point",
        "coordinates": [14.85, 40.75]
      },
      "properties": {
        "label": "1090",
        "pub_Time": "2002",
        "class4": "5",
        "LOC": "High Sele valley, Southern Apennines, Italy",
        "NAME": "Italy",
        "classSun": "5",
        "class1": "HM"
      }
    },
    {
      "type": "Feature",
      "geometry": {
        "type": "Point",
        "coordinates": [14.9, 40.8]
      },
      "properties": {
        "label": "1090",
        "pub_Time": "2002",
        "class4": "5",
        "LOC": "Upper Sele river Valley, Southern Apennines, Italy",
        "NAME": "Italy",
        "classSun": "5",
        "class1": "HM"
      }
    },
    {
      "type": "Feature",
      "geometry": {
        "type": "Point",
        "coordinates": [16.0, 38.0]
      },
      "properties": {
        "label": "738",
        "pub_Time": "2021",
        "class4": "5",
        "LOC": "Mesima basin, southern Calabria, Italy",
        "NAME": "Italy",
        "classSun": "5",
        "class1": "HM"
      }
    },
    {
      "type": "Feature",
      "geometry": {
        "type": "Point",
        "coordinates": [15.0, 41.0]
      },
      "properties": {
        "label": "832",
        "pub_Time": "2013",
        "class4": "5",
        "LOC": "Daunia hillslopes, north - western side of Daunia region, Daunia region, Apulia, Southern Italy, Italy",
        "NAME": "Italy",
        "classSun": "5",
        "class1": "HM"
      }
    },
    {
      "type": "Feature",
      "geometry": {
        "type": "Point",
        "coordinates": [16.6, 40.6667]
      },
      "properties": {
        "label": "725",
        "pub_Time": "2017",
        "class4": "5",
        "LOC": "Matera, Basilicata region, southern Italy, Italy",
        "NAME": "Italy",
        "classSun": "5",
        "class1": "HM"
      }
    },
    {
      "type": "Feature",
      "geometry": {
        "type": "Point",
        "coordinates": [16.6, 38.9]
      },
      "properties": {
        "label": "113",
        "pub_Time": "2018",
        "class4": "5",
        "LOC": "Calabria, Southern Italy, Italy",
        "NAME": "Italy",
        "classSun": "5",
        "class1": "HM"
      }
    },
    {
      "type": "Feature",
      "geometry": {
        "type": "Point",
        "coordinates": [16.62, 38.88]
      },
      "properties": {
        "label": "114",
        "pub_Time": "2011",
        "class4": "2",
        "LOC": "Vitravo River catchment, Calabria, Southern Italy, Italy",
        "NAME": "Italy",
        "classSun": "2",
        "class1": "MS"
      }
    },
    {
      "type": "Feature",
      "geometry": {
        "type": "Point",
        "coordinates": [16.6, 38.9]
      },
      "properties": {
        "label": "112",
        "pub_Time": "2019",
        "LOC": "Calabria region, Southern Italy, Italy",
        "NAME": "Italy"
      }
    },
    {
      "type": "Feature",
      "geometry": {
        "type": "Point",
        "coordinates": [16.6, 38.9]
      },
      "properties": {
        "label": "110",
        "pub_Time": "2021",
        "class4": "3",
        "LOC": "Calabria region, Southern Italy, Italy",
        "NAME": "Italy",
        "classSun": "3",
        "class1": "MM"
      }
    },
    {
      "type": "Feature",
      "geometry": {
        "type": "Point",
        "coordinates": [16.6, 38.9]
      },
      "properties": {
        "label": "111",
        "pub_Time": "2021",
        "LOC": "Calabria region, Southern Italy, Italy",
        "NAME": "Italy"
      }
    },
    {
      "type": "Feature",
      "geometry": {
        "type": "Point",
        "coordinates": [16.0, 38.5]
      },
      "properties": {
        "label": "1096",
        "pub_Time": "1983",
        "class4": "5",
        "LOC": "Calabrian, Southern Italy, Italy",
        "NAME": "Italy",
        "classSun": "5",
        "class1": "HM"
      }
    },
    {
      "type": "Feature",
      "geometry": {
        "type": "Point",
        "coordinates": [14.25, 40.8333]
      },
      "properties": {
        "label": "501",
        "pub_Time": "2005",
        "class4": "2",
        "LOC": "Campania region, southern Italy, Italy",
        "NAME": "Italy",
        "classSun": "2",
        "class1": "MS"
      }
    },
    {
      "type": "Feature",
      "geometry": {
        "type": "Point",
        "coordinates": [16.6, 38.9]
      },
      "properties": {
        "label": "138",
        "pub_Time": "2017",
        "class4": "5",
        "LOC": "Catanzaro, southern Italy, Italy",
        "NAME": "Italy",
        "classSun": "5",
        "class1": "HM"
      }
    },
    {
      "type": "Feature",
      "geometry": {
        "type": "Point",
        "coordinates": [13.9667, 40.75]
      },
      "properties": {
        "label": "1176",
        "pub_Time": "2010",
        "LOC": "the volcanic island of, Ischia, southern Italy, Italy",
        "NAME": "Italy"
      }
    },
    {
      "type": "Feature",
      "geometry": {
        "type": "Point",
        "coordinates": [14.5, 41.5]
      },
      "properties": {
        "label": "1097",
        "pub_Time": "2018",
        "LOC": "Agnone, Southern Apennines, Southern Italy, Italy",
        "NAME": "Italy"
      }
    },
    {
      "type": "Feature",
      "geometry": {
        "type": "Point",
        "coordinates": [14.7, 41.5]
      },
      "properties": {
        "label": "1097",
        "pub_Time": "2018",
        "LOC": "Molise region, Southern Apennines, Southern Italy, Italy",
        "NAME": "Italy"
      }
    },
    {
      "type": "Feature",
      "geometry": {
        "type": "Point",
        "coordinates": [16.0, 40.0]
      },
      "properties": {
        "label": "1098",
        "pub_Time": "2021",
        "LOC": "SS87 national road, Southern Italy, Italy",
        "NAME": "Italy"
      }
    },
    {
      "type": "Feature",
      "geometry": {
        "type": "Point",
        "coordinates": [9.4667, 46.1667]
      },
      "properties": {
        "label": "498",
        "pub_Time": "2010",
        "LOC": "the Valtellina Valley, the Central Italian Alps, Italy",
        "NAME": "Italy"
      }
    },
    {
      "type": "Feature",
      "geometry": {
        "type": "Point",
        "coordinates": [10.0, 43.5]
      },
      "properties": {
        "label": "971",
        "pub_Time": "2012",
        "class4": "4",
        "LOC": "rock slope, Torgiovannetto, Italy",
        "NAME": "Italy",
        "classSun": "4",
        "class1": "ML"
      }
    },
    {
      "type": "Feature",
      "geometry": {
        "type": "Point",
        "coordinates": [10.92, 43.25]
      },
      "properties": {
        "label": "923",
        "pub_Time": "2005",
        "class4": "3",
        "LOC": "Pistoia, Tuscany, Italy",
        "NAME": "Italy",
        "classSun": "3",
        "class1": "MM"
      }
    },
    {
      "type": "Feature",
      "geometry": {
        "type": "Point",
        "coordinates": [75.0, 34.0]
      },
      "properties": {
        "label": "508",
        "pub_Time": "2022",
        "class4": "2",
        "LOC": "Jammu and Kashmir region of India",
        "NAME": "India",
        "classSun": "2",
        "class1": "MS"
      }
    },
    {
      "type": "Feature",
      "geometry": {
        "type": "Point",
        "coordinates": [126.9, 34.5]
      },
      "properties": {
        "label": "509",
        "pub_Time": "2010",
        "class4": "5",
        "LOC": "Jangheung area in Korea",
        "NAME": "South Korea",
        "classSun": "5",
        "class1": "HM"
      }
    },
    {
      "type": "Feature",
      "geometry": {
        "type": "Point",
        "coordinates": [126.9, 34.5]
      },
      "properties": {
        "label": "510",
        "pub_Time": "2010",
        "class4": "5",
        "LOC": "Jangheung in Korea",
        "NAME": "South Korea",
        "classSun": "5",
        "class1": "HM"
      }
    },
    {
      "type": "Feature",
      "geometry": {
        "type": "Point",
        "coordinates": [126.9, 34.5]
      },
      "properties": {
        "label": "512",
        "pub_Time": "2002",
        "class4": "2",
        "LOC": "Janghung area in Korea",
        "NAME": "South Korea",
        "classSun": "2",
        "class1": "MS"
      }
    },
    {
      "type": "Feature",
      "geometry": {
        "type": "Point",
        "coordinates": [126.9, 34.5]
      },
      "properties": {
        "label": "511",
        "pub_Time": "2005",
        "class4": "2",
        "LOC": "Janghung area in Korea",
        "NAME": "South Korea",
        "classSun": "2",
        "class1": "MS"
      }
    },
    {
      "type": "Feature",
      "geometry": {
        "type": "Point",
        "coordinates": [138.25, 36.0]
      },
      "properties": {
        "label": "513",
        "pub_Time": "2006",
        "class4": "3",
        "LOC": "Japan",
        "NAME": "Japan",
        "classSun": "3",
        "class1": "MM"
      }
    },
    {
      "type": "Feature",
      "geometry": {
        "type": "Point",
        "coordinates": [138.0, 35.5]
      },
      "properties": {
        "label": "15",
        "pub_Time": "2009",
        "class4": "4",
        "LOC": "Akaishi Mountains, Japan",
        "NAME": "Japan",
        "classSun": "4",
        "class1": "ML"
      }
    },
    {
      "type": "Feature",
      "geometry": {
        "type": "Point",
        "coordinates": [139.1, 37.9]
      },
      "properties": {
        "label": "219",
        "pub_Time": "2019",
        "class4": "5",
        "LOC": "Chuetsu region, Chuetsu - Niigata, Japan",
        "NAME": "Japan",
        "classSun": "5",
        "class1": "HM"
      }
    },
    {
      "type": "Feature",
      "geometry": {
        "type": "Point",
        "coordinates": [139.0, 36.4]
      },
      "properties": {
        "label": "381",
        "pub_Time": "2011",
        "class4": "2",
        "LOC": "Gunma Prefecture, Japan",
        "NAME": "Japan",
        "classSun": "2",
        "class1": "MS"
      }
    },
    {
      "type": "Feature",
      "geometry": {
        "type": "Point",
        "coordinates": [132.5667, 34.25]
      },
      "properties": {
        "label": "1117",
        "pub_Time": "2023",
        "class4": "2",
        "LOC": "Southwestern Japan, Kure City, Hiroshima Prefecture, Japan",
        "NAME": "Japan",
        "classSun": "2",
        "class1": "MS"
      }
    },
    {
      "type": "Feature",
      "geometry": {
        "type": "Point",
        "coordinates": [142.0, 43.0]
      },
      "properties": {
        "label": "446",
        "pub_Time": "2023",
        "class4": "4",
        "LOC": "Hokkaido, Japan",
        "NAME": "Japan",
        "classSun": "4",
        "class1": "ML"
      }
    },
    {
      "type": "Feature",
      "geometry": {
        "type": "Point",
        "coordinates": [141.3, 42.8]
      },
      "properties": {
        "label": "44",
        "pub_Time": "2021",
        "class4": "5",
        "LOC": "Atsuma Town, Eastern Iburi, Hokkaido, Japan",
        "NAME": "Japan",
        "classSun": "5",
        "class1": "HM"
      }
    },
    {
      "type": "Feature",
      "geometry": {
        "type": "Point",
        "coordinates": [140.0, 38.4]
      },
      "properties": {
        "label": "541",
        "pub_Time": "2005",
        "class4": "5",
        "LOC": "Kakuda Mountain, Kakuda - Yahiko Mountains of Central Japan, Japan",
        "NAME": "Japan",
        "classSun": "5",
        "class1": "HM"
      }
    },
    {
      "type": "Feature",
      "geometry": {
        "type": "Point",
        "coordinates": [139.3, 36.3]
      },
      "properties": {
        "label": "541",
        "pub_Time": "2005",
        "class4": "5",
        "LOC": "Yahiko Mountain, Kakuda - Yahiko Mountains of Central Japan, Japan",
        "NAME": "Japan",
        "classSun": "5",
        "class1": "HM"
      }
    },
    {
      "type": "Feature",
      "geometry": {
        "type": "Point",
        "coordinates": [130.7079, 32.8031]
      },
      "properties": {
        "label": "596",
        "pub_Time": "2008",
        "class4": "3",
        "LOC": "Kumamoto, Japan",
        "NAME": "Japan",
        "classSun": "3",
        "class1": "MM"
      }
    },
    {
      "type": "Feature",
      "geometry": {
        "type": "Point",
        "coordinates": [140.1, 38.5]
      },
      "properties": {
        "label": "724",
        "pub_Time": "2021",
        "class4": "3",
        "LOC": "Marumori, Japan",
        "NAME": "Japan",
        "classSun": "3",
        "class1": "MM"
      }
    },
    {
      "type": "Feature",
      "geometry": {
        "type": "Point",
        "coordinates": [130.7, 32.0]
      },
      "properties": {
        "label": "514",
        "pub_Time": "2005",
        "class4": "5",
        "LOC": "Minamata area of southern Kyushu Island, Japan",
        "NAME": "Japan",
        "classSun": "5",
        "class1": "HM"
      }
    },
    {
      "type": "Feature",
      "geometry": {
        "type": "Point",
        "coordinates": [136.95, 35.35]
      },
      "properties": {
        "label": "761",
        "pub_Time": "2015",
        "class4": "5",
        "LOC": "Mizunami City, Japan",
        "NAME": "Japan",
        "classSun": "5",
        "class1": "HM"
      }
    },
    {
      "type": "Feature",
      "geometry": {
        "type": "Point",
        "coordinates": [138.9, 34.7]
      },
      "properties": {
        "label": "506",
        "pub_Time": "2022",
        "class4": "3",
        "LOC": "Izu Mountain area, Shizuoka County, Japan",
        "NAME": "Japan",
        "classSun": "3",
        "class1": "MM"
      }
    },
    {
      "type": "Feature",
      "geometry": {
        "type": "Point",
        "coordinates": [132.75, 33.25]
      },
      "properties": {
        "label": "1268",
        "pub_Time": "2022",
        "class4": "5",
        "LOC": "Uwajima City, Japan",
        "NAME": "Japan",
        "classSun": "5",
        "class1": "HM"
      }
    },
    {
      "type": "Feature",
      "geometry": {
        "type": "Point",
        "coordinates": [135.0, 35.0]
      },
      "properties": {
        "label": "515",
        "pub_Time": "2005",
        "LOC": "Zentoku, Japan",
        "NAME": "Japan"
      }
    },
    {
      "type": "Feature",
      "geometry": {
        "type": "Point",
        "coordinates": [138.2529, 36.2048]
      },
      "properties": {
        "label": "516",
        "pub_Time": "2023",
        "class4": "1",
        "LOC": "Japanese archipelago",
        "NAME": "Japan",
        "classSun": "1",
        "class1": "EE"
      }
    },
    {
      "type": "Feature",
      "geometry": {
        "type": "Point",
        "coordinates": [99.0, 27.0]
      },
      "properties": {
        "label": "526",
        "pub_Time": "2012",
        "class4": "1",
        "LOC": "Jinshajiang River valley in China",
        "NAME": "China",
        "classSun": "1",
        "class1": "EE"
      }
    },
    {
      "type": "Feature",
      "geometry": {
        "type": "Point",
        "coordinates": [112.5, 37.0]
      },
      "properties": {
        "label": "527",
        "pub_Time": "2023",
        "class4": "5",
        "LOC": "Jiumine in the main part of Xishan Coalfield",
        "NAME": "China",
        "classSun": "5",
        "class1": "HM"
      }
    },
    {
      "type": "Feature",
      "geometry": {
        "type": "Point",
        "coordinates": [104.25, 33.25]
      },
      "properties": {
        "label": "528",
        "pub_Time": "2021",
        "class4": "6",
        "LOC": "Jiuzhaigou",
        "NAME": "China",
        "classSun": "6",
        "class1": "HM"
      }
    },
    {
      "type": "Feature",
      "geometry": {
        "type": "Point",
        "coordinates": [103.9118, 33.2508]
      },
      "properties": {
        "label": "531",
        "pub_Time": "2022",
        "class4": "5",
        "LOC": "Jiuzhaigou meizoseismal region of China",
        "NAME": "China",
        "classSun": "5",
        "class1": "HM"
      }
    },
    {
      "type": "Feature",
      "geometry": {
        "type": "Point",
        "coordinates": [76.881, 32.1]
      },
      "properties": {
        "label": "534",
        "pub_Time": "2023",
        "class4": "4",
        "LOC": "Joginder Nagar area of Mandi district Himachal Pradesh",
        "NAME": "India",
        "classSun": "4",
        "class1": "ML"
      }
    },
    {
      "type": "Feature",
      "geometry": {
        "type": "Point",
        "coordinates": [35.9, 32.3]
      },
      "properties": {
        "label": "518",
        "pub_Time": "2018",
        "class4": "1",
        "LOC": "Salhoub and Gaza camp, Jerash Amman highway, Jordan",
        "NAME": "Jordan",
        "classSun": "1",
        "class1": "EE"
      }
    },
    {
      "type": "Feature",
      "geometry": {
        "type": "Point",
        "coordinates": [35.9, 32.28]
      },
      "properties": {
        "label": "519",
        "pub_Time": "2022",
        "class4": "6",
        "LOC": "Jerash Governorate, north of Jordan, Jordan",
        "NAME": "Jordan",
        "classSun": "6",
        "class1": "HM"
      }
    },
    {
      "type": "Feature",
      "geometry": {
        "type": "Point",
        "coordinates": [73.7599, 34.5564]
      },
      "properties": {
        "label": "537",
        "pub_Time": "2023",
        "class4": "5",
        "LOC": "Kaghan valley catchment",
        "NAME": "Pakistan",
        "classSun": "5",
        "class1": "HM"
      }
    },
    {
      "type": "Feature",
      "geometry": {
        "type": "Point",
        "coordinates": [57.596, 37.2311]
      },
      "properties": {
        "label": "543",
        "pub_Time": "2021",
        "class4": "5",
        "LOC": "Kalaleh watershed",
        "NAME": "Iran",
        "classSun": "6",
        "class1": "HM"
      }
    },
    {
      "type": "Feature",
      "geometry": {
        "type": "Point",
        "coordinates": [46.8926, 34.485]
      },
      "properties": {
        "label": "549",
        "pub_Time": "2023",
        "class4": "4",
        "LOC": "Kamyaran - Sarvabad road in the Kurdistan province of Iran",
        "NAME": "Iran",
        "classSun": "4",
        "class1": "ML"
      }
    },
    {
      "type": "Feature",
      "geometry": {
        "type": "Point",
        "coordinates": [87.2846, 26.4885]
      },
      "properties": {
        "label": "551",
        "pub_Time": "2012",
        "class4": "5",
        "LOC": "Kankai watershed in east Nepal",
        "NAME": "Nepal",
        "classSun": "5",
        "class1": "HM"
      }
    },
    {
      "type": "Feature",
      "geometry": {
        "type": "Point",
        "coordinates": [120.0375, 23.4747]
      },
      "properties": {
        "label": "552",
        "pub_Time": "2019",
        "class4": "4",
        "LOC": "Kaoping River Basin",
        "NAME": "Taiwan",
        "classSun": "4",
        "class1": "ML"
      }
    },
    {
      "type": "Feature",
      "geometry": {
        "type": "Point",
        "coordinates": [32.6266, 41.2066]
      },
      "properties": {
        "label": "553",
        "pub_Time": "2019",
        "class4": "5",
        "LOC": "Karabuk province of Turkey",
        "NAME": "Turkey",
        "classSun": "6",
        "class1": "HM"
      }
    },
    {
      "type": "Feature",
      "geometry": {
        "type": "Point",
        "coordinates": [50.7971, 35.6715]
      },
      "properties": {
        "label": "554",
        "pub_Time": "2011",
        "class4": "1",
        "LOC": "Karaj Dam Basin in Iran",
        "NAME": "Iran",
        "classSun": "1",
        "class1": "EE"
      }
    },
    {
      "type": "Feature",
      "geometry": {
        "type": "Point",
        "coordinates": [74.0, 35.0]
      },
      "properties": {
        "label": "558",
        "pub_Time": "2021",
        "class4": "5",
        "LOC": "Karakorum Highway (KKH)",
        "NAME": "Pakistan",
        "classSun": "6",
        "class1": "HM"
      }
    },
    {
      "type": "Feature",
      "geometry": {
        "type": "Point",
        "coordinates": [75.0, 13.0]
      },
      "properties": {
        "label": "1312",
        "pub_Time": "2021",
        "class4": "5",
        "LOC": "Himalayan regions, Western Ghats area, Western Ghats region, Karnataka province",
        "NAME": "India",
        "classSun": "5",
        "class1": "HM"
      }
    },
    {
      "type": "Feature",
      "geometry": {
        "type": "Point",
        "coordinates": [50.9465, 32.4551]
      },
      "properties": {
        "label": "564",
        "pub_Time": "2020",
        "class4": "5",
        "LOC": "Karun watershed in the Zagros Mountains",
        "NAME": "Iran",
        "classSun": "5",
        "class1": "HM"
      }
    },
    {
      "type": "Feature",
      "geometry": {
        "type": "Point",
        "coordinates": [73.2, 34.35]
      },
      "properties": {
        "label": "716",
        "pub_Time": "2017",
        "class4": "2",
        "LOC": "Mansehra and Torghar districts, Kashmir",
        "NAME": "Pakistan",
        "classSun": "2",
        "class1": "MS"
      }
    },
    {
      "type": "Feature",
      "geometry": {
        "type": "Point",
        "coordinates": [-83.0, 37.52]
      },
      "properties": {
        "label": "690",
        "pub_Time": "2023",
        "class4": "6",
        "LOC": "Magoffin County, Kentucky",
        "NAME": "United States of America",
        "classSun": "6",
        "class1": "HM"
      }
    },
    {
      "type": "Feature",
      "geometry": {
        "type": "Point",
        "coordinates": [-83.6333, 37.1333]
      },
      "properties": {
        "label": "690",
        "pub_Time": "2023",
        "class4": "6",
        "LOC": "Owsley County, Kentucky",
        "NAME": "United States of America",
        "classSun": "6",
        "class1": "HM"
      }
    },
    {
      "type": "Feature",
      "geometry": {
        "type": "Point",
        "coordinates": [37.9062, -1.2864]
      },
      "properties": {
        "label": "569",
        "pub_Time": "2015",
        "class4": "1",
        "LOC": "Kenya",
        "NAME": "Kenya",
        "classSun": "1",
        "class1": "EE"
      }
    },
    {
      "type": "Feature",
      "geometry": {
        "type": "Point",
        "coordinates": [76.6389, 10.8505]
      },
      "properties": {
        "label": "570",
        "pub_Time": "2018",
        "class4": "3",
        "LOC": "Kerala",
        "NAME": "India",
        "classSun": "3",
        "class1": "MM"
      }
    },
    {
      "type": "Feature",
      "geometry": {
        "type": "Point",
        "coordinates": [47.167, 34.3149]
      },
      "properties": {
        "label": "574",
        "pub_Time": "2023",
        "class4": "4",
        "LOC": "Kermanshah province of Iran",
        "NAME": "Iran",
        "classSun": "4",
        "class1": "ML"
      }
    },
    {
      "type": "Feature",
      "geometry": {
        "type": "Point",
        "coordinates": [51.5, 36.3]
      },
      "properties": {
        "label": "583",
        "pub_Time": "2018",
        "class4": "5",
        "LOC": "Zanou 's river, Kojour pathway, west of the Gat - e Kash village, Khachak",
        "NAME": "Iran",
        "classSun": "5",
        "class1": "HM"
      }
    },
    {
      "type": "Feature",
      "geometry": {
        "type": "Point",
        "coordinates": [48.85, 37.1167]
      },
      "properties": {
        "label": "575",
        "pub_Time": "2021",
        "class4": "6",
        "LOC": "Khalkhal - Tarom Basin",
        "NAME": "Iran",
        "classSun": "6",
        "class1": "HM"
      }
    },
    {
      "type": "Feature",
      "geometry": {
        "type": "Point",
        "coordinates": [101.6869, 3.139]
      },
      "properties": {
        "label": "579",
        "pub_Time": "2011",
        "class4": "5",
        "LOC": "Klang Valley areas i Malaysia",
        "NAME": "Malaysia",
        "classSun": "5",
        "class1": "HM"
      }
    },
    {
      "type": "Feature",
      "geometry": {
        "type": "Point",
        "coordinates": [45.9152, 37.8014]
      },
      "properties": {
        "label": "581",
        "pub_Time": "2018",
        "class4": "5",
        "LOC": "Klijanerestagh area of Iran",
        "NAME": "Iran",
        "classSun": "5",
        "class1": "HM"
      }
    },
    {
      "type": "Feature",
      "geometry": {
        "type": "Point",
        "coordinates": [129.2, 37.9]
      },
      "properties": {
        "label": "535",
        "pub_Time": "2018",
        "class4": "5",
        "LOC": "Jumunjin - eup, Gangneung - si, Korea",
        "NAME": "South Korea",
        "classSun": "5",
        "class1": "HM"
      }
    },
    {
      "type": "Feature",
      "geometry": {
        "type": "Point",
        "coordinates": [128.8768, 37.7519]
      },
      "properties": {
        "label": "346",
        "pub_Time": "2006",
        "class4": "2",
        "LOC": "Gangneung area, Korea",
        "NAME": "South Korea",
        "classSun": "2",
        "class1": "MS"
      }
    },
    {
      "type": "Feature",
      "geometry": {
        "type": "Point",
        "coordinates": [128.0, 38.0]
      },
      "properties": {
        "label": "488",
        "pub_Time": "2013",
        "class4": "2",
        "LOC": "Inje, Korea",
        "NAME": "South Korea",
        "classSun": "2",
        "class1": "MS"
      }
    },
    {
      "type": "Feature",
      "geometry": {
        "type": "Point",
        "coordinates": [127.5, 36.0]
      },
      "properties": {
        "label": "1369",
        "pub_Time": "2002",
        "class4": "5",
        "LOC": "Boeun, Janghung, Korea",
        "NAME": "South Korea",
        "classSun": "5",
        "class1": "HM"
      }
    },
    {
      "type": "Feature",
      "geometry": {
        "type": "Point",
        "coordinates": [127.5, 36.0]
      },
      "properties": {
        "label": "1381",
        "pub_Time": "2009",
        "class4": "4",
        "LOC": "Boeun, Janghung, Korea",
        "NAME": "South Korea",
        "classSun": "4",
        "class1": "ML"
      }
    },
    {
      "type": "Feature",
      "geometry": {
        "type": "Point",
        "coordinates": [127.5, 36.0]
      },
      "properties": {
        "label": "1382",
        "pub_Time": "2010",
        "class4": "2",
        "LOC": "Boeun, Janghung, Korea",
        "NAME": "South Korea",
        "classSun": "2",
        "class1": "MS"
      }
    },
    {
      "type": "Feature",
      "geometry": {
        "type": "Point",
        "coordinates": [127.0, 37.24]
      },
      "properties": {
        "label": "1369",
        "pub_Time": "2002",
        "class4": "5",
        "LOC": "Youngin, Janghung, Korea",
        "NAME": "South Korea",
        "classSun": "5",
        "class1": "HM"
      }
    },
    {
      "type": "Feature",
      "geometry": {
        "type": "Point",
        "coordinates": [127.0, 37.24]
      },
      "properties": {
        "label": "1381",
        "pub_Time": "2009",
        "class4": "4",
        "LOC": "Youngin, Janghung, Korea",
        "NAME": "South Korea",
        "classSun": "4",
        "class1": "ML"
      }
    },
    {
      "type": "Feature",
      "geometry": {
        "type": "Point",
        "coordinates": [127.0, 37.24]
      },
      "properties": {
        "label": "1382",
        "pub_Time": "2010",
        "class4": "2",
        "LOC": "Youngin, Janghung, Korea",
        "NAME": "South Korea",
        "classSun": "2",
        "class1": "MS"
      }
    },
    {
      "type": "Feature",
      "geometry": {
        "type": "Point",
        "coordinates": [129.5, 35.5]
      },
      "properties": {
        "label": "523",
        "pub_Time": "2012",
        "class4": "5",
        "LOC": "Jinbu, Korea",
        "NAME": "South Korea",
        "classSun": "5",
        "class1": "HM"
      }
    },
    {
      "type": "Feature",
      "geometry": {
        "type": "Point",
        "coordinates": [126.8105, 37.5886]
      },
      "properties": {
        "label": "273",
        "pub_Time": "2016",
        "class4": "5",
        "LOC": "Deokjeok-ri Creek, northeastern region, Korea",
        "NAME": "South Korea",
        "classSun": "5",
        "class1": "HM"
      }
    },
    {
      "type": "Feature",
      "geometry": {
        "type": "Point",
        "coordinates": [128.0167, 37.3667]
      },
      "properties": {
        "label": "934",
        "pub_Time": "2017",
        "class4": "5",
        "LOC": "Pyeong - Chang area, Korea",
        "NAME": "South Korea",
        "classSun": "6",
        "class1": "HM"
      }
    },
    {
      "type": "Feature",
      "geometry": {
        "type": "Point",
        "coordinates": [126.9667, 37.55]
      },
      "properties": {
        "label": "1238",
        "pub_Time": "2017",
        "class4": "3",
        "LOC": "Umyeonsan, Umyeonsan region, Seoul, Korea",
        "NAME": "South Korea",
        "classSun": "3",
        "class1": "MM"
      }
    },
    {
      "type": "Feature",
      "geometry": {
        "type": "Point",
        "coordinates": [129.3114, 35.5384]
      },
      "properties": {
        "label": "1236",
        "pub_Time": "2002",
        "class4": "2",
        "LOC": "Ulsan, Korea",
        "NAME": "South Korea",
        "classSun": "2",
        "class1": "MS"
      }
    },
    {
      "type": "Feature",
      "geometry": {
        "type": "Point",
        "coordinates": [127.0, 37.24]
      },
      "properties": {
        "label": "1366",
        "pub_Time": "2017",
        "class4": "5",
        "LOC": "Yongin area, Korea",
        "NAME": "South Korea",
        "classSun": "6",
        "class1": "HM"
      }
    },
    {
      "type": "Feature",
      "geometry": {
        "type": "Point",
        "coordinates": [127.0, 37.24]
      },
      "properties": {
        "label": "1370",
        "pub_Time": "2001",
        "class4": "5",
        "LOC": "Yongin, Yongin area, Korea",
        "NAME": "South Korea",
        "classSun": "5",
        "class1": "HM"
      }
    },
    {
      "type": "Feature",
      "geometry": {
        "type": "Point",
        "coordinates": [127.0, 37.24]
      },
      "properties": {
        "label": "1383",
        "pub_Time": "2007",
        "class4": "5",
        "LOC": "Youngin, Korea",
        "NAME": "South Korea",
        "classSun": "5",
        "class1": "HM"
      }
    },
    {
      "type": "Feature",
      "geometry": {
        "type": "Point",
        "coordinates": [127.7669, 35.9078]
      },
      "properties": {
        "label": "588",
        "pub_Time": "2007",
        "class4": "4",
        "LOC": "Korean",
        "NAME": "South Korea",
        "classSun": "4",
        "class1": "ML"
      }
    },
    {
      "type": "Feature",
      "geometry": {
        "type": "Point",
        "coordinates": [101.6869, 3.139]
      },
      "properties": {
        "label": "590",
        "pub_Time": "2012",
        "class4": "5",
        "LOC": "Kuala Lumpur city",
        "NAME": "Malaysia",
        "classSun": "5",
        "class1": "HM"
      }
    },
    {
      "type": "Feature",
      "geometry": {
        "type": "Point",
        "coordinates": [85.3162, 27.5667]
      },
      "properties": {
        "label": "592",
        "pub_Time": "2023",
        "class4": "5",
        "LOC": "Kulekhani River Basin in Central Nepal",
        "NAME": "Nepal",
        "classSun": "5",
        "class1": "HM"
      }
    },
    {
      "type": "Feature",
      "geometry": {
        "type": "Point",
        "coordinates": [130.6934, 32.7992]
      },
      "properties": {
        "label": "595",
        "pub_Time": "2012",
        "class4": "5",
        "LOC": "Kumamoto",
        "NAME": "Japan",
        "classSun": "5",
        "class1": "HM"
      }
    },
    {
      "type": "Feature",
      "geometry": {
        "type": "Point",
        "coordinates": [135.6667, 33.68]
      },
      "properties": {
        "label": "597",
        "pub_Time": "2017",
        "LOC": "Kumano River in the Kii Mountains of Japan",
        "NAME": "Japan"
      }
    },
    {
      "type": "Feature",
      "geometry": {
        "type": "Point",
        "coordinates": [45.83, 36.5]
      },
      "properties": {
        "label": "599",
        "pub_Time": "2023",
        "class4": "4",
        "LOC": "Kurdistan province in Iran",
        "NAME": "Iran",
        "classSun": "4",
        "class1": "ML"
      }
    },
    {
      "type": "Feature",
      "geometry": {
        "type": "Point",
        "coordinates": [75.0, 41.5]
      },
      "properties": {
        "label": "146",
        "pub_Time": "2021",
        "class4": "3",
        "LOC": "Main Mailuu - Suu catchment, Mailuu - Suu catchment, Central Asia, Kyrgyzstan",
        "NAME": "Kyrgyzstan",
        "classSun": "3",
        "class1": "MM"
      }
    },
    {
      "type": "Feature",
      "geometry": {
        "type": "Point",
        "coordinates": [75.0, 41.0]
      },
      "properties": {
        "label": "602",
        "pub_Time": "2005",
        "LOC": "Upper Maili Suu river basin, foothills of the high mountain ranges along the Eastern rim of the Fergana Basin, Kyrgyzstan",
        "NAME": "Kyrgyzstan"
      }
    },
    {
      "type": "Feature",
      "geometry": {
        "type": "Point",
        "coordinates": [75.0, 41.0]
      },
      "properties": {
        "label": "1099",
        "pub_Time": "2021",
        "class4": "3",
        "LOC": "SJP, Southern Jingyang Plateau, Kyrgyzstan",
        "NAME": "Kyrgyzstan",
        "classSun": "3",
        "class1": "MM"
      }
    },
    {
      "type": "Feature",
      "geometry": {
        "type": "Point",
        "coordinates": [75.0, 41.0]
      },
      "properties": {
        "label": "1101",
        "pub_Time": "2017",
        "LOC": "Southern Kyrgyzstan, Kyrgyzstan",
        "NAME": "Kyrgyzstan"
      }
    },
    {
      "type": "Feature",
      "geometry": {
        "type": "Point",
        "coordinates": [18.8294, 49.3]
      },
      "properties": {
        "label": "604",
        "pub_Time": "2020",
        "class4": "5",
        "LOC": "Kysucke Nove Mesto in Slovakia",
        "NAME": "Slovakia",
        "classSun": "5",
        "class1": "HM"
      }
    },
    {
      "type": "Feature",
      "geometry": {
        "type": "Point",
        "coordinates": [-99.7211, 19.145]
      },
      "properties": {
        "label": "605",
        "pub_Time": "2022",
        "class4": "5",
        "LOC": "La Cienega watershed on the eastern flank of the volcano Nevado de Toluca",
        "NAME": "Mexico",
        "classSun": "5",
        "class1": "HM"
      }
    },
    {
      "type": "Feature",
      "geometry": {
        "type": "Point",
        "coordinates": [6.0, 46.0]
      },
      "properties": {
        "label": "606",
        "pub_Time": "2005",
        "class4": "3",
        "LOC": "La Frasse",
        "NAME": "France",
        "classSun": "3",
        "class1": "MM"
      }
    },
    {
      "type": "Feature",
      "geometry": {
        "type": "Point",
        "coordinates": [88.7461, 27.4287]
      },
      "properties": {
        "label": "609",
        "pub_Time": "2022",
        "class4": "5",
        "LOC": "Lachung River Basin",
        "NAME": "India",
        "classSun": "5",
        "class1": "HM"
      }
    },
    {
      "type": "Feature",
      "geometry": {
        "type": "Point",
        "coordinates": [103.0, 22.5]
      },
      "properties": {
        "label": "610",
        "pub_Time": "2005",
        "class4": "2",
        "LOC": "Lai Chau province of Vietnam",
        "NAME": "China",
        "classSun": "2",
        "class1": "MS"
      }
    },
    {
      "type": "Feature",
      "geometry": {
        "type": "Point",
        "coordinates": [-91.261, 14.685]
      },
      "properties": {
        "label": "613",
        "pub_Time": "2017",
        "class4": "2",
        "LOC": "Lake Atitlan watershed in Guatemala",
        "NAME": "Guatemala",
        "classSun": "2",
        "class1": "MS"
      }
    },
    {
      "type": "Feature",
      "geometry": {
        "type": "Point",
        "coordinates": [99.5765, 22.547]
      },
      "properties": {
        "label": "614",
        "pub_Time": "2011",
        "LOC": "Lancang River",
        "NAME": "China"
      }
    },
    {
      "type": "Feature",
      "geometry": {
        "type": "Point",
        "coordinates": [101.5, 3.0]
      },
      "properties": {
        "label": "620",
        "pub_Time": "2023",
        "class4": "4",
        "LOC": "Langat River Basin",
        "NAME": "Malaysia",
        "classSun": "4",
        "class1": "ML"
      }
    },
    {
      "type": "Feature",
      "geometry": {
        "type": "Point",
        "coordinates": [101.5, 3.0]
      },
      "properties": {
        "label": "621",
        "pub_Time": "2023",
        "class4": "4",
        "LOC": "Langat River Basin",
        "NAME": "Malaysia",
        "classSun": "4",
        "class1": "ML"
      }
    },
    {
      "type": "Feature",
      "geometry": {
        "type": "Point",
        "coordinates": [51.389, 35.6892]
      },
      "properties": {
        "label": "630",
        "pub_Time": "2017",
        "class4": "1",
        "LOC": "Lashgarak region of Tehran",
        "NAME": "Iran",
        "classSun": "1",
        "class1": "EE"
      }
    },
    {
      "type": "Feature",
      "geometry": {
        "type": "Point",
        "coordinates": [78.8824, 30.3311]
      },
      "properties": {
        "label": "633",
        "pub_Time": "2024",
        "class4": "2",
        "LOC": "lesser Himalayan region",
        "NAME": "India",
        "classSun": "2",
        "class1": "MS"
      }
    },
    {
      "type": "Feature",
      "geometry": {
        "type": "Point",
        "coordinates": [77.5, 30.5]
      },
      "properties": {
        "label": "635",
        "pub_Time": "2021",
        "class4": "5",
        "LOC": "mountainous communities in India 's Lesser Himalayas, Kalsi - Chakrata road corridor of Uttarakhand, Lesser Himalayas",
        "NAME": "India",
        "classSun": "5",
        "class1": "HM"
      }
    },
    {
      "type": "Feature",
      "geometry": {
        "type": "Point",
        "coordinates": [109.85, 35.4]
      },
      "properties": {
        "label": "644",
        "pub_Time": "2021",
        "class4": "5",
        "LOC": "Linyou County",
        "NAME": "China",
        "classSun": "5",
        "class1": "HM"
      }
    },
    {
      "type": "Feature",
      "geometry": {
        "type": "Point",
        "coordinates": [88.25, 27.0]
      },
      "properties": {
        "label": "645",
        "pub_Time": "2017",
        "class4": "2",
        "LOC": "Lish river basin of Eastern Darjeeling Himalaya",
        "NAME": "India",
        "classSun": "2",
        "class1": "MS"
      }
    },
    {
      "type": "Feature",
      "geometry": {
        "type": "Point",
        "coordinates": [105.7645, 32.0165]
      },
      "properties": {
        "label": "647",
        "pub_Time": "2022",
        "class4": "5",
        "LOC": "Lixian - Luojiabu fault zone in Gansu province in China",
        "NAME": "China",
        "classSun": "5",
        "class1": "HM"
      }
    },
    {
      "type": "Feature",
      "geometry": {
        "type": "Point",
        "coordinates": [111.1, 37.5]
      },
      "properties": {
        "label": "649",
        "pub_Time": "2023",
        "class4": "5",
        "LOC": "loess area Lvliang",
        "NAME": "China",
        "classSun": "5",
        "class1": "HM"
      }
    },
    {
      "type": "Feature",
      "geometry": {
        "type": "Point",
        "coordinates": [109.5, 37.0]
      },
      "properties": {
        "label": "655",
        "pub_Time": "2022",
        "class4": "5",
        "LOC": "Dongzhiyuan, loess tableland area, Loess Plateau",
        "NAME": "China",
        "classSun": "5",
        "class1": "HM"
      }
    },
    {
      "type": "Feature",
      "geometry": {
        "type": "Point",
        "coordinates": [109.6, 37.1]
      },
      "properties": {
        "label": "654",
        "pub_Time": "2022",
        "class4": "5",
        "LOC": "Yangou small watershed, Loess Plateau",
        "NAME": "China",
        "classSun": "5",
        "class1": "HM"
      }
    },
    {
      "type": "Feature",
      "geometry": {
        "type": "Point",
        "coordinates": [109.0, 36.0]
      },
      "properties": {
        "label": "652",
        "pub_Time": "2020",
        "class4": "5",
        "LOC": "Loess Plateau in North - Central China",
        "NAME": "China",
        "classSun": "6",
        "class1": "HM"
      }
    },
    {
      "type": "Feature",
      "geometry": {
        "type": "Point",
        "coordinates": [106.9, 34.9]
      },
      "properties": {
        "label": "658",
        "pub_Time": "2017",
        "class4": "5",
        "LOC": "Long County",
        "NAME": "China",
        "classSun": "5",
        "class1": "HM"
      }
    },
    {
      "type": "Feature",
      "geometry": {
        "type": "Point",
        "coordinates": [111.3, 30.7]
      },
      "properties": {
        "label": "661",
        "pub_Time": "2018",
        "class4": "5",
        "LOC": "Longju in the Three Gorges Reservoir area in China",
        "NAME": "China",
        "classSun": "5",
        "class1": "HM"
      }
    },
    {
      "type": "Feature",
      "geometry": {
        "type": "Point",
        "coordinates": [112.4, 34.6]
      },
      "properties": {
        "label": "662",
        "pub_Time": "2023",
        "class4": "5",
        "LOC": "Longmen Mountain area, Longmen Mountain region",
        "NAME": "China",
        "classSun": "5",
        "class1": "HM"
      }
    },
    {
      "type": "Feature",
      "geometry": {
        "type": "Point",
        "coordinates": [105.0, 34.0]
      },
      "properties": {
        "label": "1408",
        "pub_Time": "2023",
        "class4": "3",
        "LOC": "ZJB, Zhoujiaba, Longnan City",
        "NAME": "China",
        "classSun": "3",
        "class1": "MM"
      }
    },
    {
      "type": "Feature",
      "geometry": {
        "type": "Point",
        "coordinates": [1.7, 37.7]
      },
      "properties": {
        "label": "665",
        "pub_Time": "2023",
        "class4": "4",
        "LOC": "Lorca",
        "NAME": "Spain",
        "classSun": "4",
        "class1": "ML"
      }
    },
    {
      "type": "Feature",
      "geometry": {
        "type": "Point",
        "coordinates": [16.3, 48.2]
      },
      "properties": {
        "label": "337",
        "pub_Time": "2011",
        "class4": "2",
        "LOC": "Flysch areas including the Penninic Klippen in the Vienna Forest, Lower",
        "NAME": "Austria",
        "classSun": "2",
        "class1": "MS"
      }
    },
    {
      "type": "Feature",
      "geometry": {
        "type": "Point",
        "coordinates": [105.0, 15.0]
      },
      "properties": {
        "label": "668",
        "pub_Time": "2022",
        "class4": "5",
        "LOC": "Lower Mekong River Basin in Southeast Asia",
        "NAME": "Thailand",
        "classSun": "5",
        "class1": "HM"
      }
    },
    {
      "type": "Feature",
      "geometry": {
        "type": "Point",
        "coordinates": [103.4, 27.1]
      },
      "properties": {
        "label": "674",
        "pub_Time": "2019",
        "class4": "4",
        "LOC": "Ludian districts",
        "NAME": "China",
        "classSun": "4",
        "class1": "ML"
      }
    },
    {
      "type": "Feature",
      "geometry": {
        "type": "Point",
        "coordinates": [92.7, 22.9]
      },
      "properties": {
        "label": "677",
        "pub_Time": "2023",
        "class4": "2",
        "LOC": "Lunglei district of Mizoram",
        "NAME": "India",
        "classSun": "2",
        "class1": "MS"
      }
    },
    {
      "type": "Feature",
      "geometry": {
        "type": "Point",
        "coordinates": [115.0, 29.5]
      },
      "properties": {
        "label": "682",
        "pub_Time": "2023",
        "class4": "5",
        "LOC": "Lushan earthquake disaster area, Lushan County",
        "NAME": "China",
        "classSun": "5",
        "class1": "HM"
      }
    },
    {
      "type": "Feature",
      "geometry": {
        "type": "Point",
        "coordinates": [112.5, 34.1]
      },
      "properties": {
        "label": "680",
        "pub_Time": "2021",
        "class4": "5",
        "LOC": "Lushan County of China",
        "NAME": "China",
        "classSun": "5",
        "class1": "HM"
      }
    },
    {
      "type": "Feature",
      "geometry": {
        "type": "Point",
        "coordinates": [103.0, 30.0]
      },
      "properties": {
        "label": "681",
        "pub_Time": "2023",
        "class4": "4",
        "LOC": "Lushan County of Sichuan Province in China",
        "NAME": "China",
        "classSun": "4",
        "class1": "ML"
      }
    },
    {
      "type": "Feature",
      "geometry": {
        "type": "Point",
        "coordinates": [119.9667, -3.4]
      },
      "properties": {
        "label": "692",
        "pub_Time": "2023",
        "class4": "1",
        "LOC": "Majene Regency area, Majene Regency",
        "NAME": "Indonesia",
        "classSun": "1",
        "class1": "EE"
      }
    },
    {
      "type": "Feature",
      "geometry": {
        "type": "Point",
        "coordinates": [112.5, -8.0]
      },
      "properties": {
        "label": "695",
        "pub_Time": "2022",
        "class4": "4",
        "LOC": "Malang Regency",
        "NAME": "Indonesia",
        "classSun": "4",
        "class1": "ML"
      }
    },
    {
      "type": "Feature",
      "geometry": {
        "type": "Point",
        "coordinates": [33.0, -10.0]
      },
      "properties": {
        "label": "696",
        "pub_Time": "2005",
        "LOC": "catchment of the Vunguvungu and Banga rivers, Rumphi district of northern Malawi, Malawi",
        "NAME": "Zambia"
      }
    },
    {
      "type": "Feature",
      "geometry": {
        "type": "Point",
        "coordinates": [101.9758, 4.2105]
      },
      "properties": {
        "label": "704",
        "pub_Time": "2010",
        "class4": "1",
        "LOC": "Malaysia",
        "NAME": "Malaysia",
        "classSun": "1",
        "class1": "EE"
      }
    },
    {
      "type": "Feature",
      "geometry": {
        "type": "Point",
        "coordinates": [101.9758, 4.2105]
      },
      "properties": {
        "label": "699",
        "pub_Time": "2012",
        "class4": "5",
        "LOC": "Malaysia",
        "NAME": "Malaysia",
        "classSun": "5",
        "class1": "HM"
      }
    },
    {
      "type": "Feature",
      "geometry": {
        "type": "Point",
        "coordinates": [101.9758, 4.2105]
      },
      "properties": {
        "label": "698",
        "pub_Time": "2019",
        "class4": "5",
        "LOC": "Malaysia",
        "NAME": "Malaysia",
        "classSun": "5",
        "class1": "HM"
      }
    },
    {
      "type": "Feature",
      "geometry": {
        "type": "Point",
        "coordinates": [101.9, 4.2]
      },
      "properties": {
        "label": "697",
        "pub_Time": "2023",
        "class4": "1",
        "LOC": "Malaysia",
        "NAME": "Malaysia",
        "classSun": "1",
        "class1": "EE"
      }
    },
    {
      "type": "Feature",
      "geometry": {
        "type": "Point",
        "coordinates": [101.37, 4.47]
      },
      "properties": {
        "label": "119",
        "pub_Time": "2009",
        "class4": "5",
        "LOC": "Cameron area, Malaysia",
        "NAME": "Malaysia",
        "classSun": "5",
        "class1": "HM"
      }
    },
    {
      "type": "Feature",
      "geometry": {
        "type": "Point",
        "coordinates": [101.37, 4.47]
      },
      "properties": {
        "label": "118",
        "pub_Time": "2012",
        "class4": "4",
        "LOC": "Cameron area, Malaysia",
        "NAME": "Malaysia",
        "classSun": "4",
        "class1": "ML"
      }
    },
    {
      "type": "Feature",
      "geometry": {
        "type": "Point",
        "coordinates": [101.38, 4.48]
      },
      "properties": {
        "label": "120",
        "pub_Time": "2010",
        "class4": "5",
        "LOC": "Cameron catchment area, Malaysia",
        "NAME": "Malaysia",
        "classSun": "5",
        "class1": "HM"
      }
    },
    {
      "type": "Feature",
      "geometry": {
        "type": "Point",
        "coordinates": [101.37, 4.5]
      },
      "properties": {
        "label": "707",
        "pub_Time": "2010",
        "class4": "4",
        "LOC": "Cameron Highland, Malaysia",
        "NAME": "Malaysia",
        "classSun": "4",
        "class1": "ML"
      }
    },
    {
      "type": "Feature",
      "geometry": {
        "type": "Point",
        "coordinates": [101.37, 4.5]
      },
      "properties": {
        "label": "700",
        "pub_Time": "2014",
        "LOC": "Cameron Highland, Malaysia",
        "NAME": "Malaysia"
      }
    },
    {
      "type": "Feature",
      "geometry": {
        "type": "Point",
        "coordinates": [101.37, 4.5]
      },
      "properties": {
        "label": "705",
        "pub_Time": "2022",
        "class4": "5",
        "LOC": "Cameron Highland, Malaysia",
        "NAME": "Malaysia",
        "classSun": "6",
        "class1": "HM"
      }
    },
    {
      "type": "Feature",
      "geometry": {
        "type": "Point",
        "coordinates": [101.37, 4.5]
      },
      "properties": {
        "label": "701",
        "pub_Time": "2011",
        "LOC": "Cameron Highlands, Malaysia",
        "NAME": "Malaysia"
      }
    },
    {
      "type": "Feature",
      "geometry": {
        "type": "Point",
        "coordinates": [101.4, 4.5]
      },
      "properties": {
        "label": "126",
        "pub_Time": "2016",
        "class4": "2",
        "LOC": "Cameron Highlands, Malaysia",
        "NAME": "Malaysia",
        "classSun": "2",
        "class1": "MS"
      }
    },
    {
      "type": "Feature",
      "geometry": {
        "type": "Point",
        "coordinates": [101.4, 4.5]
      },
      "properties": {
        "label": "125",
        "pub_Time": "2020",
        "class4": "5",
        "LOC": "Cameron Highlands, Malaysia",
        "NAME": "Malaysia",
        "classSun": "5",
        "class1": "HM"
      }
    },
    {
      "type": "Feature",
      "geometry": {
        "type": "Point",
        "coordinates": [101.4, 4.5]
      },
      "properties": {
        "label": "124",
        "pub_Time": "2020",
        "class4": "5",
        "LOC": "Cameron Highlands, Malaysia",
        "NAME": "Malaysia",
        "classSun": "6",
        "class1": "HM"
      }
    },
    {
      "type": "Feature",
      "geometry": {
        "type": "Point",
        "coordinates": [101.41, 4.51]
      },
      "properties": {
        "label": "127",
        "pub_Time": "2021",
        "class4": "5",
        "LOC": "Central Cameron Highlands, Cameron Highlands, Malaysia",
        "NAME": "Malaysia",
        "classSun": "6",
        "class1": "HM"
      }
    },
    {
      "type": "Feature",
      "geometry": {
        "type": "Point",
        "coordinates": [101.39, 4.49]
      },
      "properties": {
        "label": "128",
        "pub_Time": "2020",
        "class4": "5",
        "LOC": "Peripheral Cameron Highlands, Cameron Highlands, Malaysia",
        "NAME": "Malaysia",
        "classSun": "5",
        "class1": "HM"
      }
    },
    {
      "type": "Feature",
      "geometry": {
        "type": "Point",
        "coordinates": [101.4, 4.5]
      },
      "properties": {
        "label": "121",
        "pub_Time": "2009",
        "class4": "4",
        "LOC": "Cameron Highlands area, Malaysia",
        "NAME": "Malaysia",
        "classSun": "4",
        "class1": "ML"
      }
    },
    {
      "type": "Feature",
      "geometry": {
        "type": "Point",
        "coordinates": [101.3667, 4.5]
      },
      "properties": {
        "label": "1221",
        "pub_Time": "2010",
        "class4": "2",
        "LOC": "tropical hilly area, Cameron Highlands area, Malaysia",
        "NAME": "Malaysia",
        "classSun": "2",
        "class1": "MS"
      }
    },
    {
      "type": "Feature",
      "geometry": {
        "type": "Point",
        "coordinates": [101.0, 5.5]
      },
      "properties": {
        "label": "702",
        "pub_Time": "2019",
        "LOC": "Jeli - Gerik highway, Malaysia",
        "NAME": "Malaysia"
      }
    },
    {
      "type": "Feature",
      "geometry": {
        "type": "Point",
        "coordinates": [101.6, 3.1]
      },
      "properties": {
        "label": "580",
        "pub_Time": "2010",
        "class4": "5",
        "LOC": "Klang Valley, Malaysia",
        "NAME": "Malaysia",
        "classSun": "5",
        "class1": "HM"
      }
    },
    {
      "type": "Feature",
      "geometry": {
        "type": "Point",
        "coordinates": [101.6, 3.1]
      },
      "properties": {
        "label": "578",
        "pub_Time": "2012",
        "class4": "5",
        "LOC": "Klang valley area, Malaysia",
        "NAME": "Malaysia",
        "classSun": "5",
        "class1": "HM"
      }
    },
    {
      "type": "Feature",
      "geometry": {
        "type": "Point",
        "coordinates": [101.6869, 3.139]
      },
      "properties": {
        "label": "591",
        "pub_Time": "2023",
        "LOC": "Kuala Lumpur, Malaysia",
        "NAME": "Malaysia"
      }
    },
    {
      "type": "Feature",
      "geometry": {
        "type": "Point",
        "coordinates": [101.5, 3.0]
      },
      "properties": {
        "label": "619",
        "pub_Time": "2022",
        "class4": "4",
        "LOC": "north - east of the Langat River Basin, Langat River Basin in Selangor, Malaysia",
        "NAME": "Malaysia",
        "classSun": "4",
        "class1": "ML"
      }
    },
    {
      "type": "Feature",
      "geometry": {
        "type": "Point",
        "coordinates": [101.3781, 4.4706]
      },
      "properties": {
        "label": "913",
        "pub_Time": "2010",
        "class4": "4",
        "LOC": "Cameron, Penang, Malaysia",
        "NAME": "Malaysia",
        "classSun": "4",
        "class1": "ML"
      }
    },
    {
      "type": "Feature",
      "geometry": {
        "type": "Point",
        "coordinates": [100.3333, 5.4167]
      },
      "properties": {
        "label": "909",
        "pub_Time": "2006",
        "class4": "2",
        "LOC": "Penang Island, Malaysia",
        "NAME": "Malaysia",
        "classSun": "2",
        "class1": "MS"
      }
    },
    {
      "type": "Feature",
      "geometry": {
        "type": "Point",
        "coordinates": [100.3333, 5.4167]
      },
      "properties": {
        "label": "908",
        "pub_Time": "2009",
        "class4": "5",
        "LOC": "Penang Island, Malaysia",
        "NAME": "Malaysia",
        "classSun": "5",
        "class1": "HM"
      }
    },
    {
      "type": "Feature",
      "geometry": {
        "type": "Point",
        "coordinates": [100.3288, 5.4141]
      },
      "properties": {
        "label": "707",
        "pub_Time": "2010",
        "class4": "4",
        "LOC": "Penang Island, Malaysia",
        "NAME": "Malaysia",
        "classSun": "4",
        "class1": "ML"
      }
    },
    {
      "type": "Feature",
      "geometry": {
        "type": "Point",
        "coordinates": [100.3333, 5.4167]
      },
      "properties": {
        "label": "912",
        "pub_Time": "2011",
        "class4": "2",
        "LOC": "Penang Island, Malaysia",
        "NAME": "Malaysia",
        "classSun": "2",
        "class1": "MS"
      }
    },
    {
      "type": "Feature",
      "geometry": {
        "type": "Point",
        "coordinates": [100.3333, 5.4167]
      },
      "properties": {
        "label": "911",
        "pub_Time": "2011",
        "class4": "5",
        "LOC": "Penang Island, Malaysia",
        "NAME": "Malaysia",
        "classSun": "5",
        "class1": "HM"
      }
    },
    {
      "type": "Feature",
      "geometry": {
        "type": "Point",
        "coordinates": [100.3288, 5.4141]
      },
      "properties": {
        "label": "706",
        "pub_Time": "2015",
        "class4": "2",
        "LOC": "Penang Island, Malaysia",
        "NAME": "Malaysia",
        "classSun": "2",
        "class1": "MS"
      }
    },
    {
      "type": "Feature",
      "geometry": {
        "type": "Point",
        "coordinates": [100.3333, 5.4167]
      },
      "properties": {
        "label": "907",
        "pub_Time": "2020",
        "class4": "5",
        "LOC": "Penang Island, Malaysia",
        "NAME": "Malaysia",
        "classSun": "5",
        "class1": "HM"
      }
    },
    {
      "type": "Feature",
      "geometry": {
        "type": "Point",
        "coordinates": [100.3288, 5.4141]
      },
      "properties": {
        "label": "705",
        "pub_Time": "2022",
        "class4": "5",
        "LOC": "Penang Island, Malaysia",
        "NAME": "Malaysia",
        "classSun": "6",
        "class1": "HM"
      }
    },
    {
      "type": "Feature",
      "geometry": {
        "type": "Point",
        "coordinates": [100.3333, 5.4167]
      },
      "properties": {
        "label": "906",
        "pub_Time": "2022",
        "class4": "6",
        "LOC": "Penang Island, Malaysia",
        "NAME": "Malaysia",
        "classSun": "6",
        "class1": "HM"
      }
    },
    {
      "type": "Feature",
      "geometry": {
        "type": "Point",
        "coordinates": [100.3288, 5.4141]
      },
      "properties": {
        "label": "708",
        "pub_Time": "2023",
        "class4": "5",
        "LOC": "Penang Island, Malaysia",
        "NAME": "Malaysia",
        "classSun": "5",
        "class1": "HM"
      }
    },
    {
      "type": "Feature",
      "geometry": {
        "type": "Point",
        "coordinates": [100.3333, 5.4167]
      },
      "properties": {
        "label": "910",
        "pub_Time": "2023",
        "class4": "5",
        "LOC": "Penang Island, Malaysia",
        "NAME": "Malaysia",
        "classSun": "6",
        "class1": "HM"
      }
    },
    {
      "type": "Feature",
      "geometry": {
        "type": "Point",
        "coordinates": [100.3, 5.35]
      },
      "properties": {
        "label": "63",
        "pub_Time": "2011",
        "class4": "2",
        "LOC": "Balik Pulau area, Penang Island, Malaysia",
        "NAME": "Malaysia",
        "classSun": "2",
        "class1": "MS"
      }
    },
    {
      "type": "Feature",
      "geometry": {
        "type": "Point",
        "coordinates": [100.3333, 5.4167]
      },
      "properties": {
        "label": "903",
        "pub_Time": "2011",
        "class4": "3",
        "LOC": "Penang hilly areas, Tun - Sardon area of Penang Island, Penang Island, Malaysia",
        "NAME": "Malaysia",
        "classSun": "3",
        "class1": "MM"
      }
    },
    {
      "type": "Feature",
      "geometry": {
        "type": "Point",
        "coordinates": [102.0, 6.1]
      },
      "properties": {
        "label": "568",
        "pub_Time": "2017",
        "class4": "1",
        "LOC": "Kelantan river basin, Kelantan state, Peninsular Malaysia, Malaysia",
        "NAME": "Thailand",
        "classSun": "1",
        "class1": "EE"
      }
    },
    {
      "type": "Feature",
      "geometry": {
        "type": "Point",
        "coordinates": [116.0733, 5.98]
      },
      "properties": {
        "label": "703",
        "pub_Time": "2022",
        "class4": "5",
        "LOC": "Kota Kinabalu, Sabah, Malaysia",
        "NAME": "Malaysia",
        "classSun": "6",
        "class1": "HM"
      }
    },
    {
      "type": "Feature",
      "geometry": {
        "type": "Point",
        "coordinates": [101.5183, 3.0738]
      },
      "properties": {
        "label": "707",
        "pub_Time": "2010",
        "class4": "4",
        "LOC": "Selangor, Malaysia",
        "NAME": "Malaysia",
        "classSun": "4",
        "class1": "ML"
      }
    },
    {
      "type": "Feature",
      "geometry": {
        "type": "Point",
        "coordinates": [101.5183, 3.0738]
      },
      "properties": {
        "label": "913",
        "pub_Time": "2010",
        "class4": "4",
        "LOC": "Selangor, Malaysia",
        "NAME": "Malaysia",
        "classSun": "4",
        "class1": "ML"
      }
    },
    {
      "type": "Feature",
      "geometry": {
        "type": "Point",
        "coordinates": [101.5183, 3.0738]
      },
      "properties": {
        "label": "1007",
        "pub_Time": "2006",
        "class4": "5",
        "LOC": "Selangor area, Malaysia",
        "NAME": "Malaysia",
        "classSun": "5",
        "class1": "HM"
      }
    },
    {
      "type": "Feature",
      "geometry": {
        "type": "Point",
        "coordinates": [101.5183, 3.0738]
      },
      "properties": {
        "label": "1006",
        "pub_Time": "2007",
        "class4": "4",
        "LOC": "Selangor area, Malaysia",
        "NAME": "Malaysia",
        "classSun": "4",
        "class1": "ML"
      }
    },
    {
      "type": "Feature",
      "geometry": {
        "type": "Point",
        "coordinates": [14.25, 36.05]
      },
      "properties": {
        "label": "875",
        "pub_Time": "2015",
        "class4": "1",
        "LOC": "northwestern coast, Malta",
        "NAME": "Malta",
        "classSun": "1",
        "class1": "EE"
      }
    },
    {
      "type": "Feature",
      "geometry": {
        "type": "Point",
        "coordinates": [79.1679, 30.101]
      },
      "properties": {
        "label": "710",
        "pub_Time": "2020",
        "LOC": "Mandakini valley of Uttarakhand Himalayas",
        "NAME": "India"
      }
    },
    {
      "type": "Feature",
      "geometry": {
        "type": "Point",
        "coordinates": [76.925, 31.7038]
      },
      "properties": {
        "label": "711",
        "pub_Time": "2022",
        "class4": "2",
        "LOC": "Mandi district",
        "NAME": "India",
        "classSun": "2",
        "class1": "MS"
      }
    },
    {
      "type": "Feature",
      "geometry": {
        "type": "Point",
        "coordinates": [76.9333, 31.7]
      },
      "properties": {
        "label": "713",
        "pub_Time": "2023",
        "class4": "5",
        "LOC": "Mandi district",
        "NAME": "India",
        "classSun": "5",
        "class1": "HM"
      }
    },
    {
      "type": "Feature",
      "geometry": {
        "type": "Point",
        "coordinates": [93.9, 24.5]
      },
      "properties": {
        "label": "714",
        "pub_Time": "2021",
        "class4": "1",
        "LOC": "Mao to Kangpokpi from AH - 1, AH - 1, South - Asian, AH - 2, Asian Highway - 2, AH - 1, Asian Highway - 1, Manipur",
        "NAME": "India",
        "classSun": "1",
        "class1": "EE"
      }
    },
    {
      "type": "Feature",
      "geometry": {
        "type": "Point",
        "coordinates": [93.8, 24.6]
      },
      "properties": {
        "label": "719",
        "pub_Time": "2023",
        "class4": "5",
        "LOC": "Mao - Maram, Manipur",
        "NAME": "India",
        "classSun": "5",
        "class1": "HM"
      }
    },
    {
      "type": "Feature",
      "geometry": {
        "type": "Point",
        "coordinates": [102.261, 31.4018]
      },
      "properties": {
        "label": "720",
        "pub_Time": "2022",
        "LOC": "Maoxian County",
        "NAME": "China"
      }
    },
    {
      "type": "Feature",
      "geometry": {
        "type": "Point",
        "coordinates": [46.2, 37.4]
      },
      "properties": {
        "label": "722",
        "pub_Time": "2023",
        "class4": "4",
        "LOC": "north and northeast parts of Maragheh County, Maragheh County",
        "NAME": "Iran",
        "classSun": "4",
        "class1": "ML"
      }
    },
    {
      "type": "Feature",
      "geometry": {
        "type": "Point",
        "coordinates": [52.2944, 36.4692]
      },
      "properties": {
        "label": "731",
        "pub_Time": "2019",
        "class4": "6",
        "LOC": "Mazandran Province",
        "NAME": "Iran",
        "classSun": "6",
        "class1": "HM"
      }
    },
    {
      "type": "Feature",
      "geometry": {
        "type": "Point",
        "coordinates": [-75.573, 6.2442]
      },
      "properties": {
        "label": "732",
        "pub_Time": "2022",
        "LOC": "Medellin in Colombia",
        "NAME": "Colombia"
      }
    },
    {
      "type": "Feature",
      "geometry": {
        "type": "Point",
        "coordinates": [9.2167, 44.3]
      },
      "properties": {
        "label": "929",
        "pub_Time": "2021",
        "class4": "1",
        "LOC": "Portofino promontory, Mediterranean area",
        "NAME": "Italy",
        "classSun": "1",
        "class1": "EE"
      }
    },
    {
      "type": "Feature",
      "geometry": {
        "type": "Point",
        "coordinates": [31.0246, 41.1445]
      },
      "properties": {
        "label": "736",
        "pub_Time": "2008",
        "class4": "5",
        "LOC": "Melen Gorge in the Northwestern part of Turkey",
        "NAME": "Turkey",
        "classSun": "5",
        "class1": "HM"
      }
    },
    {
      "type": "Feature",
      "geometry": {
        "type": "Point",
        "coordinates": [-46.6342, -23.5505]
      },
      "properties": {
        "label": "740",
        "pub_Time": "2023",
        "class4": "5",
        "LOC": "metropolitan region of Sao Paulo - Brazil",
        "NAME": "Brazil",
        "classSun": "5",
        "class1": "HM"
      }
    },
    {
      "type": "Feature",
      "geometry": {
        "type": "Point",
        "coordinates": [-99.5, 17.55]
      },
      "properties": {
        "label": "375",
        "pub_Time": "2021",
        "class4": "5",
        "LOC": "Guerrero, Mexico",
        "NAME": "Mexico",
        "classSun": "5",
        "class1": "HM"
      }
    },
    {
      "type": "Feature",
      "geometry": {
        "type": "Point",
        "coordinates": [60.978, 13.909]
      },
      "properties": {
        "label": "141",
        "pub_Time": "2021",
        "class4": "5",
        "LOC": "center and southern region of Guerrero, Guerrero, Mexico",
        "NAME": "Saint Lucia",
        "classSun": "6",
        "class1": "HM"
      }
    },
    {
      "type": "Feature",
      "geometry": {
        "type": "Point",
        "coordinates": [-97.27, 19.0]
      },
      "properties": {
        "label": "743",
        "pub_Time": "2013",
        "class4": "4",
        "LOC": "highest mountain in Mexico, Rio El Estado watershed on the southwestern flank of Pico de Orizaba volcano, Pico de Orizaba, Mexico",
        "NAME": "Mexico",
        "classSun": "4",
        "class1": "ML"
      }
    },
    {
      "type": "Feature",
      "geometry": {
        "type": "Point",
        "coordinates": [-97.8333, 18.92]
      },
      "properties": {
        "label": "889",
        "pub_Time": "2017",
        "class4": "5",
        "LOC": "Pahuatlan, Puebla, Mexico",
        "NAME": "Mexico",
        "classSun": "5",
        "class1": "HM"
      }
    },
    {
      "type": "Feature",
      "geometry": {
        "type": "Point",
        "coordinates": [-98.0, 18.0]
      },
      "properties": {
        "label": "742",
        "pub_Time": "2015",
        "LOC": "Motozintla, Sierra Norte de Puebla, Mexico",
        "NAME": "Mexico"
      }
    },
    {
      "type": "Feature",
      "geometry": {
        "type": "Point",
        "coordinates": [-97.5, 19.5]
      },
      "properties": {
        "label": "1169",
        "pub_Time": "2019",
        "class4": "5",
        "LOC": "Teziutlan municipality, Mexico",
        "NAME": "Mexico",
        "classSun": "5",
        "class1": "HM"
      }
    },
    {
      "type": "Feature",
      "geometry": {
        "type": "Point",
        "coordinates": [103.3923, 31.0031]
      },
      "properties": {
        "label": "1300",
        "pub_Time": "2020",
        "class4": "2",
        "LOC": "Wenchuan County, Miansi town",
        "NAME": "China",
        "classSun": "2",
        "class1": "MS"
      }
    },
    {
      "type": "Feature",
      "geometry": {
        "type": "Point",
        "coordinates": [70.0, 30.0]
      },
      "properties": {
        "label": "186",
        "pub_Time": "2022",
        "class4": "5",
        "LOC": "Pakistan, Middle East",
        "NAME": "Pakistan",
        "classSun": "6",
        "class1": "HM"
      }
    },
    {
      "type": "Feature",
      "geometry": {
        "type": "Point",
        "coordinates": [130.9833, 32.0189]
      },
      "properties": {
        "label": "752",
        "pub_Time": "2005",
        "class4": "5",
        "LOC": "Minamata area, Japan",
        "NAME": "Japan",
        "classSun": "5",
        "class1": "HM"
      }
    },
    {
      "type": "Feature",
      "geometry": {
        "type": "Point",
        "coordinates": [19.0, 42.0]
      },
      "properties": {
        "label": "11",
        "pub_Time": "2021",
        "LOC": "Village Podi, Adriatic Coast, South-Western Part, Montenegro",
        "NAME": "Montenegro"
      }
    },
    {
      "type": "Feature",
      "geometry": {
        "type": "Point",
        "coordinates": [9.7391, 44.1244]
      },
      "properties": {
        "label": "764",
        "pub_Time": "2018",
        "class4": "3",
        "LOC": "Monterosso catchment",
        "NAME": "Italy",
        "classSun": "3",
        "class1": "MM"
      }
    },
    {
      "type": "Feature",
      "geometry": {
        "type": "Point",
        "coordinates": [7.5495, 62.5442]
      },
      "properties": {
        "label": "766",
        "pub_Time": "2010",
        "class4": "5",
        "LOC": "More and Romsdal region of Norway",
        "NAME": "Norway",
        "classSun": "5",
        "class1": "HM"
      }
    },
    {
      "type": "Feature",
      "geometry": {
        "type": "Point",
        "coordinates": [-9.6, 30.4]
      },
      "properties": {
        "label": "13",
        "pub_Time": "2023",
        "class4": "1",
        "LOC": "Agadir Ida-Ou-Tanane Province, Agadir Ida-Ou-Tanane Region, Morocco",
        "NAME": "Morocco",
        "classSun": "1",
        "class1": "EE"
      }
    },
    {
      "type": "Feature",
      "geometry": {
        "type": "Point",
        "coordinates": [-9.23, 32.3]
      },
      "properties": {
        "label": "229",
        "pub_Time": "2023",
        "class4": "5",
        "LOC": "coastal cliffs of Safi, Morocco",
        "NAME": "Morocco",
        "classSun": "5",
        "class1": "HM"
      }
    },
    {
      "type": "Feature",
      "geometry": {
        "type": "Point",
        "coordinates": [-6.3, 31.4]
      },
      "properties": {
        "label": "768",
        "pub_Time": "2023",
        "class4": "5",
        "LOC": "National Road Number 9 in the Tizi N'tichka region, road section connecting Marrakech and Ouarzazate, Tizi N'tichka region in the High Atlas, High Atlas Mountains, Morocco",
        "NAME": "Morocco",
        "classSun": "5",
        "class1": "HM"
      }
    },
    {
      "type": "Feature",
      "geometry": {
        "type": "Point",
        "coordinates": [-5.5, 35.5]
      },
      "properties": {
        "label": "965",
        "pub_Time": "2020",
        "class4": "4",
        "LOC": "Aknoul region in the Rif, Rif area, North of Morocco, Morocco",
        "NAME": "Morocco",
        "classSun": "4",
        "class1": "ML"
      }
    },
    {
      "type": "Feature",
      "geometry": {
        "type": "Point",
        "coordinates": [-5.3, 35.6]
      },
      "properties": {
        "label": "233",
        "pub_Time": "2023",
        "class4": "5",
        "LOC": "Mediterranean coastline between Tetouan - Bou Ahmed, Hinterlands, Northern Morocco, Morocco",
        "NAME": "Morocco",
        "classSun": "5",
        "class1": "HM"
      }
    },
    {
      "type": "Feature",
      "geometry": {
        "type": "Point",
        "coordinates": [-4.95, 34.25]
      },
      "properties": {
        "label": "1158",
        "pub_Time": "2019",
        "class4": "2",
        "LOC": "Taounate city, Northern Morocco, Morocco",
        "NAME": "Morocco",
        "classSun": "2",
        "class1": "MS"
      }
    },
    {
      "type": "Feature",
      "geometry": {
        "type": "Point",
        "coordinates": [-5.0, 35.0]
      },
      "properties": {
        "label": "734",
        "pub_Time": "2019",
        "class4": "4",
        "LOC": "Mediterranean Rif coastal zone of Morocco, Rif mountains, Morocco",
        "NAME": "Morocco",
        "classSun": "4",
        "class1": "ML"
      }
    },
    {
      "type": "Feature",
      "geometry": {
        "type": "Point",
        "coordinates": [-9.23, 32.3]
      },
      "properties": {
        "label": "767",
        "pub_Time": "2017",
        "class4": "5",
        "LOC": "coastal cliffs in the south of Safi, Safi region, Morocco",
        "NAME": "Morocco",
        "classSun": "5",
        "class1": "HM"
      }
    },
    {
      "type": "Feature",
      "geometry": {
        "type": "Point",
        "coordinates": [99.7594, 19.2597]
      },
      "properties": {
        "label": "773",
        "pub_Time": "2021",
        "LOC": "mountainous area in Northern Thailand",
        "NAME": "Thailand"
      }
    },
    {
      "type": "Feature",
      "geometry": {
        "type": "Point",
        "coordinates": [98.7123, 28.2046]
      },
      "properties": {
        "label": "778",
        "pub_Time": "2023",
        "class4": "4",
        "LOC": "mountainous areas of southwest China",
        "NAME": "China",
        "classSun": "4",
        "class1": "ML"
      }
    },
    {
      "type": "Feature",
      "geometry": {
        "type": "Point",
        "coordinates": [121.4915, 23.6768]
      },
      "properties": {
        "label": "779",
        "pub_Time": "2021",
        "class4": "4",
        "LOC": "mountainous areas of Taiwan Island",
        "NAME": "China",
        "classSun": "4",
        "class1": "ML"
      }
    },
    {
      "type": "Feature",
      "geometry": {
        "type": "Point",
        "coordinates": [80.2435, 25.8777]
      },
      "properties": {
        "label": "781",
        "pub_Time": "2023",
        "class4": "5",
        "LOC": "mountainous hilly region",
        "NAME": "India",
        "classSun": "6",
        "class1": "HM"
      }
    },
    {
      "type": "Feature",
      "geometry": {
        "type": "Point",
        "coordinates": [126.9514, 37.4905]
      },
      "properties": {
        "label": "791",
        "pub_Time": "2020",
        "class4": "4",
        "LOC": "Mt. Umyeon in Korea",
        "NAME": "South Korea",
        "classSun": "4",
        "class1": "ML"
      }
    },
    {
      "type": "Feature",
      "geometry": {
        "type": "Point",
        "coordinates": [103.4, 31.2]
      },
      "properties": {
        "label": "797",
        "pub_Time": "2022",
        "class4": "6",
        "LOC": "Muchuan County",
        "NAME": "China",
        "classSun": "6",
        "class1": "HM"
      }
    },
    {
      "type": "Feature",
      "geometry": {
        "type": "Point",
        "coordinates": [102.2843, 22.2976]
      },
      "properties": {
        "label": "798",
        "pub_Time": "2019",
        "class4": "4",
        "LOC": "Muong Lay district of Vietnam",
        "NAME": "Vietnam",
        "classSun": "4",
        "class1": "ML"
      }
    },
    {
      "type": "Feature",
      "geometry": {
        "type": "Point",
        "coordinates": [93.0, 20.8]
      },
      "properties": {
        "label": "783",
        "pub_Time": "2023",
        "class4": "2",
        "LOC": "mountainous region of Hakha City, Hakha City, Myanmar",
        "NAME": "Myanmar",
        "classSun": "2",
        "class1": "MS"
      }
    },
    {
      "type": "Feature",
      "geometry": {
        "type": "Point",
        "coordinates": [104.0, 20.0]
      },
      "properties": {
        "label": "813",
        "pub_Time": "2022",
        "class4": "1",
        "LOC": "national highway 5",
        "NAME": "Laos",
        "classSun": "1",
        "class1": "EE"
      }
    },
    {
      "type": "Feature",
      "geometry": {
        "type": "Point",
        "coordinates": [6.6147, 36.365]
      },
      "properties": {
        "label": "401",
        "pub_Time": "2017",
        "class4": "5",
        "LOC": "highway road section in Constantine region, NE Algeria",
        "NAME": "Algeria",
        "classSun": "5",
        "class1": "HM"
      }
    },
    {
      "type": "Feature",
      "geometry": {
        "type": "Point",
        "coordinates": [83.75, 28.25]
      },
      "properties": {
        "label": "1115",
        "pub_Time": "2012",
        "LOC": "Mardi Khola, Modi Khola valley, southern Annapurna Range of the central Nepalese Himalaya, Annapurna Range, Nepal",
        "NAME": "Nepal"
      }
    },
    {
      "type": "Feature",
      "geometry": {
        "type": "Point",
        "coordinates": [83.8, 28.3]
      },
      "properties": {
        "label": "1115",
        "pub_Time": "2012",
        "LOC": "Modi Khola, Modi Khola valley, southern Annapurna Range of the central Nepalese Himalaya, Annapurna Range, Nepal",
        "NAME": "Nepal"
      }
    },
    {
      "type": "Feature",
      "geometry": {
        "type": "Point",
        "coordinates": [87.3, 27.8]
      },
      "properties": {
        "label": "819",
        "pub_Time": "2018",
        "class4": "5",
        "LOC": "Dolalghat - Kodari section in Araniko Highway, Araniko Highway, Nepal",
        "NAME": "Nepal",
        "classSun": "5",
        "class1": "HM"
      }
    },
    {
      "type": "Feature",
      "geometry": {
        "type": "Point",
        "coordinates": [84.6, 27.6]
      },
      "properties": {
        "label": "820",
        "pub_Time": "2023",
        "class4": "1",
        "LOC": "Benighat - Rorang Rural Municipality, Dhading district, Bagmati province, Nepal",
        "NAME": "Nepal",
        "classSun": "1",
        "class1": "EE"
      }
    },
    {
      "type": "Feature",
      "geometry": {
        "type": "Point",
        "coordinates": [84.0, 28.1]
      },
      "properties": {
        "label": "821",
        "pub_Time": "2018",
        "class4": "5",
        "LOC": "central part of Barpak village, Barpak village, Nepal",
        "NAME": "Nepal",
        "classSun": "5",
        "class1": "HM"
      }
    },
    {
      "type": "Feature",
      "geometry": {
        "type": "Point",
        "coordinates": [82.0, 28.5]
      },
      "properties": {
        "label": "437",
        "pub_Time": "2022",
        "class4": "2",
        "LOC": "Himalayas, Jajarkot district of Nepal, central Himalayan arc, Nepal",
        "NAME": "Nepal",
        "classSun": "2",
        "class1": "MS"
      }
    },
    {
      "type": "Feature",
      "geometry": {
        "type": "Point",
        "coordinates": [84.62, 28.15]
      },
      "properties": {
        "label": "366",
        "pub_Time": "2019",
        "class4": "5",
        "LOC": "Gorkha, central Nepal, Nepal",
        "NAME": "Nepal",
        "classSun": "5",
        "class1": "HM"
      }
    },
    {
      "type": "Feature",
      "geometry": {
        "type": "Point",
        "coordinates": [84.62, 28.15]
      },
      "properties": {
        "label": "367",
        "pub_Time": "2017",
        "class4": "5",
        "LOC": "Gorkha, Sindhupalchowk District, central Nepal Himalayas, Nepal",
        "NAME": "Nepal",
        "classSun": "5",
        "class1": "HM"
      }
    },
    {
      "type": "Feature",
      "geometry": {
        "type": "Point",
        "coordinates": [84.25, 27.7]
      },
      "properties": {
        "label": "116",
        "pub_Time": "2009",
        "class4": "3",
        "LOC": "Dhading, Nepal",
        "NAME": "Nepal",
        "classSun": "3",
        "class1": "MM"
      }
    },
    {
      "type": "Feature",
      "geometry": {
        "type": "Point",
        "coordinates": [84.25, 27.7]
      },
      "properties": {
        "label": "226",
        "pub_Time": "2011",
        "LOC": "Dhading, Nepal",
        "NAME": "Nepal"
      }
    },
    {
      "type": "Feature",
      "geometry": {
        "type": "Point",
        "coordinates": [87.5, 27.5]
      },
      "properties": {
        "label": "818",
        "pub_Time": "2013",
        "class4": "1",
        "LOC": "Ghurmi - Dhad Khola area, Nepal Himalaya, Eastern Nepal, Nepal",
        "NAME": "Nepal",
        "classSun": "1",
        "class1": "EE"
      }
    },
    {
      "type": "Feature",
      "geometry": {
        "type": "Point",
        "coordinates": [84.5, 28.0]
      },
      "properties": {
        "label": "151",
        "pub_Time": "2017",
        "class4": "2",
        "LOC": "Nepal Himalaya central region, Central part, Gorkha District, Nepal",
        "NAME": "Nepal",
        "classSun": "2",
        "class1": "MS"
      }
    },
    {
      "type": "Feature",
      "geometry": {
        "type": "Point",
        "coordinates": [87.2, 27.8]
      },
      "properties": {
        "label": "868",
        "pub_Time": "2022",
        "class4": "2",
        "LOC": "northern stretch of the Arun watershed, Himalayas, Nepal",
        "NAME": "Nepal",
        "classSun": "2",
        "class1": "MS"
      }
    },
    {
      "type": "Feature",
      "geometry": {
        "type": "Point",
        "coordinates": [83.5, 28.5]
      },
      "properties": {
        "label": "184",
        "pub_Time": "2021",
        "class4": "4",
        "LOC": "Himalaya, Kali Gandaki valley, Nepal",
        "NAME": "Nepal",
        "classSun": "4",
        "class1": "ML"
      }
    },
    {
      "type": "Feature",
      "geometry": {
        "type": "Point",
        "coordinates": [81.5, 28.5]
      },
      "properties": {
        "label": "560",
        "pub_Time": "2019",
        "class4": "4",
        "LOC": "Bangesimal and Manma towns, Karnali highway, banks of the Karnali River, lowlands in Mid-Western Nepal, Karnali region, Nepal",
        "NAME": "Nepal",
        "classSun": "4",
        "class1": "ML"
      }
    },
    {
      "type": "Feature",
      "geometry": {
        "type": "Point",
        "coordinates": [84.62, 28.15]
      },
      "properties": {
        "label": "567",
        "pub_Time": "2020",
        "class4": "1",
        "LOC": "Gorkha, Sino - Nepal highways; Nepalese highways, KKH, Kathmandu Kyirong Highway, Nepal",
        "NAME": "Nepal",
        "classSun": "1",
        "class1": "EE"
      }
    },
    {
      "type": "Feature",
      "geometry": {
        "type": "Point",
        "coordinates": [85.3167, 27.7]
      },
      "properties": {
        "label": "882",
        "pub_Time": "2004",
        "class4": "5",
        "LOC": "Okharpauwa, Kathmandu Trishuli Highway, Nepal",
        "NAME": "Nepal",
        "classSun": "5",
        "class1": "HM"
      }
    },
    {
      "type": "Feature",
      "geometry": {
        "type": "Point",
        "coordinates": [87.1667, 26.7333]
      },
      "properties": {
        "label": "891",
        "pub_Time": "2010",
        "class4": "5",
        "LOC": "Panchthar district, Nepal",
        "NAME": "Nepal",
        "classSun": "5",
        "class1": "HM"
      }
    },
    {
      "type": "Feature",
      "geometry": {
        "type": "Point",
        "coordinates": [86.65, 26.85]
      },
      "properties": {
        "label": "140",
        "pub_Time": "2012",
        "class4": "5",
        "LOC": "Charnath, Eastern Siwaliks, Siwaliks Range, Nepal",
        "NAME": "Nepal",
        "classSun": "5",
        "class1": "HM"
      }
    },
    {
      "type": "Feature",
      "geometry": {
        "type": "Point",
        "coordinates": [86.95, 26.7]
      },
      "properties": {
        "label": "140",
        "pub_Time": "2012",
        "class4": "5",
        "LOC": "Jalad, Eastern Siwaliks, Siwaliks Range, Nepal",
        "NAME": "Nepal",
        "classSun": "5",
        "class1": "HM"
      }
    },
    {
      "type": "Feature",
      "geometry": {
        "type": "Point",
        "coordinates": [87.2, 26.9]
      },
      "properties": {
        "label": "140",
        "pub_Time": "2012",
        "class4": "5",
        "LOC": "Siwalik catchments, Eastern Siwaliks, Siwaliks Range, Nepal",
        "NAME": "Nepal",
        "classSun": "5",
        "class1": "HM"
      }
    },
    {
      "type": "Feature",
      "geometry": {
        "type": "Point",
        "coordinates": [83.0, 28.0]
      },
      "properties": {
        "label": "777",
        "pub_Time": "2013",
        "class4": "1",
        "LOC": "mountainous areas of Nepal, Tinau watershed, Nepal",
        "NAME": "Nepal",
        "classSun": "1",
        "class1": "EE"
      }
    },
    {
      "type": "Feature",
      "geometry": {
        "type": "Point",
        "coordinates": [83.0, 28.0]
      },
      "properties": {
        "label": "1067",
        "pub_Time": "2014",
        "class4": "2",
        "LOC": "Siwaliks, Bhalubang - Shiwapur section of Mahendra Highway, Western Nepal, Nepal",
        "NAME": "Nepal",
        "classSun": "2",
        "class1": "MS"
      }
    },
    {
      "type": "Feature",
      "geometry": {
        "type": "Point",
        "coordinates": [81.0, 28.5]
      },
      "properties": {
        "label": "416",
        "pub_Time": "2022",
        "class4": "5",
        "LOC": "Nepal Himalaya region, Dailekh district, Western Nepal, Nepal",
        "NAME": "Nepal",
        "classSun": "5",
        "class1": "HM"
      }
    },
    {
      "type": "Feature",
      "geometry": {
        "type": "Point",
        "coordinates": [80.579, 28.0082]
      },
      "properties": {
        "label": "822",
        "pub_Time": "2022",
        "class4": "5",
        "LOC": "Nepalese area",
        "NAME": "India",
        "classSun": "5",
        "class1": "HM"
      }
    },
    {
      "type": "Feature",
      "geometry": {
        "type": "Point",
        "coordinates": [177.1508, -39.535]
      },
      "properties": {
        "label": "390",
        "pub_Time": "2002",
        "class4": "5",
        "LOC": "Hawke's Bay region, New Zealand",
        "NAME": "New Zealand",
        "classSun": "5",
        "class1": "HM"
      }
    },
    {
      "type": "Feature",
      "geometry": {
        "type": "Point",
        "coordinates": [174.6, -36.9]
      },
      "properties": {
        "label": "855",
        "pub_Time": "2006",
        "class4": "3",
        "LOC": "Waitakere Ranges, northern New Zealand, New Zealand",
        "NAME": "New Zealand",
        "classSun": "3",
        "class1": "MM"
      }
    },
    {
      "type": "Feature",
      "geometry": {
        "type": "Point",
        "coordinates": [170.3708, -43.5866]
      },
      "properties": {
        "label": "824",
        "pub_Time": "2022",
        "LOC": "New Zealand 's South Island",
        "NAME": "New Zealand"
      }
    },
    {
      "type": "Feature",
      "geometry": {
        "type": "Point",
        "coordinates": [6.1, 5.9]
      },
      "properties": {
        "label": "93",
        "pub_Time": "2023",
        "class4": "2",
        "LOC": "Bonga town, Nigeria",
        "NAME": "Nigeria",
        "classSun": "2",
        "class1": "MS"
      }
    },
    {
      "type": "Feature",
      "geometry": {
        "type": "Point",
        "coordinates": [7.5, 6.45]
      },
      "properties": {
        "label": "1233",
        "pub_Time": "2020",
        "class4": "5",
        "LOC": "Udi - Iva Valley region, Enugu state, Nigeria",
        "NAME": "Nigeria",
        "classSun": "5",
        "class1": "HM"
      }
    },
    {
      "type": "Feature",
      "geometry": {
        "type": "Point",
        "coordinates": [7.7, 6.2]
      },
      "properties": {
        "label": "53",
        "pub_Time": "2022",
        "class4": "5",
        "LOC": "Awgu, Southeast Nigeria, Nigeria",
        "NAME": "Nigeria",
        "classSun": "6",
        "class1": "HM"
      }
    },
    {
      "type": "Feature",
      "geometry": {
        "type": "Point",
        "coordinates": [138.9333, 37.9102]
      },
      "properties": {
        "label": "826",
        "pub_Time": "2009",
        "class4": "5",
        "LOC": "Niigata",
        "NAME": "Japan",
        "classSun": "5",
        "class1": "HM"
      }
    },
    {
      "type": "Feature",
      "geometry": {
        "type": "Point",
        "coordinates": [76.6957, 11.3584]
      },
      "properties": {
        "label": "828",
        "pub_Time": "2010",
        "class4": "4",
        "LOC": "Nilgiris district in Tamil Nadu",
        "NAME": "India",
        "classSun": "4",
        "class1": "ML"
      }
    },
    {
      "type": "Feature",
      "geometry": {
        "type": "Point",
        "coordinates": [76.6957, 11.3584]
      },
      "properties": {
        "label": "829",
        "pub_Time": "2022",
        "LOC": "Nilgiris district of Tamilnadu",
        "NAME": "India"
      }
    },
    {
      "type": "Feature",
      "geometry": {
        "type": "Point",
        "coordinates": [103.8343, 36.0611]
      },
      "properties": {
        "label": "628",
        "pub_Time": "2021",
        "class4": "5",
        "LOC": "Lanzhou, Gansu Province, north - west China",
        "NAME": "China",
        "classSun": "5",
        "class1": "HM"
      }
    },
    {
      "type": "Feature",
      "geometry": {
        "type": "Point",
        "coordinates": [-90.2308, 15.7835]
      },
      "properties": {
        "label": "188",
        "pub_Time": "2023",
        "LOC": "Guatemala, North America",
        "NAME": "Guatemala"
      }
    },
    {
      "type": "Feature",
      "geometry": {
        "type": "Point",
        "coordinates": [128.0, 42.0]
      },
      "properties": {
        "label": "866",
        "pub_Time": "2010",
        "class4": "1",
        "LOC": "northern slope of Mt. Changbai, North Korea",
        "NAME": "China",
        "classSun": "1",
        "class1": "EE"
      }
    },
    {
      "type": "Feature",
      "geometry": {
        "type": "Point",
        "coordinates": [88.6165, 27.304]
      },
      "properties": {
        "label": "837",
        "pub_Time": "2023",
        "class4": "5",
        "LOC": "North Sikkim region",
        "NAME": "India",
        "classSun": "6",
        "class1": "HM"
      }
    },
    {
      "type": "Feature",
      "geometry": {
        "type": "Point",
        "coordinates": [99.5, 16.5]
      },
      "properties": {
        "label": "1365",
        "pub_Time": "2015",
        "class4": "2",
        "LOC": "Yom River catchment, Yom River Basin, North Thailand",
        "NAME": "Thailand",
        "classSun": "2",
        "class1": "MS"
      }
    },
    {
      "type": "Feature",
      "geometry": {
        "type": "Point",
        "coordinates": [58.1, 37.0]
      },
      "properties": {
        "label": "839",
        "pub_Time": "2020",
        "class4": "4",
        "LOC": "northeast Iran",
        "NAME": "Iran",
        "classSun": "4",
        "class1": "ML"
      }
    },
    {
      "type": "Feature",
      "geometry": {
        "type": "Point",
        "coordinates": [-71.5, 42.0]
      },
      "properties": {
        "label": "844",
        "pub_Time": "2023",
        "class4": "5",
        "LOC": "Northeastern USA",
        "NAME": "United States of America",
        "classSun": "6",
        "class1": "HM"
      }
    },
    {
      "type": "Feature",
      "geometry": {
        "type": "Point",
        "coordinates": [10.8, 44.0]
      },
      "properties": {
        "label": "847",
        "pub_Time": "2005",
        "class4": "4",
        "LOC": "Northern Apennines",
        "NAME": "Italy",
        "classSun": "4",
        "class1": "ML"
      }
    },
    {
      "type": "Feature",
      "geometry": {
        "type": "Point",
        "coordinates": [10.8, 44.0]
      },
      "properties": {
        "label": "848",
        "pub_Time": "2022",
        "class4": "3",
        "LOC": "Northern Apennines of Italy",
        "NAME": "Italy",
        "classSun": "3",
        "class1": "MM"
      }
    },
    {
      "type": "Feature",
      "geometry": {
        "type": "Point",
        "coordinates": [112.5492, 37.8706]
      },
      "properties": {
        "label": "1150",
        "pub_Time": "2023",
        "class4": "6",
        "LOC": "Taiyuan City, Northern China",
        "NAME": "China",
        "classSun": "6",
        "class1": "HM"
      }
    },
    {
      "type": "Feature",
      "geometry": {
        "type": "Point",
        "coordinates": [53.0, 37.0]
      },
      "properties": {
        "label": "851",
        "pub_Time": "2018",
        "class4": "2",
        "LOC": "northern Iran",
        "NAME": "Iran",
        "classSun": "2",
        "class1": "MS"
      }
    },
    {
      "type": "Feature",
      "geometry": {
        "type": "Point",
        "coordinates": [12.0, 45.0]
      },
      "properties": {
        "label": "853",
        "pub_Time": "2019",
        "LOC": "northern Italian region",
        "NAME": "Italy"
      }
    },
    {
      "type": "Feature",
      "geometry": {
        "type": "Point",
        "coordinates": [12.0, 45.5]
      },
      "properties": {
        "label": "854",
        "pub_Time": "2022",
        "class4": "3",
        "LOC": "northern Italy",
        "NAME": "Italy",
        "classSun": "3",
        "class1": "MM"
      }
    },
    {
      "type": "Feature",
      "geometry": {
        "type": "Point",
        "coordinates": [-2.0, 43.0]
      },
      "properties": {
        "label": "867",
        "pub_Time": "2003",
        "LOC": "northern Spain",
        "NAME": "Spain"
      }
    },
    {
      "type": "Feature",
      "geometry": {
        "type": "Point",
        "coordinates": [98.0, 19.0]
      },
      "properties": {
        "label": "667",
        "pub_Time": "2011",
        "class4": "2",
        "LOC": "lower Mae Chaem watershed, northern Thailand",
        "NAME": "Thailand",
        "classSun": "2",
        "class1": "MS"
      }
    },
    {
      "type": "Feature",
      "geometry": {
        "type": "Point",
        "coordinates": [106.75, 21.8333]
      },
      "properties": {
        "label": "615",
        "pub_Time": "2020",
        "class4": "5",
        "LOC": "Lang Son area, northern Vietnam",
        "NAME": "Vietnam",
        "classSun": "5",
        "class1": "HM"
      }
    },
    {
      "type": "Feature",
      "geometry": {
        "type": "Point",
        "coordinates": [105.7, 21.6]
      },
      "properties": {
        "label": "670",
        "pub_Time": "2019",
        "class4": "6",
        "LOC": "Luc Yen district, Northern Vietnam",
        "NAME": "Vietnam",
        "classSun": "6",
        "class1": "HM"
      }
    },
    {
      "type": "Feature",
      "geometry": {
        "type": "Point",
        "coordinates": [-118.5307, 34.2271]
      },
      "properties": {
        "label": "871",
        "pub_Time": "2014",
        "class4": "4",
        "LOC": "Northridge, Northridge region",
        "NAME": "United States of America",
        "classSun": "4",
        "class1": "ML"
      }
    },
    {
      "type": "Feature",
      "geometry": {
        "type": "Point",
        "coordinates": [98.0, 26.0]
      },
      "properties": {
        "label": "873",
        "pub_Time": "2022",
        "class4": "4",
        "LOC": "northwest mountain areas of Yunnan province of China",
        "NAME": "Myanmar",
        "classSun": "4",
        "class1": "ML"
      }
    },
    {
      "type": "Feature",
      "geometry": {
        "type": "Point",
        "coordinates": [98.0, 26.0]
      },
      "properties": {
        "label": "874",
        "pub_Time": "2019",
        "class4": "5",
        "LOC": "Northwest Tasmania in Australia",
        "NAME": "Myanmar",
        "classSun": "5",
        "class1": "HM"
      }
    },
    {
      "type": "Feature",
      "geometry": {
        "type": "Point",
        "coordinates": [102.5, 38.0]
      },
      "properties": {
        "label": "639",
        "pub_Time": "2009",
        "class4": "1",
        "LOC": "Lianlu Hydropower Station on the Tao River in Gansu province, northwestern China",
        "NAME": "China",
        "classSun": "1",
        "class1": "EE"
      }
    },
    {
      "type": "Feature",
      "geometry": {
        "type": "Point",
        "coordinates": [9.0, 36.5]
      },
      "properties": {
        "label": "878",
        "pub_Time": "2022",
        "class4": "5",
        "LOC": "northwestern Tunisia",
        "NAME": "Tunisia",
        "classSun": "5",
        "class1": "HM"
      }
    },
    {
      "type": "Feature",
      "geometry": {
        "type": "Point",
        "coordinates": [73.47, 34.37]
      },
      "properties": {
        "label": "803",
        "pub_Time": "2018",
        "class4": "2",
        "LOC": "Muzaffarabad, NW Himalayas",
        "NAME": "Pakistan",
        "classSun": "2",
        "class1": "MS"
      }
    },
    {
      "type": "Feature",
      "geometry": {
        "type": "Point",
        "coordinates": [7.5, 44.0]
      },
      "properties": {
        "label": "643",
        "pub_Time": "2021",
        "class4": "3",
        "LOC": "Tanarello stream, Monesi di Mendatica, upper Tanarello stream basin, Ligurian Alps, NW Italy",
        "NAME": "France",
        "classSun": "3",
        "class1": "MM"
      }
    },
    {
      "type": "Feature",
      "geometry": {
        "type": "Point",
        "coordinates": [28.0, 41.0]
      },
      "properties": {
        "label": "881",
        "pub_Time": "2002",
        "class4": "5",
        "LOC": "NW Turkey",
        "NAME": "Turkey",
        "classSun": "5",
        "class1": "HM"
      }
    },
    {
      "type": "Feature",
      "geometry": {
        "type": "Point",
        "coordinates": [-123.0, 44.0]
      },
      "properties": {
        "label": "883",
        "pub_Time": "2017",
        "class4": "3",
        "LOC": "Oregon Coast Range",
        "NAME": "United States of America",
        "classSun": "3",
        "class1": "MM"
      }
    },
    {
      "type": "Feature",
      "geometry": {
        "type": "Point",
        "coordinates": [-121.0, 48.0]
      },
      "properties": {
        "label": "886",
        "pub_Time": "2023",
        "class4": "4",
        "LOC": "Oso region",
        "NAME": "United States of America",
        "classSun": "4",
        "class1": "ML"
      }
    },
    {
      "type": "Feature",
      "geometry": {
        "type": "Point",
        "coordinates": [73.5, 34.0]
      },
      "properties": {
        "label": "421",
        "pub_Time": "2022",
        "class4": "6",
        "LOC": "Himalayan Mountain range, Azad Jammu, Pakistan",
        "NAME": "Pakistan",
        "classSun": "6",
        "class1": "HM"
      }
    },
    {
      "type": "Feature",
      "geometry": {
        "type": "Point",
        "coordinates": [73.47, 34.37]
      },
      "properties": {
        "label": "802",
        "pub_Time": "2022",
        "class4": "1",
        "LOC": "Muzaffarabad District, Azad Jammu and Kashmir region, Pakistan",
        "NAME": "Pakistan",
        "classSun": "1",
        "class1": "EE"
      }
    },
    {
      "type": "Feature",
      "geometry": {
        "type": "Point",
        "coordinates": [73.47, 34.37]
      },
      "properties": {
        "label": "54",
        "pub_Time": "2022",
        "class4": "1",
        "LOC": "northwestern part of Muzaffarabad, Muzaffarabad, Azad Kashmir, Pakistan",
        "NAME": "Pakistan",
        "classSun": "1",
        "class1": "EE"
      }
    },
    {
      "type": "Feature",
      "geometry": {
        "type": "Point",
        "coordinates": [73.0, 34.5]
      },
      "properties": {
        "label": "555",
        "pub_Time": "2020",
        "class4": "5",
        "LOC": "Dubair, Karakoram Highway (KKH), China - Pakistan Economic Corridor, Pakistan",
        "NAME": "Pakistan",
        "classSun": "5",
        "class1": "HM"
      }
    },
    {
      "type": "Feature",
      "geometry": {
        "type": "Point",
        "coordinates": [73.1, 34.6]
      },
      "properties": {
        "label": "555",
        "pub_Time": "2020",
        "class4": "5",
        "LOC": "Jijal, Karakoram Highway (KKH), China - Pakistan Economic Corridor, Pakistan",
        "NAME": "Pakistan",
        "classSun": "5",
        "class1": "HM"
      }
    },
    {
      "type": "Feature",
      "geometry": {
        "type": "Point",
        "coordinates": [73.2, 34.7]
      },
      "properties": {
        "label": "555",
        "pub_Time": "2020",
        "class4": "5",
        "LOC": "Kohistan regions, Karakoram Highway (KKH), China - Pakistan Economic Corridor, Pakistan",
        "NAME": "Pakistan",
        "classSun": "5",
        "class1": "HM"
      }
    },
    {
      "type": "Feature",
      "geometry": {
        "type": "Point",
        "coordinates": [76.0, 35.0]
      },
      "properties": {
        "label": "982",
        "pub_Time": "2016",
        "class4": "1",
        "LOC": "rugged mountainous terrain of Shigar and Shyok Basins, Karakorum mountainous region, Pakistan",
        "NAME": "Pakistan",
        "classSun": "1",
        "class1": "EE"
      }
    },
    {
      "type": "Feature",
      "geometry": {
        "type": "Point",
        "coordinates": [71.7833, 35.3]
      },
      "properties": {
        "label": "890",
        "pub_Time": "2021",
        "class4": "4",
        "LOC": "Chitral, Kashmir, Pakistan",
        "NAME": "Pakistan",
        "classSun": "4",
        "class1": "ML"
      }
    },
    {
      "type": "Feature",
      "geometry": {
        "type": "Point",
        "coordinates": [74.4521, 35.8825]
      },
      "properties": {
        "label": "890",
        "pub_Time": "2021",
        "class4": "4",
        "LOC": "Gilgit Baltistan, Kashmir, Pakistan",
        "NAME": "Pakistan",
        "classSun": "4",
        "class1": "ML"
      }
    },
    {
      "type": "Feature",
      "geometry": {
        "type": "Point",
        "coordinates": [73.0, 34.0]
      },
      "properties": {
        "label": "890",
        "pub_Time": "2021",
        "class4": "4",
        "LOC": "Hazara, Kashmir, Pakistan",
        "NAME": "Pakistan",
        "classSun": "4",
        "class1": "ML"
      }
    },
    {
      "type": "Feature",
      "geometry": {
        "type": "Point",
        "coordinates": [74.85, 32.7333]
      },
      "properties": {
        "label": "890",
        "pub_Time": "2021",
        "class4": "4",
        "LOC": "Jammu, Kashmir, Pakistan",
        "NAME": "India",
        "classSun": "4",
        "class1": "ML"
      }
    },
    {
      "type": "Feature",
      "geometry": {
        "type": "Point",
        "coordinates": [73.5, 34.5]
      },
      "properties": {
        "label": "565",
        "pub_Time": "2022",
        "class4": "5",
        "LOC": "Neelum Highway, road section of Neelum Highway, Kashmir, Pakistan",
        "NAME": "Pakistan",
        "classSun": "5",
        "class1": "HM"
      }
    },
    {
      "type": "Feature",
      "geometry": {
        "type": "Point",
        "coordinates": [74.0, 35.0]
      },
      "properties": {
        "label": "557",
        "pub_Time": "2023",
        "class4": "5",
        "LOC": "Karakoram Highway (KKH), Karakoram region, north of Pakistan, Pakistan",
        "NAME": "Pakistan",
        "classSun": "5",
        "class1": "HM"
      }
    },
    {
      "type": "Feature",
      "geometry": {
        "type": "Point",
        "coordinates": [73.2215, 34.1688]
      },
      "properties": {
        "label": "7",
        "pub_Time": "2022",
        "class4": "5",
        "LOC": "Abbottabad, Northern Pakistan, Pakistan",
        "NAME": "Pakistan",
        "classSun": "5",
        "class1": "HM"
      }
    },
    {
      "type": "Feature",
      "geometry": {
        "type": "Point",
        "coordinates": [72.25, 35.25]
      },
      "properties": {
        "label": "206",
        "pub_Time": "2022",
        "class4": "5",
        "LOC": "Chitral district, northern Pakistan, Pakistan",
        "NAME": "Pakistan",
        "classSun": "5",
        "class1": "HM"
      }
    },
    {
      "type": "Feature",
      "geometry": {
        "type": "Point",
        "coordinates": [74.5, 35.3]
      },
      "properties": {
        "label": "856",
        "pub_Time": "2021",
        "class4": "5",
        "LOC": "District Ghizer, Northern Pakistan, Pakistan",
        "NAME": "Pakistan",
        "classSun": "5",
        "class1": "HM"
      }
    },
    {
      "type": "Feature",
      "geometry": {
        "type": "Point",
        "coordinates": [74.0, 35.0]
      },
      "properties": {
        "label": "441",
        "pub_Time": "2021",
        "class4": "2",
        "LOC": "Himalayas, Himalayan mountains, Northern Pakistan, Pakistan",
        "NAME": "Pakistan",
        "classSun": "2",
        "class1": "MS"
      }
    },
    {
      "type": "Feature",
      "geometry": {
        "type": "Point",
        "coordinates": [74.6333, 36.3167]
      },
      "properties": {
        "label": "857",
        "pub_Time": "2018",
        "class4": "2",
        "LOC": "Hunza - Nagar valley in northern Pakistan, Hunza - Nagar valley, Northern Pakistan, Pakistan",
        "NAME": "Pakistan",
        "classSun": "2",
        "class1": "MS"
      }
    },
    {
      "type": "Feature",
      "geometry": {
        "type": "Point",
        "coordinates": [74.0, 35.0]
      },
      "properties": {
        "label": "559",
        "pub_Time": "2022",
        "class4": "5",
        "LOC": "Karakorum Highway (KKH), Northern Pakistan, Pakistan",
        "NAME": "Pakistan",
        "classSun": "6",
        "class1": "HM"
      }
    },
    {
      "type": "Feature",
      "geometry": {
        "type": "Point",
        "coordinates": [73.2, 34.3]
      },
      "properties": {
        "label": "858",
        "pub_Time": "2021",
        "class4": "5",
        "LOC": "Mansehra and Muzaffarabad districts, northern Pakistan, Pakistan",
        "NAME": "Pakistan",
        "classSun": "5",
        "class1": "HM"
      }
    },
    {
      "type": "Feature",
      "geometry": {
        "type": "Point",
        "coordinates": [73.2, 34.3]
      },
      "properties": {
        "label": "859",
        "pub_Time": "2022",
        "class4": "4",
        "LOC": "northern Pakistan, Mansehra and Muzaffarabad districts, northern Pakistan, Pakistan",
        "NAME": "Pakistan",
        "classSun": "4",
        "class1": "ML"
      }
    },
    {
      "type": "Feature",
      "geometry": {
        "type": "Point",
        "coordinates": [74.5, 35.0]
      },
      "properties": {
        "label": "429",
        "pub_Time": "2023",
        "class4": "4",
        "LOC": "Himalayan region, District Hattian Bala, NW Himalayas, Pakistan",
        "NAME": "Pakistan",
        "classSun": "4",
        "class1": "ML"
      }
    },
    {
      "type": "Feature",
      "geometry": {
        "type": "Point",
        "coordinates": [73.0, 34.0]
      },
      "properties": {
        "label": "983",
        "pub_Time": "2022",
        "class4": "6",
        "LOC": "rugged terrain of northern Pakistan, Pakistan",
        "NAME": "Pakistan",
        "classSun": "6",
        "class1": "HM"
      }
    },
    {
      "type": "Feature",
      "geometry": {
        "type": "Point",
        "coordinates": [73.0, 34.0]
      },
      "properties": {
        "label": "1128",
        "pub_Time": "2020",
        "class4": "1",
        "LOC": "Guoien Nullah road, Sub-Himalaya ranges, Sub-Himalayan region, Pakistan",
        "NAME": "Pakistan",
        "classSun": "1",
        "class1": "EE"
      }
    },
    {
      "type": "Feature",
      "geometry": {
        "type": "Point",
        "coordinates": [113.5, 22.5]
      },
      "properties": {
        "label": "896",
        "pub_Time": "2019",
        "class4": "5",
        "LOC": "Pearl River, Pearl River Delta area",
        "NAME": "China",
        "classSun": "5",
        "class1": "HM"
      }
    },
    {
      "type": "Feature",
      "geometry": {
        "type": "Point",
        "coordinates": [100.328, 5.4141]
      },
      "properties": {
        "label": "904",
        "pub_Time": "2005",
        "class4": "2",
        "LOC": "Penang in Malaysia",
        "NAME": "Malaysia",
        "classSun": "2",
        "class1": "MS"
      }
    },
    {
      "type": "Feature",
      "geometry": {
        "type": "Point",
        "coordinates": [100.3283, 5.414]
      },
      "properties": {
        "label": "905",
        "pub_Time": "2021",
        "class4": "6",
        "LOC": "Penang Island",
        "NAME": "Malaysia",
        "classSun": "6",
        "class1": "HM"
      }
    },
    {
      "type": "Feature",
      "geometry": {
        "type": "Point",
        "coordinates": [106.7885, 34.4353]
      },
      "properties": {
        "label": "915",
        "pub_Time": "2023",
        "class4": "5",
        "LOC": "Pengyang County",
        "NAME": "China",
        "classSun": "5",
        "class1": "HM"
      }
    },
    {
      "type": "Feature",
      "geometry": {
        "type": "Point",
        "coordinates": [-77.5, -9.5]
      },
      "properties": {
        "label": "1278",
        "pub_Time": "2011",
        "LOC": "Rampac Grande, Ancash, Peru",
        "NAME": "Peru"
      }
    },
    {
      "type": "Feature",
      "geometry": {
        "type": "Point",
        "coordinates": [-77.0, 9.0]
      },
      "properties": {
        "label": "916",
        "pub_Time": "2015",
        "LOC": "Cordillera Blanca, Peru",
        "NAME": "Peru"
      }
    },
    {
      "type": "Feature",
      "geometry": {
        "type": "Point",
        "coordinates": [-77.0, -9.0]
      },
      "properties": {
        "label": "775",
        "pub_Time": "2018",
        "class4": "5",
        "LOC": "mountainous area of the Cordillera Blanca, Cordillera Blanca, Peru",
        "NAME": "Peru",
        "classSun": "5",
        "class1": "HM"
      }
    },
    {
      "type": "Feature",
      "geometry": {
        "type": "Point",
        "coordinates": [-72.545, -13.1631]
      },
      "properties": {
        "label": "688",
        "pub_Time": "2012",
        "LOC": "Machu Picchu, Inca City, Peru",
        "NAME": "Peru"
      }
    },
    {
      "type": "Feature",
      "geometry": {
        "type": "Point",
        "coordinates": [120.5, 16.5]
      },
      "properties": {
        "label": "917",
        "pub_Time": "2021",
        "class4": "3",
        "LOC": "Benguet, Philippines",
        "NAME": "Philippines",
        "classSun": "3",
        "class1": "MM"
      }
    },
    {
      "type": "Feature",
      "geometry": {
        "type": "Point",
        "coordinates": [124.5, 11.0]
      },
      "properties": {
        "label": "116",
        "pub_Time": "2009",
        "class4": "3",
        "LOC": "Leyte, Philippines",
        "NAME": "Philippines",
        "classSun": "3",
        "class1": "MM"
      }
    },
    {
      "type": "Feature",
      "geometry": {
        "type": "Point",
        "coordinates": [124.0, 11.0]
      },
      "properties": {
        "label": "636",
        "pub_Time": "2010",
        "class4": "3",
        "LOC": "Leyte Island, Philippines",
        "NAME": "Philippines",
        "classSun": "3",
        "class1": "MM"
      }
    },
    {
      "type": "Feature",
      "geometry": {
        "type": "Point",
        "coordinates": [120.5833, 16.4]
      },
      "properties": {
        "label": "917",
        "pub_Time": "2021",
        "class4": "3",
        "LOC": "Ucab, Brgy, Itogon, Luzon Island, Philippines",
        "NAME": "Philippines",
        "classSun": "3",
        "class1": "MM"
      }
    },
    {
      "type": "Feature",
      "geometry": {
        "type": "Point",
        "coordinates": [125.4553, 7.1907]
      },
      "properties": {
        "label": "403",
        "pub_Time": "2015",
        "class4": "2",
        "LOC": "southern portion belonging to Davao City and Kitao - tao and Arakan Municipalities, Cagayan de Oro -LRB- CDO -RRB- - Bukidnon - Davao City -LRB- Buda -RRB- highway, Mindanao, Philippines",
        "NAME": "Philippines",
        "classSun": "2",
        "class1": "MS"
      }
    },
    {
      "type": "Feature",
      "geometry": {
        "type": "Point",
        "coordinates": [125.0, 10.5]
      },
      "properties": {
        "label": "377",
        "pub_Time": "2007",
        "class4": "2",
        "LOC": "Leyte segment of the Philippine Fault Zone, Guinsaugon, St. Bernard, Southern Leyte, Philippines",
        "NAME": "Philippines",
        "classSun": "2",
        "class1": "MS"
      }
    },
    {
      "type": "Feature",
      "geometry": {
        "type": "Point",
        "coordinates": [18.0, 53.0]
      },
      "properties": {
        "label": "152",
        "pub_Time": "2023",
        "class4": "5",
        "LOC": "Rutki, Central Radunia Valley, Poland",
        "NAME": "Poland",
        "classSun": "5",
        "class1": "HM"
      }
    },
    {
      "type": "Feature",
      "geometry": {
        "type": "Point",
        "coordinates": [21.5, 49.5]
      },
      "properties": {
        "label": "137",
        "pub_Time": "2021",
        "class4": "2",
        "LOC": "Carpathian region in southern Poland, Polish Carpathians, Poland",
        "NAME": "Poland",
        "classSun": "2",
        "class1": "MS"
      }
    },
    {
      "type": "Feature",
      "geometry": {
        "type": "Point",
        "coordinates": [111.0167, 7.9]
      },
      "properties": {
        "label": "928",
        "pub_Time": "2018",
        "class4": "6",
        "LOC": "Ponorogo, Ponorogo",
        "NAME": "Indonesia",
        "classSun": "6",
        "class1": "HM"
      }
    },
    {
      "type": "Feature",
      "geometry": {
        "type": "Point",
        "coordinates": [111.0, -7.8]
      },
      "properties": {
        "label": "927",
        "pub_Time": "2019",
        "LOC": "Wagirkidul, Bedrug, Singgahan, Bekiring, Munggung, Pulung sub-district, Banaran, Ponorogo, Ponorogo",
        "NAME": "Indonesia"
      }
    },
    {
      "type": "Feature",
      "geometry": {
        "type": "Point",
        "coordinates": [-25.7872, 37.7742]
      },
      "properties": {
        "label": "964",
        "pub_Time": "2019",
        "class4": "2",
        "LOC": "Ribeira Grande, S. Miguel Island, Azores, Portugal",
        "NAME": "Portugal",
        "classSun": "2",
        "class1": "MS"
      }
    },
    {
      "type": "Feature",
      "geometry": {
        "type": "Point",
        "coordinates": [-9.2, 38.8]
      },
      "properties": {
        "label": "39",
        "pub_Time": "2006",
        "LOC": "motorway A9, area north of Lisbon, Lisbon, Portugal",
        "NAME": "Portugal"
      }
    },
    {
      "type": "Feature",
      "geometry": {
        "type": "Point",
        "coordinates": [-9.205, 38.805]
      },
      "properties": {
        "label": "39",
        "pub_Time": "2006",
        "LOC": "motorway A9 - 2, area north of Lisbon, Lisbon, Portugal",
        "NAME": "Portugal"
      }
    },
    {
      "type": "Feature",
      "geometry": {
        "type": "Point",
        "coordinates": [-8.2245, 39.3999]
      },
      "properties": {
        "label": "930",
        "pub_Time": "2022",
        "LOC": "Portuguese areas, Portugal mainland, Portugal",
        "NAME": "Portugal"
      }
    },
    {
      "type": "Feature",
      "geometry": {
        "type": "Point",
        "coordinates": [15.805, 40.64]
      },
      "properties": {
        "label": "931",
        "pub_Time": "2007",
        "class4": "4",
        "LOC": "Potenza",
        "NAME": "Italy",
        "classSun": "4",
        "class1": "ML"
      }
    },
    {
      "type": "Feature",
      "geometry": {
        "type": "Point",
        "coordinates": [128.6463, 37.5796]
      },
      "properties": {
        "label": "936",
        "pub_Time": "2013",
        "class4": "2",
        "LOC": "Pyungchang area of Korea",
        "NAME": "South Korea",
        "classSun": "2",
        "class1": "MS"
      }
    },
    {
      "type": "Feature",
      "geometry": {
        "type": "Point",
        "coordinates": [52.3712, 36.4545]
      },
      "properties": {
        "label": "937",
        "pub_Time": "2016",
        "class4": "5",
        "LOC": "Qaemshahr area in northern Iran",
        "NAME": "Iran",
        "classSun": "5",
        "class1": "HM"
      }
    },
    {
      "type": "Feature",
      "geometry": {
        "type": "Point",
        "coordinates": [50.0033, 36.2045]
      },
      "properties": {
        "label": "938",
        "pub_Time": "2022",
        "class4": "1",
        "LOC": "Qazvin province - N Iran",
        "NAME": "Iran",
        "classSun": "1",
        "class1": "EE"
      }
    },
    {
      "type": "Feature",
      "geometry": {
        "type": "Point",
        "coordinates": [103.767, 35.5928]
      },
      "properties": {
        "label": "941",
        "pub_Time": "2021",
        "class4": "5",
        "LOC": "Qilihe District in Lanzhou City of northwestern China",
        "NAME": "China",
        "classSun": "5",
        "class1": "HM"
      }
    },
    {
      "type": "Feature",
      "geometry": {
        "type": "Point",
        "coordinates": [117.3, 38.0]
      },
      "properties": {
        "label": "253",
        "pub_Time": "2023",
        "class4": "5",
        "LOC": "Daoshi, Linglong towns, Jinnan, Qingliangfeng",
        "NAME": "China",
        "classSun": "6",
        "class1": "HM"
      }
    },
    {
      "type": "Feature",
      "geometry": {
        "type": "Point",
        "coordinates": [106.1823, 34.5995]
      },
      "properties": {
        "label": "948",
        "pub_Time": "2019",
        "class4": "2",
        "LOC": "Qingshui River Basin",
        "NAME": "China",
        "classSun": "2",
        "class1": "MS"
      }
    },
    {
      "type": "Feature",
      "geometry": {
        "type": "Point",
        "coordinates": [108.6192, 21.9745]
      },
      "properties": {
        "label": "950",
        "pub_Time": "2023",
        "class4": "5",
        "LOC": "Qinzhou",
        "NAME": "China",
        "classSun": "5",
        "class1": "HM"
      }
    },
    {
      "type": "Feature",
      "geometry": {
        "type": "Point",
        "coordinates": [91.0, 34.0]
      },
      "properties": {
        "label": "946",
        "pub_Time": "2021",
        "LOC": "Qinghai - Tibet Plateau, QTP",
        "NAME": "China"
      }
    },
    {
      "type": "Feature",
      "geometry": {
        "type": "Point",
        "coordinates": [92.1667, 22.3667]
      },
      "properties": {
        "label": "956",
        "pub_Time": "2020",
        "class4": "5",
        "LOC": "Rangamati district in Bangladesh",
        "NAME": "Bangladesh",
        "classSun": "5",
        "class1": "HM"
      }
    },
    {
      "type": "Feature",
      "geometry": {
        "type": "Point",
        "coordinates": [15.2, 45.1]
      },
      "properties": {
        "label": "962",
        "pub_Time": "2020",
        "class4": "4",
        "LOC": "Republic of Croatia",
        "NAME": "Croatia",
        "classSun": "4",
        "class1": "ML"
      }
    },
    {
      "type": "Feature",
      "geometry": {
        "type": "Point",
        "coordinates": [127.5, 36.3]
      },
      "properties": {
        "label": "91",
        "pub_Time": "2005",
        "class4": "4",
        "LOC": "Boeun, Boeun area, Republic of Korea",
        "NAME": "South Korea",
        "classSun": "4",
        "class1": "ML"
      }
    },
    {
      "type": "Feature",
      "geometry": {
        "type": "Point",
        "coordinates": [128.0, 35.0]
      },
      "properties": {
        "label": "98",
        "pub_Time": "2012",
        "class4": "5",
        "LOC": "Boun, Republic of Korea",
        "NAME": "South Korea",
        "classSun": "5",
        "class1": "HM"
      }
    },
    {
      "type": "Feature",
      "geometry": {
        "type": "Point",
        "coordinates": [128.0, 35.0]
      },
      "properties": {
        "label": "99",
        "pub_Time": "2010",
        "class4": "2",
        "LOC": "Boun, Boun area, Republic of Korea",
        "NAME": "South Korea",
        "classSun": "2",
        "class1": "MS"
      }
    },
    {
      "type": "Feature",
      "geometry": {
        "type": "Point",
        "coordinates": [128.0, 35.0]
      },
      "properties": {
        "label": "97",
        "pub_Time": "2004",
        "class4": "2",
        "LOC": "Boun region, Republic of Korea",
        "NAME": "South Korea",
        "classSun": "2",
        "class1": "MS"
      }
    },
    {
      "type": "Feature",
      "geometry": {
        "type": "Point",
        "coordinates": [127.7167, 37.8667]
      },
      "properties": {
        "label": "221",
        "pub_Time": "2021",
        "class4": "2",
        "LOC": "Chuncheon, Republic of Korea",
        "NAME": "South Korea",
        "classSun": "2",
        "class1": "MS"
      }
    },
    {
      "type": "Feature",
      "geometry": {
        "type": "Point",
        "coordinates": [127.0, 37.3]
      },
      "properties": {
        "label": "91",
        "pub_Time": "2005",
        "class4": "4",
        "LOC": "Yongin area, Republic of Korea",
        "NAME": "South Korea",
        "classSun": "4",
        "class1": "ML"
      }
    },
    {
      "type": "Feature",
      "geometry": {
        "type": "Point",
        "coordinates": [89.4, 26.8]
      },
      "properties": {
        "label": "966",
        "pub_Time": "2021",
        "class4": "5",
        "LOC": "Rinchending Goenpa area",
        "NAME": "India",
        "classSun": "5",
        "class1": "HM"
      }
    },
    {
      "type": "Feature",
      "geometry": {
        "type": "Point",
        "coordinates": [-43.2, -22.9]
      },
      "properties": {
        "label": "967",
        "pub_Time": "2011",
        "class4": "4",
        "LOC": "Rio de Janeiro city",
        "NAME": "Brazil",
        "classSun": "4",
        "class1": "ML"
      }
    },
    {
      "type": "Feature",
      "geometry": {
        "type": "Point",
        "coordinates": [-97.3, 18.5]
      },
      "properties": {
        "label": "969",
        "pub_Time": "2015",
        "class4": "5",
        "LOC": "Rio El Estado watershed on the SW flank of Pico de Orizaba volcano",
        "NAME": "Mexico",
        "classSun": "5",
        "class1": "HM"
      }
    },
    {
      "type": "Feature",
      "geometry": {
        "type": "Point",
        "coordinates": [24.9, 45.9]
      },
      "properties": {
        "label": "973",
        "pub_Time": "2021",
        "class4": "5",
        "LOC": "Romania",
        "NAME": "Romania",
        "classSun": "5",
        "class1": "HM"
      }
    },
    {
      "type": "Feature",
      "geometry": {
        "type": "Point",
        "coordinates": [26.0, 45.0]
      },
      "properties": {
        "label": "1280",
        "pub_Time": "2021",
        "class4": "5",
        "LOC": "Vrancea - Buzau seismogenic region, Carpathian Mountains, Romania",
        "NAME": "Romania",
        "classSun": "5",
        "class1": "HM"
      }
    },
    {
      "type": "Feature",
      "geometry": {
        "type": "Point",
        "coordinates": [26.0333, 44.9333]
      },
      "properties": {
        "label": "932",
        "pub_Time": "2012",
        "LOC": "Prahova River, Curvature Subcarpathians, Romania",
        "NAME": "Romania"
      }
    },
    {
      "type": "Feature",
      "geometry": {
        "type": "Point",
        "coordinates": [26.0, 46.0]
      },
      "properties": {
        "label": "762",
        "pub_Time": "2016",
        "class4": "5",
        "LOC": "Moldavian Plateau, eastern Romania, Romania",
        "NAME": "Romania",
        "classSun": "5",
        "class1": "HM"
      }
    },
    {
      "type": "Feature",
      "geometry": {
        "type": "Point",
        "coordinates": [23.5, 46.0]
      },
      "properties": {
        "label": "975",
        "pub_Time": "2015",
        "class4": "2",
        "LOC": "Niraj catchment area, Romania",
        "NAME": "Romania",
        "classSun": "2",
        "class1": "MS"
      }
    },
    {
      "type": "Feature",
      "geometry": {
        "type": "Point",
        "coordinates": [25.0833, 45.1]
      },
      "properties": {
        "label": "1127",
        "pub_Time": "2013",
        "class4": "3",
        "LOC": "Prahova River, Subcarpathian sector, Romania",
        "NAME": "Romania",
        "classSun": "3",
        "class1": "MM"
      }
    },
    {
      "type": "Feature",
      "geometry": {
        "type": "Point",
        "coordinates": [12.5, 41.9]
      },
      "properties": {
        "label": "976",
        "pub_Time": "2023",
        "LOC": "Rome",
        "NAME": "Italy"
      }
    },
    {
      "type": "Feature",
      "geometry": {
        "type": "Point",
        "coordinates": [88.6, 27.5]
      },
      "properties": {
        "label": "977",
        "pub_Time": "2018",
        "class4": "4",
        "LOC": "Rorachu river basin of eastern Sikkim Himalaya",
        "NAME": "India",
        "classSun": "4",
        "class1": "ML"
      }
    },
    {
      "type": "Feature",
      "geometry": {
        "type": "Point",
        "coordinates": [116.0, 25.9]
      },
      "properties": {
        "label": "984",
        "pub_Time": "2023",
        "class4": "4",
        "LOC": "Ruijin",
        "NAME": "China",
        "classSun": "4",
        "class1": "ML"
      }
    },
    {
      "type": "Feature",
      "geometry": {
        "type": "Point",
        "coordinates": [116.0, 25.9]
      },
      "properties": {
        "label": "985",
        "pub_Time": "2022",
        "class4": "5",
        "LOC": "Ruijin City in China",
        "NAME": "China",
        "classSun": "5",
        "class1": "HM"
      }
    },
    {
      "type": "Feature",
      "geometry": {
        "type": "Point",
        "coordinates": [116.0, 25.9]
      },
      "properties": {
        "label": "987",
        "pub_Time": "2024",
        "class4": "4",
        "LOC": "Ruijin County of China",
        "NAME": "China",
        "classSun": "4",
        "class1": "ML"
      }
    },
    {
      "type": "Feature",
      "geometry": {
        "type": "Point",
        "coordinates": [39.73, 43.6]
      },
      "properties": {
        "label": "782",
        "pub_Time": "2019",
        "class4": "3",
        "LOC": "Olympic ski - jump complex area, mountainous region of Greater Sochi, northern Caucasus, Russia",
        "NAME": "Russia",
        "classSun": "3",
        "class1": "MM"
      }
    },
    {
      "type": "Feature",
      "geometry": {
        "type": "Point",
        "coordinates": [29.8739, -1.9403]
      },
      "properties": {
        "label": "989",
        "pub_Time": "2018",
        "class4": "2",
        "LOC": "Rwanda",
        "NAME": "Rwanda",
        "classSun": "2",
        "class1": "MS"
      }
    },
    {
      "type": "Feature",
      "geometry": {
        "type": "Point",
        "coordinates": [29.8, -1.95]
      },
      "properties": {
        "label": "1248",
        "pub_Time": "2020",
        "class4": "5",
        "LOC": "upper Nyabarongo catchment, Rwanda",
        "NAME": "Rwanda",
        "classSun": "5",
        "class1": "HM"
      }
    },
    {
      "type": "Feature",
      "geometry": {
        "type": "Point",
        "coordinates": [128.5898, 35.0275]
      },
      "properties": {
        "label": "993",
        "pub_Time": "2018",
        "class4": "5",
        "LOC": "Sacheon - myeon area of South Korea",
        "NAME": "South Korea",
        "classSun": "6",
        "class1": "HM"
      }
    },
    {
      "type": "Feature",
      "geometry": {
        "type": "Point",
        "coordinates": [-60.9783, 13.9094]
      },
      "properties": {
        "label": "136",
        "pub_Time": "2023",
        "class4": "3",
        "LOC": "Saint Lucia, Eastern Caribbean",
        "NAME": "Saint Lucia",
        "classSun": "3",
        "class1": "MM"
      }
    },
    {
      "type": "Feature",
      "geometry": {
        "type": "Point",
        "coordinates": [32.637, 41.131]
      },
      "properties": {
        "label": "1002",
        "pub_Time": "2019",
        "class4": "5",
        "LOC": "Satuk village in the Yenice district of the province of Karabuk in the Western Black Sea Region",
        "NAME": "Turkey",
        "classSun": "5",
        "class1": "HM"
      }
    },
    {
      "type": "Feature",
      "geometry": {
        "type": "Point",
        "coordinates": [42.5, 18.2]
      },
      "properties": {
        "label": "33",
        "pub_Time": "2022",
        "class4": "6",
        "LOC": "Aqabat, Saudi Arabia",
        "NAME": "Saudi Arabia",
        "classSun": "6",
        "class1": "HM"
      }
    },
    {
      "type": "Feature",
      "geometry": {
        "type": "Point",
        "coordinates": [42.5, 18.2]
      },
      "properties": {
        "label": "32",
        "pub_Time": "2021",
        "class4": "6",
        "LOC": "Aqabat Al-Sulbat, Asir region, Saudi Arabia",
        "NAME": "Saudi Arabia",
        "classSun": "6",
        "class1": "HM"
      }
    },
    {
      "type": "Feature",
      "geometry": {
        "type": "Point",
        "coordinates": [42.55, 16.9]
      },
      "properties": {
        "label": "769",
        "pub_Time": "2014",
        "class4": "2",
        "LOC": "Mountain areas in the southern western corner of the Kingdom of Saudi Arabia, Al - Hasher area, Jizan, Saudi Arabia",
        "NAME": "Saudi Arabia",
        "classSun": "2",
        "class1": "MS"
      }
    },
    {
      "type": "Feature",
      "geometry": {
        "type": "Point",
        "coordinates": [35.0189, 28.0339]
      },
      "properties": {
        "label": "816",
        "pub_Time": "2021",
        "LOC": "Neom promising area, Neom area, Neom promising city, northwestern Saudi Arabia, Saudi Arabia",
        "NAME": "Saudi Arabia"
      }
    },
    {
      "type": "Feature",
      "geometry": {
        "type": "Point",
        "coordinates": [-0.48, 38.705]
      },
      "properties": {
        "label": "18",
        "pub_Time": "2004",
        "class4": "3",
        "LOC": "Alcoy region, SE Spain",
        "NAME": "Spain",
        "classSun": "3",
        "class1": "MM"
      }
    },
    {
      "type": "Feature",
      "geometry": {
        "type": "Point",
        "coordinates": [-17.4677, 14.7167]
      },
      "properties": {
        "label": "251",
        "pub_Time": "2006",
        "LOC": "SW coast of Dakar, Dakar coastal region, Senegal",
        "NAME": "Senegal"
      }
    },
    {
      "type": "Feature",
      "geometry": {
        "type": "Point",
        "coordinates": [19.7, 44.0]
      },
      "properties": {
        "label": "1271",
        "pub_Time": "2018",
        "class4": "1",
        "LOC": "Valjevo City, Serbia",
        "NAME": "Serbia",
        "classSun": "1",
        "class1": "EE"
      }
    },
    {
      "type": "Feature",
      "geometry": {
        "type": "Point",
        "coordinates": [109.0, 32.68]
      },
      "properties": {
        "label": "1364",
        "pub_Time": "2023",
        "class4": "5",
        "LOC": "Yinghu Lake Basin, Ankang City, Shaanxi Province",
        "NAME": "China",
        "classSun": "5",
        "class1": "HM"
      }
    },
    {
      "type": "Feature",
      "geometry": {
        "type": "Point",
        "coordinates": [108.7, 34.35]
      },
      "properties": {
        "label": "1339",
        "pub_Time": "2021",
        "class4": "5",
        "LOC": "Xianyang City, Shaanxi Province",
        "NAME": "China",
        "classSun": "5",
        "class1": "HM"
      }
    },
    {
      "type": "Feature",
      "geometry": {
        "type": "Point",
        "coordinates": [111.0, 35.0]
      },
      "properties": {
        "label": "1403",
        "pub_Time": "2017",
        "class4": "5",
        "LOC": "Zhen'an County, Shan'xi Province",
        "NAME": "China",
        "classSun": "5",
        "class1": "HM"
      }
    },
    {
      "type": "Feature",
      "geometry": {
        "type": "Point",
        "coordinates": [121.0, 24.3]
      },
      "properties": {
        "label": "1016",
        "pub_Time": "2009",
        "class4": "4",
        "LOC": "Shei - Pa National Park in Taiwan",
        "NAME": "China",
        "classSun": "4",
        "class1": "ML"
      }
    },
    {
      "type": "Feature",
      "geometry": {
        "type": "Point",
        "coordinates": [114.0579, 22.5431]
      },
      "properties": {
        "label": "1020",
        "pub_Time": "2023",
        "class4": "6",
        "LOC": "Shenzhen, Shenzhen, Shenzhen, Shenzhen, Shenzhen",
        "NAME": "China",
        "classSun": "6",
        "class1": "HM"
      }
    },
    {
      "type": "Feature",
      "geometry": {
        "type": "Point",
        "coordinates": [114.0579, 22.5431]
      },
      "properties": {
        "label": "1019",
        "pub_Time": "2011",
        "class4": "5",
        "LOC": "Shenzhen city",
        "NAME": "China",
        "classSun": "5",
        "class1": "HM"
      }
    },
    {
      "type": "Feature",
      "geometry": {
        "type": "Point",
        "coordinates": [116.9774, 27.4336]
      },
      "properties": {
        "label": "1022",
        "pub_Time": "2020",
        "class4": "5",
        "LOC": "Shicheng County in China",
        "NAME": "China",
        "classSun": "5",
        "class1": "HM"
      }
    },
    {
      "type": "Feature",
      "geometry": {
        "type": "Point",
        "coordinates": [115.642, 28.2056]
      },
      "properties": {
        "label": "1024",
        "pub_Time": "2020",
        "class4": "4",
        "LOC": "Shicheng County of Jiangxi Province in China",
        "NAME": "China",
        "classSun": "4",
        "class1": "ML"
      }
    },
    {
      "type": "Feature",
      "geometry": {
        "type": "Point",
        "coordinates": [121.2879, 24.74]
      },
      "properties": {
        "label": "1026",
        "pub_Time": "2022",
        "class4": "6",
        "LOC": "Shihmen watershed",
        "NAME": "China",
        "classSun": "6",
        "class1": "HM"
      }
    },
    {
      "type": "Feature",
      "geometry": {
        "type": "Point",
        "coordinates": [120.1048, 30.8686]
      },
      "properties": {
        "label": "1027",
        "pub_Time": "2023",
        "class4": "3",
        "LOC": "Shiliushubao",
        "NAME": "China",
        "classSun": "3",
        "class1": "MM"
      }
    },
    {
      "type": "Feature",
      "geometry": {
        "type": "Point",
        "coordinates": [88.1, 27.1]
      },
      "properties": {
        "label": "1029",
        "pub_Time": "2014",
        "class4": "5",
        "LOC": "Shiv - khola watershed, Darjeeling Himalaya, Shiv - khola watershed",
        "NAME": "India",
        "classSun": "5",
        "class1": "HM"
      }
    },
    {
      "type": "Feature",
      "geometry": {
        "type": "Point",
        "coordinates": [80.1826, 27.0297]
      },
      "properties": {
        "label": "1031",
        "pub_Time": "2012",
        "class4": "1",
        "LOC": "Shivkhola Watershed",
        "NAME": "India",
        "classSun": "1",
        "class1": "EE"
      }
    },
    {
      "type": "Feature",
      "geometry": {
        "type": "Point",
        "coordinates": [104.0, 30.0]
      },
      "properties": {
        "label": "1032",
        "pub_Time": "2021",
        "class4": "5",
        "LOC": "Shiwangmiao",
        "NAME": "China",
        "classSun": "5",
        "class1": "HM"
      }
    },
    {
      "type": "Feature",
      "geometry": {
        "type": "Point",
        "coordinates": [104.8, 26.5]
      },
      "properties": {
        "label": "1034",
        "pub_Time": "2022",
        "class4": "5",
        "LOC": "Shuicheng County",
        "NAME": "China",
        "classSun": "5",
        "class1": "HM"
      }
    },
    {
      "type": "Feature",
      "geometry": {
        "type": "Point",
        "coordinates": [105.0, 30.7]
      },
      "properties": {
        "label": "1038",
        "pub_Time": "2009",
        "class4": "5",
        "LOC": "Shunxi segment of Zhongwu gas pipeline in Zhong County",
        "NAME": "China",
        "classSun": "5",
        "class1": "HM"
      }
    },
    {
      "type": "Feature",
      "geometry": {
        "type": "Point",
        "coordinates": [92.0, 29.0]
      },
      "properties": {
        "label": "1040",
        "pub_Time": "2022",
        "class4": "5",
        "LOC": "Sichuan - Tibet Highway",
        "NAME": "China",
        "classSun": "5",
        "class1": "HM"
      }
    },
    {
      "type": "Feature",
      "geometry": {
        "type": "Point",
        "coordinates": [14.0, 37.5]
      },
      "properties": {
        "label": "1049",
        "pub_Time": "2020",
        "class4": "5",
        "LOC": "Sicilian region, Sicilian territory",
        "NAME": "Italy",
        "classSun": "5",
        "class1": "HM"
      }
    },
    {
      "type": "Feature",
      "geometry": {
        "type": "Point",
        "coordinates": [88.0, 27.0]
      },
      "properties": {
        "label": "1053",
        "pub_Time": "2022",
        "LOC": "Sikkim",
        "NAME": "Nepal"
      }
    },
    {
      "type": "Feature",
      "geometry": {
        "type": "Point",
        "coordinates": [88.5, 27.5]
      },
      "properties": {
        "label": "418",
        "pub_Time": "2018",
        "class4": "2",
        "LOC": "Himalaya, Sikkim",
        "NAME": "India",
        "classSun": "2",
        "class1": "MS"
      }
    },
    {
      "type": "Feature",
      "geometry": {
        "type": "Point",
        "coordinates": [88.5, 27.8]
      },
      "properties": {
        "label": "433",
        "pub_Time": "2019",
        "class4": "2",
        "LOC": "Himalayan region, Lachung River basin and Teesta River in Sikkim Himalaya, Sikkim Himalaya, Sikkim",
        "NAME": "India",
        "classSun": "2",
        "class1": "MS"
      }
    },
    {
      "type": "Feature",
      "geometry": {
        "type": "Point",
        "coordinates": [88.5, 27.5]
      },
      "properties": {
        "label": "1054",
        "pub_Time": "2008",
        "class4": "2",
        "LOC": "Sikkim Himalaya",
        "NAME": "India",
        "classSun": "2",
        "class1": "MS"
      }
    },
    {
      "type": "Feature",
      "geometry": {
        "type": "Point",
        "coordinates": [88.6, 27.3]
      },
      "properties": {
        "label": "1058",
        "pub_Time": "2008",
        "class4": "2",
        "LOC": "Sikkim State of India",
        "NAME": "India",
        "classSun": "2",
        "class1": "MS"
      }
    },
    {
      "type": "Feature",
      "geometry": {
        "type": "Point",
        "coordinates": [108.2, 27.9]
      },
      "properties": {
        "label": "1061",
        "pub_Time": "2019",
        "class4": "5",
        "LOC": "Sinan County of Guizhou Province in China",
        "NAME": "China",
        "classSun": "5",
        "class1": "HM"
      }
    },
    {
      "type": "Feature",
      "geometry": {
        "type": "Point",
        "coordinates": [35.15, 42.0]
      },
      "properties": {
        "label": "1062",
        "pub_Time": "2020",
        "class4": "5",
        "LOC": "Sinop province of the Black Sea region of Turkey",
        "NAME": "Turkey",
        "classSun": "5",
        "class1": "HM"
      }
    },
    {
      "type": "Feature",
      "geometry": {
        "type": "Point",
        "coordinates": [16.0, 45.5]
      },
      "properties": {
        "label": "1064",
        "pub_Time": "2021",
        "class4": "5",
        "LOC": "Sisak - Moslavina County in Croatia",
        "NAME": "Croatia",
        "classSun": "5",
        "class1": "HM"
      }
    },
    {
      "type": "Feature",
      "geometry": {
        "type": "Point",
        "coordinates": [85.0, 27.5]
      },
      "properties": {
        "label": "1065",
        "pub_Time": "2010",
        "class4": "2",
        "LOC": "Siwalik Hills, Siwalik Hills, Siwalik Hills",
        "NAME": "Nepal",
        "classSun": "2",
        "class1": "MS"
      }
    },
    {
      "type": "Feature",
      "geometry": {
        "type": "Point",
        "coordinates": [80.0, 29.5]
      },
      "properties": {
        "label": "1066",
        "pub_Time": "2021",
        "LOC": "Siwalik zone of Nepal Himalaya",
        "NAME": "India"
      }
    },
    {
      "type": "Feature",
      "geometry": {
        "type": "Point",
        "coordinates": [19.8, 49.2]
      },
      "properties": {
        "label": "603",
        "pub_Time": "2021",
        "class4": "6",
        "LOC": "Kysuca river basin, Slovakia",
        "NAME": "Poland",
        "classSun": "6",
        "class1": "HM"
      }
    },
    {
      "type": "Feature",
      "geometry": {
        "type": "Point",
        "coordinates": [7.4, 36.3]
      },
      "properties": {
        "label": "1073",
        "pub_Time": "2018",
        "class4": "5",
        "LOC": "Souk Ahras region",
        "NAME": "Algeria",
        "classSun": "5",
        "class1": "HM"
      }
    },
    {
      "type": "Feature",
      "geometry": {
        "type": "Point",
        "coordinates": [78.0, 20.0]
      },
      "properties": {
        "label": "1074",
        "pub_Time": "2021",
        "class4": "2",
        "LOC": "south - Asia",
        "NAME": "India",
        "classSun": "2",
        "class1": "MS"
      }
    },
    {
      "type": "Feature",
      "geometry": {
        "type": "Point",
        "coordinates": [3.5, 45.5]
      },
      "properties": {
        "label": "1076",
        "pub_Time": "2014",
        "class4": "5",
        "LOC": "south - eastern French Massif central",
        "NAME": "France",
        "classSun": "5",
        "class1": "HM"
      }
    },
    {
      "type": "Feature",
      "geometry": {
        "type": "Point",
        "coordinates": [31.0, -29.0]
      },
      "properties": {
        "label": "601",
        "pub_Time": "2016",
        "class4": "5",
        "LOC": "KwaZulu-Natal region, South Africa",
        "NAME": "South Africa",
        "classSun": "5",
        "class1": "HM"
      }
    },
    {
      "type": "Feature",
      "geometry": {
        "type": "Point",
        "coordinates": [-55.0, -10.0]
      },
      "properties": {
        "label": "188",
        "pub_Time": "2023",
        "LOC": "Brazil, South America",
        "NAME": "Brazil"
      }
    },
    {
      "type": "Feature",
      "geometry": {
        "type": "Point",
        "coordinates": [70.0, 30.0]
      },
      "properties": {
        "label": "186",
        "pub_Time": "2022",
        "class4": "5",
        "LOC": "Pakistan, South Asia",
        "NAME": "Pakistan",
        "classSun": "6",
        "class1": "HM"
      }
    },
    {
      "type": "Feature",
      "geometry": {
        "type": "Point",
        "coordinates": [77.5, 10.2333]
      },
      "properties": {
        "label": "1168",
        "pub_Time": "2011",
        "class4": "2",
        "LOC": "Tevankarai Ar sub-watershed, Kodaikkanal, South India",
        "NAME": "India",
        "classSun": "2",
        "class1": "MS"
      }
    },
    {
      "type": "Feature",
      "geometry": {
        "type": "Point",
        "coordinates": [126.8105, 37.5886]
      },
      "properties": {
        "label": "274",
        "pub_Time": "2020",
        "class4": "5",
        "LOC": "Deokjeok-ri catchment, South Korea",
        "NAME": "South Korea",
        "classSun": "6",
        "class1": "HM"
      }
    },
    {
      "type": "Feature",
      "geometry": {
        "type": "Point",
        "coordinates": [128.0, 37.75]
      },
      "properties": {
        "label": "584",
        "pub_Time": "2023",
        "LOC": "Gangwon Province, South Korea",
        "NAME": "South Korea"
      }
    },
    {
      "type": "Feature",
      "geometry": {
        "type": "Point",
        "coordinates": [127.4, 37.3]
      },
      "properties": {
        "label": "460",
        "pub_Time": "2020",
        "class4": "5",
        "LOC": "Icheon Township, South Korea",
        "NAME": "South Korea",
        "classSun": "5",
        "class1": "HM"
      }
    },
    {
      "type": "Feature",
      "geometry": {
        "type": "Point",
        "coordinates": [126.5, 33.5]
      },
      "properties": {
        "label": "517",
        "pub_Time": "2012",
        "class4": "5",
        "LOC": "Jeju Island, South Korea",
        "NAME": "South Korea",
        "classSun": "5",
        "class1": "HM"
      }
    },
    {
      "type": "Feature",
      "geometry": {
        "type": "Point",
        "coordinates": [127.5, 35.2]
      },
      "properties": {
        "label": "585",
        "pub_Time": "2021",
        "class4": "3",
        "LOC": "Jirisan National Park, South Korea",
        "NAME": "South Korea",
        "classSun": "3",
        "class1": "MM"
      }
    },
    {
      "type": "Feature",
      "geometry": {
        "type": "Point",
        "coordinates": [129.2, 37.9]
      },
      "properties": {
        "label": "411",
        "pub_Time": "2018",
        "class4": "5",
        "LOC": "hilly region of South Korea, Jumunjin Country in South Korea, South Korea",
        "NAME": "South Korea",
        "classSun": "6",
        "class1": "HM"
      }
    },
    {
      "type": "Feature",
      "geometry": {
        "type": "Point",
        "coordinates": [126.8838, 37.6705]
      },
      "properties": {
        "label": "274",
        "pub_Time": "2020",
        "class4": "5",
        "LOC": "Karisanri catchment, South Korea",
        "NAME": "South Korea",
        "classSun": "6",
        "class1": "HM"
      }
    },
    {
      "type": "Feature",
      "geometry": {
        "type": "Point",
        "coordinates": [127.5, 36.5]
      },
      "properties": {
        "label": "1077",
        "pub_Time": "2003",
        "class4": "2",
        "LOC": "Janghung area, Korea, South Korea",
        "NAME": "South Korea",
        "classSun": "2",
        "class1": "MS"
      }
    },
    {
      "type": "Feature",
      "geometry": {
        "type": "Point",
        "coordinates": [127.0, 35.0]
      },
      "properties": {
        "label": "792",
        "pub_Time": "2017",
        "class4": "5",
        "LOC": "Mt. Umyeon, South Korea",
        "NAME": "South Korea",
        "classSun": "5",
        "class1": "HM"
      }
    },
    {
      "type": "Feature",
      "geometry": {
        "type": "Point",
        "coordinates": [127.0, 35.0]
      },
      "properties": {
        "label": "790",
        "pub_Time": "2020",
        "class4": "5",
        "LOC": "Mt. Umyeon area, South Korea",
        "NAME": "South Korea",
        "classSun": "5",
        "class1": "HM"
      }
    },
    {
      "type": "Feature",
      "geometry": {
        "type": "Point",
        "coordinates": [129.284, 35.9376]
      },
      "properties": {
        "label": "926",
        "pub_Time": "2014",
        "class4": "5",
        "LOC": "Pohang and Gyeongju Cities, South Korea",
        "NAME": "South Korea",
        "classSun": "5",
        "class1": "HM"
      }
    },
    {
      "type": "Feature",
      "geometry": {
        "type": "Point",
        "coordinates": [128.0167, 37.3667]
      },
      "properties": {
        "label": "935",
        "pub_Time": "2022",
        "class4": "5",
        "LOC": "Pyeongchang - gun, South Korea",
        "NAME": "South Korea",
        "classSun": "5",
        "class1": "HM"
      }
    },
    {
      "type": "Feature",
      "geometry": {
        "type": "Point",
        "coordinates": [128.465, 38.1194]
      },
      "properties": {
        "label": "586",
        "pub_Time": "2017",
        "LOC": "Seorak Mountain in Korea, South Korea",
        "NAME": "South Korea"
      }
    },
    {
      "type": "Feature",
      "geometry": {
        "type": "Point",
        "coordinates": [126.978, 37.5665]
      },
      "properties": {
        "label": "587",
        "pub_Time": "2022",
        "class4": "4",
        "LOC": "Seoul metropolitan and southern coastal regions, South Korea",
        "NAME": "South Korea",
        "classSun": "4",
        "class1": "ML"
      }
    },
    {
      "type": "Feature",
      "geometry": {
        "type": "Point",
        "coordinates": [127.0, 35.0]
      },
      "properties": {
        "label": "793",
        "pub_Time": "2017",
        "class4": "2",
        "LOC": "Mt. Umyeon, south of Seoul, South Korea",
        "NAME": "South Korea",
        "classSun": "2",
        "class1": "MS"
      }
    },
    {
      "type": "Feature",
      "geometry": {
        "type": "Point",
        "coordinates": [127.0, 35.0]
      },
      "properties": {
        "label": "1328",
        "pub_Time": "2019",
        "class4": "5",
        "LOC": "Woomyeon Mountain, South Korea",
        "NAME": "South Korea",
        "classSun": "6",
        "class1": "HM"
      }
    },
    {
      "type": "Feature",
      "geometry": {
        "type": "Point",
        "coordinates": [127.0, 35.0]
      },
      "properties": {
        "label": "1329",
        "pub_Time": "2019",
        "class4": "5",
        "LOC": "Woomyeon Mountain, South Korea",
        "NAME": "South Korea",
        "classSun": "6",
        "class1": "HM"
      }
    },
    {
      "type": "Feature",
      "geometry": {
        "type": "Point",
        "coordinates": [128.0, 36.4]
      },
      "properties": {
        "label": "1078",
        "pub_Time": "2020",
        "class4": "2",
        "LOC": "Sangju area, Yangu area, South Korea",
        "NAME": "South Korea",
        "classSun": "2",
        "class1": "MS"
      }
    },
    {
      "type": "Feature",
      "geometry": {
        "type": "Point",
        "coordinates": [128.4333, 38.0667]
      },
      "properties": {
        "label": "1110",
        "pub_Time": "2020",
        "class4": "5",
        "LOC": "Southern Yangyang Province, Yangyang Province, South Korea",
        "NAME": "South Korea",
        "classSun": "5",
        "class1": "HM"
      }
    },
    {
      "type": "Feature",
      "geometry": {
        "type": "Point",
        "coordinates": [127.0, 37.24]
      },
      "properties": {
        "label": "1371",
        "pub_Time": "2016",
        "class4": "5",
        "LOC": "Yongin, South Korea",
        "NAME": "South Korea",
        "classSun": "5",
        "class1": "HM"
      }
    },
    {
      "type": "Feature",
      "geometry": {
        "type": "Point",
        "coordinates": [100.0, 14.0]
      },
      "properties": {
        "label": "1080",
        "pub_Time": "2021",
        "class4": "6",
        "LOC": "SEA, SEA, SEA, Southeast Asia",
        "NAME": "Thailand",
        "classSun": "6",
        "class1": "HM"
      }
    },
    {
      "type": "Feature",
      "geometry": {
        "type": "Point",
        "coordinates": [113.0, 22.0]
      },
      "properties": {
        "label": "1081",
        "pub_Time": "2016",
        "class4": "5",
        "LOC": "southeast China",
        "NAME": "China",
        "classSun": "5",
        "class1": "HM"
      }
    },
    {
      "type": "Feature",
      "geometry": {
        "type": "Point",
        "coordinates": [10.5, 46.5]
      },
      "properties": {
        "label": "1085",
        "pub_Time": "2023",
        "LOC": "southeastern Alpine forelands",
        "NAME": "Italy"
      }
    },
    {
      "type": "Feature",
      "geometry": {
        "type": "Point",
        "coordinates": [119.7, 30.25]
      },
      "properties": {
        "label": "338",
        "pub_Time": "2023",
        "class4": "4",
        "LOC": "forest-covered areas in Lin'an, southeastern China",
        "NAME": "China",
        "classSun": "4",
        "class1": "ML"
      }
    },
    {
      "type": "Feature",
      "geometry": {
        "type": "Point",
        "coordinates": [118.2437, 34.0522]
      },
      "properties": {
        "label": "1091",
        "pub_Time": "2007",
        "class4": "2",
        "LOC": "southern California",
        "NAME": "China",
        "classSun": "2",
        "class1": "MS"
      }
    },
    {
      "type": "Feature",
      "geometry": {
        "type": "Point",
        "coordinates": [-75.0, 1.5]
      },
      "properties": {
        "label": "1092",
        "pub_Time": "2018",
        "class4": "5",
        "LOC": "southern Colombia",
        "NAME": "Colombia",
        "classSun": "5",
        "class1": "HM"
      }
    },
    {
      "type": "Feature",
      "geometry": {
        "type": "Point",
        "coordinates": [15.0, 40.0]
      },
      "properties": {
        "label": "1095",
        "pub_Time": "2008",
        "class4": "5",
        "LOC": "Southern Italy",
        "NAME": "Italy",
        "classSun": "5",
        "class1": "HM"
      }
    },
    {
      "type": "Feature",
      "geometry": {
        "type": "Point",
        "coordinates": [15.0, 40.0]
      },
      "properties": {
        "label": "1094",
        "pub_Time": "2018",
        "LOC": "southern Italy",
        "NAME": "Italy"
      }
    },
    {
      "type": "Feature",
      "geometry": {
        "type": "Point",
        "coordinates": [15.0, 40.0]
      },
      "properties": {
        "label": "1093",
        "pub_Time": "2022",
        "class4": "1",
        "LOC": "Southern Italy",
        "NAME": "Italy",
        "classSun": "1",
        "class1": "EE"
      }
    },
    {
      "type": "Feature",
      "geometry": {
        "type": "Point",
        "coordinates": [73.0, 40.0]
      },
      "properties": {
        "label": "1100",
        "pub_Time": "2016",
        "LOC": "southern Kyrgyzstan",
        "NAME": "Kyrgyzstan"
      }
    },
    {
      "type": "Feature",
      "geometry": {
        "type": "Point",
        "coordinates": [105.0, 34.0]
      },
      "properties": {
        "label": "629",
        "pub_Time": "2020",
        "class4": "4",
        "LOC": "southern Laonong River watershed",
        "NAME": "China",
        "classSun": "4",
        "class1": "ML"
      }
    },
    {
      "type": "Feature",
      "geometry": {
        "type": "Point",
        "coordinates": [55.0, 37.0]
      },
      "properties": {
        "label": "1102",
        "pub_Time": "2012",
        "class4": "5",
        "LOC": "southern part of Golestan province",
        "NAME": "Iran",
        "classSun": "5",
        "class1": "HM"
      }
    },
    {
      "type": "Feature",
      "geometry": {
        "type": "Point",
        "coordinates": [-71.0, -14.0]
      },
      "properties": {
        "label": "1104",
        "pub_Time": "2023",
        "class4": "6",
        "LOC": "southern Peru",
        "NAME": "Peru",
        "classSun": "6",
        "class1": "HM"
      }
    },
    {
      "type": "Feature",
      "geometry": {
        "type": "Point",
        "coordinates": [120.5, 22.8]
      },
      "properties": {
        "label": "1107",
        "pub_Time": "2019",
        "class4": "4",
        "LOC": "southern Taiwan",
        "NAME": "China",
        "classSun": "4",
        "class1": "ML"
      }
    },
    {
      "type": "Feature",
      "geometry": {
        "type": "Point",
        "coordinates": [102.0, 25.0]
      },
      "properties": {
        "label": "1112",
        "pub_Time": "2022",
        "class4": "4",
        "LOC": "southwest China",
        "NAME": "China",
        "classSun": "4",
        "class1": "ML"
      }
    },
    {
      "type": "Feature",
      "geometry": {
        "type": "Point",
        "coordinates": [102.6, 28.6]
      },
      "properties": {
        "label": "638",
        "pub_Time": "2022",
        "class4": "5",
        "LOC": "Liangshan, Southwest China",
        "NAME": "China",
        "classSun": "5",
        "class1": "HM"
      }
    },
    {
      "type": "Feature",
      "geometry": {
        "type": "Point",
        "coordinates": [115.0, 29.5]
      },
      "properties": {
        "label": "684",
        "pub_Time": "2016",
        "class4": "4",
        "LOC": "Lushan, Longmen Mountains, southwest China",
        "NAME": "China",
        "classSun": "4",
        "class1": "ML"
      }
    },
    {
      "type": "Feature",
      "geometry": {
        "type": "Point",
        "coordinates": [98.5, 26.5]
      },
      "properties": {
        "label": "687",
        "pub_Time": "2020",
        "class4": "6",
        "LOC": "Lushui area, Southwest China",
        "NAME": "Myanmar",
        "classSun": "6",
        "class1": "HM"
      }
    },
    {
      "type": "Feature",
      "geometry": {
        "type": "Point",
        "coordinates": [98.5, 26.5]
      },
      "properties": {
        "label": "686",
        "pub_Time": "2022",
        "class4": "5",
        "LOC": "Lushui area, Southwest China",
        "NAME": "Myanmar",
        "classSun": "5",
        "class1": "HM"
      }
    },
    {
      "type": "Feature",
      "geometry": {
        "type": "Point",
        "coordinates": [102.0, 28.0]
      },
      "properties": {
        "label": "1347",
        "pub_Time": "2021",
        "class4": "5",
        "LOC": "XLG, Xulong Gully, southwest China",
        "NAME": "China",
        "classSun": "5",
        "class1": "HM"
      }
    },
    {
      "type": "Feature",
      "geometry": {
        "type": "Point",
        "coordinates": [102.5, 23.3]
      },
      "properties": {
        "label": "1386",
        "pub_Time": "2019",
        "class4": "5",
        "LOC": "Yuanyang County, Southwest China",
        "NAME": "China",
        "classSun": "5",
        "class1": "HM"
      }
    },
    {
      "type": "Feature",
      "geometry": {
        "type": "Point",
        "coordinates": [102.0, 25.0]
      },
      "properties": {
        "label": "1114",
        "pub_Time": "2006",
        "class4": "5",
        "LOC": "southwest of China",
        "NAME": "China",
        "classSun": "5",
        "class1": "HM"
      }
    },
    {
      "type": "Feature",
      "geometry": {
        "type": "Point",
        "coordinates": [103.3333, 32.3333]
      },
      "properties": {
        "label": "944",
        "pub_Time": "2020",
        "class4": "5",
        "LOC": "Qingchuan County, southwestern China",
        "NAME": "China",
        "classSun": "5",
        "class1": "HM"
      }
    },
    {
      "type": "Feature",
      "geometry": {
        "type": "Point",
        "coordinates": [32.5, 34.7]
      },
      "properties": {
        "label": "1119",
        "pub_Time": "2021",
        "class4": "5",
        "LOC": "southwestern region of Cyprus",
        "NAME": "Cyprus",
        "classSun": "5",
        "class1": "HM"
      }
    },
    {
      "type": "Feature",
      "geometry": {
        "type": "Point",
        "coordinates": [-0.5, 38.35]
      },
      "properties": {
        "label": "607",
        "pub_Time": "2018",
        "class4": "2",
        "LOC": "La Marina, Alicante, Spain",
        "NAME": "Spain",
        "classSun": "2",
        "class1": "MS"
      }
    },
    {
      "type": "Feature",
      "geometry": {
        "type": "Point",
        "coordinates": [-4.5, 36.6]
      },
      "properties": {
        "label": "370",
        "pub_Time": "2020",
        "class4": "3",
        "LOC": "Guadalmansa River basin, Benahavis, Malaga, Andalusia, Spain",
        "NAME": "Spain",
        "classSun": "3",
        "class1": "MM"
      }
    },
    {
      "type": "Feature",
      "geometry": {
        "type": "Point",
        "coordinates": [1.5167, 42.1167]
      },
      "properties": {
        "label": "608",
        "pub_Time": "2003",
        "class4": "2",
        "LOC": "La Pobla de Lillet, Eastern Pyreenes, Spain",
        "NAME": "Spain",
        "classSun": "2",
        "class1": "MS"
      }
    },
    {
      "type": "Feature",
      "geometry": {
        "type": "Point",
        "coordinates": [22.5, 38.9]
      },
      "properties": {
        "label": "1121",
        "pub_Time": "2020",
        "class4": "1",
        "LOC": "Sperchios River basin",
        "NAME": "Greece",
        "classSun": "1",
        "class1": "EE"
      }
    },
    {
      "type": "Feature",
      "geometry": {
        "type": "Point",
        "coordinates": [80.5, 7.2]
      },
      "properties": {
        "label": "34",
        "pub_Time": "2022",
        "class4": "5",
        "LOC": "Aranayaka and Kurukudegama, Sri Lanka",
        "NAME": "Sri Lanka",
        "classSun": "5",
        "class1": "HM"
      }
    },
    {
      "type": "Feature",
      "geometry": {
        "type": "Point",
        "coordinates": [81.05, 6.9833]
      },
      "properties": {
        "label": "1122",
        "pub_Time": "2018",
        "class4": "4",
        "LOC": "Badulla District, Sri Lanka",
        "NAME": "Sri Lanka",
        "classSun": "4",
        "class1": "ML"
      }
    },
    {
      "type": "Feature",
      "geometry": {
        "type": "Point",
        "coordinates": [79.96, 6.58]
      },
      "properties": {
        "label": "548",
        "pub_Time": "2020",
        "class4": "5",
        "LOC": "Kalutara district, Sri Lanka",
        "NAME": "Sri Lanka",
        "classSun": "5",
        "class1": "HM"
      }
    },
    {
      "type": "Feature",
      "geometry": {
        "type": "Point",
        "coordinates": [79.9667, 6.5833]
      },
      "properties": {
        "label": "1123",
        "pub_Time": "2021",
        "class4": "4",
        "LOC": "Kalutara district, Kalutara District, Sri Lanka",
        "NAME": "Sri Lanka",
        "classSun": "4",
        "class1": "ML"
      }
    },
    {
      "type": "Feature",
      "geometry": {
        "type": "Point",
        "coordinates": [80.3833, 6.6667]
      },
      "properties": {
        "label": "959",
        "pub_Time": "2019",
        "class4": "4",
        "LOC": "Ratnapura district, Ratnapura District, Sri Lanka",
        "NAME": "Sri Lanka",
        "classSun": "4",
        "class1": "ML"
      }
    },
    {
      "type": "Feature",
      "geometry": {
        "type": "Point",
        "coordinates": [15.5, 47.0]
      },
      "properties": {
        "label": "1125",
        "pub_Time": "2020",
        "class4": "5",
        "LOC": "Styrian Basin in Austria",
        "NAME": "Austria",
        "classSun": "5",
        "class1": "HM"
      }
    },
    {
      "type": "Feature",
      "geometry": {
        "type": "Point",
        "coordinates": [25.5, 45.5]
      },
      "properties": {
        "label": "409",
        "pub_Time": "2011",
        "class4": "2",
        "LOC": "hilly area in the Subcarpathian sector of the Prahova Valley, Subcarpathian",
        "NAME": "Romania",
        "classSun": "2",
        "class1": "MS"
      }
    },
    {
      "type": "Feature",
      "geometry": {
        "type": "Point",
        "coordinates": [75.0, 41.0]
      },
      "properties": {
        "label": "1134",
        "pub_Time": "2000",
        "LOC": "Suusamyr valley, Suusamyr",
        "NAME": "Kyrgyzstan"
      }
    },
    {
      "type": "Feature",
      "geometry": {
        "type": "Point",
        "coordinates": [11.9, 57.7]
      },
      "properties": {
        "label": "1135",
        "pub_Time": "2019",
        "class4": "4",
        "LOC": "southwest Sweden, Sweden",
        "NAME": "Sweden",
        "classSun": "4",
        "class1": "ML"
      }
    },
    {
      "type": "Feature",
      "geometry": {
        "type": "Point",
        "coordinates": [6.8, 46.5]
      },
      "properties": {
        "label": "134",
        "pub_Time": "2013",
        "class4": "5",
        "LOC": "Canton Vaud, Switzerland",
        "NAME": "Switzerland",
        "classSun": "6",
        "class1": "HM"
      }
    },
    {
      "type": "Feature",
      "geometry": {
        "type": "Point",
        "coordinates": [7.8, 47.3]
      },
      "properties": {
        "label": "811",
        "pub_Time": "2014",
        "class4": "3",
        "LOC": "Napf region, northern foothills of the Swiss Alps, Switzerland",
        "NAME": "Switzerland",
        "classSun": "3",
        "class1": "MM"
      }
    },
    {
      "type": "Feature",
      "geometry": {
        "type": "Point",
        "coordinates": [121.0, 23.5]
      },
      "properties": {
        "label": "1142",
        "pub_Time": "2013",
        "class4": "5",
        "LOC": "Taiwan",
        "NAME": "China",
        "classSun": "5",
        "class1": "HM"
      }
    },
    {
      "type": "Feature",
      "geometry": {
        "type": "Point",
        "coordinates": [121.0, 23.5]
      },
      "properties": {
        "label": "1141",
        "pub_Time": "2021",
        "class4": "4",
        "LOC": "Taiwan",
        "NAME": "China",
        "classSun": "4",
        "class1": "ML"
      }
    },
    {
      "type": "Feature",
      "geometry": {
        "type": "Point",
        "coordinates": [121.0, 23.5]
      },
      "properties": {
        "label": "1140",
        "pub_Time": "2022",
        "class4": "2",
        "LOC": "Taiwan",
        "NAME": "China",
        "classSun": "2",
        "class1": "MS"
      }
    },
    {
      "type": "Feature",
      "geometry": {
        "type": "Point",
        "coordinates": [120.8, 23.5167]
      },
      "properties": {
        "label": "1145",
        "pub_Time": "2022",
        "class4": "5",
        "LOC": "northeastern downstream of the Alishan catchment, Alishan D098 sub-basin, Taiwan",
        "NAME": "China",
        "classSun": "5",
        "class1": "HM"
      }
    },
    {
      "type": "Feature",
      "geometry": {
        "type": "Point",
        "coordinates": [120.8, 23.5167]
      },
      "properties": {
        "label": "1145",
        "pub_Time": "2022",
        "class4": "5",
        "LOC": "upstream of Alishan, Alishan D098 sub-basin, Taiwan",
        "NAME": "China",
        "classSun": "5",
        "class1": "HM"
      }
    },
    {
      "type": "Feature",
      "geometry": {
        "type": "Point",
        "coordinates": [120.9, 23.7]
      },
      "properties": {
        "label": "154",
        "pub_Time": "2009",
        "class4": "1",
        "LOC": "Central Taiwan, Taiwan",
        "NAME": "China",
        "classSun": "1",
        "class1": "EE"
      }
    },
    {
      "type": "Feature",
      "geometry": {
        "type": "Point",
        "coordinates": [120.7, 23.5]
      },
      "properties": {
        "label": "1224",
        "pub_Time": "2021",
        "class4": "4",
        "LOC": "TRW, Tsengwen River Watershed, Central Taiwan, Taiwan",
        "NAME": "China",
        "classSun": "4",
        "class1": "ML"
      }
    },
    {
      "type": "Feature",
      "geometry": {
        "type": "Point",
        "coordinates": [120.5, 23.5]
      },
      "properties": {
        "label": "204",
        "pub_Time": "2019",
        "LOC": "Chishan River watershed, Taiwan",
        "NAME": "China"
      }
    },
    {
      "type": "Feature",
      "geometry": {
        "type": "Point",
        "coordinates": [120.75, 23.6]
      },
      "properties": {
        "label": "1143",
        "pub_Time": "2021",
        "class4": "5",
        "LOC": "Chuoshui River, Taiwan",
        "NAME": "China",
        "classSun": "5",
        "class1": "HM"
      }
    },
    {
      "type": "Feature",
      "geometry": {
        "type": "Point",
        "coordinates": [121.75, 24.75]
      },
      "properties": {
        "label": "458",
        "pub_Time": "2017",
        "class4": "5",
        "LOC": "I - Lan, Taiwan",
        "NAME": "China",
        "classSun": "5",
        "class1": "HM"
      }
    },
    {
      "type": "Feature",
      "geometry": {
        "type": "Point",
        "coordinates": [120.75, 24.5]
      },
      "properties": {
        "label": "1017",
        "pub_Time": "2009",
        "class4": "4",
        "LOC": "Shei Pa National Park, Miao Li, Taiwan",
        "NAME": "China",
        "classSun": "4",
        "class1": "ML"
      }
    },
    {
      "type": "Feature",
      "geometry": {
        "type": "Point",
        "coordinates": [121.0, 23.5]
      },
      "properties": {
        "label": "780",
        "pub_Time": "2011",
        "class4": "3",
        "LOC": "mountainous catchment, Taiwan",
        "NAME": "China",
        "classSun": "3",
        "class1": "MM"
      }
    },
    {
      "type": "Feature",
      "geometry": {
        "type": "Point",
        "coordinates": [120.75, 23.5]
      },
      "properties": {
        "label": "669",
        "pub_Time": "2010",
        "LOC": "Lu - Shan, Nantou County, Taiwan",
        "NAME": "China"
      }
    },
    {
      "type": "Feature",
      "geometry": {
        "type": "Point",
        "coordinates": [120.5, 22.5]
      },
      "properties": {
        "label": "205",
        "pub_Time": "2015",
        "class4": "5",
        "LOC": "Chishan watershed, South Taiwan, Taiwan",
        "NAME": "China",
        "classSun": "5",
        "class1": "HM"
      }
    },
    {
      "type": "Feature",
      "geometry": {
        "type": "Point",
        "coordinates": [120.8, 23.7]
      },
      "properties": {
        "label": "1143",
        "pub_Time": "2021",
        "class4": "5",
        "LOC": "Tachia River, Taiwan",
        "NAME": "China",
        "classSun": "5",
        "class1": "HM"
      }
    },
    {
      "type": "Feature",
      "geometry": {
        "type": "Point",
        "coordinates": [120.6833, 24.15]
      },
      "properties": {
        "label": "1149",
        "pub_Time": "2014",
        "LOC": "Chinshui watershed, Chinshui Creek, Tsao, Taiwan",
        "NAME": "China"
      }
    },
    {
      "type": "Feature",
      "geometry": {
        "type": "Point",
        "coordinates": [120.7, 23.5]
      },
      "properties": {
        "label": "1143",
        "pub_Time": "2021",
        "class4": "5",
        "LOC": "Wu River, Taiwan",
        "NAME": "China",
        "classSun": "5",
        "class1": "HM"
      }
    },
    {
      "type": "Feature",
      "geometry": {
        "type": "Point",
        "coordinates": [121.0, 23.7]
      },
      "properties": {
        "label": "1144",
        "pub_Time": "2021",
        "class4": "5",
        "LOC": "Taiwan, Taiwan region",
        "NAME": "China",
        "classSun": "5",
        "class1": "HM"
      }
    },
    {
      "type": "Feature",
      "geometry": {
        "type": "Point",
        "coordinates": [53.2, 36.5]
      },
      "properties": {
        "label": "1151",
        "pub_Time": "2020",
        "class4": "5",
        "LOC": "Tajan Watershed in northern Iran",
        "NAME": "Iran",
        "classSun": "5",
        "class1": "HM"
      }
    },
    {
      "type": "Feature",
      "geometry": {
        "type": "Point",
        "coordinates": [50.6, 36.2]
      },
      "properties": {
        "label": "1152",
        "pub_Time": "2021",
        "class4": "6",
        "LOC": "Taleghan - Alamut basin of Iran",
        "NAME": "Iran",
        "classSun": "6",
        "class1": "HM"
      }
    },
    {
      "type": "Feature",
      "geometry": {
        "type": "Point",
        "coordinates": [50.6, 36.2]
      },
      "properties": {
        "label": "1153",
        "pub_Time": "2019",
        "class4": "5",
        "LOC": "Taleghan basin",
        "NAME": "Iran",
        "classSun": "5",
        "class1": "HM"
      }
    },
    {
      "type": "Feature",
      "geometry": {
        "type": "Point",
        "coordinates": [-4.6, 34.5]
      },
      "properties": {
        "label": "1157",
        "pub_Time": "2019",
        "class4": "5",
        "LOC": "Taounate - Ain Aicha and Tahar Souk regions in the central part of the Rif Mountains in Morocco",
        "NAME": "Morocco",
        "classSun": "5",
        "class1": "HM"
      }
    },
    {
      "type": "Feature",
      "geometry": {
        "type": "Point",
        "coordinates": [78.5, 30.4]
      },
      "properties": {
        "label": "1162",
        "pub_Time": "2023",
        "class4": "5",
        "LOC": "Tehri region of the Indian Himalayas",
        "NAME": "India",
        "classSun": "5",
        "class1": "HM"
      }
    },
    {
      "type": "Feature",
      "geometry": {
        "type": "Point",
        "coordinates": [99.05, 20.05]
      },
      "properties": {
        "label": "176",
        "pub_Time": "2021",
        "class4": "5",
        "LOC": "Ban Pha Duea at Mae Salong Nai, Chiang Rai, Thailand",
        "NAME": "Thailand",
        "classSun": "6",
        "class1": "HM"
      }
    },
    {
      "type": "Feature",
      "geometry": {
        "type": "Point",
        "coordinates": [99.1, 20.1]
      },
      "properties": {
        "label": "176",
        "pub_Time": "2021",
        "class4": "5",
        "LOC": "Mai Salong Nok in Mae Fa Luang District, Chiang Rai, Thailand",
        "NAME": "Thailand",
        "classSun": "6",
        "class1": "HM"
      }
    },
    {
      "type": "Feature",
      "geometry": {
        "type": "Point",
        "coordinates": [99.0, 20.0]
      },
      "properties": {
        "label": "176",
        "pub_Time": "2021",
        "class4": "5",
        "LOC": "Phu Chifa at Thoeng District, Chiang Rai, Thailand",
        "NAME": "Myanmar",
        "classSun": "6",
        "class1": "HM"
      }
    },
    {
      "type": "Feature",
      "geometry": {
        "type": "Point",
        "coordinates": [99.0, 19.0]
      },
      "properties": {
        "label": "1247",
        "pub_Time": "2022",
        "class4": "4",
        "LOC": "high - slope mountain roads, upper northern region of Thailand, Chiang Rai and Chiang Mai Provinces, Thailand",
        "NAME": "Thailand",
        "classSun": "4",
        "class1": "ML"
      }
    },
    {
      "type": "Feature",
      "geometry": {
        "type": "Point",
        "coordinates": [101.0, 18.0]
      },
      "properties": {
        "label": "1170",
        "pub_Time": "2023",
        "class4": "3",
        "LOC": "Huai Nam Phung Subbasin, Thailand",
        "NAME": "Thailand",
        "classSun": "3",
        "class1": "MM"
      }
    },
    {
      "type": "Feature",
      "geometry": {
        "type": "Point",
        "coordinates": [101.1667, 16.4167]
      },
      "properties": {
        "label": "897",
        "pub_Time": "2008",
        "class4": "5",
        "LOC": "Pechabun, Thailand",
        "NAME": "Thailand",
        "classSun": "5",
        "class1": "HM"
      }
    },
    {
      "type": "Feature",
      "geometry": {
        "type": "Point",
        "coordinates": [102.0, 25.0]
      },
      "properties": {
        "label": "1172",
        "pub_Time": "2020",
        "class4": "2",
        "LOC": "the mountainous area of southwest China",
        "NAME": "China",
        "classSun": "2",
        "class1": "MS"
      }
    },
    {
      "type": "Feature",
      "geometry": {
        "type": "Point",
        "coordinates": [9.6, 37.0]
      },
      "properties": {
        "label": "1173",
        "pub_Time": "2020",
        "class4": "5",
        "LOC": "the national road 11 linking Mateur to Beja",
        "NAME": "Tunisia",
        "classSun": "5",
        "class1": "HM"
      }
    },
    {
      "type": "Feature",
      "geometry": {
        "type": "Point",
        "coordinates": [127.7669, 35.9078]
      },
      "properties": {
        "label": "1175",
        "pub_Time": "2016",
        "class4": "3",
        "LOC": "the Republic of Korea",
        "NAME": "South Korea",
        "classSun": "3",
        "class1": "MM"
      }
    },
    {
      "type": "Feature",
      "geometry": {
        "type": "Point",
        "coordinates": [111.0, 30.82]
      },
      "properties": {
        "label": "1208",
        "pub_Time": "2010",
        "class4": "5",
        "LOC": "Three Gorges, Three Gorges, Three Gorges",
        "NAME": "China",
        "classSun": "5",
        "class1": "HM"
      }
    },
    {
      "type": "Feature",
      "geometry": {
        "type": "Point",
        "coordinates": [111.0, 30.82]
      },
      "properties": {
        "label": "1206",
        "pub_Time": "2010",
        "class4": "5",
        "LOC": "Three Gorges, Three Gorges, Three Gorges",
        "NAME": "China",
        "classSun": "5",
        "class1": "HM"
      }
    },
    {
      "type": "Feature",
      "geometry": {
        "type": "Point",
        "coordinates": [111.0, 30.8]
      },
      "properties": {
        "label": "1178",
        "pub_Time": "2013",
        "LOC": "Three Gorges Area",
        "NAME": "China"
      }
    },
    {
      "type": "Feature",
      "geometry": {
        "type": "Point",
        "coordinates": [111.0, 30.5]
      },
      "properties": {
        "label": "1179",
        "pub_Time": "2014",
        "class4": "2",
        "LOC": "Three Gorges area",
        "NAME": "China",
        "classSun": "2",
        "class1": "MS"
      }
    },
    {
      "type": "Feature",
      "geometry": {
        "type": "Point",
        "coordinates": [111.0, 30.5]
      },
      "properties": {
        "label": "1181",
        "pub_Time": "2005",
        "class4": "3",
        "LOC": "Three Gorges Reservoir",
        "NAME": "China",
        "classSun": "3",
        "class1": "MM"
      }
    },
    {
      "type": "Feature",
      "geometry": {
        "type": "Point",
        "coordinates": [111.0, 30.5]
      },
      "properties": {
        "label": "1184",
        "pub_Time": "2021",
        "class4": "5",
        "LOC": "Three Gorges Reservoir area",
        "NAME": "China",
        "classSun": "5",
        "class1": "HM"
      }
    },
    {
      "type": "Feature",
      "geometry": {
        "type": "Point",
        "coordinates": [111.0, 30.5]
      },
      "properties": {
        "label": "1183",
        "pub_Time": "2023",
        "class4": "5",
        "LOC": "Three Gorges Reservoir area",
        "NAME": "China",
        "classSun": "6",
        "class1": "HM"
      }
    },
    {
      "type": "Feature",
      "geometry": {
        "type": "Point",
        "coordinates": [111.0, 30.5]
      },
      "properties": {
        "label": "1182",
        "pub_Time": "2023",
        "class4": "6",
        "LOC": "Three Gorges Reservoir Area",
        "NAME": "China",
        "classSun": "6",
        "class1": "HM"
      }
    },
    {
      "type": "Feature",
      "geometry": {
        "type": "Point",
        "coordinates": [111.0, 30.5]
      },
      "properties": {
        "label": "1186",
        "pub_Time": "2021",
        "class4": "4",
        "LOC": "three Gorges reservoir area in China",
        "NAME": "China",
        "classSun": "4",
        "class1": "ML"
      }
    },
    {
      "type": "Feature",
      "geometry": {
        "type": "Point",
        "coordinates": [111.0, 30.5]
      },
      "properties": {
        "label": "1185",
        "pub_Time": "2023",
        "class4": "5",
        "LOC": "Three Gorges Reservoir area in China",
        "NAME": "China",
        "classSun": "5",
        "class1": "HM"
      }
    },
    {
      "type": "Feature",
      "geometry": {
        "type": "Point",
        "coordinates": [111.0, 30.5]
      },
      "properties": {
        "label": "1188",
        "pub_Time": "2021",
        "class4": "4",
        "LOC": "Three Gorges Reservoir area of the Yangtze River",
        "NAME": "China",
        "classSun": "4",
        "class1": "ML"
      }
    },
    {
      "type": "Feature",
      "geometry": {
        "type": "Point",
        "coordinates": [107.0, 30.0]
      },
      "properties": {
        "label": "1189",
        "pub_Time": "2023",
        "class4": "5",
        "LOC": "Three Gorges Reservoir area to the Padang section",
        "NAME": "China",
        "classSun": "5",
        "class1": "HM"
      }
    },
    {
      "type": "Feature",
      "geometry": {
        "type": "Point",
        "coordinates": [111.0, 30.0]
      },
      "properties": {
        "label": "1199",
        "pub_Time": "2009",
        "class4": "5",
        "LOC": "Three Gorges Reservoir region of China",
        "NAME": "China",
        "classSun": "5",
        "class1": "HM"
      }
    },
    {
      "type": "Feature",
      "geometry": {
        "type": "Point",
        "coordinates": [75.0, 40.5]
      },
      "properties": {
        "label": "1133",
        "pub_Time": "2006",
        "class4": "5",
        "LOC": "southern slopes of the adjacent Suusamyr Range, northern part of the Tien Shan Range, Tien Shan Range in Central Asia",
        "NAME": "Kyrgyzstan",
        "classSun": "5",
        "class1": "HM"
      }
    },
    {
      "type": "Feature",
      "geometry": {
        "type": "Point",
        "coordinates": [75.0, 41.0]
      },
      "properties": {
        "label": "1133",
        "pub_Time": "2006",
        "class4": "5",
        "LOC": "Suusamyr Valley, Suusamyr region, northern part of the Tien Shan Range, Tien Shan Range in Central Asia",
        "NAME": "Kyrgyzstan",
        "classSun": "5",
        "class1": "HM"
      }
    },
    {
      "type": "Feature",
      "geometry": {
        "type": "Point",
        "coordinates": [78.5, 30.5]
      },
      "properties": {
        "label": "1213",
        "pub_Time": "2018",
        "class4": "5",
        "LOC": "Tipari to Ghuttu highway corridors in the Garhwal Himalaya",
        "NAME": "India",
        "classSun": "5",
        "class1": "HM"
      }
    },
    {
      "type": "Feature",
      "geometry": {
        "type": "Point",
        "coordinates": [106.5, 26.0]
      },
      "properties": {
        "label": "1215",
        "pub_Time": "2023",
        "class4": "5",
        "LOC": "Tonglvshan ancient copper mine site, Tonglvshan mining area",
        "NAME": "China",
        "classSun": "5",
        "class1": "HM"
      }
    },
    {
      "type": "Feature",
      "geometry": {
        "type": "Point",
        "coordinates": [18.6466, 54.352]
      },
      "properties": {
        "label": "354",
        "pub_Time": "2022",
        "class4": "2",
        "LOC": "Gdansk, Tri-City area",
        "NAME": "Poland",
        "classSun": "2",
        "class1": "MS"
      }
    },
    {
      "type": "Feature",
      "geometry": {
        "type": "Point",
        "coordinates": [18.5305, 54.5189]
      },
      "properties": {
        "label": "354",
        "pub_Time": "2022",
        "class4": "2",
        "LOC": "Gdynia, Tri-City area",
        "NAME": "Poland",
        "classSun": "2",
        "class1": "MS"
      }
    },
    {
      "type": "Feature",
      "geometry": {
        "type": "Point",
        "coordinates": [18.56, 54.4419]
      },
      "properties": {
        "label": "354",
        "pub_Time": "2022",
        "class4": "2",
        "LOC": "Sopot, Tri-City area",
        "NAME": "Poland",
        "classSun": "2",
        "class1": "MS"
      }
    },
    {
      "type": "Feature",
      "geometry": {
        "type": "Point",
        "coordinates": [84.5644, 27.7]
      },
      "properties": {
        "label": "1220",
        "pub_Time": "2020",
        "class4": "5",
        "LOC": "Trishuli river in Nepal",
        "NAME": "Nepal",
        "classSun": "5",
        "class1": "HM"
      }
    },
    {
      "type": "Feature",
      "geometry": {
        "type": "Point",
        "coordinates": [138.993, 37.9263]
      },
      "properties": {
        "label": "1225",
        "pub_Time": "2004",
        "class4": "2",
        "LOC": "Tsugawa area of Agano River",
        "NAME": "Japan",
        "classSun": "2",
        "class1": "MS"
      }
    },
    {
      "type": "Feature",
      "geometry": {
        "type": "Point",
        "coordinates": [37.0, 39.0]
      },
      "properties": {
        "label": "838",
        "pub_Time": "2005",
        "class4": "2",
        "LOC": "Agnus Creek, Kuzulu village, Agnus Creek valley, northeastern Turkey, Sivas, Anatolian Fault Zone, Turkey",
        "NAME": "Turkey",
        "classSun": "2",
        "class1": "MS"
      }
    },
    {
      "type": "Feature",
      "geometry": {
        "type": "Point",
        "coordinates": [41.3, 41.0]
      },
      "properties": {
        "label": "40",
        "pub_Time": "2020",
        "class4": "4",
        "LOC": "Arhavi - Kabisre river basin, Turkey",
        "NAME": "Turkey",
        "classSun": "4",
        "class1": "ML"
      }
    },
    {
      "type": "Feature",
      "geometry": {
        "type": "Point",
        "coordinates": [41.6333, 41.2833]
      },
      "properties": {
        "label": "299",
        "pub_Time": "2020",
        "class4": "4",
        "LOC": "Arhavi, Black Sea Coast, Artvin Province, Turkey",
        "NAME": "Turkey",
        "classSun": "4",
        "class1": "ML"
      }
    },
    {
      "type": "Feature",
      "geometry": {
        "type": "Point",
        "coordinates": [41.4675, 41.3833]
      },
      "properties": {
        "label": "299",
        "pub_Time": "2020",
        "class4": "4",
        "LOC": "Hopa, Black Sea Coast, Artvin Province, Turkey",
        "NAME": "Turkey",
        "classSun": "4",
        "class1": "ML"
      }
    },
    {
      "type": "Feature",
      "geometry": {
        "type": "Point",
        "coordinates": [32.3, 41.6]
      },
      "properties": {
        "label": "1237",
        "pub_Time": "2014",
        "class4": "4",
        "LOC": "Ulus district, Bartin province, Turkey",
        "NAME": "Turkey",
        "classSun": "4",
        "class1": "ML"
      }
    },
    {
      "type": "Feature",
      "geometry": {
        "type": "Point",
        "coordinates": [32.3, 41.6]
      },
      "properties": {
        "label": "598",
        "pub_Time": "2011",
        "class4": "4",
        "LOC": "Kumluca watershed, Bartin Province of Western Black Sea Region, Turkey",
        "NAME": "Turkey",
        "classSun": "4",
        "class1": "ML"
      }
    },
    {
      "type": "Feature",
      "geometry": {
        "type": "Point",
        "coordinates": [35.9, 36.3]
      },
      "properties": {
        "label": "157",
        "pub_Time": "2021",
        "class4": "4",
        "LOC": "Ceyhan river watershed, Turkey",
        "NAME": "Turkey",
        "classSun": "4",
        "class1": "ML"
      }
    },
    {
      "type": "Feature",
      "geometry": {
        "type": "Point",
        "coordinates": [32.4016, 41.2622]
      },
      "properties": {
        "label": "277",
        "pub_Time": "2011",
        "class4": "2",
        "LOC": "Devrek town, Devrek region, Turkey",
        "NAME": "Turkey",
        "classSun": "2",
        "class1": "MS"
      }
    },
    {
      "type": "Feature",
      "geometry": {
        "type": "Point",
        "coordinates": [39.7178, 41.0015]
      },
      "properties": {
        "label": "300",
        "pub_Time": "2023",
        "class4": "5",
        "LOC": "Trabzon, Ardesen and Findikli districts of Rize Province, Eastern Black Sea Region, Turkey",
        "NAME": "Turkey",
        "classSun": "6",
        "class1": "HM"
      }
    },
    {
      "type": "Feature",
      "geometry": {
        "type": "Point",
        "coordinates": [38.6, 40.5]
      },
      "properties": {
        "label": "52",
        "pub_Time": "2009",
        "class4": "2",
        "LOC": "Avutmus district of Sebinkarahisar, Giresun, Turkey",
        "NAME": "Turkey",
        "classSun": "2",
        "class1": "MS"
      }
    },
    {
      "type": "Feature",
      "geometry": {
        "type": "Point",
        "coordinates": [27.1428, 38.4237]
      },
      "properties": {
        "label": "505",
        "pub_Time": "2022",
        "class4": "5",
        "LOC": "Izmir city, Izmir metropolitan, Turkey",
        "NAME": "Turkey",
        "classSun": "5",
        "class1": "HM"
      }
    },
    {
      "type": "Feature",
      "geometry": {
        "type": "Point",
        "coordinates": [41.2067, 41.2367]
      },
      "properties": {
        "label": "299",
        "pub_Time": "2020",
        "class4": "4",
        "LOC": "Black Sea Coast, Kemalpasa districts, Turkey",
        "NAME": "Turkey",
        "classSun": "4",
        "class1": "ML"
      }
    },
    {
      "type": "Feature",
      "geometry": {
        "type": "Point",
        "coordinates": [41.0, 41.0]
      },
      "properties": {
        "label": "689",
        "pub_Time": "2015",
        "class4": "4",
        "LOC": "Macka District of Trabzon, Turkey",
        "NAME": "Turkey",
        "classSun": "4",
        "class1": "ML"
      }
    },
    {
      "type": "Feature",
      "geometry": {
        "type": "Point",
        "coordinates": [32.0, 40.0]
      },
      "properties": {
        "label": "833",
        "pub_Time": "2012",
        "class4": "5",
        "LOC": "Kuzulu, North Anatolian Fault, Kuzulu village, North Anatolian Fault Zone, Turkey",
        "NAME": "Turkey",
        "classSun": "5",
        "class1": "HM"
      }
    },
    {
      "type": "Feature",
      "geometry": {
        "type": "Point",
        "coordinates": [35.1539, 42.0231]
      },
      "properties": {
        "label": "1063",
        "pub_Time": "2012",
        "class4": "1",
        "LOC": "Sinop, northern Turkey, Turkey",
        "NAME": "Turkey",
        "classSun": "1",
        "class1": "EE"
      }
    },
    {
      "type": "Feature",
      "geometry": {
        "type": "Point",
        "coordinates": [41.4069, 41.1186]
      },
      "properties": {
        "label": "298",
        "pub_Time": "2008",
        "LOC": "Central Ardesen, Ardesen, Rize Province, Turkey",
        "NAME": "Turkey"
      }
    },
    {
      "type": "Feature",
      "geometry": {
        "type": "Point",
        "coordinates": [40.5236, 41.02]
      },
      "properties": {
        "label": "842",
        "pub_Time": "2011",
        "class4": "5",
        "LOC": "northeast part of Turkey, Rize province, Turkey",
        "NAME": "Turkey",
        "classSun": "5",
        "class1": "HM"
      }
    },
    {
      "type": "Feature",
      "geometry": {
        "type": "Point",
        "coordinates": [43.0, 40.0]
      },
      "properties": {
        "label": "1003",
        "pub_Time": "2018",
        "class4": "2",
        "LOC": "Savsat city, Turkey",
        "NAME": "Turkey",
        "classSun": "2",
        "class1": "MS"
      }
    },
    {
      "type": "Feature",
      "geometry": {
        "type": "Point",
        "coordinates": [37.5, 39.5]
      },
      "properties": {
        "label": "589",
        "pub_Time": "2009",
        "class4": "5",
        "LOC": "Koyulhisar, Sivas, Turkey",
        "NAME": "Turkey",
        "classSun": "5",
        "class1": "HM"
      }
    },
    {
      "type": "Feature",
      "geometry": {
        "type": "Point",
        "coordinates": [27.3, 37.2]
      },
      "properties": {
        "label": "1240",
        "pub_Time": "2021",
        "class4": "6",
        "LOC": "upper basin of Ataturk Dam, southeast Turkey, Turkey",
        "NAME": "Turkey",
        "classSun": "6",
        "class1": "HM"
      }
    },
    {
      "type": "Feature",
      "geometry": {
        "type": "Point",
        "coordinates": [27.0, 38.0]
      },
      "properties": {
        "label": "1130",
        "pub_Time": "2013",
        "class4": "5",
        "LOC": "Sultan Mountains of, Sultan Mountains, Southwestern region, Turkey",
        "NAME": "Turkey",
        "classSun": "5",
        "class1": "HM"
      }
    },
    {
      "type": "Feature",
      "geometry": {
        "type": "Point",
        "coordinates": [36.5, 40.0]
      },
      "properties": {
        "label": "566",
        "pub_Time": "2009",
        "class4": "5",
        "LOC": "Kat County, Tokat Turkey, Turkey",
        "NAME": "Turkey",
        "classSun": "5",
        "class1": "HM"
      }
    },
    {
      "type": "Feature",
      "geometry": {
        "type": "Point",
        "coordinates": [39.7, 41.0]
      },
      "properties": {
        "label": "1228",
        "pub_Time": "2022",
        "class4": "4",
        "LOC": "Black Sea, Trabzon, Turkey",
        "NAME": "Turkey",
        "classSun": "4",
        "class1": "ML"
      }
    },
    {
      "type": "Feature",
      "geometry": {
        "type": "Point",
        "coordinates": [39.7, 41.0]
      },
      "properties": {
        "label": "1218",
        "pub_Time": "2021",
        "class4": "6",
        "LOC": "Trabzon province, Turkey",
        "NAME": "Turkey",
        "classSun": "6",
        "class1": "HM"
      }
    },
    {
      "type": "Feature",
      "geometry": {
        "type": "Point",
        "coordinates": [39.7, 41.0]
      },
      "properties": {
        "label": "1216",
        "pub_Time": "2013",
        "class4": "5",
        "LOC": "NE Turkey, Trabzon province, Turkey",
        "NAME": "Turkey",
        "classSun": "5",
        "class1": "HM"
      }
    },
    {
      "type": "Feature",
      "geometry": {
        "type": "Point",
        "coordinates": [39.7, 41.0]
      },
      "properties": {
        "label": "1217",
        "pub_Time": "2011",
        "class4": "5",
        "LOC": "north east Turkey, Trabzon province, Turkey",
        "NAME": "Turkey",
        "classSun": "5",
        "class1": "HM"
      }
    },
    {
      "type": "Feature",
      "geometry": {
        "type": "Point",
        "coordinates": [27.15, 38.4]
      },
      "properties": {
        "label": "504",
        "pub_Time": "2011",
        "class4": "4",
        "LOC": "south and north parts of the Izmir Bay, Izmir city, west Turkey, Turkey",
        "NAME": "Turkey",
        "classSun": "4",
        "class1": "ML"
      }
    },
    {
      "type": "Feature",
      "geometry": {
        "type": "Point",
        "coordinates": [30.7, 36.9]
      },
      "properties": {
        "label": "132",
        "pub_Time": "2014",
        "class4": "5",
        "LOC": "Candir catchment area, western Antalya, Turkey",
        "NAME": "Turkey",
        "classSun": "5",
        "class1": "HM"
      }
    },
    {
      "type": "Feature",
      "geometry": {
        "type": "Point",
        "coordinates": [26.0, 40.0]
      },
      "properties": {
        "label": "1361",
        "pub_Time": "2004",
        "class4": "2",
        "LOC": "Yenice, Turkey",
        "NAME": "Turkey",
        "classSun": "2",
        "class1": "MS"
      }
    },
    {
      "type": "Feature",
      "geometry": {
        "type": "Point",
        "coordinates": [-125.0, 52.5]
      },
      "properties": {
        "label": "1229",
        "pub_Time": "2020",
        "class4": "3",
        "LOC": "Turnoff Creek rock avalanche in Canada",
        "NAME": "Canada",
        "classSun": "3",
        "class1": "MM"
      }
    },
    {
      "type": "Feature",
      "geometry": {
        "type": "Point",
        "coordinates": [-2.0, 54.0]
      },
      "properties": {
        "label": "954",
        "pub_Time": "2011",
        "class4": "3",
        "LOC": "railway test site, northern England, U.K.",
        "NAME": "United Kingdom",
        "classSun": "3",
        "class1": "MM"
      }
    },
    {
      "type": "Feature",
      "geometry": {
        "type": "Point",
        "coordinates": [80.0, 27.0]
      },
      "properties": {
        "label": "925",
        "pub_Time": "2002",
        "class4": "5",
        "LOC": "Pithoragarh, U.P.",
        "NAME": "India",
        "classSun": "5",
        "class1": "HM"
      }
    },
    {
      "type": "Feature",
      "geometry": {
        "type": "Point",
        "coordinates": [-119.4179, 36.7783]
      },
      "properties": {
        "label": "116",
        "pub_Time": "2009",
        "class4": "3",
        "LOC": "California site, California, U.S.",
        "NAME": "United States of America",
        "classSun": "3",
        "class1": "MM"
      }
    },
    {
      "type": "Feature",
      "geometry": {
        "type": "Point",
        "coordinates": [-97.7431, 30.2672]
      },
      "properties": {
        "label": "1219",
        "pub_Time": "2000",
        "LOC": "Travis County, Texas, U.S.",
        "NAME": "United States of America"
      }
    },
    {
      "type": "Feature",
      "geometry": {
        "type": "Point",
        "coordinates": [20.0, 0.0]
      },
      "properties": {
        "label": "992",
        "pub_Time": "2015",
        "LOC": "highland areas of Africa, East African highlands, Uganda",
        "NAME": "Dem. Rep. Congo"
      }
    },
    {
      "type": "Feature",
      "geometry": {
        "type": "Point",
        "coordinates": [29.8, 1.5]
      },
      "properties": {
        "label": "992",
        "pub_Time": "2015",
        "LOC": "Rwenzori Mountains, Rwenzori Mountains, Uganda",
        "NAME": "Dem. Rep. Congo"
      }
    },
    {
      "type": "Feature",
      "geometry": {
        "type": "Point",
        "coordinates": [120.75, -8.5]
      },
      "properties": {
        "label": "1234",
        "pub_Time": "2019",
        "class4": "5",
        "LOC": "Ujung Loe Watershed",
        "NAME": "Indonesia",
        "classSun": "5",
        "class1": "HM"
      }
    },
    {
      "type": "Feature",
      "geometry": {
        "type": "Point",
        "coordinates": [-3.0, 55.0]
      },
      "properties": {
        "label": "1235",
        "pub_Time": "2020",
        "LOC": "UK",
        "NAME": "United Kingdom"
      }
    },
    {
      "type": "Feature",
      "geometry": {
        "type": "Point",
        "coordinates": [-118.5372, 34.2009]
      },
      "properties": {
        "label": "870",
        "pub_Time": "2020",
        "class4": "3",
        "LOC": "Northridge, California, United States",
        "NAME": "United States of America",
        "classSun": "3",
        "class1": "MM"
      }
    },
    {
      "type": "Feature",
      "geometry": {
        "type": "Point",
        "coordinates": [76.6, 9.7]
      },
      "properties": {
        "label": "1242",
        "pub_Time": "2022",
        "class4": "6",
        "LOC": "upper catchment of Meenachil river of Kerala",
        "NAME": "India",
        "classSun": "6",
        "class1": "HM"
      }
    },
    {
      "type": "Feature",
      "geometry": {
        "type": "Point",
        "coordinates": [102.0, 28.5]
      },
      "properties": {
        "label": "1245",
        "pub_Time": "2019",
        "class4": "4",
        "LOC": "upper Jinsha River",
        "NAME": "China",
        "classSun": "4",
        "class1": "ML"
      }
    },
    {
      "type": "Feature",
      "geometry": {
        "type": "Point",
        "coordinates": [104.2012, 26.968]
      },
      "properties": {
        "label": "1246",
        "pub_Time": "2006",
        "LOC": "upper Minjiang River Basin",
        "NAME": "China"
      }
    },
    {
      "type": "Feature",
      "geometry": {
        "type": "Point",
        "coordinates": [4.0747, 36.7521]
      },
      "properties": {
        "label": "1254",
        "pub_Time": "2021",
        "class4": "5",
        "LOC": "urban area of Azazga",
        "NAME": "Algeria",
        "classSun": "5",
        "class1": "HM"
      }
    },
    {
      "type": "Feature",
      "geometry": {
        "type": "Point",
        "coordinates": [44.9992, 37.3405]
      },
      "properties": {
        "label": "1255",
        "pub_Time": "2014",
        "class4": "5",
        "LOC": "Urmia lake basin in Iran",
        "NAME": "Iran",
        "classSun": "5",
        "class1": "HM"
      }
    },
    {
      "type": "Feature",
      "geometry": {
        "type": "Point",
        "coordinates": [44.9992, 37.3405]
      },
      "properties": {
        "label": "1256",
        "pub_Time": "2012",
        "class4": "5",
        "LOC": "Urmia Lake Basin in northwest Iran",
        "NAME": "Iran",
        "classSun": "5",
        "class1": "HM"
      }
    },
    {
      "type": "Feature",
      "geometry": {
        "type": "Point",
        "coordinates": [44.9992, 37.3405]
      },
      "properties": {
        "label": "1257",
        "pub_Time": "2012",
        "class4": "5",
        "LOC": "Urmia lake basin in northwest Iran",
        "NAME": "Iran",
        "classSun": "5",
        "class1": "HM"
      }
    },
    {
      "type": "Feature",
      "geometry": {
        "type": "Point",
        "coordinates": [-121.9, 36.6]
      },
      "properties": {
        "label": "226",
        "pub_Time": "2011",
        "LOC": "Cleveland Corral, California, USA",
        "NAME": "United States of America"
      }
    },
    {
      "type": "Feature",
      "geometry": {
        "type": "Point",
        "coordinates": [-122.5, 37.6]
      },
      "properties": {
        "label": "231",
        "pub_Time": "2015",
        "class4": "5",
        "LOC": "coastal watershed, Pacifica, California, USA",
        "NAME": "United States of America",
        "classSun": "5",
        "class1": "HM"
      }
    },
    {
      "type": "Feature",
      "geometry": {
        "type": "Point",
        "coordinates": [-122.4194, 37.7749]
      },
      "properties": {
        "label": "996",
        "pub_Time": "2018",
        "class4": "3",
        "LOC": "San Francisco Bay Area, California, USA",
        "NAME": "United States of America",
        "classSun": "3",
        "class1": "MM"
      }
    },
    {
      "type": "Feature",
      "geometry": {
        "type": "Point",
        "coordinates": [-115.5, 46.5]
      },
      "properties": {
        "label": "339",
        "pub_Time": "2006",
        "class4": "5",
        "LOC": "forested watersheds, mountainous areas, Clearwater National Forest in north - central Idaho, USA",
        "NAME": "United States of America",
        "classSun": "5",
        "class1": "HM"
      }
    },
    {
      "type": "Feature",
      "geometry": {
        "type": "Point",
        "coordinates": [-82.0, 37.3]
      },
      "properties": {
        "label": "306",
        "pub_Time": "2022",
        "class4": "4",
        "LOC": "eastern Kentucky, USA",
        "NAME": "United States of America",
        "classSun": "4",
        "class1": "ML"
      }
    },
    {
      "type": "Feature",
      "geometry": {
        "type": "Point",
        "coordinates": [-115.5, 45.5]
      },
      "properties": {
        "label": "225",
        "pub_Time": "2003",
        "class4": "5",
        "LOC": "Central Clearwater National Forest, Idaho, USA",
        "NAME": "United States of America",
        "classSun": "5",
        "class1": "HM"
      }
    },
    {
      "type": "Feature",
      "geometry": {
        "type": "Point",
        "coordinates": [-115.5, 45.5]
      },
      "properties": {
        "label": "224",
        "pub_Time": "2005",
        "class4": "5",
        "LOC": "Clearwater National Forest, Idaho, USA",
        "NAME": "United States of America",
        "classSun": "5",
        "class1": "HM"
      }
    },
    {
      "type": "Feature",
      "geometry": {
        "type": "Point",
        "coordinates": [-116.5, 44.5]
      },
      "properties": {
        "label": "747",
        "pub_Time": "2001",
        "class4": "2",
        "LOC": "Middle Fork, Payette River, Idaho, USA",
        "NAME": "United States of America",
        "classSun": "2",
        "class1": "MS"
      }
    },
    {
      "type": "Feature",
      "geometry": {
        "type": "Point",
        "coordinates": [-122.0, 37.7]
      },
      "properties": {
        "label": "835",
        "pub_Time": "2008",
        "class4": "5",
        "LOC": "Summit Ridge, North Santa Cruz Mountains, Northern East Bay segment of the Hayward fault, USA",
        "NAME": "United States of America",
        "classSun": "5",
        "class1": "HM"
      }
    },
    {
      "type": "Feature",
      "geometry": {
        "type": "Point",
        "coordinates": [-120.5, 44.0]
      },
      "properties": {
        "label": "884",
        "pub_Time": "2016",
        "class4": "5",
        "LOC": "Oregon, USA",
        "NAME": "United States of America",
        "classSun": "5",
        "class1": "HM"
      }
    },
    {
      "type": "Feature",
      "geometry": {
        "type": "Point",
        "coordinates": [-120.0, 44.0]
      },
      "properties": {
        "label": "741",
        "pub_Time": "2012",
        "class4": "5",
        "LOC": "Mettman Ridge study area in Oregon, Oregon, USA",
        "NAME": "United States of America",
        "classSun": "5",
        "class1": "HM"
      }
    },
    {
      "type": "Feature",
      "geometry": {
        "type": "Point",
        "coordinates": [-120.5, 43.8]
      },
      "properties": {
        "label": "46",
        "pub_Time": "2021",
        "class4": "3",
        "LOC": "Oregon Department, USA",
        "NAME": "United States of America",
        "classSun": "3",
        "class1": "MM"
      }
    },
    {
      "type": "Feature",
      "geometry": {
        "type": "Point",
        "coordinates": [-111.6667, 40.2333]
      },
      "properties": {
        "label": "586",
        "pub_Time": "2017",
        "LOC": "Provo Canyon in Utah, USA",
        "NAME": "United States of America"
      }
    },
    {
      "type": "Feature",
      "geometry": {
        "type": "Point",
        "coordinates": [-66.5901, 18.2208]
      },
      "properties": {
        "label": "1259",
        "pub_Time": "2011",
        "class4": "5",
        "LOC": "island of Puerto Rico, Puerto Rico, USA",
        "NAME": "Puerto Rico",
        "classSun": "5",
        "class1": "HM"
      }
    },
    {
      "type": "Feature",
      "geometry": {
        "type": "Point",
        "coordinates": [-122.3321, 47.6062]
      },
      "properties": {
        "label": "1005",
        "pub_Time": "2008",
        "class4": "5",
        "LOC": "Seattle, Washington, USA",
        "NAME": "United States of America",
        "classSun": "5",
        "class1": "HM"
      }
    },
    {
      "type": "Feature",
      "geometry": {
        "type": "Point",
        "coordinates": [-123.0, 47.75]
      },
      "properties": {
        "label": "887",
        "pub_Time": "2017",
        "class4": "1",
        "LOC": "Oso, Washington State, USA",
        "NAME": "United States of America",
        "classSun": "1",
        "class1": "EE"
      }
    },
    {
      "type": "Feature",
      "geometry": {
        "type": "Point",
        "coordinates": [-122.3321, 47.6062]
      },
      "properties": {
        "label": "1004",
        "pub_Time": "2005",
        "class4": "5",
        "LOC": "City of Seattle, Puget Sound communities, Puget Sound area, Washington State, USA",
        "NAME": "United States of America",
        "classSun": "5",
        "class1": "HM"
      }
    },
    {
      "type": "Feature",
      "geometry": {
        "type": "Point",
        "coordinates": [79.0, 30.3]
      },
      "properties": {
        "label": "709",
        "pub_Time": "2018",
        "class4": "5",
        "LOC": "Mandakini River basin, Uttarakhand",
        "NAME": "India",
        "classSun": "5",
        "class1": "HM"
      }
    },
    {
      "type": "Feature",
      "geometry": {
        "type": "Point",
        "coordinates": [78.2684, 30.0668]
      },
      "properties": {
        "label": "1263",
        "pub_Time": "2023",
        "class4": "4",
        "LOC": "uttarakhand state districts",
        "NAME": "India",
        "classSun": "4",
        "class1": "ML"
      }
    },
    {
      "type": "Feature",
      "geometry": {
        "type": "Point",
        "coordinates": [78.4765, 30.7316]
      },
      "properties": {
        "label": "1266",
        "pub_Time": "2020",
        "class4": "5",
        "LOC": "Uttarkashi district of India",
        "NAME": "India",
        "classSun": "6",
        "class1": "HM"
      }
    },
    {
      "type": "Feature",
      "geometry": {
        "type": "Point",
        "coordinates": [78.4765, 30.7316]
      },
      "properties": {
        "label": "1267",
        "pub_Time": "2016",
        "class4": "4",
        "LOC": "Uttarkashi district of the Uttarakhand state",
        "NAME": "India",
        "classSun": "4",
        "class1": "ML"
      }
    },
    {
      "type": "Feature",
      "geometry": {
        "type": "Point",
        "coordinates": [64.585, 41.2995]
      },
      "properties": {
        "label": "1269",
        "pub_Time": "2020",
        "class4": "5",
        "LOC": "Uzbekistan",
        "NAME": "Uzbekistan",
        "classSun": "5",
        "class1": "HM"
      }
    },
    {
      "type": "Feature",
      "geometry": {
        "type": "Point",
        "coordinates": [71.5, 40.3]
      },
      "properties": {
        "label": "94",
        "pub_Time": "2019",
        "class4": "5",
        "LOC": "Bostanlik district, Uzbekistan",
        "NAME": "Uzbekistan",
        "classSun": "5",
        "class1": "HM"
      }
    },
    {
      "type": "Feature",
      "geometry": {
        "type": "Point",
        "coordinates": [69.3, 41.3]
      },
      "properties": {
        "label": "753",
        "pub_Time": "2018",
        "class4": "2",
        "LOC": "Mingchukur area, Bostanlik districts of Tashkent, Uzbekistan",
        "NAME": "Uzbekistan",
        "classSun": "2",
        "class1": "MS"
      }
    },
    {
      "type": "Feature",
      "geometry": {
        "type": "Point",
        "coordinates": [-0.3763, 39.4699]
      },
      "properties": {
        "label": "1270",
        "pub_Time": "2023",
        "class4": "2",
        "LOC": "Valencia",
        "NAME": "Spain",
        "classSun": "2",
        "class1": "MS"
      }
    },
    {
      "type": "Feature",
      "geometry": {
        "type": "Point",
        "coordinates": [79.8571, 41.3467]
      },
      "properties": {
        "label": "1272",
        "pub_Time": "2022",
        "class4": "5",
        "LOC": "Van",
        "NAME": "China",
        "classSun": "5",
        "class1": "HM"
      }
    },
    {
      "type": "Feature",
      "geometry": {
        "type": "Point",
        "coordinates": [105.0, 21.0]
      },
      "properties": {
        "label": "799",
        "pub_Time": "2020",
        "class4": "5",
        "LOC": "Muong Lay district, Viet Nam",
        "NAME": "Vietnam",
        "classSun": "5",
        "class1": "HM"
      }
    },
    {
      "type": "Feature",
      "geometry": {
        "type": "Point",
        "coordinates": [105.5, 21.5]
      },
      "properties": {
        "label": "1251",
        "pub_Time": "2018",
        "class4": "6",
        "LOC": "URRB area, URRB, Upper Reaches Area of Red River Basin, Northwest region, Viet Nam",
        "NAME": "Vietnam",
        "classSun": "6",
        "class1": "HM"
      }
    },
    {
      "type": "Feature",
      "geometry": {
        "type": "Point",
        "coordinates": [105.7, 21.6]
      },
      "properties": {
        "label": "671",
        "pub_Time": "2016",
        "class4": "5",
        "LOC": "Luc Yen district, Yen Bai province, Viet Nam",
        "NAME": "Vietnam",
        "classSun": "6",
        "class1": "HM"
      }
    },
    {
      "type": "Feature",
      "geometry": {
        "type": "Point",
        "coordinates": [104.0, 21.5]
      },
      "properties": {
        "label": "795",
        "pub_Time": "2016",
        "class4": "5",
        "LOC": "Mu Cang Chai district, Yen Bai province, Viet Nam",
        "NAME": "Vietnam",
        "classSun": "5",
        "class1": "HM"
      }
    },
    {
      "type": "Feature",
      "geometry": {
        "type": "Point",
        "coordinates": [105.8551, 14.0583]
      },
      "properties": {
        "label": "1276",
        "pub_Time": "2020",
        "class4": "4",
        "LOC": "Vietnam",
        "NAME": "Laos",
        "classSun": "4",
        "class1": "ML"
      }
    },
    {
      "type": "Feature",
      "geometry": {
        "type": "Point",
        "coordinates": [106.25, 22.6667]
      },
      "properties": {
        "label": "1223",
        "pub_Time": "2023",
        "class4": "5",
        "LOC": "Trung Khanh district, Cao Bang Province, Vietnam",
        "NAME": "Vietnam",
        "classSun": "6",
        "class1": "HM"
      }
    },
    {
      "type": "Feature",
      "geometry": {
        "type": "Point",
        "coordinates": [104.9833, 22.8167]
      },
      "properties": {
        "label": "382",
        "pub_Time": "2020",
        "class4": "5",
        "LOC": "Ha Giang city, Vietnam",
        "NAME": "Vietnam",
        "classSun": "5",
        "class1": "HM"
      }
    },
    {
      "type": "Feature",
      "geometry": {
        "type": "Point",
        "coordinates": [104.9833, 22.8]
      },
      "properties": {
        "label": "383",
        "pub_Time": "2022",
        "class4": "5",
        "LOC": "Ha Giang province, Vietnam",
        "NAME": "Vietnam",
        "classSun": "5",
        "class1": "HM"
      }
    },
    {
      "type": "Feature",
      "geometry": {
        "type": "Point",
        "coordinates": [105.5, 22.5]
      },
      "properties": {
        "label": "805",
        "pub_Time": "2020",
        "class4": "6",
        "LOC": "Nam Dan commune, Ha Giang province, Vietnam",
        "NAME": "Vietnam",
        "classSun": "6",
        "class1": "HM"
      }
    },
    {
      "type": "Feature",
      "geometry": {
        "type": "Point",
        "coordinates": [104.0, 22.0]
      },
      "properties": {
        "label": "800",
        "pub_Time": "2020",
        "class4": "5",
        "LOC": "Muong Te district, Lai Chau province, Vietnam",
        "NAME": "Vietnam",
        "classSun": "5",
        "class1": "HM"
      }
    },
    {
      "type": "Feature",
      "geometry": {
        "type": "Point",
        "coordinates": [106.75, 21.8333]
      },
      "properties": {
        "label": "616",
        "pub_Time": "2019",
        "class4": "6",
        "LOC": "Lang Son province, Vietnam",
        "NAME": "Vietnam",
        "classSun": "6",
        "class1": "HM"
      }
    },
    {
      "type": "Feature",
      "geometry": {
        "type": "Point",
        "coordinates": [103.8333, 22.3333]
      },
      "properties": {
        "label": "64",
        "pub_Time": "2022",
        "class4": "2",
        "LOC": "Ban Khoang, Sa Pa District, Lao Cai Province, Vietnam",
        "NAME": "Vietnam",
        "classSun": "2",
        "class1": "MS"
      }
    },
    {
      "type": "Feature",
      "geometry": {
        "type": "Point",
        "coordinates": [104.0, 22.5]
      },
      "properties": {
        "label": "1060",
        "pub_Time": "2022",
        "class4": "6",
        "LOC": "Sin Ho district, Lao Cai Province, Vietnam",
        "NAME": "Vietnam",
        "classSun": "6",
        "class1": "HM"
      }
    },
    {
      "type": "Feature",
      "geometry": {
        "type": "Point",
        "coordinates": [107.0833, 11.0167]
      },
      "properties": {
        "label": "1155",
        "pub_Time": "2022",
        "class4": "5",
        "LOC": "Tan Uyen district, mountainous areas, Vietnam",
        "NAME": "Vietnam",
        "classSun": "5",
        "class1": "HM"
      }
    },
    {
      "type": "Feature",
      "geometry": {
        "type": "Point",
        "coordinates": [104.0, 21.5]
      },
      "properties": {
        "label": "794",
        "pub_Time": "2019",
        "class4": "5",
        "LOC": "Mu Cang Chai District of Yen Bai Province, Vietnam",
        "NAME": "Vietnam",
        "classSun": "6",
        "class1": "HM"
      }
    },
    {
      "type": "Feature",
      "geometry": {
        "type": "Point",
        "coordinates": [104.5, 21.5]
      },
      "properties": {
        "label": "806",
        "pub_Time": "2023",
        "class4": "5",
        "LOC": "Nam Pam area, Vietnam",
        "NAME": "Vietnam",
        "classSun": "5",
        "class1": "HM"
      }
    },
    {
      "type": "Feature",
      "geometry": {
        "type": "Point",
        "coordinates": [108.0833, 15.0]
      },
      "properties": {
        "label": "951",
        "pub_Time": "2021",
        "class4": "6",
        "LOC": "Quang Nam, Vietnam",
        "NAME": "Vietnam",
        "classSun": "6",
        "class1": "HM"
      }
    },
    {
      "type": "Feature",
      "geometry": {
        "type": "Point",
        "coordinates": [107.1, 20.95]
      },
      "properties": {
        "label": "384",
        "pub_Time": "2021",
        "class4": "5",
        "LOC": "Ha Long city area, Quang Ninh province, Vietnam",
        "NAME": "Vietnam",
        "classSun": "5",
        "class1": "HM"
      }
    },
    {
      "type": "Feature",
      "geometry": {
        "type": "Point",
        "coordinates": [103.8333, 21.3333]
      },
      "properties": {
        "label": "1070",
        "pub_Time": "2021",
        "class4": "6",
        "LOC": "Son La hydropower reservoir basin, Vietnam",
        "NAME": "Vietnam",
        "classSun": "6",
        "class1": "HM"
      }
    },
    {
      "type": "Feature",
      "geometry": {
        "type": "Point",
        "coordinates": [107.6, 16.5]
      },
      "properties": {
        "label": "1209",
        "pub_Time": "2023",
        "class4": "6",
        "LOC": "Western region of Thua Thien Hue province, Thua Thien Hue province, Vietnam",
        "NAME": "Vietnam",
        "classSun": "6",
        "class1": "HM"
      }
    },
    {
      "type": "Feature",
      "geometry": {
        "type": "Point",
        "coordinates": [104.0, 22.0]
      },
      "properties": {
        "label": "1277",
        "pub_Time": "2019",
        "class4": "5",
        "LOC": "Mu Cang Chai District, Yen Bai Province, Vietnam",
        "NAME": "Vietnam",
        "classSun": "5",
        "class1": "HM"
      }
    },
    {
      "type": "Feature",
      "geometry": {
        "type": "Point",
        "coordinates": [104.9, 21.7]
      },
      "properties": {
        "label": "1274",
        "pub_Time": "2019",
        "class4": "5",
        "LOC": "Van Chan district, Yen Bai Province, Vietnam",
        "NAME": "Vietnam",
        "classSun": "6",
        "class1": "HM"
      }
    },
    {
      "type": "Feature",
      "geometry": {
        "type": "Point",
        "coordinates": [104.9, 21.7]
      },
      "properties": {
        "label": "1273",
        "pub_Time": "2020",
        "class4": "5",
        "LOC": "Van Chan district, Yen Bai Province, Vietnam",
        "NAME": "Vietnam",
        "classSun": "6",
        "class1": "HM"
      }
    },
    {
      "type": "Feature",
      "geometry": {
        "type": "Point",
        "coordinates": [111.052, 25.89]
      },
      "properties": {
        "label": "1283",
        "pub_Time": "2009",
        "LOC": "Wan county",
        "NAME": "China"
      }
    },
    {
      "type": "Feature",
      "geometry": {
        "type": "Point",
        "coordinates": [108.4, 30.8]
      },
      "properties": {
        "label": "1287",
        "pub_Time": "2016",
        "class4": "5",
        "LOC": "Wanzhou district in the Three Gorges Reservoir",
        "NAME": "China",
        "classSun": "5",
        "class1": "HM"
      }
    },
    {
      "type": "Feature",
      "geometry": {
        "type": "Point",
        "coordinates": [108.3874, 30.7038]
      },
      "properties": {
        "label": "1288",
        "pub_Time": "2023",
        "class4": "5",
        "LOC": "Wanzhou district of Chongqing city",
        "NAME": "China",
        "classSun": "6",
        "class1": "HM"
      }
    },
    {
      "type": "Feature",
      "geometry": {
        "type": "Point",
        "coordinates": [108.4, 30.8]
      },
      "properties": {
        "label": "1289",
        "pub_Time": "2005",
        "class4": "2",
        "LOC": "Wanzhou in Three Gorges Region",
        "NAME": "China",
        "classSun": "2",
        "class1": "MS"
      }
    },
    {
      "type": "Feature",
      "geometry": {
        "type": "Point",
        "coordinates": [121.5622, 25.0833]
      },
      "properties": {
        "label": "1291",
        "pub_Time": "2019",
        "class4": "4",
        "LOC": "watershed region in northern Taiwan",
        "NAME": "China",
        "classSun": "4",
        "class1": "ML"
      }
    },
    {
      "type": "Feature",
      "geometry": {
        "type": "Point",
        "coordinates": [103.6121, 31.5163]
      },
      "properties": {
        "label": "1296",
        "pub_Time": "2009",
        "LOC": "Wenchuan",
        "NAME": "China"
      }
    },
    {
      "type": "Feature",
      "geometry": {
        "type": "Point",
        "coordinates": [103.6121, 31.5163]
      },
      "properties": {
        "label": "1295",
        "pub_Time": "2020",
        "class4": "4",
        "LOC": "Wenchuan",
        "NAME": "China",
        "classSun": "4",
        "class1": "ML"
      }
    },
    {
      "type": "Feature",
      "geometry": {
        "type": "Point",
        "coordinates": [103.4, 31.0]
      },
      "properties": {
        "label": "1126",
        "pub_Time": "2011",
        "class4": "4",
        "LOC": "Subao River basin, Wenchuan",
        "NAME": "China",
        "classSun": "4",
        "class1": "ML"
      }
    },
    {
      "type": "Feature",
      "geometry": {
        "type": "Point",
        "coordinates": [103.6121, 31.5163]
      },
      "properties": {
        "label": "1297",
        "pub_Time": "2023",
        "class4": "5",
        "LOC": "Wenchuan area in southwestern China",
        "NAME": "China",
        "classSun": "6",
        "class1": "HM"
      }
    },
    {
      "type": "Feature",
      "geometry": {
        "type": "Point",
        "coordinates": [103.6105, 31.449]
      },
      "properties": {
        "label": "1299",
        "pub_Time": "2013",
        "class4": "2",
        "LOC": "Wenchuan County",
        "NAME": "China",
        "classSun": "2",
        "class1": "MS"
      }
    },
    {
      "type": "Feature",
      "geometry": {
        "type": "Point",
        "coordinates": [103.6105, 31.449]
      },
      "properties": {
        "label": "1298",
        "pub_Time": "2020",
        "class4": "4",
        "LOC": "Wenchuan County",
        "NAME": "China",
        "classSun": "4",
        "class1": "ML"
      }
    },
    {
      "type": "Feature",
      "geometry": {
        "type": "Point",
        "coordinates": [103.3923, 31.0031]
      },
      "properties": {
        "label": "1048",
        "pub_Time": "2010",
        "class4": "5",
        "LOC": "Sichuan, Province, Wenchuan County",
        "NAME": "China",
        "classSun": "5",
        "class1": "HM"
      }
    },
    {
      "type": "Feature",
      "geometry": {
        "type": "Point",
        "coordinates": [103.3923, 31.0031]
      },
      "properties": {
        "label": "1301",
        "pub_Time": "2022",
        "class4": "5",
        "LOC": "Wenchuan county, Wenchuan County",
        "NAME": "China",
        "classSun": "5",
        "class1": "HM"
      }
    },
    {
      "type": "Feature",
      "geometry": {
        "type": "Point",
        "coordinates": [103.3923, 31.0031]
      },
      "properties": {
        "label": "1302",
        "pub_Time": "2013",
        "class4": "1",
        "LOC": "Wenchuan earthquake area, Wenchuan earthquake area",
        "NAME": "China",
        "classSun": "1",
        "class1": "EE"
      }
    },
    {
      "type": "Feature",
      "geometry": {
        "type": "Point",
        "coordinates": [103.6105, 31.449]
      },
      "properties": {
        "label": "1303",
        "pub_Time": "2018",
        "LOC": "Wenchuan earthquake region of China",
        "NAME": "China"
      }
    },
    {
      "type": "Feature",
      "geometry": {
        "type": "Point",
        "coordinates": [103.3923, 31.0031]
      },
      "properties": {
        "label": "1306",
        "pub_Time": "2019",
        "class4": "3",
        "LOC": "Wenchuan, Wenchuan region",
        "NAME": "China",
        "classSun": "3",
        "class1": "MM"
      }
    },
    {
      "type": "Feature",
      "geometry": {
        "type": "Point",
        "coordinates": [35.7574, 41.2745]
      },
      "properties": {
        "label": "1307",
        "pub_Time": "2008",
        "class4": "5",
        "LOC": "West Black Sea Region of Turkey",
        "NAME": "Turkey",
        "classSun": "5",
        "class1": "HM"
      }
    },
    {
      "type": "Feature",
      "geometry": {
        "type": "Point",
        "coordinates": [53.689, 32.123]
      },
      "properties": {
        "label": "1309",
        "pub_Time": "2019",
        "class4": "5",
        "LOC": "West of Iran",
        "NAME": "Iran",
        "classSun": "5",
        "class1": "HM"
      }
    },
    {
      "type": "Feature",
      "geometry": {
        "type": "Point",
        "coordinates": [47.0, 34.5]
      },
      "properties": {
        "label": "632",
        "pub_Time": "2018",
        "class4": "5",
        "LOC": "Layleh valley, Kermanshah, west of Iran",
        "NAME": "Iran",
        "classSun": "5",
        "class1": "HM"
      }
    },
    {
      "type": "Feature",
      "geometry": {
        "type": "Point",
        "coordinates": [20.2202, 38.2466]
      },
      "properties": {
        "label": "1319",
        "pub_Time": "2019",
        "class4": "2",
        "LOC": "Western Greece",
        "NAME": "Greece",
        "classSun": "2",
        "class1": "MS"
      }
    },
    {
      "type": "Feature",
      "geometry": {
        "type": "Point",
        "coordinates": [73.7242, 34.3295]
      },
      "properties": {
        "label": "1320",
        "pub_Time": "2011",
        "class4": "5",
        "LOC": "Western Himalayan Kaghan Valley of Pakistan",
        "NAME": "Pakistan",
        "classSun": "5",
        "class1": "HM"
      }
    },
    {
      "type": "Feature",
      "geometry": {
        "type": "Point",
        "coordinates": [50.85, 32.4]
      },
      "properties": {
        "label": "1321",
        "pub_Time": "2019",
        "class4": "5",
        "LOC": "Western Iran",
        "NAME": "Iran",
        "classSun": "5",
        "class1": "HM"
      }
    },
    {
      "type": "Feature",
      "geometry": {
        "type": "Point",
        "coordinates": [123.0218, 47.4042]
      },
      "properties": {
        "label": "1322",
        "pub_Time": "2009",
        "class4": "3",
        "LOC": "western Olympic Mountains of Washington State",
        "NAME": "China",
        "classSun": "3",
        "class1": "MM"
      }
    },
    {
      "type": "Feature",
      "geometry": {
        "type": "Point",
        "coordinates": [19.358, 44.0632]
      },
      "properties": {
        "label": "1324",
        "pub_Time": "2019",
        "class4": "5",
        "LOC": "western part of the Republic of Serbia",
        "NAME": "Bosnia and Herz.",
        "classSun": "5",
        "class1": "HM"
      }
    },
    {
      "type": "Feature",
      "geometry": {
        "type": "Point",
        "coordinates": [10.2, 47.2]
      },
      "properties": {
        "label": "1325",
        "pub_Time": "2008",
        "class4": "2",
        "LOC": "western part of Tyrol/Austria",
        "NAME": "Austria",
        "classSun": "2",
        "class1": "MS"
      }
    },
    {
      "type": "Feature",
      "geometry": {
        "type": "Point",
        "coordinates": [29.737, -2.0769]
      },
      "properties": {
        "label": "1326",
        "pub_Time": "2019",
        "class4": "1",
        "LOC": "western province of Rwanda",
        "NAME": "Rwanda",
        "classSun": "1",
        "class1": "EE"
      }
    },
    {
      "type": "Feature",
      "geometry": {
        "type": "Point",
        "coordinates": [105.0956, 28.7941]
      },
      "properties": {
        "label": "1330",
        "pub_Time": "2013",
        "class4": "4",
        "LOC": "Wudu County in northwestern China",
        "NAME": "China",
        "classSun": "4",
        "class1": "ML"
      }
    },
    {
      "type": "Feature",
      "geometry": {
        "type": "Point",
        "coordinates": [113.169, 24.6223]
      },
      "properties": {
        "label": "1331",
        "pub_Time": "2017",
        "LOC": "Wulipo",
        "NAME": "China"
      }
    },
    {
      "type": "Feature",
      "geometry": {
        "type": "Point",
        "coordinates": [102.6794, 28.5144]
      },
      "properties": {
        "label": "1337",
        "pub_Time": "2017",
        "class4": "3",
        "LOC": "Xiangjiaba Reservoir area",
        "NAME": "China",
        "classSun": "3",
        "class1": "MM"
      }
    },
    {
      "type": "Feature",
      "geometry": {
        "type": "Point",
        "coordinates": [102.6064, 29.2234]
      },
      "properties": {
        "label": "1340",
        "pub_Time": "2004",
        "class4": "1",
        "LOC": "Xiaojiang watershed",
        "NAME": "China",
        "classSun": "1",
        "class1": "EE"
      }
    },
    {
      "type": "Feature",
      "geometry": {
        "type": "Point",
        "coordinates": [102.4603, 27.7434]
      },
      "properties": {
        "label": "1342",
        "pub_Time": "2017",
        "class4": "5",
        "LOC": "Xing Guo County",
        "NAME": "China",
        "classSun": "5",
        "class1": "HM"
      }
    },
    {
      "type": "Feature",
      "geometry": {
        "type": "Point",
        "coordinates": [115.5, 29.5]
      },
      "properties": {
        "label": "1346",
        "pub_Time": "2015",
        "class4": "5",
        "LOC": "Xiushui, Xiushui area",
        "NAME": "China",
        "classSun": "5",
        "class1": "HM"
      }
    },
    {
      "type": "Feature",
      "geometry": {
        "type": "Point",
        "coordinates": [115.0004, 25.0872]
      },
      "properties": {
        "label": "1348",
        "pub_Time": "2022",
        "class4": "4",
        "LOC": "Xunwu",
        "NAME": "China",
        "classSun": "4",
        "class1": "ML"
      }
    },
    {
      "type": "Feature",
      "geometry": {
        "type": "Point",
        "coordinates": [102.5842, 28.7313]
      },
      "properties": {
        "label": "1352",
        "pub_Time": "2021",
        "class4": "3",
        "LOC": "Yangfanggou hydropower station on the Yalong River",
        "NAME": "China",
        "classSun": "3",
        "class1": "MM"
      }
    },
    {
      "type": "Feature",
      "geometry": {
        "type": "Point",
        "coordinates": [107.9, 30.7]
      },
      "properties": {
        "label": "328",
        "pub_Time": "2003",
        "class4": "2",
        "LOC": "residential quarters along two flanks of the Yangtze River, highways along the south bank of the Yangtze River, Fengdu County, reservoir region of the Three Gorges project, Yangtze River",
        "NAME": "China",
        "classSun": "2",
        "class1": "MS"
      }
    },
    {
      "type": "Feature",
      "geometry": {
        "type": "Point",
        "coordinates": [92.1, 29.0]
      },
      "properties": {
        "label": "1358",
        "pub_Time": "2022",
        "class4": "5",
        "LOC": "Yarlung Zangbo Grand Canyon region",
        "NAME": "China",
        "classSun": "5",
        "class1": "HM"
      }
    },
    {
      "type": "Feature",
      "geometry": {
        "type": "Point",
        "coordinates": [32.6419, 41.197]
      },
      "properties": {
        "label": "1360",
        "pub_Time": "2018",
        "class4": "5",
        "LOC": "Yenice district of Karabuk in Turkey",
        "NAME": "Turkey",
        "classSun": "6",
        "class1": "HM"
      }
    },
    {
      "type": "Feature",
      "geometry": {
        "type": "Point",
        "coordinates": [127.254, 37.3929]
      },
      "properties": {
        "label": "1368",
        "pub_Time": "2002",
        "class4": "4",
        "LOC": "Yongin in Korea",
        "NAME": "South Korea",
        "classSun": "4",
        "class1": "ML"
      }
    },
    {
      "type": "Feature",
      "geometry": {
        "type": "Point",
        "coordinates": [127.254, 37.3929]
      },
      "properties": {
        "label": "1367",
        "pub_Time": "2003",
        "LOC": "Yongin in Korea",
        "NAME": "South Korea"
      }
    },
    {
      "type": "Feature",
      "geometry": {
        "type": "Point",
        "coordinates": [114.0125, 29.2361]
      },
      "properties": {
        "label": "1375",
        "pub_Time": "2024",
        "class4": "6",
        "LOC": "Yongxin County from China",
        "NAME": "China",
        "classSun": "6",
        "class1": "HM"
      }
    },
    {
      "type": "Feature",
      "geometry": {
        "type": "Point",
        "coordinates": [109.251, 23.551]
      },
      "properties": {
        "label": "1380",
        "pub_Time": "2019",
        "class4": "4",
        "LOC": "Youfang catchment",
        "NAME": "China",
        "classSun": "4",
        "class1": "ML"
      }
    },
    {
      "type": "Feature",
      "geometry": {
        "type": "Point",
        "coordinates": [-122.3594, 38.2018]
      },
      "properties": {
        "label": "1384",
        "pub_Time": "2013",
        "class4": "4",
        "LOC": "Yountville and Capell Valley",
        "NAME": "United States of America",
        "classSun": "4",
        "class1": "ML"
      }
    },
    {
      "type": "Feature",
      "geometry": {
        "type": "Point",
        "coordinates": [100.0, 24.0]
      },
      "properties": {
        "label": "676",
        "pub_Time": "2023",
        "class4": "5",
        "LOC": "Ludian, Luding, Yunnan",
        "NAME": "China",
        "classSun": "5",
        "class1": "HM"
      }
    },
    {
      "type": "Feature",
      "geometry": {
        "type": "Point",
        "coordinates": [102.712, 24.047]
      },
      "properties": {
        "label": "1388",
        "pub_Time": "2023",
        "class4": "5",
        "LOC": "Yunnan Province",
        "NAME": "China",
        "classSun": "5",
        "class1": "HM"
      }
    },
    {
      "type": "Feature",
      "geometry": {
        "type": "Point",
        "coordinates": [101.0, 25.0]
      },
      "properties": {
        "label": "1390",
        "pub_Time": "2020",
        "class4": "5",
        "LOC": "Yunnan, Yunnan Province",
        "NAME": "China",
        "classSun": "5",
        "class1": "HM"
      }
    },
    {
      "type": "Feature",
      "geometry": {
        "type": "Point",
        "coordinates": [93.907, 32.465]
      },
      "properties": {
        "label": "1394",
        "pub_Time": "2022",
        "class4": "6",
        "LOC": "Yuzi River catchment along the eastern margin of the Tibetan Plateau",
        "NAME": "China",
        "classSun": "6",
        "class1": "HM"
      }
    },
    {
      "type": "Feature",
      "geometry": {
        "type": "Point",
        "coordinates": [43.3672, 41.9239]
      },
      "properties": {
        "label": "1395",
        "pub_Time": "2011",
        "class4": "1",
        "LOC": "Zab river basin",
        "NAME": "Georgia",
        "classSun": "1",
        "class1": "EE"
      }
    },
    {
      "type": "Feature",
      "geometry": {
        "type": "Point",
        "coordinates": [110.56, 33.4333]
      },
      "properties": {
        "label": "1404",
        "pub_Time": "2021",
        "class4": "5",
        "LOC": "Zhenping County",
        "NAME": "China",
        "classSun": "5",
        "class1": "HM"
      }
    },
    {
      "type": "Feature",
      "geometry": {
        "type": "Point",
        "coordinates": [104.9067, 33.8464]
      },
      "properties": {
        "label": "1410",
        "pub_Time": "2013",
        "class4": "4",
        "LOC": "Zhouqu segment in the Bailongjiang basin in north - western China",
        "NAME": "China",
        "classSun": "4",
        "class1": "ML"
      }
    },
    {
      "type": "Feature",
      "geometry": {
        "type": "Point",
        "coordinates": [111.2052, 32.9057]
      },
      "properties": {
        "label": "1412",
        "pub_Time": "2021",
        "class4": "5",
        "LOC": "Zhushan County in China",
        "NAME": "China",
        "classSun": "5",
        "class1": "HM"
      }
    },
    {
      "type": "Feature",
      "geometry": {
        "type": "Point",
        "coordinates": [110.7816, 30.3301]
      },
      "properties": {
        "label": "1417",
        "pub_Time": "2023",
        "class4": "4",
        "LOC": "Zigui",
        "NAME": "China",
        "classSun": "4",
        "class1": "ML"
      }
    },
    {
      "type": "Feature",
      "geometry": {
        "type": "Point",
        "coordinates": [110.8366, 30.2845]
      },
      "properties": {
        "label": "1418",
        "pub_Time": "2020",
        "class4": "5",
        "LOC": "Zigui - Badong area",
        "NAME": "China",
        "classSun": "6",
        "class1": "HM"
      }
    },
    {
      "type": "Feature",
      "geometry": {
        "type": "Point",
        "coordinates": [110.8254, 30.287]
      },
      "properties": {
        "label": "1420",
        "pub_Time": "2023",
        "class4": "5",
        "LOC": "Zigui - Badong section in the Three Gorges",
        "NAME": "China",
        "classSun": "5",
        "class1": "HM"
      }
    },
    {
      "type": "Feature",
      "geometry": {
        "type": "Point",
        "coordinates": [110.8152, 30.2931]
      },
      "properties": {
        "label": "1423",
        "pub_Time": "2023",
        "class4": "6",
        "LOC": "Zigui Badong area of the Three Gorges Reservoir area",
        "NAME": "China",
        "classSun": "6",
        "class1": "HM"
      }
    },
    {
      "type": "Feature",
      "geometry": {
        "type": "Point",
        "coordinates": [110.8291, 30.2985]
      },
      "properties": {
        "label": "1427",
        "pub_Time": "2023",
        "class4": "4",
        "LOC": "Zigui to Badong section of the Three Gorges Reservoir",
        "NAME": "China",
        "classSun": "4",
        "class1": "ML"
      }
    }
  ]
}
