"~id","~start_node_id","~end_node_id","~relationship_type"
"0","4000","6440","exist_in"
"1","4001","6440","exist_in"
"2","4002","6440","exist_in"
"3","4003","6440","exist_in"
"4","4004","6440","exist_in"
"5","4005","6440","exist_in"
"6","4006","6442","exist_in"
"7","4007","6442","exist_in"
"8","4008","6442","exist_in"
"9","4009","6442","exist_in"
"10","4010","6442","exist_in"
"11","4011","6442","exist_in"
"12","4012","6442","exist_in"
"13","4013","6443","exist_in"
"14","4014","6443","exist_in"
"15","4015","6443","exist_in"
"16","4016","6443","exist_in"
"17","4017","6444","exist_in"
"18","4018","6444","exist_in"
"19","4019","6445","exist_in"
"20","4020","6445","exist_in"
"21","4021","6445","exist_in"
"22","4022","6445","exist_in"
"23","4023","6446","exist_in"
"24","4024","6446","exist_in"
"25","4025","6446","exist_in"
"26","4026","6446","exist_in"
"27","4027","6447","exist_in"
"28","4028","6448","exist_in"
"29","4029","6448","exist_in"
"30","4030","6448","exist_in"
"31","4031","6448","exist_in"
"32","4032","6449","exist_in"
"33","4033","6450","exist_in"
"34","4034","6451","exist_in"
"35","4035","6451","exist_in"
"36","4036","6451","exist_in"
"37","4037","6452","exist_in"
"38","4028","6453","exist_in"
"39","4038","6453","exist_in"
"40","4039","6453","exist_in"
"41","4040","6453","exist_in"
"42","4041","6453","exist_in"
"43","4042","6453","exist_in"
"44","4043","6453","exist_in"
"45","4044","6453","exist_in"
"46","4045","6453","exist_in"
"47","4011","6453","exist_in"
"48","4046","6453","exist_in"
"49","4047","6454","exist_in"
"50","4048","6455","exist_in"
"51","4049","6455","exist_in"
"52","4050","6455","exist_in"
"53","4051","6456","exist_in"
"54","4052","6456","exist_in"
"55","4053","6456","exist_in"
"56","4054","6456","exist_in"
"57","4019","6456","exist_in"
"58","4055","6456","exist_in"
"59","4056","6456","exist_in"
"60","4057","6456","exist_in"
"61","4058","6457","exist_in"
"62","4059","6457","exist_in"
"63","4030","6458","exist_in"
"64","4060","6458","exist_in"
"65","4061","6458","exist_in"
"66","4062","6458","exist_in"
"67","4063","6459","exist_in"
"68","4064","6460","exist_in"
"69","4065","6461","exist_in"
"70","4066","6461","exist_in"
"71","4067","6461","exist_in"
"72","4020","6462","exist_in"
"73","4068","6462","exist_in"
"74","4030","6462","exist_in"
"75","4069","6462","exist_in"
"76","4070","6462","exist_in"
"77","4071","6463","exist_in"
"78","4072","6463","exist_in"
"79","4073","6463","exist_in"
"80","4074","6465","exist_in"
"81","4020","6465","exist_in"
"82","4075","6465","exist_in"
"83","4076","6465","exist_in"
"84","4077","6465","exist_in"
"85","4078","6466","exist_in"
"86","4068","6466","exist_in"
"87","4079","6466","exist_in"
"88","4080","6468","exist_in"
"89","4081","6468","exist_in"
"90","4082","6468","exist_in"
"91","4083","6468","exist_in"
"92","4084","6468","exist_in"
"93","4085","6468","exist_in"
"94","4086","6468","exist_in"
"95","4087","6468","exist_in"
"96","4088","6468","exist_in"
"97","4089","6468","exist_in"
"98","4090","6468","exist_in"
"99","4091","6468","exist_in"
"100","4092","6468","exist_in"
"101","4093","6470","exist_in"
"102","4094","6470","exist_in"
"103","4095","6470","exist_in"
"104","4096","6470","exist_in"
"105","4097","6470","exist_in"
"106","4098","6470","exist_in"
"107","4099","6470","exist_in"
"108","4100","6471","exist_in"
"109","4101","6471","exist_in"
"110","4102","6471","exist_in"
"111","4103","6471","exist_in"
"112","4104","6471","exist_in"
"113","4105","6471","exist_in"
"114","4106","6471","exist_in"
"115","4107","6471","exist_in"
"116","4108","6471","exist_in"
"117","4109","6471","exist_in"
"118","4110","6472","exist_in"
"119","4111","6472","exist_in"
"120","4112","6472","exist_in"
"121","4113","6472","exist_in"
"122","4011","6472","exist_in"
"123","4114","6472","exist_in"
"124","4115","6472","exist_in"
"125","4068","6473","exist_in"
"126","4116","6473","exist_in"
"127","4028","6474","exist_in"
"128","4029","6474","exist_in"
"129","4080","6474","exist_in"
"130","4117","6474","exist_in"
"131","4118","6474","exist_in"
"132","4119","6474","exist_in"
"133","4031","6474","exist_in"
"134","4089","6474","exist_in"
"135","4120","6474","exist_in"
"136","4121","6475","exist_in"
"137","4122","6475","exist_in"
"138","4030","6476","exist_in"
"139","4082","6476","exist_in"
"140","4123","6476","exist_in"
"141","4007","6476","exist_in"
"142","4124","6476","exist_in"
"143","4125","6476","exist_in"
"144","4126","6476","exist_in"
"145","4127","6476","exist_in"
"146","4128","6477","exist_in"
"147","4129","6477","exist_in"
"148","4030","6479","exist_in"
"149","4068","6479","exist_in"
"150","4131","6479","exist_in"
"151","4132","6479","exist_in"
"152","4133","6480","exist_in"
"153","4134","6480","exist_in"
"154","4135","6481","exist_in"
"155","4136","6481","exist_in"
"156","4137","6482","exist_in"
"157","4138","6483","exist_in"
"158","4139","6483","exist_in"
"159","4140","6483","exist_in"
"160","4141","6484","exist_in"
"161","4142","6485","exist_in"
"162","4143","6485","exist_in"
"163","4020","6486","exist_in"
"164","4019","6486","exist_in"
"165","4051","6486","exist_in"
"166","4144","6486","exist_in"
"167","4145","6486","exist_in"
"168","4146","6487","exist_in"
"169","4147","6487","exist_in"
"170","4148","6487","exist_in"
"171","4149","6487","exist_in"
"172","4150","6488","exist_in"
"173","4151","6488","exist_in"
"174","4152","6488","exist_in"
"175","4153","6489","exist_in"
"176","4154","6489","exist_in"
"177","4155","6490","exist_in"
"178","4156","6490","exist_in"
"179","4020","6491","exist_in"
"180","4040","6492","exist_in"
"181","4157","6492","exist_in"
"182","4158","6492","exist_in"
"183","4045","6492","exist_in"
"184","4159","6492","exist_in"
"185","4019","6493","exist_in"
"186","4081","6493","exist_in"
"187","4160","6493","exist_in"
"188","4019","6494","exist_in"
"189","4161","6495","exist_in"
"190","4162","6495","exist_in"
"191","4163","6495","exist_in"
"192","4164","6496","exist_in"
"193","4028","6497","exist_in"
"194","4018","6497","exist_in"
"195","4165","6497","exist_in"
"196","4137","6499","exist_in"
"197","4166","6500","exist_in"
"198","4018","6500","exist_in"
"199","4068","6501","exist_in"
"200","4167","6502","exist_in"
"201","4120","6503","exist_in"
"202","4168","6504","exist_in"
"203","4065","6504","exist_in"
"204","4169","6504","exist_in"
"205","4170","6504","exist_in"
"206","4171","6504","exist_in"
"207","4172","6504","exist_in"
"208","4173","6504","exist_in"
"209","4174","6504","exist_in"
"210","4175","6506","exist_in"
"211","4176","6506","exist_in"
"212","4177","6507","exist_in"
"213","4178","6507","exist_in"
"214","4179","6507","exist_in"
"215","4180","6508","exist_in"
"216","4181","6508","exist_in"
"217","4182","6508","exist_in"
"218","4183","6508","exist_in"
"219","4184","6508","exist_in"
"220","4185","6509","exist_in"
"221","4186","6509","exist_in"
"222","4187","6509","exist_in"
"223","4188","6509","exist_in"
"224","4030","6511","exist_in"
"225","4189","6511","exist_in"
"226","4074","6513","exist_in"
"227","4190","6513","exist_in"
"228","4020","6513","exist_in"
"229","4076","6513","exist_in"
"230","4191","6513","exist_in"
"231","4192","6514","exist_in"
"232","4193","6514","exist_in"
"233","4194","6514","exist_in"
"234","4195","6515","exist_in"
"235","4196","6515","exist_in"
"236","4197","6516","exist_in"
"237","4175","6517","exist_in"
"238","4198","6517","exist_in"
"239","4019","6517","exist_in"
"240","4199","6517","exist_in"
"241","4200","6517","exist_in"
"242","4201","6518","exist_in"
"243","4202","6518","exist_in"
"244","4020","6519","exist_in"
"245","4119","6519","exist_in"
"246","4190","6519","exist_in"
"247","4019","6519","exist_in"
"248","4068","6519","exist_in"
"249","4203","6519","exist_in"
"250","4204","6519","exist_in"
"251","4205","6519","exist_in"
"252","4206","6519","exist_in"
"253","4207","6519","exist_in"
"254","4208","6519","exist_in"
"255","4209","6519","exist_in"
"256","4120","6519","exist_in"
"257","4191","6519","exist_in"
"258","4022","6519","exist_in"
"259","4210","6520","exist_in"
"260","4211","6520","exist_in"
"261","4212","6520","exist_in"
"262","4213","6520","exist_in"
"263","4214","6520","exist_in"
"264","4215","6521","exist_in"
"265","4216","6521","exist_in"
"266","4217","6522","exist_in"
"267","4218","6523","exist_in"
"268","4030","6524","exist_in"
"269","4219","6525","exist_in"
"270","4220","6525","exist_in"
"271","4221","6525","exist_in"
"272","4041","6525","exist_in"
"273","4222","6525","exist_in"
"274","4223","6525","exist_in"
"275","4224","6525","exist_in"
"276","4011","6525","exist_in"
"277","4225","6525","exist_in"
"278","4226","6525","exist_in"
"279","4227","6526","exist_in"
"280","4221","6526","exist_in"
"281","4228","6526","exist_in"
"282","4041","6526","exist_in"
"283","4229","6526","exist_in"
"284","4230","6526","exist_in"
"285","4157","6526","exist_in"
"286","4231","6526","exist_in"
"287","4011","6526","exist_in"
"288","4232","6529","exist_in"
"289","4233","6530","exist_in"
"290","4234","6531","exist_in"
"291","4020","6531","exist_in"
"292","4119","6533","exist_in"
"293","4020","6533","exist_in"
"294","4190","6533","exist_in"
"295","4120","6533","exist_in"
"296","4191","6533","exist_in"
"297","4068","6534","exist_in"
"298","4020","6534","exist_in"
"299","4235","6534","exist_in"
"300","4137","6534","exist_in"
"301","4035","6534","exist_in"
"302","4027","6535","exist_in"
"303","4236","6535","exist_in"
"304","4237","6536","exist_in"
"305","4020","6537","exist_in"
"306","4068","6537","exist_in"
"307","4030","6537","exist_in"
"308","4030","6537","exist_in"
"309","4238","6538","exist_in"
"310","4239","6539","exist_in"
"311","4240","6539","exist_in"
"312","4241","6542","exist_in"
"313","4242","6542","exist_in"
"314","4019","6543","exist_in"
"315","4243","6543","exist_in"
"316","4244","6543","exist_in"
"317","4030","6544","exist_in"
"318","4245","6544","exist_in"
"319","4189","6544","exist_in"
"320","4246","6544","exist_in"
"321","4247","6546","exist_in"
"322","4248","6546","exist_in"
"323","4154","6547","exist_in"
"324","4020","6548","exist_in"
"325","4249","6549","exist_in"
"326","4250","6550","exist_in"
"327","4251","6551","exist_in"
"328","4252","6552","exist_in"
"329","4253","6553","exist_in"
"330","4254","6554","exist_in"
"331","4255","6555","exist_in"
"332","4256","6558","exist_in"
"333","4257","6561","exist_in"
"334","4161","6562","exist_in"
"335","4258","6562","exist_in"
"336","4068","6562","exist_in"
"337","4030","6562","exist_in"
"338","4259","6564","exist_in"
"339","4219","6564","exist_in"
"340","4260","6564","exist_in"
"341","4261","6564","exist_in"
"342","4224","6564","exist_in"
"343","4262","6565","exist_in"
"344","4161","6565","exist_in"
"345","4039","6565","exist_in"
"346","4038","6565","exist_in"
"347","4041","6565","exist_in"
"348","4263","6565","exist_in"
"349","4264","6565","exist_in"
"350","4265","6565","exist_in"
"351","4144","6565","exist_in"
"352","4266","6565","exist_in"
"353","4043","6565","exist_in"
"354","4267","6565","exist_in"
"355","4268","6565","exist_in"
"356","4068","6566","exist_in"
"357","4049","6566","exist_in"
"358","4269","6567","exist_in"
"359","4030","6567","exist_in"
"360","4038","6567","exist_in"
"361","4270","6567","exist_in"
"362","4271","6567","exist_in"
"363","4043","6567","exist_in"
"364","4272","6567","exist_in"
"365","4019","6568","exist_in"
"366","4161","6568","exist_in"
"367","4175","6568","exist_in"
"368","4131","6568","exist_in"
"369","4273","6568","exist_in"
"370","4274","6568","exist_in"
"371","4275","6568","exist_in"
"372","4199","6568","exist_in"
"373","4276","6568","exist_in"
"374","4277","6568","exist_in"
"375","4278","6570","exist_in"
"376","4072","6570","exist_in"
"377","4279","6570","exist_in"
"378","4280","6571","exist_in"
"379","4281","6571","exist_in"
"380","4282","6571","exist_in"
"381","4283","6571","exist_in"
"382","4284","6572","exist_in"
"383","4285","6572","exist_in"
"384","4286","6573","exist_in"
"385","4261","6573","exist_in"
"386","4287","6574","exist_in"
"387","4288","6575","exist_in"
"388","4289","6575","exist_in"
"389","4290","6575","exist_in"
"390","4291","6576","exist_in"
"391","4292","6577","exist_in"
"392","4027","6577","exist_in"
"393","4293","6578","exist_in"
"394","4294","6578","exist_in"
"395","4295","6579","exist_in"
"396","4019","6579","exist_in"
"397","4296","6579","exist_in"
"398","4297","6580","exist_in"
"399","4298","6581","exist_in"
"400","4299","6581","exist_in"
"401","4300","6581","exist_in"
"402","4301","6581","exist_in"
"403","4302","6582","exist_in"
"404","4303","6583","exist_in"
"405","4304","6585","exist_in"
"406","4305","6585","exist_in"
"407","4306","6586","exist_in"
"408","4307","6586","exist_in"
"409","4251","6587","exist_in"
"410","4308","6587","exist_in"
"411","4304","6588","exist_in"
"412","4309","6588","exist_in"
"413","4310","6588","exist_in"
"414","4311","6589","exist_in"
"415","4175","6590","exist_in"
"416","4199","6590","exist_in"
"417","4312","6592","exist_in"
"418","4313","6592","exist_in"
"419","4314","6593","exist_in"
"420","4022","6594","exist_in"
"421","4315","6595","exist_in"
"422","4161","6596","exist_in"
"423","4316","6596","exist_in"
"424","4020","6596","exist_in"
"425","4235","6596","exist_in"
"426","4190","6596","exist_in"
"427","4074","6596","exist_in"
"428","4317","6596","exist_in"
"429","4318","6596","exist_in"
"430","4137","6596","exist_in"
"431","4191","6596","exist_in"
"432","4319","6596","exist_in"
"433","4020","6598","exist_in"
"434","4320","6598","exist_in"
"435","4235","6599","exist_in"
"436","4019","6599","exist_in"
"437","4022","6599","exist_in"
"438","4137","6599","exist_in"
"439","4321","6600","exist_in"
"440","4043","6601","exist_in"
"441","4322","6602","exist_in"
"442","4068","6602","exist_in"
"443","4323","6602","exist_in"
"444","4324","6603","exist_in"
"445","4325","6603","exist_in"
"446","4326","6603","exist_in"
"447","4327","6603","exist_in"
"448","4328","6603","exist_in"
"449","4329","6603","exist_in"
"450","4330","6603","exist_in"
"451","4331","6603","exist_in"
"452","4332","6604","exist_in"
"453","4333","6604","exist_in"
"454","4334","6604","exist_in"
"455","4068","6604","exist_in"
"456","4335","6604","exist_in"
"457","4336","6604","exist_in"
"458","4337","6604","exist_in"
"459","4175","6605","exist_in"
"460","4199","6605","exist_in"
"461","4338","6605","exist_in"
"462","4339","6605","exist_in"
"463","4020","6607","exist_in"
"464","4320","6607","exist_in"
"465","4235","6607","exist_in"
"466","4190","6607","exist_in"
"467","4340","6607","exist_in"
"468","4339","6607","exist_in"
"469","4341","6608","exist_in"
"470","4019","6609","exist_in"
"471","4020","6609","exist_in"
"472","4342","6609","exist_in"
"473","4304","6610","exist_in"
"474","4019","6610","exist_in"
"475","4343","6610","exist_in"
"476","4344","6610","exist_in"
"477","4022","6610","exist_in"
"478","4345","6612","exist_in"
"479","4038","6613","exist_in"
"480","4346","6613","exist_in"
"481","4347","6613","exist_in"
"482","4348","6613","exist_in"
"483","4349","6613","exist_in"
"484","4043","6613","exist_in"
"485","4049","6613","exist_in"
"486","4350","6614","exist_in"
"487","4316","6614","exist_in"
"488","4351","6614","exist_in"
"489","4352","6614","exist_in"
"490","4353","6614","exist_in"
"491","4161","6615","exist_in"
"492","4316","6615","exist_in"
"493","4354","6615","exist_in"
"494","4355","6616","exist_in"
"495","4068","6616","exist_in"
"496","4030","6616","exist_in"
"497","4121","6616","exist_in"
"498","4356","6616","exist_in"
"499","4357","6616","exist_in"
"500","4189","6616","exist_in"
"501","4358","6616","exist_in"
"502","4359","6616","exist_in"
"503","4153","6617","exist_in"
"504","4163","6617","exist_in"
"505","4360","6617","exist_in"
"506","4019","6620","exist_in"
"507","4068","6621","exist_in"
"508","4361","6621","exist_in"
"509","4362","6622","exist_in"
"510","4363","6622","exist_in"
"511","4364","6622","exist_in"
"512","4365","6622","exist_in"
"513","4011","6622","exist_in"
"514","4114","6622","exist_in"
"515","4366","6622","exist_in"
"516","4367","6622","exist_in"
"517","4368","6623","exist_in"
"518","4369","6623","exist_in"
"519","4370","6625","exist_in"
"520","4039","6626","exist_in"
"521","4321","6626","exist_in"
"522","4371","6626","exist_in"
"523","4372","6627","exist_in"
"524","4043","6627","exist_in"
"525","4373","6629","exist_in"
"526","4190","6631","exist_in"
"527","4068","6631","exist_in"
"528","4191","6631","exist_in"
"529","4153","6632","exist_in"
"530","4374","6632","exist_in"
"531","4375","6632","exist_in"
"532","4376","6632","exist_in"
"533","4377","6632","exist_in"
"534","4378","6632","exist_in"
"535","4379","6632","exist_in"
"536","4380","6632","exist_in"
"537","4376","6633","exist_in"
"538","4381","6634","exist_in"
"539","4382","6635","exist_in"
"540","4383","6635","exist_in"
"541","4384","6635","exist_in"
"542","4251","6635","exist_in"
"543","4385","6635","exist_in"
"544","4386","6635","exist_in"
"545","4387","6637","exist_in"
"546","4388","6637","exist_in"
"547","4389","6637","exist_in"
"548","4020","6638","exist_in"
"549","4038","6638","exist_in"
"550","4068","6638","exist_in"
"551","4043","6638","exist_in"
"552","4121","6639","exist_in"
"553","4390","6639","exist_in"
"554","4122","6639","exist_in"
"555","4391","6639","exist_in"
"556","4190","6640","exist_in"
"557","4068","6640","exist_in"
"558","4392","6640","exist_in"
"559","4393","6640","exist_in"
"560","4394","6640","exist_in"
"561","4191","6640","exist_in"
"562","4395","6640","exist_in"
"563","4396","6640","exist_in"
"564","4397","6641","exist_in"
"565","4398","6641","exist_in"
"566","4068","6642","exist_in"
"567","4331","6643","exist_in"
"568","4399","6644","exist_in"
"569","4400","6644","exist_in"
"570","4401","6645","exist_in"
"571","4402","6645","exist_in"
"572","4403","6645","exist_in"
"573","4404","6645","exist_in"
"574","4161","6646","exist_in"
"575","4405","6646","exist_in"
"576","4068","6646","exist_in"
"577","4051","6646","exist_in"
"578","4019","6646","exist_in"
"579","4055","6646","exist_in"
"580","4056","6646","exist_in"
"581","4022","6646","exist_in"
"582","4406","6646","exist_in"
"583","4407","6646","exist_in"
"584","4020","6647","exist_in"
"585","4068","6647","exist_in"
"586","4408","6648","exist_in"
"587","4409","6648","exist_in"
"588","4035","6648","exist_in"
"589","4410","6648","exist_in"
"590","4411","6648","exist_in"
"591","4412","6648","exist_in"
"592","4413","6648","exist_in"
"593","4020","6650","exist_in"
"594","4019","6650","exist_in"
"595","4414","6650","exist_in"
"596","4068","6650","exist_in"
"597","4415","6650","exist_in"
"598","4022","6650","exist_in"
"599","4019","6651","exist_in"
"600","4020","6651","exist_in"
"601","4022","6651","exist_in"
"602","4416","6652","exist_in"
"603","4417","6653","exist_in"
"604","4418","6653","exist_in"
"605","4419","6653","exist_in"
"606","4420","6653","exist_in"
"607","4137","6653","exist_in"
"608","4421","6653","exist_in"
"609","4020","6654","exist_in"
"610","4190","6654","exist_in"
"611","4422","6654","exist_in"
"612","4191","6654","exist_in"
"613","4423","6654","exist_in"
"614","4424","6655","exist_in"
"615","4425","6655","exist_in"
"616","4426","6655","exist_in"
"617","4427","6655","exist_in"
"618","4428","6655","exist_in"
"619","4049","6655","exist_in"
"620","4429","6655","exist_in"
"621","4430","6656","exist_in"
"622","4007","6656","exist_in"
"623","4431","6656","exist_in"
"624","4432","6656","exist_in"
"625","4433","6656","exist_in"
"626","4434","6656","exist_in"
"627","4435","6656","exist_in"
"628","4436","6657","exist_in"
"629","4437","6657","exist_in"
"630","4438","6658","exist_in"
"631","4439","6659","exist_in"
"632","4190","6659","exist_in"
"633","4030","6659","exist_in"
"634","4440","6659","exist_in"
"635","4137","6659","exist_in"
"636","4441","6659","exist_in"
"637","4191","6659","exist_in"
"638","4030","6660","exist_in"
"639","4038","6660","exist_in"
"640","4043","6660","exist_in"
"641","4442","6661","exist_in"
"642","4443","6662","exist_in"
"643","4152","6664","exist_in"
"644","4444","6664","exist_in"
"645","4445","6665","exist_in"
"646","4446","6665","exist_in"
"647","4447","6668","exist_in"
"648","4448","6668","exist_in"
"649","4449","6669","exist_in"
"650","4076","6669","exist_in"
"651","4019","6670","exist_in"
"652","4450","6670","exist_in"
"653","4451","6670","exist_in"
"654","4452","6670","exist_in"
"655","4453","6670","exist_in"
"656","4454","6671","exist_in"
"657","4455","6671","exist_in"
"658","4456","6671","exist_in"
"659","4235","6672","exist_in"
"660","4457","6672","exist_in"
"661","4458","6672","exist_in"
"662","4074","6672","exist_in"
"663","4119","6672","exist_in"
"664","4459","6672","exist_in"
"665","4137","6672","exist_in"
"666","4460","6672","exist_in"
"667","4076","6672","exist_in"
"668","4020","6673","exist_in"
"669","4320","6673","exist_in"
"670","4461","6674","exist_in"
"671","4462","6676","exist_in"
"672","4463","6676","exist_in"
"673","4464","6678","exist_in"
"674","4019","6679","exist_in"
"675","4147","6679","exist_in"
"676","4030","6681","exist_in"
"677","4039","6682","exist_in"
"678","4007","6682","exist_in"
"679","4068","6682","exist_in"
"680","4465","6683","exist_in"
"681","4466","6683","exist_in"
"682","4467","6683","exist_in"
"683","4468","6683","exist_in"
"684","4469","6683","exist_in"
"685","4470","6683","exist_in"
"686","4471","6683","exist_in"
"687","4472","6684","exist_in"
"688","4473","6684","exist_in"
"689","4474","6686","exist_in"
"690","4475","6686","exist_in"
"691","4476","6686","exist_in"
"692","4477","6686","exist_in"
"693","4478","6686","exist_in"
"694","4068","6686","exist_in"
"695","4030","6686","exist_in"
"696","4161","6686","exist_in"
"697","4137","6686","exist_in"
"698","4479","6687","exist_in"
"699","4480","6687","exist_in"
"700","4481","6687","exist_in"
"701","4074","6688","exist_in"
"702","4076","6688","exist_in"
"703","4035","6688","exist_in"
"704","4068","6689","exist_in"
"705","4119","6689","exist_in"
"706","4120","6689","exist_in"
"707","4482","6690","exist_in"
"708","4483","6690","exist_in"
"709","4484","6690","exist_in"
"710","4485","6692","exist_in"
"711","4144","6692","exist_in"
"712","4486","6693","exist_in"
"713","4007","6693","exist_in"
"714","4487","6693","exist_in"
"715","4261","6693","exist_in"
"716","4488","6693","exist_in"
"717","4489","6694","exist_in"
"718","4490","6695","exist_in"
"719","4491","6695","exist_in"
"720","4492","6695","exist_in"
"721","4493","6695","exist_in"
"722","4027","6695","exist_in"
"723","4339","6695","exist_in"
"724","4422","6696","exist_in"
"725","4423","6696","exist_in"
"726","4020","6697","exist_in"
"727","4035","6697","exist_in"
"728","4019","6698","exist_in"
"729","4022","6698","exist_in"
"730","4494","6698","exist_in"
"731","4019","6699","exist_in"
"732","4495","6700","exist_in"
"733","4030","6701","exist_in"
"734","4496","6701","exist_in"
"735","4497","6701","exist_in"
"736","4022","6702","exist_in"
"737","4498","6702","exist_in"
"738","4076","6704","exist_in"
"739","4128","6705","exist_in"
"740","4019","6705","exist_in"
"741","4499","6705","exist_in"
"742","4500","6705","exist_in"
"743","4501","6705","exist_in"
"744","4502","6705","exist_in"
"745","4503","6706","exist_in"
"746","4019","6706","exist_in"
"747","4022","6706","exist_in"
"748","4019","6707","exist_in"
"749","4030","6707","exist_in"
"750","4022","6707","exist_in"
"751","4038","6708","exist_in"
"752","4504","6708","exist_in"
"753","4505","6708","exist_in"
"754","4506","6708","exist_in"
"755","4043","6708","exist_in"
"756","4507","6708","exist_in"
"757","4011","6708","exist_in"
"758","4508","6708","exist_in"
"759","4509","6708","exist_in"
"760","4510","6709","exist_in"
"761","4511","6709","exist_in"
"762","4512","6709","exist_in"
"763","4513","6709","exist_in"
"764","4514","6709","exist_in"
"765","4515","6710","exist_in"
"766","4068","6711","exist_in"
"767","4516","6712","exist_in"
"768","4517","6712","exist_in"
"769","4518","6712","exist_in"
"770","4294","6712","exist_in"
"771","4519","6712","exist_in"
"772","4321","6713","exist_in"
"773","4520","6714","exist_in"
"774","4521","6714","exist_in"
"775","4520","6715","exist_in"
"776","4521","6715","exist_in"
"777","4522","6716","exist_in"
"778","4022","6717","exist_in"
"779","4523","6718","exist_in"
"780","4013","6718","exist_in"
"781","4030","6718","exist_in"
"782","4524","6718","exist_in"
"783","4015","6718","exist_in"
"784","4525","6721","exist_in"
"785","4068","6722","exist_in"
"786","4030","6722","exist_in"
"787","4526","6723","exist_in"
"788","4527","6723","exist_in"
"789","4528","6723","exist_in"
"790","4529","6723","exist_in"
"791","4530","6725","exist_in"
"792","4531","6725","exist_in"
"793","4532","6725","exist_in"
"794","4533","6726","exist_in"
"795","4534","6728","exist_in"
"796","4535","6728","exist_in"
"797","4536","6728","exist_in"
"798","4537","6728","exist_in"
"799","4538","6728","exist_in"
"800","4467","6729","exist_in"
"801","4539","6729","exist_in"
"802","4537","6729","exist_in"
"803","4540","6730","exist_in"
"804","4541","6730","exist_in"
"805","4521","6730","exist_in"
"806","4542","6730","exist_in"
"807","4543","6730","exist_in"
"808","4544","6730","exist_in"
"809","4020","6732","exist_in"
"810","4161","6732","exist_in"
"811","4007","6732","exist_in"
"812","4545","6732","exist_in"
"813","4546","6732","exist_in"
"814","4030","6733","exist_in"
"815","4219","6733","exist_in"
"816","4131","6733","exist_in"
"817","4547","6733","exist_in"
"818","4548","6733","exist_in"
"819","4335","6733","exist_in"
"820","4549","6733","exist_in"
"821","4550","6733","exist_in"
"822","4132","6733","exist_in"
"823","4395","6733","exist_in"
"824","4049","6733","exist_in"
"825","4020","6734","exist_in"
"826","4068","6734","exist_in"
"827","4019","6734","exist_in"
"828","4551","6734","exist_in"
"829","4342","6734","exist_in"
"830","4022","6734","exist_in"
"831","4552","6735","exist_in"
"832","4155","6735","exist_in"
"833","4553","6736","exist_in"
"834","4554","6736","exist_in"
"835","4555","6739","exist_in"
"836","4556","6739","exist_in"
"837","4557","6739","exist_in"
"838","4350","6740","exist_in"
"839","4558","6740","exist_in"
"840","4321","6740","exist_in"
"841","4559","6740","exist_in"
"842","4560","6741","exist_in"
"843","4002","6742","exist_in"
"844","4561","6742","exist_in"
"845","4029","6742","exist_in"
"846","4005","6742","exist_in"
"847","4562","6743","exist_in"
"848","4563","6743","exist_in"
"849","4022","6743","exist_in"
"850","4564","6744","exist_in"
"851","4565","6744","exist_in"
"852","4566","6744","exist_in"
"853","4424","6746","exist_in"
"854","4567","6746","exist_in"
"855","4568","6746","exist_in"
"856","4569","6746","exist_in"
"857","4570","6746","exist_in"
"858","4571","6746","exist_in"
"859","4572","6746","exist_in"
"860","4573","6746","exist_in"
"861","4339","6748","exist_in"
"862","4574","6749","exist_in"
"863","4575","6750","exist_in"
"864","4576","6751","exist_in"
"865","4577","6751","exist_in"
"866","4157","6751","exist_in"
"867","4039","6751","exist_in"
"868","4074","6751","exist_in"
"869","4190","6751","exist_in"
"870","4578","6751","exist_in"
"871","4579","6751","exist_in"
"872","4159","6751","exist_in"
"873","4580","6751","exist_in"
"874","4076","6751","exist_in"
"875","4035","6751","exist_in"
"876","4191","6751","exist_in"
"877","4581","6752","exist_in"
"878","4582","6752","exist_in"
"879","4583","6752","exist_in"
"880","4120","6753","exist_in"
"881","4584","6754","exist_in"
"882","4041","6754","exist_in"
"883","4265","6754","exist_in"
"884","4585","6754","exist_in"
"885","4586","6754","exist_in"
"886","4587","6754","exist_in"
"887","4588","6754","exist_in"
"888","4268","6754","exist_in"
"889","4589","6755","exist_in"
"890","4027","6757","exist_in"
"891","4019","6759","exist_in"
"892","4235","6759","exist_in"
"893","4590","6759","exist_in"
"894","4137","6759","exist_in"
"895","4591","6759","exist_in"
"896","4304","6760","exist_in"
"897","4030","6760","exist_in"
"898","4592","6760","exist_in"
"899","4020","6761","exist_in"
"900","4019","6761","exist_in"
"901","4021","6761","exist_in"
"902","4593","6761","exist_in"
"903","4022","6761","exist_in"
"904","4020","6762","exist_in"
"905","4068","6762","exist_in"
"906","4142","6763","exist_in"
"907","4143","6763","exist_in"
"908","4019","6765","exist_in"
"909","4594","6766","exist_in"
"910","4595","6766","exist_in"
"911","4596","6766","exist_in"
"912","4597","6766","exist_in"
"913","4598","6766","exist_in"
"914","4599","6767","exist_in"
"915","4600","6768","exist_in"
"916","4068","6770","exist_in"
"917","4601","6770","exist_in"
"918","4442","6770","exist_in"
"919","4602","6771","exist_in"
"920","4603","6771","exist_in"
"921","4604","6771","exist_in"
"922","4537","6771","exist_in"
"923","4605","6771","exist_in"
"924","4606","6775","exist_in"
"925","4607","6775","exist_in"
"926","4608","6775","exist_in"
"927","4027","6776","exist_in"
"928","4339","6776","exist_in"
"929","4068","6777","exist_in"
"930","4038","6777","exist_in"
"931","4043","6777","exist_in"
"932","4609","6778","exist_in"
"933","4610","6778","exist_in"
"934","4611","6778","exist_in"
"935","4517","6778","exist_in"
"936","4612","6778","exist_in"
"937","4141","6778","exist_in"
"938","4613","6778","exist_in"
"939","4614","6779","exist_in"
"940","4615","6779","exist_in"
"941","4616","6781","exist_in"
"942","4617","6781","exist_in"
"943","4014","6781","exist_in"
"944","4618","6781","exist_in"
"945","4031","6781","exist_in"
"946","4619","6781","exist_in"
"947","4620","6781","exist_in"
"948","4621","6781","exist_in"
"949","4422","6782","exist_in"
"950","4068","6782","exist_in"
"951","4425","6782","exist_in"
"952","4622","6782","exist_in"
"953","4623","6782","exist_in"
"954","4423","6782","exist_in"
"955","4624","6782","exist_in"
"956","4625","6783","exist_in"
"957","4626","6783","exist_in"
"958","4627","6785","exist_in"
"959","4256","6786","exist_in"
"960","4628","6787","exist_in"
"961","4629","6787","exist_in"
"962","4422","6787","exist_in"
"963","4630","6787","exist_in"
"964","4631","6787","exist_in"
"965","4423","6787","exist_in"
"966","4019","6788","exist_in"
"967","4632","6788","exist_in"
"968","4022","6788","exist_in"
"969","4450","6789","exist_in"
"970","4407","6789","exist_in"
"971","4020","6790","exist_in"
"972","4065","6791","exist_in"
"973","4633","6791","exist_in"
"974","4634","6791","exist_in"
"975","4635","6791","exist_in"
"976","4636","6791","exist_in"
"977","4637","6793","exist_in"
"978","4516","6794","exist_in"
"979","4516","6795","exist_in"
"980","4638","6794","exist_in"
"981","4638","6795","exist_in"
"982","4516","6794","exist_in"
"983","4516","6795","exist_in"
"984","4639","6794","exist_in"
"985","4639","6795","exist_in"
"986","4638","6794","exist_in"
"987","4638","6795","exist_in"
"988","4640","6797","exist_in"
"989","4641","6797","exist_in"
"990","4019","6798","exist_in"
"991","4642","6798","exist_in"
"992","4284","6799","exist_in"
"993","4643","6799","exist_in"
"994","4030","6801","exist_in"
"995","4644","6801","exist_in"
"996","4029","6801","exist_in"
"997","4119","6801","exist_in"
"998","4103","6801","exist_in"
"999","4645","6801","exist_in"
"1000","4105","6801","exist_in"
"1001","4646","6801","exist_in"
"1002","4031","6801","exist_in"
"1003","4019","6802","exist_in"
"1004","4137","6803","exist_in"
"1005","4030","6804","exist_in"
"1006","4035","6804","exist_in"
"1007","4647","6805","exist_in"
"1008","4648","6805","exist_in"
"1009","4595","6805","exist_in"
"1010","4649","6805","exist_in"
"1011","4650","6805","exist_in"
"1012","4128","6805","exist_in"
"1013","4020","6805","exist_in"
"1014","4651","6805","exist_in"
"1015","4652","6805","exist_in"
"1016","4019","6806","exist_in"
"1017","4020","6806","exist_in"
"1018","4516","6806","exist_in"
"1019","4653","6806","exist_in"
"1020","4022","6806","exist_in"
"1021","4654","6806","exist_in"
"1022","4076","6807","exist_in"
"1023","4655","6808","exist_in"
"1024","4038","6808","exist_in"
"1025","4044","6808","exist_in"
"1026","4043","6808","exist_in"
"1027","4656","6809","exist_in"
"1028","4141","6810","exist_in"
"1029","4657","6814","exist_in"
"1030","4658","6814","exist_in"
"1031","4659","6814","exist_in"
"1032","4660","6814","exist_in"
"1033","4660","6814","exist_in"
"1034","4661","6814","exist_in"
"1035","4298","6815","exist_in"
"1036","4662","6815","exist_in"
"1037","4030","6816","exist_in"
"1038","4663","6816","exist_in"
"1039","4664","6816","exist_in"
"1040","4072","6816","exist_in"
"1041","4665","6817","exist_in"
"1042","4666","6819","exist_in"
"1043","4304","6820","exist_in"
"1044","4667","6820","exist_in"
"1045","4144","6821","exist_in"
"1046","4019","6822","exist_in"
"1047","4068","6822","exist_in"
"1048","4668","6822","exist_in"
"1049","4669","6822","exist_in"
"1050","4035","6822","exist_in"
"1051","4670","6822","exist_in"
"1052","4671","6822","exist_in"
"1053","4020","6823","exist_in"
"1054","4019","6823","exist_in"
"1055","4068","6823","exist_in"
"1056","4672","6823","exist_in"
"1057","4673","6824","exist_in"
"1058","4674","6824","exist_in"
"1059","4675","6824","exist_in"
"1060","4676","6824","exist_in"
"1061","4019","6826","exist_in"
"1062","4022","6826","exist_in"
"1063","4677","6827","exist_in"
"1064","4153","6827","exist_in"
"1065","4678","6827","exist_in"
"1066","4154","6827","exist_in"
"1067","4679","6828","exist_in"
"1068","4680","6828","exist_in"
"1069","4681","6828","exist_in"
"1070","4682","6828","exist_in"
"1071","4683","6828","exist_in"
"1072","4335","6828","exist_in"
"1073","4684","6829","exist_in"
"1074","4685","6830","exist_in"
"1075","4686","6830","exist_in"
"1076","4687","6831","exist_in"
"1077","4339","6831","exist_in"
"1078","4019","6832","exist_in"
"1079","4688","6832","exist_in"
"1080","4689","6832","exist_in"
"1081","4324","6835","exist_in"
"1082","4019","6835","exist_in"
"1083","4690","6835","exist_in"
"1084","4331","6835","exist_in"
"1085","4022","6835","exist_in"
"1086","4131","6837","exist_in"
"1087","4525","6837","exist_in"
"1088","4694","6838","exist_in"
"1089","4695","6838","exist_in"
"1090","4696","6838","exist_in"
"1091","4019","6839","exist_in"
"1092","4175","6839","exist_in"
"1093","4697","6839","exist_in"
"1094","4698","6839","exist_in"
"1095","4699","6839","exist_in"
"1096","4700","6839","exist_in"
"1097","4701","6839","exist_in"
"1098","4702","6839","exist_in"
"1099","4703","6839","exist_in"
"1100","4704","6839","exist_in"
"1101","4176","6839","exist_in"
"1102","4705","6839","exist_in"
"1103","4068","6840","exist_in"
"1104","4019","6841","exist_in"
"1105","4235","6841","exist_in"
"1106","4137","6841","exist_in"
"1107","4706","6842","exist_in"
"1108","4707","6842","exist_in"
"1109","4020","6843","exist_in"
"1110","4020","6845","exist_in"
"1111","4019","6845","exist_in"
"1112","4022","6845","exist_in"
"1113","4708","6846","exist_in"
"1114","4236","6847","exist_in"
"1115","4191","6847","exist_in"
"1116","4007","6848","exist_in"
"1117","4709","6848","exist_in"
"1118","4710","6848","exist_in"
"1119","4711","6849","exist_in"
"1120","4068","6851","exist_in"
"1121","4712","6851","exist_in"
"1122","4040","6851","exist_in"
"1123","4713","6851","exist_in"
"1124","4714","6851","exist_in"
"1125","4019","6852","exist_in"
"1126","4068","6852","exist_in"
"1127","4715","6852","exist_in"
"1128","4022","6852","exist_in"
"1129","4020","6854","exist_in"
"1130","4716","6855","exist_in"
"1131","4717","6855","exist_in"
"1132","4120","6856","exist_in"
"1133","4718","6857","exist_in"
"1134","4235","6860","exist_in"
"1135","4068","6860","exist_in"
"1136","4137","6860","exist_in"
"1137","4719","6860","exist_in"
"1138","4557","6860","exist_in"
"1139","4720","6860","exist_in"
"1140","4721","6861","exist_in"
"1141","4040","6861","exist_in"
"1142","4039","6861","exist_in"
"1143","4068","6861","exist_in"
"1144","4722","6861","exist_in"
"1145","4321","6861","exist_in"
"1146","4045","6861","exist_in"
"1147","4723","6861","exist_in"
"1148","4724","6861","exist_in"
"1149","4339","6861","exist_in"
"1150","4725","6862","exist_in"
"1151","4726","6862","exist_in"
"1152","4030","6862","exist_in"
"1153","4727","6862","exist_in"
"1154","4728","6862","exist_in"
"1155","4729","6862","exist_in"
"1156","4730","6862","exist_in"
"1157","4731","6864","exist_in"
"1158","4074","6865","exist_in"
"1159","4020","6865","exist_in"
"1160","4732","6865","exist_in"
"1161","4733","6866","exist_in"
"1162","4302","6866","exist_in"
"1163","4144","6866","exist_in"
"1164","4734","6868","exist_in"
"1165","4161","6869","exist_in"
"1166","4735","6869","exist_in"
"1167","4068","6869","exist_in"
"1168","4595","6870","exist_in"
"1169","4035","6871","exist_in"
"1170","4736","6872","exist_in"
"1171","4737","6872","exist_in"
"1172","4019","6874","exist_in"
"1173","4738","6874","exist_in"
"1174","4022","6874","exist_in"
"1175","4739","6875","exist_in"
"1176","4740","6875","exist_in"
"1177","4741","6875","exist_in"
"1178","4215","6876","exist_in"
"1179","4422","6876","exist_in"
"1180","4423","6876","exist_in"
"1181","4020","6877","exist_in"
"1182","4495","6877","exist_in"
"1183","4020","6878","exist_in"
"1184","4742","6879","exist_in"
"1185","4020","6879","exist_in"
"1186","4418","6879","exist_in"
"1187","4137","6879","exist_in"
"1188","4743","6879","exist_in"
"1189","4744","6880","exist_in"
"1190","4745","6880","exist_in"
"1191","4746","6881","exist_in"
"1192","4747","6882","exist_in"
"1193","4518","6882","exist_in"
"1194","4748","6883","exist_in"
"1195","4749","6883","exist_in"
"1196","4076","6883","exist_in"
"1197","4080","6884","exist_in"
"1198","4304","6884","exist_in"
"1199","4750","6884","exist_in"
"1200","4068","6885","exist_in"
"1201","4751","6885","exist_in"
"1202","4730","6885","exist_in"
"1203","4752","6886","exist_in"
"1204","4068","6888","exist_in"
"1205","4161","6891","exist_in"
"1206","4753","6891","exist_in"
"1207","4038","6891","exist_in"
"1208","4486","6891","exist_in"
"1209","4045","6891","exist_in"
"1210","4043","6891","exist_in"
"1211","4754","6892","exist_in"
"1212","4755","6893","exist_in"
"1213","4756","6893","exist_in"
"1214","4027","6894","exist_in"
"1215","4757","6894","exist_in"
"1216","4758","6894","exist_in"
"1217","4759","6894","exist_in"
"1218","4760","6894","exist_in"
"1219","4020","6895","exist_in"
"1220","4761","6895","exist_in"
"1221","4762","6895","exist_in"
"1222","4763","6895","exist_in"
"1223","4764","6895","exist_in"
"1224","4765","6895","exist_in"
"1225","4766","6895","exist_in"
"1226","4767","6895","exist_in"
"1227","4768","6896","exist_in"
"1228","4020","6897","exist_in"
"1229","4235","6897","exist_in"
"1230","4320","6897","exist_in"
"1231","4769","6897","exist_in"
"1232","4770","6897","exist_in"
"1233","4339","6897","exist_in"
"1234","4771","6897","exist_in"
"1235","4772","6897","exist_in"
"1236","4773","6898","exist_in"
"1237","4774","6898","exist_in"
"1238","4775","6899","exist_in"
"1239","4397","6899","exist_in"
"1240","4776","6899","exist_in"
"1241","4080","6900","exist_in"
"1242","4274","6900","exist_in"
"1243","4082","6900","exist_in"
"1244","4777","6900","exist_in"
"1245","4778","6900","exist_in"
"1246","4779","6900","exist_in"
"1247","4780","6900","exist_in"
"1248","4781","6900","exist_in"
"1249","4782","6900","exist_in"
"1250","4783","6900","exist_in"
"1251","4784","6900","exist_in"
"1252","4785","6900","exist_in"
"1253","4089","6900","exist_in"
"1254","4091","6900","exist_in"
"1255","4019","6901","exist_in"
"1256","4020","6901","exist_in"
"1257","4022","6901","exist_in"
"1258","4786","6902","exist_in"
"1259","4339","6904","exist_in"
"1260","4030","6907","exist_in"
"1261","4787","6908","exist_in"
"1262","4788","6908","exist_in"
"1263","4789","6909","exist_in"
"1264","4030","6911","exist_in"
"1265","4790","6911","exist_in"
"1266","4740","6912","exist_in"
"1267","4035","6912","exist_in"
"1268","4791","6912","exist_in"
"1269","4020","6913","exist_in"
"1270","4235","6913","exist_in"
"1271","4019","6913","exist_in"
"1272","4137","6913","exist_in"
"1273","4792","6914","exist_in"
"1274","4793","6914","exist_in"
"1275","4043","6914","exist_in"
"1276","4794","6915","exist_in"
"1277","4217","6915","exist_in"
"1278","4407","6916","exist_in"
"1279","4787","6916","exist_in"
"1280","4019","6917","exist_in"
"1281","4795","6917","exist_in"
"1282","4022","6917","exist_in"
"1283","4796","6917","exist_in"
"1284","4797","6919","exist_in"
"1285","4798","6921","exist_in"
"1286","4799","6921","exist_in"
"1287","4019","6923","exist_in"
"1288","4800","6923","exist_in"
"1289","4801","6923","exist_in"
"1290","4802","6924","exist_in"
"1291","4019","6925","exist_in"
"1292","4803","6925","exist_in"
"1293","4020","6925","exist_in"
"1294","4022","6925","exist_in"
"1295","4804","6925","exist_in"
"1296","4805","6926","exist_in"
"1297","4806","6926","exist_in"
"1298","4807","6926","exist_in"
"1299","4027","6929","exist_in"
"1300","4808","6929","exist_in"
"1301","4809","6930","exist_in"
"1302","4810","6930","exist_in"
"1303","4811","6930","exist_in"
"1304","4812","6930","exist_in"
"1305","4007","6931","exist_in"
"1306","4813","6931","exist_in"
"1307","4123","6931","exist_in"
"1308","4814","6931","exist_in"
"1309","4815","6931","exist_in"
"1310","4816","6931","exist_in"
"1311","4127","6931","exist_in"
"1312","4817","6932","exist_in"
"1313","4027","6932","exist_in"
"1314","4083","6933","exist_in"
"1315","4080","6933","exist_in"
"1316","4818","6933","exist_in"
"1317","4092","6933","exist_in"
"1318","4089","6933","exist_in"
"1319","4819","6934","exist_in"
"1320","4820","6934","exist_in"
"1321","4821","6935","exist_in"
"1322","4189","6936","exist_in"
"1323","4030","6936","exist_in"
"1324","4822","6936","exist_in"
"1325","4823","6936","exist_in"
"1326","4824","6937","exist_in"
"1327","4315","6937","exist_in"
"1328","4825","6939","exist_in"
"1329","4030","6940","exist_in"
"1330","4442","6941","exist_in"
"1331","4826","6943","exist_in"
"1332","4744","6943","exist_in"
"1333","4343","6943","exist_in"
"1334","4019","6943","exist_in"
"1335","4344","6943","exist_in"
"1336","4827","6943","exist_in"
"1337","4022","6943","exist_in"
"1338","4684","6944","exist_in"
"1339","4068","6945","exist_in"
"1340","4019","6945","exist_in"
"1341","4020","6945","exist_in"
"1342","4422","6945","exist_in"
"1343","4116","6945","exist_in"
"1344","4022","6945","exist_in"
"1345","4423","6945","exist_in"
"1346","4828","6945","exist_in"
"1347","4829","6946","exist_in"
"1348","4830","6946","exist_in"
"1349","4831","6946","exist_in"
"1350","4832","6947","exist_in"
"1351","4833","6947","exist_in"
"1352","4834","6947","exist_in"
"1353","4495","6948","exist_in"
"1354","4137","6948","exist_in"
"1355","4835","6949","exist_in"
"1356","4152","6950","exist_in"
"1357","4236","6951","exist_in"
"1358","4027","6951","exist_in"
"1359","4236","6952","exist_in"
"1360","4027","6952","exist_in"
"1361","4836","6953","exist_in"
"1362","4837","6953","exist_in"
"1363","4738","6954","exist_in"
"1364","4019","6956","exist_in"
"1365","4022","6956","exist_in"
"1366","4838","6956","exist_in"
"1367","4019","6957","exist_in"
"1368","4030","6957","exist_in"
"1369","4407","6958","exist_in"
"1370","4028","6959","exist_in"
"1371","4038","6959","exist_in"
"1372","4040","6959","exist_in"
"1373","4014","6959","exist_in"
"1374","4839","6959","exist_in"
"1375","4840","6959","exist_in"
"1376","4841","6959","exist_in"
"1377","4842","6959","exist_in"
"1378","4843","6959","exist_in"
"1379","4043","6959","exist_in"
"1380","4371","6959","exist_in"
"1381","4045","6959","exist_in"
"1382","4011","6959","exist_in"
"1383","4844","6959","exist_in"
"1384","4845","6960","exist_in"
"1385","4846","6960","exist_in"
"1386","4847","6961","exist_in"
"1387","4131","6961","exist_in"
"1388","4848","6961","exist_in"
"1389","4849","6961","exist_in"
"1390","4395","6961","exist_in"
"1391","4850","6961","exist_in"
"1392","4851","6961","exist_in"
"1393","4852","6962","exist_in"
"1394","4068","6962","exist_in"
"1395","4853","6962","exist_in"
"1396","4020","6964","exist_in"
"1397","4409","6964","exist_in"
"1398","4019","6964","exist_in"
"1399","4411","6964","exist_in"
"1400","4040","6965","exist_in"
"1401","4038","6965","exist_in"
"1402","4045","6965","exist_in"
"1403","4043","6965","exist_in"
"1404","4019","6966","exist_in"
"1405","4854","6967","exist_in"
"1406","4305","6967","exist_in"
"1407","4855","6968","exist_in"
"1408","4856","6968","exist_in"
"1409","4857","6968","exist_in"
"1410","4858","6968","exist_in"
"1411","4859","6968","exist_in"
"1412","4068","6969","exist_in"
"1413","4040","6969","exist_in"
"1414","4045","6969","exist_in"
"1415","4335","6970","exist_in"
"1416","4068","6971","exist_in"
"1417","4860","6971","exist_in"
"1418","4007","6972","exist_in"
"1419","4425","6972","exist_in"
"1420","4624","6972","exist_in"
"1421","4335","6972","exist_in"
"1422","4068","6973","exist_in"
"1423","4666","6974","exist_in"
"1424","4861","6974","exist_in"
"1425","4295","6975","exist_in"
"1426","4862","6975","exist_in"
"1427","4863","6975","exist_in"
"1428","4864","6975","exist_in"
"1429","4043","6975","exist_in"
"1430","4027","6976","exist_in"
"1431","4128","6977","exist_in"
"1432","4119","6977","exist_in"
"1433","4865","6977","exist_in"
"1434","4866","6977","exist_in"
"1435","4075","6978","exist_in"
"1436","4867","6978","exist_in"
"1437","4868","6979","exist_in"
"1438","4190","6980","exist_in"
"1439","4068","6980","exist_in"
"1440","4019","6980","exist_in"
"1441","4869","6980","exist_in"
"1442","4870","6980","exist_in"
"1443","4871","6980","exist_in"
"1444","4872","6980","exist_in"
"1445","4191","6980","exist_in"
"1446","4813","6981","exist_in"
"1447","4873","6981","exist_in"
"1448","4874","6983","exist_in"
"1449","4048","6983","exist_in"
"1450","4225","6983","exist_in"
"1451","4875","6983","exist_in"
"1452","4050","6983","exist_in"
"1453","4039","6984","exist_in"
"1454","4258","6984","exist_in"
"1455","4030","6985","exist_in"
"1456","4876","6985","exist_in"
"1457","4877","6985","exist_in"
"1458","4019","6986","exist_in"
"1459","4199","6986","exist_in"
"1460","4878","6987","exist_in"
"1461","4879","6989","exist_in"
"1462","4038","6989","exist_in"
"1463","4043","6989","exist_in"
"1464","4065","6990","exist_in"
"1465","4065","7367","exist_in"
"1466","4041","6990","exist_in"
"1467","4041","7367","exist_in"
"1468","4259","6990","exist_in"
"1469","4259","7367","exist_in"
"1470","4220","6990","exist_in"
"1471","4220","7367","exist_in"
"1472","4011","6990","exist_in"
"1473","4011","7367","exist_in"
"1474","4880","6990","exist_in"
"1475","4880","7367","exist_in"
"1476","4881","6991","exist_in"
"1477","4014","6991","exist_in"
"1478","4856","6991","exist_in"
"1479","4882","6991","exist_in"
"1480","4028","6991","exist_in"
"1481","4874","6991","exist_in"
"1482","4048","6991","exist_in"
"1483","4883","6991","exist_in"
"1484","4016","6991","exist_in"
"1485","4859","6991","exist_in"
"1486","4884","6991","exist_in"
"1487","4861","6992","exist_in"
"1488","4885","6993","exist_in"
"1489","4886","6993","exist_in"
"1490","4887","6993","exist_in"
"1491","4888","6993","exist_in"
"1492","4161","6994","exist_in"
"1493","4889","6994","exist_in"
"1494","4890","6994","exist_in"
"1495","4891","6994","exist_in"
"1496","4892","6994","exist_in"
"1497","4225","6994","exist_in"
"1498","4893","6994","exist_in"
"1499","4261","6994","exist_in"
"1500","4011","6994","exist_in"
"1501","4019","6996","exist_in"
"1502","4894","6996","exist_in"
"1503","4895","6997","exist_in"
"1504","4391","6997","exist_in"
"1505","4189","6998","exist_in"
"1506","4030","6998","exist_in"
"1507","4029","6998","exist_in"
"1508","4028","6998","exist_in"
"1509","4896","6998","exist_in"
"1510","4897","6998","exist_in"
"1511","4898","6998","exist_in"
"1512","4899","6998","exist_in"
"1513","4039","7000","exist_in"
"1514","4040","7000","exist_in"
"1515","4045","7000","exist_in"
"1516","4900","7001","exist_in"
"1517","4901","7002","exist_in"
"1518","4902","7002","exist_in"
"1519","4903","7003","exist_in"
"1520","4904","7003","exist_in"
"1521","4905","7003","exist_in"
"1522","4080","7005","exist_in"
"1523","4082","7005","exist_in"
"1524","4029","7005","exist_in"
"1525","4190","7005","exist_in"
"1526","4906","7005","exist_in"
"1527","4907","7005","exist_in"
"1528","4778","7005","exist_in"
"1529","4908","7005","exist_in"
"1530","4909","7005","exist_in"
"1531","4910","7005","exist_in"
"1532","4911","7005","exist_in"
"1533","4912","7005","exist_in"
"1534","4083","7005","exist_in"
"1535","4089","7005","exist_in"
"1536","4091","7005","exist_in"
"1537","4913","7005","exist_in"
"1538","4191","7005","exist_in"
"1539","4065","7006","exist_in"
"1540","4022","7006","exist_in"
"1541","4423","7006","exist_in"
"1542","4020","7007","exist_in"
"1543","4030","7007","exist_in"
"1544","4190","7008","exist_in"
"1545","4191","7008","exist_in"
"1546","4019","7009","exist_in"
"1547","4593","7009","exist_in"
"1548","4022","7009","exist_in"
"1549","4914","7010","exist_in"
"1550","4251","7011","exist_in"
"1551","4915","7012","exist_in"
"1552","4916","7012","exist_in"
"1553","4917","7012","exist_in"
"1554","4918","7012","exist_in"
"1555","4919","7012","exist_in"
"1556","4920","7012","exist_in"
"1557","4921","7013","exist_in"
"1558","4922","7013","exist_in"
"1559","4923","7013","exist_in"
"1560","4094","7015","exist_in"
"1561","4093","7015","exist_in"
"1562","4080","7016","exist_in"
"1563","4924","7016","exist_in"
"1564","4083","7016","exist_in"
"1565","4925","7016","exist_in"
"1566","4926","7016","exist_in"
"1567","4927","7016","exist_in"
"1568","4089","7016","exist_in"
"1569","4928","7016","exist_in"
"1570","4234","7017","exist_in"
"1571","4020","7017","exist_in"
"1572","4929","7018","exist_in"
"1573","4517","7018","exist_in"
"1574","4153","7018","exist_in"
"1575","4930","7018","exist_in"
"1576","4931","7018","exist_in"
"1577","4932","7018","exist_in"
"1578","4933","7018","exist_in"
"1579","4154","7018","exist_in"
"1580","4934","7019","exist_in"
"1581","4935","7019","exist_in"
"1582","4936","7019","exist_in"
"1583","4080","7020","exist_in"
"1584","4257","7020","exist_in"
"1585","4937","7020","exist_in"
"1586","4089","7020","exist_in"
"1587","4030","7021","exist_in"
"1588","4938","7021","exist_in"
"1589","4939","7022","exist_in"
"1590","4940","7022","exist_in"
"1591","4941","7023","exist_in"
"1592","4942","7024","exist_in"
"1593","4757","7024","exist_in"
"1594","4943","7030","exist_in"
"1595","4068","7030","exist_in"
"1596","4189","7030","exist_in"
"1597","4030","7030","exist_in"
"1598","4944","7030","exist_in"
"1599","4074","7031","exist_in"
"1600","4076","7031","exist_in"
"1601","4945","7031","exist_in"
"1602","4946","7033","exist_in"
"1603","4027","7033","exist_in"
"1604","4947","7033","exist_in"
"1605","4948","7033","exist_in"
"1606","4949","7033","exist_in"
"1607","4019","7034","exist_in"
"1608","4199","7034","exist_in"
"1609","4516","7035","exist_in"
"1610","4020","7035","exist_in"
"1611","4051","7035","exist_in"
"1612","4653","7035","exist_in"
"1613","4019","7035","exist_in"
"1614","4654","7035","exist_in"
"1615","4056","7035","exist_in"
"1616","4022","7035","exist_in"
"1617","4035","7036","exist_in"
"1618","4950","7037","exist_in"
"1619","4068","7039","exist_in"
"1620","4951","7039","exist_in"
"1621","4952","7039","exist_in"
"1622","4953","7039","exist_in"
"1623","4954","7040","exist_in"
"1624","4955","7040","exist_in"
"1625","4030","7040","exist_in"
"1626","4956","7040","exist_in"
"1627","4957","7040","exist_in"
"1628","4958","7040","exist_in"
"1629","4959","7040","exist_in"
"1630","4030","7041","exist_in"
"1631","4813","7041","exist_in"
"1632","4960","7041","exist_in"
"1633","4961","7041","exist_in"
"1634","4962","7041","exist_in"
"1635","4815","7041","exist_in"
"1636","4963","7041","exist_in"
"1637","4964","7041","exist_in"
"1638","4965","7041","exist_in"
"1639","4816","7041","exist_in"
"1640","4966","7041","exist_in"
"1641","4020","7042","exist_in"
"1642","4068","7042","exist_in"
"1643","4030","7042","exist_in"
"1644","4967","7042","exist_in"
"1645","4968","7044","exist_in"
"1646","4614","7044","exist_in"
"1647","4020","7044","exist_in"
"1648","4068","7044","exist_in"
"1649","4969","7044","exist_in"
"1650","4970","7044","exist_in"
"1651","4971","7044","exist_in"
"1652","4972","7044","exist_in"
"1653","4973","7044","exist_in"
"1654","4974","7044","exist_in"
"1655","4615","7044","exist_in"
"1656","4975","7044","exist_in"
"1657","4321","7044","exist_in"
"1658","4019","7045","exist_in"
"1659","4976","7045","exist_in"
"1660","4666","7046","exist_in"
"1661","4977","7046","exist_in"
"1662","4978","7046","exist_in"
"1663","4979","7046","exist_in"
"1664","4980","7046","exist_in"
"1665","4981","7047","exist_in"
"1666","4982","7048","exist_in"
"1667","4315","7049","exist_in"
"1668","4463","7049","exist_in"
"1669","4019","7050","exist_in"
"1670","4983","7050","exist_in"
"1671","4984","7050","exist_in"
"1672","4020","7052","exist_in"
"1673","4019","7052","exist_in"
"1674","4068","7052","exist_in"
"1675","4738","7052","exist_in"
"1676","4985","7052","exist_in"
"1677","4986","7054","exist_in"
"1678","4987","7056","exist_in"
"1679","4969","7056","exist_in"
"1680","4988","7056","exist_in"
"1681","4989","7056","exist_in"
"1682","4990","7056","exist_in"
"1683","4991","7057","exist_in"
"1684","4221","7057","exist_in"
"1685","4992","7057","exist_in"
"1686","4993","7057","exist_in"
"1687","4994","7057","exist_in"
"1688","4995","7057","exist_in"
"1689","4887","7057","exist_in"
"1690","4996","7058","exist_in"
"1691","4997","7058","exist_in"
"1692","4998","7058","exist_in"
"1693","4394","7058","exist_in"
"1694","4874","7058","exist_in"
"1695","4999","7058","exist_in"
"1696","4395","7058","exist_in"
"1697","4049","7058","exist_in"
"1698","4365","7058","exist_in"
"1699","4080","7059","exist_in"
"1700","5000","7059","exist_in"
"1701","4029","7059","exist_in"
"1702","4083","7059","exist_in"
"1703","4085","7059","exist_in"
"1704","5001","7059","exist_in"
"1705","4089","7059","exist_in"
"1706","5002","7059","exist_in"
"1707","5003","7059","exist_in"
"1708","4030","7060","exist_in"
"1709","4030","7061","exist_in"
"1710","4189","7062","exist_in"
"1711","5004","7062","exist_in"
"1712","5005","7063","exist_in"
"1713","5006","7063","exist_in"
"1714","5007","7063","exist_in"
"1715","5008","7063","exist_in"
"1716","5009","7063","exist_in"
"1717","5010","7063","exist_in"
"1718","5011","7064","exist_in"
"1719","4251","7065","exist_in"
"1720","5012","7066","exist_in"
"1721","4680","7066","exist_in"
"1722","4161","7066","exist_in"
"1723","5013","7066","exist_in"
"1724","4068","7067","exist_in"
"1725","4508","7067","exist_in"
"1726","4007","7068","exist_in"
"1727","4334","7068","exist_in"
"1728","5014","7068","exist_in"
"1729","5015","7068","exist_in"
"1730","5016","7068","exist_in"
"1731","4020","7069","exist_in"
"1732","4422","7069","exist_in"
"1733","4074","7069","exist_in"
"1734","5017","7069","exist_in"
"1735","5018","7069","exist_in"
"1736","5019","7069","exist_in"
"1737","5020","7069","exist_in"
"1738","5021","7069","exist_in"
"1739","5022","7069","exist_in"
"1740","5023","7069","exist_in"
"1741","5024","7069","exist_in"
"1742","5025","7069","exist_in"
"1743","4423","7069","exist_in"
"1744","4076","7069","exist_in"
"1745","5026","7069","exist_in"
"1746","5027","7069","exist_in"
"1747","5028","7071","exist_in"
"1748","4307","7072","exist_in"
"1749","4921","7072","exist_in"
"1750","4030","7073","exist_in"
"1751","4029","7073","exist_in"
"1752","5029","7073","exist_in"
"1753","4103","7073","exist_in"
"1754","5030","7073","exist_in"
"1755","5031","7073","exist_in"
"1756","4031","7073","exist_in"
"1757","4235","7075","exist_in"
"1758","4020","7075","exist_in"
"1759","4137","7075","exist_in"
"1760","5032","7077","exist_in"
"1761","5033","7077","exist_in"
"1762","4942","7077","exist_in"
"1763","5034","7078","exist_in"
"1764","5035","7078","exist_in"
"1765","5036","7079","exist_in"
"1766","5037","7079","exist_in"
"1767","5038","7079","exist_in"
"1768","5039","7079","exist_in"
"1769","5040","7079","exist_in"
"1770","4019","7080","exist_in"
"1771","4606","7081","exist_in"
"1772","4313","7084","exist_in"
"1773","5041","7085","exist_in"
"1774","5042","7085","exist_in"
"1775","4080","7085","exist_in"
"1776","5043","7085","exist_in"
"1777","5044","7085","exist_in"
"1778","5045","7085","exist_in"
"1779","5046","7085","exist_in"
"1780","4089","7085","exist_in"
"1781","4092","7085","exist_in"
"1782","4137","7086","exist_in"
"1783","5047","7087","exist_in"
"1784","4068","7087","exist_in"
"1785","4030","7087","exist_in"
"1786","5048","7087","exist_in"
"1787","5049","7087","exist_in"
"1788","5050","7088","exist_in"
"1789","4305","7088","exist_in"
"1790","5051","7088","exist_in"
"1791","5052","7088","exist_in"
"1792","4020","7090","exist_in"
"1793","4316","7090","exist_in"
"1794","5053","7090","exist_in"
"1795","5054","7090","exist_in"
"1796","4235","7092","exist_in"
"1797","4068","7092","exist_in"
"1798","4137","7092","exist_in"
"1799","5055","7093","exist_in"
"1800","5056","7093","exist_in"
"1801","4038","7093","exist_in"
"1802","5057","7093","exist_in"
"1803","5058","7095","exist_in"
"1804","5059","7095","exist_in"
"1805","4304","7095","exist_in"
"1806","4455","7096","exist_in"
"1807","5060","7096","exist_in"
"1808","5061","7096","exist_in"
"1809","4094","7097","exist_in"
"1810","5062","7098","exist_in"
"1811","4131","7099","exist_in"
"1812","5063","7099","exist_in"
"1813","4049","7099","exist_in"
"1814","4132","7099","exist_in"
"1815","5064","7099","exist_in"
"1816","4119","7100","exist_in"
"1817","4190","7100","exist_in"
"1818","4074","7100","exist_in"
"1819","4120","7100","exist_in"
"1820","4191","7100","exist_in"
"1821","4035","7100","exist_in"
"1822","4076","7100","exist_in"
"1823","4245","7101","exist_in"
"1824","4189","7101","exist_in"
"1825","4030","7101","exist_in"
"1826","4461","7101","exist_in"
"1827","4030","7102","exist_in"
"1828","4068","7102","exist_in"
"1829","4137","7102","exist_in"
"1830","4159","7102","exist_in"
"1831","4315","7102","exist_in"
"1832","4020","7103","exist_in"
"1833","4038","7103","exist_in"
"1834","4043","7103","exist_in"
"1835","5065","7103","exist_in"
"1836","5066","7104","exist_in"
"1837","4235","7104","exist_in"
"1838","4629","7104","exist_in"
"1839","5067","7104","exist_in"
"1840","5068","7104","exist_in"
"1841","4137","7104","exist_in"
"1842","4324","7105","exist_in"
"1843","4019","7105","exist_in"
"1844","4331","7105","exist_in"
"1845","4020","7107","exist_in"
"1846","5069","7107","exist_in"
"1847","5070","7107","exist_in"
"1848","4020","7108","exist_in"
"1849","5071","7109","exist_in"
"1850","5072","7109","exist_in"
"1851","5073","7111","exist_in"
"1852","5074","7111","exist_in"
"1853","4224","7111","exist_in"
"1854","5075","7112","exist_in"
"1855","4045","7112","exist_in"
"1856","4261","7112","exist_in"
"1857","4011","7112","exist_in"
"1858","5076","7113","exist_in"
"1859","5065","7114","exist_in"
"1860","4029","7115","exist_in"
"1861","4030","7115","exist_in"
"1862","4031","7115","exist_in"
"1863","5077","7116","exist_in"
"1864","5078","7117","exist_in"
"1865","5079","7117","exist_in"
"1866","5080","7117","exist_in"
"1867","5081","7117","exist_in"
"1868","5082","7117","exist_in"
"1869","5083","7117","exist_in"
"1870","5084","7117","exist_in"
"1871","5085","7117","exist_in"
"1872","5086","7117","exist_in"
"1873","5087","7117","exist_in"
"1874","5088","7117","exist_in"
"1875","5089","7117","exist_in"
"1876","4510","7118","exist_in"
"1877","4422","7118","exist_in"
"1878","4094","7119","exist_in"
"1879","5090","7119","exist_in"
"1880","5091","7119","exist_in"
"1881","5092","7119","exist_in"
"1882","5093","7120","exist_in"
"1883","4068","7121","exist_in"
"1884","4035","7121","exist_in"
"1885","4161","7122","exist_in"
"1886","5094","7123","exist_in"
"1887","5095","7123","exist_in"
"1888","5096","7123","exist_in"
"1889","5097","7123","exist_in"
"1890","5098","7123","exist_in"
"1891","5099","7123","exist_in"
"1892","4482","7124","exist_in"
"1893","5100","7124","exist_in"
"1894","4484","7124","exist_in"
"1895","5101","7124","exist_in"
"1896","5102","7124","exist_in"
"1897","5103","7125","exist_in"
"1898","5104","7126","exist_in"
"1899","4022","7126","exist_in"
"1900","5105","7126","exist_in"
"1901","5106","7127","exist_in"
"1902","5107","7127","exist_in"
"1903","5108","7127","exist_in"
"1904","5109","7127","exist_in"
"1905","4030","7128","exist_in"
"1906","4068","7128","exist_in"
"1907","4040","7128","exist_in"
"1908","5110","7128","exist_in"
"1909","5111","7128","exist_in"
"1910","5112","7128","exist_in"
"1911","5113","7128","exist_in"
"1912","5114","7128","exist_in"
"1913","4601","7128","exist_in"
"1914","4045","7128","exist_in"
"1915","5115","7128","exist_in"
"1916","5116","7130","exist_in"
"1917","4028","7130","exist_in"
"1918","5117","7131","exist_in"
"1919","4040","7131","exist_in"
"1920","5118","7131","exist_in"
"1921","5119","7131","exist_in"
"1922","4570","7131","exist_in"
"1923","4045","7131","exist_in"
"1924","5120","7131","exist_in"
"1925","5121","7132","exist_in"
"1926","4304","7133","exist_in"
"1927","5122","7134","exist_in"
"1928","5123","7134","exist_in"
"1929","5124","7134","exist_in"
"1930","5125","7135","exist_in"
"1931","4040","7136","exist_in"
"1932","4039","7136","exist_in"
"1933","4045","7136","exist_in"
"1934","4044","7136","exist_in"
"1935","5126","7138","exist_in"
"1936","4040","7139","exist_in"
"1937","5127","7139","exist_in"
"1938","5128","7139","exist_in"
"1939","4045","7139","exist_in"
"1940","5129","7139","exist_in"
"1941","4019","7140","exist_in"
"1942","4039","7144","exist_in"
"1943","4321","7144","exist_in"
"1944","5130","7145","exist_in"
"1945","4321","7146","exist_in"
"1946","4020","7147","exist_in"
"1947","4030","7148","exist_in"
"1948","5131","7149","exist_in"
"1949","5132","7149","exist_in"
"1950","4596","7150","exist_in"
"1951","4068","7150","exist_in"
"1952","4137","7150","exist_in"
"1953","4740","7150","exist_in"
"1954","5133","7150","exist_in"
"1955","4320","7153","exist_in"
"1956","5134","7153","exist_in"
"1957","5135","7153","exist_in"
"1958","4020","7154","exist_in"
"1959","4190","7154","exist_in"
"1960","4320","7154","exist_in"
"1961","5136","7155","exist_in"
"1962","5137","7155","exist_in"
"1963","5138","7156","exist_in"
"1964","5139","7157","exist_in"
"1965","5073","7158","exist_in"
"1966","5140","7158","exist_in"
"1967","5141","7158","exist_in"
"1968","5142","7158","exist_in"
"1969","5143","7158","exist_in"
"1970","5144","7158","exist_in"
"1971","4224","7158","exist_in"
"1972","4011","7158","exist_in"
"1973","4114","7158","exist_in"
"1974","5145","7158","exist_in"
"1975","5146","7159","exist_in"
"1976","5147","7159","exist_in"
"1977","4022","7160","exist_in"
"1978","5148","7162","exist_in"
"1979","4068","7163","exist_in"
"1980","5149","7163","exist_in"
"1981","5150","7164","exist_in"
"1982","5151","7164","exist_in"
"1983","5146","7164","exist_in"
"1984","5152","7164","exist_in"
"1985","5153","7165","exist_in"
"1986","5154","7166","exist_in"
"1987","5155","7166","exist_in"
"1988","4304","7167","exist_in"
"1989","4309","7167","exist_in"
"1990","5156","7167","exist_in"
"1991","5157","7168","exist_in"
"1992","4020","7170","exist_in"
"1993","4119","7170","exist_in"
"1994","4035","7170","exist_in"
"1995","4120","7170","exist_in"
"1996","4245","7171","exist_in"
"1997","4411","7171","exist_in"
"1998","4019","7172","exist_in"
"1999","4119","7172","exist_in"
"2000","4725","7172","exist_in"
"2001","5158","7172","exist_in"
"2002","5159","7172","exist_in"
"2003","5160","7172","exist_in"
"2004","4120","7172","exist_in"
"2005","5161","7172","exist_in"
"2006","4080","7174","exist_in"
"2007","5162","7174","exist_in"
"2008","4030","7175","exist_in"
"2009","4007","7175","exist_in"
"2010","4488","7175","exist_in"
"2011","4020","7176","exist_in"
"2012","4320","7176","exist_in"
"2013","4019","7176","exist_in"
"2014","4500","7176","exist_in"
"2015","5163","7179","exist_in"
"2016","5164","7180","exist_in"
"2017","5165","7180","exist_in"
"2018","5166","7181","exist_in"
"2019","5167","7182","exist_in"
"2020","5168","7182","exist_in"
"2021","5169","7182","exist_in"
"2022","4128","7185","exist_in"
"2023","4495","7185","exist_in"
"2024","5170","7185","exist_in"
"2025","4137","7185","exist_in"
"2026","4035","7186","exist_in"
"2027","4072","7187","exist_in"
"2028","5171","7187","exist_in"
"2029","5172","7187","exist_in"
"2030","4442","7188","exist_in"
"2031","4304","7190","exist_in"
"2032","4137","7191","exist_in"
"2033","4565","7192","exist_in"
"2034","5173","7192","exist_in"
"2035","4197","7192","exist_in"
"2036","4137","7193","exist_in"
"2037","4030","7195","exist_in"
"2038","5174","7195","exist_in"
"2039","4068","7196","exist_in"
"2040","4030","7197","exist_in"
"2041","4486","7199","exist_in"
"2042","5175","7199","exist_in"
"2043","5176","7199","exist_in"
"2044","5177","7199","exist_in"
"2045","5178","7200","exist_in"
"2046","4235","7200","exist_in"
"2047","4068","7200","exist_in"
"2048","4030","7200","exist_in"
"2049","5179","7200","exist_in"
"2050","4137","7200","exist_in"
"2051","4035","7200","exist_in"
"2052","4068","7202","exist_in"
"2053","5180","7202","exist_in"
"2054","5181","7202","exist_in"
"2055","4448","7202","exist_in"
"2056","4065","7203","exist_in"
"2057","4019","7203","exist_in"
"2058","4022","7203","exist_in"
"2059","4360","7204","exist_in"
"2060","4251","7205","exist_in"
"2061","4018","7206","exist_in"
"2062","4068","7207","exist_in"
"2063","4951","7207","exist_in"
"2064","4917","7207","exist_in"
"2065","4952","7207","exist_in"
"2066","4920","7207","exist_in"
"2067","4304","7208","exist_in"
"2068","5127","7208","exist_in"
"2069","4462","7208","exist_in"
"2070","5182","7209","exist_in"
"2071","5183","7209","exist_in"
"2072","4235","7209","exist_in"
"2073","5184","7209","exist_in"
"2074","5185","7209","exist_in"
"2075","5186","7209","exist_in"
"2076","4035","7209","exist_in"
"2077","4423","7210","exist_in"
"2078","5187","7211","exist_in"
"2079","5188","7213","exist_in"
"2080","5189","7215","exist_in"
"2081","4455","7216","exist_in"
"2082","5190","7216","exist_in"
"2083","4119","7217","exist_in"
"2084","4190","7217","exist_in"
"2085","4120","7217","exist_in"
"2086","4191","7217","exist_in"
"2087","4022","7218","exist_in"
"2088","4359","7220","exist_in"
"2089","5191","7221","exist_in"
"2090","4316","7222","exist_in"
"2091","5192","7222","exist_in"
"2092","4313","7223","exist_in"
"2093","5193","7223","exist_in"
"2094","5194","7223","exist_in"
"2095","4197","7223","exist_in"
"2096","4137","7224","exist_in"
"2097","5195","7225","exist_in"
"2098","5196","7225","exist_in"
"2099","4219","7226","exist_in"
"2100","5197","7226","exist_in"
"2101","5198","7226","exist_in"
"2102","4224","7226","exist_in"
"2103","5199","7226","exist_in"
"2104","4235","7227","exist_in"
"2105","4190","7227","exist_in"
"2106","4137","7227","exist_in"
"2107","4724","7227","exist_in"
"2108","4339","7227","exist_in"
"2109","4191","7227","exist_in"
"2110","4065","7228","exist_in"
"2111","4219","7228","exist_in"
"2112","4157","7228","exist_in"
"2113","4066","7228","exist_in"
"2114","4224","7228","exist_in"
"2115","4159","7228","exist_in"
"2116","4074","7230","exist_in"
"2117","4190","7230","exist_in"
"2118","5200","7230","exist_in"
"2119","4137","7230","exist_in"
"2120","5201","7230","exist_in"
"2121","4076","7230","exist_in"
"2122","4191","7230","exist_in"
"2123","4423","7230","exist_in"
"2124","5202","7231","exist_in"
"2125","4461","7231","exist_in"
"2126","4072","7231","exist_in"
"2127","4030","7232","exist_in"
"2128","4007","7232","exist_in"
"2129","5203","7233","exist_in"
"2130","5204","7233","exist_in"
"2131","5205","7235","exist_in"
"2132","4220","7235","exist_in"
"2133","4997","7235","exist_in"
"2134","5206","7235","exist_in"
"2135","5207","7235","exist_in"
"2136","5208","7235","exist_in"
"2137","5209","7235","exist_in"
"2138","5210","7235","exist_in"
"2139","4525","7235","exist_in"
"2140","5211","7236","exist_in"
"2141","5212","7236","exist_in"
"2142","5213","7236","exist_in"
"2143","5214","7237","exist_in"
"2144","4424","7237","exist_in"
"2145","4020","7237","exist_in"
"2146","5215","7237","exist_in"
"2147","5216","7237","exist_in"
"2148","5217","7237","exist_in"
"2149","4219","7238","exist_in"
"2150","5218","7238","exist_in"
"2151","5219","7238","exist_in"
"2152","4225","7238","exist_in"
"2153","5220","7238","exist_in"
"2154","4050","7238","exist_in"
"2155","4224","7238","exist_in"
"2156","4030","7239","exist_in"
"2157","4068","7239","exist_in"
"2158","4346","7239","exist_in"
"2159","5221","7239","exist_in"
"2160","5222","7240","exist_in"
"2161","5223","7240","exist_in"
"2162","5224","7240","exist_in"
"2163","5225","7240","exist_in"
"2164","5226","7241","exist_in"
"2165","5227","7241","exist_in"
"2166","5228","7241","exist_in"
"2167","5229","7241","exist_in"
"2168","4226","7241","exist_in"
"2169","4030","7242","exist_in"
"2170","4014","7242","exist_in"
"2171","5230","7242","exist_in"
"2172","5231","7242","exist_in"
"2173","4016","7242","exist_in"
"2174","5232","7242","exist_in"
"2175","4019","7243","exist_in"
"2176","5233","7244","exist_in"
"2177","5234","7246","exist_in"
"2178","4259","7246","exist_in"
"2179","5235","7246","exist_in"
"2180","5236","7246","exist_in"
"2181","5237","7246","exist_in"
"2182","5238","7246","exist_in"
"2183","5239","7246","exist_in"
"2184","5240","7246","exist_in"
"2185","5241","7246","exist_in"
"2186","5242","7246","exist_in"
"2187","4011","7246","exist_in"
"2188","5243","7246","exist_in"
"2189","4114","7246","exist_in"
"2190","5244","7246","exist_in"
"2191","5245","7247","exist_in"
"2192","4442","7247","exist_in"
"2193","4568","7248","exist_in"
"2194","5222","7248","exist_in"
"2195","4304","7248","exist_in"
"2196","5246","7248","exist_in"
"2197","5247","7248","exist_in"
"2198","5248","7248","exist_in"
"2199","4572","7248","exist_in"
"2200","4725","7249","exist_in"
"2201","5249","7249","exist_in"
"2202","4726","7249","exist_in"
"2203","4027","7249","exist_in"
"2204","4035","7249","exist_in"
"2205","5250","7249","exist_in"
"2206","4729","7249","exist_in"
"2207","4074","7250","exist_in"
"2208","4394","7250","exist_in"
"2209","4068","7250","exist_in"
"2210","4076","7250","exist_in"
"2211","5251","7250","exist_in"
"2212","4049","7250","exist_in"
"2213","4020","7251","exist_in"
"2214","5252","7252","exist_in"
"2215","5253","7252","exist_in"
"2216","4019","7254","exist_in"
"2217","4175","7254","exist_in"
"2218","4199","7254","exist_in"
"2219","4019","7255","exist_in"
"2220","4043","7255","exist_in"
"2221","5254","7256","exist_in"
"2222","5255","7256","exist_in"
"2223","5256","7256","exist_in"
"2224","5257","7256","exist_in"
"2225","5258","7256","exist_in"
"2226","5259","7258","exist_in"
"2227","5260","7258","exist_in"
"2228","5182","7260","exist_in"
"2229","5261","7260","exist_in"
"2230","5262","7260","exist_in"
"2231","4019","7261","exist_in"
"2232","4068","7262","exist_in"
"2233","5263","7262","exist_in"
"2234","5264","7262","exist_in"
"2235","5265","7263","exist_in"
"2236","5266","7263","exist_in"
"2237","4163","7263","exist_in"
"2238","4304","7266","exist_in"
"2239","5267","7266","exist_in"
"2240","4030","7267","exist_in"
"2241","5268","7267","exist_in"
"2242","4020","7268","exist_in"
"2243","4068","7268","exist_in"
"2244","4030","7269","exist_in"
"2245","4035","7271","exist_in"
"2246","4161","7272","exist_in"
"2247","4161","7633","exist_in"
"2248","4161","7793","exist_in"
"2249","5269","7272","exist_in"
"2250","5269","7633","exist_in"
"2251","5269","7793","exist_in"
"2252","5270","7272","exist_in"
"2253","5270","7633","exist_in"
"2254","5270","7793","exist_in"
"2255","4295","7272","exist_in"
"2256","4295","7633","exist_in"
"2257","4295","7793","exist_in"
"2258","5271","7272","exist_in"
"2259","5271","7633","exist_in"
"2260","5271","7793","exist_in"
"2261","5272","7272","exist_in"
"2262","5272","7633","exist_in"
"2263","5272","7793","exist_in"
"2264","4760","7272","exist_in"
"2265","4760","7633","exist_in"
"2266","4760","7793","exist_in"
"2267","5273","7272","exist_in"
"2268","5273","7633","exist_in"
"2269","5273","7793","exist_in"
"2270","5274","7273","exist_in"
"2271","4068","7273","exist_in"
"2272","4007","7273","exist_in"
"2273","5275","7273","exist_in"
"2274","5276","7273","exist_in"
"2275","5277","7273","exist_in"
"2276","5135","7273","exist_in"
"2277","4488","7273","exist_in"
"2278","5278","7274","exist_in"
"2279","5279","7274","exist_in"
"2280","5280","7274","exist_in"
"2281","4463","7274","exist_in"
"2282","4019","7275","exist_in"
"2283","5281","7275","exist_in"
"2284","4022","7275","exist_in"
"2285","4485","7275","exist_in"
"2286","4500","7276","exist_in"
"2287","4304","7277","exist_in"
"2288","5282","7277","exist_in"
"2289","4197","7277","exist_in"
"2290","5283","7277","exist_in"
"2291","5284","7279","exist_in"
"2292","5285","7279","exist_in"
"2293","5286","7279","exist_in"
"2294","5287","7279","exist_in"
"2295","4316","7279","exist_in"
"2296","5288","7279","exist_in"
"2297","5289","7279","exist_in"
"2298","5290","7280","exist_in"
"2299","5291","7282","exist_in"
"2300","4022","7282","exist_in"
"2301","5292","7282","exist_in"
"2302","4020","7283","exist_in"
"2303","4175","7283","exist_in"
"2304","4137","7283","exist_in"
"2305","5293","7283","exist_in"
"2306","4035","7283","exist_in"
"2307","4199","7283","exist_in"
"2308","4019","7284","exist_in"
"2309","4022","7284","exist_in"
"2310","4039","7286","exist_in"
"2311","4274","7286","exist_in"
"2312","4321","7286","exist_in"
"2313","5294","7286","exist_in"
"2314","5295","7286","exist_in"
"2315","4873","7287","exist_in"
"2316","4020","7288","exist_in"
"2317","4119","7288","exist_in"
"2318","4068","7288","exist_in"
"2319","4120","7288","exist_in"
"2320","4035","7288","exist_in"
"2321","4189","7289","exist_in"
"2322","4007","7289","exist_in"
"2323","5296","7289","exist_in"
"2324","4030","7289","exist_in"
"2325","5004","7289","exist_in"
"2326","5297","7289","exist_in"
"2327","5298","7289","exist_in"
"2328","4018","7290","exist_in"
"2329","5299","7290","exist_in"
"2330","5300","7292","exist_in"
"2331","5301","7292","exist_in"
"2332","4027","7293","exist_in"
"2333","4020","7294","exist_in"
"2334","5302","7294","exist_in"
"2335","5303","7294","exist_in"
"2336","5304","7294","exist_in"
"2337","5305","7294","exist_in"
"2338","5306","7296","exist_in"
"2339","5307","7296","exist_in"
"2340","5308","7297","exist_in"
"2341","5309","7297","exist_in"
"2342","4020","7298","exist_in"
"2343","4019","7298","exist_in"
"2344","5310","7298","exist_in"
"2345","5311","7299","exist_in"
"2346","4068","7300","exist_in"
"2347","5312","7300","exist_in"
"2348","5313","7300","exist_in"
"2349","4211","7300","exist_in"
"2350","4094","7301","exist_in"
"2351","5314","7301","exist_in"
"2352","5315","7301","exist_in"
"2353","4020","7302","exist_in"
"2354","4320","7302","exist_in"
"2355","4074","7302","exist_in"
"2356","4035","7302","exist_in"
"2357","4076","7302","exist_in"
"2358","4221","7303","exist_in"
"2359","4041","7303","exist_in"
"2360","4219","7303","exist_in"
"2361","5316","7303","exist_in"
"2362","5317","7303","exist_in"
"2363","4011","7303","exist_in"
"2364","4226","7303","exist_in"
"2365","4225","7303","exist_in"
"2366","4224","7303","exist_in"
"2367","4020","7304","exist_in"
"2368","5318","7304","exist_in"
"2369","5319","7305","exist_in"
"2370","5320","7305","exist_in"
"2371","5321","7305","exist_in"
"2372","5322","7305","exist_in"
"2373","5323","7306","exist_in"
"2374","5324","7306","exist_in"
"2375","4068","7307","exist_in"
"2376","5325","7308","exist_in"
"2377","5326","7312","exist_in"
"2378","5327","7312","exist_in"
"2379","5328","7312","exist_in"
"2380","5077","7312","exist_in"
"2381","5329","7315","exist_in"
"2382","5330","7316","exist_in"
"2383","5331","7316","exist_in"
"2384","5332","7317","exist_in"
"2385","5333","7317","exist_in"
"2386","5334","7317","exist_in"
"2387","5335","7318","exist_in"
"2388","4171","7318","exist_in"
"2389","5336","7319","exist_in"
"2390","5127","7319","exist_in"
"2391","5337","7319","exist_in"
"2392","5338","7319","exist_in"
"2393","5339","7319","exist_in"
"2394","4020","7320","exist_in"
"2395","4119","7320","exist_in"
"2396","4120","7320","exist_in"
"2397","4030","7321","exist_in"
"2398","4068","7321","exist_in"
"2399","4020","7321","exist_in"
"2400","4137","7321","exist_in"
"2401","5201","7321","exist_in"
"2402","4035","7321","exist_in"
"2403","4655","7322","exist_in"
"2404","4019","7322","exist_in"
"2405","5340","7322","exist_in"
"2406","5268","7323","exist_in"
"2407","5187","7323","exist_in"
"2408","5341","7323","exist_in"
"2409","4738","7324","exist_in"
"2410","5342","7326","exist_in"
"2411","5343","7327","exist_in"
"2412","4044","7327","exist_in"
"2413","5344","7327","exist_in"
"2414","4043","7327","exist_in"
"2415","4729","7327","exist_in"
"2416","5345","7328","exist_in"
"2417","5346","7328","exist_in"
"2418","5347","7329","exist_in"
"2419","4019","7330","exist_in"
"2420","4199","7331","exist_in"
"2421","4729","7332","exist_in"
"2422","5348","7332","exist_in"
"2423","5349","7332","exist_in"
"2424","4030","7333","exist_in"
"2425","4121","7333","exist_in"
"2426","5350","7333","exist_in"
"2427","5351","7334","exist_in"
"2428","5352","7335","exist_in"
"2429","5353","7336","exist_in"
"2430","4997","7337","exist_in"
"2431","4424","7337","exist_in"
"2432","4040","7337","exist_in"
"2433","5354","7337","exist_in"
"2434","5355","7337","exist_in"
"2435","4525","7337","exist_in"
"2436","4442","7337","exist_in"
"2437","5356","7337","exist_in"
"2438","4786","7338","exist_in"
"2439","4967","7339","exist_in"
"2440","4019","7339","exist_in"
"2441","4022","7339","exist_in"
"2442","4485","7340","exist_in"
"2443","4144","7340","exist_in"
"2444","4917","7341","exist_in"
"2445","5357","7341","exist_in"
"2446","5358","7341","exist_in"
"2447","4967","7342","exist_in"
"2448","4510","7342","exist_in"
"2449","5359","7342","exist_in"
"2450","5360","7343","exist_in"
"2451","5361","7343","exist_in"
"2452","4164","7346","exist_in"
"2453","4644","7348","exist_in"
"2454","4646","7348","exist_in"
"2455","4644","7349","exist_in"
"2456","5362","7349","exist_in"
"2457","4030","7349","exist_in"
"2458","4645","7349","exist_in"
"2459","5363","7349","exist_in"
"2460","4646","7349","exist_in"
"2461","5364","7349","exist_in"
"2462","4161","7350","exist_in"
"2463","4030","7350","exist_in"
"2464","5365","7350","exist_in"
"2465","5366","7350","exist_in"
"2466","4461","7351","exist_in"
"2467","4030","7353","exist_in"
"2468","4158","7353","exist_in"
"2469","4068","7353","exist_in"
"2470","4461","7354","exist_in"
"2471","4120","7354","exist_in"
"2472","4191","7354","exist_in"
"2473","5071","7355","exist_in"
"2474","5367","7356","exist_in"
"2475","5368","7356","exist_in"
"2476","4461","7357","exist_in"
"2477","4019","7358","exist_in"
"2478","5369","7358","exist_in"
"2479","5370","7358","exist_in"
"2480","5371","7360","exist_in"
"2481","5122","7362","exist_in"
"2482","4020","7363","exist_in"
"2483","4190","7363","exist_in"
"2484","4191","7363","exist_in"
"2485","5372","7364","exist_in"
"2486","5373","7364","exist_in"
"2487","5374","7364","exist_in"
"2488","4335","7364","exist_in"
"2489","5375","7364","exist_in"
"2490","5376","7364","exist_in"
"2491","5377","7364","exist_in"
"2492","4235","7365","exist_in"
"2493","5378","7365","exist_in"
"2494","5379","7365","exist_in"
"2495","4537","7365","exist_in"
"2496","5380","7365","exist_in"
"2497","5381","7366","exist_in"
"2498","5382","6990","exist_in"
"2499","5382","7367","exist_in"
"2500","5383","6990","exist_in"
"2501","5383","7367","exist_in"
"2502","5384","6990","exist_in"
"2503","5384","7367","exist_in"
"2504","5385","6990","exist_in"
"2505","5385","7367","exist_in"
"2506","5386","6990","exist_in"
"2507","5386","7367","exist_in"
"2508","5387","6990","exist_in"
"2509","5387","7367","exist_in"
"2510","5388","6990","exist_in"
"2511","5388","7367","exist_in"
"2512","4019","7368","exist_in"
"2513","5389","7368","exist_in"
"2514","5390","7368","exist_in"
"2515","4074","7369","exist_in"
"2516","4019","7369","exist_in"
"2517","4068","7369","exist_in"
"2518","4076","7369","exist_in"
"2519","4022","7369","exist_in"
"2520","5391","7371","exist_in"
"2521","4019","7372","exist_in"
"2522","4022","7372","exist_in"
"2523","5392","7376","exist_in"
"2524","4153","7376","exist_in"
"2525","4154","7376","exist_in"
"2526","5393","7376","exist_in"
"2527","5394","7376","exist_in"
"2528","5395","7376","exist_in"
"2529","5396","7376","exist_in"
"2530","5397","7377","exist_in"
"2531","4080","7378","exist_in"
"2532","4082","7378","exist_in"
"2533","4029","7378","exist_in"
"2534","5398","7378","exist_in"
"2535","5399","7378","exist_in"
"2536","4778","7378","exist_in"
"2537","5400","7378","exist_in"
"2538","5401","7378","exist_in"
"2539","4031","7378","exist_in"
"2540","4074","7379","exist_in"
"2541","4076","7379","exist_in"
"2542","4020","7380","exist_in"
"2543","4339","7380","exist_in"
"2544","4019","7381","exist_in"
"2545","4022","7381","exist_in"
"2546","4028","7382","exist_in"
"2547","4029","7382","exist_in"
"2548","5402","7382","exist_in"
"2549","4857","7382","exist_in"
"2550","4080","7382","exist_in"
"2551","4020","7382","exist_in"
"2552","5403","7382","exist_in"
"2553","4117","7382","exist_in"
"2554","4118","7382","exist_in"
"2555","5404","7382","exist_in"
"2556","5405","7382","exist_in"
"2557","4031","7382","exist_in"
"2558","5406","7382","exist_in"
"2559","4089","7382","exist_in"
"2560","4190","7383","exist_in"
"2561","4422","7383","exist_in"
"2562","4191","7383","exist_in"
"2563","4423","7383","exist_in"
"2564","5407","7384","exist_in"
"2565","4068","7385","exist_in"
"2566","4030","7386","exist_in"
"2567","4390","7386","exist_in"
"2568","5408","7386","exist_in"
"2569","4391","7386","exist_in"
"2570","5409","7387","exist_in"
"2571","5410","7387","exist_in"
"2572","5411","7387","exist_in"
"2573","5412","7388","exist_in"
"2574","5413","7388","exist_in"
"2575","5414","7388","exist_in"
"2576","5415","7388","exist_in"
"2577","5416","7390","exist_in"
"2578","4020","7391","exist_in"
"2579","4027","7391","exist_in"
"2580","5417","7392","exist_in"
"2581","4041","7393","exist_in"
"2582","5418","7393","exist_in"
"2583","5419","7393","exist_in"
"2584","5420","7393","exist_in"
"2585","5421","7393","exist_in"
"2586","5422","7393","exist_in"
"2587","4038","7394","exist_in"
"2588","4040","7394","exist_in"
"2589","5354","7394","exist_in"
"2590","5423","7394","exist_in"
"2591","4571","7394","exist_in"
"2592","4045","7394","exist_in"
"2593","5424","7394","exist_in"
"2594","5425","7394","exist_in"
"2595","5426","7394","exist_in"
"2596","5427","7394","exist_in"
"2597","5428","7394","exist_in"
"2598","5429","7394","exist_in"
"2599","5430","7394","exist_in"
"2600","5431","7395","exist_in"
"2601","5432","7397","exist_in"
"2602","5433","7397","exist_in"
"2603","5434","7399","exist_in"
"2604","4039","7400","exist_in"
"2605","5435","7400","exist_in"
"2606","4321","7400","exist_in"
"2607","4030","7401","exist_in"
"2608","5436","7401","exist_in"
"2609","4045","7402","exist_in"
"2610","4137","7403","exist_in"
"2611","4019","7404","exist_in"
"2612","4861","7405","exist_in"
"2613","5437","7407","exist_in"
"2614","4030","7408","exist_in"
"2615","5438","7409","exist_in"
"2616","4450","7409","exist_in"
"2617","5439","7409","exist_in"
"2618","4407","7409","exist_in"
"2619","5440","7410","exist_in"
"2620","5004","7410","exist_in"
"2621","5441","7412","exist_in"
"2622","5442","7412","exist_in"
"2623","5443","7413","exist_in"
"2624","4742","7414","exist_in"
"2625","4030","7414","exist_in"
"2626","5444","7414","exist_in"
"2627","4019","7415","exist_in"
"2628","4516","7415","exist_in"
"2629","4022","7415","exist_in"
"2630","5445","7416","exist_in"
"2631","4068","7419","exist_in"
"2632","5446","7419","exist_in"
"2633","4030","7420","exist_in"
"2634","5447","7420","exist_in"
"2635","4011","7420","exist_in"
"2636","4314","7421","exist_in"
"2637","5448","7421","exist_in"
"2638","4030","7422","exist_in"
"2639","4068","7422","exist_in"
"2640","4822","7422","exist_in"
"2641","5449","7422","exist_in"
"2642","5450","7422","exist_in"
"2643","5451","7422","exist_in"
"2644","5452","7422","exist_in"
"2645","5453","7422","exist_in"
"2646","5454","7422","exist_in"
"2647","5455","7422","exist_in"
"2648","5456","7422","exist_in"
"2649","5457","7422","exist_in"
"2650","5458","7422","exist_in"
"2651","5459","7422","exist_in"
"2652","4019","7424","exist_in"
"2653","4022","7424","exist_in"
"2654","4555","7425","exist_in"
"2655","4068","7425","exist_in"
"2656","5460","7425","exist_in"
"2657","4856","7426","exist_in"
"2658","4859","7426","exist_in"
"2659","4020","7427","exist_in"
"2660","5461","7428","exist_in"
"2661","4007","7429","exist_in"
"2662","4488","7429","exist_in"
"2663","4574","7430","exist_in"
"2664","5462","7430","exist_in"
"2665","5463","7430","exist_in"
"2666","4020","7430","exist_in"
"2667","4021","7430","exist_in"
"2668","5464","7430","exist_in"
"2669","5465","7430","exist_in"
"2670","5466","7430","exist_in"
"2671","4359","7430","exist_in"
"2672","5467","7430","exist_in"
"2673","5468","7430","exist_in"
"2674","4455","7432","exist_in"
"2675","4516","7432","exist_in"
"2676","4638","7432","exist_in"
"2677","4020","7433","exist_in"
"2678","4304","7433","exist_in"
"2679","5267","7433","exist_in"
"2680","4261","7436","exist_in"
"2681","4713","7436","exist_in"
"2682","5470","7436","exist_in"
"2683","4011","7436","exist_in"
"2684","4485","7438","exist_in"
"2685","4144","7438","exist_in"
"2686","5471","7439","exist_in"
"2687","5472","7439","exist_in"
"2688","5473","7439","exist_in"
"2689","4020","7441","exist_in"
"2690","4168","7441","exist_in"
"2691","5474","7441","exist_in"
"2692","4171","7441","exist_in"
"2693","4259","7442","exist_in"
"2694","4221","7442","exist_in"
"2695","4041","7442","exist_in"
"2696","5475","7442","exist_in"
"2697","4011","7442","exist_in"
"2698","4225","7442","exist_in"
"2699","5476","7442","exist_in"
"2700","4569","7443","exist_in"
"2701","4259","7443","exist_in"
"2702","5477","7443","exist_in"
"2703","4068","7443","exist_in"
"2704","4394","7443","exist_in"
"2705","5478","7443","exist_in"
"2706","4573","7443","exist_in"
"2707","4261","7443","exist_in"
"2708","5479","7443","exist_in"
"2709","4049","7443","exist_in"
"2710","4395","7443","exist_in"
"2711","5480","7445","exist_in"
"2712","4344","7445","exist_in"
"2713","4020","7446","exist_in"
"2714","4027","7446","exist_in"
"2715","5481","7447","exist_in"
"2716","4251","7448","exist_in"
"2717","5482","7448","exist_in"
"2718","4461","7448","exist_in"
"2719","5483","7448","exist_in"
"2720","5484","7448","exist_in"
"2721","5485","7448","exist_in"
"2722","5486","7448","exist_in"
"2723","4256","7450","exist_in"
"2724","4068","7451","exist_in"
"2725","4030","7452","exist_in"
"2726","4068","7452","exist_in"
"2727","4738","7452","exist_in"
"2728","5487","7452","exist_in"
"2729","5488","7452","exist_in"
"2730","4030","7453","exist_in"
"2731","5489","7453","exist_in"
"2732","4470","7453","exist_in"
"2733","4018","7454","exist_in"
"2734","4185","7455","exist_in"
"2735","5490","7455","exist_in"
"2736","5491","7455","exist_in"
"2737","4011","7455","exist_in"
"2738","5243","7455","exist_in"
"2739","4845","7455","exist_in"
"2740","5492","7455","exist_in"
"2741","4074","7456","exist_in"
"2742","5493","7456","exist_in"
"2743","5494","7456","exist_in"
"2744","5495","7456","exist_in"
"2745","4049","7456","exist_in"
"2746","5496","7456","exist_in"
"2747","4495","7456","exist_in"
"2748","5497","7457","exist_in"
"2749","4068","7457","exist_in"
"2750","4030","7457","exist_in"
"2751","4817","7457","exist_in"
"2752","5498","7458","exist_in"
"2753","5499","7458","exist_in"
"2754","5500","7458","exist_in"
"2755","5501","7458","exist_in"
"2756","5502","7458","exist_in"
"2757","5503","7459","exist_in"
"2758","5504","7459","exist_in"
"2759","5505","7459","exist_in"
"2760","5506","7461","exist_in"
"2761","4019","7461","exist_in"
"2762","4175","7461","exist_in"
"2763","5507","7461","exist_in"
"2764","5508","7462","exist_in"
"2765","5509","7462","exist_in"
"2766","5510","7462","exist_in"
"2767","4153","7462","exist_in"
"2768","5511","7462","exist_in"
"2769","5512","7462","exist_in"
"2770","5513","7462","exist_in"
"2771","5514","7462","exist_in"
"2772","5515","7463","exist_in"
"2773","4334","7463","exist_in"
"2774","5516","7463","exist_in"
"2775","4488","7463","exist_in"
"2776","5015","7463","exist_in"
"2777","5517","7463","exist_in"
"2778","4200","7463","exist_in"
"2779","4068","7464","exist_in"
"2780","4555","7464","exist_in"
"2781","4007","7464","exist_in"
"2782","5518","7464","exist_in"
"2783","4019","7465","exist_in"
"2784","4235","7465","exist_in"
"2785","4065","7465","exist_in"
"2786","4738","7465","exist_in"
"2787","5274","7465","exist_in"
"2788","4007","7465","exist_in"
"2789","4302","7465","exist_in"
"2790","5519","7465","exist_in"
"2791","5520","7465","exist_in"
"2792","4137","7465","exist_in"
"2793","5071","7465","exist_in"
"2794","5521","7466","exist_in"
"2795","4007","7466","exist_in"
"2796","4738","7466","exist_in"
"2797","4235","7466","exist_in"
"2798","4189","7466","exist_in"
"2799","5522","7466","exist_in"
"2800","5523","7466","exist_in"
"2801","4137","7466","exist_in"
"2802","4144","7466","exist_in"
"2803","4121","7467","exist_in"
"2804","5524","7467","exist_in"
"2805","5525","7467","exist_in"
"2806","4122","7467","exist_in"
"2807","5526","7467","exist_in"
"2808","5527","7467","exist_in"
"2809","4043","7467","exist_in"
"2810","5528","7468","exist_in"
"2811","4068","7468","exist_in"
"2812","4569","7468","exist_in"
"2813","4409","7468","exist_in"
"2814","5529","7468","exist_in"
"2815","5530","7468","exist_in"
"2816","5531","7468","exist_in"
"2817","5532","7468","exist_in"
"2818","4573","7468","exist_in"
"2819","4411","7468","exist_in"
"2820","5533","7469","exist_in"
"2821","5534","7469","exist_in"
"2822","5535","7469","exist_in"
"2823","4245","7469","exist_in"
"2824","5536","7469","exist_in"
"2825","4845","7469","exist_in"
"2826","5537","7469","exist_in"
"2827","5538","7469","exist_in"
"2828","4019","7472","exist_in"
"2829","4020","7472","exist_in"
"2830","4175","7472","exist_in"
"2831","4199","7472","exist_in"
"2832","5539","7473","exist_in"
"2833","4175","7473","exist_in"
"2834","5540","7473","exist_in"
"2835","4199","7473","exist_in"
"2836","4022","7474","exist_in"
"2837","4199","7474","exist_in"
"2838","5541","7475","exist_in"
"2839","5098","7476","exist_in"
"2840","5542","7476","exist_in"
"2841","4390","7477","exist_in"
"2842","5543","7477","exist_in"
"2843","5544","7477","exist_in"
"2844","5545","7477","exist_in"
"2845","5546","7477","exist_in"
"2846","5547","7477","exist_in"
"2847","5548","7477","exist_in"
"2848","4121","7477","exist_in"
"2849","4334","7477","exist_in"
"2850","5549","7477","exist_in"
"2851","5550","7477","exist_in"
"2852","5312","7477","exist_in"
"2853","5551","7477","exist_in"
"2854","4211","7477","exist_in"
"2855","5552","7477","exist_in"
"2856","5313","7477","exist_in"
"2857","4391","7477","exist_in"
"2858","4122","7477","exist_in"
"2859","5015","7477","exist_in"
"2860","5553","7477","exist_in"
"2861","5554","7478","exist_in"
"2862","4390","7478","exist_in"
"2863","5555","7478","exist_in"
"2864","4391","7478","exist_in"
"2865","5556","7479","exist_in"
"2866","4486","7479","exist_in"
"2867","5557","7479","exist_in"
"2868","5558","7479","exist_in"
"2869","4353","7479","exist_in"
"2870","5559","7479","exist_in"
"2871","5560","7481","exist_in"
"2872","4305","7481","exist_in"
"2873","4039","7482","exist_in"
"2874","4007","7482","exist_in"
"2875","4044","7482","exist_in"
"2876","5527","7482","exist_in"
"2877","5561","7483","exist_in"
"2878","4738","7483","exist_in"
"2879","4666","7483","exist_in"
"2880","5562","7483","exist_in"
"2881","5563","7483","exist_in"
"2882","4861","7483","exist_in"
"2883","5564","7484","exist_in"
"2884","5398","7485","exist_in"
"2885","5565","7485","exist_in"
"2886","5566","7485","exist_in"
"2887","4411","7485","exist_in"
"2888","5567","7485","exist_in"
"2889","5568","7485","exist_in"
"2890","5569","7486","exist_in"
"2891","4320","7486","exist_in"
"2892","4121","7486","exist_in"
"2893","5570","7486","exist_in"
"2894","4335","7486","exist_in"
"2895","5571","7486","exist_in"
"2896","5572","7486","exist_in"
"2897","5573","7486","exist_in"
"2898","4019","7488","exist_in"
"2899","5574","7489","exist_in"
"2900","5575","7489","exist_in"
"2901","5576","7489","exist_in"
"2902","5068","7489","exist_in"
"2903","4537","7489","exist_in"
"2904","5577","7490","exist_in"
"2905","4960","7490","exist_in"
"2906","5578","7490","exist_in"
"2907","5579","7490","exist_in"
"2908","5580","7490","exist_in"
"2909","5581","7490","exist_in"
"2910","5064","7490","exist_in"
"2911","4137","7491","exist_in"
"2912","5582","7492","exist_in"
"2913","4019","7494","exist_in"
"2914","4022","7494","exist_in"
"2915","4020","7495","exist_in"
"2916","4209","7495","exist_in"
"2917","5583","7497","exist_in"
"2918","5584","7497","exist_in"
"2919","4304","7498","exist_in"
"2920","4019","7498","exist_in"
"2921","4199","7498","exist_in"
"2922","4304","7499","exist_in"
"2923","4041","7499","exist_in"
"2924","4020","7499","exist_in"
"2925","5585","7500","exist_in"
"2926","4337","7501","exist_in"
"2927","5586","7501","exist_in"
"2928","5587","7501","exist_in"
"2929","5588","7501","exist_in"
"2930","5589","7503","exist_in"
"2931","5590","7503","exist_in"
"2932","5591","7503","exist_in"
"2933","5592","7503","exist_in"
"2934","5593","7503","exist_in"
"2935","4011","7503","exist_in"
"2936","5244","7503","exist_in"
"2937","4525","7503","exist_in"
"2938","5594","7504","exist_in"
"2939","4738","7504","exist_in"
"2940","5595","7504","exist_in"
"2941","4068","7505","exist_in"
"2942","5596","7505","exist_in"
"2943","4429","7505","exist_in"
"2944","5597","7505","exist_in"
"2945","5598","7505","exist_in"
"2946","5599","7506","exist_in"
"2947","5600","7506","exist_in"
"2948","4020","7507","exist_in"
"2949","4019","7507","exist_in"
"2950","4022","7507","exist_in"
"2951","5601","7508","exist_in"
"2952","4020","7510","exist_in"
"2953","4027","7510","exist_in"
"2954","4339","7510","exist_in"
"2955","5602","7511","exist_in"
"2956","5603","7513","exist_in"
"2957","5604","7513","exist_in"
"2958","4041","7513","exist_in"
"2959","5605","7513","exist_in"
"2960","5606","7513","exist_in"
"2961","5607","7513","exist_in"
"2962","5509","7514","exist_in"
"2963","5608","7514","exist_in"
"2964","4235","7514","exist_in"
"2965","5609","7514","exist_in"
"2966","5610","7514","exist_in"
"2967","5611","7514","exist_in"
"2968","4137","7514","exist_in"
"2969","5612","7514","exist_in"
"2970","5613","7514","exist_in"
"2971","4304","7515","exist_in"
"2972","4339","7518","exist_in"
"2973","5614","7519","exist_in"
"2974","4027","7519","exist_in"
"2975","4043","7519","exist_in"
"2976","5615","7519","exist_in"
"2977","5587","7521","exist_in"
"2978","4486","7523","exist_in"
"2979","4265","7523","exist_in"
"2980","5616","7523","exist_in"
"2981","4261","7523","exist_in"
"2982","5617","7523","exist_in"
"2983","4418","7524","exist_in"
"2984","4068","7524","exist_in"
"2985","4030","7524","exist_in"
"2986","4137","7524","exist_in"
"2987","5618","7525","exist_in"
"2988","4236","7526","exist_in"
"2989","4517","7527","exist_in"
"2990","5619","7527","exist_in"
"2991","4255","7527","exist_in"
"2992","4030","7529","exist_in"
"2993","4019","7530","exist_in"
"2994","5620","7530","exist_in"
"2995","4331","7530","exist_in"
"2996","5621","7532","exist_in"
"2997","5622","7532","exist_in"
"2998","5623","7533","exist_in"
"2999","4304","7533","exist_in"
"3000","5624","7533","exist_in"
"3001","5625","7533","exist_in"
"3002","5626","7533","exist_in"
"3003","5627","7533","exist_in"
"3004","5628","7534","exist_in"
"3005","5629","7534","exist_in"
"3006","5630","7535","exist_in"
"3007","5631","7535","exist_in"
"3008","5632","7537","exist_in"
"3009","5633","7538","exist_in"
"3010","5634","7539","exist_in"
"3011","5635","7539","exist_in"
"3012","5636","7542","exist_in"
"3013","5637","7542","exist_in"
"3014","4817","7545","exist_in"
"3015","4027","7545","exist_in"
"3016","5638","7546","exist_in"
"3017","4028","7546","exist_in"
"3018","5639","7546","exist_in"
"3019","5640","7546","exist_in"
"3020","5641","7546","exist_in"
"3021","5642","7546","exist_in"
"3022","5643","7546","exist_in"
"3023","4488","7546","exist_in"
"3024","5644","7546","exist_in"
"3025","5161","7547","exist_in"
"3026","4597","7547","exist_in"
"3027","5645","7547","exist_in"
"3028","4044","7547","exist_in"
"3029","4225","7547","exist_in"
"3030","5646","7547","exist_in"
"3031","5098","7548","exist_in"
"3032","5493","7551","exist_in"
"3033","5647","7551","exist_in"
"3034","5648","7551","exist_in"
"3035","5649","7551","exist_in"
"3036","4817","7552","exist_in"
"3037","4236","7552","exist_in"
"3038","5650","7553","exist_in"
"3039","5651","7553","exist_in"
"3040","4030","7553","exist_in"
"3041","5652","7553","exist_in"
"3042","5653","7553","exist_in"
"3043","5654","7553","exist_in"
"3044","4020","7554","exist_in"
"3045","4080","7554","exist_in"
"3046","5655","7554","exist_in"
"3047","4027","7554","exist_in"
"3048","4089","7554","exist_in"
"3049","4068","7555","exist_in"
"3050","4030","7555","exist_in"
"3051","5274","7555","exist_in"
"3052","5656","7555","exist_in"
"3053","4719","7555","exist_in"
"3054","4251","7556","exist_in"
"3055","5657","7557","exist_in"
"3056","4068","7559","exist_in"
"3057","4030","7559","exist_in"
"3058","5004","7559","exist_in"
"3059","5658","7560","exist_in"
"3060","5659","7560","exist_in"
"3061","5660","7561","exist_in"
"3062","5661","7561","exist_in"
"3063","5662","7562","exist_in"
"3064","4027","7562","exist_in"
"3065","4251","7563","exist_in"
"3066","4019","7564","exist_in"
"3067","4175","7564","exist_in"
"3068","5663","7564","exist_in"
"3069","4199","7564","exist_in"
"3070","4461","7567","exist_in"
"3071","4217","7567","exist_in"
"3072","4153","7568","exist_in"
"3073","4154","7568","exist_in"
"3074","4019","7571","exist_in"
"3075","5664","7572","exist_in"
"3076","4425","7572","exist_in"
"3077","5665","7572","exist_in"
"3078","5666","7572","exist_in"
"3079","5667","7572","exist_in"
"3080","5668","7572","exist_in"
"3081","5669","7572","exist_in"
"3082","5670","7572","exist_in"
"3083","5671","7572","exist_in"
"3084","4624","7572","exist_in"
"3085","5672","7572","exist_in"
"3086","5673","7572","exist_in"
"3087","5674","7573","exist_in"
"3088","4030","7574","exist_in"
"3089","4080","7574","exist_in"
"3090","4089","7574","exist_in"
"3091","4345","7575","exist_in"
"3092","5675","7576","exist_in"
"3093","4245","7576","exist_in"
"3094","4144","7576","exist_in"
"3095","5676","7576","exist_in"
"3096","5677","7576","exist_in"
"3097","5678","7576","exist_in"
"3098","4030","7578","exist_in"
"3099","4119","7579","exist_in"
"3100","4190","7579","exist_in"
"3101","4422","7579","exist_in"
"3102","5679","7579","exist_in"
"3103","5680","7579","exist_in"
"3104","4631","7579","exist_in"
"3105","4185","7580","exist_in"
"3106","4048","7580","exist_in"
"3107","4845","7580","exist_in"
"3108","5681","7580","exist_in"
"3109","4224","7580","exist_in"
"3110","4020","7581","exist_in"
"3111","4074","7581","exist_in"
"3112","4076","7581","exist_in"
"3113","4018","7582","exist_in"
"3114","5682","7583","exist_in"
"3115","4043","7585","exist_in"
"3116","5683","7585","exist_in"
"3117","4442","7585","exist_in"
"3118","5684","7585","exist_in"
"3119","4517","7586","exist_in"
"3120","4236","7587","exist_in"
"3121","4335","7588","exist_in"
"3122","5685","7588","exist_in"
"3123","5686","7590","exist_in"
"3124","4141","7590","exist_in"
"3125","5687","7593","exist_in"
"3126","4131","7593","exist_in"
"3127","5688","7593","exist_in"
"3128","5689","7593","exist_in"
"3129","5690","7593","exist_in"
"3130","4020","7593","exist_in"
"3131","5691","7593","exist_in"
"3132","5692","7593","exist_in"
"3133","5693","7593","exist_in"
"3134","4132","7593","exist_in"
"3135","4169","7594","exist_in"
"3136","4080","7594","exist_in"
"3137","5694","7594","exist_in"
"3138","5399","7594","exist_in"
"3139","4030","7594","exist_in"
"3140","5695","7594","exist_in"
"3141","5222","7595","exist_in"
"3142","5696","7595","exist_in"
"3143","5697","7595","exist_in"
"3144","5698","7595","exist_in"
"3145","5225","7595","exist_in"
"3146","5699","7595","exist_in"
"3147","4020","7596","exist_in"
"3148","4068","7596","exist_in"
"3149","4425","7596","exist_in"
"3150","5665","7596","exist_in"
"3151","5666","7596","exist_in"
"3152","5664","7596","exist_in"
"3153","5700","7596","exist_in"
"3154","5672","7596","exist_in"
"3155","5673","7596","exist_in"
"3156","5671","7596","exist_in"
"3157","4161","7597","exist_in"
"3158","5222","7597","exist_in"
"3159","4219","7597","exist_in"
"3160","5701","7597","exist_in"
"3161","5702","7597","exist_in"
"3162","5703","7597","exist_in"
"3163","5704","7598","exist_in"
"3164","5705","7598","exist_in"
"3165","5706","7598","exist_in"
"3166","4161","7599","exist_in"
"3167","4486","7599","exist_in"
"3168","5707","7600","exist_in"
"3169","5708","7600","exist_in"
"3170","5709","7600","exist_in"
"3171","5710","7600","exist_in"
"3172","5632","7600","exist_in"
"3173","5711","7600","exist_in"
"3174","5712","7600","exist_in"
"3175","5713","7600","exist_in"
"3176","4074","7601","exist_in"
"3177","4020","7601","exist_in"
"3178","4732","7601","exist_in"
"3179","4030","7602","exist_in"
"3180","4027","7603","exist_in"
"3181","5714","7604","exist_in"
"3182","5249","7604","exist_in"
"3183","4068","7604","exist_in"
"3184","5715","7604","exist_in"
"3185","5716","7604","exist_in"
"3186","4525","7604","exist_in"
"3187","5717","7605","exist_in"
"3188","5718","7605","exist_in"
"3189","4030","7606","exist_in"
"3190","5719","7606","exist_in"
"3191","4019","7608","exist_in"
"3192","4022","7608","exist_in"
"3193","4727","7609","exist_in"
"3194","5668","7609","exist_in"
"3195","5720","7609","exist_in"
"3196","5721","7609","exist_in"
"3197","5722","7609","exist_in"
"3198","5723","7609","exist_in"
"3199","5724","7609","exist_in"
"3200","4425","7609","exist_in"
"3201","5673","7609","exist_in"
"3202","4718","7610","exist_in"
"3203","4635","7610","exist_in"
"3204","5725","7611","exist_in"
"3205","4153","7612","exist_in"
"3206","4930","7612","exist_in"
"3207","4574","7612","exist_in"
"3208","5726","7612","exist_in"
"3209","4163","7612","exist_in"
"3210","5686","7613","exist_in"
"3211","5619","7613","exist_in"
"3212","4315","7614","exist_in"
"3213","4020","7615","exist_in"
"3214","5727","7615","exist_in"
"3215","4304","7616","exist_in"
"3216","4020","7616","exist_in"
"3217","5137","7616","exist_in"
"3218","5728","7616","exist_in"
"3219","5729","7617","exist_in"
"3220","5730","7617","exist_in"
"3221","4517","7618","exist_in"
"3222","4519","7618","exist_in"
"3223","5731","7620","exist_in"
"3224","4051","7620","exist_in"
"3225","4019","7620","exist_in"
"3226","4022","7620","exist_in"
"3227","5732","7622","exist_in"
"3228","5733","7623","exist_in"
"3229","5734","7623","exist_in"
"3230","5352","7624","exist_in"
"3231","5735","7625","exist_in"
"3232","5736","7625","exist_in"
"3233","5737","7625","exist_in"
"3234","4122","7625","exist_in"
"3235","4011","7625","exist_in"
"3236","5738","7625","exist_in"
"3237","4137","7625","exist_in"
"3238","5739","7626","exist_in"
"3239","4535","7626","exist_in"
"3240","5740","7626","exist_in"
"3241","5741","7626","exist_in"
"3242","5742","7626","exist_in"
"3243","4030","7626","exist_in"
"3244","4039","7626","exist_in"
"3245","4038","7626","exist_in"
"3246","5743","7626","exist_in"
"3247","5744","7626","exist_in"
"3248","5745","7626","exist_in"
"3249","4043","7626","exist_in"
"3250","4030","7627","exist_in"
"3251","5746","7627","exist_in"
"3252","5646","7627","exist_in"
"3253","5747","7627","exist_in"
"3254","5748","7628","exist_in"
"3255","5749","7628","exist_in"
"3256","5750","7628","exist_in"
"3257","5374","7628","exist_in"
"3258","5314","7628","exist_in"
"3259","5315","7628","exist_in"
"3260","5751","7629","exist_in"
"3261","5752","7629","exist_in"
"3262","5753","7631","exist_in"
"3263","5754","7631","exist_in"
"3264","5752","7631","exist_in"
"3265","4020","7632","exist_in"
"3266","4422","7632","exist_in"
"3267","5755","7632","exist_in"
"3268","4423","7632","exist_in"
"3269","4027","7632","exist_in"
"3270","4442","7632","exist_in"
"3271","5756","7272","exist_in"
"3272","5756","7633","exist_in"
"3273","5756","7793","exist_in"
"3274","5757","7272","exist_in"
"3275","5757","7633","exist_in"
"3276","5757","7793","exist_in"
"3277","5758","7634","exist_in"
"3278","4856","7634","exist_in"
"3279","5759","7634","exist_in"
"3280","5760","7634","exist_in"
"3281","4859","7634","exist_in"
"3282","5761","7634","exist_in"
"3283","5315","7634","exist_in"
"3284","5762","7634","exist_in"
"3285","4068","7635","exist_in"
"3286","4350","7635","exist_in"
"3287","5763","7635","exist_in"
"3288","5764","7635","exist_in"
"3289","5765","7635","exist_in"
"3290","5766","7635","exist_in"
"3291","5767","7635","exist_in"
"3292","5768","7635","exist_in"
"3293","5769","7636","exist_in"
"3294","5770","7637","exist_in"
"3295","5661","7637","exist_in"
"3296","5771","7637","exist_in"
"3297","4030","7638","exist_in"
"3298","4131","7638","exist_in"
"3299","4068","7638","exist_in"
"3300","4132","7638","exist_in"
"3301","5772","7639","exist_in"
"3302","4011","7640","exist_in"
"3303","4508","7640","exist_in"
"3304","5177","7640","exist_in"
"3305","5773","7640","exist_in"
"3306","5774","7640","exist_in"
"3307","4235","7641","exist_in"
"3308","5775","7641","exist_in"
"3309","5776","7641","exist_in"
"3310","5777","7641","exist_in"
"3311","5778","7641","exist_in"
"3312","5779","7641","exist_in"
"3313","5780","7641","exist_in"
"3314","5781","7641","exist_in"
"3315","5782","7641","exist_in"
"3316","4137","7641","exist_in"
"3317","4068","7642","exist_in"
"3318","5783","7645","exist_in"
"3319","5352","7645","exist_in"
"3320","5784","7645","exist_in"
"3321","4486","7646","exist_in"
"3322","4137","7646","exist_in"
"3323","4441","7646","exist_in"
"3324","5771","7647","exist_in"
"3325","4856","7648","exist_in"
"3326","4859","7648","exist_in"
"3327","4307","7649","exist_in"
"3328","5785","7650","exist_in"
"3329","5786","7650","exist_in"
"3330","5787","7650","exist_in"
"3331","5788","7650","exist_in"
"3332","5789","7652","exist_in"
"3333","5790","7652","exist_in"
"3334","5791","7652","exist_in"
"3335","4093","7653","exist_in"
"3336","4569","7653","exist_in"
"3337","5792","7653","exist_in"
"3338","5793","7653","exist_in"
"3339","5794","7653","exist_in"
"3340","5795","7653","exist_in"
"3341","5796","7653","exist_in"
"3342","4029","7653","exist_in"
"3343","5797","7653","exist_in"
"3344","5798","7653","exist_in"
"3345","5799","7653","exist_in"
"3346","5800","7653","exist_in"
"3347","5801","7653","exist_in"
"3348","5802","7653","exist_in"
"3349","5803","7653","exist_in"
"3350","5804","7653","exist_in"
"3351","5805","7653","exist_in"
"3352","5806","7653","exist_in"
"3353","4573","7653","exist_in"
"3354","5807","7653","exist_in"
"3355","5808","7653","exist_in"
"3356","5809","7653","exist_in"
"3357","5810","7653","exist_in"
"3358","5811","7654","exist_in"
"3359","4314","7654","exist_in"
"3360","5812","7655","exist_in"
"3361","5813","7655","exist_in"
"3362","5814","7655","exist_in"
"3363","5815","7656","exist_in"
"3364","4028","7656","exist_in"
"3365","4029","7656","exist_in"
"3366","4068","7656","exist_in"
"3367","5816","7656","exist_in"
"3368","5817","7656","exist_in"
"3369","4031","7656","exist_in"
"3370","5818","7658","exist_in"
"3371","5819","7659","exist_in"
"3372","5820","7659","exist_in"
"3373","4019","7659","exist_in"
"3374","5821","7659","exist_in"
"3375","5822","7659","exist_in"
"3376","5823","7659","exist_in"
"3377","5824","7659","exist_in"
"3378","5825","7659","exist_in"
"3379","5826","7659","exist_in"
"3380","5827","7659","exist_in"
"3381","5828","7659","exist_in"
"3382","5829","7659","exist_in"
"3383","4200","7659","exist_in"
"3384","5830","7659","exist_in"
"3385","4343","7660","exist_in"
"3386","4274","7660","exist_in"
"3387","4344","7660","exist_in"
"3388","4019","7661","exist_in"
"3389","4485","7661","exist_in"
"3390","4022","7661","exist_in"
"3391","5648","7661","exist_in"
"3392","5634","7661","exist_in"
"3393","4120","7661","exist_in"
"3394","4460","7661","exist_in"
"3395","5831","7662","exist_in"
"3396","5832","7662","exist_in"
"3397","5833","7662","exist_in"
"3398","4390","7662","exist_in"
"3399","4121","7662","exist_in"
"3400","5834","7662","exist_in"
"3401","5835","7662","exist_in"
"3402","4335","7662","exist_in"
"3403","5836","7664","exist_in"
"3404","4817","7664","exist_in"
"3405","5837","7664","exist_in"
"3406","4027","7665","exist_in"
"3407","4236","7665","exist_in"
"3408","5838","7667","exist_in"
"3409","5839","7667","exist_in"
"3410","5840","7667","exist_in"
"3411","5841","7667","exist_in"
"3412","5842","7667","exist_in"
"3413","4114","7667","exist_in"
"3414","4011","7667","exist_in"
"3415","5244","7667","exist_in"
"3416","5843","7667","exist_in"
"3417","5844","7669","exist_in"
"3418","5845","7670","exist_in"
"3419","5846","7670","exist_in"
"3420","5847","7670","exist_in"
"3421","4442","7670","exist_in"
"3422","5848","7670","exist_in"
"3423","4030","7671","exist_in"
"3424","5849","7671","exist_in"
"3425","5783","7673","exist_in"
"3426","4817","7674","exist_in"
"3427","4251","7675","exist_in"
"3428","5850","7675","exist_in"
"3429","5851","7675","exist_in"
"3430","5852","7675","exist_in"
"3431","4306","7675","exist_in"
"3432","4137","7676","exist_in"
"3433","4191","7676","exist_in"
"3434","4020","7677","exist_in"
"3435","4019","7677","exist_in"
"3436","4021","7677","exist_in"
"3437","4022","7677","exist_in"
"3438","4068","7678","exist_in"
"3439","4030","7678","exist_in"
"3440","5853","7678","exist_in"
"3441","5854","7678","exist_in"
"3442","5855","7678","exist_in"
"3443","4485","7680","exist_in"
"3444","4951","7681","exist_in"
"3445","4725","7681","exist_in"
"3446","4726","7681","exist_in"
"3447","4068","7681","exist_in"
"3448","4030","7681","exist_in"
"3449","4952","7681","exist_in"
"3450","4729","7681","exist_in"
"3451","4921","7682","exist_in"
"3452","5417","7683","exist_in"
"3453","5856","7685","exist_in"
"3454","4029","7686","exist_in"
"3455","4030","7686","exist_in"
"3456","5857","7686","exist_in"
"3457","4874","7686","exist_in"
"3458","4447","7686","exist_in"
"3459","5858","7686","exist_in"
"3460","5859","7686","exist_in"
"3461","5860","7686","exist_in"
"3462","5861","7686","exist_in"
"3463","5862","7687","exist_in"
"3464","5863","7688","exist_in"
"3465","4030","7691","exist_in"
"3466","4997","7692","exist_in"
"3467","5864","7693","exist_in"
"3468","4065","7694","exist_in"
"3469","5865","7694","exist_in"
"3470","5866","7694","exist_in"
"3471","5867","7695","exist_in"
"3472","5868","7695","exist_in"
"3473","5869","7695","exist_in"
"3474","4272","7695","exist_in"
"3475","4020","7698","exist_in"
"3476","4119","7698","exist_in"
"3477","4068","7698","exist_in"
"3478","4120","7698","exist_in"
"3479","4035","7698","exist_in"
"3480","4343","7699","exist_in"
"3481","5870","7699","exist_in"
"3482","4663","7699","exist_in"
"3483","4019","7699","exist_in"
"3484","4175","7699","exist_in"
"3485","4697","7699","exist_in"
"3486","5871","7699","exist_in"
"3487","4072","7699","exist_in"
"3488","4152","7699","exist_in"
"3489","4022","7699","exist_in"
"3490","4199","7699","exist_in"
"3491","5872","7699","exist_in"
"3492","5873","7700","exist_in"
"3493","5874","7700","exist_in"
"3494","4019","7700","exist_in"
"3495","4175","7700","exist_in"
"3496","4697","7700","exist_in"
"3497","4199","7700","exist_in"
"3498","5872","7700","exist_in"
"3499","4152","7700","exist_in"
"3500","4697","7701","exist_in"
"3501","4019","7701","exist_in"
"3502","5875","7701","exist_in"
"3503","5876","7701","exist_in"
"3504","4152","7701","exist_in"
"3505","4343","7702","exist_in"
"3506","4019","7702","exist_in"
"3507","4175","7702","exist_in"
"3508","4697","7702","exist_in"
"3509","4176","7702","exist_in"
"3510","4705","7702","exist_in"
"3511","4020","7703","exist_in"
"3512","4068","7703","exist_in"
"3513","4069","7703","exist_in"
"3514","4738","7704","exist_in"
"3515","4424","7704","exist_in"
"3516","4795","7705","exist_in"
"3517","4796","7705","exist_in"
"3518","5877","7706","exist_in"
"3519","5878","7706","exist_in"
"3520","4068","7706","exist_in"
"3521","5879","7706","exist_in"
"3522","5880","7706","exist_in"
"3523","4274","7707","exist_in"
"3524","5673","7707","exist_in"
"3525","5881","7708","exist_in"
"3526","4068","7708","exist_in"
"3527","5882","7708","exist_in"
"3528","5883","7708","exist_in"
"3529","5220","7708","exist_in"
"3530","4019","7709","exist_in"
"3531","5884","7710","exist_in"
"3532","5885","7710","exist_in"
"3533","5886","7710","exist_in"
"3534","5887","7710","exist_in"
"3535","5888","7710","exist_in"
"3536","4011","7710","exist_in"
"3537","4114","7710","exist_in"
"3538","5426","7710","exist_in"
"3539","5889","7711","exist_in"
"3540","5245","7711","exist_in"
"3541","4635","7712","exist_in"
"3542","5890","7713","exist_in"
"3543","4082","7713","exist_in"
"3544","5891","7713","exist_in"
"3545","5892","7713","exist_in"
"3546","5893","7713","exist_in"
"3547","5894","7713","exist_in"
"3548","5895","7715","exist_in"
"3549","4020","7716","exist_in"
"3550","4190","7716","exist_in"
"3551","4068","7716","exist_in"
"3552","4019","7716","exist_in"
"3553","5896","7716","exist_in"
"3554","5897","7716","exist_in"
"3555","5898","7716","exist_in"
"3556","5899","7716","exist_in"
"3557","4035","7716","exist_in"
"3558","4191","7716","exist_in"
"3559","4022","7716","exist_in"
"3560","5900","7717","exist_in"
"3561","5901","7717","exist_in"
"3562","4394","7717","exist_in"
"3563","5882","7717","exist_in"
"3564","4997","7717","exist_in"
"3565","4346","7717","exist_in"
"3566","5902","7717","exist_in"
"3567","5903","7717","exist_in"
"3568","5904","7717","exist_in"
"3569","5905","7717","exist_in"
"3570","5906","7717","exist_in"
"3571","5907","7717","exist_in"
"3572","5908","7717","exist_in"
"3573","5909","7718","exist_in"
"3574","5910","7718","exist_in"
"3575","5911","7718","exist_in"
"3576","5912","7718","exist_in"
"3577","5913","7718","exist_in"
"3578","5914","7718","exist_in"
"3579","4364","7718","exist_in"
"3580","4235","7719","exist_in"
"3581","5915","7719","exist_in"
"3582","5916","7719","exist_in"
"3583","5917","7720","exist_in"
"3584","5918","7720","exist_in"
"3585","5877","7721","exist_in"
"3586","5919","7721","exist_in"
"3587","4997","7721","exist_in"
"3588","5920","7721","exist_in"
"3589","5921","7723","exist_in"
"3590","5922","7723","exist_in"
"3591","5923","7724","exist_in"
"3592","5924","7724","exist_in"
"3593","5925","7726","exist_in"
"3594","5926","7726","exist_in"
"3595","4423","7728","exist_in"
"3596","4191","7728","exist_in"
"3597","4422","7729","exist_in"
"3598","4191","7729","exist_in"
"3599","4423","7729","exist_in"
"3600","5927","7730","exist_in"
"3601","4917","7731","exist_in"
"3602","4029","7731","exist_in"
"3603","4920","7731","exist_in"
"3604","4031","7731","exist_in"
"3605","4350","7732","exist_in"
"3606","5928","7732","exist_in"
"3607","5929","7732","exist_in"
"3608","4137","7733","exist_in"
"3609","5930","7734","exist_in"
"3610","4486","7734","exist_in"
"3611","4068","7734","exist_in"
"3612","5931","7734","exist_in"
"3613","4039","7736","exist_in"
"3614","4040","7736","exist_in"
"3615","4068","7736","exist_in"
"3616","4045","7736","exist_in"
"3617","4730","7737","exist_in"
"3618","5932","7737","exist_in"
"3619","4019","7738","exist_in"
"3620","4020","7738","exist_in"
"3621","4022","7738","exist_in"
"3622","4068","7740","exist_in"
"3623","5933","7740","exist_in"
"3624","5831","7741","exist_in"
"3625","5832","7741","exist_in"
"3626","5934","7741","exist_in"
"3627","4121","7741","exist_in"
"3628","5935","7741","exist_in"
"3629","5936","7741","exist_in"
"3630","5315","7741","exist_in"
"3631","5937","7741","exist_in"
"3632","4859","7741","exist_in"
"3633","5015","7741","exist_in"
"3634","5938","7742","exist_in"
"3635","4345","7742","exist_in"
"3636","5939","7743","exist_in"
"3637","5940","7743","exist_in"
"3638","5941","7743","exist_in"
"3639","5942","7744","exist_in"
"3640","4068","7745","exist_in"
"3641","5943","7745","exist_in"
"3642","4872","7745","exist_in"
"3643","5944","7745","exist_in"
"3644","4019","7746","exist_in"
"3645","4030","7748","exist_in"
"3646","4020","7748","exist_in"
"3647","5945","7748","exist_in"
"3648","4729","7749","exist_in"
"3649","4004","7749","exist_in"
"3650","5946","7749","exist_in"
"3651","5947","7749","exist_in"
"3652","4197","7750","exist_in"
"3653","5077","7750","exist_in"
"3654","4019","7751","exist_in"
"3655","4030","7751","exist_in"
"3656","5948","7751","exist_in"
"3657","4022","7751","exist_in"
"3658","4007","7753","exist_in"
"3659","5949","7753","exist_in"
"3660","4123","7753","exist_in"
"3661","5950","7753","exist_in"
"3662","4814","7753","exist_in"
"3663","5951","7753","exist_in"
"3664","4127","7753","exist_in"
"3665","5952","7754","exist_in"
"3666","4030","7755","exist_in"
"3667","5953","7755","exist_in"
"3668","5954","7755","exist_in"
"3669","5955","7755","exist_in"
"3670","4320","7756","exist_in"
"3671","5956","7756","exist_in"
"3672","5957","7757","exist_in"
"3673","4199","7757","exist_in"
"3674","5958","7757","exist_in"
"3675","5959","7759","exist_in"
"3676","4019","7760","exist_in"
"3677","5960","7760","exist_in"
"3678","5961","7760","exist_in"
"3679","5962","7760","exist_in"
"3680","5963","7760","exist_in"
"3681","4022","7760","exist_in"
"3682","4128","7761","exist_in"
"3683","4129","7761","exist_in"
"3684","4019","7762","exist_in"
"3685","4020","7762","exist_in"
"3686","4022","7762","exist_in"
"3687","4120","7763","exist_in"
"3688","5725","7763","exist_in"
"3689","5964","7763","exist_in"
"3690","4397","7763","exist_in"
"3691","5965","7764","exist_in"
"3692","4304","7764","exist_in"
"3693","4041","7764","exist_in"
"3694","4309","7764","exist_in"
"3695","5966","7764","exist_in"
"3696","5267","7764","exist_in"
"3697","4137","7764","exist_in"
"3698","5967","7765","exist_in"
"3699","4030","7765","exist_in"
"3700","5968","7765","exist_in"
"3701","5969","7765","exist_in"
"3702","4517","7766","exist_in"
"3703","5970","7766","exist_in"
"3704","4019","7767","exist_in"
"3705","4175","7767","exist_in"
"3706","4176","7767","exist_in"
"3707","5971","7768","exist_in"
"3708","4924","7768","exist_in"
"3709","4175","7768","exist_in"
"3710","4697","7768","exist_in"
"3711","5972","7768","exist_in"
"3712","4199","7768","exist_in"
"3713","5876","7768","exist_in"
"3714","4928","7768","exist_in"
"3715","4027","7769","exist_in"
"3716","4019","7770","exist_in"
"3717","4190","7770","exist_in"
"3718","5973","7770","exist_in"
"3719","4020","7771","exist_in"
"3720","4019","7771","exist_in"
"3721","4022","7771","exist_in"
"3722","4038","7772","exist_in"
"3723","4043","7772","exist_in"
"3724","4225","7772","exist_in"
"3725","5974","7772","exist_in"
"3726","4595","7773","exist_in"
"3727","4422","7776","exist_in"
"3728","5975","7776","exist_in"
"3729","4423","7776","exist_in"
"3730","5976","7776","exist_in"
"3731","5977","7776","exist_in"
"3732","4157","7777","exist_in"
"3733","4159","7777","exist_in"
"3734","5978","7778","exist_in"
"3735","5979","7779","exist_in"
"3736","4304","7780","exist_in"
"3737","5980","7780","exist_in"
"3738","5981","7780","exist_in"
"3739","5982","7781","exist_in"
"3740","4020","7782","exist_in"
"3741","4027","7782","exist_in"
"3742","4019","7783","exist_in"
"3743","5502","7783","exist_in"
"3744","4190","7784","exist_in"
"3745","5983","7784","exist_in"
"3746","4074","7785","exist_in"
"3747","5984","7785","exist_in"
"3748","5985","7785","exist_in"
"3749","5986","7785","exist_in"
"3750","4076","7785","exist_in"
"3751","4049","7785","exist_in"
"3752","5987","7785","exist_in"
"3753","4917","7786","exist_in"
"3754","4068","7786","exist_in"
"3755","4569","7786","exist_in"
"3756","5988","7786","exist_in"
"3757","4235","7787","exist_in"
"3758","4147","7787","exist_in"
"3759","4409","7787","exist_in"
"3760","5989","7787","exist_in"
"3761","5990","7787","exist_in"
"3762","4137","7787","exist_in"
"3763","4411","7787","exist_in"
"3764","5991","7788","exist_in"
"3765","5992","7789","exist_in"
"3766","4020","7790","exist_in"
"3767","4030","7791","exist_in"
"3768","5993","7791","exist_in"
"3769","4068","7792","exist_in"
"3770","5994","7272","exist_in"
"3771","5994","7633","exist_in"
"3772","5994","7793","exist_in"
"3773","4007","7272","exist_in"
"3774","4007","7633","exist_in"
"3775","4007","7793","exist_in"
"3776","5995","7272","exist_in"
"3777","5995","7633","exist_in"
"3778","5995","7793","exist_in"
"3779","5245","7272","exist_in"
"3780","5245","7633","exist_in"
"3781","5245","7793","exist_in"
"3782","4068","7795","exist_in"
"3783","4486","7795","exist_in"
"3784","5556","7795","exist_in"
"3785","5996","7795","exist_in"
"3786","4353","7795","exist_in"
"3787","5997","7795","exist_in"
"3788","4018","7796","exist_in"
"3789","5998","7796","exist_in"
"3790","5999","7797","exist_in"
"3791","6000","7797","exist_in"
"3792","6001","7798","exist_in"
"3793","4288","7799","exist_in"
"3794","4569","7799","exist_in"
"3795","4028","7799","exist_in"
"3796","6002","7799","exist_in"
"3797","4068","7799","exist_in"
"3798","4573","7799","exist_in"
"3799","6003","7800","exist_in"
"3800","4391","7800","exist_in"
"3801","4220","7801","exist_in"
"3802","4041","7801","exist_in"
"3803","6004","7801","exist_in"
"3804","6005","7801","exist_in"
"3805","6006","7801","exist_in"
"3806","6007","7801","exist_in"
"3807","6008","7801","exist_in"
"3808","6009","7801","exist_in"
"3809","6010","7801","exist_in"
"3810","5248","7801","exist_in"
"3811","4007","7802","exist_in"
"3812","4007","7821","exist_in"
"3813","6011","7802","exist_in"
"3814","6011","7821","exist_in"
"3815","4488","7802","exist_in"
"3816","4488","7821","exist_in"
"3817","5244","7802","exist_in"
"3818","5244","7821","exist_in"
"3819","6012","7803","exist_in"
"3820","6013","7803","exist_in"
"3821","6014","7803","exist_in"
"3822","4161","7803","exist_in"
"3823","4951","7803","exist_in"
"3824","6015","7803","exist_in"
"3825","6016","7803","exist_in"
"3826","6017","7803","exist_in"
"3827","6018","7803","exist_in"
"3828","4889","7805","exist_in"
"3829","4068","7805","exist_in"
"3830","4891","7805","exist_in"
"3831","4225","7805","exist_in"
"3832","4893","7805","exist_in"
"3833","4892","7805","exist_in"
"3834","6019","7805","exist_in"
"3835","6020","7806","exist_in"
"3836","4185","7808","exist_in"
"3837","5073","7808","exist_in"
"3838","4224","7808","exist_in"
"3839","4525","7808","exist_in"
"3840","4161","7809","exist_in"
"3841","6021","7809","exist_in"
"3842","4030","7809","exist_in"
"3843","5269","7809","exist_in"
"3844","5270","7809","exist_in"
"3845","4760","7809","exist_in"
"3846","6022","7809","exist_in"
"3847","6023","7809","exist_in"
"3848","6024","7810","exist_in"
"3849","4030","7811","exist_in"
"3850","5150","7811","exist_in"
"3851","5146","7811","exist_in"
"3852","4884","7812","exist_in"
"3853","4485","7814","exist_in"
"3854","6026","7815","exist_in"
"3855","4074","7325","exist_in"
"3856","4074","7816","exist_in"
"3857","4068","7325","exist_in"
"3858","4068","7816","exist_in"
"3859","4076","7325","exist_in"
"3860","4076","7816","exist_in"
"3861","4094","7817","exist_in"
"3862","4335","7817","exist_in"
"3863","4251","7818","exist_in"
"3864","6027","7818","exist_in"
"3865","6028","7818","exist_in"
"3866","4068","7819","exist_in"
"3867","5312","7819","exist_in"
"3868","4211","7819","exist_in"
"3869","5313","7819","exist_in"
"3870","6029","7819","exist_in"
"3871","4110","7820","exist_in"
"3872","4425","7820","exist_in"
"3873","5249","7820","exist_in"
"3874","4726","7820","exist_in"
"3875","5222","7820","exist_in"
"3876","5073","7820","exist_in"
"3877","4041","7820","exist_in"
"3878","6030","7820","exist_in"
"3879","4115","7820","exist_in"
"3880","5843","7820","exist_in"
"3881","6031","7820","exist_in"
"3882","5673","7820","exist_in"
"3883","6032","7820","exist_in"
"3884","4729","7820","exist_in"
"3885","4224","7820","exist_in"
"3886","4226","7820","exist_in"
"3887","5901","7802","exist_in"
"3888","5901","7821","exist_in"
"3889","6033","7802","exist_in"
"3890","6033","7821","exist_in"
"3891","6034","7802","exist_in"
"3892","6034","7821","exist_in"
"3893","4849","7802","exist_in"
"3894","4849","7821","exist_in"
"3895","4011","7802","exist_in"
"3896","4011","7821","exist_in"
"3897","6035","7802","exist_in"
"3898","6035","7821","exist_in"
"3899","5244","7802","exist_in"
"3900","5244","7821","exist_in"
"3901","4574","7822","exist_in"
"3902","4895","7823","exist_in"
"3903","4390","7823","exist_in"
"3904","4391","7823","exist_in"
"3905","5015","7823","exist_in"
"3906","5553","7823","exist_in"
"3907","6036","7823","exist_in"
"3908","6037","7824","exist_in"
"3909","6038","7824","exist_in"
"3910","5152","7824","exist_in"
"3911","6039","7824","exist_in"
"3912","5725","7828","exist_in"
"3913","6040","7829","exist_in"
"3914","4725","7829","exist_in"
"3915","6041","7829","exist_in"
"3916","5161","7829","exist_in"
"3917","6042","7830","exist_in"
"3918","6043","7830","exist_in"
"3919","6044","7830","exist_in"
"3920","4418","7831","exist_in"
"3921","4137","7831","exist_in"
"3922","6045","7831","exist_in"
"3923","6046","7831","exist_in"
"3924","6047","7831","exist_in"
"3925","6048","7831","exist_in"
"3926","5434","7832","exist_in"
"3927","6049","7832","exist_in"
"3928","6050","7833","exist_in"
"3929","6051","7833","exist_in"
"3930","4882","7833","exist_in"
"3931","6052","7833","exist_in"
"3932","6053","7835","exist_in"
"3933","4020","7836","exist_in"
"3934","6054","7837","exist_in"
"3935","6055","7838","exist_in"
"3936","6056","7838","exist_in"
"3937","6057","7838","exist_in"
"3938","6058","7839","exist_in"
"3939","6059","7839","exist_in"
"3940","6060","7839","exist_in"
"3941","4049","7839","exist_in"
"3942","5244","7839","exist_in"
"3943","4226","7839","exist_in"
"3944","4999","7839","exist_in"
"3945","5065","7839","exist_in"
"3946","4429","7839","exist_in"
"3947","4019","7840","exist_in"
"3948","4022","7840","exist_in"
"3949","4080","7841","exist_in"
"3950","4274","7841","exist_in"
"3951","5967","7841","exist_in"
"3952","4221","7841","exist_in"
"3953","4083","7841","exist_in"
"3954","6061","7841","exist_in"
"3955","6062","7841","exist_in"
"3956","6063","7841","exist_in"
"3957","6064","7841","exist_in"
"3958","4089","7841","exist_in"
"3959","6065","7841","exist_in"
"3960","4817","7842","exist_in"
"3961","5837","7842","exist_in"
"3962","4642","7842","exist_in"
"3963","5831","7843","exist_in"
"3964","4161","7843","exist_in"
"3965","4030","7843","exist_in"
"3966","4068","7843","exist_in"
"3967","4335","7843","exist_in"
"3968","5901","7846","exist_in"
"3969","6066","7846","exist_in"
"3970","6067","7846","exist_in"
"3971","4011","7846","exist_in"
"3972","4225","7846","exist_in"
"3973","4849","7846","exist_in"
"3974","6068","7847","exist_in"
"3975","6069","7847","exist_in"
"3976","4030","7847","exist_in"
"3977","4486","7847","exist_in"
"3978","5176","7847","exist_in"
"3979","4019","7848","exist_in"
"3980","6070","7848","exist_in"
"3981","6071","7848","exist_in"
"3982","4274","7849","exist_in"
"3983","4082","7849","exist_in"
"3984","6072","7849","exist_in"
"3985","4020","7849","exist_in"
"3986","4363","7849","exist_in"
"3987","4780","7849","exist_in"
"3988","6073","7849","exist_in"
"3989","4091","7849","exist_in"
"3990","6074","7849","exist_in"
"3991","4367","7849","exist_in"
"3992","5131","7850","exist_in"
"3993","6075","7850","exist_in"
"3994","6076","7851","exist_in"
"3995","6077","7852","exist_in"
"3996","4039","7852","exist_in"
"3997","4007","7852","exist_in"
"3998","4760","7852","exist_in"
"3999","4018","7853","exist_in"
"4000","6078","7854","exist_in"
"4001","6079","7854","exist_in"
"4002","4068","7856","exist_in"
"4003","4035","7856","exist_in"
"4004","6080","7857","exist_in"
"4005","4068","7857","exist_in"
"4006","4564","7857","exist_in"
"4007","4738","7857","exist_in"
"4008","6081","7857","exist_in"
"4009","6082","7857","exist_in"
"4010","4411","7858","exist_in"
"4011","4027","7859","exist_in"
"4012","4339","7859","exist_in"
"4013","4423","7859","exist_in"
"4014","4191","7859","exist_in"
"4015","4411","7859","exist_in"
"4016","4185","7860","exist_in"
"4017","6083","7860","exist_in"
"4018","6084","7860","exist_in"
"4019","6085","7860","exist_in"
"4020","4845","7860","exist_in"
"4021","6086","7860","exist_in"
"4022","6087","7860","exist_in"
"4023","4394","7861","exist_in"
"4024","5901","7861","exist_in"
"4025","6088","7861","exist_in"
"4026","6089","7861","exist_in"
"4027","4011","7861","exist_in"
"4028","4114","7861","exist_in"
"4029","6090","7861","exist_in"
"4030","6091","7861","exist_in"
"4031","6092","7861","exist_in"
"4032","5753","7862","exist_in"
"4033","5315","7862","exist_in"
"4034","6093","7862","exist_in"
"4035","5752","7862","exist_in"
"4036","4225","7863","exist_in"
"4037","4068","7864","exist_in"
"4038","6094","7864","exist_in"
"4039","4121","7864","exist_in"
"4040","6095","7864","exist_in"
"4041","4122","7864","exist_in"
"4042","4082","7865","exist_in"
"4043","6096","7865","exist_in"
"4044","4043","7867","exist_in"
"4045","4486","7868","exist_in"
"4046","4007","7868","exist_in"
"4047","6097","7868","exist_in"
"4048","6098","7868","exist_in"
"4049","4038","7869","exist_in"
"4050","6099","7869","exist_in"
"4051","6100","7869","exist_in"
"4052","6101","7869","exist_in"
"4053","6102","7869","exist_in"
"4054","6103","7869","exist_in"
"4055","4043","7869","exist_in"
"4056","4150","7870","exist_in"
"4057","6104","7870","exist_in"
"4058","6105","7870","exist_in"
"4059","6106","7870","exist_in"
"4060","6107","7870","exist_in"
"4061","6108","7870","exist_in"
"4062","4305","7871","exist_in"
"4063","4030","7872","exist_in"
"4064","4189","7872","exist_in"
"4065","6109","7873","exist_in"
"4066","6110","7873","exist_in"
"4067","6111","7873","exist_in"
"4068","4029","7873","exist_in"
"4069","6112","7873","exist_in"
"4070","4082","7873","exist_in"
"4071","6113","7873","exist_in"
"4072","5761","7873","exist_in"
"4073","6114","7873","exist_in"
"4074","6115","7873","exist_in"
"4075","6116","7873","exist_in"
"4076","4039","7874","exist_in"
"4077","6117","7874","exist_in"
"4078","6118","7875","exist_in"
"4079","6119","7876","exist_in"
"4080","6120","7877","exist_in"
"4081","4080","7878","exist_in"
"4082","4089","7878","exist_in"
"4083","6121","7879","exist_in"
"4084","6122","7880","exist_in"
"4085","6123","7880","exist_in"
"4086","6124","7881","exist_in"
"4087","6125","7882","exist_in"
"4088","6126","7882","exist_in"
"4089","4817","7883","exist_in"
"4090","5837","7883","exist_in"
"4091","4189","7884","exist_in"
"4092","4030","7884","exist_in"
"4093","5004","7884","exist_in"
"4094","6127","7885","exist_in"
"4095","5927","7885","exist_in"
"4096","6128","7886","exist_in"
"4097","6129","7886","exist_in"
"4098","4488","7886","exist_in"
"4099","4045","7887","exist_in"
"4100","6130","7887","exist_in"
"4101","6131","7887","exist_in"
"4102","6132","7887","exist_in"
"4103","4535","7888","exist_in"
"4104","6133","7888","exist_in"
"4105","4121","7889","exist_in"
"4106","6134","7889","exist_in"
"4107","6135","7889","exist_in"
"4108","6136","7890","exist_in"
"4109","6137","7891","exist_in"
"4110","6138","7892","exist_in"
"4111","6139","7892","exist_in"
"4112","4390","7892","exist_in"
"4113","6140","7892","exist_in"
"4114","4121","7892","exist_in"
"4115","6141","7892","exist_in"
"4116","6142","7892","exist_in"
"4117","6143","7892","exist_in"
"4118","6144","7892","exist_in"
"4119","4391","7892","exist_in"
"4120","4122","7892","exist_in"
"4121","5015","7892","exist_in"
"4122","6145","7893","exist_in"
"4123","6146","7893","exist_in"
"4124","6147","7894","exist_in"
"4125","6148","7894","exist_in"
"4126","6149","7895","exist_in"
"4127","5661","7895","exist_in"
"4128","6150","7896","exist_in"
"4129","4775","7897","exist_in"
"4130","6151","7897","exist_in"
"4131","6152","7897","exist_in"
"4132","6153","7897","exist_in"
"4133","4018","7897","exist_in"
"4134","4068","7898","exist_in"
"4135","4121","7898","exist_in"
"4136","6154","7898","exist_in"
"4137","6155","7899","exist_in"
"4138","4074","7900","exist_in"
"4139","4119","7900","exist_in"
"4140","6156","7900","exist_in"
"4141","6157","7900","exist_in"
"4142","6158","7900","exist_in"
"4143","6159","7900","exist_in"
"4144","4076","7900","exist_in"
"4145","4120","7900","exist_in"
"4146","4035","7900","exist_in"
"4147","5077","7902","exist_in"
"4148","6160","7903","exist_in"
"4149","4313","7903","exist_in"
"4150","6161","7904","exist_in"
"4151","6162","7904","exist_in"
"4152","6163","7904","exist_in"
"4153","6164","7905","exist_in"
"4154","6165","7905","exist_in"
"4155","6166","7905","exist_in"
"4156","4137","7905","exist_in"
"4157","4020","7906","exist_in"
"4158","4666","7906","exist_in"
"4159","4137","7906","exist_in"
"4160","5293","7906","exist_in"
"4161","4861","7906","exist_in"
"4162","6167","7907","exist_in"
"4163","6168","7907","exist_in"
"4164","4038","7908","exist_in"
"4165","4039","7908","exist_in"
"4166","4068","7908","exist_in"
"4167","4409","7908","exist_in"
"4168","5047","7908","exist_in"
"4169","6169","7909","exist_in"
"4170","4666","7911","exist_in"
"4171","4447","7911","exist_in"
"4172","4131","7911","exist_in"
"4173","4133","7911","exist_in"
"4174","4448","7911","exist_in"
"4175","4132","7911","exist_in"
"4176","6170","7912","exist_in"
"4177","4827","7913","exist_in"
"4178","6171","7913","exist_in"
"4179","4072","7914","exist_in"
"4180","6172","7914","exist_in"
"4181","4920","7916","exist_in"
"4182","6173","7917","exist_in"
"4183","6174","7917","exist_in"
"4184","6175","7917","exist_in"
"4185","4461","7917","exist_in"
"4186","6176","7917","exist_in"
"4187","6177","7920","exist_in"
"4188","6178","7920","exist_in"
"4189","6179","7920","exist_in"
"4190","4018","7921","exist_in"
"4191","6180","7921","exist_in"
"4192","6181","7922","exist_in"
"4193","6182","7922","exist_in"
"4194","4030","7922","exist_in"
"4195","6183","7922","exist_in"
"4196","6184","7922","exist_in"
"4197","6185","7922","exist_in"
"4198","6186","7922","exist_in"
"4199","4320","7922","exist_in"
"4200","6187","7922","exist_in"
"4201","6188","7922","exist_in"
"4202","6189","7924","exist_in"
"4203","6190","7924","exist_in"
"4204","6191","7924","exist_in"
"4205","6192","7924","exist_in"
"4206","4613","7924","exist_in"
"4207","6193","7924","exist_in"
"4208","5771","7924","exist_in"
"4209","6194","7924","exist_in"
"4210","4038","7925","exist_in"
"4211","4258","7925","exist_in"
"4212","4068","7925","exist_in"
"4213","4043","7925","exist_in"
"4214","6195","7925","exist_in"
"4215","5047","7926","exist_in"
"4216","6196","7926","exist_in"
"4217","6197","7926","exist_in"
"4218","5048","7926","exist_in"
"4219","6198","7926","exist_in"
"4220","5336","7928","exist_in"
"4221","6199","7929","exist_in"
"4222","6200","7929","exist_in"
"4223","4255","7930","exist_in"
"4224","4141","7931","exist_in"
"4225","5619","7931","exist_in"
"4226","6201","7933","exist_in"
"4227","6202","7934","exist_in"
"4228","4020","7935","exist_in"
"4229","4068","7935","exist_in"
"4230","4030","7935","exist_in"
"4231","4595","7936","exist_in"
"4232","4038","7937","exist_in"
"4233","6203","7937","exist_in"
"4234","4043","7937","exist_in"
"4235","6204","7938","exist_in"
"4236","4020","7939","exist_in"
"4237","4068","7939","exist_in"
"4238","6205","7939","exist_in"
"4239","6206","7939","exist_in"
"4240","4951","7939","exist_in"
"4241","5949","7939","exist_in"
"4242","4985","7939","exist_in"
"4243","6207","7939","exist_in"
"4244","6208","7939","exist_in"
"4245","6209","7939","exist_in"
"4246","6210","7939","exist_in"
"4247","5635","7939","exist_in"
"4248","6211","7939","exist_in"
"4249","6212","7939","exist_in"
"4250","5233","7939","exist_in"
"4251","4463","7939","exist_in"
"4252","4813","7940","exist_in"
"4253","4409","7941","exist_in"
"4254","6213","7941","exist_in"
"4255","4081","7941","exist_in"
"4256","4411","7941","exist_in"
"4257","6214","7941","exist_in"
"4258","4090","7941","exist_in"
"4259","6215","7941","exist_in"
"4260","6216","7941","exist_in"
"4261","6217","7941","exist_in"
"4262","6218","7942","exist_in"
"4263","4177","7942","exist_in"
"4264","6219","7942","exist_in"
"4265","6220","7942","exist_in"
"4266","4179","7942","exist_in"
"4267","6221","7942","exist_in"
"4268","4760","7942","exist_in"
"4269","6222","7942","exist_in"
"4270","6223","7943","exist_in"
"4271","4019","7944","exist_in"
"4272","5282","7946","exist_in"
"4273","4197","7946","exist_in"
"4274","4072","7946","exist_in"
"4275","6224","7947","exist_in"
"4276","4019","7947","exist_in"
"4277","6225","7947","exist_in"
"4278","4803","7948","exist_in"
"4279","6125","7948","exist_in"
"4280","5296","7948","exist_in"
"4281","4804","7948","exist_in"
"4282","5137","7948","exist_in"
"4283","6226","7949","exist_in"
"4284","6227","7949","exist_in"
"4285","6228","7949","exist_in"
"4286","6229","7949","exist_in"
"4287","6230","7950","exist_in"
"4288","6231","7950","exist_in"
"4289","4305","7950","exist_in"
"4290","4020","7953","exist_in"
"4291","4666","7953","exist_in"
"4292","4068","7953","exist_in"
"4293","4137","7953","exist_in"
"4294","5293","7953","exist_in"
"4295","4861","7953","exist_in"
"4296","6232","7955","exist_in"
"4297","6233","7955","exist_in"
"4298","6234","7955","exist_in"
"4299","6235","7955","exist_in"
"4300","4020","7956","exist_in"
"4301","4020","7957","exist_in"
"4302","4234","7957","exist_in"
"4303","5146","7957","exist_in"
"4304","6236","7958","exist_in"
"4305","4495","7958","exist_in"
"4306","4051","7959","exist_in"
"4307","4147","7959","exist_in"
"4308","4056","7959","exist_in"
"4309","4817","7959","exist_in"
"4310","6237","7959","exist_in"
"4311","6238","7960","exist_in"
"4312","5867","7960","exist_in"
"4313","4030","7960","exist_in"
"4314","6239","7960","exist_in"
"4315","6240","7960","exist_in"
"4316","5596","7960","exist_in"
"4317","6241","7960","exist_in"
"4318","6242","7961","exist_in"
"4319","6243","7962","exist_in"
"4320","4121","7962","exist_in"
"4321","6244","7962","exist_in"
"4322","4068","7963","exist_in"
"4323","4020","7964","exist_in"
"4324","6245","7964","exist_in"
"4325","4137","7964","exist_in"
"4326","4068","7965","exist_in"
"4327","4039","7965","exist_in"
"4328","6246","7965","exist_in"
"4329","6247","7970","exist_in"
"4330","6248","7971","exist_in"
"4331","6249","7971","exist_in"
"4332","6250","7972","exist_in"
"4333","5223","7973","exist_in"
"4334","6251","7973","exist_in"
"4335","5140","7973","exist_in"
"4336","6252","7973","exist_in"
"4337","5222","7973","exist_in"
"4338","6253","7973","exist_in"
"4339","6254","7973","exist_in"
"4340","6255","7973","exist_in"
"4341","4790","7973","exist_in"
"4342","4011","7973","exist_in"
"4343","4019","7975","exist_in"
"4344","4397","7975","exist_in"
"4345","6256","7975","exist_in"
"4346","6257","7976","exist_in"
"4347","4561","7976","exist_in"
"4348","4882","7976","exist_in"
"4349","6258","7976","exist_in"
"4350","6259","7976","exist_in"
"4351","4884","7976","exist_in"
"4352","6260","7977","exist_in"
"4353","4041","7977","exist_in"
"4354","4028","7977","exist_in"
"4355","4029","7977","exist_in"
"4356","4039","7977","exist_in"
"4357","6261","7977","exist_in"
"4358","6262","7977","exist_in"
"4359","4784","7977","exist_in"
"4360","6263","7977","exist_in"
"4361","6264","7977","exist_in"
"4362","6265","7977","exist_in"
"4363","6266","7977","exist_in"
"4364","4259","7979","exist_in"
"4365","4486","7979","exist_in"
"4366","5591","7979","exist_in"
"4367","4272","7979","exist_in"
"4368","6267","7979","exist_in"
"4369","4011","7979","exist_in"
"4370","6268","7980","exist_in"
"4371","6269","7980","exist_in"
"4372","4596","7981","exist_in"
"4373","4595","7981","exist_in"
"4374","4555","7981","exist_in"
"4375","5271","7981","exist_in"
"4376","6037","7981","exist_in"
"4377","6270","7981","exist_in"
"4378","6271","7981","exist_in"
"4379","6272","7981","exist_in"
"4380","4068","7982","exist_in"
"4381","4335","7982","exist_in"
"4382","4019","7983","exist_in"
"4383","4022","7983","exist_in"
"4384","6273","7984","exist_in"
"4385","4038","7984","exist_in"
"4386","6274","7984","exist_in"
"4387","4043","7984","exist_in"
"4388","4225","7984","exist_in"
"4389","6275","7984","exist_in"
"4390","4510","7985","exist_in"
"4391","6276","7985","exist_in"
"4392","6277","7987","exist_in"
"4393","6278","7987","exist_in"
"4394","4486","7987","exist_in"
"4395","6279","7987","exist_in"
"4396","6280","7987","exist_in"
"4397","4094","7988","exist_in"
"4398","6281","7988","exist_in"
"4399","4335","7988","exist_in"
"4400","6282","7988","exist_in"
"4401","6283","7988","exist_in"
"4402","4030","7989","exist_in"
"4403","4068","7989","exist_in"
"4404","4476","7990","exist_in"
"4405","6284","7990","exist_in"
"4406","5901","7991","exist_in"
"4407","4131","7991","exist_in"
"4408","4048","7991","exist_in"
"4409","4394","7991","exist_in"
"4410","6285","7991","exist_in"
"4411","6286","7991","exist_in"
"4412","5681","7991","exist_in"
"4413","4395","7991","exist_in"
"4414","4350","7992","exist_in"
"4415","6287","7992","exist_in"
"4416","6288","7993","exist_in"
"4417","6289","7993","exist_in"
"4418","6290","7993","exist_in"
"4419","4258","7993","exist_in"
"4420","6291","7993","exist_in"
"4421","4725","7993","exist_in"
"4422","4040","7993","exist_in"
"4423","6292","7993","exist_in"
"4424","6293","7993","exist_in"
"4425","6294","7993","exist_in"
"4426","6295","7993","exist_in"
"4427","4559","7993","exist_in"
"4428","5161","7993","exist_in"
"4429","6296","7993","exist_in"
"4430","6297","7993","exist_in"
"4431","6298","7993","exist_in"
"4432","6299","7994","exist_in"
"4433","6300","7994","exist_in"
"4434","6301","7994","exist_in"
"4435","6302","7994","exist_in"
"4436","6303","7994","exist_in"
"4437","6304","7994","exist_in"
"4438","6305","7994","exist_in"
"4439","6306","7994","exist_in"
"4440","5831","7995","exist_in"
"4441","6307","7995","exist_in"
"4442","6308","7995","exist_in"
"4443","4082","7995","exist_in"
"4444","6309","7995","exist_in"
"4445","4335","7995","exist_in"
"4446","4856","7996","exist_in"
"4447","4882","7996","exist_in"
"4448","4859","7996","exist_in"
"4449","4884","7996","exist_in"
"4450","4335","7996","exist_in"
"4451","6310","7997","exist_in"
"4452","6311","7997","exist_in"
"4453","4190","7998","exist_in"
"4454","4337","7998","exist_in"
"4455","6312","7998","exist_in"
"4456","4144","7998","exist_in"
"4457","6313","7998","exist_in"
"4458","4191","7998","exist_in"
"4459","6314","7999","exist_in"
"4460","6315","7999","exist_in"
"4461","6316","7999","exist_in"
"4462","6317","8000","exist_in"
"4463","4131","8000","exist_in"
"4464","4068","8000","exist_in"
"4465","6318","8000","exist_in"
"4466","6319","8000","exist_in"
"4467","4859","8001","exist_in"
"4468","6320","8001","exist_in"
"4469","4917","8002","exist_in"
"4470","6321","8002","exist_in"
"4471","6322","8002","exist_in"
"4472","5357","8002","exist_in"
"4473","6323","8002","exist_in"
"4474","6324","8003","exist_in"
"4475","4019","8003","exist_in"
"4476","6325","8004","exist_in"
"4477","6326","8004","exist_in"
"4478","6327","8004","exist_in"
"4479","4094","8004","exist_in"
"4480","6328","8004","exist_in"
"4481","6141","8004","exist_in"
"4482","6329","8004","exist_in"
"4483","6330","8004","exist_in"
"4484","6331","8004","exist_in"
"4485","4358","8004","exist_in"
"4486","5015","8004","exist_in"
"4487","4020","8005","exist_in"
"4488","6332","8005","exist_in"
"4489","6333","8005","exist_in"
"4490","6334","8006","exist_in"
"4491","6335","8007","exist_in"
"4492","4119","8008","exist_in"
"4493","6336","8008","exist_in"
"4494","6337","8008","exist_in"
"4495","6338","8008","exist_in"
"4496","6339","8008","exist_in"
"4497","6340","8008","exist_in"
"4498","4120","8008","exist_in"
"4499","4194","8008","exist_in"
"4500","6341","8009","exist_in"
"4501","6342","8009","exist_in"
"4502","6343","8010","exist_in"
"4503","6344","8010","exist_in"
"4504","4035","8010","exist_in"
"4505","4068","8011","exist_in"
"4506","6345","8011","exist_in"
"4507","6072","8011","exist_in"
"4508","6346","8011","exist_in"
"4509","6347","8011","exist_in"
"4510","6348","8011","exist_in"
"4511","6349","8011","exist_in"
"4512","4030","8012","exist_in"
"4513","4424","8012","exist_in"
"4514","4068","8012","exist_in"
"4515","4537","8012","exist_in"
"4516","6350","8012","exist_in"
"4517","4570","8012","exist_in"
"4518","4161","8013","exist_in"
"4519","4007","8013","exist_in"
"4520","4727","8013","exist_in"
"4521","4234","8013","exist_in"
"4522","4488","8013","exist_in"
"4523","4730","8013","exist_in"
"4524","4068","8014","exist_in"
"4525","4030","8014","exist_in"
"4526","6351","8015","exist_in"
"4527","6352","8015","exist_in"
"4528","4068","8015","exist_in"
"4529","6353","8015","exist_in"
"4530","6354","8015","exist_in"
"4531","6355","8015","exist_in"
"4532","4020","8016","exist_in"
"4533","4147","8016","exist_in"
"4534","5960","8016","exist_in"
"4535","6356","8017","exist_in"
"4536","4040","8017","exist_in"
"4537","6357","8017","exist_in"
"4538","5063","8017","exist_in"
"4539","6358","8017","exist_in"
"4540","5977","8017","exist_in"
"4541","4045","8017","exist_in"
"4542","4572","8017","exist_in"
"4543","4035","8017","exist_in"
"4544","4035","8018","exist_in"
"4545","4455","8019","exist_in"
"4546","6359","8019","exist_in"
"4547","4089","8019","exist_in"
"4548","4596","8020","exist_in"
"4549","6360","8020","exist_in"
"4550","4019","8021","exist_in"
"4551","6361","8021","exist_in"
"4552","6362","8021","exist_in"
"4553","4137","8021","exist_in"
"4554","6363","8024","exist_in"
"4555","6364","8024","exist_in"
"4556","6365","8025","exist_in"
"4557","6366","8025","exist_in"
"4558","6367","8026","exist_in"
"4559","6368","8026","exist_in"
"4560","4080","8027","exist_in"
"4561","6369","8027","exist_in"
"4562","6370","8027","exist_in"
"4563","4089","8027","exist_in"
"4564","4068","8028","exist_in"
"4565","4065","8028","exist_in"
"4566","6371","8028","exist_in"
"4567","6372","8028","exist_in"
"4568","6373","8028","exist_in"
"4569","6374","8028","exist_in"
"4570","6375","8028","exist_in"
"4571","4409","8029","exist_in"
"4572","6376","8029","exist_in"
"4573","6377","8029","exist_in"
"4574","6378","8029","exist_in"
"4575","6379","8029","exist_in"
"4576","4314","8030","exist_in"
"4577","4856","8031","exist_in"
"4578","6380","8031","exist_in"
"4579","4029","8031","exist_in"
"4580","5917","8031","exist_in"
"4581","6381","8031","exist_in"
"4582","6382","8031","exist_in"
"4583","6383","8031","exist_in"
"4584","6384","8031","exist_in"
"4585","6385","8031","exist_in"
"4586","6386","8031","exist_in"
"4587","4031","8031","exist_in"
"4588","6387","8031","exist_in"
"4589","4030","8032","exist_in"
"4590","6388","8033","exist_in"
"4591","6389","8033","exist_in"
"4592","4030","8033","exist_in"
"4593","5940","8033","exist_in"
"4594","5941","8033","exist_in"
"4595","6390","8033","exist_in"
"4596","6391","8034","exist_in"
"4597","4043","8034","exist_in"
"4598","6235","8034","exist_in"
"4599","4429","8034","exist_in"
"4600","6392","8034","exist_in"
"4601","6393","8034","exist_in"
"4602","5596","8034","exist_in"
"4603","6394","8034","exist_in"
"4604","6395","8035","exist_in"
"4605","4603","8035","exist_in"
"4606","4537","8035","exist_in"
"4607","6396","8035","exist_in"
"4608","6397","8035","exist_in"
"4609","6398","8036","exist_in"
"4610","4409","8036","exist_in"
"4611","6399","8036","exist_in"
"4612","4411","8036","exist_in"
"4613","6400","8036","exist_in"
"4614","4019","8037","exist_in"
"4615","6401","8037","exist_in"
"4616","6402","8037","exist_in"
"4617","6031","8037","exist_in"
"4618","5105","8037","exist_in"
"4619","4068","8038","exist_in"
"4620","6403","8038","exist_in"
"4621","6404","8038","exist_in"
"4622","4144","8038","exist_in"
"4623","4339","8038","exist_in"
"4624","4074","8039","exist_in"
"4625","6405","8039","exist_in"
"4626","6406","8039","exist_in"
"4627","6407","8039","exist_in"
"4628","5494","8039","exist_in"
"4629","4495","8039","exist_in"
"4630","4035","8039","exist_in"
"4631","4076","8039","exist_in"
"4632","4049","8039","exist_in"
"4633","4027","8040","exist_in"
"4634","4076","8041","exist_in"
"4635","4359","8042","exist_in"
"4636","4045","8042","exist_in"
"4637","4570","8042","exist_in"
"4638","4555","8043","exist_in"
"4639","4350","8043","exist_in"
"4640","4557","8043","exist_in"
"4641","4559","8043","exist_in"
"4642","6037","8043","exist_in"
"4643","6408","8044","exist_in"
"4644","6409","8044","exist_in"
"4645","4268","8044","exist_in"
"4646","4580","8044","exist_in"
"4647","6410","8044","exist_in"
"4648","4448","8044","exist_in"
"4649","4132","8044","exist_in"
"4650","6411","8044","exist_in"
"4651","5034","8045","exist_in"
"4652","5035","8045","exist_in"
"4653","4029","8046","exist_in"
"4654","4030","8046","exist_in"
"4655","4068","8046","exist_in"
"4656","4103","8046","exist_in"
"4657","6412","8046","exist_in"
"4658","5591","8046","exist_in"
"4659","4031","8046","exist_in"
"4660","6413","8046","exist_in"
"4661","6414","8046","exist_in"
"4662","4030","8047","exist_in"
"4663","4316","8047","exist_in"
"4664","6415","8047","exist_in"
"4665","6416","8048","exist_in"
"4666","6417","8048","exist_in"
"4667","4161","8049","exist_in"
"4668","6418","8049","exist_in"
"4669","5269","8049","exist_in"
"4670","5127","8049","exist_in"
"4671","6419","8049","exist_in"
"4672","6420","8049","exist_in"
"4673","6421","8049","exist_in"
"4674","5272","8049","exist_in"
"4675","5271","8049","exist_in"
"4676","5129","8049","exist_in"
"4677","4760","8049","exist_in"
"4678","4967","8050","exist_in"
"4679","4495","8050","exist_in"
"4680","4080","8051","exist_in"
"4681","4029","8051","exist_in"
"4682","4028","8051","exist_in"
"4683","4857","8051","exist_in"
"4684","5402","8051","exist_in"
"4685","4020","8051","exist_in"
"4686","4118","8051","exist_in"
"4687","4117","8051","exist_in"
"4688","5405","8051","exist_in"
"4689","5404","8051","exist_in"
"4690","4089","8051","exist_in"
"4691","4031","8051","exist_in"
"4692","6422","8051","exist_in"
"4693","6423","8051","exist_in"
"4694","4020","8052","exist_in"
"4695","4019","8052","exist_in"
"4696","6424","8052","exist_in"
"4697","4021","8052","exist_in"
"4698","6425","8052","exist_in"
"4699","6426","8052","exist_in"
"4700","6427","8052","exist_in"
"4701","6428","8052","exist_in"
"4702","6429","8053","exist_in"
"4703","6430","8053","exist_in"
"4704","4051","8053","exist_in"
"4705","4020","8053","exist_in"
"4706","6431","8053","exist_in"
"4707","6432","8053","exist_in"
"4708","6433","8053","exist_in"
"4709","4161","8054","exist_in"
"4710","4040","8054","exist_in"
"4711","4039","8054","exist_in"
"4712","4068","8054","exist_in"
"4713","4045","8054","exist_in"
"4714","6434","8055","exist_in"
"4715","6435","8055","exist_in"
"4716","4802","8055","exist_in"
"4717","6436","8055","exist_in"
"4718","4917","8055","exist_in"
"4719","6437","8055","exist_in"
"4720","6438","8055","exist_in"
"4721","4559","8055","exist_in"
"4722","4920","8055","exist_in"
"4723","6439","8056","exist_in"
"4724","4068","8056","exist_in"
"4725","4030","8056","exist_in"
"4726","4537","8056","exist_in"
"4727","4030","8057","exist_in"
"4728","4029","8057","exist_in"
"4729","4103","8057","exist_in"
"4730","4002","8057","exist_in"
"4731","4031","8057","exist_in"
"4732","2027","6440","exist_in"
"4733","2029","6442","exist_in"
"4734","2063","6442","exist_in"
"4735","2030","6443","exist_in"
"4736","2031","6444","exist_in"
"4737","2313","6444","exist_in"
"4738","3380","6444","exist_in"
"4739","2033","6445","exist_in"
"4740","2256","6445","exist_in"
"4741","2034","6446","exist_in"
"4742","3229","6446","exist_in"
"4743","2035","6447","exist_in"
"4744","2044","6447","exist_in"
"4745","2049","6447","exist_in"
"4746","2126","6447","exist_in"
"4747","2037","6448","exist_in"
"4748","2040","6449","exist_in"
"4749","3307","6449","exist_in"
"4750","2039","6450","exist_in"
"4751","3546","6450","exist_in"
"4752","3816","6450","exist_in"
"4753","2042","6451","exist_in"
"4754","2251","6451","exist_in"
"4755","2046","6452","exist_in"
"4756","2053","6453","exist_in"
"4757","2054","6454","exist_in"
"4758","2732","6454","exist_in"
"4759","2058","6455","exist_in"
"4760","2702","6455","exist_in"
"4761","2059","6456","exist_in"
"4762","2702","6456","exist_in"
"4763","2061","6457","exist_in"
"4764","3452","6457","exist_in"
"4765","2062","6458","exist_in"
"4766","2064","6458","exist_in"
"4767","2067","6459","exist_in"
"4768","2068","6460","exist_in"
"4769","2690","6460","exist_in"
"4770","2069","6461","exist_in"
"4771","2173","6461","exist_in"
"4772","2074","6462","exist_in"
"4773","2697","6462","exist_in"
"4774","2077","6463","exist_in"
"4775","2078","6464","exist_in"
"4776","2079","6464","exist_in"
"4777","2084","6465","exist_in"
"4778","2313","6465","exist_in"
"4779","2086","6466","exist_in"
"4780","2085","6467","exist_in"
"4781","2313","6467","exist_in"
"4782","2088","6468","exist_in"
"4783","2313","6468","exist_in"
"4784","2091","6469","exist_in"
"4785","2714","6469","exist_in"
"4786","2094","6470","exist_in"
"4787","2093","6471","exist_in"
"4788","2109","6471","exist_in"
"4789","3450","6471","exist_in"
"4790","2092","6472","exist_in"
"4791","3450","6472","exist_in"
"4792","2095","6473","exist_in"
"4793","3618","6473","exist_in"
"4794","2097","6474","exist_in"
"4795","2096","6475","exist_in"
"4796","2702","6475","exist_in"
"4797","2096","6476","exist_in"
"4798","2702","6476","exist_in"
"4799","2098","6477","exist_in"
"4800","2702","6477","exist_in"
"4801","3685","6477","exist_in"
"4802","2101","6478","exist_in"
"4803","3075","6478","exist_in"
"4804","2104","6479","exist_in"
"4805","3740","6479","exist_in"
"4806","2105","6480","exist_in"
"4807","2714","6480","exist_in"
"4808","2714","6481","exist_in"
"4809","3673","6481","exist_in"
"4810","2052","6482","exist_in"
"4811","2107","6482","exist_in"
"4812","2177","6482","exist_in"
"4813","2111","6483","exist_in"
"4814","2469","6483","exist_in"
"4815","2659","6483","exist_in"
"4816","2732","6483","exist_in"
"4817","2110","6484","exist_in"
"4818","2732","6484","exist_in"
"4819","2843","6484","exist_in"
"4820","3103","6484","exist_in"
"4821","2112","6485","exist_in"
"4822","2113","6485","exist_in"
"4823","3275","6485","exist_in"
"4824","2114","6486","exist_in"
"4825","3204","6486","exist_in"
"4826","2115","6487","exist_in"
"4827","2115","6488","exist_in"
"4828","2116","6489","exist_in"
"4829","3283","6489","exist_in"
"4830","3824","6489","exist_in"
"4831","2117","6490","exist_in"
"4832","2118","6491","exist_in"
"4833","2561","6491","exist_in"
"4834","3740","6491","exist_in"
"4835","2119","6492","exist_in"
"4836","3564","6492","exist_in"
"4837","2122","6493","exist_in"
"4838","2123","6494","exist_in"
"4839","2102","6495","exist_in"
"4840","2127","6495","exist_in"
"4841","3144","6495","exist_in"
"4842","2131","6496","exist_in"
"4843","2132","6496","exist_in"
"4844","2313","6496","exist_in"
"4845","2483","6496","exist_in"
"4846","2753","6496","exist_in"
"4847","2133","6497","exist_in"
"4848","3980","6497","exist_in"
"4849","3981","6497","exist_in"
"4850","2134","6498","exist_in"
"4851","3245","6498","exist_in"
"4852","2135","6499","exist_in"
"4853","2313","6499","exist_in"
"4854","2136","6500","exist_in"
"4855","2137","6501","exist_in"
"4856","2394","6501","exist_in"
"4857","2138","6502","exist_in"
"4858","2997","6502","exist_in"
"4859","2139","6503","exist_in"
"4860","2266","6503","exist_in"
"4861","3427","6503","exist_in"
"4862","3812","6503","exist_in"
"4863","2142","6504","exist_in"
"4864","2144","6505","exist_in"
"4865","2328","6505","exist_in"
"4866","2370","6505","exist_in"
"4867","2147","6506","exist_in"
"4868","2426","6506","exist_in"
"4869","2735","6506","exist_in"
"4870","2148","6507","exist_in"
"4871","2313","6507","exist_in"
"4872","2148","6508","exist_in"
"4873","2313","6508","exist_in"
"4874","2148","6509","exist_in"
"4875","2313","6509","exist_in"
"4876","2149","6510","exist_in"
"4877","2522","6510","exist_in"
"4878","2152","6511","exist_in"
"4879","2261","6511","exist_in"
"4880","2153","6512","exist_in"
"4881","2154","6512","exist_in"
"4882","3175","6512","exist_in"
"4883","2155","6513","exist_in"
"4884","2313","6513","exist_in"
"4885","2542","6513","exist_in"
"4886","2156","6514","exist_in"
"4887","2159","6515","exist_in"
"4888","3502","6515","exist_in"
"4889","2160","6516","exist_in"
"4890","2313","6516","exist_in"
"4891","2949","6516","exist_in"
"4892","3839","6516","exist_in"
"4893","2161","6517","exist_in"
"4894","2313","6517","exist_in"
"4895","2170","6518","exist_in"
"4896","2171","6519","exist_in"
"4897","3607","6519","exist_in"
"4898","2172","6520","exist_in"
"4899","2175","6521","exist_in"
"4900","2641","6521","exist_in"
"4901","2690","6521","exist_in"
"4902","2177","6522","exist_in"
"4903","3435","6522","exist_in"
"4904","3308","6523","exist_in"
"4905","3610","6523","exist_in"
"4906","3723","6523","exist_in"
"4907","2179","6524","exist_in"
"4908","2702","6524","exist_in"
"4909","2178","6525","exist_in"
"4910","2702","6525","exist_in"
"4911","2865","6525","exist_in"
"4912","2180","6526","exist_in"
"4913","2702","6526","exist_in"
"4914","2865","6526","exist_in"
"4915","2181","6527","exist_in"
"4916","2313","6527","exist_in"
"4917","2588","6527","exist_in"
"4918","2186","6528","exist_in"
"4919","2690","6528","exist_in"
"4920","3655","6528","exist_in"
"4921","3696","6528","exist_in"
"4922","2188","6529","exist_in"
"4923","2187","6530","exist_in"
"4924","3942","6530","exist_in"
"4925","2189","6531","exist_in"
"4926","2697","6531","exist_in"
"4927","2191","6532","exist_in"
"4928","2192","6533","exist_in"
"4929","3800","6533","exist_in"
"4930","2195","6534","exist_in"
"4931","3141","6534","exist_in"
"4932","3198","6534","exist_in"
"4933","2197","6536","exist_in"
"4934","2843","6536","exist_in"
"4935","2196","6537","exist_in"
"4936","2843","6537","exist_in"
"4937","2196","6538","exist_in"
"4938","2843","6538","exist_in"
"4939","2075","6539","exist_in"
"4940","2198","6539","exist_in"
"4941","2262","6539","exist_in"
"4942","2277","6539","exist_in"
"4943","3116","6539","exist_in"
"4944","3530","6539","exist_in"
"4945","2199","6540","exist_in"
"4946","2281","6540","exist_in"
"4947","2387","6540","exist_in"
"4948","2200","6541","exist_in"
"4949","2200","6542","exist_in"
"4950","3326","6542","exist_in"
"4951","3387","6542","exist_in"
"4952","2200","6543","exist_in"
"4953","2202","6543","exist_in"
"4954","3133","6543","exist_in"
"4955","3390","6543","exist_in"
"4956","2203","6544","exist_in"
"4957","2714","6544","exist_in"
"4958","3576","6544","exist_in"
"4959","2206","6545","exist_in"
"4960","2157","6546","exist_in"
"4961","2205","6546","exist_in"
"4962","3237","6546","exist_in"
"4963","2208","6547","exist_in"
"4964","2211","6548","exist_in"
"4965","3563","6548","exist_in"
"4966","2212","6549","exist_in"
"4967","3586","6549","exist_in"
"4968","2212","6550","exist_in"
"4969","3586","6550","exist_in"
"4970","2212","6551","exist_in"
"4971","2212","6552","exist_in"
"4972","2212","6553","exist_in"
"4973","3818","6553","exist_in"
"4974","2215","6554","exist_in"
"4975","2690","6554","exist_in"
"4976","3464","6554","exist_in"
"4977","2216","6555","exist_in"
"4978","2217","6555","exist_in"
"4979","2416","6555","exist_in"
"4980","2912","6555","exist_in"
"4981","3147","6555","exist_in"
"4982","3309","6555","exist_in"
"4983","3749","6555","exist_in"
"4984","2219","6556","exist_in"
"4985","2714","6556","exist_in"
"4986","3132","6556","exist_in"
"4987","2221","6557","exist_in"
"4988","2997","6557","exist_in"
"4989","2221","6558","exist_in"
"4990","2997","6558","exist_in"
"4991","2222","6559","exist_in"
"4992","2997","6559","exist_in"
"4993","2224","6560","exist_in"
"4994","2997","6560","exist_in"
"4995","2225","6561","exist_in"
"4996","2224","6563","exist_in"
"4997","2997","6563","exist_in"
"4998","2224","6564","exist_in"
"4999","2997","6564","exist_in"
"5000","2224","6565","exist_in"
"5001","2997","6565","exist_in"
"5002","2224","6566","exist_in"
"5003","2997","6566","exist_in"
"5004","2224","6567","exist_in"
"5005","2997","6567","exist_in"
"5006","2226","6568","exist_in"
"5007","2227","6568","exist_in"
"5008","2377","6568","exist_in"
"5009","2931","6568","exist_in"
"5010","3170","6568","exist_in"
"5011","3182","6568","exist_in"
"5012","2228","6569","exist_in"
"5013","2714","6569","exist_in"
"5014","2228","6570","exist_in"
"5015","2712","6570","exist_in"
"5016","2230","6571","exist_in"
"5017","3740","6571","exist_in"
"5018","3857","6571","exist_in"
"5019","2231","6572","exist_in"
"5020","3227","6572","exist_in"
"5021","2232","6573","exist_in"
"5022","3643","6573","exist_in"
"5023","2233","6574","exist_in"
"5024","2233","6575","exist_in"
"5025","2235","6576","exist_in"
"5026","2236","6577","exist_in"
"5027","2239","6578","exist_in"
"5028","3586","6578","exist_in"
"5029","2240","6579","exist_in"
"5030","2242","6580","exist_in"
"5031","2299","6580","exist_in"
"5032","2300","6580","exist_in"
"5033","2722","6580","exist_in"
"5034","2244","6581","exist_in"
"5035","3037","6581","exist_in"
"5036","2234","6582","exist_in"
"5037","2249","6582","exist_in"
"5038","2057","6583","exist_in"
"5039","2238","6583","exist_in"
"5040","2249","6583","exist_in"
"5041","2368","6583","exist_in"
"5042","2413","6583","exist_in"
"5043","3305","6583","exist_in"
"5044","3436","6583","exist_in"
"5045","3743","6583","exist_in"
"5046","2252","6584","exist_in"
"5047","2253","6585","exist_in"
"5048","2313","6585","exist_in"
"5049","2254","6586","exist_in"
"5050","2985","6586","exist_in"
"5051","2261","6587","exist_in"
"5052","2261","6588","exist_in"
"5053","2261","6589","exist_in"
"5054","3758","6589","exist_in"
"5055","2373","6590","exist_in"
"5056","3147","6591","exist_in"
"5057","2271","6592","exist_in"
"5058","3423","6592","exist_in"
"5059","2273","6593","exist_in"
"5060","2273","6594","exist_in"
"5061","2276","6596","exist_in"
"5062","2575","6596","exist_in"
"5063","2278","6597","exist_in"
"5064","3740","6597","exist_in"
"5065","2144","6598","exist_in"
"5066","2279","6598","exist_in"
"5067","2282","6599","exist_in"
"5068","2283","6599","exist_in"
"5069","2284","6599","exist_in"
"5070","2690","6599","exist_in"
"5071","3154","6599","exist_in"
"5072","3377","6599","exist_in"
"5073","2287","6600","exist_in"
"5074","2690","6600","exist_in"
"5075","2288","6601","exist_in"
"5076","2292","6602","exist_in"
"5077","2291","6603","exist_in"
"5078","2350","6603","exist_in"
"5079","2294","6604","exist_in"
"5080","2313","6604","exist_in"
"5081","2295","6605","exist_in"
"5082","2296","6605","exist_in"
"5083","2572","6605","exist_in"
"5084","2297","6606","exist_in"
"5085","2572","6606","exist_in"
"5086","2301","6607","exist_in"
"5087","2330","6607","exist_in"
"5088","2337","6607","exist_in"
"5089","2302","6608","exist_in"
"5090","2032","6609","exist_in"
"5091","2303","6609","exist_in"
"5092","2374","6609","exist_in"
"5093","2304","6610","exist_in"
"5094","2305","6611","exist_in"
"5095","2726","6611","exist_in"
"5096","2306","6612","exist_in"
"5097","2307","6613","exist_in"
"5098","2313","6613","exist_in"
"5099","3466","6613","exist_in"
"5100","2308","6614","exist_in"
"5101","3210","6614","exist_in"
"5102","3302","6614","exist_in"
"5103","3490","6614","exist_in"
"5104","3885","6614","exist_in"
"5105","3887","6614","exist_in"
"5106","3892","6614","exist_in"
"5107","2309","6615","exist_in"
"5108","2140","6616","exist_in"
"5109","2310","6616","exist_in"
"5110","2984","6616","exist_in"
"5111","3310","6616","exist_in"
"5112","3681","6616","exist_in"
"5113","2312","6617","exist_in"
"5114","2255","6618","exist_in"
"5115","2312","6618","exist_in"
"5116","2313","6619","exist_in"
"5117","2313","6620","exist_in"
"5118","2313","6621","exist_in"
"5119","2313","6622","exist_in"
"5120","2313","6623","exist_in"
"5121","2314","6624","exist_in"
"5122","2642","6624","exist_in"
"5123","2777","6624","exist_in"
"5124","2316","6625","exist_in"
"5125","3681","6625","exist_in"
"5126","2313","6626","exist_in"
"5127","2317","6626","exist_in"
"5128","3044","6626","exist_in"
"5129","3282","6626","exist_in"
"5130","2318","6627","exist_in"
"5131","2044","6628","exist_in"
"5132","2106","6628","exist_in"
"5133","2200","6628","exist_in"
"5134","2313","6628","exist_in"
"5135","2578","6628","exist_in"
"5136","2690","6628","exist_in"
"5137","2697","6628","exist_in"
"5138","3147","6628","exist_in"
"5139","3309","6628","exist_in"
"5140","3424","6628","exist_in"
"5141","3740","6628","exist_in"
"5142","2313","6629","exist_in"
"5143","3248","6630","exist_in"
"5144","3356","6630","exist_in"
"5145","3549","6630","exist_in"
"5146","3556","6631","exist_in"
"5147","3607","6631","exist_in"
"5148","2313","6632","exist_in"
"5149","3686","6632","exist_in"
"5150","2313","6633","exist_in"
"5151","3707","6633","exist_in"
"5152","2313","6634","exist_in"
"5153","2343","6634","exist_in"
"5154","2313","6635","exist_in"
"5155","2406","6635","exist_in"
"5156","2528","6635","exist_in"
"5157","2455","6636","exist_in"
"5158","3957","6636","exist_in"
"5159","2313","6637","exist_in"
"5160","2495","6637","exist_in"
"5161","2313","6638","exist_in"
"5162","2542","6638","exist_in"
"5163","2950","6638","exist_in"
"5164","2313","6639","exist_in"
"5165","3012","6639","exist_in"
"5166","3055","6639","exist_in"
"5167","2313","6640","exist_in"
"5168","3168","6640","exist_in"
"5169","3303","6640","exist_in"
"5170","2194","6641","exist_in"
"5171","2313","6641","exist_in"
"5172","2313","6642","exist_in"
"5173","3358","6642","exist_in"
"5174","3951","6642","exist_in"
"5175","2313","6643","exist_in"
"5176","2321","6643","exist_in"
"5177","2323","6644","exist_in"
"5178","2324","6645","exist_in"
"5179","3559","6645","exist_in"
"5180","2326","6646","exist_in"
"5181","3229","6646","exist_in"
"5182","2327","6647","exist_in"
"5183","2468","6647","exist_in"
"5184","2144","6648","exist_in"
"5185","2243","6648","exist_in"
"5186","2328","6648","exist_in"
"5187","2329","6649","exist_in"
"5188","2144","6650","exist_in"
"5189","2279","6650","exist_in"
"5190","2330","6650","exist_in"
"5191","2331","6651","exist_in"
"5192","2448","6651","exist_in"
"5193","3254","6651","exist_in"
"5194","2332","6652","exist_in"
"5195","2755","6652","exist_in"
"5196","2313","6653","exist_in"
"5197","2332","6653","exist_in"
"5198","2313","6654","exist_in"
"5199","2334","6654","exist_in"
"5200","2313","6655","exist_in"
"5201","2335","6655","exist_in"
"5202","2336","6656","exist_in"
"5203","2336","6657","exist_in"
"5204","2313","6658","exist_in"
"5205","2336","6658","exist_in"
"5206","2338","6659","exist_in"
"5207","2339","6659","exist_in"
"5208","2732","6659","exist_in"
"5209","2177","6660","exist_in"
"5210","2340","6660","exist_in"
"5211","2644","6660","exist_in"
"5212","2341","6661","exist_in"
"5213","2344","6662","exist_in"
"5214","2473","6662","exist_in"
"5215","2714","6662","exist_in"
"5216","3790","6664","exist_in"
"5217","2260","6665","exist_in"
"5218","2347","6665","exist_in"
"5219","2351","6665","exist_in"
"5220","2216","6666","exist_in"
"5221","2349","6666","exist_in"
"5222","2416","6666","exist_in"
"5223","3147","6666","exist_in"
"5224","3789","6666","exist_in"
"5225","2352","6667","exist_in"
"5226","2353","6668","exist_in"
"5227","2687","6668","exist_in"
"5228","3438","6668","exist_in"
"5229","3441","6668","exist_in"
"5230","3442","6668","exist_in"
"5231","3074","6669","exist_in"
"5232","2355","6670","exist_in"
"5233","3855","6670","exist_in"
"5234","2356","6671","exist_in"
"5235","3790","6671","exist_in"
"5236","2357","6672","exist_in"
"5237","2358","6673","exist_in"
"5238","2359","6674","exist_in"
"5239","2473","6674","exist_in"
"5240","3227","6674","exist_in"
"5241","3810","6674","exist_in"
"5242","2360","6675","exist_in"
"5243","2081","6676","exist_in"
"5244","2190","6676","exist_in"
"5245","2361","6676","exist_in"
"5246","2550","6676","exist_in"
"5247","2362","6677","exist_in"
"5248","2363","6678","exist_in"
"5249","2706","6678","exist_in"
"5250","2723","6678","exist_in"
"5251","2364","6679","exist_in"
"5252","3177","6679","exist_in"
"5253","2365","6680","exist_in"
"5254","2366","6680","exist_in"
"5255","2690","6680","exist_in"
"5256","2369","6681","exist_in"
"5257","3231","6681","exist_in"
"5258","2371","6682","exist_in"
"5259","2376","6683","exist_in"
"5260","2485","6683","exist_in"
"5261","2375","6684","exist_in"
"5262","2485","6684","exist_in"
"5263","2083","6685","exist_in"
"5264","2254","6685","exist_in"
"5265","2257","6685","exist_in"
"5266","2378","6685","exist_in"
"5267","2446","6685","exist_in"
"5268","2380","6686","exist_in"
"5269","2381","6687","exist_in"
"5270","3501","6687","exist_in"
"5271","2313","6688","exist_in"
"5272","2382","6688","exist_in"
"5273","2313","6689","exist_in"
"5274","2382","6689","exist_in"
"5275","3958","6689","exist_in"
"5276","2383","6690","exist_in"
"5277","2386","6691","exist_in"
"5278","3641","6691","exist_in"
"5279","2220","6692","exist_in"
"5280","2388","6692","exist_in"
"5281","2390","6693","exist_in"
"5282","2752","6693","exist_in"
"5283","2923","6693","exist_in"
"5284","3359","6693","exist_in"
"5285","2392","6694","exist_in"
"5286","2690","6694","exist_in"
"5287","3845","6694","exist_in"
"5288","2393","6695","exist_in"
"5289","2690","6695","exist_in"
"5290","2394","6696","exist_in"
"5291","2394","6697","exist_in"
"5292","2470","6697","exist_in"
"5293","2394","6698","exist_in"
"5294","2928","6698","exist_in"
"5295","2395","6699","exist_in"
"5296","2779","6699","exist_in"
"5297","2690","6702","exist_in"
"5298","2391","6703","exist_in"
"5299","2563","6703","exist_in"
"5300","2394","6704","exist_in"
"5301","2642","6704","exist_in"
"5302","2391","6705","exist_in"
"5303","2690","6705","exist_in"
"5304","2391","6706","exist_in"
"5305","2690","6706","exist_in"
"5306","2391","6707","exist_in"
"5307","2690","6707","exist_in"
"5308","2868","6707","exist_in"
"5309","3845","6707","exist_in"
"5310","2402","6708","exist_in"
"5311","2403","6709","exist_in"
"5312","2313","6710","exist_in"
"5313","2405","6710","exist_in"
"5314","3958","6710","exist_in"
"5315","2407","6711","exist_in"
"5316","2766","6711","exist_in"
"5317","3809","6711","exist_in"
"5318","2408","6712","exist_in"
"5319","3214","6712","exist_in"
"5320","2409","6713","exist_in"
"5321","2799","6713","exist_in"
"5322","3553","6713","exist_in"
"5323","2411","6714","exist_in"
"5324","3958","6714","exist_in"
"5325","2313","6715","exist_in"
"5326","2411","6715","exist_in"
"5327","3958","6715","exist_in"
"5328","2414","6716","exist_in"
"5329","2419","6717","exist_in"
"5330","2420","6717","exist_in"
"5331","2646","6717","exist_in"
"5332","2690","6717","exist_in"
"5333","2419","6718","exist_in"
"5334","2642","6718","exist_in"
"5335","2690","6718","exist_in"
"5336","3622","6718","exist_in"
"5337","2422","6719","exist_in"
"5338","2423","6719","exist_in"
"5339","2422","6720","exist_in"
"5340","3781","6720","exist_in"
"5341","2427","6721","exist_in"
"5342","2428","6722","exist_in"
"5343","2702","6722","exist_in"
"5344","3020","6722","exist_in"
"5345","2430","6723","exist_in"
"5346","2368","6724","exist_in"
"5347","2431","6724","exist_in"
"5348","2385","6725","exist_in"
"5349","2432","6725","exist_in"
"5350","2598","6725","exist_in"
"5351","2313","6726","exist_in"
"5352","2433","6726","exist_in"
"5353","2435","6727","exist_in"
"5354","2440","6728","exist_in"
"5355","2441","6729","exist_in"
"5356","3839","6729","exist_in"
"5357","2313","6730","exist_in"
"5358","2442","6730","exist_in"
"5359","3971","6730","exist_in"
"5360","2445","6731","exist_in"
"5361","2447","6732","exist_in"
"5362","2702","6732","exist_in"
"5363","2454","6733","exist_in"
"5364","2453","6734","exist_in"
"5365","2456","6735","exist_in"
"5366","2457","6736","exist_in"
"5367","2674","6736","exist_in"
"5368","2888","6736","exist_in"
"5369","2099","6737","exist_in"
"5370","2459","6737","exist_in"
"5371","3393","6737","exist_in"
"5372","3740","6737","exist_in"
"5373","2103","6738","exist_in"
"5374","2185","6738","exist_in"
"5375","2459","6738","exist_in"
"5376","2665","6738","exist_in"
"5377","2814","6738","exist_in"
"5378","2100","6739","exist_in"
"5379","2458","6739","exist_in"
"5380","3724","6739","exist_in"
"5381","3740","6739","exist_in"
"5382","2462","6740","exist_in"
"5383","2463","6741","exist_in"
"5384","2464","6742","exist_in"
"5385","3969","6742","exist_in"
"5386","2465","6743","exist_in"
"5387","2466","6744","exist_in"
"5388","2472","6745","exist_in"
"5389","3790","6745","exist_in"
"5390","2313","6746","exist_in"
"5391","2436","6746","exist_in"
"5392","2437","6746","exist_in"
"5393","2439","6746","exist_in"
"5394","2475","6747","exist_in"
"5395","3597","6747","exist_in"
"5396","2476","6748","exist_in"
"5397","3262","6748","exist_in"
"5398","2477","6749","exist_in"
"5399","2254","6750","exist_in"
"5400","2479","6750","exist_in"
"5401","2872","6750","exist_in"
"5402","2372","6751","exist_in"
"5403","2480","6751","exist_in"
"5404","3004","6751","exist_in"
"5405","3062","6751","exist_in"
"5406","3229","6751","exist_in"
"5407","2482","6752","exist_in"
"5408","2690","6752","exist_in"
"5409","2484","6753","exist_in"
"5410","3009","6754","exist_in"
"5411","2489","6755","exist_in"
"5412","2660","6755","exist_in"
"5413","2485","6756","exist_in"
"5414","2490","6756","exist_in"
"5415","3684","6756","exist_in"
"5416","2492","6757","exist_in"
"5417","3721","6757","exist_in"
"5418","2494","6758","exist_in"
"5419","2313","6759","exist_in"
"5420","2496","6759","exist_in"
"5421","2497","6760","exist_in"
"5422","2500","6761","exist_in"
"5423","2256","6762","exist_in"
"5424","2404","6762","exist_in"
"5425","2987","6762","exist_in"
"5426","2112","6763","exist_in"
"5427","2501","6763","exist_in"
"5428","2572","6763","exist_in"
"5429","3002","6763","exist_in"
"5430","2502","6764","exist_in"
"5431","2503","6765","exist_in"
"5432","2504","6766","exist_in"
"5433","2505","6767","exist_in"
"5434","3381","6767","exist_in"
"5435","3677","6767","exist_in"
"5436","3922","6767","exist_in"
"5437","2508","6768","exist_in"
"5438","2507","6769","exist_in"
"5439","2509","6769","exist_in"
"5440","2313","6770","exist_in"
"5441","2507","6770","exist_in"
"5442","2313","6771","exist_in"
"5443","2507","6771","exist_in"
"5444","2313","6772","exist_in"
"5445","2332","6772","exist_in"
"5446","2507","6772","exist_in"
"5447","2332","6773","exist_in"
"5448","2507","6773","exist_in"
"5449","3607","6773","exist_in"
"5450","2313","6774","exist_in"
"5451","2506","6774","exist_in"
"5452","2507","6774","exist_in"
"5453","3890","6774","exist_in"
"5454","2165","6775","exist_in"
"5455","2510","6775","exist_in"
"5456","2512","6776","exist_in"
"5457","2513","6776","exist_in"
"5458","2955","6776","exist_in"
"5459","3569","6777","exist_in"
"5460","3081","6778","exist_in"
"5461","3790","6778","exist_in"
"5462","2522","6780","exist_in"
"5463","2714","6780","exist_in"
"5464","2526","6781","exist_in"
"5465","2528","6781","exist_in"
"5466","2313","6782","exist_in"
"5467","2527","6782","exist_in"
"5468","2313","6783","exist_in"
"5469","2333","6783","exist_in"
"5470","2530","6783","exist_in"
"5471","2533","6784","exist_in"
"5472","2534","6785","exist_in"
"5473","2843","6785","exist_in"
"5474","2536","6786","exist_in"
"5475","2538","6787","exist_in"
"5476","2690","6787","exist_in"
"5477","2539","6788","exist_in"
"5478","2537","6789","exist_in"
"5479","3544","6789","exist_in"
"5480","2544","6790","exist_in"
"5481","2653","6790","exist_in"
"5482","2546","6791","exist_in"
"5483","2690","6791","exist_in"
"5484","2547","6792","exist_in"
"5485","2548","6793","exist_in"
"5486","2549","6793","exist_in"
"5487","3535","6793","exist_in"
"5488","3728","6793","exist_in"
"5489","2552","6794","exist_in"
"5490","2552","6795","exist_in"
"5491","2552","6794","exist_in"
"5492","2552","6795","exist_in"
"5493","2555","6796","exist_in"
"5494","2690","6797","exist_in"
"5495","2840","6797","exist_in"
"5496","3036","6797","exist_in"
"5497","3433","6797","exist_in"
"5498","3492","6797","exist_in"
"5499","3655","6797","exist_in"
"5500","2558","6798","exist_in"
"5501","2560","6799","exist_in"
"5502","3504","6799","exist_in"
"5503","3552","6799","exist_in"
"5504","2562","6800","exist_in"
"5505","2871","6800","exist_in"
"5506","3203","6800","exist_in"
"5507","2564","6801","exist_in"
"5508","2702","6801","exist_in"
"5509","2565","6802","exist_in"
"5510","3205","6802","exist_in"
"5511","2566","6803","exist_in"
"5512","2313","6804","exist_in"
"5513","2567","6804","exist_in"
"5514","2568","6805","exist_in"
"5515","2702","6805","exist_in"
"5516","2264","6806","exist_in"
"5517","2569","6806","exist_in"
"5518","2569","6807","exist_in"
"5519","3515","6807","exist_in"
"5520","2570","6808","exist_in"
"5521","3212","6808","exist_in"
"5522","2572","6809","exist_in"
"5523","2080","6810","exist_in"
"5524","2166","6810","exist_in"
"5525","2573","6810","exist_in"
"5526","2993","6810","exist_in"
"5527","2313","6811","exist_in"
"5528","2574","6811","exist_in"
"5529","2313","6812","exist_in"
"5530","2575","6812","exist_in"
"5531","2609","6812","exist_in"
"5532","2577","6813","exist_in"
"5533","2579","6814","exist_in"
"5534","2580","6815","exist_in"
"5535","3037","6815","exist_in"
"5536","2313","6816","exist_in"
"5537","2581","6816","exist_in"
"5538","2583","6817","exist_in"
"5539","2914","6817","exist_in"
"5540","2915","6817","exist_in"
"5541","3287","6817","exist_in"
"5542","3309","6817","exist_in"
"5543","3590","6817","exist_in"
"5544","3620","6817","exist_in"
"5545","2313","6818","exist_in"
"5546","2585","6818","exist_in"
"5547","2584","6819","exist_in"
"5548","2586","6819","exist_in"
"5549","2313","6820","exist_in"
"5550","2587","6820","exist_in"
"5551","2590","6821","exist_in"
"5552","2732","6821","exist_in"
"5553","2595","6822","exist_in"
"5554","3812","6822","exist_in"
"5555","2596","6823","exist_in"
"5556","3812","6823","exist_in"
"5557","2597","6824","exist_in"
"5558","3365","6824","exist_in"
"5559","3812","6824","exist_in"
"5560","2106","6825","exist_in"
"5561","2599","6825","exist_in"
"5562","2601","6826","exist_in"
"5563","2313","6827","exist_in"
"5564","2602","6827","exist_in"
"5565","2603","6828","exist_in"
"5566","3466","6828","exist_in"
"5567","2605","6829","exist_in"
"5568","3261","6829","exist_in"
"5569","2606","6830","exist_in"
"5570","3049","6830","exist_in"
"5571","2608","6831","exist_in"
"5572","2690","6831","exist_in"
"5573","2610","6832","exist_in"
"5574","2611","6833","exist_in"
"5575","2612","6834","exist_in"
"5576","2613","6835","exist_in"
"5577","2749","6835","exist_in"
"5578","3209","6835","exist_in"
"5579","2616","6837","exist_in"
"5580","2619","6838","exist_in"
"5581","2144","6839","exist_in"
"5582","2350","6839","exist_in"
"5583","2623","6839","exist_in"
"5584","2254","6840","exist_in"
"5585","2313","6840","exist_in"
"5586","2593","6840","exist_in"
"5587","2624","6840","exist_in"
"5588","3937","6840","exist_in"
"5589","2625","6841","exist_in"
"5590","3141","6841","exist_in"
"5591","2626","6842","exist_in"
"5592","2210","6843","exist_in"
"5593","3596","6843","exist_in"
"5594","2714","6847","exist_in"
"5595","3626","6849","exist_in"
"5596","2523","6850","exist_in"
"5597","2553","6850","exist_in"
"5598","2764","6851","exist_in"
"5599","2690","6852","exist_in"
"5600","3319","6852","exist_in"
"5601","3792","6852","exist_in"
"5602","2543","6853","exist_in"
"5603","2690","6854","exist_in"
"5604","2643","6855","exist_in"
"5605","2384","6856","exist_in"
"5606","2642","6856","exist_in"
"5607","3149","6856","exist_in"
"5608","3150","6856","exist_in"
"5609","2544","6857","exist_in"
"5610","2690","6857","exist_in"
"5611","2642","6858","exist_in"
"5612","3510","6858","exist_in"
"5613","2642","6859","exist_in"
"5614","3720","6859","exist_in"
"5615","2644","6860","exist_in"
"5616","3913","6860","exist_in"
"5617","2120","6861","exist_in"
"5618","3282","6861","exist_in"
"5619","2647","6862","exist_in"
"5620","2648","6863","exist_in"
"5621","2649","6864","exist_in"
"5622","2395","6865","exist_in"
"5623","2319","6866","exist_in"
"5624","2650","6866","exist_in"
"5625","2750","6866","exist_in"
"5626","2644","6867","exist_in"
"5627","2644","6868","exist_in"
"5628","3311","6868","exist_in"
"5629","3612","6868","exist_in"
"5630","2425","6869","exist_in"
"5631","2644","6869","exist_in"
"5632","3264","6869","exist_in"
"5633","3282","6869","exist_in"
"5634","3521","6870","exist_in"
"5635","2038","6871","exist_in"
"5636","2644","6871","exist_in"
"5637","2690","6871","exist_in"
"5638","3412","6871","exist_in"
"5639","3764","6871","exist_in"
"5640","2644","6872","exist_in"
"5641","2908","6872","exist_in"
"5642","3115","6872","exist_in"
"5643","2644","6873","exist_in"
"5644","2880","6873","exist_in"
"5645","3511","6873","exist_in"
"5646","3663","6873","exist_in"
"5647","2644","6874","exist_in"
"5648","2690","6874","exist_in"
"5649","3557","6874","exist_in"
"5650","2653","6875","exist_in"
"5651","2175","6876","exist_in"
"5652","2653","6876","exist_in"
"5653","2259","6877","exist_in"
"5654","2721","6877","exist_in"
"5655","2653","6878","exist_in"
"5656","2857","6878","exist_in"
"5657","2858","6878","exist_in"
"5658","2545","6879","exist_in"
"5659","2651","6879","exist_in"
"5660","2690","6879","exist_in"
"5661","2653","6880","exist_in"
"5662","2655","6882","exist_in"
"5663","2658","6883","exist_in"
"5664","2658","6884","exist_in"
"5665","2659","6885","exist_in"
"5666","2659","6886","exist_in"
"5667","2732","6886","exist_in"
"5668","2491","6887","exist_in"
"5669","3123","6887","exist_in"
"5670","3158","6887","exist_in"
"5671","3585","6887","exist_in"
"5672","2661","6888","exist_in"
"5673","2661","6889","exist_in"
"5674","2661","6890","exist_in"
"5675","2898","6890","exist_in"
"5676","2663","6891","exist_in"
"5677","3040","6891","exist_in"
"5678","3315","6891","exist_in"
"5679","2313","6892","exist_in"
"5680","2668","6892","exist_in"
"5681","2670","6893","exist_in"
"5682","3680","6894","exist_in"
"5683","3922","6894","exist_in"
"5684","2671","6895","exist_in"
"5685","2672","6896","exist_in"
"5686","2676","6897","exist_in"
"5687","2678","6898","exist_in"
"5688","3647","6898","exist_in"
"5689","2679","6899","exist_in"
"5690","3185","6899","exist_in"
"5691","2680","6900","exist_in"
"5692","3553","6900","exist_in"
"5693","2683","6901","exist_in"
"5694","2684","6902","exist_in"
"5695","2685","6903","exist_in"
"5696","2690","6903","exist_in"
"5697","3630","6903","exist_in"
"5698","2394","6904","exist_in"
"5699","2690","6904","exist_in"
"5700","2690","6905","exist_in"
"5701","2396","6906","exist_in"
"5702","2645","6906","exist_in"
"5703","2690","6906","exist_in"
"5704","2782","6906","exist_in"
"5705","2644","6907","exist_in"
"5706","3591","6907","exist_in"
"5707","3863","6907","exist_in"
"5708","2653","6908","exist_in"
"5709","2690","6908","exist_in"
"5710","2690","6909","exist_in"
"5711","2691","6909","exist_in"
"5712","2960","6909","exist_in"
"5713","3118","6909","exist_in"
"5714","3780","6909","exist_in"
"5715","2690","6910","exist_in"
"5716","3161","6910","exist_in"
"5717","3163","6910","exist_in"
"5718","2690","6911","exist_in"
"5719","3792","6911","exist_in"
"5720","2692","6912","exist_in"
"5721","2692","6913","exist_in"
"5722","3852","6913","exist_in"
"5723","2693","6914","exist_in"
"5724","2693","6915","exist_in"
"5725","2781","6915","exist_in"
"5726","2467","6916","exist_in"
"5727","3124","6916","exist_in"
"5728","3510","6916","exist_in"
"5729","2690","6917","exist_in"
"5730","2694","6917","exist_in"
"5731","2862","6917","exist_in"
"5732","3319","6917","exist_in"
"5733","3321","6917","exist_in"
"5734","2644","6918","exist_in"
"5735","2696","6918","exist_in"
"5736","2697","6919","exist_in"
"5737","2697","6920","exist_in"
"5738","2697","6921","exist_in"
"5739","2697","6922","exist_in"
"5740","2449","6923","exist_in"
"5741","2697","6923","exist_in"
"5742","2697","6924","exist_in"
"5743","2811","6924","exist_in"
"5744","3880","6924","exist_in"
"5745","2697","6925","exist_in"
"5746","2767","6925","exist_in"
"5747","2817","6925","exist_in"
"5748","2818","6925","exist_in"
"5749","3662","6925","exist_in"
"5750","2449","6926","exist_in"
"5751","2697","6926","exist_in"
"5752","3324","6926","exist_in"
"5753","2698","6927","exist_in"
"5754","2699","6928","exist_in"
"5755","2843","6928","exist_in"
"5756","2702","6929","exist_in"
"5757","2702","6930","exist_in"
"5758","2703","6931","exist_in"
"5759","2604","6932","exist_in"
"5760","2702","6932","exist_in"
"5761","2702","6933","exist_in"
"5762","2704","6934","exist_in"
"5763","2572","6935","exist_in"
"5764","2707","6935","exist_in"
"5765","2711","6936","exist_in"
"5766","2712","6938","exist_in"
"5767","3683","6938","exist_in"
"5768","2713","6939","exist_in"
"5769","2072","6940","exist_in"
"5770","2713","6940","exist_in"
"5771","3577","6940","exist_in"
"5772","2071","6941","exist_in"
"5773","2228","6941","exist_in"
"5774","2712","6941","exist_in"
"5775","3586","6941","exist_in"
"5776","2714","6942","exist_in"
"5777","2716","6943","exist_in"
"5778","3545","6943","exist_in"
"5779","2718","6944","exist_in"
"5780","3548","6944","exist_in"
"5781","3853","6944","exist_in"
"5782","2717","6945","exist_in"
"5783","2719","6945","exist_in"
"5784","3741","6945","exist_in"
"5785","2720","6946","exist_in"
"5786","2732","6946","exist_in"
"5787","3491","6946","exist_in"
"5788","2653","6947","exist_in"
"5789","2690","6947","exist_in"
"5790","2725","6947","exist_in"
"5791","2807","6947","exist_in"
"5792","2727","6948","exist_in"
"5793","2728","6949","exist_in"
"5794","2729","6950","exist_in"
"5795","2731","6951","exist_in"
"5796","2731","6952","exist_in"
"5797","2732","6953","exist_in"
"5798","2732","6954","exist_in"
"5799","3052","6954","exist_in"
"5800","2732","6955","exist_in"
"5801","3967","6955","exist_in"
"5802","2733","6956","exist_in"
"5803","2736","6957","exist_in"
"5804","3553","6957","exist_in"
"5805","2738","6958","exist_in"
"5806","3434","6958","exist_in"
"5807","2739","6959","exist_in"
"5808","3194","6959","exist_in"
"5809","2313","6960","exist_in"
"5810","2741","6960","exist_in"
"5811","2313","6961","exist_in"
"5812","2743","6961","exist_in"
"5813","2313","6962","exist_in"
"5814","2747","6962","exist_in"
"5815","2751","6963","exist_in"
"5816","2843","6963","exist_in"
"5817","2412","6964","exist_in"
"5818","2753","6964","exist_in"
"5819","2313","6965","exist_in"
"5820","2753","6965","exist_in"
"5821","3286","6965","exist_in"
"5822","2754","6966","exist_in"
"5823","2757","6967","exist_in"
"5824","2758","6968","exist_in"
"5825","2758","6969","exist_in"
"5826","3502","6969","exist_in"
"5827","2759","6970","exist_in"
"5828","2760","6971","exist_in"
"5829","2313","6972","exist_in"
"5830","2758","6972","exist_in"
"5831","2758","6973","exist_in"
"5832","2759","6973","exist_in"
"5833","2762","6974","exist_in"
"5834","2535","6975","exist_in"
"5835","2763","6975","exist_in"
"5836","2843","6975","exist_in"
"5837","2765","6976","exist_in"
"5838","3640","6976","exist_in"
"5839","3642","6976","exist_in"
"5840","2768","6977","exist_in"
"5841","2690","6978","exist_in"
"5842","2769","6978","exist_in"
"5843","2852","6978","exist_in"
"5844","2770","6979","exist_in"
"5845","3697","6979","exist_in"
"5846","3699","6979","exist_in"
"5847","3700","6979","exist_in"
"5848","3701","6979","exist_in"
"5849","2313","6980","exist_in"
"5850","2771","6980","exist_in"
"5851","2773","6981","exist_in"
"5852","2774","6981","exist_in"
"5853","3914","6981","exist_in"
"5854","2702","6982","exist_in"
"5855","2775","6982","exist_in"
"5856","2776","6983","exist_in"
"5857","2778","6984","exist_in"
"5858","2861","6984","exist_in"
"5859","2394","6985","exist_in"
"5860","2780","6985","exist_in"
"5861","2176","6986","exist_in"
"5862","2783","6986","exist_in"
"5863","3655","6986","exist_in"
"5864","2298","6987","exist_in"
"5865","2418","6987","exist_in"
"5866","2740","6987","exist_in"
"5867","2784","6987","exist_in"
"5868","3430","6987","exist_in"
"5869","2787","6988","exist_in"
"5870","3618","6988","exist_in"
"5871","2789","6989","exist_in"
"5872","2702","6990","exist_in"
"5873","2702","7367","exist_in"
"5874","2790","6990","exist_in"
"5875","2790","7367","exist_in"
"5876","2702","6991","exist_in"
"5877","2791","6992","exist_in"
"5878","2792","6993","exist_in"
"5879","2793","6994","exist_in"
"5880","2794","6995","exist_in"
"5881","2313","6996","exist_in"
"5882","2315","6996","exist_in"
"5883","2372","6996","exist_in"
"5884","2438","6996","exist_in"
"5885","2748","6996","exist_in"
"5886","2796","6996","exist_in"
"5887","2827","6996","exist_in"
"5888","2838","6996","exist_in"
"5889","3282","6996","exist_in"
"5890","2254","6997","exist_in"
"5891","2313","6997","exist_in"
"5892","2796","6997","exist_in"
"5893","2827","6997","exist_in"
"5894","2795","6998","exist_in"
"5895","2796","6998","exist_in"
"5896","2827","6998","exist_in"
"5897","3197","6998","exist_in"
"5898","2827","6999","exist_in"
"5899","2827","7000","exist_in"
"5900","2143","7001","exist_in"
"5901","2146","7001","exist_in"
"5902","2800","7001","exist_in"
"5903","2801","7001","exist_in"
"5904","2961","7001","exist_in"
"5905","2802","7002","exist_in"
"5906","3510","7002","exist_in"
"5907","3341","7003","exist_in"
"5908","2182","7004","exist_in"
"5909","2803","7004","exist_in"
"5910","2805","7005","exist_in"
"5911","2806","7006","exist_in"
"5912","3398","7006","exist_in"
"5913","2808","7007","exist_in"
"5914","3716","7007","exist_in"
"5915","2569","7008","exist_in"
"5916","2809","7008","exist_in"
"5917","2827","7008","exist_in"
"5918","2812","7009","exist_in"
"5919","3304","7009","exist_in"
"5920","3391","7009","exist_in"
"5921","2816","7010","exist_in"
"5922","2498","7012","exist_in"
"5923","2682","7012","exist_in"
"5924","2690","7012","exist_in"
"5925","2819","7012","exist_in"
"5926","2847","7012","exist_in"
"5927","2850","7012","exist_in"
"5928","2995","7012","exist_in"
"5929","3836","7012","exist_in"
"5930","2690","7013","exist_in"
"5931","3171","7014","exist_in"
"5932","2821","7015","exist_in"
"5933","2824","7016","exist_in"
"5934","2690","7017","exist_in"
"5935","2825","7017","exist_in"
"5936","2205","7018","exist_in"
"5937","2229","7018","exist_in"
"5938","2525","7018","exist_in"
"5939","2828","7018","exist_in"
"5940","3807","7018","exist_in"
"5941","2829","7019","exist_in"
"5942","2997","7019","exist_in"
"5943","2830","7020","exist_in"
"5944","2997","7021","exist_in"
"5945","2831","7022","exist_in"
"5946","2837","7023","exist_in"
"5947","3551","7023","exist_in"
"5948","2823","7024","exist_in"
"5949","2839","7024","exist_in"
"5950","3850","7024","exist_in"
"5951","3965","7024","exist_in"
"5952","2540","7025","exist_in"
"5953","3553","7025","exist_in"
"5954","2756","7026","exist_in"
"5955","2843","7026","exist_in"
"5956","2843","7027","exist_in"
"5957","3336","7027","exist_in"
"5958","3457","7027","exist_in"
"5959","2843","7028","exist_in"
"5960","3458","7028","exist_in"
"5961","2844","7029","exist_in"
"5962","2849","7030","exist_in"
"5963","3520","7030","exist_in"
"5964","3740","7030","exist_in"
"5965","2854","7031","exist_in"
"5966","2853","7032","exist_in"
"5967","2855","7033","exist_in"
"5968","2594","7034","exist_in"
"5969","2690","7034","exist_in"
"5970","2856","7034","exist_in"
"5971","2653","7035","exist_in"
"5972","2857","7035","exist_in"
"5973","2859","7036","exist_in"
"5974","2732","7037","exist_in"
"5975","2859","7037","exist_in"
"5976","2860","7038","exist_in"
"5977","2150","7039","exist_in"
"5978","2863","7039","exist_in"
"5979","3740","7039","exist_in"
"5980","2866","7040","exist_in"
"5981","2864","7041","exist_in"
"5982","3848","7041","exist_in"
"5983","2870","7042","exist_in"
"5984","3547","7042","exist_in"
"5985","2872","7043","exist_in"
"5986","3769","7043","exist_in"
"5987","2873","7044","exist_in"
"5988","3529","7044","exist_in"
"5989","2874","7045","exist_in"
"5990","2875","7046","exist_in"
"5991","2876","7047","exist_in"
"5992","2065","7048","exist_in"
"5993","2877","7048","exist_in"
"5994","3616","7048","exist_in"
"5995","2478","7049","exist_in"
"5996","2878","7049","exist_in"
"5997","3616","7049","exist_in"
"5998","2882","7051","exist_in"
"5999","2884","7051","exist_in"
"6000","2576","7052","exist_in"
"6001","2885","7052","exist_in"
"6002","2125","7053","exist_in"
"6003","2511","7053","exist_in"
"6004","2886","7053","exist_in"
"6005","2887","7054","exist_in"
"6006","2890","7055","exist_in"
"6007","2892","7056","exist_in"
"6008","3243","7056","exist_in"
"6009","2893","7057","exist_in"
"6010","3812","7057","exist_in"
"6011","2313","7058","exist_in"
"6012","2894","7058","exist_in"
"6013","2313","7059","exist_in"
"6014","2894","7059","exist_in"
"6015","3466","7059","exist_in"
"6016","2896","7060","exist_in"
"6017","2997","7060","exist_in"
"6018","3178","7060","exist_in"
"6019","2895","7061","exist_in"
"6020","2895","7062","exist_in"
"6021","2962","7062","exist_in"
"6022","2661","7063","exist_in"
"6023","2898","7063","exist_in"
"6024","2661","7064","exist_in"
"6025","2898","7064","exist_in"
"6026","2661","7065","exist_in"
"6027","2898","7065","exist_in"
"6028","2661","7066","exist_in"
"6029","2898","7066","exist_in"
"6030","2661","7067","exist_in"
"6031","2897","7067","exist_in"
"6032","2313","7068","exist_in"
"6033","2542","7068","exist_in"
"6034","2902","7068","exist_in"
"6035","2542","7069","exist_in"
"6036","2901","7069","exist_in"
"6037","3183","7069","exist_in"
"6038","3589","7070","exist_in"
"6039","2904","7071","exist_in"
"6040","2905","7071","exist_in"
"6041","2702","7072","exist_in"
"6042","2906","7072","exist_in"
"6043","3190","7072","exist_in"
"6044","2820","7073","exist_in"
"6045","2907","7073","exist_in"
"6046","3848","7073","exist_in"
"6047","2666","7075","exist_in"
"6048","2690","7075","exist_in"
"6049","2785","7076","exist_in"
"6050","2911","7076","exist_in"
"6051","2913","7077","exist_in"
"6052","3309","7077","exist_in"
"6053","2313","7078","exist_in"
"6054","2917","7078","exist_in"
"6055","2917","7079","exist_in"
"6056","2918","7080","exist_in"
"6057","2313","7081","exist_in"
"6058","2919","7081","exist_in"
"6059","2378","7082","exist_in"
"6060","2921","7083","exist_in"
"6061","2922","7084","exist_in"
"6062","3068","7084","exist_in"
"6063","3265","7084","exist_in"
"6064","3657","7084","exist_in"
"6065","3779","7084","exist_in"
"6066","2924","7085","exist_in"
"6067","2927","7086","exist_in"
"6068","2313","7087","exist_in"
"6069","2929","7087","exist_in"
"6070","2933","7088","exist_in"
"6071","2313","7089","exist_in"
"6072","2934","7089","exist_in"
"6073","2935","7090","exist_in"
"6074","2320","7091","exist_in"
"6075","2313","7092","exist_in"
"6076","2940","7092","exist_in"
"6077","2313","7094","exist_in"
"6078","2939","7094","exist_in"
"6079","2939","7095","exist_in"
"6080","3920","7095","exist_in"
"6081","2434","7096","exist_in"
"6082","2939","7096","exist_in"
"6083","2036","7097","exist_in"
"6084","2712","7097","exist_in"
"6085","2943","7097","exist_in"
"6086","2697","7098","exist_in"
"6087","2944","7098","exist_in"
"6088","2945","7099","exist_in"
"6089","2313","7100","exist_in"
"6090","2945","7100","exist_in"
"6091","2313","7101","exist_in"
"6092","2669","7101","exist_in"
"6093","2946","7101","exist_in"
"6094","2947","7102","exist_in"
"6095","2542","7104","exist_in"
"6096","2950","7104","exist_in"
"6097","2486","7105","exist_in"
"6098","2953","7105","exist_in"
"6099","2954","7106","exist_in"
"6100","2258","7107","exist_in"
"6101","2652","7107","exist_in"
"6102","2957","7107","exist_in"
"6103","2958","7108","exist_in"
"6104","3241","7108","exist_in"
"6105","2959","7109","exist_in"
"6106","2963","7110","exist_in"
"6107","3130","7110","exist_in"
"6108","3647","7110","exist_in"
"6109","2964","7111","exist_in"
"6110","2964","7112","exist_in"
"6111","3811","7112","exist_in"
"6112","3932","7112","exist_in"
"6113","2714","7113","exist_in"
"6114","2965","7113","exist_in"
"6115","3312","7113","exist_in"
"6116","3318","7113","exist_in"
"6117","2313","7114","exist_in"
"6118","2967","7114","exist_in"
"6119","2968","7115","exist_in"
"6120","2313","7116","exist_in"
"6121","2966","7116","exist_in"
"6122","2966","7117","exist_in"
"6123","2969","7117","exist_in"
"6124","3957","7117","exist_in"
"6125","2970","7118","exist_in"
"6126","2313","7119","exist_in"
"6127","2574","7119","exist_in"
"6128","2971","7119","exist_in"
"6129","2972","7120","exist_in"
"6130","3813","7120","exist_in"
"6131","2975","7121","exist_in"
"6132","2976","7122","exist_in"
"6133","2974","7123","exist_in"
"6134","2977","7123","exist_in"
"6135","2313","7124","exist_in"
"6136","2973","7124","exist_in"
"6137","2948","7125","exist_in"
"6138","2973","7125","exist_in"
"6139","2313","7126","exist_in"
"6140","2973","7126","exist_in"
"6141","3114","7126","exist_in"
"6142","3494","7126","exist_in"
"6143","2978","7127","exist_in"
"6144","2978","7128","exist_in"
"6145","2689","7129","exist_in"
"6146","2980","7129","exist_in"
"6147","3306","7129","exist_in"
"6148","2981","7130","exist_in"
"6149","3740","7130","exist_in"
"6150","2815","7131","exist_in"
"6151","2982","7131","exist_in"
"6152","3278","7131","exist_in"
"6153","2988","7132","exist_in"
"6154","2989","7133","exist_in"
"6155","2990","7134","exist_in"
"6156","2992","7135","exist_in"
"6157","2994","7136","exist_in"
"6158","2241","7137","exist_in"
"6159","2996","7137","exist_in"
"6160","3422","7137","exist_in"
"6161","2997","7138","exist_in"
"6162","2997","7139","exist_in"
"6163","2997","7140","exist_in"
"6164","2223","7141","exist_in"
"6165","2997","7141","exist_in"
"6166","2224","7142","exist_in"
"6167","2997","7142","exist_in"
"6168","2737","7143","exist_in"
"6169","2997","7143","exist_in"
"6170","2846","7144","exist_in"
"6171","2997","7144","exist_in"
"6172","3428","7144","exist_in"
"6173","2997","7145","exist_in"
"6174","2223","7146","exist_in"
"6175","2997","7146","exist_in"
"6176","3300","7146","exist_in"
"6177","3301","7147","exist_in"
"6178","2221","7148","exist_in"
"6179","2223","7148","exist_in"
"6180","2997","7148","exist_in"
"6181","3300","7148","exist_in"
"6182","2997","7149","exist_in"
"6183","3300","7149","exist_in"
"6184","2999","7150","exist_in"
"6185","3793","7150","exist_in"
"6186","3000","7151","exist_in"
"6187","3001","7152","exist_in"
"6188","2690","7153","exist_in"
"6189","3001","7153","exist_in"
"6190","3001","7154","exist_in"
"6191","2050","7155","exist_in"
"6192","2051","7155","exist_in"
"6193","2108","7155","exist_in"
"6194","3003","7155","exist_in"
"6195","3010","7155","exist_in"
"6196","3541","7155","exist_in"
"6197","2690","7156","exist_in"
"6198","3003","7156","exist_in"
"6199","2806","7157","exist_in"
"6200","3006","7157","exist_in"
"6201","2379","7158","exist_in"
"6202","2690","7159","exist_in"
"6203","3008","7159","exist_in"
"6204","3003","7160","exist_in"
"6205","3012","7161","exist_in"
"6206","2313","7162","exist_in"
"6207","3011","7162","exist_in"
"6208","3188","7163","exist_in"
"6209","3014","7164","exist_in"
"6210","2732","7165","exist_in"
"6211","3015","7165","exist_in"
"6212","2151","7166","exist_in"
"6213","3016","7166","exist_in"
"6214","3586","7166","exist_in"
"6215","3017","7167","exist_in"
"6216","3869","7167","exist_in"
"6217","2690","7168","exist_in"
"6218","3018","7168","exist_in"
"6219","3028","7168","exist_in"
"6220","2673","7169","exist_in"
"6221","3019","7169","exist_in"
"6222","2702","7170","exist_in"
"6223","3193","7171","exist_in"
"6224","3022","7172","exist_in"
"6225","3023","7173","exist_in"
"6226","2572","7174","exist_in"
"6227","3025","7174","exist_in"
"6228","3295","7174","exist_in"
"6229","3027","7175","exist_in"
"6230","3878","7175","exist_in"
"6231","2690","7176","exist_in"
"6232","3028","7176","exist_in"
"6233","3484","7176","exist_in"
"6234","3029","7177","exist_in"
"6235","3030","7178","exist_in"
"6236","3031","7178","exist_in"
"6237","3586","7178","exist_in"
"6238","2714","7179","exist_in"
"6239","3580","7179","exist_in"
"6240","2700","7180","exist_in"
"6241","3033","7180","exist_in"
"6242","3368","7180","exist_in"
"6243","3034","7181","exist_in"
"6244","3035","7182","exist_in"
"6245","3760","7182","exist_in"
"6246","3037","7183","exist_in"
"6247","3077","7183","exist_in"
"6248","3509","7183","exist_in"
"6249","2620","7184","exist_in"
"6250","3037","7184","exist_in"
"6251","3389","7184","exist_in"
"6252","3038","7185","exist_in"
"6253","3199","7185","exist_in"
"6254","2714","7186","exist_in"
"6255","3042","7186","exist_in"
"6256","2313","7187","exist_in"
"6257","3043","7187","exist_in"
"6258","2681","7188","exist_in"
"6259","3046","7188","exist_in"
"6260","3291","7188","exist_in"
"6261","2690","7189","exist_in"
"6262","2826","7189","exist_in"
"6263","3047","7189","exist_in"
"6264","2714","7190","exist_in"
"6265","3048","7190","exist_in"
"6266","3672","7190","exist_in"
"6267","2690","7191","exist_in"
"6268","2313","7192","exist_in"
"6269","2493","7192","exist_in"
"6270","2925","7192","exist_in"
"6271","3050","7192","exist_in"
"6272","3710","7192","exist_in"
"6273","3051","7193","exist_in"
"6274","2193","7194","exist_in"
"6275","3054","7194","exist_in"
"6276","3800","7194","exist_in"
"6277","2313","7195","exist_in"
"6278","2542","7195","exist_in"
"6279","3057","7195","exist_in"
"6280","2313","7196","exist_in"
"6281","2541","7196","exist_in"
"6282","3056","7196","exist_in"
"6283","2313","7197","exist_in"
"6284","2541","7197","exist_in"
"6285","3056","7197","exist_in"
"6286","3058","7198","exist_in"
"6287","2162","7199","exist_in"
"6288","3059","7199","exist_in"
"6289","2690","7200","exist_in"
"6290","3060","7200","exist_in"
"6291","2690","7201","exist_in"
"6292","3060","7201","exist_in"
"6293","3461","7201","exist_in"
"6294","3462","7201","exist_in"
"6295","3594","7201","exist_in"
"6296","2732","7202","exist_in"
"6297","3061","7202","exist_in"
"6298","2481","7203","exist_in"
"6299","3066","7203","exist_in"
"6300","3069","7204","exist_in"
"6301","3227","7204","exist_in"
"6302","3070","7205","exist_in"
"6303","2344","7206","exist_in"
"6304","3070","7206","exist_in"
"6305","3184","7206","exist_in"
"6306","3072","7207","exist_in"
"6307","2354","7208","exist_in"
"6308","3073","7208","exist_in"
"6309","2618","7209","exist_in"
"6310","3074","7209","exist_in"
"6311","3138","7209","exist_in"
"6312","3139","7209","exist_in"
"6313","3397","7209","exist_in"
"6314","3715","7209","exist_in"
"6315","2056","7210","exist_in"
"6316","2761","7210","exist_in"
"6317","2851","7210","exist_in"
"6318","3078","7210","exist_in"
"6319","3079","7211","exist_in"
"6320","3440","7211","exist_in"
"6321","3445","7211","exist_in"
"6322","2308","7212","exist_in"
"6323","3080","7212","exist_in"
"6324","2813","7213","exist_in"
"6325","3082","7213","exist_in"
"6326","3083","7214","exist_in"
"6327","3085","7215","exist_in"
"6328","3872","7215","exist_in"
"6329","2367","7216","exist_in"
"6330","3086","7216","exist_in"
"6331","3306","7216","exist_in"
"6332","2313","7217","exist_in"
"6333","3087","7217","exist_in"
"6334","3471","7217","exist_in"
"6335","3088","7218","exist_in"
"6336","3713","7218","exist_in"
"6337","3647","7221","exist_in"
"6338","3219","7223","exist_in"
"6339","3272","7223","exist_in"
"6340","3096","7224","exist_in"
"6341","3119","7224","exist_in"
"6342","3097","7225","exist_in"
"6343","3538","7225","exist_in"
"6344","2690","7226","exist_in"
"6345","3098","7226","exist_in"
"6346","3375","7226","exist_in"
"6347","3081","7227","exist_in"
"6348","3570","7227","exist_in"
"6349","2702","7228","exist_in"
"6350","3099","7228","exist_in"
"6351","2229","7229","exist_in"
"6352","3251","7229","exist_in"
"6353","3877","7230","exist_in"
"6354","3103","7231","exist_in"
"6355","3553","7231","exist_in"
"6356","3104","7232","exist_in"
"6357","3103","7233","exist_in"
"6358","3553","7233","exist_in"
"6359","3103","7234","exist_in"
"6360","3554","7234","exist_in"
"6361","3812","7235","exist_in"
"6362","3105","7236","exist_in"
"6363","3811","7236","exist_in"
"6364","3932","7236","exist_in"
"6365","2313","7237","exist_in"
"6366","3107","7237","exist_in"
"6367","3108","7237","exist_in"
"6368","3108","7238","exist_in"
"6369","3112","7239","exist_in"
"6370","3111","7240","exist_in"
"6371","3811","7240","exist_in"
"6372","2883","7241","exist_in"
"6373","3113","7241","exist_in"
"6374","3812","7241","exist_in"
"6375","2695","7242","exist_in"
"6376","2121","7243","exist_in"
"6377","3282","7243","exist_in"
"6378","3117","7244","exist_in"
"6379","3264","7244","exist_in"
"6380","3120","7245","exist_in"
"6381","3172","7245","exist_in"
"6382","3173","7245","exist_in"
"6383","3181","7245","exist_in"
"6384","2596","7246","exist_in"
"6385","3121","7246","exist_in"
"6386","3812","7246","exist_in"
"6387","3122","7247","exist_in"
"6388","3812","7247","exist_in"
"6389","2313","7248","exist_in"
"6390","3125","7248","exist_in"
"6391","2313","7249","exist_in"
"6392","3127","7249","exist_in"
"6393","2313","7250","exist_in"
"6394","3126","7250","exist_in"
"6395","2313","7251","exist_in"
"6396","3128","7251","exist_in"
"6397","3129","7251","exist_in"
"6398","3131","7252","exist_in"
"6399","3223","7252","exist_in"
"6400","2571","7253","exist_in"
"6401","2589","7253","exist_in"
"6402","2724","7253","exist_in"
"6403","2798","7253","exist_in"
"6404","2806","7253","exist_in"
"6405","3134","7253","exist_in"
"6406","3135","7253","exist_in"
"6407","3155","7253","exist_in"
"6408","3285","7253","exist_in"
"6409","3534","7253","exist_in"
"6410","3999","7253","exist_in"
"6411","3136","7254","exist_in"
"6412","2532","7255","exist_in"
"6413","3137","7255","exist_in"
"6414","3828","7255","exist_in"
"6415","2313","7256","exist_in"
"6416","3140","7256","exist_in"
"6417","3145","7257","exist_in"
"6418","3146","7257","exist_in"
"6419","2313","7258","exist_in"
"6420","3148","7258","exist_in"
"6421","2474","7259","exist_in"
"6422","2557","7259","exist_in"
"6423","3149","7259","exist_in"
"6424","2429","7260","exist_in"
"6425","3147","7260","exist_in"
"6426","2168","7261","exist_in"
"6427","2169","7261","exist_in"
"6428","2417","7261","exist_in"
"6429","3147","7261","exist_in"
"6430","3395","7261","exist_in"
"6431","2265","7262","exist_in"
"6432","3147","7262","exist_in"
"6433","3151","7263","exist_in"
"6434","2128","7264","exist_in"
"6435","3152","7264","exist_in"
"6436","3153","7265","exist_in"
"6437","3156","7266","exist_in"
"6438","3157","7266","exist_in"
"6439","3159","7267","exist_in"
"6440","3160","7268","exist_in"
"6441","3162","7269","exist_in"
"6442","2421","7271","exist_in"
"6443","3164","7271","exist_in"
"6444","3607","7271","exist_in"
"6445","3165","7272","exist_in"
"6446","3165","7633","exist_in"
"6447","3165","7793","exist_in"
"6448","3166","7273","exist_in"
"6449","2091","7274","exist_in"
"6450","2399","7274","exist_in"
"6451","2401","7274","exist_in"
"6452","3186","7274","exist_in"
"6453","2869","7275","exist_in"
"6454","3187","7275","exist_in"
"6455","2702","7276","exist_in"
"6456","3195","7276","exist_in"
"6457","3849","7276","exist_in"
"6458","3200","7277","exist_in"
"6459","3222","7277","exist_in"
"6460","3635","7277","exist_in"
"6461","2690","7278","exist_in"
"6462","3202","7278","exist_in"
"6463","3201","7279","exist_in"
"6464","2048","7280","exist_in"
"6465","2076","7280","exist_in"
"6466","2869","7280","exist_in"
"6467","3176","7280","exist_in"
"6468","3520","7280","exist_in"
"6469","3206","7282","exist_in"
"6470","3976","7282","exist_in"
"6471","2688","7283","exist_in"
"6472","2690","7283","exist_in"
"6473","3003","7283","exist_in"
"6474","3174","7283","exist_in"
"6475","3207","7283","exist_in"
"6476","3654","7283","exist_in"
"6477","3738","7283","exist_in"
"6478","3208","7284","exist_in"
"6479","3394","7284","exist_in"
"6480","3028","7285","exist_in"
"6481","3215","7285","exist_in"
"6482","3216","7286","exist_in"
"6483","3026","7287","exist_in"
"6484","3217","7287","exist_in"
"6485","3217","7288","exist_in"
"6486","3505","7288","exist_in"
"6487","3783","7288","exist_in"
"6488","3218","7290","exist_in"
"6489","2237","7291","exist_in"
"6490","3220","7291","exist_in"
"6491","3814","7291","exist_in"
"6492","3814","7291","exist_in"
"6493","3865","7291","exist_in"
"6494","2690","7292","exist_in"
"6495","3224","7292","exist_in"
"6496","2060","7294","exist_in"
"6497","3022","7294","exist_in"
"6498","3444","7294","exist_in"
"6499","3226","7295","exist_in"
"6500","3227","7296","exist_in"
"6501","3228","7297","exist_in"
"6502","3825","7297","exist_in"
"6503","2424","7298","exist_in"
"6504","2675","7299","exist_in"
"6505","3229","7299","exist_in"
"6506","3005","7300","exist_in"
"6507","3229","7300","exist_in"
"6508","3005","7301","exist_in"
"6509","3229","7301","exist_in"
"6510","2832","7302","exist_in"
"6511","2642","7303","exist_in"
"6512","2690","7303","exist_in"
"6513","3232","7303","exist_in"
"6514","3792","7303","exist_in"
"6515","2690","7304","exist_in"
"6516","3234","7304","exist_in"
"6517","2248","7305","exist_in"
"6518","3235","7305","exist_in"
"6519","2572","7306","exist_in"
"6520","3236","7306","exist_in"
"6521","2572","7307","exist_in"
"6522","3236","7307","exist_in"
"6523","3238","7308","exist_in"
"6524","3239","7309","exist_in"
"6525","2653","7310","exist_in"
"6526","3240","7310","exist_in"
"6527","2216","7311","exist_in"
"6528","3244","7311","exist_in"
"6529","2216","7312","exist_in"
"6530","2313","7312","exist_in"
"6531","2966","7312","exist_in"
"6532","3244","7312","exist_in"
"6533","3839","7312","exist_in"
"6534","3868","7312","exist_in"
"6535","3244","7313","exist_in"
"6536","3244","7314","exist_in"
"6537","3839","7314","exist_in"
"6538","3246","7315","exist_in"
"6539","3250","7316","exist_in"
"6540","2263","7317","exist_in"
"6541","2772","7318","exist_in"
"6542","2041","7319","exist_in"
"6543","2926","7319","exist_in"
"6544","3263","7321","exist_in"
"6545","2389","7322","exist_in"
"6546","3267","7322","exist_in"
"6547","3460","7322","exist_in"
"6548","3268","7323","exist_in"
"6549","2810","7324","exist_in"
"6550","3147","7324","exist_in"
"6551","3271","7324","exist_in"
"6552","3273","7325","exist_in"
"6553","3273","7816","exist_in"
"6554","3274","7326","exist_in"
"6555","3273","7327","exist_in"
"6556","3790","7327","exist_in"
"6557","2600","7328","exist_in"
"6558","2702","7328","exist_in"
"6559","3276","7328","exist_in"
"6560","3277","7329","exist_in"
"6561","3277","7330","exist_in"
"6562","3834","7330","exist_in"
"6563","2073","7331","exist_in"
"6564","2090","7331","exist_in"
"6565","2313","7331","exist_in"
"6566","2654","7331","exist_in"
"6567","2690","7331","exist_in"
"6568","2732","7331","exist_in"
"6569","3045","7331","exist_in"
"6570","3147","7331","exist_in"
"6571","3279","7331","exist_in"
"6572","3306","7331","exist_in"
"6573","3790","7331","exist_in"
"6574","3037","7332","exist_in"
"6575","3280","7332","exist_in"
"6576","3337","7332","exist_in"
"6577","2325","7333","exist_in"
"6578","2559","7333","exist_in"
"6579","2607","7333","exist_in"
"6580","2724","7333","exist_in"
"6581","2806","7333","exist_in"
"6582","3282","7333","exist_in"
"6583","3147","7334","exist_in"
"6584","3284","7334","exist_in"
"6585","2471","7335","exist_in"
"6586","3288","7335","exist_in"
"6587","2229","7336","exist_in"
"6588","3289","7336","exist_in"
"6589","2690","7337","exist_in"
"6590","3290","7337","exist_in"
"6591","2444","7338","exist_in"
"6592","3292","7338","exist_in"
"6593","3293","7339","exist_in"
"6594","3294","7340","exist_in"
"6595","3681","7340","exist_in"
"6596","3296","7341","exist_in"
"6597","3550","7341","exist_in"
"6598","2572","7342","exist_in"
"6599","3295","7342","exist_in"
"6600","2572","7343","exist_in"
"6601","3295","7343","exist_in"
"6602","2452","7344","exist_in"
"6603","2714","7344","exist_in"
"6604","3024","7344","exist_in"
"6605","3032","7344","exist_in"
"6606","3142","7344","exist_in"
"6607","3297","7344","exist_in"
"6608","2697","7345","exist_in"
"6609","3298","7345","exist_in"
"6610","3300","7346","exist_in"
"6611","3396","7346","exist_in"
"6612","3299","7347","exist_in"
"6613","3300","7348","exist_in"
"6614","2997","7349","exist_in"
"6615","3300","7349","exist_in"
"6616","2997","7350","exist_in"
"6617","3300","7350","exist_in"
"6618","2997","7351","exist_in"
"6619","3300","7351","exist_in"
"6620","2997","7352","exist_in"
"6621","3300","7352","exist_in"
"6622","2997","7353","exist_in"
"6623","3300","7353","exist_in"
"6624","2997","7354","exist_in"
"6625","3300","7354","exist_in"
"6626","2997","7355","exist_in"
"6627","3300","7355","exist_in"
"6628","2221","7356","exist_in"
"6629","3455","7356","exist_in"
"6630","2997","7357","exist_in"
"6631","3303","7358","exist_in"
"6632","2367","7359","exist_in"
"6633","2378","7359","exist_in"
"6634","2500","7359","exist_in"
"6635","3306","7359","exist_in"
"6636","2167","7360","exist_in"
"6637","2204","7360","exist_in"
"6638","2715","7360","exist_in"
"6639","2979","7360","exist_in"
"6640","3309","7360","exist_in"
"6641","3752","7360","exist_in"
"6642","3309","7361","exist_in"
"6643","2714","7362","exist_in"
"6644","3313","7362","exist_in"
"6645","2162","7363","exist_in"
"6646","2313","7363","exist_in"
"6647","3314","7363","exist_in"
"6648","2313","7364","exist_in"
"6649","3315","7364","exist_in"
"6650","2572","7365","exist_in"
"6651","2686","7365","exist_in"
"6652","3316","7365","exist_in"
"6653","2714","7366","exist_in"
"6654","3317","7366","exist_in"
"6655","3744","7366","exist_in"
"6656","2642","6990","exist_in"
"6657","2642","7367","exist_in"
"6658","2690","6990","exist_in"
"6659","2690","7367","exist_in"
"6660","3320","6990","exist_in"
"6661","3320","7367","exist_in"
"6662","3792","6990","exist_in"
"6663","3792","7367","exist_in"
"6664","3319","7368","exist_in"
"6665","3748","7368","exist_in"
"6666","3323","7369","exist_in"
"6667","3553","7369","exist_in"
"6668","2141","7370","exist_in"
"6669","2158","7370","exist_in"
"6670","2163","7370","exist_in"
"6671","3109","7370","exist_in"
"6672","3324","7370","exist_in"
"6673","3339","7370","exist_in"
"6674","3516","7370","exist_in"
"6675","3822","7370","exist_in"
"6676","3324","7371","exist_in"
"6677","3024","7372","exist_in"
"6678","3327","7372","exist_in"
"6679","3328","7373","exist_in"
"6680","3329","7373","exist_in"
"6681","3330","7374","exist_in"
"6682","3331","7375","exist_in"
"6683","3405","7375","exist_in"
"6684","2115","7376","exist_in"
"6685","2843","7377","exist_in"
"6686","3342","7377","exist_in"
"6687","3343","7378","exist_in"
"6688","3553","7378","exist_in"
"6689","3344","7379","exist_in"
"6690","3345","7380","exist_in"
"6691","3347","7381","exist_in"
"6692","2702","7382","exist_in"
"6693","3346","7382","exist_in"
"6694","2313","7383","exist_in"
"6695","3349","7383","exist_in"
"6696","3350","7384","exist_in"
"6697","2313","7385","exist_in"
"6698","3353","7385","exist_in"
"6699","2313","7386","exist_in"
"6700","3352","7386","exist_in"
"6701","3352","7387","exist_in"
"6702","2313","7388","exist_in"
"6703","3354","7388","exist_in"
"6704","3699","7388","exist_in"
"6705","3357","7389","exist_in"
"6706","3363","7389","exist_in"
"6707","2398","7390","exist_in"
"6708","3355","7390","exist_in"
"6709","3360","7391","exist_in"
"6710","2313","7392","exist_in"
"6711","2415","7392","exist_in"
"6712","3361","7392","exist_in"
"6713","3839","7392","exist_in"
"6714","3362","7393","exist_in"
"6715","3364","7394","exist_in"
"6716","3812","7394","exist_in"
"6717","3366","7395","exist_in"
"6718","3369","7397","exist_in"
"6719","3747","7397","exist_in"
"6720","2956","7398","exist_in"
"6721","3371","7398","exist_in"
"6722","3373","7399","exist_in"
"6723","2144","7400","exist_in"
"6724","3372","7400","exist_in"
"6725","2144","7401","exist_in"
"6726","3374","7401","exist_in"
"6727","3376","7402","exist_in"
"6728","2690","7403","exist_in"
"6729","3377","7403","exist_in"
"6730","2214","7404","exist_in"
"6731","3378","7404","exist_in"
"6732","3379","7405","exist_in"
"6733","3383","7406","exist_in"
"6734","2124","7407","exist_in"
"6735","3384","7407","exist_in"
"6736","3426","7407","exist_in"
"6737","2055","7408","exist_in"
"6738","3196","7408","exist_in"
"6739","3385","7408","exist_in"
"6740","3386","7409","exist_in"
"6741","3388","7410","exist_in"
"6742","2200","7411","exist_in"
"6743","3387","7411","exist_in"
"6744","2690","7412","exist_in"
"6745","3399","7412","exist_in"
"6746","3403","7413","exist_in"
"6747","3722","7413","exist_in"
"6748","3404","7414","exist_in"
"6749","3579","7414","exist_in"
"6750","3405","7415","exist_in"
"6751","2502","7416","exist_in"
"6752","2554","7416","exist_in"
"6753","3065","7416","exist_in"
"6754","3406","7416","exist_in"
"6755","3627","7416","exist_in"
"6756","3726","7416","exist_in"
"6757","3169","7417","exist_in"
"6758","3405","7417","exist_in"
"6759","3407","7418","exist_in"
"6760","3409","7419","exist_in"
"6761","3408","7420","exist_in"
"6762","3510","7420","exist_in"
"6763","3410","7421","exist_in"
"6764","3411","7421","exist_in"
"6765","2690","7422","exist_in"
"6766","3413","7422","exist_in"
"6767","2690","7423","exist_in"
"6768","3414","7423","exist_in"
"6769","3415","7423","exist_in"
"6770","2797","7424","exist_in"
"6771","3282","7425","exist_in"
"6772","3418","7426","exist_in"
"6773","3420","7427","exist_in"
"6774","2745","7428","exist_in"
"6775","3419","7428","exist_in"
"6776","3421","7429","exist_in"
"6777","2313","7430","exist_in"
"6778","2744","7430","exist_in"
"6779","3418","7430","exist_in"
"6780","3424","7431","exist_in"
"6781","2246","7432","exist_in"
"6782","3424","7432","exist_in"
"6783","3424","7433","exist_in"
"6784","2621","7434","exist_in"
"6785","3425","7434","exist_in"
"6786","3429","7436","exist_in"
"6787","3431","7437","exist_in"
"6788","3432","7438","exist_in"
"6789","3437","7439","exist_in"
"6790","3790","7439","exist_in"
"6791","2082","7440","exist_in"
"6792","3392","7440","exist_in"
"6793","3439","7440","exist_in"
"6794","3021","7441","exist_in"
"6795","3446","7441","exist_in"
"6796","2280","7442","exist_in"
"6797","2702","7442","exist_in"
"6798","3447","7442","exist_in"
"6799","2702","7443","exist_in"
"6800","3447","7443","exist_in"
"6801","2690","7444","exist_in"
"6802","3448","7444","exist_in"
"6803","3449","7445","exist_in"
"6804","3451","7446","exist_in"
"6805","3740","7446","exist_in"
"6806","2346","7447","exist_in"
"6807","3338","7447","exist_in"
"6808","3790","7447","exist_in"
"6809","3454","7448","exist_in"
"6810","3790","7448","exist_in"
"6811","3833","7448","exist_in"
"6812","3455","7449","exist_in"
"6813","3455","7450","exist_in"
"6814","2572","7451","exist_in"
"6815","3236","7451","exist_in"
"6816","3456","7451","exist_in"
"6817","2702","7452","exist_in"
"6818","3459","7452","exist_in"
"6819","3463","7453","exist_in"
"6820","3579","7453","exist_in"
"6821","2313","7454","exist_in"
"6822","2614","7454","exist_in"
"6823","3081","7454","exist_in"
"6824","3468","7454","exist_in"
"6825","3854","7454","exist_in"
"6826","2313","7455","exist_in"
"6827","3469","7455","exist_in"
"6828","3467","7456","exist_in"
"6829","3469","7456","exist_in"
"6830","2313","7457","exist_in"
"6831","3466","7457","exist_in"
"6832","3471","7457","exist_in"
"6833","2313","7458","exist_in"
"6834","3470","7458","exist_in"
"6835","3473","7459","exist_in"
"6836","3041","7460","exist_in"
"6837","3474","7460","exist_in"
"6838","3647","7460","exist_in"
"6839","2313","7461","exist_in"
"6840","3475","7461","exist_in"
"6841","3477","7462","exist_in"
"6842","3476","7463","exist_in"
"6843","2313","7464","exist_in"
"6844","3478","7464","exist_in"
"6845","3479","7464","exist_in"
"6846","3481","7466","exist_in"
"6847","2313","7468","exist_in"
"6848","3480","7468","exist_in"
"6849","3482","7469","exist_in"
"6850","3483","7470","exist_in"
"6851","2394","7472","exist_in"
"6852","3487","7472","exist_in"
"6853","2397","7473","exist_in"
"6854","3487","7473","exist_in"
"6855","3488","7474","exist_in"
"6856","3489","7475","exist_in"
"6857","3493","7476","exist_in"
"6858","3958","7476","exist_in"
"6859","3495","7477","exist_in"
"6860","2313","7478","exist_in"
"6861","3495","7478","exist_in"
"6862","2313","7479","exist_in"
"6863","3495","7479","exist_in"
"6864","2588","7480","exist_in"
"6865","2932","7480","exist_in"
"6866","3495","7480","exist_in"
"6867","3496","7481","exist_in"
"6868","2293","7482","exist_in"
"6869","2889","7482","exist_in"
"6870","3497","7482","exist_in"
"6871","3572","7482","exist_in"
"6872","3623","7482","exist_in"
"6873","3876","7482","exist_in"
"6874","3939","7482","exist_in"
"6875","3498","7483","exist_in"
"6876","2451","7484","exist_in"
"6877","3498","7484","exist_in"
"6878","3269","7485","exist_in"
"6879","3499","7485","exist_in"
"6880","3500","7486","exist_in"
"6881","3842","7487","exist_in"
"6882","3334","7491","exist_in"
"6883","3842","7491","exist_in"
"6884","3503","7492","exist_in"
"6885","2714","7493","exist_in"
"6886","3504","7493","exist_in"
"6887","3037","7494","exist_in"
"6888","3506","7494","exist_in"
"6889","3507","7494","exist_in"
"6890","2045","7495","exist_in"
"6891","3508","7495","exist_in"
"6892","3510","7496","exist_in"
"6893","3511","7497","exist_in"
"6894","2690","7498","exist_in"
"6895","3511","7498","exist_in"
"6896","2690","7499","exist_in"
"6897","3179","7499","exist_in"
"6898","3511","7499","exist_in"
"6899","2690","7500","exist_in"
"6900","2879","7500","exist_in"
"6901","2881","7500","exist_in"
"6902","3803","7500","exist_in"
"6903","3512","7501","exist_in"
"6904","2289","7502","exist_in"
"6905","2290","7502","exist_in"
"6906","3510","7502","exist_in"
"6907","2903","7503","exist_in"
"6908","3513","7503","exist_in"
"6909","3812","7503","exist_in"
"6910","3514","7504","exist_in"
"6911","3518","7505","exist_in"
"6912","3242","7506","exist_in"
"6913","3517","7506","exist_in"
"6914","3519","7507","exist_in"
"6915","3522","7508","exist_in"
"6916","3523","7509","exist_in"
"6917","2174","7510","exist_in"
"6918","3524","7510","exist_in"
"6919","3225","7511","exist_in"
"6920","3526","7511","exist_in"
"6921","2551","7512","exist_in"
"6922","3531","7513","exist_in"
"6923","3812","7513","exist_in"
"6924","2313","7514","exist_in"
"6925","3533","7514","exist_in"
"6926","3536","7515","exist_in"
"6927","3963","7515","exist_in"
"6928","3537","7516","exist_in"
"6929","3540","7517","exist_in"
"6930","2714","7518","exist_in"
"6931","3542","7518","exist_in"
"6932","3560","7518","exist_in"
"6933","3543","7519","exist_in"
"6934","2730","7520","exist_in"
"6935","3553","7520","exist_in"
"6936","3443","7521","exist_in"
"6937","3553","7521","exist_in"
"6938","3925","7521","exist_in"
"6939","3539","7522","exist_in"
"6940","3665","7522","exist_in"
"6941","3453","7523","exist_in"
"6942","3561","7523","exist_in"
"6943","3562","7525","exist_in"
"6944","3167","7526","exist_in"
"6945","3562","7526","exist_in"
"6946","3565","7527","exist_in"
"6947","3568","7528","exist_in"
"6948","3571","7529","exist_in"
"6949","2313","7530","exist_in"
"6950","3578","7530","exist_in"
"6951","2183","7531","exist_in"
"6952","2207","7531","exist_in"
"6953","2218","7531","exist_in"
"6954","2400","7532","exist_in"
"6955","2714","7532","exist_in"
"6956","2714","7533","exist_in"
"6957","3778","7533","exist_in"
"6958","3581","7534","exist_in"
"6959","3583","7535","exist_in"
"6960","3586","7536","exist_in"
"6961","2213","7539","exist_in"
"6962","2047","7540","exist_in"
"6963","3067","7540","exist_in"
"6964","3586","7540","exist_in"
"6965","3586","7541","exist_in"
"6966","3619","7541","exist_in"
"6967","3525","7542","exist_in"
"6968","3587","7542","exist_in"
"6969","3588","7543","exist_in"
"6970","3588","7544","exist_in"
"6971","3592","7545","exist_in"
"6972","3193","7546","exist_in"
"6973","3593","7546","exist_in"
"6974","3595","7547","exist_in"
"6975","3598","7548","exist_in"
"6976","2043","7549","exist_in"
"6977","2677","7549","exist_in"
"6978","2714","7549","exist_in"
"6979","3401","7549","exist_in"
"6980","3402","7549","exist_in"
"6981","3504","7549","exist_in"
"6982","3599","7549","exist_in"
"6983","3600","7550","exist_in"
"6984","2690","7551","exist_in"
"6985","3602","7551","exist_in"
"6986","2690","7552","exist_in"
"6987","3601","7552","exist_in"
"6988","3553","7553","exist_in"
"6989","3604","7553","exist_in"
"6990","2702","7554","exist_in"
"6991","3605","7554","exist_in"
"6992","2952","7556","exist_in"
"6993","3606","7556","exist_in"
"6994","3607","7557","exist_in"
"6995","2087","7558","exist_in"
"6996","3013","7558","exist_in"
"6997","3063","7558","exist_in"
"6998","3064","7558","exist_in"
"6999","3609","7558","exist_in"
"7000","2657","7560","exist_in"
"7001","2867","7560","exist_in"
"7002","3611","7560","exist_in"
"7003","2900","7561","exist_in"
"7004","3613","7561","exist_in"
"7005","3900","7561","exist_in"
"7006","3614","7562","exist_in"
"7007","2690","7563","exist_in"
"7008","2833","7563","exist_in"
"7009","3615","7563","exist_in"
"7010","3617","7564","exist_in"
"7011","2130","7565","exist_in"
"7012","3618","7565","exist_in"
"7013","2787","7566","exist_in"
"7014","3618","7566","exist_in"
"7015","2714","7567","exist_in"
"7016","3621","7567","exist_in"
"7017","3624","7568","exist_in"
"7018","3625","7569","exist_in"
"7019","3839","7569","exist_in"
"7020","3405","7570","exist_in"
"7021","3628","7570","exist_in"
"7022","2591","7571","exist_in"
"7023","3629","7571","exist_in"
"7024","2746","7572","exist_in"
"7025","3631","7572","exist_in"
"7026","3632","7573","exist_in"
"7027","3633","7573","exist_in"
"7028","2697","7574","exist_in"
"7029","3634","7574","exist_in"
"7030","3636","7575","exist_in"
"7031","3233","7576","exist_in"
"7032","3637","7576","exist_in"
"7033","3639","7576","exist_in"
"7034","3637","7577","exist_in"
"7035","3638","7577","exist_in"
"7036","3608","7578","exist_in"
"7037","2313","7579","exist_in"
"7038","3645","7579","exist_in"
"7039","2313","7580","exist_in"
"7040","2313","7581","exist_in"
"7041","3645","7581","exist_in"
"7042","2313","7582","exist_in"
"7043","3646","7582","exist_in"
"7044","3647","7583","exist_in"
"7045","3647","7584","exist_in"
"7046","3647","7585","exist_in"
"7047","2342","7586","exist_in"
"7048","3644","7586","exist_in"
"7049","3647","7586","exist_in"
"7050","3882","7586","exist_in"
"7051","3647","7587","exist_in"
"7052","2066","7588","exist_in"
"7053","3211","7588","exist_in"
"7054","3647","7588","exist_in"
"7055","3647","7589","exist_in"
"7056","3647","7590","exist_in"
"7057","3647","7591","exist_in"
"7058","2322","7592","exist_in"
"7059","3647","7592","exist_in"
"7060","3734","7592","exist_in"
"7061","3221","7593","exist_in"
"7062","3648","7593","exist_in"
"7063","3649","7594","exist_in"
"7064","3651","7595","exist_in"
"7065","3652","7596","exist_in"
"7066","2702","7597","exist_in"
"7067","3653","7597","exist_in"
"7068","3090","7598","exist_in"
"7069","3656","7598","exist_in"
"7070","2313","7599","exist_in"
"7071","3658","7599","exist_in"
"7072","3659","7600","exist_in"
"7073","3084","7601","exist_in"
"7074","3660","7601","exist_in"
"7075","2313","7602","exist_in"
"7076","2662","7602","exist_in"
"7077","3661","7602","exist_in"
"7078","2660","7603","exist_in"
"7079","3664","7603","exist_in"
"7080","2690","7604","exist_in"
"7081","3667","7604","exist_in"
"7082","3668","7605","exist_in"
"7083","2690","7606","exist_in"
"7084","3666","7606","exist_in"
"7085","2690","7607","exist_in"
"7086","3670","7607","exist_in"
"7087","3792","7607","exist_in"
"7088","3669","7608","exist_in"
"7089","2653","7609","exist_in"
"7090","3666","7609","exist_in"
"7091","2690","7610","exist_in"
"7092","2834","7610","exist_in"
"7093","3674","7610","exist_in"
"7094","2834","7611","exist_in"
"7095","3551","7611","exist_in"
"7096","3674","7611","exist_in"
"7097","3037","7612","exist_in"
"7098","3676","7612","exist_in"
"7099","2667","7613","exist_in"
"7100","3681","7613","exist_in"
"7101","2701","7614","exist_in"
"7102","3053","7614","exist_in"
"7103","3785","7614","exist_in"
"7104","2714","7617","exist_in"
"7105","2705","7619","exist_in"
"7106","3586","7619","exist_in"
"7107","2690","7620","exist_in"
"7108","3694","7620","exist_in"
"7109","3699","7622","exist_in"
"7110","2313","7623","exist_in"
"7111","3691","7623","exist_in"
"7112","2951","7630","exist_in"
"7113","3702","7630","exist_in"
"7114","3703","7631","exist_in"
"7115","3704","7632","exist_in"
"7116","2313","7272","exist_in"
"7117","2313","7633","exist_in"
"7118","2313","7793","exist_in"
"7119","2313","7634","exist_in"
"7120","2313","7635","exist_in"
"7121","3832","7635","exist_in"
"7122","2128","7636","exist_in"
"7123","2313","7636","exist_in"
"7124","3988","7636","exist_in"
"7125","2313","7637","exist_in"
"7126","3485","7637","exist_in"
"7127","3680","7637","exist_in"
"7128","3922","7637","exist_in"
"7129","3680","7638","exist_in"
"7130","3891","7638","exist_in"
"7131","2129","7639","exist_in"
"7132","2313","7639","exist_in"
"7133","3773","7640","exist_in"
"7134","3784","7641","exist_in"
"7135","3923","7642","exist_in"
"7136","3705","7643","exist_in"
"7137","2313","7644","exist_in"
"7138","2332","7644","exist_in"
"7139","2742","7644","exist_in"
"7140","3890","7644","exist_in"
"7141","2313","7645","exist_in"
"7142","2788","7645","exist_in"
"7143","2313","7646","exist_in"
"7144","3678","7646","exist_in"
"7145","2998","7647","exist_in"
"7146","3678","7647","exist_in"
"7147","3679","7648","exist_in"
"7148","3924","7648","exist_in"
"7149","3960","7649","exist_in"
"7150","3699","7650","exist_in"
"7151","2128","7651","exist_in"
"7152","2145","7651","exist_in"
"7153","2668","7651","exist_in"
"7154","3348","7651","exist_in"
"7155","3699","7651","exist_in"
"7156","3887","7651","exist_in"
"7157","3699","7652","exist_in"
"7158","3706","7653","exist_in"
"7159","3874","7653","exist_in"
"7160","3708","7654","exist_in"
"7161","3709","7654","exist_in"
"7162","3711","7655","exist_in"
"7163","2313","7656","exist_in"
"7164","3714","7657","exist_in"
"7165","2313","7658","exist_in"
"7166","2745","7658","exist_in"
"7167","3281","7658","exist_in"
"7168","3717","7658","exist_in"
"7169","3718","7659","exist_in"
"7170","3719","7659","exist_in"
"7171","3143","7660","exist_in"
"7172","3725","7660","exist_in"
"7173","3191","7661","exist_in"
"7174","3725","7661","exist_in"
"7175","3725","7662","exist_in"
"7176","3740","7662","exist_in"
"7177","3675","7663","exist_in"
"7178","3727","7663","exist_in"
"7179","3749","7663","exist_in"
"7180","3729","7664","exist_in"
"7181","3730","7665","exist_in"
"7182","2734","7666","exist_in"
"7183","3340","7666","exist_in"
"7184","3731","7666","exist_in"
"7185","3732","7667","exist_in"
"7186","3812","7667","exist_in"
"7187","2273","7668","exist_in"
"7188","3733","7668","exist_in"
"7189","3735","7668","exist_in"
"7190","3736","7669","exist_in"
"7191","2313","7670","exist_in"
"7192","3737","7670","exist_in"
"7193","3189","7671","exist_in"
"7194","3739","7671","exist_in"
"7195","2184","7672","exist_in"
"7196","3724","7672","exist_in"
"7197","3740","7672","exist_in"
"7198","3742","7673","exist_in"
"7199","2582","7674","exist_in"
"7200","3745","7674","exist_in"
"7201","3698","7675","exist_in"
"7202","3746","7675","exist_in"
"7203","3890","7675","exist_in"
"7204","3750","7676","exist_in"
"7205","3751","7676","exist_in"
"7206","3573","7677","exist_in"
"7207","3753","7677","exist_in"
"7208","3754","7678","exist_in"
"7209","3755","7679","exist_in"
"7210","2843","7680","exist_in"
"7211","3756","7680","exist_in"
"7212","3242","7681","exist_in"
"7213","3757","7681","exist_in"
"7214","2245","7682","exist_in"
"7215","2843","7682","exist_in"
"7216","3759","7682","exist_in"
"7217","2690","7683","exist_in"
"7218","2848","7683","exist_in"
"7219","3110","7683","exist_in"
"7220","3650","7683","exist_in"
"7221","3712","7683","exist_in"
"7222","3761","7683","exist_in"
"7223","3567","7684","exist_in"
"7224","3762","7684","exist_in"
"7225","2164","7685","exist_in"
"7226","2822","7685","exist_in"
"7227","3671","7685","exist_in"
"7228","3763","7685","exist_in"
"7229","3765","7686","exist_in"
"7230","2697","7687","exist_in"
"7231","3766","7687","exist_in"
"7232","3767","7688","exist_in"
"7233","3768","7689","exist_in"
"7234","3770","7690","exist_in"
"7235","2311","7691","exist_in"
"7236","2617","7691","exist_in"
"7237","3771","7691","exist_in"
"7238","3424","7692","exist_in"
"7239","3772","7692","exist_in"
"7240","2690","7693","exist_in"
"7241","3774","7693","exist_in"
"7242","3851","7693","exist_in"
"7243","2690","7694","exist_in"
"7244","3775","7694","exist_in"
"7245","3249","7695","exist_in"
"7246","3776","7695","exist_in"
"7247","3788","7695","exist_in"
"7248","3777","7697","exist_in"
"7249","3782","7698","exist_in"
"7250","3787","7700","exist_in"
"7251","2702","7702","exist_in"
"7252","3786","7702","exist_in"
"7253","3789","7703","exist_in"
"7254","2690","7704","exist_in"
"7255","3791","7704","exist_in"
"7256","3792","7704","exist_in"
"7257","2286","7705","exist_in"
"7258","2690","7705","exist_in"
"7259","3794","7705","exist_in"
"7260","2690","7706","exist_in"
"7261","3795","7706","exist_in"
"7262","3796","7707","exist_in"
"7263","2690","7708","exist_in"
"7264","2690","7709","exist_in"
"7265","3797","7710","exist_in"
"7266","3798","7711","exist_in"
"7267","2732","7712","exist_in"
"7268","3799","7712","exist_in"
"7269","3800","7713","exist_in"
"7270","3801","7714","exist_in"
"7271","3802","7715","exist_in"
"7272","3875","7715","exist_in"
"7273","3804","7716","exist_in"
"7274","3806","7717","exist_in"
"7275","3812","7717","exist_in"
"7276","3805","7718","exist_in"
"7277","3812","7718","exist_in"
"7278","3932","7718","exist_in"
"7279","3812","7720","exist_in"
"7280","3106","7721","exist_in"
"7281","3812","7721","exist_in"
"7282","2410","7722","exist_in"
"7283","3815","7722","exist_in"
"7284","2200","7723","exist_in"
"7285","2499","7723","exist_in"
"7286","3817","7723","exist_in"
"7287","3405","7724","exist_in"
"7288","3820","7724","exist_in"
"7289","2487","7725","exist_in"
"7290","3558","7725","exist_in"
"7291","3821","7725","exist_in"
"7292","2115","7726","exist_in"
"7293","3823","7726","exist_in"
"7294","3826","7727","exist_in"
"7295","2313","7728","exist_in"
"7296","3827","7728","exist_in"
"7297","2313","7729","exist_in"
"7298","3827","7729","exist_in"
"7299","3827","7730","exist_in"
"7300","3829","7731","exist_in"
"7301","3830","7732","exist_in"
"7302","3831","7733","exist_in"
"7303","2313","7734","exist_in"
"7304","3835","7735","exist_in"
"7305","2690","7736","exist_in"
"7306","3836","7737","exist_in"
"7307","3837","7737","exist_in"
"7308","2313","7738","exist_in"
"7309","3838","7738","exist_in"
"7310","3839","7739","exist_in"
"7311","3839","7740","exist_in"
"7312","3841","7741","exist_in"
"7313","3842","7742","exist_in"
"7314","3842","7743","exist_in"
"7315","3039","7744","exist_in"
"7316","3842","7744","exist_in"
"7317","3842","7745","exist_in"
"7318","3843","7746","exist_in"
"7319","3844","7747","exist_in"
"7320","2758","7748","exist_in"
"7321","3839","7748","exist_in"
"7322","3839","7749","exist_in"
"7323","3839","7750","exist_in"
"7324","2697","7752","exist_in"
"7325","3819","7752","exist_in"
"7326","3847","7752","exist_in"
"7327","2836","7754","exist_in"
"7328","3856","7754","exist_in"
"7329","2702","7755","exist_in"
"7330","3858","7755","exist_in"
"7331","2644","7756","exist_in"
"7332","3860","7756","exist_in"
"7333","2690","7757","exist_in"
"7334","2835","7757","exist_in"
"7335","2443","7758","exist_in"
"7336","2690","7758","exist_in"
"7337","2786","7758","exist_in"
"7338","2983","7758","exist_in"
"7339","2690","7759","exist_in"
"7340","2841","7760","exist_in"
"7341","2842","7760","exist_in"
"7342","2845","7760","exist_in"
"7343","3071","7760","exist_in"
"7344","3325","7760","exist_in"
"7345","3682","7760","exist_in"
"7346","3859","7762","exist_in"
"7347","3861","7763","exist_in"
"7348","3862","7764","exist_in"
"7349","3864","7765","exist_in"
"7350","3866","7766","exist_in"
"7351","3076","7767","exist_in"
"7352","3230","7767","exist_in"
"7353","3867","7767","exist_in"
"7354","3870","7768","exist_in"
"7355","3871","7769","exist_in"
"7356","3873","7770","exist_in"
"7357","2622","7771","exist_in"
"7358","3603","7771","exist_in"
"7359","3877","7771","exist_in"
"7360","3879","7771","exist_in"
"7361","3553","7772","exist_in"
"7362","3881","7772","exist_in"
"7363","3553","7773","exist_in"
"7364","3881","7773","exist_in"
"7365","3883","7774","exist_in"
"7366","3884","7775","exist_in"
"7367","2313","7776","exist_in"
"7368","3886","7776","exist_in"
"7369","3915","7776","exist_in"
"7370","3466","7777","exist_in"
"7371","3886","7777","exist_in"
"7372","3916","7777","exist_in"
"7373","2313","7778","exist_in"
"7374","3888","7778","exist_in"
"7375","3889","7778","exist_in"
"7376","3921","7778","exist_in"
"7377","2313","7779","exist_in"
"7378","3893","7779","exist_in"
"7379","2313","7780","exist_in"
"7380","2916","7780","exist_in"
"7381","3351","7780","exist_in"
"7382","3465","7780","exist_in"
"7383","3894","7780","exist_in"
"7384","3895","7781","exist_in"
"7385","3896","7782","exist_in"
"7386","3907","7782","exist_in"
"7387","3908","7782","exist_in"
"7388","3466","7783","exist_in"
"7389","3897","7783","exist_in"
"7390","3898","7784","exist_in"
"7391","2313","7785","exist_in"
"7392","3899","7785","exist_in"
"7393","3901","7786","exist_in"
"7394","2313","7787","exist_in"
"7395","3902","7787","exist_in"
"7396","2313","7788","exist_in"
"7397","3903","7788","exist_in"
"7398","2313","7789","exist_in"
"7399","3904","7789","exist_in"
"7400","3905","7790","exist_in"
"7401","3906","7791","exist_in"
"7402","3909","7791","exist_in"
"7403","3910","7792","exist_in"
"7404","3911","7272","exist_in"
"7405","3911","7633","exist_in"
"7406","3911","7793","exist_in"
"7407","3912","7272","exist_in"
"7408","3912","7633","exist_in"
"7409","3912","7793","exist_in"
"7410","2313","7794","exist_in"
"7411","2313","7795","exist_in"
"7412","3917","7795","exist_in"
"7413","3926","7795","exist_in"
"7414","3918","7796","exist_in"
"7415","2313","7797","exist_in"
"7416","2495","7797","exist_in"
"7417","3919","7797","exist_in"
"7418","2592","7798","exist_in"
"7419","2313","7799","exist_in"
"7420","3180","7799","exist_in"
"7421","3928","7799","exist_in"
"7422","2313","7800","exist_in"
"7423","3927","7800","exist_in"
"7424","2313","7801","exist_in"
"7425","2745","7801","exist_in"
"7426","3927","7801","exist_in"
"7427","3927","7802","exist_in"
"7428","3927","7821","exist_in"
"7429","3929","7803","exist_in"
"7430","2690","7804","exist_in"
"7431","3930","7804","exist_in"
"7432","3931","7804","exist_in"
"7433","3934","7805","exist_in"
"7434","3268","7806","exist_in"
"7435","3933","7806","exist_in"
"7436","3935","7807","exist_in"
"7437","2313","7808","exist_in"
"7438","3936","7808","exist_in"
"7439","3466","7809","exist_in"
"7440","3938","7809","exist_in"
"7441","3940","7810","exist_in"
"7442","2843","7811","exist_in"
"7443","3941","7811","exist_in"
"7444","3943","7812","exist_in"
"7445","3943","7813","exist_in"
"7446","2730","7814","exist_in"
"7447","2843","7814","exist_in"
"7448","3941","7814","exist_in"
"7449","2843","7815","exist_in"
"7450","3941","7815","exist_in"
"7451","3553","7325","exist_in"
"7452","3553","7816","exist_in"
"7453","3941","7325","exist_in"
"7454","3941","7816","exist_in"
"7455","2313","7817","exist_in"
"7456","3944","7817","exist_in"
"7457","2461","7818","exist_in"
"7458","2529","7818","exist_in"
"7459","2531","7818","exist_in"
"7460","2664","7818","exist_in"
"7461","3213","7818","exist_in"
"7462","3532","7818","exist_in"
"7463","3555","7818","exist_in"
"7464","3566","7818","exist_in"
"7465","3575","7818","exist_in"
"7466","3582","7818","exist_in"
"7467","3945","7818","exist_in"
"7468","2313","7819","exist_in"
"7469","3947","7819","exist_in"
"7470","3949","7820","exist_in"
"7471","2313","7822","exist_in"
"7472","3948","7822","exist_in"
"7473","2313","7823","exist_in"
"7474","3948","7823","exist_in"
"7475","2313","7824","exist_in"
"7476","3946","7824","exist_in"
"7477","3950","7825","exist_in"
"7478","2187","7826","exist_in"
"7479","2730","7826","exist_in"
"7480","2843","7826","exist_in"
"7481","3952","7826","exist_in"
"7482","2187","7827","exist_in"
"7483","2730","7827","exist_in"
"7484","2843","7827","exist_in"
"7485","3952","7827","exist_in"
"7486","2843","7828","exist_in"
"7487","3952","7828","exist_in"
"7488","3953","7829","exist_in"
"7489","3954","7830","exist_in"
"7490","3955","7831","exist_in"
"7491","3956","7832","exist_in"
"7492","3958","7833","exist_in"
"7493","2313","7834","exist_in"
"7494","3958","7834","exist_in"
"7495","3958","7835","exist_in"
"7496","3959","7836","exist_in"
"7497","2313","7837","exist_in"
"7498","2333","7837","exist_in"
"7499","3960","7837","exist_in"
"7500","2313","7838","exist_in"
"7501","2333","7838","exist_in"
"7502","3960","7838","exist_in"
"7503","3961","7839","exist_in"
"7504","3962","7840","exist_in"
"7505","2702","7841","exist_in"
"7506","2702","7842","exist_in"
"7507","3266","7842","exist_in"
"7508","2702","7843","exist_in"
"7509","3964","7843","exist_in"
"7510","3966","7844","exist_in"
"7511","2313","7845","exist_in"
"7512","2899","7845","exist_in"
"7513","3968","7845","exist_in"
"7514","2313","7846","exist_in"
"7515","3970","7846","exist_in"
"7516","2313","7847","exist_in"
"7517","3971","7847","exist_in"
"7518","3472","7848","exist_in"
"7519","3972","7848","exist_in"
"7520","3973","7849","exist_in"
"7521","2313","7850","exist_in"
"7522","3958","7850","exist_in"
"7523","3974","7850","exist_in"
"7524","2313","7851","exist_in"
"7525","3466","7851","exist_in"
"7526","3975","7851","exist_in"
"7527","2332","7852","exist_in"
"7528","3977","7852","exist_in"
"7529","2950","7853","exist_in"
"7530","3978","7853","exist_in"
"7531","3998","7853","exist_in"
"7532","2070","7854","exist_in"
"7533","2450","7854","exist_in"
"7534","3979","7854","exist_in"
"7535","3981","7854","exist_in"
"7536","3982","7855","exist_in"
"7537","2133","7856","exist_in"
"7538","2313","7856","exist_in"
"7539","3584","7856","exist_in"
"7540","3983","7856","exist_in"
"7541","3984","7857","exist_in"
"7542","2702","7858","exist_in"
"7543","3985","7858","exist_in"
"7544","2702","7859","exist_in"
"7545","2313","7860","exist_in"
"7546","3986","7860","exist_in"
"7547","2313","7861","exist_in"
"7548","3987","7861","exist_in"
"7549","3988","7862","exist_in"
"7550","3989","7863","exist_in"
"7551","2313","7864","exist_in"
"7552","3991","7865","exist_in"
"7553","3990","7866","exist_in"
"7554","3992","7867","exist_in"
"7555","2313","7869","exist_in"
"7556","3840","7869","exist_in"
"7557","3993","7869","exist_in"
"7558","2313","7870","exist_in"
"7559","3994","7870","exist_in"
"7560","3995","7871","exist_in"
"7561","3996","7871","exist_in"
"7562","3997","7872","exist_in"
"7563","687","6440","exist_in"
"7564","853","6440","exist_in"
"7565","1061","6440","exist_in"
"7566","1892","6440","exist_in"
"7567","712","6442","exist_in"
"7568","1075","6442","exist_in"
"7569","1299","6442","exist_in"
"7570","1485","6442","exist_in"
"7571","353","6443","exist_in"
"7572","513","6443","exist_in"
"7573","1149","6443","exist_in"
"7574","1198","6443","exist_in"
"7575","1918","6443","exist_in"
"7576","1468","6444","exist_in"
"7577","1514","6444","exist_in"
"7578","1987","6444","exist_in"
"7579","396","6445","exist_in"
"7580","712","6445","exist_in"
"7581","1024","6445","exist_in"
"7582","712","6446","exist_in"
"7583","1123","6446","exist_in"
"7584","1141","6446","exist_in"
"7585","1299","6446","exist_in"
"7586","1300","6446","exist_in"
"7587","1312","6446","exist_in"
"7588","1607","6446","exist_in"
"7589","1651","6446","exist_in"
"7590","1876","6446","exist_in"
"7591","488","6447","exist_in"
"7592","768","6447","exist_in"
"7593","771","6447","exist_in"
"7594","842","6447","exist_in"
"7595","1074","6447","exist_in"
"7596","1651","6447","exist_in"
"7597","513","6448","exist_in"
"7598","712","6448","exist_in"
"7599","1037","6448","exist_in"
"7600","512","6449","exist_in"
"7601","537","6450","exist_in"
"7602","941","6450","exist_in"
"7603","1585","6450","exist_in"
"7604","1994","6450","exist_in"
"7605","396","6451","exist_in"
"7606","1361","6451","exist_in"
"7607","396","6452","exist_in"
"7608","635","6452","exist_in"
"7609","1049","6452","exist_in"
"7610","1198","6452","exist_in"
"7611","1659","6452","exist_in"
"7612","857","6453","exist_in"
"7613","995","6453","exist_in"
"7614","1862","6453","exist_in"
"7615","406","6454","exist_in"
"7616","544","6454","exist_in"
"7617","572","6454","exist_in"
"7618","579","6454","exist_in"
"7619","712","6454","exist_in"
"7620","851","6454","exist_in"
"7621","1932","6454","exist_in"
"7622","712","6455","exist_in"
"7623","353","6456","exist_in"
"7624","445","6457","exist_in"
"7625","1116","6457","exist_in"
"7626","712","6458","exist_in"
"7627","1040","6459","exist_in"
"7628","1223","6459","exist_in"
"7629","1429","6459","exist_in"
"7630","1523","6459","exist_in"
"7631","1784","6459","exist_in"
"7632","1887","6459","exist_in"
"7633","672","6460","exist_in"
"7634","847","6460","exist_in"
"7635","1893","6460","exist_in"
"7636","552","6462","exist_in"
"7637","712","6462","exist_in"
"7638","1386","6462","exist_in"
"7639","1396","6462","exist_in"
"7640","1400","6462","exist_in"
"7641","1361","6464","exist_in"
"7642","353","6465","exist_in"
"7643","956","6465","exist_in"
"7644","967","6465","exist_in"
"7645","1299","6465","exist_in"
"7646","1472","6465","exist_in"
"7647","1541","6465","exist_in"
"7648","1607","6465","exist_in"
"7649","1718","6465","exist_in"
"7650","1733","6465","exist_in"
"7651","712","6466","exist_in"
"7652","1242","6466","exist_in"
"7653","1299","6466","exist_in"
"7654","1607","6466","exist_in"
"7655","1918","6466","exist_in"
"7656","396","6467","exist_in"
"7657","712","6467","exist_in"
"7658","1242","6467","exist_in"
"7659","1299","6467","exist_in"
"7660","1918","6467","exist_in"
"7661","843","6468","exist_in"
"7662","1034","6468","exist_in"
"7663","729","6469","exist_in"
"7664","1564","6469","exist_in"
"7665","513","6470","exist_in"
"7666","1148","6470","exist_in"
"7667","1361","6470","exist_in"
"7668","396","6472","exist_in"
"7669","513","6472","exist_in"
"7670","712","6472","exist_in"
"7671","1149","6472","exist_in"
"7672","1198","6472","exist_in"
"7673","1299","6472","exist_in"
"7674","1918","6472","exist_in"
"7675","480","6473","exist_in"
"7676","501","6473","exist_in"
"7677","970","6473","exist_in"
"7678","1346","6473","exist_in"
"7679","1580","6473","exist_in"
"7680","1659","6473","exist_in"
"7681","1685","6473","exist_in"
"7682","1687","6473","exist_in"
"7683","1701","6473","exist_in"
"7684","1798","6473","exist_in"
"7685","1799","6473","exist_in"
"7686","1912","6473","exist_in"
"7687","1953","6473","exist_in"
"7688","1955","6473","exist_in"
"7689","712","6474","exist_in"
"7690","1607","6474","exist_in"
"7691","1718","6474","exist_in"
"7692","1918","6474","exist_in"
"7693","1089","6475","exist_in"
"7694","712","6476","exist_in"
"7695","1607","6476","exist_in"
"7696","1718","6476","exist_in"
"7697","1918","6476","exist_in"
"7698","456","6477","exist_in"
"7699","712","6477","exist_in"
"7700","843","6477","exist_in"
"7701","889","6477","exist_in"
"7702","1361","6477","exist_in"
"7703","1920","6477","exist_in"
"7704","900","6478","exist_in"
"7705","1768","6478","exist_in"
"7706","1909","6478","exist_in"
"7707","396","6479","exist_in"
"7708","712","6479","exist_in"
"7709","1651","6479","exist_in"
"7710","1918","6479","exist_in"
"7711","1848","6481","exist_in"
"7712","388","6482","exist_in"
"7713","396","6482","exist_in"
"7714","668","6482","exist_in"
"7715","712","6482","exist_in"
"7716","778","6482","exist_in"
"7717","1389","6482","exist_in"
"7718","1490","6482","exist_in"
"7719","456","6483","exist_in"
"7720","875","6483","exist_in"
"7721","998","6483","exist_in"
"7722","361","6483","exist_in"
"7723","1570","6483","exist_in"
"7724","687","6484","exist_in"
"7725","948","6484","exist_in"
"7726","1356","6484","exist_in"
"7727","1414","6484","exist_in"
"7728","1766","6484","exist_in"
"7729","614","6485","exist_in"
"7730","712","6485","exist_in"
"7731","1024","6485","exist_in"
"7732","1613","6485","exist_in"
"7733","554","6486","exist_in"
"7734","656","6486","exist_in"
"7735","712","6486","exist_in"
"7736","712","6487","exist_in"
"7737","895","6487","exist_in"
"7738","1603","6487","exist_in"
"7739","396","6488","exist_in"
"7740","712","6488","exist_in"
"7741","1083","6488","exist_in"
"7742","350","6489","exist_in"
"7743","800","6489","exist_in"
"7744","1120","6489","exist_in"
"7745","1200","6489","exist_in"
"7746","1200","6489","exist_in"
"7747","396","6490","exist_in"
"7748","698","6490","exist_in"
"7749","712","6490","exist_in"
"7750","1316","6490","exist_in"
"7751","396","6491","exist_in"
"7752","594","6491","exist_in"
"7753","843","6491","exist_in"
"7754","940","6491","exist_in"
"7755","1860","6491","exist_in"
"7756","1955","6491","exist_in"
"7757","456","6492","exist_in"
"7758","489","6493","exist_in"
"7759","771","6493","exist_in"
"7760","1571","6493","exist_in"
"7761","1651","6493","exist_in"
"7762","771","6494","exist_in"
"7763","1361","6494","exist_in"
"7764","396","6495","exist_in"
"7765","712","6495","exist_in"
"7766","850","6495","exist_in"
"7767","1198","6495","exist_in"
"7768","1299","6495","exist_in"
"7769","1718","6495","exist_in"
"7770","1726","6495","exist_in"
"7771","1828","6495","exist_in"
"7772","1892","6495","exist_in"
"7773","1914","6495","exist_in"
"7774","1918","6495","exist_in"
"7775","345","6496","exist_in"
"7776","531","6496","exist_in"
"7777","680","6496","exist_in"
"7778","687","6496","exist_in"
"7779","1448","6496","exist_in"
"7780","1467","6496","exist_in"
"7781","1795","6496","exist_in"
"7782","687","6497","exist_in"
"7783","734","6497","exist_in"
"7784","964","6497","exist_in"
"7785","1545","6497","exist_in"
"7786","1555","6497","exist_in"
"7787","1808","6497","exist_in"
"7788","843","6498","exist_in"
"7789","396","6499","exist_in"
"7790","712","6499","exist_in"
"7791","1959","6499","exist_in"
"7792","964","6500","exist_in"
"7793","1444","6500","exist_in"
"7794","1629","6500","exist_in"
"7795","353","6501","exist_in"
"7796","843","6501","exist_in"
"7797","1153","6501","exist_in"
"7798","1304","6501","exist_in"
"7799","1651","6501","exist_in"
"7800","1881","6501","exist_in"
"7801","1883","6501","exist_in"
"7802","843","6502","exist_in"
"7803","1138","6502","exist_in"
"7804","1362","6502","exist_in"
"7805","1651","6502","exist_in"
"7806","1863","6502","exist_in"
"7807","1878","6502","exist_in"
"7808","1964","6502","exist_in"
"7809","396","6503","exist_in"
"7810","773","6503","exist_in"
"7811","843","6503","exist_in"
"7812","1479","6503","exist_in"
"7813","365","6504","exist_in"
"7814","456","6504","exist_in"
"7815","641","6504","exist_in"
"7816","712","6504","exist_in"
"7817","1255","6504","exist_in"
"7818","1607","6504","exist_in"
"7819","712","6505","exist_in"
"7820","1410","6505","exist_in"
"7821","712","6506","exist_in"
"7822","513","6507","exist_in"
"7823","712","6507","exist_in"
"7824","1317","6507","exist_in"
"7825","1361","6507","exist_in"
"7826","513","6508","exist_in"
"7827","712","6508","exist_in"
"7828","1317","6508","exist_in"
"7829","353","6509","exist_in"
"7830","1207","6509","exist_in"
"7831","1299","6509","exist_in"
"7832","1827","6509","exist_in"
"7833","1914","6509","exist_in"
"7834","1918","6509","exist_in"
"7835","1073","6510","exist_in"
"7836","1089","6510","exist_in"
"7837","1158","6510","exist_in"
"7838","1849","6510","exist_in"
"7839","1266","6511","exist_in"
"7840","1938","6511","exist_in"
"7841","875","6512","exist_in"
"7842","1361","6512","exist_in"
"7843","522","6513","exist_in"
"7844","712","6513","exist_in"
"7845","954","6513","exist_in"
"7846","1465","6513","exist_in"
"7847","1685","6514","exist_in"
"7848","1981","6514","exist_in"
"7849","396","6515","exist_in"
"7850","712","6515","exist_in"
"7851","687","6516","exist_in"
"7852","850","6516","exist_in"
"7853","1330","6516","exist_in"
"7854","403","6517","exist_in"
"7855","409","6517","exist_in"
"7856","566","6517","exist_in"
"7857","711","6517","exist_in"
"7858","712","6517","exist_in"
"7859","1203","6517","exist_in"
"7860","1222","6517","exist_in"
"7861","1299","6517","exist_in"
"7862","1450","6517","exist_in"
"7863","1522","6517","exist_in"
"7864","1582","6517","exist_in"
"7865","1595","6517","exist_in"
"7866","1721","6517","exist_in"
"7867","945","6518","exist_in"
"7868","1549","6518","exist_in"
"7869","1955","6518","exist_in"
"7870","513","6519","exist_in"
"7871","712","6519","exist_in"
"7872","875","6519","exist_in"
"7873","1875","6519","exist_in"
"7874","1951","6519","exist_in"
"7875","353","6520","exist_in"
"7876","396","6520","exist_in"
"7877","513","6520","exist_in"
"7878","986","6520","exist_in"
"7879","1299","6520","exist_in"
"7880","1541","6520","exist_in"
"7881","1764","6520","exist_in"
"7882","875","6521","exist_in"
"7883","1198","6521","exist_in"
"7884","1852","6521","exist_in"
"7885","1918","6521","exist_in"
"7886","964","6522","exist_in"
"7887","1435","6522","exist_in"
"7888","1421","6523","exist_in"
"7889","513","6524","exist_in"
"7890","712","6524","exist_in"
"7891","1479","6524","exist_in"
"7892","1541","6524","exist_in"
"7893","1710","6524","exist_in"
"7894","371","6525","exist_in"
"7895","396","6525","exist_in"
"7896","513","6525","exist_in"
"7897","712","6525","exist_in"
"7898","1479","6525","exist_in"
"7899","1541","6525","exist_in"
"7900","396","6526","exist_in"
"7901","513","6526","exist_in"
"7902","712","6526","exist_in"
"7903","1479","6526","exist_in"
"7904","1542","6526","exist_in"
"7905","396","6527","exist_in"
"7906","712","6527","exist_in"
"7907","790","6527","exist_in"
"7908","1299","6527","exist_in"
"7909","396","6528","exist_in"
"7910","712","6528","exist_in"
"7911","875","6528","exist_in"
"7912","1391","6528","exist_in"
"7913","1520","6528","exist_in"
"7914","663","6529","exist_in"
"7915","1651","6529","exist_in"
"7916","875","6530","exist_in"
"7917","1892","6530","exist_in"
"7918","425","6531","exist_in"
"7919","875","6531","exist_in"
"7920","1031","6531","exist_in"
"7921","1097","6531","exist_in"
"7922","396","6532","exist_in"
"7923","513","6532","exist_in"
"7924","712","6532","exist_in"
"7925","396","6533","exist_in"
"7926","712","6533","exist_in"
"7927","875","6533","exist_in"
"7928","1651","6533","exist_in"
"7929","396","6534","exist_in"
"7930","513","6534","exist_in"
"7931","712","6534","exist_in"
"7932","791","6534","exist_in"
"7933","1149","6534","exist_in"
"7934","1362","6534","exist_in"
"7935","1547","6534","exist_in"
"7936","1983","6534","exist_in"
"7937","396","6535","exist_in"
"7938","513","6535","exist_in"
"7939","843","6535","exist_in"
"7940","962","6535","exist_in"
"7941","1089","6535","exist_in"
"7942","1149","6535","exist_in"
"7943","1666","6535","exist_in"
"7944","1668","6535","exist_in"
"7945","1680","6535","exist_in"
"7946","1855","6535","exist_in"
"7947","1857","6535","exist_in"
"7948","1879","6535","exist_in"
"7949","800","6536","exist_in"
"7950","843","6536","exist_in"
"7951","1136","6536","exist_in"
"7952","1149","6536","exist_in"
"7953","1651","6536","exist_in"
"7954","1892","6536","exist_in"
"7955","396","6537","exist_in"
"7956","513","6537","exist_in"
"7957","541","6537","exist_in"
"7958","572","6537","exist_in"
"7959","1086","6537","exist_in"
"7960","1149","6537","exist_in"
"7961","396","6538","exist_in"
"7962","495","6538","exist_in"
"7963","513","6538","exist_in"
"7964","800","6538","exist_in"
"7965","843","6538","exist_in"
"7966","1083","6538","exist_in"
"7967","1149","6538","exist_in"
"7968","1210","6538","exist_in"
"7969","1651","6538","exist_in"
"7970","1862","6538","exist_in"
"7971","668","6539","exist_in"
"7972","668","6540","exist_in"
"7973","821","6540","exist_in"
"7974","1198","6540","exist_in"
"7975","1892","6540","exist_in"
"7976","456","6541","exist_in"
"7977","679","6541","exist_in"
"7978","729","6541","exist_in"
"7979","1028","6541","exist_in"
"7980","1072","6541","exist_in"
"7981","1464","6541","exist_in"
"7982","396","6542","exist_in"
"7983","712","6542","exist_in"
"7984","729","6542","exist_in"
"7985","843","6542","exist_in"
"7986","1873","6542","exist_in"
"7987","379","6543","exist_in"
"7988","843","6544","exist_in"
"7989","1862","6544","exist_in"
"7990","962","6545","exist_in"
"7991","1238","6545","exist_in"
"7992","1319","6545","exist_in"
"7993","1734","6545","exist_in"
"7994","463","6546","exist_in"
"7995","523","6546","exist_in"
"7996","1862","6546","exist_in"
"7997","1819","6547","exist_in"
"7998","712","6548","exist_in"
"7999","1725","6548","exist_in"
"8000","687","6549","exist_in"
"8001","1158","6550","exist_in"
"8002","1651","6551","exist_in"
"8003","820","6552","exist_in"
"8004","822","6552","exist_in"
"8005","903","6552","exist_in"
"8006","1263","6552","exist_in"
"8007","1759","6552","exist_in"
"8008","1892","6552","exist_in"
"8009","396","6553","exist_in"
"8010","462","6553","exist_in"
"8011","843","6553","exist_in"
"8012","1387","6553","exist_in"
"8013","1458","6554","exist_in"
"8014","1564","6554","exist_in"
"8015","1763","6554","exist_in"
"8016","1361","6555","exist_in"
"8017","786","6556","exist_in"
"8018","1365","6556","exist_in"
"8019","2002","6556","exist_in"
"8020","1364","6557","exist_in"
"8021","1863","6557","exist_in"
"8022","1867","6557","exist_in"
"8023","1878","6557","exist_in"
"8024","1964","6557","exist_in"
"8025","396","6558","exist_in"
"8026","513","6558","exist_in"
"8027","668","6558","exist_in"
"8028","843","6558","exist_in"
"8029","1883","6558","exist_in"
"8030","1964","6558","exist_in"
"8031","843","6559","exist_in"
"8032","1232","6559","exist_in"
"8033","1364","6559","exist_in"
"8034","1863","6559","exist_in"
"8035","1867","6559","exist_in"
"8036","1878","6559","exist_in"
"8037","1964","6559","exist_in"
"8038","843","6560","exist_in"
"8039","1863","6560","exist_in"
"8040","1867","6560","exist_in"
"8041","1878","6560","exist_in"
"8042","1964","6560","exist_in"
"8043","353","6561","exist_in"
"8044","513","6561","exist_in"
"8045","618","6561","exist_in"
"8046","624","6561","exist_in"
"8047","1149","6561","exist_in"
"8048","1299","6561","exist_in"
"8049","1892","6561","exist_in"
"8050","353","6562","exist_in"
"8051","396","6562","exist_in"
"8052","513","6562","exist_in"
"8053","1299","6562","exist_in"
"8054","1827","6562","exist_in"
"8055","1914","6562","exist_in"
"8056","1960","6562","exist_in"
"8057","394","6563","exist_in"
"8058","405","6563","exist_in"
"8059","712","6563","exist_in"
"8060","396","6564","exist_in"
"8061","513","6564","exist_in"
"8062","712","6564","exist_in"
"8063","1386","6564","exist_in"
"8064","1479","6564","exist_in"
"8065","353","6565","exist_in"
"8066","396","6565","exist_in"
"8067","624","6565","exist_in"
"8068","627","6565","exist_in"
"8069","396","6566","exist_in"
"8070","513","6566","exist_in"
"8071","712","6566","exist_in"
"8072","843","6566","exist_in"
"8073","1299","6566","exist_in"
"8074","1479","6566","exist_in"
"8075","1718","6566","exist_in"
"8076","1918","6566","exist_in"
"8077","396","6567","exist_in"
"8078","712","6567","exist_in"
"8079","1198","6567","exist_in"
"8080","1541","6567","exist_in"
"8081","1718","6567","exist_in"
"8082","1733","6567","exist_in"
"8083","1827","6567","exist_in"
"8084","1901","6567","exist_in"
"8085","1914","6567","exist_in"
"8086","1918","6567","exist_in"
"8087","1960","6567","exist_in"
"8088","1435","6569","exist_in"
"8089","1439","6569","exist_in"
"8090","1706","6569","exist_in"
"8091","1021","6570","exist_in"
"8092","1044","6570","exist_in"
"8093","1068","6570","exist_in"
"8094","1333","6570","exist_in"
"8095","1368","6570","exist_in"
"8096","356","6571","exist_in"
"8097","442","6571","exist_in"
"8098","1078","6571","exist_in"
"8099","1158","6571","exist_in"
"8100","1299","6571","exist_in"
"8101","1380","6571","exist_in"
"8102","1406","6571","exist_in"
"8103","1890","6571","exist_in"
"8104","1034","6572","exist_in"
"8105","1423","6572","exist_in"
"8106","1529","6572","exist_in"
"8107","1695","6572","exist_in"
"8108","1813","6572","exist_in"
"8109","2002","6572","exist_in"
"8110","843","6573","exist_in"
"8111","1034","6573","exist_in"
"8112","1264","6573","exist_in"
"8113","687","6574","exist_in"
"8114","843","6574","exist_in"
"8115","1136","6574","exist_in"
"8116","687","6575","exist_in"
"8117","1089","6575","exist_in"
"8118","534","6576","exist_in"
"8119","749","6576","exist_in"
"8120","994","6576","exist_in"
"8121","1057","6576","exist_in"
"8122","1066","6576","exist_in"
"8123","1324","6576","exist_in"
"8124","1943","6576","exist_in"
"8125","1951","6576","exist_in"
"8126","735","6577","exist_in"
"8127","797","6577","exist_in"
"8128","870","6577","exist_in"
"8129","974","6577","exist_in"
"8130","1043","6577","exist_in"
"8131","1292","6577","exist_in"
"8132","875","6579","exist_in"
"8133","361","6579","exist_in"
"8134","1898","6579","exist_in"
"8135","687","6581","exist_in"
"8136","755","6581","exist_in"
"8137","843","6581","exist_in"
"8138","1013","6581","exist_in"
"8139","334","6583","exist_in"
"8140","697","6583","exist_in"
"8141","751","6583","exist_in"
"8142","1285","6583","exist_in"
"8143","1352","6583","exist_in"
"8144","1564","6583","exist_in"
"8145","1645","6583","exist_in"
"8146","1410","6584","exist_in"
"8147","1421","6584","exist_in"
"8148","875","6585","exist_in"
"8149","998","6585","exist_in"
"8150","1127","6585","exist_in"
"8151","1816","6585","exist_in"
"8152","693","6586","exist_in"
"8153","712","6586","exist_in"
"8154","738","6586","exist_in"
"8155","926","6586","exist_in"
"8156","1271","6586","exist_in"
"8157","1562","6586","exist_in"
"8158","1016","6587","exist_in"
"8159","1177","6587","exist_in"
"8160","1651","6587","exist_in"
"8161","843","6588","exist_in"
"8162","896","6588","exist_in"
"8163","998","6589","exist_in"
"8164","744","6590","exist_in"
"8165","796","6590","exist_in"
"8166","843","6590","exist_in"
"8167","898","6590","exist_in"
"8168","930","6590","exist_in"
"8169","998","6590","exist_in"
"8170","1173","6590","exist_in"
"8171","1205","6590","exist_in"
"8172","1816","6591","exist_in"
"8173","388","6592","exist_in"
"8174","1599","6592","exist_in"
"8175","1651","6592","exist_in"
"8176","1557","6593","exist_in"
"8177","1862","6593","exist_in"
"8178","1869","6593","exist_in"
"8179","332","6594","exist_in"
"8180","340","6594","exist_in"
"8181","875","6594","exist_in"
"8182","990","6594","exist_in"
"8183","1494","6594","exist_in"
"8184","1951","6594","exist_in"
"8185","1067","6595","exist_in"
"8186","572","6597","exist_in"
"8187","875","6597","exist_in"
"8188","1227","6597","exist_in"
"8189","1517","6597","exist_in"
"8190","396","6599","exist_in"
"8191","513","6599","exist_in"
"8192","1198","6599","exist_in"
"8193","1458","6599","exist_in"
"8194","1651","6599","exist_in"
"8195","396","6600","exist_in"
"8196","513","6600","exist_in"
"8197","1299","6600","exist_in"
"8198","1718","6600","exist_in"
"8199","1918","6600","exist_in"
"8200","833","6602","exist_in"
"8201","1008","6602","exist_in"
"8202","1240","6602","exist_in"
"8203","353","6603","exist_in"
"8204","1108","6603","exist_in"
"8205","1299","6603","exist_in"
"8206","1918","6603","exist_in"
"8207","734","6604","exist_in"
"8208","353","6605","exist_in"
"8209","396","6605","exist_in"
"8210","513","6605","exist_in"
"8211","878","6605","exist_in"
"8212","1361","6605","exist_in"
"8213","1019","6606","exist_in"
"8214","1260","6606","exist_in"
"8215","633","6607","exist_in"
"8216","712","6607","exist_in"
"8217","875","6607","exist_in"
"8218","1299","6607","exist_in"
"8219","833","6608","exist_in"
"8220","843","6608","exist_in"
"8221","1005","6608","exist_in"
"8222","1034","6608","exist_in"
"8223","1232","6608","exist_in"
"8224","1780","6608","exist_in"
"8225","1816","6608","exist_in"
"8226","1883","6608","exist_in"
"8227","396","6609","exist_in"
"8228","513","6609","exist_in"
"8229","712","6609","exist_in"
"8230","396","6610","exist_in"
"8231","712","6610","exist_in"
"8232","1445","6611","exist_in"
"8233","522","6612","exist_in"
"8234","712","6612","exist_in"
"8235","353","6613","exist_in"
"8236","396","6613","exist_in"
"8237","1299","6613","exist_in"
"8238","1651","6613","exist_in"
"8239","1718","6613","exist_in"
"8240","1918","6613","exist_in"
"8241","712","6614","exist_in"
"8242","1053","6614","exist_in"
"8243","353","6615","exist_in"
"8244","489","6616","exist_in"
"8245","712","6616","exist_in"
"8246","1337","6616","exist_in"
"8247","1361","6616","exist_in"
"8248","1515","6616","exist_in"
"8249","1607","6616","exist_in"
"8250","1691","6616","exist_in"
"8251","1299","6617","exist_in"
"8252","2016","6617","exist_in"
"8253","676","6618","exist_in"
"8254","771","6618","exist_in"
"8255","849","6618","exist_in"
"8256","1498","6618","exist_in"
"8257","513","6620","exist_in"
"8258","558","6620","exist_in"
"8259","771","6620","exist_in"
"8260","834","6620","exist_in"
"8261","843","6620","exist_in"
"8262","1093","6620","exist_in"
"8263","1299","6620","exist_in"
"8264","1458","6620","exist_in"
"8265","1477","6620","exist_in"
"8266","1485","6620","exist_in"
"8267","1005","6621","exist_in"
"8268","1896","6621","exist_in"
"8269","712","6622","exist_in"
"8270","1136","6622","exist_in"
"8271","1299","6622","exist_in"
"8272","1541","6622","exist_in"
"8273","1651","6622","exist_in"
"8274","1718","6622","exist_in"
"8275","1733","6622","exist_in"
"8276","1918","6622","exist_in"
"8277","712","6623","exist_in"
"8278","396","6624","exist_in"
"8279","712","6624","exist_in"
"8280","808","6624","exist_in"
"8281","950","6624","exist_in"
"8282","1198","6624","exist_in"
"8283","1299","6624","exist_in"
"8284","1718","6624","exist_in"
"8285","1875","6624","exist_in"
"8286","910","6625","exist_in"
"8287","1483","6625","exist_in"
"8288","712","6626","exist_in"
"8289","843","6626","exist_in"
"8290","1883","6626","exist_in"
"8291","843","6627","exist_in"
"8292","854","6627","exist_in"
"8293","1232","6627","exist_in"
"8294","1956","6628","exist_in"
"8295","351","6630","exist_in"
"8296","509","6630","exist_in"
"8297","704","6630","exist_in"
"8298","705","6630","exist_in"
"8299","855","6632","exist_in"
"8300","1686","6632","exist_in"
"8301","1816","6633","exist_in"
"8302","538","6634","exist_in"
"8303","734","6634","exist_in"
"8304","757","6634","exist_in"
"8305","769","6634","exist_in"
"8306","771","6634","exist_in"
"8307","957","6634","exist_in"
"8308","981","6634","exist_in"
"8309","998","6634","exist_in"
"8310","1004","6634","exist_in"
"8311","1288","6634","exist_in"
"8312","1449","6634","exist_in"
"8313","1477","6634","exist_in"
"8314","1671","6634","exist_in"
"8315","1232","6635","exist_in"
"8316","998","6637","exist_in"
"8317","1195","6637","exist_in"
"8318","1198","6637","exist_in"
"8319","396","6638","exist_in"
"8320","712","6638","exist_in"
"8321","752","6638","exist_in"
"8322","1299","6638","exist_in"
"8323","1908","6638","exist_in"
"8324","1944","6638","exist_in"
"8325","712","6640","exist_in"
"8326","848","6640","exist_in"
"8327","1299","6640","exist_in"
"8328","1541","6640","exist_in"
"8329","1718","6640","exist_in"
"8330","1733","6640","exist_in"
"8331","1904","6640","exist_in"
"8332","1918","6640","exist_in"
"8333","396","6641","exist_in"
"8334","662","6641","exist_in"
"8335","712","6641","exist_in"
"8336","843","6641","exist_in"
"8337","1598","6642","exist_in"
"8338","696","6643","exist_in"
"8339","870","6643","exist_in"
"8340","892","6643","exist_in"
"8341","1466","6643","exist_in"
"8342","340","6644","exist_in"
"8343","396","6644","exist_in"
"8344","712","6644","exist_in"
"8345","875","6644","exist_in"
"8346","1399","6644","exist_in"
"8347","396","6645","exist_in"
"8348","415","6645","exist_in"
"8349","715","6645","exist_in"
"8350","861","6645","exist_in"
"8351","1474","6645","exist_in"
"8352","1923","6645","exist_in"
"8353","843","6646","exist_in"
"8354","1034","6646","exist_in"
"8355","1883","6646","exist_in"
"8356","396","6647","exist_in"
"8357","712","6647","exist_in"
"8358","1158","6647","exist_in"
"8359","595","6648","exist_in"
"8360","676","6648","exist_in"
"8361","783","6648","exist_in"
"8362","875","6648","exist_in"
"8363","964","6648","exist_in"
"8364","984","6648","exist_in"
"8365","1299","6648","exist_in"
"8366","1485","6648","exist_in"
"8367","1741","6648","exist_in"
"8368","632","6649","exist_in"
"8369","1299","6649","exist_in"
"8370","1361","6649","exist_in"
"8371","1488","6649","exist_in"
"8372","1892","6649","exist_in"
"8373","396","6650","exist_in"
"8374","593","6650","exist_in"
"8375","597","6650","exist_in"
"8376","712","6650","exist_in"
"8377","1299","6650","exist_in"
"8378","1718","6650","exist_in"
"8379","1918","6650","exist_in"
"8380","396","6651","exist_in"
"8381","712","6651","exist_in"
"8382","1299","6651","exist_in"
"8383","850","6652","exist_in"
"8384","1411","6652","exist_in"
"8385","1429","6652","exist_in"
"8386","396","6653","exist_in"
"8387","626","6653","exist_in"
"8388","712","6653","exist_in"
"8389","396","6654","exist_in"
"8390","712","6654","exist_in"
"8391","1136","6654","exist_in"
"8392","1299","6654","exist_in"
"8393","1541","6654","exist_in"
"8394","396","6655","exist_in"
"8395","712","6655","exist_in"
"8396","1541","6655","exist_in"
"8397","396","6656","exist_in"
"8398","712","6656","exist_in"
"8399","1465","6656","exist_in"
"8400","1636","6656","exist_in"
"8401","1700","6656","exist_in"
"8402","1832","6656","exist_in"
"8403","396","6657","exist_in"
"8404","712","6657","exist_in"
"8405","1465","6657","exist_in"
"8406","1479","6657","exist_in"
"8407","396","6658","exist_in"
"8408","473","6658","exist_in"
"8409","712","6658","exist_in"
"8410","734","6658","exist_in"
"8411","954","6658","exist_in"
"8412","1296","6658","exist_in"
"8413","1299","6658","exist_in"
"8414","1875","6658","exist_in"
"8415","687","6659","exist_in"
"8416","857","6659","exist_in"
"8417","964","6659","exist_in"
"8418","1040","6659","exist_in"
"8419","353","6660","exist_in"
"8420","396","6660","exist_in"
"8421","624","6660","exist_in"
"8422","627","6660","exist_in"
"8423","1541","6660","exist_in"
"8424","1733","6660","exist_in"
"8425","1901","6660","exist_in"
"8426","1918","6660","exist_in"
"8427","333","6661","exist_in"
"8428","703","6661","exist_in"
"8429","706","6661","exist_in"
"8430","993","6661","exist_in"
"8431","1421","6661","exist_in"
"8432","702","6667","exist_in"
"8433","835","6667","exist_in"
"8434","875","6667","exist_in"
"8435","1739","6667","exist_in"
"8436","712","6669","exist_in"
"8437","1415","6669","exist_in"
"8438","1541","6669","exist_in"
"8439","1827","6669","exist_in"
"8440","396","6670","exist_in"
"8441","517","6670","exist_in"
"8442","648","6670","exist_in"
"8443","1758","6670","exist_in"
"8444","335","6671","exist_in"
"8445","513","6671","exist_in"
"8446","734","6671","exist_in"
"8447","738","6671","exist_in"
"8448","875","6671","exist_in"
"8449","1029","6671","exist_in"
"8450","1591","6671","exist_in"
"8451","1593","6671","exist_in"
"8452","1724","6671","exist_in"
"8453","1951","6671","exist_in"
"8454","396","6672","exist_in"
"8455","513","6672","exist_in"
"8456","712","6672","exist_in"
"8457","1386","6672","exist_in"
"8458","1389","6672","exist_in"
"8459","1395","6672","exist_in"
"8460","1577","6672","exist_in"
"8461","738","6675","exist_in"
"8462","467","6676","exist_in"
"8463","843","6676","exist_in"
"8464","987","6676","exist_in"
"8465","1230","6676","exist_in"
"8466","1320","6676","exist_in"
"8467","1951","6676","exist_in"
"8468","1361","6677","exist_in"
"8469","1681","6677","exist_in"
"8470","874","6678","exist_in"
"8471","593","6679","exist_in"
"8472","624","6679","exist_in"
"8473","712","6679","exist_in"
"8474","396","6680","exist_in"
"8475","732","6680","exist_in"
"8476","822","6680","exist_in"
"8477","1419","6680","exist_in"
"8478","1458","6680","exist_in"
"8479","602","6681","exist_in"
"8480","615","6681","exist_in"
"8481","712","6681","exist_in"
"8482","843","6681","exist_in"
"8483","897","6681","exist_in"
"8484","1613","6681","exist_in"
"8485","1623","6681","exist_in"
"8486","732","6683","exist_in"
"8487","843","6683","exist_in"
"8488","1034","6683","exist_in"
"8489","1883","6683","exist_in"
"8490","843","6684","exist_in"
"8491","1034","6684","exist_in"
"8492","1862","6684","exist_in"
"8493","810","6687","exist_in"
"8494","1077","6687","exist_in"
"8495","1729","6687","exist_in"
"8496","1965","6687","exist_in"
"8497","353","6688","exist_in"
"8498","1299","6688","exist_in"
"8499","1541","6688","exist_in"
"8500","1718","6688","exist_in"
"8501","1733","6688","exist_in"
"8502","1918","6688","exist_in"
"8503","353","6689","exist_in"
"8504","513","6689","exist_in"
"8505","843","6689","exist_in"
"8506","1299","6689","exist_in"
"8507","1718","6689","exist_in"
"8508","1733","6689","exist_in"
"8509","1862","6689","exist_in"
"8510","1918","6689","exist_in"
"8511","1248","6690","exist_in"
"8512","741","6691","exist_in"
"8513","909","6691","exist_in"
"8514","1026","6691","exist_in"
"8515","2007","6691","exist_in"
"8516","396","6692","exist_in"
"8517","513","6692","exist_in"
"8518","875","6692","exist_in"
"8519","1862","6692","exist_in"
"8520","1353","6693","exist_in"
"8521","1465","6693","exist_in"
"8522","396","6694","exist_in"
"8523","668","6694","exist_in"
"8524","687","6694","exist_in"
"8525","1149","6694","exist_in"
"8526","1464","6694","exist_in"
"8527","1651","6694","exist_in"
"8528","396","6695","exist_in"
"8529","712","6695","exist_in"
"8530","875","6695","exist_in"
"8531","1198","6695","exist_in"
"8532","1299","6695","exist_in"
"8533","1544","6695","exist_in"
"8534","1718","6695","exist_in"
"8535","1733","6695","exist_in"
"8536","1918","6695","exist_in"
"8537","396","6696","exist_in"
"8538","513","6696","exist_in"
"8539","528","6696","exist_in"
"8540","712","6696","exist_in"
"8541","875","6696","exist_in"
"8542","1198","6696","exist_in"
"8543","1299","6696","exist_in"
"8544","1304","6696","exist_in"
"8545","1718","6696","exist_in"
"8546","1881","6696","exist_in"
"8547","1918","6696","exist_in"
"8548","712","6697","exist_in"
"8549","875","6697","exist_in"
"8550","1198","6697","exist_in"
"8551","1299","6697","exist_in"
"8552","1651","6697","exist_in"
"8553","1718","6697","exist_in"
"8554","1918","6697","exist_in"
"8555","353","6698","exist_in"
"8556","875","6698","exist_in"
"8557","1299","6698","exist_in"
"8558","1651","6698","exist_in"
"8559","396","6699","exist_in"
"8560","712","6699","exist_in"
"8561","771","6699","exist_in"
"8562","1149","6699","exist_in"
"8563","1458","6699","exist_in"
"8564","1498","6699","exist_in"
"8565","1851","6699","exist_in"
"8566","1821","6700","exist_in"
"8567","387","6703","exist_in"
"8568","1040","6703","exist_in"
"8569","1162","6703","exist_in"
"8570","1267","6703","exist_in"
"8571","1378","6703","exist_in"
"8572","1915","6703","exist_in"
"8573","387","6704","exist_in"
"8574","396","6704","exist_in"
"8575","513","6704","exist_in"
"8576","712","6704","exist_in"
"8577","875","6704","exist_in"
"8578","896","6704","exist_in"
"8579","1032","6704","exist_in"
"8580","1162","6704","exist_in"
"8581","1378","6704","exist_in"
"8582","1651","6704","exist_in"
"8583","1881","6704","exist_in"
"8584","1915","6704","exist_in"
"8585","353","6705","exist_in"
"8586","396","6705","exist_in"
"8587","875","6705","exist_in"
"8588","1150","6705","exist_in"
"8589","1299","6705","exist_in"
"8590","1918","6705","exist_in"
"8591","396","6706","exist_in"
"8592","875","6706","exist_in"
"8593","1198","6706","exist_in"
"8594","1651","6706","exist_in"
"8595","396","6707","exist_in"
"8596","770","6708","exist_in"
"8597","1005","6708","exist_in"
"8598","1161","6708","exist_in"
"8599","1471","6708","exist_in"
"8600","1473","6708","exist_in"
"8601","396","6709","exist_in"
"8602","513","6709","exist_in"
"8603","712","6709","exist_in"
"8604","1618","6709","exist_in"
"8605","1679","6709","exist_in"
"8606","738","6710","exist_in"
"8607","832","6710","exist_in"
"8608","998","6710","exist_in"
"8609","1290","6710","exist_in"
"8610","447","6711","exist_in"
"8611","800","6712","exist_in"
"8612","843","6712","exist_in"
"8613","1034","6712","exist_in"
"8614","1651","6712","exist_in"
"8615","1862","6712","exist_in"
"8616","2018","6712","exist_in"
"8617","800","6713","exist_in"
"8618","840","6713","exist_in"
"8619","1029","6713","exist_in"
"8620","1651","6713","exist_in"
"8621","1862","6713","exist_in"
"8622","1651","6714","exist_in"
"8623","1524","6715","exist_in"
"8624","1651","6715","exist_in"
"8625","396","6716","exist_in"
"8626","673","6716","exist_in"
"8627","712","6716","exist_in"
"8628","396","6717","exist_in"
"8629","670","6717","exist_in"
"8630","775","6717","exist_in"
"8631","1489","6717","exist_in"
"8632","1651","6717","exist_in"
"8633","1231","6718","exist_in"
"8634","343","6719","exist_in"
"8635","687","6719","exist_in"
"8636","869","6719","exist_in"
"8637","1036","6720","exist_in"
"8638","1131","6720","exist_in"
"8639","1160","6720","exist_in"
"8640","1287","6720","exist_in"
"8641","1408","6720","exist_in"
"8642","1481","6720","exist_in"
"8643","1508","6720","exist_in"
"8644","1631","6720","exist_in"
"8645","396","6721","exist_in"
"8646","712","6721","exist_in"
"8647","1162","6721","exist_in"
"8648","1267","6721","exist_in"
"8649","353","6722","exist_in"
"8650","513","6722","exist_in"
"8651","1541","6722","exist_in"
"8652","1827","6722","exist_in"
"8653","712","6724","exist_in"
"8654","1100","6724","exist_in"
"8655","1534","6724","exist_in"
"8656","1778","6724","exist_in"
"8657","1966","6724","exist_in"
"8658","513","6726","exist_in"
"8659","875","6726","exist_in"
"8660","972","6726","exist_in"
"8661","1892","6726","exist_in"
"8662","424","6727","exist_in"
"8663","1329","6727","exist_in"
"8664","1341","6727","exist_in"
"8665","1385","6727","exist_in"
"8666","1386","6727","exist_in"
"8667","1793","6727","exist_in"
"8668","1961","6727","exist_in"
"8669","2016","6727","exist_in"
"8670","918","6730","exist_in"
"8671","946","6730","exist_in"
"8672","945","6730","exist_in"
"8673","1435","6730","exist_in"
"8674","396","6731","exist_in"
"8675","712","6731","exist_in"
"8676","1345","6731","exist_in"
"8677","1416","6731","exist_in"
"8678","396","6732","exist_in"
"8679","712","6732","exist_in"
"8680","1299","6732","exist_in"
"8681","469","6733","exist_in"
"8682","902","6733","exist_in"
"8683","948","6736","exist_in"
"8684","1082","6736","exist_in"
"8685","1410","6736","exist_in"
"8686","456","6737","exist_in"
"8687","496","6737","exist_in"
"8688","976","6737","exist_in"
"8689","1095","6737","exist_in"
"8690","1276","6737","exist_in"
"8691","1389","6737","exist_in"
"8692","1826","6737","exist_in"
"8693","1955","6737","exist_in"
"8694","396","6738","exist_in"
"8695","462","6738","exist_in"
"8696","513","6738","exist_in"
"8697","676","6738","exist_in"
"8698","712","6738","exist_in"
"8699","843","6738","exist_in"
"8700","1089","6738","exist_in"
"8701","1485","6738","exist_in"
"8702","1883","6738","exist_in"
"8703","353","6739","exist_in"
"8704","396","6739","exist_in"
"8705","462","6739","exist_in"
"8706","833","6739","exist_in"
"8707","843","6739","exist_in"
"8708","1732","6739","exist_in"
"8709","1910","6739","exist_in"
"8710","534","6740","exist_in"
"8711","1005","6740","exist_in"
"8712","1198","6740","exist_in"
"8713","1211","6740","exist_in"
"8714","1498","6740","exist_in"
"8715","1576","6740","exist_in"
"8716","1816","6740","exist_in"
"8717","1941","6740","exist_in"
"8718","1942","6740","exist_in"
"8719","1951","6740","exist_in"
"8720","342","6741","exist_in"
"8721","646","6741","exist_in"
"8722","748","6741","exist_in"
"8723","861","6741","exist_in"
"8724","899","6741","exist_in"
"8725","1070","6741","exist_in"
"8726","1629","6741","exist_in"
"8727","541","6742","exist_in"
"8728","572","6742","exist_in"
"8729","875","6742","exist_in"
"8730","999","6742","exist_in"
"8731","1239","6742","exist_in"
"8732","513","6744","exist_in"
"8733","712","6744","exist_in"
"8734","886","6745","exist_in"
"8735","1095","6745","exist_in"
"8736","1352","6745","exist_in"
"8737","1409","6745","exist_in"
"8738","1485","6745","exist_in"
"8739","712","6747","exist_in"
"8740","790","6747","exist_in"
"8741","1180","6747","exist_in"
"8742","1321","6747","exist_in"
"8743","1749","6747","exist_in"
"8744","729","6750","exist_in"
"8745","1091","6750","exist_in"
"8746","1876","6751","exist_in"
"8747","1914","6751","exist_in"
"8748","712","6753","exist_in"
"8749","875","6753","exist_in"
"8750","843","6755","exist_in"
"8751","396","6756","exist_in"
"8752","787","6756","exist_in"
"8753","905","6756","exist_in"
"8754","1232","6756","exist_in"
"8755","1440","6756","exist_in"
"8756","1516","6756","exist_in"
"8757","1651","6756","exist_in"
"8758","1827","6756","exist_in"
"8759","1904","6756","exist_in"
"8760","1914","6756","exist_in"
"8761","1918","6756","exist_in"
"8762","616","6757","exist_in"
"8763","712","6757","exist_in"
"8764","750","6757","exist_in"
"8765","1876","6757","exist_in"
"8766","1914","6757","exist_in"
"8767","361","6758","exist_in"
"8768","875","6758","exist_in"
"8769","1892","6758","exist_in"
"8770","596","6761","exist_in"
"8771","712","6761","exist_in"
"8772","1361","6761","exist_in"
"8773","1630","6761","exist_in"
"8774","396","6762","exist_in"
"8775","513","6762","exist_in"
"8776","608","6762","exist_in"
"8777","712","6762","exist_in"
"8778","1670","6763","exist_in"
"8779","1671","6763","exist_in"
"8780","1158","6764","exist_in"
"8781","1579","6764","exist_in"
"8782","576","6765","exist_in"
"8783","606","6765","exist_in"
"8784","843","6765","exist_in"
"8785","1883","6765","exist_in"
"8786","1937","6765","exist_in"
"8787","352","6766","exist_in"
"8788","353","6766","exist_in"
"8789","1166","6766","exist_in"
"8790","1607","6766","exist_in"
"8791","1005","6767","exist_in"
"8792","1235","6767","exist_in"
"8793","712","6768","exist_in"
"8794","712","6769","exist_in"
"8795","857","6769","exist_in"
"8796","949","6769","exist_in"
"8797","1233","6769","exist_in"
"8798","1962","6769","exist_in"
"8799","373","6772","exist_in"
"8800","523","6772","exist_in"
"8801","1410","6772","exist_in"
"8802","712","6773","exist_in"
"8803","1005","6773","exist_in"
"8804","732","6774","exist_in"
"8805","843","6774","exist_in"
"8806","998","6774","exist_in"
"8807","1816","6774","exist_in"
"8808","1892","6774","exist_in"
"8809","396","6775","exist_in"
"8810","1666","6775","exist_in"
"8811","780","6776","exist_in"
"8812","830","6776","exist_in"
"8813","964","6776","exist_in"
"8814","1036","6776","exist_in"
"8815","1286","6776","exist_in"
"8816","1384","6776","exist_in"
"8817","1789","6776","exist_in"
"8818","683","6777","exist_in"
"8819","1004","6777","exist_in"
"8820","1220","6777","exist_in"
"8821","1225","6777","exist_in"
"8822","1288","6777","exist_in"
"8823","1299","6777","exist_in"
"8824","1931","6777","exist_in"
"8825","1945","6777","exist_in"
"8826","459","6778","exist_in"
"8827","572","6778","exist_in"
"8828","709","6778","exist_in"
"8829","1118","6778","exist_in"
"8830","1651","6778","exist_in"
"8831","1696","6778","exist_in"
"8832","450","6779","exist_in"
"8833","1136","6779","exist_in"
"8834","456","6780","exist_in"
"8835","828","6780","exist_in"
"8836","1266","6780","exist_in"
"8837","1647","6780","exist_in"
"8838","712","6781","exist_in"
"8839","1299","6781","exist_in"
"8840","1608","6781","exist_in"
"8841","1993","6781","exist_in"
"8842","353","6782","exist_in"
"8843","1299","6782","exist_in"
"8844","396","6783","exist_in"
"8845","508","6783","exist_in"
"8846","808","6783","exist_in"
"8847","1111","6783","exist_in"
"8848","1361","6783","exist_in"
"8849","1557","6783","exist_in"
"8850","1951","6783","exist_in"
"8851","396","6784","exist_in"
"8852","513","6784","exist_in"
"8853","712","6784","exist_in"
"8854","1397","6784","exist_in"
"8855","800","6785","exist_in"
"8856","875","6785","exist_in"
"8857","1149","6785","exist_in"
"8858","1651","6785","exist_in"
"8859","1892","6785","exist_in"
"8860","800","6786","exist_in"
"8861","1651","6786","exist_in"
"8862","1892","6786","exist_in"
"8863","396","6787","exist_in"
"8864","513","6787","exist_in"
"8865","712","6787","exist_in"
"8866","875","6787","exist_in"
"8867","1149","6787","exist_in"
"8868","1700","6787","exist_in"
"8869","1991","6787","exist_in"
"8870","396","6788","exist_in"
"8871","513","6788","exist_in"
"8872","624","6788","exist_in"
"8873","1133","6788","exist_in"
"8874","435","6789","exist_in"
"8875","436","6789","exist_in"
"8876","712","6789","exist_in"
"8877","876","6789","exist_in"
"8878","1198","6789","exist_in"
"8879","1458","6789","exist_in"
"8880","1485","6789","exist_in"
"8881","1620","6789","exist_in"
"8882","1677","6789","exist_in"
"8883","1700","6789","exist_in"
"8884","1991","6789","exist_in"
"8885","396","6790","exist_in"
"8886","484","6790","exist_in"
"8887","506","6790","exist_in"
"8888","875","6790","exist_in"
"8889","1299","6790","exist_in"
"8890","1458","6790","exist_in"
"8891","1651","6790","exist_in"
"8892","1782","6790","exist_in"
"8893","587","6792","exist_in"
"8894","875","6792","exist_in"
"8895","1458","6792","exist_in"
"8896","1629","6792","exist_in"
"8897","383","6793","exist_in"
"8898","843","6793","exist_in"
"8899","1089","6798","exist_in"
"8900","1586","6800","exist_in"
"8901","1691","6800","exist_in"
"8902","1974","6800","exist_in"
"8903","841","6802","exist_in"
"8904","1105","6802","exist_in"
"8905","396","6803","exist_in"
"8906","513","6803","exist_in"
"8907","646","6803","exist_in"
"8908","353","6804","exist_in"
"8909","1299","6804","exist_in"
"8910","1541","6804","exist_in"
"8911","1733","6804","exist_in"
"8912","731","6805","exist_in"
"8913","843","6805","exist_in"
"8914","1034","6805","exist_in"
"8915","1303","6805","exist_in"
"8916","1607","6805","exist_in"
"8917","1862","6805","exist_in"
"8918","396","6806","exist_in"
"8919","687","6806","exist_in"
"8920","712","6806","exist_in"
"8921","1361","6806","exist_in"
"8922","678","6807","exist_in"
"8923","712","6807","exist_in"
"8924","739","6807","exist_in"
"8925","875","6807","exist_in"
"8926","1070","6807","exist_in"
"8927","677","6808","exist_in"
"8928","792","6808","exist_in"
"8929","1041","6808","exist_in"
"8930","1885","6808","exist_in"
"8931","1980","6808","exist_in"
"8932","2007","6808","exist_in"
"8933","1158","6810","exist_in"
"8934","1410","6810","exist_in"
"8935","734","6811","exist_in"
"8936","911","6811","exist_in"
"8937","919","6811","exist_in"
"8938","1892","6811","exist_in"
"8939","396","6812","exist_in"
"8940","771","6813","exist_in"
"8941","875","6813","exist_in"
"8942","932","6813","exist_in"
"8943","1070","6813","exist_in"
"8944","1136","6813","exist_in"
"8945","1608","6813","exist_in"
"8946","1651","6813","exist_in"
"8947","396","6814","exist_in"
"8948","712","6814","exist_in"
"8949","941","6814","exist_in"
"8950","1299","6814","exist_in"
"8951","1651","6816","exist_in"
"8952","532","6817","exist_in"
"8953","687","6817","exist_in"
"8954","1650","6817","exist_in"
"8955","353","6818","exist_in"
"8956","1500","6818","exist_in"
"8957","1850","6818","exist_in"
"8958","712","6819","exist_in"
"8959","687","6821","exist_in"
"8960","889","6821","exist_in"
"8961","964","6821","exist_in"
"8962","763","6824","exist_in"
"8963","771","6825","exist_in"
"8964","1421","6825","exist_in"
"8965","1605","6825","exist_in"
"8966","712","6826","exist_in"
"8967","875","6826","exist_in"
"8968","353","6827","exist_in"
"8969","1299","6827","exist_in"
"8970","1918","6827","exist_in"
"8971","396","6828","exist_in"
"8972","511","6828","exist_in"
"8973","541","6828","exist_in"
"8974","607","6828","exist_in"
"8975","610","6828","exist_in"
"8976","894","6828","exist_in"
"8977","1299","6828","exist_in"
"8978","361","6830","exist_in"
"8979","1626","6830","exist_in"
"8980","1892","6830","exist_in"
"8981","1951","6830","exist_in"
"8982","1958","6830","exist_in"
"8983","1458","6831","exist_in"
"8984","1614","6831","exist_in"
"8985","1822","6831","exist_in"
"8986","589","6833","exist_in"
"8987","701","6833","exist_in"
"8988","712","6833","exist_in"
"8989","732","6833","exist_in"
"8990","870","6833","exist_in"
"8991","998","6833","exist_in"
"8992","361","6833","exist_in"
"8993","1239","6833","exist_in"
"8994","1288","6833","exist_in"
"8995","1644","6833","exist_in"
"8996","1892","6833","exist_in"
"8997","843","6835","exist_in"
"8998","1557","6835","exist_in"
"8999","800","6837","exist_in"
"9000","926","6837","exist_in"
"9001","998","6837","exist_in"
"9002","1888","6837","exist_in"
"9003","1976","6837","exist_in"
"9004","1047","6838","exist_in"
"9005","1354","6838","exist_in"
"9006","1641","6838","exist_in"
"9007","1986","6838","exist_in"
"9008","1900","6839","exist_in"
"9009","353","6840","exist_in"
"9010","396","6840","exist_in"
"9011","954","6840","exist_in"
"9012","1299","6840","exist_in"
"9013","828","6841","exist_in"
"9014","843","6841","exist_in"
"9015","907","6841","exist_in"
"9016","1158","6841","exist_in"
"9017","1711","6844","exist_in"
"9018","1727","6844","exist_in"
"9019","348","6845","exist_in"
"9020","649","6845","exist_in"
"9021","819","6845","exist_in"
"9022","860","6845","exist_in"
"9023","1791","6846","exist_in"
"9024","396","6847","exist_in"
"9025","603","6847","exist_in"
"9026","620","6847","exist_in"
"9027","1878","6847","exist_in"
"9028","771","6848","exist_in"
"9029","843","6848","exist_in"
"9030","1421","6848","exist_in"
"9031","1892","6848","exist_in"
"9032","396","6850","exist_in"
"9033","843","6850","exist_in"
"9034","1158","6850","exist_in"
"9035","1265","6850","exist_in"
"9036","1464","6850","exist_in"
"9037","1883","6850","exist_in"
"9038","353","6851","exist_in"
"9039","396","6851","exist_in"
"9040","492","6851","exist_in"
"9041","790","6851","exist_in"
"9042","802","6851","exist_in"
"9043","1219","6851","exist_in"
"9044","1244","6851","exist_in"
"9045","1651","6851","exist_in"
"9046","1904","6851","exist_in"
"9047","1918","6851","exist_in"
"9048","396","6855","exist_in"
"9049","712","6855","exist_in"
"9050","983","6855","exist_in"
"9051","1464","6855","exist_in"
"9052","1746","6855","exist_in"
"9053","353","6856","exist_in"
"9054","396","6856","exist_in"
"9055","875","6856","exist_in"
"9056","1299","6856","exist_in"
"9057","1361","6856","exist_in"
"9058","1454","6856","exist_in"
"9059","843","6857","exist_in"
"9060","1890","6857","exist_in"
"9061","396","6858","exist_in"
"9062","687","6858","exist_in"
"9063","712","6858","exist_in"
"9064","1299","6858","exist_in"
"9065","1458","6858","exist_in"
"9066","1651","6858","exist_in"
"9067","1821","6858","exist_in"
"9068","674","6859","exist_in"
"9069","740","6859","exist_in"
"9070","875","6859","exist_in"
"9071","1137","6859","exist_in"
"9072","1596","6859","exist_in"
"9073","1807","6859","exist_in"
"9074","2007","6859","exist_in"
"9075","1034","6861","exist_in"
"9076","1554","6861","exist_in"
"9077","1862","6861","exist_in"
"9078","396","6862","exist_in"
"9079","712","6862","exist_in"
"9080","843","6862","exist_in"
"9081","1034","6862","exist_in"
"9082","1561","6862","exist_in"
"9083","1718","6862","exist_in"
"9084","1914","6862","exist_in"
"9085","1918","6862","exist_in"
"9086","988","6863","exist_in"
"9087","989","6863","exist_in"
"9088","1221","6863","exist_in"
"9089","396","6864","exist_in"
"9090","712","6864","exist_in"
"9091","875","6864","exist_in"
"9092","712","6865","exist_in"
"9093","843","6865","exist_in"
"9094","1034","6865","exist_in"
"9095","1198","6865","exist_in"
"9096","1299","6865","exist_in"
"9097","1541","6865","exist_in"
"9098","1718","6865","exist_in"
"9099","1733","6865","exist_in"
"9100","1862","6865","exist_in"
"9101","1877","6865","exist_in"
"9102","1904","6865","exist_in"
"9103","1914","6865","exist_in"
"9104","1918","6865","exist_in"
"9105","341","6866","exist_in"
"9106","559","6866","exist_in"
"9107","913","6866","exist_in"
"9108","971","6866","exist_in"
"9109","1011","6866","exist_in"
"9110","2007","6866","exist_in"
"9111","687","6867","exist_in"
"9112","875","6867","exist_in"
"9113","1333","6867","exist_in"
"9114","1464","6867","exist_in"
"9115","1477","6867","exist_in"
"9116","1485","6867","exist_in"
"9117","1558","6867","exist_in"
"9118","1568","6867","exist_in"
"9119","1572","6867","exist_in"
"9120","1651","6867","exist_in"
"9121","712","6868","exist_in"
"9122","875","6868","exist_in"
"9123","1352","6868","exist_in"
"9124","1389","6868","exist_in"
"9125","1395","6868","exist_in"
"9126","1435","6868","exist_in"
"9127","1951","6868","exist_in"
"9128","346","6869","exist_in"
"9129","387","6869","exist_in"
"9130","396","6869","exist_in"
"9131","513","6869","exist_in"
"9132","712","6869","exist_in"
"9133","729","6869","exist_in"
"9134","836","6869","exist_in"
"9135","837","6869","exist_in"
"9136","1198","6869","exist_in"
"9137","1299","6869","exist_in"
"9138","1816","6869","exist_in"
"9139","1862","6869","exist_in"
"9140","1918","6869","exist_in"
"9141","861","6870","exist_in"
"9142","924","6870","exist_in"
"9143","1323","6870","exist_in"
"9144","1348","6870","exist_in"
"9145","1511","6870","exist_in"
"9146","1612","6870","exist_in"
"9147","1862","6870","exist_in"
"9148","354","6871","exist_in"
"9149","771","6871","exist_in"
"9150","875","6871","exist_in"
"9151","1458","6871","exist_in"
"9152","1851","6871","exist_in"
"9153","396","6872","exist_in"
"9154","513","6872","exist_in"
"9155","668","6872","exist_in"
"9156","712","6872","exist_in"
"9157","1110","6872","exist_in"
"9158","1149","6872","exist_in"
"9159","1198","6872","exist_in"
"9160","1486","6872","exist_in"
"9161","712","6873","exist_in"
"9162","875","6873","exist_in"
"9163","687","6874","exist_in"
"9164","1575","6874","exist_in"
"9165","396","6875","exist_in"
"9166","433","6875","exist_in"
"9167","1122","6875","exist_in"
"9168","1458","6875","exist_in"
"9169","417","6876","exist_in"
"9170","875","6876","exist_in"
"9171","1714","6876","exist_in"
"9172","1852","6876","exist_in"
"9173","1918","6876","exist_in"
"9174","387","6877","exist_in"
"9175","843","6877","exist_in"
"9176","906","6877","exist_in"
"9177","361","6877","exist_in"
"9178","1892","6877","exist_in"
"9179","396","6879","exist_in"
"9180","513","6879","exist_in"
"9181","1299","6879","exist_in"
"9182","1651","6879","exist_in"
"9183","1709","6879","exist_in"
"9184","1718","6879","exist_in"
"9185","1918","6879","exist_in"
"9186","396","6880","exist_in"
"9187","668","6880","exist_in"
"9188","1651","6880","exist_in"
"9189","563","6881","exist_in"
"9190","762","6881","exist_in"
"9191","998","6881","exist_in"
"9192","434","6882","exist_in"
"9193","1352","6882","exist_in"
"9194","1498","6882","exist_in"
"9195","1926","6882","exist_in"
"9196","396","6883","exist_in"
"9197","1136","6883","exist_in"
"9198","1465","6883","exist_in"
"9199","396","6884","exist_in"
"9200","513","6884","exist_in"
"9201","687","6885","exist_in"
"9202","1034","6885","exist_in"
"9203","1862","6885","exist_in"
"9204","349","6887","exist_in"
"9205","396","6887","exist_in"
"9206","530","6887","exist_in"
"9207","998","6887","exist_in"
"9208","1063","6887","exist_in"
"9209","1651","6887","exist_in"
"9210","712","6888","exist_in"
"9211","1375","6888","exist_in"
"9212","1918","6888","exist_in"
"9213","1955","6888","exist_in"
"9214","712","6889","exist_in"
"9215","912","6889","exist_in"
"9216","1089","6889","exist_in"
"9217","1185","6889","exist_in"
"9218","1384","6889","exist_in"
"9219","1619","6889","exist_in"
"9220","396","6890","exist_in"
"9221","546","6890","exist_in"
"9222","712","6890","exist_in"
"9223","959","6890","exist_in"
"9224","1275","6890","exist_in"
"9225","1299","6890","exist_in"
"9226","396","6892","exist_in"
"9227","513","6892","exist_in"
"9228","671","6892","exist_in"
"9229","1182","6892","exist_in"
"9230","1291","6894","exist_in"
"9231","1631","6894","exist_in"
"9232","396","6895","exist_in"
"9233","712","6895","exist_in"
"9234","1299","6895","exist_in"
"9235","425","6899","exist_in"
"9236","1731","6899","exist_in"
"9237","396","6900","exist_in"
"9238","551","6900","exist_in"
"9239","707","6900","exist_in"
"9240","875","6900","exist_in"
"9241","1830","6900","exist_in"
"9242","1831","6900","exist_in"
"9243","1918","6900","exist_in"
"9244","1919","6900","exist_in"
"9245","1946","6900","exist_in"
"9246","2020","6900","exist_in"
"9247","712","6901","exist_in"
"9248","1111","6901","exist_in"
"9249","1308","6901","exist_in"
"9250","1489","6901","exist_in"
"9251","1651","6901","exist_in"
"9252","1990","6901","exist_in"
"9253","962","6902","exist_in"
"9254","1019","6902","exist_in"
"9255","1435","6902","exist_in"
"9256","355","6903","exist_in"
"9257","818","6903","exist_in"
"9258","875","6903","exist_in"
"9259","1340","6903","exist_in"
"9260","1635","6903","exist_in"
"9261","830","6904","exist_in"
"9262","1816","6904","exist_in"
"9263","440","6905","exist_in"
"9264","1352","6905","exist_in"
"9265","1485","6905","exist_in"
"9266","1435","6906","exist_in"
"9267","668","6908","exist_in"
"9268","712","6908","exist_in"
"9269","944","6908","exist_in"
"9270","1198","6908","exist_in"
"9271","1228","6908","exist_in"
"9272","1293","6908","exist_in"
"9273","1464","6908","exist_in"
"9274","687","6909","exist_in"
"9275","1326","6909","exist_in"
"9276","1331","6909","exist_in"
"9277","1637","6909","exist_in"
"9278","1829","6909","exist_in"
"9279","434","6913","exist_in"
"9280","440","6913","exist_in"
"9281","1352","6913","exist_in"
"9282","1353","6913","exist_in"
"9283","1018","6914","exist_in"
"9284","507","6915","exist_in"
"9285","667","6915","exist_in"
"9286","387","6916","exist_in"
"9287","396","6916","exist_in"
"9288","513","6916","exist_in"
"9289","875","6916","exist_in"
"9290","1288","6916","exist_in"
"9291","1458","6916","exist_in"
"9292","1651","6916","exist_in"
"9293","651","6917","exist_in"
"9294","875","6917","exist_in"
"9295","1299","6917","exist_in"
"9296","1558","6917","exist_in"
"9297","1564","6918","exist_in"
"9298","1662","6919","exist_in"
"9299","938","6920","exist_in"
"9300","977","6920","exist_in"
"9301","1256","6920","exist_in"
"9302","1105","6921","exist_in"
"9303","1971","6921","exist_in"
"9304","747","6922","exist_in"
"9305","1971","6922","exist_in"
"9306","485","6925","exist_in"
"9307","712","6927","exist_in"
"9308","977","6927","exist_in"
"9309","1105","6927","exist_in"
"9310","524","6928","exist_in"
"9311","800","6928","exist_in"
"9312","875","6928","exist_in"
"9313","1651","6928","exist_in"
"9314","1892","6928","exist_in"
"9315","353","6929","exist_in"
"9316","1751","6929","exist_in"
"9317","396","6931","exist_in"
"9318","513","6931","exist_in"
"9319","520","6931","exist_in"
"9320","539","6931","exist_in"
"9321","712","6931","exist_in"
"9322","875","6931","exist_in"
"9323","1299","6931","exist_in"
"9324","1341","6931","exist_in"
"9325","1373","6931","exist_in"
"9326","1541","6931","exist_in"
"9327","1718","6931","exist_in"
"9328","1733","6931","exist_in"
"9329","1918","6931","exist_in"
"9330","353","6932","exist_in"
"9331","396","6932","exist_in"
"9332","463","6932","exist_in"
"9333","543","6932","exist_in"
"9334","837","6932","exist_in"
"9335","1089","6932","exist_in"
"9336","1190","6932","exist_in"
"9337","1862","6932","exist_in"
"9338","2012","6932","exist_in"
"9339","353","6933","exist_in"
"9340","1564","6933","exist_in"
"9341","615","6935","exist_in"
"9342","1166","6935","exist_in"
"9343","1623","6935","exist_in"
"9344","396","6937","exist_in"
"9345","421","6937","exist_in"
"9346","712","6937","exist_in"
"9347","1374","6937","exist_in"
"9348","1485","6937","exist_in"
"9349","1574","6937","exist_in"
"9350","1741","6937","exist_in"
"9351","456","6942","exist_in"
"9352","1089","6942","exist_in"
"9353","1239","6942","exist_in"
"9354","1892","6942","exist_in"
"9355","592","6944","exist_in"
"9356","687","6944","exist_in"
"9357","1084","6944","exist_in"
"9358","1361","6944","exist_in"
"9359","549","6945","exist_in"
"9360","712","6945","exist_in"
"9361","825","6945","exist_in"
"9362","1718","6945","exist_in"
"9363","1357","6946","exist_in"
"9364","907","6947","exist_in"
"9365","966","6947","exist_in"
"9366","995","6947","exist_in"
"9367","1288","6947","exist_in"
"9368","1361","6947","exist_in"
"9369","1651","6947","exist_in"
"9370","1191","6948","exist_in"
"9371","1283","6948","exist_in"
"9372","396","6951","exist_in"
"9373","513","6951","exist_in"
"9374","800","6951","exist_in"
"9375","962","6951","exist_in"
"9376","1680","6951","exist_in"
"9377","1858","6951","exist_in"
"9378","396","6952","exist_in"
"9379","513","6952","exist_in"
"9380","800","6952","exist_in"
"9381","962","6952","exist_in"
"9382","1680","6952","exist_in"
"9383","2024","6952","exist_in"
"9384","875","6953","exist_in"
"9385","1816","6953","exist_in"
"9386","1217","6954","exist_in"
"9387","1659","6954","exist_in"
"9388","1892","6954","exist_in"
"9389","945","6955","exist_in"
"9390","1538","6955","exist_in"
"9391","1588","6955","exist_in"
"9392","1987","6955","exist_in"
"9393","712","6956","exist_in"
"9394","790","6956","exist_in"
"9395","875","6956","exist_in"
"9396","1635","6956","exist_in"
"9397","1951","6956","exist_in"
"9398","396","6957","exist_in"
"9399","800","6957","exist_in"
"9400","872","6957","exist_in"
"9401","745","6958","exist_in"
"9402","809","6958","exist_in"
"9403","1492","6958","exist_in"
"9404","1934","6958","exist_in"
"9405","396","6959","exist_in"
"9406","875","6959","exist_in"
"9407","1423","6959","exist_in"
"9408","353","6960","exist_in"
"9409","1299","6960","exist_in"
"9410","1541","6960","exist_in"
"9411","1651","6960","exist_in"
"9412","712","6961","exist_in"
"9413","1299","6961","exist_in"
"9414","1651","6961","exist_in"
"9415","1718","6961","exist_in"
"9416","1733","6961","exist_in"
"9417","1918","6961","exist_in"
"9418","833","6962","exist_in"
"9419","1007","6962","exist_in"
"9420","1240","6962","exist_in"
"9421","800","6963","exist_in"
"9422","875","6963","exist_in"
"9423","1651","6963","exist_in"
"9424","1892","6963","exist_in"
"9425","513","6964","exist_in"
"9426","582","6964","exist_in"
"9427","1299","6964","exist_in"
"9428","1718","6964","exist_in"
"9429","1733","6964","exist_in"
"9430","1875","6964","exist_in"
"9431","1918","6964","exist_in"
"9432","1951","6964","exist_in"
"9433","1299","6965","exist_in"
"9434","2009","6965","exist_in"
"9435","692","6966","exist_in"
"9436","843","6966","exist_in"
"9437","1318","6966","exist_in"
"9438","1743","6966","exist_in"
"9439","734","6967","exist_in"
"9440","687","6968","exist_in"
"9441","712","6970","exist_in"
"9442","1632","6970","exist_in"
"9443","687","6973","exist_in"
"9444","998","6973","exist_in"
"9445","1780","6973","exist_in"
"9446","367","6974","exist_in"
"9447","1226","6974","exist_in"
"9448","800","6975","exist_in"
"9449","843","6975","exist_in"
"9450","1039","6975","exist_in"
"9451","1678","6975","exist_in"
"9452","1870","6975","exist_in"
"9453","453","6976","exist_in"
"9454","476","6976","exist_in"
"9455","1505","6976","exist_in"
"9456","396","6977","exist_in"
"9457","712","6977","exist_in"
"9458","1484","6977","exist_in"
"9459","1718","6977","exist_in"
"9460","1918","6977","exist_in"
"9461","712","6978","exist_in"
"9462","1273","6978","exist_in"
"9463","1972","6978","exist_in"
"9464","353","6980","exist_in"
"9465","396","6980","exist_in"
"9466","723","6980","exist_in"
"9467","850","6980","exist_in"
"9468","1310","6980","exist_in"
"9469","1631","6980","exist_in"
"9470","1875","6980","exist_in"
"9471","396","6981","exist_in"
"9472","420","6981","exist_in"
"9473","712","6981","exist_in"
"9474","1149","6981","exist_in"
"9475","1498","6981","exist_in"
"9476","353","6982","exist_in"
"9477","1527","6982","exist_in"
"9478","1607","6982","exist_in"
"9479","1718","6982","exist_in"
"9480","1774","6982","exist_in"
"9481","1802","6982","exist_in"
"9482","1918","6982","exist_in"
"9483","1904","6983","exist_in"
"9484","712","6984","exist_in"
"9485","396","6985","exist_in"
"9486","513","6985","exist_in"
"9487","712","6985","exist_in"
"9488","1136","6985","exist_in"
"9489","1299","6985","exist_in"
"9490","1918","6985","exist_in"
"9491","353","6987","exist_in"
"9492","396","6987","exist_in"
"9493","668","6987","exist_in"
"9494","771","6987","exist_in"
"9495","1198","6987","exist_in"
"9496","1389","6987","exist_in"
"9497","1564","6987","exist_in"
"9498","1651","6987","exist_in"
"9499","1718","6987","exist_in"
"9500","1918","6987","exist_in"
"9501","396","6988","exist_in"
"9502","875","6988","exist_in"
"9503","361","6988","exist_in"
"9504","1124","6988","exist_in"
"9505","1700","6988","exist_in"
"9506","1718","6988","exist_in"
"9507","1733","6988","exist_in"
"9508","1918","6988","exist_in"
"9509","396","6989","exist_in"
"9510","712","6989","exist_in"
"9511","1479","6989","exist_in"
"9512","1718","6989","exist_in"
"9513","1918","6989","exist_in"
"9514","875","6992","exist_in"
"9515","1458","6992","exist_in"
"9516","511","6993","exist_in"
"9517","577","6993","exist_in"
"9518","1040","6993","exist_in"
"9519","1135","6993","exist_in"
"9520","1337","6993","exist_in"
"9521","1630","6993","exist_in"
"9522","396","6996","exist_in"
"9523","513","6996","exist_in"
"9524","712","6996","exist_in"
"9525","1361","6996","exist_in"
"9526","1370","6996","exist_in"
"9527","754","6997","exist_in"
"9528","728","6999","exist_in"
"9529","668","7001","exist_in"
"9530","712","7001","exist_in"
"9531","771","7001","exist_in"
"9532","800","7001","exist_in"
"9533","837","7001","exist_in"
"9534","980","7001","exist_in"
"9535","360","7002","exist_in"
"9536","1067","7002","exist_in"
"9537","1331","7002","exist_in"
"9538","1770","7002","exist_in"
"9539","1829","7002","exist_in"
"9540","875","7003","exist_in"
"9541","964","7003","exist_in"
"9542","1005","7003","exist_in"
"9543","1243","7003","exist_in"
"9544","1245","7003","exist_in"
"9545","1248","7003","exist_in"
"9546","1631","7003","exist_in"
"9547","2007","7003","exist_in"
"9548","474","7004","exist_in"
"9549","1249","7004","exist_in"
"9550","353","7005","exist_in"
"9551","396","7005","exist_in"
"9552","1918","7005","exist_in"
"9553","824","7006","exist_in"
"9554","998","7006","exist_in"
"9555","1553","7006","exist_in"
"9556","679","7007","exist_in"
"9557","771","7007","exist_in"
"9558","875","7007","exist_in"
"9559","1718","7007","exist_in"
"9560","1885","7007","exist_in"
"9561","1918","7007","exist_in"
"9562","353","7009","exist_in"
"9563","396","7009","exist_in"
"9564","734","7009","exist_in"
"9565","746","7009","exist_in"
"9566","758","7009","exist_in"
"9567","870","7009","exist_in"
"9568","1128","7009","exist_in"
"9569","1149","7009","exist_in"
"9570","1651","7009","exist_in"
"9571","1951","7009","exist_in"
"9572","1084","7010","exist_in"
"9573","1671","7010","exist_in"
"9574","1651","7010","exist_in"
"9575","1761","7010","exist_in"
"9576","1816","7010","exist_in"
"9577","479","7011","exist_in"
"9578","500","7011","exist_in"
"9579","815","7011","exist_in"
"9580","1361","7011","exist_in"
"9581","1700","7011","exist_in"
"9582","1995","7011","exist_in"
"9583","382","7012","exist_in"
"9584","502","7012","exist_in"
"9585","996","7012","exist_in"
"9586","1090","7012","exist_in"
"9587","1347","7012","exist_in"
"9588","1405","7012","exist_in"
"9589","941","7013","exist_in"
"9590","1218","7013","exist_in"
"9591","1583","7013","exist_in"
"9592","1651","7013","exist_in"
"9593","1994","7013","exist_in"
"9594","845","7014","exist_in"
"9595","884","7014","exist_in"
"9596","1012","7014","exist_in"
"9597","1337","7014","exist_in"
"9598","1443","7014","exist_in"
"9599","1816","7014","exist_in"
"9600","1862","7014","exist_in"
"9601","668","7015","exist_in"
"9602","396","7017","exist_in"
"9603","513","7017","exist_in"
"9604","866","7017","exist_in"
"9605","1458","7017","exist_in"
"9606","843","7019","exist_in"
"9607","1883","7019","exist_in"
"9608","353","7020","exist_in"
"9609","1149","7020","exist_in"
"9610","1299","7020","exist_in"
"9611","1892","7020","exist_in"
"9612","1963","7020","exist_in"
"9613","353","7021","exist_in"
"9614","513","7021","exist_in"
"9615","1122","7021","exist_in"
"9616","1311","7021","exist_in"
"9617","353","7022","exist_in"
"9618","396","7022","exist_in"
"9619","611","7022","exist_in"
"9620","1651","7022","exist_in"
"9621","1918","7022","exist_in"
"9622","396","7023","exist_in"
"9623","513","7023","exist_in"
"9624","1389","7023","exist_in"
"9625","1464","7023","exist_in"
"9626","2007","7023","exist_in"
"9627","456","7024","exist_in"
"9628","720","7024","exist_in"
"9629","1892","7024","exist_in"
"9630","802","7025","exist_in"
"9631","843","7025","exist_in"
"9632","883","7025","exist_in"
"9633","964","7025","exist_in"
"9634","1608","7025","exist_in"
"9635","1951","7025","exist_in"
"9636","1651","7026","exist_in"
"9637","458","7027","exist_in"
"9638","896","7027","exist_in"
"9639","964","7027","exist_in"
"9640","1149","7029","exist_in"
"9641","1892","7029","exist_in"
"9642","612","7030","exist_in"
"9643","679","7030","exist_in"
"9644","771","7030","exist_in"
"9645","875","7030","exist_in"
"9646","1885","7030","exist_in"
"9647","353","7031","exist_in"
"9648","396","7031","exist_in"
"9649","513","7031","exist_in"
"9650","1361","7031","exist_in"
"9651","1788","7031","exist_in"
"9652","396","7034","exist_in"
"9653","672","7034","exist_in"
"9654","843","7034","exist_in"
"9655","1158","7034","exist_in"
"9656","843","7035","exist_in"
"9657","1262","7035","exist_in"
"9658","1887","7035","exist_in"
"9659","527","7036","exist_in"
"9660","545","7036","exist_in"
"9661","720","7037","exist_in"
"9662","1441","7038","exist_in"
"9663","712","7041","exist_in"
"9664","767","7041","exist_in"
"9665","781","7041","exist_in"
"9666","875","7041","exist_in"
"9667","1299","7041","exist_in"
"9668","1623","7041","exist_in"
"9669","1718","7041","exist_in"
"9670","1733","7041","exist_in"
"9671","1914","7041","exist_in"
"9672","1918","7041","exist_in"
"9673","353","7042","exist_in"
"9674","396","7042","exist_in"
"9675","1383","7042","exist_in"
"9676","1386","7042","exist_in"
"9677","1396","7042","exist_in"
"9678","1400","7042","exist_in"
"9679","1634","7042","exist_in"
"9680","1918","7042","exist_in"
"9681","843","7043","exist_in"
"9682","1862","7043","exist_in"
"9683","456","7046","exist_in"
"9684","875","7046","exist_in"
"9685","1892","7046","exist_in"
"9686","1820","7048","exist_in"
"9687","1612","7049","exist_in"
"9688","1847","7049","exist_in"
"9689","1955","7049","exist_in"
"9690","396","7050","exist_in"
"9691","712","7050","exist_in"
"9692","875","7050","exist_in"
"9693","1303","7050","exist_in"
"9694","396","7051","exist_in"
"9695","513","7051","exist_in"
"9696","586","7051","exist_in"
"9697","843","7051","exist_in"
"9698","1651","7051","exist_in"
"9699","1805","7051","exist_in"
"9700","1862","7051","exist_in"
"9701","1968","7051","exist_in"
"9702","396","7052","exist_in"
"9703","712","7052","exist_in"
"9704","968","7052","exist_in"
"9705","1343","7052","exist_in"
"9706","1361","7052","exist_in"
"9707","1376","7052","exist_in"
"9708","1918","7052","exist_in"
"9709","1959","7052","exist_in"
"9710","1821","7053","exist_in"
"9711","1445","7054","exist_in"
"9712","564","7055","exist_in"
"9713","1581","7055","exist_in"
"9714","1821","7055","exist_in"
"9715","712","7059","exist_in"
"9716","1479","7059","exist_in"
"9717","1540","7059","exist_in"
"9718","396","7060","exist_in"
"9719","513","7060","exist_in"
"9720","712","7060","exist_in"
"9721","1918","7060","exist_in"
"9722","1115","7061","exist_in"
"9723","396","7062","exist_in"
"9724","513","7062","exist_in"
"9725","712","7062","exist_in"
"9726","998","7062","exist_in"
"9727","1651","7062","exist_in"
"9728","1897","7062","exist_in"
"9729","1918","7062","exist_in"
"9730","451","7064","exist_in"
"9731","712","7064","exist_in"
"9732","1410","7064","exist_in"
"9733","1441","7064","exist_in"
"9734","1769","7064","exist_in"
"9735","1955","7064","exist_in"
"9736","843","7067","exist_in"
"9737","1862","7067","exist_in"
"9738","353","7069","exist_in"
"9739","522","7069","exist_in"
"9740","954","7069","exist_in"
"9741","1465","7069","exist_in"
"9742","1788","7069","exist_in"
"9743","760","7070","exist_in"
"9744","1319","7070","exist_in"
"9745","1361","7070","exist_in"
"9746","624","7071","exist_in"
"9747","936","7071","exist_in"
"9748","1308","7071","exist_in"
"9749","1826","7071","exist_in"
"9750","694","7072","exist_in"
"9751","881","7072","exist_in"
"9752","1510","7072","exist_in"
"9753","1994","7072","exist_in"
"9754","513","7073","exist_in"
"9755","712","7073","exist_in"
"9756","1607","7073","exist_in"
"9757","1718","7073","exist_in"
"9758","1918","7073","exist_in"
"9759","843","7074","exist_in"
"9760","1008","7074","exist_in"
"9761","396","7075","exist_in"
"9762","875","7075","exist_in"
"9763","1366","7075","exist_in"
"9764","1369","7075","exist_in"
"9765","1651","7075","exist_in"
"9766","1846","7075","exist_in"
"9767","1925","7075","exist_in"
"9768","1948","7075","exist_in"
"9769","1949","7075","exist_in"
"9770","1011","7076","exist_in"
"9771","1022","7076","exist_in"
"9772","1058","7076","exist_in"
"9773","1198","7076","exist_in"
"9774","1299","7076","exist_in"
"9775","1333","7076","exist_in"
"9776","1389","7076","exist_in"
"9777","1648","7076","exist_in"
"9778","687","7077","exist_in"
"9779","634","7079","exist_in"
"9780","550","7080","exist_in"
"9781","717","7080","exist_in"
"9782","923","7080","exist_in"
"9783","1109","7080","exist_in"
"9784","1455","7080","exist_in"
"9785","843","7081","exist_in"
"9786","1477","7081","exist_in"
"9787","1497","7081","exist_in"
"9788","1574","7081","exist_in"
"9789","843","7082","exist_in"
"9790","880","7082","exist_in"
"9791","902","7082","exist_in"
"9792","1213","7082","exist_in"
"9793","1997","7082","exist_in"
"9794","396","7083","exist_in"
"9795","1904","7083","exist_in"
"9796","712","7085","exist_in"
"9797","1299","7085","exist_in"
"9798","1651","7085","exist_in"
"9799","1718","7085","exist_in"
"9800","1733","7085","exist_in"
"9801","1918","7085","exist_in"
"9802","396","7086","exist_in"
"9803","513","7086","exist_in"
"9804","712","7086","exist_in"
"9805","1198","7086","exist_in"
"9806","1299","7086","exist_in"
"9807","1458","7086","exist_in"
"9808","1651","7086","exist_in"
"9809","1883","7086","exist_in"
"9810","843","7087","exist_in"
"9811","1862","7087","exist_in"
"9812","688","7088","exist_in"
"9813","1421","7088","exist_in"
"9814","350","7089","exist_in"
"9815","416","7089","exist_in"
"9816","486","7089","exist_in"
"9817","561","7089","exist_in"
"9818","1001","7089","exist_in"
"9819","1188","7089","exist_in"
"9820","1525","7089","exist_in"
"9821","1917","7089","exist_in"
"9822","1940","7089","exist_in"
"9823","1979","7089","exist_in"
"9824","2025","7089","exist_in"
"9825","396","7091","exist_in"
"9826","490","7091","exist_in"
"9827","712","7091","exist_in"
"9828","1629","7091","exist_in"
"9829","1864","7091","exist_in"
"9830","1892","7091","exist_in"
"9831","396","7094","exist_in"
"9832","716","7094","exist_in"
"9833","734","7094","exist_in"
"9834","743","7094","exist_in"
"9835","1050","7094","exist_in"
"9836","1053","7094","exist_in"
"9837","1526","7094","exist_in"
"9838","1621","7094","exist_in"
"9839","1622","7094","exist_in"
"9840","1629","7094","exist_in"
"9841","1643","7094","exist_in"
"9842","1712","7094","exist_in"
"9843","1720","7094","exist_in"
"9844","1722","7094","exist_in"
"9845","1772","7094","exist_in"
"9846","1788","7094","exist_in"
"9847","357","7095","exist_in"
"9848","358","7095","exist_in"
"9849","712","7095","exist_in"
"9850","850","7095","exist_in"
"9851","1089","7095","exist_in"
"9852","1299","7095","exist_in"
"9853","1464","7095","exist_in"
"9854","1477","7095","exist_in"
"9855","1485","7095","exist_in"
"9856","541","7096","exist_in"
"9857","712","7096","exist_in"
"9858","734","7096","exist_in"
"9859","1299","7096","exist_in"
"9860","1426","7096","exist_in"
"9861","1747","7096","exist_in"
"9862","1751","7096","exist_in"
"9863","998","7097","exist_in"
"9864","1816","7097","exist_in"
"9865","353","7099","exist_in"
"9866","1168","7099","exist_in"
"9867","1299","7099","exist_in"
"9868","353","7100","exist_in"
"9869","1299","7100","exist_in"
"9870","353","7101","exist_in"
"9871","513","7101","exist_in"
"9872","647","7101","exist_in"
"9873","1718","7101","exist_in"
"9874","456","7104","exist_in"
"9875","728","7104","exist_in"
"9876","875","7104","exist_in"
"9877","1892","7104","exist_in"
"9878","582","7105","exist_in"
"9879","850","7105","exist_in"
"9880","1429","7105","exist_in"
"9881","1875","7105","exist_in"
"9882","687","7106","exist_in"
"9883","580","7107","exist_in"
"9884","885","7107","exist_in"
"9885","1113","7107","exist_in"
"9886","1461","7107","exist_in"
"9887","1745","7107","exist_in"
"9888","712","7108","exist_in"
"9889","1198","7108","exist_in"
"9890","1299","7108","exist_in"
"9891","1361","7108","exist_in"
"9892","396","7109","exist_in"
"9893","803","7109","exist_in"
"9894","814","7109","exist_in"
"9895","1112","7109","exist_in"
"9896","1199","7109","exist_in"
"9897","1691","7109","exist_in"
"9898","945","7110","exist_in"
"9899","961","7110","exist_in"
"9900","1734","7110","exist_in"
"9901","396","7111","exist_in"
"9902","513","7111","exist_in"
"9903","712","7111","exist_in"
"9904","396","7112","exist_in"
"9905","513","7112","exist_in"
"9906","712","7112","exist_in"
"9907","396","7113","exist_in"
"9908","513","7113","exist_in"
"9909","712","7113","exist_in"
"9910","790","7113","exist_in"
"9911","1344","7113","exist_in"
"9912","687","7114","exist_in"
"9913","843","7114","exist_in"
"9914","902","7114","exist_in"
"9915","1034","7114","exist_in"
"9916","1892","7114","exist_in"
"9917","712","7115","exist_in"
"9918","1607","7115","exist_in"
"9919","687","7116","exist_in"
"9920","933","7116","exist_in"
"9921","396","7118","exist_in"
"9922","513","7118","exist_in"
"9923","712","7118","exist_in"
"9924","875","7118","exist_in"
"9925","1826","7118","exist_in"
"9926","1874","7118","exist_in"
"9927","712","7120","exist_in"
"9928","875","7120","exist_in"
"9929","1361","7120","exist_in"
"9930","2007","7120","exist_in"
"9931","396","7121","exist_in"
"9932","513","7121","exist_in"
"9933","682","7121","exist_in"
"9934","712","7121","exist_in"
"9935","1327","7121","exist_in"
"9936","1402","7121","exist_in"
"9937","1718","7121","exist_in"
"9938","1918","7121","exist_in"
"9939","734","7122","exist_in"
"9940","771","7123","exist_in"
"9941","1272","7123","exist_in"
"9942","1325","7123","exist_in"
"9943","396","7125","exist_in"
"9944","687","7125","exist_in"
"9945","712","7125","exist_in"
"9946","771","7125","exist_in"
"9947","1299","7125","exist_in"
"9948","1477","7125","exist_in"
"9949","1557","7125","exist_in"
"9950","2000","7125","exist_in"
"9951","692","7126","exist_in"
"9952","771","7126","exist_in"
"9953","1132","7126","exist_in"
"9954","1565","7126","exist_in"
"9955","1821","7126","exist_in"
"9956","655","7133","exist_in"
"9957","1630","7133","exist_in"
"9958","1042","7134","exist_in"
"9959","1476","7134","exist_in"
"9960","396","7136","exist_in"
"9961","712","7136","exist_in"
"9962","872","7136","exist_in"
"9963","1299","7136","exist_in"
"9964","1479","7136","exist_in"
"9965","1918","7136","exist_in"
"9966","448","7137","exist_in"
"9967","1410","7137","exist_in"
"9968","1651","7137","exist_in"
"9969","513","7138","exist_in"
"9970","396","7140","exist_in"
"9971","513","7140","exist_in"
"9972","712","7140","exist_in"
"9973","790","7140","exist_in"
"9974","791","7140","exist_in"
"9975","985","7140","exist_in"
"9976","1718","7140","exist_in"
"9977","1827","7140","exist_in"
"9978","1914","7140","exist_in"
"9979","1918","7140","exist_in"
"9980","771","7141","exist_in"
"9981","799","7141","exist_in"
"9982","1149","7141","exist_in"
"9983","513","7142","exist_in"
"9984","712","7142","exist_in"
"9985","962","7142","exist_in"
"9986","1107","7142","exist_in"
"9987","1191","7142","exist_in"
"9988","1388","7142","exist_in"
"9989","1390","7142","exist_in"
"9990","396","7143","exist_in"
"9991","712","7143","exist_in"
"9992","1167","7145","exist_in"
"9993","1862","7145","exist_in"
"9994","541","7146","exist_in"
"9995","627","7146","exist_in"
"9996","1299","7146","exist_in"
"9997","1718","7146","exist_in"
"9998","1918","7146","exist_in"
"9999","503","7147","exist_in"
"10000","567","7147","exist_in"
"10001","597","7147","exist_in"
"10002","712","7147","exist_in"
"10003","875","7147","exist_in"
"10004","1186","7147","exist_in"
"10005","1434","7147","exist_in"
"10006","1519","7147","exist_in"
"10007","1773","7147","exist_in"
"10008","1788","7147","exist_in"
"10009","1802","7147","exist_in"
"10010","1887","7147","exist_in"
"10011","1955","7147","exist_in"
"10012","875","7148","exist_in"
"10013","1084","7148","exist_in"
"10014","1651","7148","exist_in"
"10015","1862","7148","exist_in"
"10016","513","7149","exist_in"
"10017","529","7149","exist_in"
"10018","1693","7149","exist_in"
"10019","396","7150","exist_in"
"10020","629","7150","exist_in"
"10021","712","7150","exist_in"
"10022","875","7150","exist_in"
"10023","1651","7150","exist_in"
"10024","824","7151","exist_in"
"10025","396","7152","exist_in"
"10026","712","7152","exist_in"
"10027","843","7154","exist_in"
"10028","1034","7154","exist_in"
"10029","1490","7154","exist_in"
"10030","1883","7154","exist_in"
"10031","678","7155","exist_in"
"10032","712","7155","exist_in"
"10033","843","7155","exist_in"
"10034","1299","7155","exist_in"
"10035","1424","7155","exist_in"
"10036","1651","7155","exist_in"
"10037","1718","7155","exist_in"
"10038","1810","7155","exist_in"
"10039","1918","7155","exist_in"
"10040","396","7156","exist_in"
"10041","513","7156","exist_in"
"10042","712","7156","exist_in"
"10043","1422","7156","exist_in"
"10044","1678","7156","exist_in"
"10045","1878","7156","exist_in"
"10046","513","7158","exist_in"
"10047","602","7158","exist_in"
"10048","712","7158","exist_in"
"10049","1299","7158","exist_in"
"10050","1465","7158","exist_in"
"10051","1651","7158","exist_in"
"10052","2008","7158","exist_in"
"10053","396","7159","exist_in"
"10054","670","7159","exist_in"
"10055","772","7159","exist_in"
"10056","784","7159","exist_in"
"10057","875","7159","exist_in"
"10058","1198","7159","exist_in"
"10059","1458","7159","exist_in"
"10060","1489","7159","exist_in"
"10061","1651","7159","exist_in"
"10062","1718","7159","exist_in"
"10063","396","7160","exist_in"
"10064","670","7160","exist_in"
"10065","772","7160","exist_in"
"10066","784","7160","exist_in"
"10067","875","7160","exist_in"
"10068","1458","7160","exist_in"
"10069","1489","7160","exist_in"
"10070","1651","7160","exist_in"
"10071","1718","7160","exist_in"
"10072","1918","7160","exist_in"
"10073","396","7161","exist_in"
"10074","513","7161","exist_in"
"10075","712","7161","exist_in"
"10076","723","7161","exist_in"
"10077","1108","7161","exist_in"
"10078","1465","7161","exist_in"
"10079","1965","7161","exist_in"
"10080","1788","7162","exist_in"
"10081","1790","7162","exist_in"
"10082","1829","7162","exist_in"
"10083","1951","7162","exist_in"
"10084","590","7163","exist_in"
"10085","624","7163","exist_in"
"10086","712","7163","exist_in"
"10087","2007","7163","exist_in"
"10088","456","7164","exist_in"
"10089","1199","7164","exist_in"
"10090","1659","7165","exist_in"
"10091","1892","7165","exist_in"
"10092","1034","7168","exist_in"
"10093","1691","7168","exist_in"
"10094","1892","7168","exist_in"
"10095","353","7170","exist_in"
"10096","771","7170","exist_in"
"10097","1485","7170","exist_in"
"10098","1541","7170","exist_in"
"10099","1607","7170","exist_in"
"10100","1876","7170","exist_in"
"10101","1363","7171","exist_in"
"10102","491","7172","exist_in"
"10103","712","7172","exist_in"
"10104","823","7172","exist_in"
"10105","1607","7172","exist_in"
"10106","1897","7172","exist_in"
"10107","764","7173","exist_in"
"10108","964","7173","exist_in"
"10109","637","7174","exist_in"
"10110","712","7174","exist_in"
"10111","875","7174","exist_in"
"10112","1951","7174","exist_in"
"10113","875","7175","exist_in"
"10114","1379","7175","exist_in"
"10115","1485","7175","exist_in"
"10116","1549","7176","exist_in"
"10117","893","7177","exist_in"
"10118","1167","7177","exist_in"
"10119","1269","7177","exist_in"
"10120","1816","7177","exist_in"
"10121","1890","7177","exist_in"
"10122","771","7178","exist_in"
"10123","843","7178","exist_in"
"10124","1180","7178","exist_in"
"10125","1268","7178","exist_in"
"10126","1620","7178","exist_in"
"10127","712","7179","exist_in"
"10128","1180","7179","exist_in"
"10129","1658","7179","exist_in"
"10130","1670","7179","exist_in"
"10131","1718","7179","exist_in"
"10132","1904","7179","exist_in"
"10133","1918","7179","exist_in"
"10134","376","7181","exist_in"
"10135","436","7181","exist_in"
"10136","902","7181","exist_in"
"10137","928","7181","exist_in"
"10138","995","7181","exist_in"
"10139","1829","7181","exist_in"
"10140","1040","7182","exist_in"
"10141","1089","7183","exist_in"
"10142","1098","7183","exist_in"
"10143","1202","7183","exist_in"
"10144","837","7184","exist_in"
"10145","890","7184","exist_in"
"10146","1361","7184","exist_in"
"10147","1750","7184","exist_in"
"10148","2007","7184","exist_in"
"10149","396","7186","exist_in"
"10150","455","7186","exist_in"
"10151","461","7186","exist_in"
"10152","493","7186","exist_in"
"10153","1299","7186","exist_in"
"10154","1918","7186","exist_in"
"10155","732","7187","exist_in"
"10156","1629","7187","exist_in"
"10157","1819","7187","exist_in"
"10158","396","7188","exist_in"
"10159","513","7188","exist_in"
"10160","712","7188","exist_in"
"10161","793","7188","exist_in"
"10162","1184","7188","exist_in"
"10163","1209","7188","exist_in"
"10164","1258","7188","exist_in"
"10165","1485","7188","exist_in"
"10166","1651","7188","exist_in"
"10167","1836","7188","exist_in"
"10168","1938","7188","exist_in"
"10169","2017","7188","exist_in"
"10170","465","7190","exist_in"
"10171","843","7190","exist_in"
"10172","396","7191","exist_in"
"10173","513","7191","exist_in"
"10174","1458","7191","exist_in"
"10175","636","7192","exist_in"
"10176","687","7192","exist_in"
"10177","712","7192","exist_in"
"10178","734","7192","exist_in"
"10179","843","7192","exist_in"
"10180","1181","7192","exist_in"
"10181","1566","7192","exist_in"
"10182","1875","7192","exist_in"
"10183","1665","7193","exist_in"
"10184","1892","7193","exist_in"
"10185","734","7194","exist_in"
"10186","877","7194","exist_in"
"10187","361","7194","exist_in"
"10188","1892","7194","exist_in"
"10189","583","7195","exist_in"
"10190","622","7195","exist_in"
"10191","687","7195","exist_in"
"10192","712","7195","exist_in"
"10193","1458","7195","exist_in"
"10194","687","7197","exist_in"
"10195","843","7197","exist_in"
"10196","1554","7197","exist_in"
"10197","1816","7197","exist_in"
"10198","712","7199","exist_in"
"10199","687","7201","exist_in"
"10200","843","7201","exist_in"
"10201","998","7201","exist_in"
"10202","1011","7201","exist_in"
"10203","1062","7201","exist_in"
"10204","1638","7201","exist_in"
"10205","353","7203","exist_in"
"10206","1785","7203","exist_in"
"10207","875","7204","exist_in"
"10208","1299","7204","exist_in"
"10209","1464","7204","exist_in"
"10210","1641","7204","exist_in"
"10211","1083","7205","exist_in"
"10212","1437","7205","exist_in"
"10213","1700","7205","exist_in"
"10214","458","7206","exist_in"
"10215","1673","7206","exist_in"
"10216","1675","7206","exist_in"
"10217","513","7207","exist_in"
"10218","861","7207","exist_in"
"10219","864","7207","exist_in"
"10220","1101","7207","exist_in"
"10221","1149","7207","exist_in"
"10222","1342","7207","exist_in"
"10223","1361","7207","exist_in"
"10224","1811","7207","exist_in"
"10225","1862","7207","exist_in"
"10226","1959","7207","exist_in"
"10227","1079","7208","exist_in"
"10228","1080","7208","exist_in"
"10229","1081","7208","exist_in"
"10230","353","7209","exist_in"
"10231","456","7209","exist_in"
"10232","513","7209","exist_in"
"10233","712","7209","exist_in"
"10234","1361","7209","exist_in"
"10235","1475","7209","exist_in"
"10236","353","7210","exist_in"
"10237","513","7210","exist_in"
"10238","1299","7210","exist_in"
"10239","1361","7210","exist_in"
"10240","1413","7210","exist_in"
"10241","338","7211","exist_in"
"10242","732","7212","exist_in"
"10243","875","7212","exist_in"
"10244","998","7212","exist_in"
"10245","1892","7212","exist_in"
"10246","1651","7213","exist_in"
"10247","404","7214","exist_in"
"10248","862","7214","exist_in"
"10249","1377","7214","exist_in"
"10250","1651","7214","exist_in"
"10251","1883","7214","exist_in"
"10252","843","7215","exist_in"
"10253","1104","7215","exist_in"
"10254","1463","7215","exist_in"
"10255","1951","7215","exist_in"
"10256","513","7216","exist_in"
"10257","513","7217","exist_in"
"10258","712","7217","exist_in"
"10259","1361","7217","exist_in"
"10260","337","7218","exist_in"
"10261","387","7218","exist_in"
"10262","850","7218","exist_in"
"10263","361","7218","exist_in"
"10264","1089","7218","exist_in"
"10265","1892","7218","exist_in"
"10266","764","7220","exist_in"
"10267","843","7220","exist_in"
"10268","1883","7220","exist_in"
"10269","542","7221","exist_in"
"10270","1092","7221","exist_in"
"10271","1841","7221","exist_in"
"10272","712","7222","exist_in"
"10273","875","7222","exist_in"
"10274","361","7222","exist_in"
"10275","1239","7222","exist_in"
"10276","1299","7222","exist_in"
"10277","1892","7222","exist_in"
"10278","1951","7222","exist_in"
"10279","687","7223","exist_in"
"10280","1552","7223","exist_in"
"10281","2005","7223","exist_in"
"10282","1944","7224","exist_in"
"10283","712","7225","exist_in"
"10284","771","7225","exist_in"
"10285","1361","7225","exist_in"
"10286","1485","7225","exist_in"
"10287","1610","7225","exist_in"
"10288","1665","7225","exist_in"
"10289","1741","7225","exist_in"
"10290","1854","7225","exist_in"
"10291","353","7227","exist_in"
"10292","1299","7227","exist_in"
"10293","423","7229","exist_in"
"10294","837","7229","exist_in"
"10295","1775","7229","exist_in"
"10296","1786","7229","exist_in"
"10297","1892","7229","exist_in"
"10298","337","7230","exist_in"
"10299","384","7230","exist_in"
"10300","621","7230","exist_in"
"10301","624","7230","exist_in"
"10302","627","7230","exist_in"
"10303","1338","7230","exist_in"
"10304","1458","7230","exist_in"
"10305","1918","7230","exist_in"
"10306","712","7231","exist_in"
"10307","815","7231","exist_in"
"10308","1003","7231","exist_in"
"10309","1014","7231","exist_in"
"10310","1531","7231","exist_in"
"10311","1601","7231","exist_in"
"10312","1700","7231","exist_in"
"10313","1716","7231","exist_in"
"10314","1935","7231","exist_in"
"10315","843","7232","exist_in"
"10316","1034","7232","exist_in"
"10317","1262","7232","exist_in"
"10318","678","7233","exist_in"
"10319","712","7233","exist_in"
"10320","817","7233","exist_in"
"10321","875","7233","exist_in"
"10322","1036","7233","exist_in"
"10323","1541","7233","exist_in"
"10324","1651","7233","exist_in"
"10325","1667","7233","exist_in"
"10326","1702","7233","exist_in"
"10327","1911","7233","exist_in"
"10328","678","7234","exist_in"
"10329","700","7234","exist_in"
"10330","708","7234","exist_in"
"10331","712","7234","exist_in"
"10332","875","7234","exist_in"
"10333","396","7236","exist_in"
"10334","513","7236","exist_in"
"10335","712","7236","exist_in"
"10336","1479","7236","exist_in"
"10337","353","7237","exist_in"
"10338","1299","7237","exist_in"
"10339","1651","7237","exist_in"
"10340","1918","7237","exist_in"
"10341","712","7238","exist_in"
"10342","1651","7238","exist_in"
"10343","668","7243","exist_in"
"10344","712","7243","exist_in"
"10345","1198","7243","exist_in"
"10346","1485","7243","exist_in"
"10347","1788","7243","exist_in"
"10348","396","7244","exist_in"
"10349","513","7244","exist_in"
"10350","668","7244","exist_in"
"10351","712","7244","exist_in"
"10352","1158","7244","exist_in"
"10353","1453","7244","exist_in"
"10354","1864","7244","exist_in"
"10355","513","7246","exist_in"
"10356","712","7246","exist_in"
"10357","875","7246","exist_in"
"10358","1479","7246","exist_in"
"10359","1607","7246","exist_in"
"10360","2008","7246","exist_in"
"10361","353","7248","exist_in"
"10362","1299","7248","exist_in"
"10363","1541","7248","exist_in"
"10364","1651","7248","exist_in"
"10365","1718","7248","exist_in"
"10366","1733","7248","exist_in"
"10367","1918","7248","exist_in"
"10368","581","7249","exist_in"
"10369","734","7249","exist_in"
"10370","396","7251","exist_in"
"10371","712","7251","exist_in"
"10372","734","7251","exist_in"
"10373","1170","7251","exist_in"
"10374","1296","7251","exist_in"
"10375","1299","7251","exist_in"
"10376","1307","7251","exist_in"
"10377","1465","7251","exist_in"
"10378","1189","7252","exist_in"
"10379","1438","7252","exist_in"
"10380","1440","7252","exist_in"
"10381","353","7253","exist_in"
"10382","668","7253","exist_in"
"10383","1539","7253","exist_in"
"10384","1816","7253","exist_in"
"10385","396","7254","exist_in"
"10386","513","7254","exist_in"
"10387","875","7254","exist_in"
"10388","1458","7254","exist_in"
"10389","1918","7254","exist_in"
"10390","474","7256","exist_in"
"10391","1169","7256","exist_in"
"10392","1417","7256","exist_in"
"10393","1418","7256","exist_in"
"10394","1506","7256","exist_in"
"10395","396","7257","exist_in"
"10396","513","7257","exist_in"
"10397","689","7257","exist_in"
"10398","712","7257","exist_in"
"10399","600","7259","exist_in"
"10400","875","7259","exist_in"
"10401","1515","7259","exist_in"
"10402","1651","7259","exist_in"
"10403","396","7261","exist_in"
"10404","466","7261","exist_in"
"10405","712","7261","exist_in"
"10406","778","7261","exist_in"
"10407","875","7261","exist_in"
"10408","1084","7261","exist_in"
"10409","1149","7261","exist_in"
"10410","1236","7261","exist_in"
"10411","1352","7261","exist_in"
"10412","1456","7261","exist_in"
"10413","1498","7261","exist_in"
"10414","1660","7261","exist_in"
"10415","1699","7261","exist_in"
"10416","1787","7261","exist_in"
"10417","1813","7261","exist_in"
"10418","1816","7261","exist_in"
"10419","2003","7261","exist_in"
"10420","2021","7261","exist_in"
"10421","678","7262","exist_in"
"10422","712","7262","exist_in"
"10423","739","7262","exist_in"
"10424","875","7262","exist_in"
"10425","1541","7262","exist_in"
"10426","921","7263","exist_in"
"10427","853","7264","exist_in"
"10428","526","7265","exist_in"
"10429","1208","7265","exist_in"
"10430","1501","7265","exist_in"
"10431","1763","7265","exist_in"
"10432","1892","7265","exist_in"
"10433","513","7266","exist_in"
"10434","712","7266","exist_in"
"10435","776","7266","exist_in"
"10436","790","7266","exist_in"
"10437","825","7266","exist_in"
"10438","875","7266","exist_in"
"10439","1198","7266","exist_in"
"10440","396","7267","exist_in"
"10441","552","7267","exist_in"
"10442","653","7267","exist_in"
"10443","712","7267","exist_in"
"10444","843","7267","exist_in"
"10445","396","7268","exist_in"
"10446","560","7268","exist_in"
"10447","1151","7268","exist_in"
"10448","1299","7268","exist_in"
"10449","1651","7268","exist_in"
"10450","800","7269","exist_in"
"10451","1651","7269","exist_in"
"10452","1892","7269","exist_in"
"10453","687","7270","exist_in"
"10454","1054","7270","exist_in"
"10455","1254","7270","exist_in"
"10456","1377","7270","exist_in"
"10457","1404","7270","exist_in"
"10458","1688","7270","exist_in"
"10459","1694","7270","exist_in"
"10460","1034","7272","exist_in"
"10461","1034","7633","exist_in"
"10462","1034","7793","exist_in"
"10463","1883","7272","exist_in"
"10464","1883","7633","exist_in"
"10465","1883","7793","exist_in"
"10466","875","7273","exist_in"
"10467","361","7273","exist_in"
"10468","1427","7273","exist_in"
"10469","1535","7273","exist_in"
"10470","1536","7273","exist_in"
"10471","1671","7273","exist_in"
"10472","843","7274","exist_in"
"10473","1094","7274","exist_in"
"10474","771","7275","exist_in"
"10475","1163","7275","exist_in"
"10476","1229","7275","exist_in"
"10477","1266","7275","exist_in"
"10478","1885","7275","exist_in"
"10479","572","7276","exist_in"
"10480","771","7276","exist_in"
"10481","1361","7276","exist_in"
"10482","1477","7276","exist_in"
"10483","1485","7276","exist_in"
"10484","843","7277","exist_in"
"10485","1569","7277","exist_in"
"10486","675","7278","exist_in"
"10487","774","7278","exist_in"
"10488","1035","7278","exist_in"
"10489","1487","7278","exist_in"
"10490","1515","7278","exist_in"
"10491","1776","7278","exist_in"
"10492","687","7279","exist_in"
"10493","712","7279","exist_in"
"10494","385","7280","exist_in"
"10495","396","7280","exist_in"
"10496","449","7280","exist_in"
"10497","712","7280","exist_in"
"10498","875","7280","exist_in"
"10499","964","7280","exist_in"
"10500","979","7280","exist_in"
"10501","1549","7280","exist_in"
"10502","1641","7280","exist_in"
"10503","1728","7280","exist_in"
"10504","1742","7280","exist_in"
"10505","1862","7280","exist_in"
"10506","2016","7280","exist_in"
"10507","687","7281","exist_in"
"10508","789","7281","exist_in"
"10509","805","7281","exist_in"
"10510","1033","7281","exist_in"
"10511","1183","7281","exist_in"
"10512","1288","7281","exist_in"
"10513","1877","7281","exist_in"
"10514","843","7284","exist_in"
"10515","964","7285","exist_in"
"10516","1361","7286","exist_in"
"10517","1862","7286","exist_in"
"10518","712","7287","exist_in"
"10519","1002","7287","exist_in"
"10520","1299","7287","exist_in"
"10521","396","7288","exist_in"
"10522","555","7288","exist_in"
"10523","557","7288","exist_in"
"10524","712","7288","exist_in"
"10525","1361","7288","exist_in"
"10526","1564","7288","exist_in"
"10527","1938","7289","exist_in"
"10528","867","7290","exist_in"
"10529","953","7290","exist_in"
"10530","1594","7290","exist_in"
"10531","468","7291","exist_in"
"10532","729","7291","exist_in"
"10533","827","7291","exist_in"
"10534","865","7291","exist_in"
"10535","1549","7291","exist_in"
"10536","463","7294","exist_in"
"10537","712","7294","exist_in"
"10538","729","7294","exist_in"
"10539","843","7294","exist_in"
"10540","998","7294","exist_in"
"10541","1030","7294","exist_in"
"10542","1303","7294","exist_in"
"10543","1862","7294","exist_in"
"10544","1010","7296","exist_in"
"10545","1485","7296","exist_in"
"10546","1641","7296","exist_in"
"10547","1642","7296","exist_in"
"10548","1816","7296","exist_in"
"10549","1862","7296","exist_in"
"10550","1906","7296","exist_in"
"10551","1034","7297","exist_in"
"10552","1689","7297","exist_in"
"10553","1883","7297","exist_in"
"10554","418","7298","exist_in"
"10555","875","7298","exist_in"
"10556","916","7298","exist_in"
"10557","922","7298","exist_in"
"10558","1563","7298","exist_in"
"10559","765","7301","exist_in"
"10560","1259","7301","exist_in"
"10561","1973","7301","exist_in"
"10562","513","7302","exist_in"
"10563","624","7302","exist_in"
"10564","712","7302","exist_in"
"10565","1299","7302","exist_in"
"10566","513","7303","exist_in"
"10567","396","7304","exist_in"
"10568","712","7304","exist_in"
"10569","1299","7304","exist_in"
"10570","1489","7304","exist_in"
"10571","396","7305","exist_in"
"10572","456","7305","exist_in"
"10573","598","7305","exist_in"
"10574","838","7305","exist_in"
"10575","875","7305","exist_in"
"10576","978","7305","exist_in"
"10577","1651","7305","exist_in"
"10578","396","7306","exist_in"
"10579","712","7306","exist_in"
"10580","1386","7306","exist_in"
"10581","1398","7306","exist_in"
"10582","1400","7306","exist_in"
"10583","825","7307","exist_in"
"10584","578","7308","exist_in"
"10585","875","7308","exist_in"
"10586","939","7308","exist_in"
"10587","1458","7308","exist_in"
"10588","1951","7308","exist_in"
"10589","2001","7308","exist_in"
"10590","875","7310","exist_in"
"10591","1629","7310","exist_in"
"10592","1892","7310","exist_in"
"10593","396","7311","exist_in"
"10594","712","7311","exist_in"
"10595","875","7311","exist_in"
"10596","1358","7311","exist_in"
"10597","1359","7311","exist_in"
"10598","1372","7311","exist_in"
"10599","1403","7311","exist_in"
"10600","687","7312","exist_in"
"10601","1024","7312","exist_in"
"10602","1651","7312","exist_in"
"10603","1862","7312","exist_in"
"10604","587","7314","exist_in"
"10605","687","7314","exist_in"
"10606","1578","7314","exist_in"
"10607","1741","7314","exist_in"
"10608","1892","7314","exist_in"
"10609","879","7315","exist_in"
"10610","1297","7315","exist_in"
"10611","1313","7315","exist_in"
"10612","1892","7315","exist_in"
"10613","843","7317","exist_in"
"10614","901","7317","exist_in"
"10615","1389","7318","exist_in"
"10616","1885","7318","exist_in"
"10617","2010","7318","exist_in"
"10618","822","7321","exist_in"
"10619","1136","7321","exist_in"
"10620","396","7322","exist_in"
"10621","401","7322","exist_in"
"10622","601","7322","exist_in"
"10623","712","7322","exist_in"
"10624","1564","7322","exist_in"
"10625","1955","7322","exist_in"
"10626","1885","7323","exist_in"
"10627","1980","7323","exist_in"
"10628","2010","7323","exist_in"
"10629","376","7324","exist_in"
"10630","945","7324","exist_in"
"10631","1627","7324","exist_in"
"10632","483","7325","exist_in"
"10633","483","7816","exist_in"
"10634","1628","7325","exist_in"
"10635","1628","7816","exist_in"
"10636","1826","7325","exist_in"
"10637","1826","7816","exist_in"
"10638","686","7326","exist_in"
"10639","875","7326","exist_in"
"10640","1031","7326","exist_in"
"10641","1401","7326","exist_in"
"10642","1551","7326","exist_in"
"10643","1697","7326","exist_in"
"10644","1862","7326","exist_in"
"10645","1913","7326","exist_in"
"10646","1950","7326","exist_in"
"10647","1977","7326","exist_in"
"10648","1299","7327","exist_in"
"10649","1955","7327","exist_in"
"10650","740","7329","exist_in"
"10651","1103","7329","exist_in"
"10652","1951","7329","exist_in"
"10653","712","7330","exist_in"
"10654","1464","7330","exist_in"
"10655","712","7331","exist_in"
"10656","964","7331","exist_in"
"10657","396","7332","exist_in"
"10658","513","7332","exist_in"
"10659","712","7332","exist_in"
"10660","1464","7332","exist_in"
"10661","396","7333","exist_in"
"10662","408","7333","exist_in"
"10663","712","7333","exist_in"
"10664","1682","7333","exist_in"
"10665","1683","7333","exist_in"
"10666","1787","7333","exist_in"
"10667","1789","7333","exist_in"
"10668","1907","7333","exist_in"
"10669","2021","7333","exist_in"
"10670","1507","7335","exist_in"
"10671","1676","7335","exist_in"
"10672","396","7338","exist_in"
"10673","657","7338","exist_in"
"10674","712","7338","exist_in"
"10675","1381","7338","exist_in"
"10676","396","7339","exist_in"
"10677","513","7339","exist_in"
"10678","712","7339","exist_in"
"10679","721","7339","exist_in"
"10680","771","7339","exist_in"
"10681","1516","7339","exist_in"
"10682","1823","7339","exist_in"
"10683","1826","7339","exist_in"
"10684","1984","7339","exist_in"
"10685","516","7340","exist_in"
"10686","875","7340","exist_in"
"10687","1862","7340","exist_in"
"10688","712","7341","exist_in"
"10689","738","7341","exist_in"
"10690","843","7341","exist_in"
"10691","1862","7341","exist_in"
"10692","396","7342","exist_in"
"10693","712","7342","exist_in"
"10694","1207","7342","exist_in"
"10695","396","7343","exist_in"
"10696","712","7343","exist_in"
"10697","1361","7343","exist_in"
"10698","1501","7343","exist_in"
"10699","1564","7343","exist_in"
"10700","1651","7343","exist_in"
"10701","342","7344","exist_in"
"10702","687","7344","exist_in"
"10703","777","7344","exist_in"
"10704","843","7344","exist_in"
"10705","1176","7344","exist_in"
"10706","1179","7344","exist_in"
"10707","1556","7344","exist_in"
"10708","516","7345","exist_in"
"10709","843","7345","exist_in"
"10710","1862","7345","exist_in"
"10711","947","7346","exist_in"
"10712","1445","7346","exist_in"
"10713","1587","7346","exist_in"
"10714","1987","7346","exist_in"
"10715","843","7347","exist_in"
"10716","1863","7347","exist_in"
"10717","1867","7347","exist_in"
"10718","1878","7347","exist_in"
"10719","1964","7347","exist_in"
"10720","396","7351","exist_in"
"10721","513","7351","exist_in"
"10722","875","7351","exist_in"
"10723","1136","7351","exist_in"
"10724","1362","7351","exist_in"
"10725","1651","7351","exist_in"
"10726","1878","7351","exist_in"
"10727","1964","7351","exist_in"
"10728","396","7352","exist_in"
"10729","513","7352","exist_in"
"10730","668","7352","exist_in"
"10731","778","7352","exist_in"
"10732","843","7352","exist_in"
"10733","1149","7352","exist_in"
"10734","1155","7352","exist_in"
"10735","1299","7352","exist_in"
"10736","1361","7352","exist_in"
"10737","1760","7352","exist_in"
"10738","1878","7352","exist_in"
"10739","1671","7355","exist_in"
"10740","396","7356","exist_in"
"10741","513","7356","exist_in"
"10742","1122","7356","exist_in"
"10743","1434","7356","exist_in"
"10744","843","7357","exist_in"
"10745","1863","7357","exist_in"
"10746","1867","7357","exist_in"
"10747","1878","7357","exist_in"
"10748","1964","7357","exist_in"
"10749","998","7358","exist_in"
"10750","1361","7358","exist_in"
"10751","843","7360","exist_in"
"10752","964","7360","exist_in"
"10753","1034","7360","exist_in"
"10754","1651","7360","exist_in"
"10755","359","7361","exist_in"
"10756","813","7361","exist_in"
"10757","1215","7361","exist_in"
"10758","1352","7361","exist_in"
"10759","1955","7361","exist_in"
"10760","396","7363","exist_in"
"10761","1498","7363","exist_in"
"10762","1804","7363","exist_in"
"10763","380","7365","exist_in"
"10764","1020","7365","exist_in"
"10765","1262","7365","exist_in"
"10766","1441","7366","exist_in"
"10767","1734","7366","exist_in"
"10768","1794","7366","exist_in"
"10769","875","7368","exist_in"
"10770","1803","7368","exist_in"
"10771","353","7369","exist_in"
"10772","513","7369","exist_in"
"10773","1666","7369","exist_in"
"10774","1700","7369","exist_in"
"10775","1788","7369","exist_in"
"10776","2022","7369","exist_in"
"10777","2023","7369","exist_in"
"10778","2024","7369","exist_in"
"10779","524","7370","exist_in"
"10780","1108","7370","exist_in"
"10781","712","7371","exist_in"
"10782","875","7371","exist_in"
"10783","386","7372","exist_in"
"10784","1063","7372","exist_in"
"10785","1288","7372","exist_in"
"10786","1436","7373","exist_in"
"10787","1518","7373","exist_in"
"10788","712","7374","exist_in"
"10789","1889","7374","exist_in"
"10790","396","7375","exist_in"
"10791","513","7375","exist_in"
"10792","1691","7375","exist_in"
"10793","1710","7375","exist_in"
"10794","1788","7376","exist_in"
"10795","822","7378","exist_in"
"10796","1861","7378","exist_in"
"10797","875","7379","exist_in"
"10798","1651","7379","exist_in"
"10799","1892","7379","exist_in"
"10800","712","7380","exist_in"
"10801","771","7380","exist_in"
"10802","1485","7380","exist_in"
"10803","1607","7380","exist_in"
"10804","585","7381","exist_in"
"10805","712","7381","exist_in"
"10806","868","7381","exist_in"
"10807","951","7381","exist_in"
"10808","1140","7381","exist_in"
"10809","1170","7381","exist_in"
"10810","1351","7381","exist_in"
"10811","1599","7381","exist_in"
"10812","1717","7381","exist_in"
"10813","353","7383","exist_in"
"10814","1541","7383","exist_in"
"10815","1718","7383","exist_in"
"10816","1733","7383","exist_in"
"10817","1918","7383","exist_in"
"10818","396","7385","exist_in"
"10819","712","7385","exist_in"
"10820","1124","7385","exist_in"
"10821","1557","7385","exist_in"
"10822","396","7388","exist_in"
"10823","712","7388","exist_in"
"10824","1299","7388","exist_in"
"10825","785","7389","exist_in"
"10826","1710","7389","exist_in"
"10827","1813","7389","exist_in"
"10828","1816","7389","exist_in"
"10829","1892","7389","exist_in"
"10830","685","7390","exist_in"
"10831","853","7390","exist_in"
"10832","914","7390","exist_in"
"10833","958","7390","exist_in"
"10834","1006","7390","exist_in"
"10835","1165","7390","exist_in"
"10836","1246","7390","exist_in"
"10837","1252","7390","exist_in"
"10838","1808","7390","exist_in"
"10839","1892","7390","exist_in"
"10840","1918","7390","exist_in"
"10841","353","7391","exist_in"
"10842","396","7391","exist_in"
"10843","504","7391","exist_in"
"10844","659","7391","exist_in"
"10845","1171","7391","exist_in"
"10846","1186","7391","exist_in"
"10847","1464","7391","exist_in"
"10848","1946","7391","exist_in"
"10849","396","7392","exist_in"
"10850","513","7392","exist_in"
"10851","588","7392","exist_in"
"10852","613","7392","exist_in"
"10853","687","7392","exist_in"
"10854","712","7392","exist_in"
"10855","790","7392","exist_in"
"10856","1299","7392","exist_in"
"10857","771","7395","exist_in"
"10858","1477","7395","exist_in"
"10859","1485","7395","exist_in"
"10860","456","7397","exist_in"
"10861","410","7398","exist_in"
"10862","604","7398","exist_in"
"10863","1089","7398","exist_in"
"10864","712","7401","exist_in"
"10865","875","7401","exist_in"
"10866","998","7401","exist_in"
"10867","1199","7401","exist_in"
"10868","712","7402","exist_in"
"10869","875","7402","exist_in"
"10870","1680","7402","exist_in"
"10871","396","7403","exist_in"
"10872","513","7403","exist_in"
"10873","843","7403","exist_in"
"10874","1198","7403","exist_in"
"10875","1458","7403","exist_in"
"10876","1651","7403","exist_in"
"10877","1899","7403","exist_in"
"10878","712","7404","exist_in"
"10879","742","7405","exist_in"
"10880","945","7405","exist_in"
"10881","1361","7405","exist_in"
"10882","687","7407","exist_in"
"10883","396","7409","exist_in"
"10884","712","7409","exist_in"
"10885","1299","7409","exist_in"
"10886","1918","7409","exist_in"
"10887","843","7410","exist_in"
"10888","1232","7410","exist_in"
"10889","1410","7410","exist_in"
"10890","1688","7410","exist_in"
"10891","1883","7410","exist_in"
"10892","712","7411","exist_in"
"10893","790","7411","exist_in"
"10894","1344","7411","exist_in"
"10895","1623","7411","exist_in"
"10896","524","7412","exist_in"
"10897","1435","7412","exist_in"
"10898","375","7413","exist_in"
"10899","390","7413","exist_in"
"10900","1684","7413","exist_in"
"10901","1707","7413","exist_in"
"10902","1798","7413","exist_in"
"10903","712","7414","exist_in"
"10904","887","7416","exist_in"
"10905","1139","7416","exist_in"
"10906","1261","7416","exist_in"
"10907","387","7417","exist_in"
"10908","1017","7417","exist_in"
"10909","1564","7417","exist_in"
"10910","1763","7417","exist_in"
"10911","991","7418","exist_in"
"10912","396","7419","exist_in"
"10913","513","7419","exist_in"
"10914","875","7419","exist_in"
"10915","1299","7419","exist_in"
"10916","1464","7419","exist_in"
"10917","1651","7419","exist_in"
"10918","687","7421","exist_in"
"10919","353","7422","exist_in"
"10920","824","7422","exist_in"
"10921","565","7423","exist_in"
"10922","964","7423","exist_in"
"10923","396","7424","exist_in"
"10924","605","7424","exist_in"
"10925","864","7424","exist_in"
"10926","1042","7424","exist_in"
"10927","1890","7424","exist_in"
"10928","396","7425","exist_in"
"10929","712","7425","exist_in"
"10930","843","7425","exist_in"
"10931","1142","7425","exist_in"
"10932","1299","7425","exist_in"
"10933","1892","7425","exist_in"
"10934","1904","7425","exist_in"
"10935","1918","7425","exist_in"
"10936","430","7428","exist_in"
"10937","628","7428","exist_in"
"10938","712","7428","exist_in"
"10939","733","7428","exist_in"
"10940","734","7428","exist_in"
"10941","1154","7428","exist_in"
"10942","1875","7428","exist_in"
"10943","825","7430","exist_in"
"10944","1124","7430","exist_in"
"10945","1299","7430","exist_in"
"10946","1386","7430","exist_in"
"10947","1477","7430","exist_in"
"10948","1485","7430","exist_in"
"10949","353","7431","exist_in"
"10950","1361","7431","exist_in"
"10951","1336","7432","exist_in"
"10952","396","7433","exist_in"
"10953","712","7433","exist_in"
"10954","1142","7433","exist_in"
"10955","1485","7433","exist_in"
"10956","344","7434","exist_in"
"10957","1064","7434","exist_in"
"10958","1730","7434","exist_in"
"10959","2015","7434","exist_in"
"10960","800","7436","exist_in"
"10961","843","7436","exist_in"
"10962","1040","7436","exist_in"
"10963","1651","7436","exist_in"
"10964","712","7437","exist_in"
"10965","1498","7437","exist_in"
"10966","712","7438","exist_in"
"10967","875","7438","exist_in"
"10968","1862","7438","exist_in"
"10969","941","7439","exist_in"
"10970","1356","7439","exist_in"
"10971","1655","7439","exist_in"
"10972","1656","7439","exist_in"
"10973","977","7440","exist_in"
"10974","1549","7440","exist_in"
"10975","556","7441","exist_in"
"10976","570","7441","exist_in"
"10977","684","7441","exist_in"
"10978","712","7441","exist_in"
"10979","1802","7441","exist_in"
"10980","1813","7441","exist_in"
"10981","1951","7441","exist_in"
"10982","396","7444","exist_in"
"10983","668","7444","exist_in"
"10984","875","7444","exist_in"
"10985","1809","7444","exist_in"
"10986","396","7445","exist_in"
"10987","712","7445","exist_in"
"10988","396","7446","exist_in"
"10989","641","7446","exist_in"
"10990","712","7446","exist_in"
"10991","1433","7446","exist_in"
"10992","964","7447","exist_in"
"10993","1214","7447","exist_in"
"10994","1537","7447","exist_in"
"10995","477","7448","exist_in"
"10996","1059","7448","exist_in"
"10997","1214","7448","exist_in"
"10998","1425","7448","exist_in"
"10999","1878","7448","exist_in"
"11000","396","7449","exist_in"
"11001","513","7449","exist_in"
"11002","1364","7449","exist_in"
"11003","1963","7449","exist_in"
"11004","1361","7450","exist_in"
"11005","1863","7450","exist_in"
"11006","1867","7450","exist_in"
"11007","1878","7450","exist_in"
"11008","1964","7450","exist_in"
"11009","353","7451","exist_in"
"11010","353","7452","exist_in"
"11011","729","7452","exist_in"
"11012","843","7452","exist_in"
"11013","901","7452","exist_in"
"11014","1136","7452","exist_in"
"11015","1361","7452","exist_in"
"11016","1883","7452","exist_in"
"11017","1955","7452","exist_in"
"11018","1281","7453","exist_in"
"11019","1819","7453","exist_in"
"11020","718","7454","exist_in"
"11021","744","7454","exist_in"
"11022","853","7454","exist_in"
"11023","941","7454","exist_in"
"11024","1609","7454","exist_in"
"11025","1651","7454","exist_in"
"11026","712","7456","exist_in"
"11027","1299","7456","exist_in"
"11028","1718","7456","exist_in"
"11029","1733","7456","exist_in"
"11030","1748","7456","exist_in"
"11031","1918","7456","exist_in"
"11032","353","7457","exist_in"
"11033","1314","7457","exist_in"
"11034","1541","7457","exist_in"
"11035","353","7458","exist_in"
"11036","1299","7458","exist_in"
"11037","1541","7458","exist_in"
"11038","1718","7458","exist_in"
"11039","1733","7458","exist_in"
"11040","1918","7458","exist_in"
"11041","687","7459","exist_in"
"11042","1299","7459","exist_in"
"11043","1970","7459","exist_in"
"11044","1124","7460","exist_in"
"11045","1954","7460","exist_in"
"11046","771","7461","exist_in"
"11047","843","7461","exist_in"
"11048","1477","7461","exist_in"
"11049","1485","7461","exist_in"
"11050","1884","7461","exist_in"
"11051","364","7463","exist_in"
"11052","438","7463","exist_in"
"11053","875","7463","exist_in"
"11054","1005","7463","exist_in"
"11055","1498","7463","exist_in"
"11056","1892","7463","exist_in"
"11057","843","7464","exist_in"
"11058","1862","7464","exist_in"
"11059","396","7465","exist_in"
"11060","712","7465","exist_in"
"11061","1352","7465","exist_in"
"11062","1465","7465","exist_in"
"11063","1515","7465","exist_in"
"11064","1903","7465","exist_in"
"11065","734","7467","exist_in"
"11066","734","7468","exist_in"
"11067","1441","7470","exist_in"
"11068","1590","7470","exist_in"
"11069","1149","7472","exist_in"
"11070","1198","7472","exist_in"
"11071","1451","7472","exist_in"
"11072","1491","7472","exist_in"
"11073","1927","7472","exist_in"
"11074","1938","7472","exist_in"
"11075","1491","7473","exist_in"
"11076","1938","7473","exist_in"
"11077","1491","7474","exist_in"
"11078","712","7476","exist_in"
"11079","853","7476","exist_in"
"11080","1299","7476","exist_in"
"11081","1608","7476","exist_in"
"11082","361","7477","exist_in"
"11083","1892","7477","exist_in"
"11084","771","7478","exist_in"
"11085","850","7478","exist_in"
"11086","340","7480","exist_in"
"11087","850","7480","exist_in"
"11088","962","7480","exist_in"
"11089","1821","7480","exist_in"
"11090","1892","7480","exist_in"
"11091","722","7481","exist_in"
"11092","1631","7481","exist_in"
"11093","666","7482","exist_in"
"11094","687","7482","exist_in"
"11095","771","7482","exist_in"
"11096","975","7482","exist_in"
"11097","1180","7482","exist_in"
"11098","1477","7482","exist_in"
"11099","1649","7482","exist_in"
"11100","1783","7482","exist_in"
"11101","1796","7482","exist_in"
"11102","1806","7482","exist_in"
"11103","734","7483","exist_in"
"11104","396","7484","exist_in"
"11105","400","7484","exist_in"
"11106","505","7484","exist_in"
"11107","513","7484","exist_in"
"11108","771","7484","exist_in"
"11109","1274","7484","exist_in"
"11110","1277","7484","exist_in"
"11111","1465","7484","exist_in"
"11112","1495","7484","exist_in"
"11113","1496","7484","exist_in"
"11114","1499","7484","exist_in"
"11115","1816","7484","exist_in"
"11116","843","7486","exist_in"
"11117","1892","7486","exist_in"
"11118","870","7487","exist_in"
"11119","1515","7487","exist_in"
"11120","1838","7487","exist_in"
"11121","782","7488","exist_in"
"11122","1477","7488","exist_in"
"11123","1951","7488","exist_in"
"11124","522","7489","exist_in"
"11125","712","7489","exist_in"
"11126","1465","7489","exist_in"
"11127","1479","7489","exist_in"
"11128","1788","7489","exist_in"
"11129","1465","7491","exist_in"
"11130","1557","7491","exist_in"
"11131","1125","7492","exist_in"
"11132","1703","7492","exist_in"
"11133","1731","7492","exist_in"
"11134","521","7493","exist_in"
"11135","1350","7493","exist_in"
"11136","456","7494","exist_in"
"11137","771","7494","exist_in"
"11138","831","7494","exist_in"
"11139","875","7494","exist_in"
"11140","964","7494","exist_in"
"11141","1340","7494","exist_in"
"11142","1146","7495","exist_in"
"11143","1713","7495","exist_in"
"11144","1859","7495","exist_in"
"11145","1862","7497","exist_in"
"11146","1651","7498","exist_in"
"11147","353","7499","exist_in"
"11148","387","7499","exist_in"
"11149","695","7499","exist_in"
"11150","875","7499","exist_in"
"11151","927","7499","exist_in"
"11152","1198","7499","exist_in"
"11153","1299","7499","exist_in"
"11154","1651","7499","exist_in"
"11155","1752","7499","exist_in"
"11156","1876","7499","exist_in"
"11157","1882","7499","exist_in"
"11158","396","7500","exist_in"
"11159","669","7500","exist_in"
"11160","1458","7500","exist_in"
"11161","1460","7500","exist_in"
"11162","1600","7500","exist_in"
"11163","1651","7500","exist_in"
"11164","347","7501","exist_in"
"11165","389","7501","exist_in"
"11166","1280","7501","exist_in"
"11167","1447","7501","exist_in"
"11168","1515","7501","exist_in"
"11169","1549","7501","exist_in"
"11170","391","7503","exist_in"
"11171","396","7503","exist_in"
"11172","513","7503","exist_in"
"11173","533","7503","exist_in"
"11174","712","7503","exist_in"
"11175","875","7503","exist_in"
"11176","1479","7503","exist_in"
"11177","1918","7503","exist_in"
"11178","732","7506","exist_in"
"11179","843","7506","exist_in"
"11180","1883","7506","exist_in"
"11181","724","7507","exist_in"
"11182","1464","7507","exist_in"
"11183","1516","7507","exist_in"
"11184","353","7508","exist_in"
"11185","574","7508","exist_in"
"11186","875","7508","exist_in"
"11187","1458","7508","exist_in"
"11188","1939","7508","exist_in"
"11189","1954","7508","exist_in"
"11190","396","7509","exist_in"
"11191","843","7509","exist_in"
"11192","908","7509","exist_in"
"11193","1034","7509","exist_in"
"11194","1851","7509","exist_in"
"11195","1883","7509","exist_in"
"11196","843","7510","exist_in"
"11197","1862","7510","exist_in"
"11198","513","7511","exist_in"
"11199","870","7511","exist_in"
"11200","1322","7511","exist_in"
"11201","1892","7511","exist_in"
"11202","391","7513","exist_in"
"11203","513","7513","exist_in"
"11204","712","7513","exist_in"
"11205","798","7513","exist_in"
"11206","1479","7513","exist_in"
"11207","1607","7513","exist_in"
"11208","2008","7513","exist_in"
"11209","398","7515","exist_in"
"11210","873","7515","exist_in"
"11211","1386","7515","exist_in"
"11212","1395","7515","exist_in"
"11213","1420","7515","exist_in"
"11214","1602","7515","exist_in"
"11215","1886","7515","exist_in"
"11216","843","7516","exist_in"
"11217","997","7516","exist_in"
"11218","1035","7516","exist_in"
"11219","1816","7516","exist_in"
"11220","1458","7517","exist_in"
"11221","387","7518","exist_in"
"11222","843","7518","exist_in"
"11223","882","7518","exist_in"
"11224","396","7519","exist_in"
"11225","652","7519","exist_in"
"11226","1792","7519","exist_in"
"11227","1842","7519","exist_in"
"11228","1843","7519","exist_in"
"11229","850","7521","exist_in"
"11230","964","7521","exist_in"
"11231","1659","7521","exist_in"
"11232","1921","7521","exist_in"
"11233","1924","7525","exist_in"
"11234","396","7526","exist_in"
"11235","712","7526","exist_in"
"11236","1737","7526","exist_in"
"11237","1921","7526","exist_in"
"11238","1922","7526","exist_in"
"11239","490","7527","exist_in"
"11240","1692","7527","exist_in"
"11241","381","7528","exist_in"
"11242","1234","7528","exist_in"
"11243","1976","7528","exist_in"
"11244","854","7529","exist_in"
"11245","1162","7529","exist_in"
"11246","687","7533","exist_in"
"11247","843","7533","exist_in"
"11248","943","7533","exist_in"
"11249","1567","7533","exist_in"
"11250","1892","7533","exist_in"
"11251","712","7534","exist_in"
"11252","935","7534","exist_in"
"11253","1361","7534","exist_in"
"11254","1382","7534","exist_in"
"11255","1386","7534","exist_in"
"11256","1779","7534","exist_in"
"11257","1824","7535","exist_in"
"11258","1651","7536","exist_in"
"11259","2004","7536","exist_in"
"11260","2011","7536","exist_in"
"11261","1367","7538","exist_in"
"11262","1704","7538","exist_in"
"11263","1988","7538","exist_in"
"11264","569","7539","exist_in"
"11265","843","7539","exist_in"
"11266","887","7539","exist_in"
"11267","687","7540","exist_in"
"11268","807","7540","exist_in"
"11269","807","7540","exist_in"
"11270","867","7540","exist_in"
"11271","395","7541","exist_in"
"11272","1697","7541","exist_in"
"11273","1905","7541","exist_in"
"11274","393","7543","exist_in"
"11275","396","7543","exist_in"
"11276","481","7543","exist_in"
"11277","730","7543","exist_in"
"11278","843","7543","exist_in"
"11279","1143","7543","exist_in"
"11280","336","7544","exist_in"
"11281","396","7544","exist_in"
"11282","875","7544","exist_in"
"11283","458","7546","exist_in"
"11284","843","7546","exist_in"
"11285","891","7546","exist_in"
"11286","361","7546","exist_in"
"11287","1102","7546","exist_in"
"11288","1812","7546","exist_in"
"11289","1862","7546","exist_in"
"11290","463","7547","exist_in"
"11291","856","7548","exist_in"
"11292","839","7549","exist_in"
"11293","843","7549","exist_in"
"11294","1175","7549","exist_in"
"11295","1335","7549","exist_in"
"11296","1509","7549","exist_in"
"11297","1862","7549","exist_in"
"11298","1299","7551","exist_in"
"11299","1458","7552","exist_in"
"11300","353","7554","exist_in"
"11301","396","7554","exist_in"
"11302","1564","7554","exist_in"
"11303","1257","7556","exist_in"
"11304","1421","7556","exist_in"
"11305","1685","7556","exist_in"
"11306","2013","7556","exist_in"
"11307","344","7558","exist_in"
"11308","771","7558","exist_in"
"11309","837","7558","exist_in"
"11310","1156","7558","exist_in"
"11311","1862","7558","exist_in"
"11312","843","7560","exist_in"
"11313","1528","7560","exist_in"
"11314","1798","7560","exist_in"
"11315","1800","7560","exist_in"
"11316","427","7561","exist_in"
"11317","1052","7561","exist_in"
"11318","1040","7562","exist_in"
"11319","396","7565","exist_in"
"11320","623","7565","exist_in"
"11321","396","7566","exist_in"
"11322","875","7566","exist_in"
"11323","361","7566","exist_in"
"11324","1088","7566","exist_in"
"11325","1700","7566","exist_in"
"11326","1718","7566","exist_in"
"11327","1733","7566","exist_in"
"11328","1918","7566","exist_in"
"11329","1158","7567","exist_in"
"11330","1262","7567","exist_in"
"11331","1759","7567","exist_in"
"11332","456","7568","exist_in"
"11333","875","7568","exist_in"
"11334","965","7568","exist_in"
"11335","1106","7568","exist_in"
"11336","1198","7568","exist_in"
"11337","1201","7568","exist_in"
"11338","1232","7568","exist_in"
"11339","584","7569","exist_in"
"11340","837","7569","exist_in"
"11341","1629","7569","exist_in"
"11342","1862","7569","exist_in"
"11343","875","7570","exist_in"
"11344","941","7570","exist_in"
"11345","961","7570","exist_in"
"11346","1034","7570","exist_in"
"11347","1158","7570","exist_in"
"11348","1651","7570","exist_in"
"11349","712","7571","exist_in"
"11350","843","7571","exist_in"
"11351","1315","7571","exist_in"
"11352","1361","7571","exist_in"
"11353","1853","7571","exist_in"
"11354","353","7572","exist_in"
"11355","1136","7572","exist_in"
"11356","1299","7572","exist_in"
"11357","1361","7572","exist_in"
"11358","1541","7572","exist_in"
"11359","1718","7572","exist_in"
"11360","1733","7572","exist_in"
"11361","1918","7572","exist_in"
"11362","396","7573","exist_in"
"11363","712","7573","exist_in"
"11364","875","7573","exist_in"
"11365","1361","7573","exist_in"
"11366","1457","7573","exist_in"
"11367","1543","7573","exist_in"
"11368","1630","7573","exist_in"
"11369","1719","7573","exist_in"
"11370","1901","7573","exist_in"
"11371","2016","7573","exist_in"
"11372","712","7574","exist_in"
"11373","1361","7574","exist_in"
"11374","1549","7574","exist_in"
"11375","1833","7574","exist_in"
"11376","419","7575","exist_in"
"11377","678","7575","exist_in"
"11378","692","7575","exist_in"
"11379","1788","7575","exist_in"
"11380","342","7576","exist_in"
"11381","687","7576","exist_in"
"11382","843","7576","exist_in"
"11383","687","7577","exist_in"
"11384","843","7577","exist_in"
"11385","843","7578","exist_in"
"11386","1027","7578","exist_in"
"11387","1862","7578","exist_in"
"11388","353","7579","exist_in"
"11389","1299","7579","exist_in"
"11390","353","7581","exist_in"
"11391","1166","7581","exist_in"
"11392","1421","7582","exist_in"
"11393","1442","7583","exist_in"
"11394","1651","7583","exist_in"
"11395","1685","7583","exist_in"
"11396","1798","7583","exist_in"
"11397","1349","7584","exist_in"
"11398","1589","7584","exist_in"
"11399","1921","7584","exist_in"
"11400","1862","7585","exist_in"
"11401","1967","7585","exist_in"
"11402","1969","7585","exist_in"
"11403","396","7587","exist_in"
"11404","687","7587","exist_in"
"11405","712","7587","exist_in"
"11406","931","7587","exist_in"
"11407","1553","7587","exist_in"
"11408","1801","7587","exist_in"
"11409","1134","7588","exist_in"
"11410","1220","7588","exist_in"
"11411","1923","7588","exist_in"
"11412","690","7589","exist_in"
"11413","929","7589","exist_in"
"11414","1788","7589","exist_in"
"11415","1921","7589","exist_in"
"11416","964","7590","exist_in"
"11417","1034","7590","exist_in"
"11418","1441","7590","exist_in"
"11419","1865","7590","exist_in"
"11420","1994","7590","exist_in"
"11421","494","7591","exist_in"
"11422","1628","7591","exist_in"
"11423","1826","7591","exist_in"
"11424","1837","7591","exist_in"
"11425","1844","7591","exist_in"
"11426","1901","7591","exist_in"
"11427","1902","7591","exist_in"
"11428","396","7592","exist_in"
"11429","843","7592","exist_in"
"11430","1951","7592","exist_in"
"11431","644","7594","exist_in"
"11432","825","7595","exist_in"
"11433","1178","7595","exist_in"
"11434","712","7596","exist_in"
"11435","1361","7596","exist_in"
"11436","1607","7596","exist_in"
"11437","822","7597","exist_in"
"11438","896","7598","exist_in"
"11439","1009","7598","exist_in"
"11440","1025","7598","exist_in"
"11441","1777","7598","exist_in"
"11442","1862","7598","exist_in"
"11443","396","7601","exist_in"
"11444","513","7601","exist_in"
"11445","712","7601","exist_in"
"11446","1299","7601","exist_in"
"11447","1788","7601","exist_in"
"11448","1818","7601","exist_in"
"11449","1829","7601","exist_in"
"11450","1918","7601","exist_in"
"11451","478","7603","exist_in"
"11452","460","7605","exist_in"
"11453","1198","7605","exist_in"
"11454","1361","7605","exist_in"
"11455","1813","7605","exist_in"
"11456","1199","7606","exist_in"
"11457","396","7607","exist_in"
"11458","1458","7607","exist_in"
"11459","1864","7607","exist_in"
"11460","843","7608","exist_in"
"11461","1651","7608","exist_in"
"11462","1816","7608","exist_in"
"11463","1862","7608","exist_in"
"11464","822","7609","exist_in"
"11465","396","7610","exist_in"
"11466","1388","7610","exist_in"
"11467","1389","7610","exist_in"
"11468","1464","7610","exist_in"
"11469","1485","7610","exist_in"
"11470","1651","7610","exist_in"
"11471","396","7611","exist_in"
"11472","964","7611","exist_in"
"11473","1388","7611","exist_in"
"11474","1389","7611","exist_in"
"11475","1464","7611","exist_in"
"11476","1651","7611","exist_in"
"11477","491","7612","exist_in"
"11478","646","7612","exist_in"
"11479","712","7612","exist_in"
"11480","1462","7612","exist_in"
"11481","667","7613","exist_in"
"11482","945","7613","exist_in"
"11483","378","7614","exist_in"
"11484","875","7614","exist_in"
"11485","1918","7614","exist_in"
"11486","396","7615","exist_in"
"11487","513","7615","exist_in"
"11488","1130","7615","exist_in"
"11489","1482","7615","exist_in"
"11490","1651","7615","exist_in"
"11491","1918","7615","exist_in"
"11492","396","7616","exist_in"
"11493","518","7616","exist_in"
"11494","519","7616","exist_in"
"11495","407","7618","exist_in"
"11496","429","7618","exist_in"
"11497","699","7618","exist_in"
"11498","712","7618","exist_in"
"11499","937","7618","exist_in"
"11500","952","7618","exist_in"
"11501","1187","7618","exist_in"
"11502","1532","7618","exist_in"
"11503","1766","7618","exist_in"
"11504","1834","7618","exist_in"
"11505","1938","7618","exist_in"
"11506","2006","7618","exist_in"
"11507","2026","7618","exist_in"
"11508","1174","7619","exist_in"
"11509","1224","7619","exist_in"
"11510","1845","7619","exist_in"
"11511","1470","7621","exist_in"
"11512","726","7622","exist_in"
"11513","998","7622","exist_in"
"11514","535","7624","exist_in"
"11515","1470","7624","exist_in"
"11516","1546","7624","exist_in"
"11517","1765","7624","exist_in"
"11518","1933","7624","exist_in"
"11519","734","7629","exist_in"
"11520","843","7629","exist_in"
"11521","1034","7629","exist_in"
"11522","1862","7629","exist_in"
"11523","446","7630","exist_in"
"11524","488","7630","exist_in"
"11525","687","7630","exist_in"
"11526","1206","7630","exist_in"
"11527","714","7631","exist_in"
"11528","843","7631","exist_in"
"11529","1883","7631","exist_in"
"11530","396","7635","exist_in"
"11531","513","7635","exist_in"
"11532","712","7635","exist_in"
"11533","1299","7635","exist_in"
"11534","1300","7635","exist_in"
"11535","1557","7635","exist_in"
"11536","1914","7635","exist_in"
"11537","720","7636","exist_in"
"11538","727","7636","exist_in"
"11539","1469","7636","exist_in"
"11540","1631","7636","exist_in"
"11541","1977","7636","exist_in"
"11542","1992","7636","exist_in"
"11543","370","7637","exist_in"
"11544","964","7637","exist_in"
"11545","1470","7637","exist_in"
"11546","1470","7638","exist_in"
"11547","941","7639","exist_in"
"11548","1469","7639","exist_in"
"11549","353","7640","exist_in"
"11550","640","7640","exist_in"
"11551","1831","7640","exist_in"
"11552","1916","7640","exist_in"
"11553","712","7641","exist_in"
"11554","850","7641","exist_in"
"11555","1038","7641","exist_in"
"11556","1060","7641","exist_in"
"11557","1470","7641","exist_in"
"11558","701","7642","exist_in"
"11559","843","7642","exist_in"
"11560","1005","7642","exist_in"
"11561","1232","7642","exist_in"
"11562","1862","7642","exist_in"
"11563","843","7643","exist_in"
"11564","719","7644","exist_in"
"11565","941","7644","exist_in"
"11566","964","7644","exist_in"
"11567","1145","7644","exist_in"
"11568","847","7645","exist_in"
"11569","1470","7645","exist_in"
"11570","1816","7645","exist_in"
"11571","511","7647","exist_in"
"11572","795","7647","exist_in"
"11573","1470","7647","exist_in"
"11574","1988","7647","exist_in"
"11575","513","7648","exist_in"
"11576","712","7648","exist_in"
"11577","725","7648","exist_in"
"11578","1533","7648","exist_in"
"11579","1631","7648","exist_in"
"11580","1863","7648","exist_in"
"11581","1878","7648","exist_in"
"11582","945","7649","exist_in"
"11583","1989","7649","exist_in"
"11584","726","7652","exist_in"
"11585","1615","7652","exist_in"
"11586","1631","7652","exist_in"
"11587","499","7654","exist_in"
"11588","687","7654","exist_in"
"11589","843","7654","exist_in"
"11590","1355","7654","exist_in"
"11591","1567","7654","exist_in"
"11592","1982","7654","exist_in"
"11593","368","7655","exist_in"
"11594","609","7655","exist_in"
"11595","733","7655","exist_in"
"11596","858","7655","exist_in"
"11597","917","7655","exist_in"
"11598","955","7655","exist_in"
"11599","1299","7655","exist_in"
"11600","1550","7655","exist_in"
"11601","1672","7655","exist_in"
"11602","1875","7655","exist_in"
"11603","353","7656","exist_in"
"11604","396","7656","exist_in"
"11605","513","7656","exist_in"
"11606","1299","7656","exist_in"
"11607","353","7657","exist_in"
"11608","396","7657","exist_in"
"11609","1299","7657","exist_in"
"11610","1303","7657","exist_in"
"11611","771","7658","exist_in"
"11612","925","7658","exist_in"
"11613","396","7660","exist_in"
"11614","712","7660","exist_in"
"11615","1232","7660","exist_in"
"11616","1816","7660","exist_in"
"11617","396","7661","exist_in"
"11618","712","7661","exist_in"
"11619","1564","7661","exist_in"
"11620","875","7663","exist_in"
"11621","1386","7663","exist_in"
"11622","1951","7663","exist_in"
"11623","687","7664","exist_in"
"11624","621","7665","exist_in"
"11625","843","7665","exist_in"
"11626","1149","7665","exist_in"
"11627","1299","7665","exist_in"
"11628","1862","7665","exist_in"
"11629","396","7666","exist_in"
"11630","712","7666","exist_in"
"11631","875","7667","exist_in"
"11632","998","7667","exist_in"
"11633","1892","7667","exist_in"
"11634","366","7668","exist_in"
"11635","396","7668","exist_in"
"11636","414","7668","exist_in"
"11637","638","7668","exist_in"
"11638","863","7668","exist_in"
"11639","1198","7668","exist_in"
"11640","396","7669","exist_in"
"11641","712","7669","exist_in"
"11642","396","7671","exist_in"
"11643","676","7671","exist_in"
"11644","712","7671","exist_in"
"11645","771","7671","exist_in"
"11646","1718","7671","exist_in"
"11647","1918","7671","exist_in"
"11648","1816","7673","exist_in"
"11649","515","7674","exist_in"
"11650","712","7674","exist_in"
"11651","1386","7674","exist_in"
"11652","1399","7674","exist_in"
"11653","396","7677","exist_in"
"11654","513","7677","exist_in"
"11655","712","7677","exist_in"
"11656","729","7679","exist_in"
"11657","1560","7679","exist_in"
"11658","1872","7679","exist_in"
"11659","687","7680","exist_in"
"11660","800","7680","exist_in"
"11661","837","7680","exist_in"
"11662","962","7680","exist_in"
"11663","998","7680","exist_in"
"11664","1232","7680","exist_in"
"11665","1651","7680","exist_in"
"11666","1862","7680","exist_in"
"11667","897","7681","exist_in"
"11668","1612","7682","exist_in"
"11669","1691","7682","exist_in"
"11670","1951","7682","exist_in"
"11671","396","7683","exist_in"
"11672","794","7683","exist_in"
"11673","1299","7683","exist_in"
"11674","1458","7683","exist_in"
"11675","1700","7683","exist_in"
"11676","1819","7683","exist_in"
"11677","1824","7683","exist_in"
"11678","353","7684","exist_in"
"11679","396","7685","exist_in"
"11680","1361","7685","exist_in"
"11681","513","7686","exist_in"
"11682","712","7686","exist_in"
"11683","1045","7687","exist_in"
"11684","1407","7687","exist_in"
"11685","1432","7687","exist_in"
"11686","1478","7687","exist_in"
"11687","1698","7687","exist_in"
"11688","712","7688","exist_in"
"11689","736","7688","exist_in"
"11690","1564","7688","exist_in"
"11691","513","7689","exist_in"
"11692","631","7689","exist_in"
"11693","771","7689","exist_in"
"11694","1299","7689","exist_in"
"11695","1303","7689","exist_in"
"11696","1736","7689","exist_in"
"11697","562","7690","exist_in"
"11698","811","7690","exist_in"
"11699","1069","7690","exist_in"
"11700","1087","7690","exist_in"
"11701","788","7691","exist_in"
"11702","1339","7691","exist_in"
"11703","1892","7691","exist_in"
"11704","396","7693","exist_in"
"11705","1334","7693","exist_in"
"11706","1515","7693","exist_in"
"11707","1735","7693","exist_in"
"11708","734","7694","exist_in"
"11709","843","7694","exist_in"
"11710","1034","7694","exist_in"
"11711","1198","7694","exist_in"
"11712","1883","7694","exist_in"
"11713","396","7695","exist_in"
"11714","712","7695","exist_in"
"11715","457","7696","exist_in"
"11716","853","7696","exist_in"
"11717","871","7696","exist_in"
"11718","1871","7696","exist_in"
"11719","396","7697","exist_in"
"11720","734","7697","exist_in"
"11721","1299","7697","exist_in"
"11722","1813","7697","exist_in"
"11723","353","7698","exist_in"
"11724","396","7698","exist_in"
"11725","1361","7698","exist_in"
"11726","396","7703","exist_in"
"11727","712","7703","exist_in"
"11728","852","7703","exist_in"
"11729","875","7703","exist_in"
"11730","1084","7703","exist_in"
"11731","998","7704","exist_in"
"11732","687","7705","exist_in"
"11733","875","7705","exist_in"
"11734","1299","7705","exist_in"
"11735","513","7706","exist_in"
"11736","712","7706","exist_in"
"11737","1651","7706","exist_in"
"11738","766","7707","exist_in"
"11739","1410","7707","exist_in"
"11740","771","7709","exist_in"
"11741","875","7709","exist_in"
"11742","1198","7709","exist_in"
"11743","1477","7709","exist_in"
"11744","1431","7711","exist_in"
"11745","452","7712","exist_in"
"11746","800","7712","exist_in"
"11747","875","7712","exist_in"
"11748","1299","7712","exist_in"
"11749","1816","7712","exist_in"
"11750","353","7713","exist_in"
"11751","396","7713","exist_in"
"11752","875","7713","exist_in"
"11753","1144","7713","exist_in"
"11754","1190","7713","exist_in"
"11755","1918","7713","exist_in"
"11756","1946","7713","exist_in"
"11757","964","7715","exist_in"
"11758","396","7716","exist_in"
"11759","712","7716","exist_in"
"11760","712","7719","exist_in"
"11761","1299","7719","exist_in"
"11762","1640","7719","exist_in"
"11763","510","7722","exist_in"
"11764","396","7723","exist_in"
"11765","712","7723","exist_in"
"11766","843","7723","exist_in"
"11767","910","7723","exist_in"
"11768","1089","7723","exist_in"
"11769","1485","7723","exist_in"
"11770","463","7724","exist_in"
"11771","1501","7724","exist_in"
"11772","396","7725","exist_in"
"11773","687","7725","exist_in"
"11774","969","7725","exist_in"
"11775","1085","7725","exist_in"
"11776","1549","7725","exist_in"
"11777","1762","7725","exist_in"
"11778","1817","7725","exist_in"
"11779","392","7726","exist_in"
"11780","440","7726","exist_in"
"11781","1302","7726","exist_in"
"11782","1472","7726","exist_in"
"11783","431","7727","exist_in"
"11784","432","7727","exist_in"
"11785","1149","7727","exist_in"
"11786","1299","7727","exist_in"
"11787","1459","7727","exist_in"
"11788","353","7728","exist_in"
"11789","1158","7728","exist_in"
"11790","1477","7728","exist_in"
"11791","353","7729","exist_in"
"11792","396","7729","exist_in"
"11793","422","7729","exist_in"
"11794","645","7729","exist_in"
"11795","870","7729","exist_in"
"11796","1718","7729","exist_in"
"11797","1914","7729","exist_in"
"11798","1918","7729","exist_in"
"11799","734","7731","exist_in"
"11800","437","7733","exist_in"
"11801","712","7733","exist_in"
"11802","687","7734","exist_in"
"11803","735","7734","exist_in"
"11804","875","7734","exist_in"
"11805","361","7734","exist_in"
"11806","1892","7734","exist_in"
"11807","491","7737","exist_in"
"11808","621","7737","exist_in"
"11809","624","7737","exist_in"
"11810","627","7737","exist_in"
"11811","353","7738","exist_in"
"11812","771","7739","exist_in"
"11813","1741","7739","exist_in"
"11814","1892","7739","exist_in"
"11815","396","7740","exist_in"
"11816","541","7740","exist_in"
"11817","572","7740","exist_in"
"11818","771","7740","exist_in"
"11819","1204","7740","exist_in"
"11820","1241","7740","exist_in"
"11821","1279","7740","exist_in"
"11822","1282","7740","exist_in"
"11823","1498","7740","exist_in"
"11824","1573","7740","exist_in"
"11825","1746","7740","exist_in"
"11826","712","7742","exist_in"
"11827","808","7742","exist_in"
"11828","1875","7742","exist_in"
"11829","687","7743","exist_in"
"11830","396","7744","exist_in"
"11831","617","7744","exist_in"
"11832","712","7744","exist_in"
"11833","396","7745","exist_in"
"11834","513","7745","exist_in"
"11835","701","7745","exist_in"
"11836","734","7745","exist_in"
"11837","870","7745","exist_in"
"11838","998","7745","exist_in"
"11839","361","7745","exist_in"
"11840","1239","7745","exist_in"
"11841","1289","7745","exist_in"
"11842","1299","7745","exist_in"
"11843","1441","7745","exist_in"
"11844","1825","7745","exist_in"
"11845","1892","7745","exist_in"
"11846","1918","7745","exist_in"
"11847","2013","7745","exist_in"
"11848","1216","7747","exist_in"
"11849","1421","7747","exist_in"
"11850","712","7749","exist_in"
"11851","1121","7749","exist_in"
"11852","843","7750","exist_in"
"11853","1862","7750","exist_in"
"11854","1885","7751","exist_in"
"11855","1957","7751","exist_in"
"11856","1980","7751","exist_in"
"11857","396","7752","exist_in"
"11858","547","7752","exist_in"
"11859","753","7752","exist_in"
"11860","826","7752","exist_in"
"11861","873","7752","exist_in"
"11862","1446","7752","exist_in"
"11863","1458","7752","exist_in"
"11864","712","7753","exist_in"
"11865","1607","7753","exist_in"
"11866","1718","7753","exist_in"
"11867","1918","7753","exist_in"
"11868","712","7755","exist_in"
"11869","728","7755","exist_in"
"11870","864","7755","exist_in"
"11871","875","7755","exist_in"
"11872","964","7756","exist_in"
"11873","1651","7756","exist_in"
"11874","822","7757","exist_in"
"11875","1119","7757","exist_in"
"11876","396","7758","exist_in"
"11877","964","7758","exist_in"
"11878","1149","7758","exist_in"
"11879","1198","7758","exist_in"
"11880","1458","7758","exist_in"
"11881","1691","7758","exist_in"
"11882","1198","7760","exist_in"
"11883","1295","7760","exist_in"
"11884","1298","7760","exist_in"
"11885","1300","7760","exist_in"
"11886","1306","7760","exist_in"
"11887","1309","7760","exist_in"
"11888","1489","7760","exist_in"
"11889","1530","7760","exist_in"
"11890","1652","7760","exist_in"
"11891","687","7761","exist_in"
"11892","712","7761","exist_in"
"11893","875","7761","exist_in"
"11894","1193","7761","exist_in"
"11895","1651","7761","exist_in"
"11896","1718","7761","exist_in"
"11897","1867","7761","exist_in"
"11898","1918","7761","exist_in"
"11899","712","7762","exist_in"
"11900","843","7762","exist_in"
"11901","1489","7762","exist_in"
"11902","1493","7762","exist_in"
"11903","1651","7762","exist_in"
"11904","1727","7762","exist_in"
"11905","1744","7762","exist_in"
"11906","1862","7762","exist_in"
"11907","712","7763","exist_in"
"11908","664","7764","exist_in"
"11909","665","7764","exist_in"
"11910","712","7764","exist_in"
"11911","875","7764","exist_in"
"11912","1136","7764","exist_in"
"11913","1613","7764","exist_in"
"11914","1651","7764","exist_in"
"11915","712","7765","exist_in"
"11916","1607","7765","exist_in"
"11917","1718","7765","exist_in"
"11918","1918","7765","exist_in"
"11919","471","7766","exist_in"
"11920","1688","7766","exist_in"
"11921","1700","7766","exist_in"
"11922","387","7767","exist_in"
"11923","1333","7767","exist_in"
"11924","396","7768","exist_in"
"11925","658","7768","exist_in"
"11926","712","7768","exist_in"
"11927","1299","7768","exist_in"
"11928","1718","7768","exist_in"
"11929","1733","7768","exist_in"
"11930","1918","7768","exist_in"
"11931","1099","7769","exist_in"
"11932","712","7770","exist_in"
"11933","362","7771","exist_in"
"11934","456","7771","exist_in"
"11935","513","7771","exist_in"
"11936","1340","7771","exist_in"
"11937","1388","7771","exist_in"
"11938","1485","7771","exist_in"
"11939","1646","7771","exist_in"
"11940","1741","7771","exist_in"
"11941","1918","7771","exist_in"
"11942","353","7772","exist_in"
"11943","396","7772","exist_in"
"11944","713","7772","exist_in"
"11945","1630","7772","exist_in"
"11946","1858","7772","exist_in"
"11947","806","7773","exist_in"
"11948","361","7773","exist_in"
"11949","1892","7773","exist_in"
"11950","687","7774","exist_in"
"11951","963","7774","exist_in"
"11952","960","7775","exist_in"
"11953","973","7775","exist_in"
"11954","1253","7775","exist_in"
"11955","1152","7778","exist_in"
"11956","396","7779","exist_in"
"11957","1651","7779","exist_in"
"11958","968","7780","exist_in"
"11959","1918","7780","exist_in"
"11960","342","7781","exist_in"
"11961","687","7781","exist_in"
"11962","771","7781","exist_in"
"11963","907","7781","exist_in"
"11964","353","7782","exist_in"
"11965","396","7782","exist_in"
"11966","587","7782","exist_in"
"11967","1299","7782","exist_in"
"11968","1345","7782","exist_in"
"11969","1866","7782","exist_in"
"11970","1868","7782","exist_in"
"11971","1763","7784","exist_in"
"11972","642","7785","exist_in"
"11973","712","7785","exist_in"
"11974","1299","7785","exist_in"
"11975","1918","7785","exist_in"
"11976","353","7786","exist_in"
"11977","396","7786","exist_in"
"11978","568","7786","exist_in"
"11979","1136","7786","exist_in"
"11980","1299","7786","exist_in"
"11981","1305","7786","exist_in"
"11982","1541","7786","exist_in"
"11983","1651","7786","exist_in"
"11984","1718","7786","exist_in"
"11985","396","7787","exist_in"
"11986","513","7787","exist_in"
"11987","712","7787","exist_in"
"11988","342","7788","exist_in"
"11989","687","7788","exist_in"
"11990","771","7788","exist_in"
"11991","779","7788","exist_in"
"11992","482","7789","exist_in"
"11993","1172","7790","exist_in"
"11994","1190","7790","exist_in"
"11995","1718","7790","exist_in"
"11996","1918","7790","exist_in"
"11997","643","7792","exist_in"
"11998","859","7792","exist_in"
"11999","1479","7792","exist_in"
"12000","1477","7792","exist_in"
"12001","1485","7792","exist_in"
"12002","396","7794","exist_in"
"12003","712","7794","exist_in"
"12004","1299","7794","exist_in"
"12005","1480","7794","exist_in"
"12006","1299","7795","exist_in"
"12007","487","7796","exist_in"
"12008","1056","7796","exist_in"
"12009","1212","7796","exist_in"
"12010","1604","7796","exist_in"
"12011","1631","7796","exist_in"
"12012","942","7797","exist_in"
"12013","1023","7797","exist_in"
"12014","1048","7797","exist_in"
"12015","396","7798","exist_in"
"12016","1312","7798","exist_in"
"12017","1477","7798","exist_in"
"12018","1738","7798","exist_in"
"12019","396","7799","exist_in"
"12020","712","7799","exist_in"
"12021","1117","7799","exist_in"
"12022","1663","7799","exist_in"
"12023","1751","7799","exist_in"
"12024","353","7801","exist_in"
"12025","396","7801","exist_in"
"12026","575","7806","exist_in"
"12027","712","7806","exist_in"
"12028","961","7806","exist_in"
"12029","1089","7806","exist_in"
"12030","1980","7806","exist_in"
"12031","2010","7806","exist_in"
"12032","812","7807","exist_in"
"12033","850","7807","exist_in"
"12034","915","7807","exist_in"
"12035","964","7807","exist_in"
"12036","1512","7807","exist_in"
"12037","1813","7807","exist_in"
"12038","1892","7807","exist_in"
"12039","353","7808","exist_in"
"12040","396","7808","exist_in"
"12041","1136","7808","exist_in"
"12042","1299","7808","exist_in"
"12043","1541","7808","exist_in"
"12044","1718","7808","exist_in"
"12045","1733","7808","exist_in"
"12046","1918","7808","exist_in"
"12047","396","7809","exist_in"
"12048","712","7809","exist_in"
"12049","716","7809","exist_in"
"12050","1296","7809","exist_in"
"12051","1299","7809","exist_in"
"12052","1631","7809","exist_in"
"12053","1875","7809","exist_in"
"12054","734","7811","exist_in"
"12055","800","7811","exist_in"
"12056","1651","7811","exist_in"
"12057","1855","7811","exist_in"
"12058","1892","7811","exist_in"
"12059","1666","7812","exist_in"
"12060","1668","7812","exist_in"
"12061","1855","7812","exist_in"
"12062","1856","7812","exist_in"
"12063","1857","7812","exist_in"
"12064","1867","7812","exist_in"
"12065","1878","7812","exist_in"
"12066","1892","7812","exist_in"
"12067","513","7813","exist_in"
"12068","1666","7813","exist_in"
"12069","1668","7813","exist_in"
"12070","1855","7813","exist_in"
"12071","1856","7813","exist_in"
"12072","1857","7813","exist_in"
"12073","1892","7813","exist_in"
"12074","397","7814","exist_in"
"12075","800","7814","exist_in"
"12076","870","7814","exist_in"
"12077","1651","7814","exist_in"
"12078","1755","7814","exist_in"
"12079","1862","7814","exist_in"
"12080","396","7815","exist_in"
"12081","516","7815","exist_in"
"12082","800","7815","exist_in"
"12083","843","7815","exist_in"
"12084","1856","7815","exist_in"
"12085","1862","7815","exist_in"
"12086","800","7325","exist_in"
"12087","800","7816","exist_in"
"12088","1046","7325","exist_in"
"12089","1046","7816","exist_in"
"12090","1651","7325","exist_in"
"12091","1651","7816","exist_in"
"12092","1895","7325","exist_in"
"12093","1895","7816","exist_in"
"12094","875","7817","exist_in"
"12095","998","7817","exist_in"
"12096","361","7817","exist_in"
"12097","1892","7817","exist_in"
"12098","1951","7817","exist_in"
"12099","761","7818","exist_in"
"12100","904","7818","exist_in"
"12101","1421","7818","exist_in"
"12102","1892","7818","exist_in"
"12103","353","7820","exist_in"
"12104","1299","7820","exist_in"
"12105","822","7822","exist_in"
"12106","396","7826","exist_in"
"12107","513","7826","exist_in"
"12108","800","7826","exist_in"
"12109","1651","7826","exist_in"
"12110","1892","7826","exist_in"
"12111","801","7827","exist_in"
"12112","1084","7827","exist_in"
"12113","1654","7827","exist_in"
"12114","1892","7827","exist_in"
"12115","800","7828","exist_in"
"12116","875","7828","exist_in"
"12117","1651","7828","exist_in"
"12118","1892","7828","exist_in"
"12119","870","7830","exist_in"
"12120","998","7830","exist_in"
"12121","1503","7830","exist_in"
"12122","1631","7830","exist_in"
"12123","729","7831","exist_in"
"12124","843","7831","exist_in"
"12125","1000","7831","exist_in"
"12126","1232","7831","exist_in"
"12127","1284","7831","exist_in"
"12128","1389","7831","exist_in"
"12129","1394","7831","exist_in"
"12130","422","7832","exist_in"
"12131","630","7832","exist_in"
"12132","712","7832","exist_in"
"12133","1299","7832","exist_in"
"12134","1361","7832","exist_in"
"12135","1360","7833","exist_in"
"12136","396","7834","exist_in"
"12137","536","7834","exist_in"
"12138","712","7834","exist_in"
"12139","870","7834","exist_in"
"12140","1159","7834","exist_in"
"12141","1299","7834","exist_in"
"12142","1880","7834","exist_in"
"12143","1892","7834","exist_in"
"12144","687","7835","exist_in"
"12145","771","7835","exist_in"
"12146","1959","7835","exist_in"
"12147","734","7836","exist_in"
"12148","857","7836","exist_in"
"12149","1005","7836","exist_in"
"12150","1895","7836","exist_in"
"12151","1915","7836","exist_in"
"12152","712","7839","exist_in"
"12153","463","7840","exist_in"
"12154","857","7840","exist_in"
"12155","888","7840","exist_in"
"12156","1867","7843","exist_in"
"12157","388","7844","exist_in"
"12158","470","7844","exist_in"
"12159","1237","7844","exist_in"
"12160","1412","7844","exist_in"
"12161","1428","7844","exist_in"
"12162","1771","7844","exist_in"
"12163","1955","7844","exist_in"
"12164","353","7848","exist_in"
"12165","369","7848","exist_in"
"12166","396","7848","exist_in"
"12167","463","7848","exist_in"
"12168","875","7848","exist_in"
"12169","1465","7848","exist_in"
"12170","1619","7848","exist_in"
"12171","396","7849","exist_in"
"12172","712","7849","exist_in"
"12173","1129","7849","exist_in"
"12174","1299","7849","exist_in"
"12175","1541","7849","exist_in"
"12176","1651","7849","exist_in"
"12177","1718","7849","exist_in"
"12178","1733","7849","exist_in"
"12179","1918","7849","exist_in"
"12180","702","7850","exist_in"
"12181","870","7850","exist_in"
"12182","998","7850","exist_in"
"12183","1234","7850","exist_in"
"12184","1891","7850","exist_in"
"12185","853","7853","exist_in"
"12186","1757","7853","exist_in"
"12187","396","7854","exist_in"
"12188","702","7854","exist_in"
"12189","843","7854","exist_in"
"12190","1126","7854","exist_in"
"12191","1299","7854","exist_in"
"12192","1828","7854","exist_in"
"12193","687","7855","exist_in"
"12194","843","7855","exist_in"
"12195","1089","7855","exist_in"
"12196","1158","7855","exist_in"
"12197","1884","7855","exist_in"
"12198","2013","7855","exist_in"
"12199","2014","7855","exist_in"
"12200","396","7856","exist_in"
"12201","712","7856","exist_in"
"12202","734","7856","exist_in"
"12203","353","7857","exist_in"
"12204","1631","7857","exist_in"
"12205","353","7858","exist_in"
"12206","771","7858","exist_in"
"12207","956","7858","exist_in"
"12208","967","7858","exist_in"
"12209","1164","7858","exist_in"
"12210","1361","7858","exist_in"
"12211","1389","7858","exist_in"
"12212","1485","7858","exist_in"
"12213","1624","7858","exist_in"
"12214","1741","7858","exist_in"
"12215","956","7859","exist_in"
"12216","967","7859","exist_in"
"12217","1034","7859","exist_in"
"12218","1861","7859","exist_in"
"12219","1887","7859","exist_in"
"12220","856","7862","exist_in"
"12221","712","7864","exist_in"
"12222","853","7865","exist_in"
"12223","1036","7865","exist_in"
"12224","1892","7865","exist_in"
"12225","726","7866","exist_in"
"12226","857","7866","exist_in"
"12227","1631","7866","exist_in"
"12228","735","7867","exist_in"
"12229","737","7867","exist_in"
"12230","825","7867","exist_in"
"12231","843","7867","exist_in"
"12232","1034","7867","exist_in"
"12233","1410","7867","exist_in"
"12234","1862","7867","exist_in"
"12235","843","7868","exist_in"
"12236","353","7869","exist_in"
"12237","513","7869","exist_in"
"12238","1147","7869","exist_in"
"12239","1840","7869","exist_in"
"12240","712","7871","exist_in"
"12241","808","7871","exist_in"
"12242","870","7871","exist_in"
"12243","922","7871","exist_in"
"12244","1608","7871","exist_in"
"12245","411","7872","exist_in"
"12246","412","7872","exist_in"
"12247","413","7872","exist_in"
"12248","428","7872","exist_in"
"12249","1114","7872","exist_in"
"12250","1192","7872","exist_in"
"12251","1194","7872","exist_in"
"12252","1196","7872","exist_in"
"12253","1197","7872","exist_in"
"12254","491","7874","exist_in"
"12255","1393","7874","exist_in"
"12256","1833","7874","exist_in"
"12257","1873","7874","exist_in"
"12258","1249","7876","exist_in"
"12259","497","7877","exist_in"
"12260","1959","7877","exist_in"
"12261","553","7878","exist_in"
"12262","2024","7878","exist_in"
"12263","396","7879","exist_in"
"12264","668","7879","exist_in"
"12265","1332","7879","exist_in"
"12266","1458","7879","exist_in"
"12267","1718","7879","exist_in"
"12268","1918","7879","exist_in"
"12269","363","7880","exist_in"
"12270","441","7880","exist_in"
"12271","687","7881","exist_in"
"12272","1985","7881","exist_in"
"12273","396","7882","exist_in"
"12274","639","7882","exist_in"
"12275","875","7882","exist_in"
"12276","1198","7882","exist_in"
"12277","1332","7882","exist_in"
"12278","1458","7882","exist_in"
"12279","1651","7882","exist_in"
"12280","1740","7886","exist_in"
"12281","687","7887","exist_in"
"12282","734","7889","exist_in"
"12283","472","7891","exist_in"
"12284","534","7891","exist_in"
"12285","687","7891","exist_in"
"12286","1071","7891","exist_in"
"12287","1361","7891","exist_in"
"12288","1815","7891","exist_in"
"12289","1944","7891","exist_in"
"12290","1963","7891","exist_in"
"12291","1978","7891","exist_in"
"12292","945","7893","exist_in"
"12293","1055","7893","exist_in"
"12294","1361","7893","exist_in"
"12295","800","7894","exist_in"
"12296","1691","7894","exist_in"
"12297","945","7895","exist_in"
"12298","1410","7895","exist_in"
"12299","1430","7895","exist_in"
"12300","1410","7896","exist_in"
"12301","1584","7897","exist_in"
"12302","1723","7897","exist_in"
"12303","982","7899","exist_in"
"12304","1034","7899","exist_in"
"12305","1063","7899","exist_in"
"12306","1936","7899","exist_in"
"12307","1987","7899","exist_in"
"12308","353","7900","exist_in"
"12309","1299","7900","exist_in"
"12310","1541","7900","exist_in"
"12311","948","7901","exist_in"
"12312","1734","7901","exist_in"
"12313","1157","7902","exist_in"
"12314","1756","7902","exist_in"
"12315","735","7903","exist_in"
"12316","847","7903","exist_in"
"12317","1301","7903","exist_in"
"12318","1521","7903","exist_in"
"12319","1651","7903","exist_in"
"12320","1705","7903","exist_in"
"12321","1797","7903","exist_in"
"12322","712","7906","exist_in"
"12323","1998","7906","exist_in"
"12324","1430","7907","exist_in"
"12325","1651","7907","exist_in"
"12326","908","7908","exist_in"
"12327","962","7910","exist_in"
"12328","1416","7910","exist_in"
"12329","1930","7910","exist_in"
"12330","1987","7910","exist_in"
"12331","687","7912","exist_in"
"12332","1548","7912","exist_in"
"12333","1549","7912","exist_in"
"12334","1611","7912","exist_in"
"12335","734","7913","exist_in"
"12336","850","7914","exist_in"
"12337","1651","7914","exist_in"
"12338","464","7917","exist_in"
"12339","907","7917","exist_in"
"12340","1715","7917","exist_in"
"12341","1361","7919","exist_in"
"12342","1674","7919","exist_in"
"12343","1981","7919","exist_in"
"12344","540","7920","exist_in"
"12345","1657","7920","exist_in"
"12346","1728","7920","exist_in"
"12347","1865","7920","exist_in"
"12348","1651","7921","exist_in"
"12349","1981","7921","exist_in"
"12350","573","7923","exist_in"
"12351","681","7923","exist_in"
"12352","687","7923","exist_in"
"12353","998","7923","exist_in"
"12354","439","7925","exist_in"
"12355","734","7925","exist_in"
"12356","962","7925","exist_in"
"12357","1096","7925","exist_in"
"12358","815","7926","exist_in"
"12359","1661","7926","exist_in"
"12360","1664","7926","exist_in"
"12361","1162","7927","exist_in"
"12362","1158","7928","exist_in"
"12363","687","7929","exist_in"
"12364","1700","7930","exist_in"
"12365","1613","7931","exist_in"
"12366","1651","7931","exist_in"
"12367","1669","7931","exist_in"
"12368","1788","7932","exist_in"
"12369","771","7933","exist_in"
"12370","803","7933","exist_in"
"12371","875","7933","exist_in"
"12372","1498","7933","exist_in"
"12373","1361","7934","exist_in"
"12374","1987","7934","exist_in"
"12375","372","7935","exist_in"
"12376","816","7935","exist_in"
"12377","1328","7935","exist_in"
"12378","353","7936","exist_in"
"12379","660","7936","exist_in"
"12380","1361","7936","exist_in"
"12381","1606","7936","exist_in"
"12382","1608","7936","exist_in"
"12383","1616","7936","exist_in"
"12384","1676","7936","exist_in"
"12385","1690","7936","exist_in"
"12386","443","7938","exist_in"
"12387","444","7938","exist_in"
"12388","548","7938","exist_in"
"12389","1051","7938","exist_in"
"12390","1247","7938","exist_in"
"12391","1452","7938","exist_in"
"12392","1754","7938","exist_in"
"12393","591","7940","exist_in"
"12394","712","7940","exist_in"
"12395","2013","7940","exist_in"
"12396","498","7943","exist_in"
"12397","1753","7943","exist_in"
"12398","399","7944","exist_in"
"12399","514","7944","exist_in"
"12400","625","7944","exist_in"
"12401","712","7944","exist_in"
"12402","1617","7944","exist_in"
"12403","513","7946","exist_in"
"12404","687","7946","exist_in"
"12405","1414","7946","exist_in"
"12406","1690","7946","exist_in"
"12407","353","7947","exist_in"
"12408","599","7947","exist_in"
"12409","1361","7947","exist_in"
"12410","1625","7947","exist_in"
"12411","875","7949","exist_in"
"12412","361","7949","exist_in"
"12413","1633","7949","exist_in"
"12414","353","7950","exist_in"
"12415","654","7950","exist_in"
"12416","998","7950","exist_in"
"12417","1504","7950","exist_in"
"12418","1951","7950","exist_in"
"12419","1959","7950","exist_in"
"12420","661","7953","exist_in"
"12421","1076","7953","exist_in"
"12422","1299","7953","exist_in"
"12423","619","7954","exist_in"
"12424","691","7954","exist_in"
"12425","687","7954","exist_in"
"12426","846","7954","exist_in"
"12427","1361","7955","exist_in"
"12428","353","7956","exist_in"
"12429","396","7956","exist_in"
"12430","491","7956","exist_in"
"12431","1651","7957","exist_in"
"12432","1962","7957","exist_in"
"12433","353","7958","exist_in"
"12434","650","7958","exist_in"
"12435","1361","7958","exist_in"
"12436","1607","7958","exist_in"
"12437","1651","7959","exist_in"
"12438","456","7961","exist_in"
"12439","687","7961","exist_in"
"12440","862","7961","exist_in"
"12441","1559","7961","exist_in"
"12442","1608","7962","exist_in"
"12443","396","7964","exist_in"
"12444","513","7964","exist_in"
"12445","712","7964","exist_in"
"12446","1198","7964","exist_in"
"12447","1389","7964","exist_in"
"12448","1395","7964","exist_in"
"12449","1485","7964","exist_in"
"12450","1718","7964","exist_in"
"12451","1918","7964","exist_in"
"12452","1299","7965","exist_in"
"12453","1718","7965","exist_in"
"12454","1918","7965","exist_in"
"12455","396","7967","exist_in"
"12456","1084","7967","exist_in"
"12457","1156","7967","exist_in"
"12458","396","7968","exist_in"
"12459","712","7970","exist_in"
"12460","717","7970","exist_in"
"12461","850","7970","exist_in"
"12462","1392","7970","exist_in"
"12463","1472","7970","exist_in"
"12464","1485","7970","exist_in"
"12465","943","7972","exist_in"
"12466","1502","7972","exist_in"
"12467","1651","7972","exist_in"
"12468","396","7975","exist_in"
"12469","1089","7975","exist_in"
"12470","687","7976","exist_in"
"12471","734","7976","exist_in"
"12472","1477","7976","exist_in"
"12473","1781","7976","exist_in"
"12474","1816","7976","exist_in"
"12475","676","7980","exist_in"
"12476","771","7980","exist_in"
"12477","850","7980","exist_in"
"12478","1485","7980","exist_in"
"12479","1951","7980","exist_in"
"12480","687","7982","exist_in"
"12481","2013","7982","exist_in"
"12482","1270","7985","exist_in"
"12483","1278","7985","exist_in"
"12484","396","7986","exist_in"
"12485","513","7986","exist_in"
"12486","1821","7986","exist_in"
"12487","687","7989","exist_in"
"12488","396","7991","exist_in"
"12489","712","7991","exist_in"
"12490","853","7991","exist_in"
"12491","1299","7991","exist_in"
"12492","1651","7991","exist_in"
"12493","1918","7991","exist_in"
"12494","1361","7992","exist_in"
"12495","687","7993","exist_in"
"12496","992","7993","exist_in"
"12497","687","7995","exist_in"
"12498","712","7995","exist_in"
"12499","1551","7995","exist_in"
"12500","1708","7995","exist_in"
"12501","1946","7995","exist_in"
"12502","374","7997","exist_in"
"12503","377","7997","exist_in"
"12504","1065","7997","exist_in"
"12505","1545","7997","exist_in"
"12506","426","7999","exist_in"
"12507","1015","7999","exist_in"
"12508","1767","7999","exist_in"
"12509","1947","7999","exist_in"
"12510","1981","7999","exist_in"
"12511","396","8000","exist_in"
"12512","712","8000","exist_in"
"12513","1299","8000","exist_in"
"12514","1541","8000","exist_in"
"12515","1651","8000","exist_in"
"12516","1718","8000","exist_in"
"12517","1733","8000","exist_in"
"12518","1918","8000","exist_in"
"12519","1419","8001","exist_in"
"12520","759","8003","exist_in"
"12521","1425","8003","exist_in"
"12522","712","8006","exist_in"
"12523","1207","8006","exist_in"
"12524","541","8007","exist_in"
"12525","843","8007","exist_in"
"12526","687","8009","exist_in"
"12527","474","8014","exist_in"
"12528","624","8014","exist_in"
"12529","712","8014","exist_in"
"12530","837","8014","exist_in"
"12531","1093","8014","exist_in"
"12532","1250","8014","exist_in"
"12533","1251","8014","exist_in"
"12534","1862","8014","exist_in"
"12535","1929","8014","exist_in"
"12536","353","8016","exist_in"
"12537","396","8016","exist_in"
"12538","687","8016","exist_in"
"12539","1299","8016","exist_in"
"12540","1303","8016","exist_in"
"12541","843","8017","exist_in"
"12542","895","8017","exist_in"
"12543","339","8018","exist_in"
"12544","756","8018","exist_in"
"12545","875","8018","exist_in"
"12546","740","8019","exist_in"
"12547","875","8019","exist_in"
"12548","361","8019","exist_in"
"12549","1814","8019","exist_in"
"12550","1951","8019","exist_in"
"12551","571","8020","exist_in"
"12552","396","8021","exist_in"
"12553","712","8021","exist_in"
"12554","875","8021","exist_in"
"12555","1371","8021","exist_in"
"12556","687","8022","exist_in"
"12557","998","8022","exist_in"
"12558","1294","8022","exist_in"
"12559","1630","8022","exist_in"
"12560","1691","8022","exist_in"
"12561","1928","8022","exist_in"
"12562","1952","8022","exist_in"
"12563","1996","8022","exist_in"
"12564","513","8023","exist_in"
"12565","710","8023","exist_in"
"12566","1666","8023","exist_in"
"12567","2023","8023","exist_in"
"12568","2024","8023","exist_in"
"12569","525","8024","exist_in"
"12570","1143","8024","exist_in"
"12571","1835","8024","exist_in"
"12572","1839","8024","exist_in"
"12573","2019","8024","exist_in"
"12574","687","8025","exist_in"
"12575","934","8025","exist_in"
"12576","475","8026","exist_in"
"12577","353","8027","exist_in"
"12578","1718","8027","exist_in"
"12579","687","8030","exist_in"
"12580","1458","8032","exist_in"
"12581","1760","8032","exist_in"
"12582","402","8034","exist_in"
"12583","454","8034","exist_in"
"12584","548","8034","exist_in"
"12585","1592","8034","exist_in"
"12586","1651","8034","exist_in"
"12587","396","8040","exist_in"
"12588","712","8040","exist_in"
"12589","1389","8040","exist_in"
"12590","1395","8040","exist_in"
"12591","800","8042","exist_in"
"12592","804","8042","exist_in"
"12593","1651","8042","exist_in"
"12594","1887","8042","exist_in"
"12595","513","8044","exist_in"
"12596","1361","8044","exist_in"
"12597","712","8046","exist_in"
"12598","1485","8046","exist_in"
"12599","1653","8046","exist_in"
"12600","732","8047","exist_in"
"12601","843","8047","exist_in"
"12602","998","8047","exist_in"
"12603","1892","8047","exist_in"
"12604","729","8048","exist_in"
"12605","728","8048","exist_in"
"12606","829","8048","exist_in"
"12607","1816","8048","exist_in"
"12608","513","8050","exist_in"
"12609","668","8050","exist_in"
"12610","732","8050","exist_in"
"12611","1433","8050","exist_in"
"12612","1513","8050","exist_in"
"12613","1597","8050","exist_in"
"12614","1816","8050","exist_in"
"12615","687","8051","exist_in"
"12616","712","8051","exist_in"
"12617","1299","8051","exist_in"
"12618","1607","8051","exist_in"
"12619","1718","8051","exist_in"
"12620","1918","8051","exist_in"
"12621","712","8052","exist_in"
"12622","875","8052","exist_in"
"12623","1434","8053","exist_in"
"12624","1541","8053","exist_in"
"12625","1639","8053","exist_in"
"12626","1718","8053","exist_in"
"12627","1733","8053","exist_in"
"12628","712","8055","exist_in"
"12629","1894","8055","exist_in"
"12630","712","8056","exist_in"
"12631","1718","8056","exist_in"
"12632","1733","8056","exist_in"
"12633","396","8057","exist_in"
"12634","513","8057","exist_in"
"12635","692","8057","exist_in"
"12636","712","8057","exist_in"
"12637","791","8057","exist_in"
"12638","1299","8057","exist_in"
"12639","1300","8057","exist_in"
"12640","1312","8057","exist_in"
"12641","1431","8057","exist_in"
"12642","1999","8057","exist_in"
"12643","0","6440","exist_in"
"12644","1","6440","exist_in"
"12645","2","6440","exist_in"
"12646","3","6442","exist_in"
"12647","4","6447","exist_in"
"12648","5","6447","exist_in"
"12649","3","6448","exist_in"
"12650","6","6451","exist_in"
"12651","7","6451","exist_in"
"12652","8","6453","exist_in"
"12653","9","6454","exist_in"
"12654","3","6458","exist_in"
"12655","10","6458","exist_in"
"12656","11","6464","exist_in"
"12657","12","6465","exist_in"
"12658","13","6465","exist_in"
"12659","3","6465","exist_in"
"12660","14","6473","exist_in"
"12661","15","6473","exist_in"
"12662","16","6473","exist_in"
"12663","17","6473","exist_in"
"12664","18","6473","exist_in"
"12665","19","6473","exist_in"
"12666","20","6473","exist_in"
"12667","21","6473","exist_in"
"12668","22","6473","exist_in"
"12669","23","6473","exist_in"
"12670","15","6473","exist_in"
"12671","17","6473","exist_in"
"12672","24","6473","exist_in"
"12673","25","6473","exist_in"
"12674","26","6473","exist_in"
"12675","27","6473","exist_in"
"12676","28","6473","exist_in"
"12677","29","6473","exist_in"
"12678","3","6474","exist_in"
"12679","8","6475","exist_in"
"12680","30","6477","exist_in"
"12681","31","6477","exist_in"
"12682","32","6483","exist_in"
"12683","33","6483","exist_in"
"12684","34","6483","exist_in"
"12685","35","6483","exist_in"
"12686","36","6483","exist_in"
"12687","37","6483","exist_in"
"12688","38","6485","exist_in"
"12689","39","6486","exist_in"
"12690","40","6487","exist_in"
"12691","41","6489","exist_in"
"12692","42","6489","exist_in"
"12693","43","6489","exist_in"
"12694","44","6489","exist_in"
"12695","45","6489","exist_in"
"12696","46","6492","exist_in"
"12697","47","6493","exist_in"
"12698","48","6493","exist_in"
"12699","49","6493","exist_in"
"12700","50","6493","exist_in"
"12701","51","6493","exist_in"
"12702","52","6495","exist_in"
"12703","8","6495","exist_in"
"12704","53","6495","exist_in"
"12705","54","6496","exist_in"
"12706","55","6496","exist_in"
"12707","56","6496","exist_in"
"12708","57","6498","exist_in"
"12709","49","6498","exist_in"
"12710","58","6500","exist_in"
"12711","8","6501","exist_in"
"12712","30","6501","exist_in"
"12713","59","6501","exist_in"
"12714","13","6502","exist_in"
"12715","60","6502","exist_in"
"12716","61","6502","exist_in"
"12717","62","6502","exist_in"
"12718","63","6502","exist_in"
"12719","64","6502","exist_in"
"12720","65","6506","exist_in"
"12721","66","6506","exist_in"
"12722","67","6506","exist_in"
"12723","68","6507","exist_in"
"12724","69","6507","exist_in"
"12725","70","6507","exist_in"
"12726","71","6508","exist_in"
"12727","72","6511","exist_in"
"12728","73","6511","exist_in"
"12729","74","6511","exist_in"
"12730","75","6513","exist_in"
"12731","76","6513","exist_in"
"12732","77","6514","exist_in"
"12733","78","6515","exist_in"
"12734","79","6515","exist_in"
"12735","80","6516","exist_in"
"12736","8","6520","exist_in"
"12737","81","6521","exist_in"
"12738","82","6521","exist_in"
"12739","83","6523","exist_in"
"12740","58","6527","exist_in"
"12741","40","6528","exist_in"
"12742","84","6528","exist_in"
"12743","85","6528","exist_in"
"12744","13","6528","exist_in"
"12745","86","6528","exist_in"
"12746","87","6528","exist_in"
"12747","8","6530","exist_in"
"12748","13","6530","exist_in"
"12749","88","6531","exist_in"
"12750","89","6533","exist_in"
"12751","90","6533","exist_in"
"12752","62","6535","exist_in"
"12753","91","6535","exist_in"
"12754","92","6535","exist_in"
"12755","63","6535","exist_in"
"12756","93","6535","exist_in"
"12757","94","6535","exist_in"
"12758","95","6535","exist_in"
"12759","13","6536","exist_in"
"12760","96","6536","exist_in"
"12761","97","6536","exist_in"
"12762","98","6537","exist_in"
"12763","99","6537","exist_in"
"12764","100","6537","exist_in"
"12765","13","6538","exist_in"
"12766","96","6538","exist_in"
"12767","62","6538","exist_in"
"12768","91","6538","exist_in"
"12769","101","6538","exist_in"
"12770","63","6538","exist_in"
"12771","102","6538","exist_in"
"12772","103","6540","exist_in"
"12773","104","6540","exist_in"
"12774","105","6540","exist_in"
"12775","106","6542","exist_in"
"12776","107","6546","exist_in"
"12777","9","6547","exist_in"
"12778","108","6547","exist_in"
"12779","109","6547","exist_in"
"12780","110","6547","exist_in"
"12781","111","6547","exist_in"
"12782","112","6549","exist_in"
"12783","113","6549","exist_in"
"12784","114","6550","exist_in"
"12785","115","6550","exist_in"
"12786","116","6550","exist_in"
"12787","117","6551","exist_in"
"12788","118","6553","exist_in"
"12789","119","6554","exist_in"
"12790","120","6555","exist_in"
"12791","121","6555","exist_in"
"12792","122","6556","exist_in"
"12793","30","6556","exist_in"
"12794","79","6557","exist_in"
"12795","13","6557","exist_in"
"12796","123","6557","exist_in"
"12797","30","6557","exist_in"
"12798","124","6557","exist_in"
"12799","125","6557","exist_in"
"12800","13","6558","exist_in"
"12801","86","6558","exist_in"
"12802","123","6558","exist_in"
"12803","30","6558","exist_in"
"12804","126","6558","exist_in"
"12805","79","6559","exist_in"
"12806","13","6559","exist_in"
"12807","127","6559","exist_in"
"12808","128","6559","exist_in"
"12809","129","6559","exist_in"
"12810","30","6559","exist_in"
"12811","62","6559","exist_in"
"12812","124","6559","exist_in"
"12813","128","6560","exist_in"
"12814","129","6560","exist_in"
"12815","30","6560","exist_in"
"12816","130","6560","exist_in"
"12817","13","6561","exist_in"
"12818","30","6561","exist_in"
"12819","93","6561","exist_in"
"12820","131","6563","exist_in"
"12821","132","6564","exist_in"
"12822","10","6564","exist_in"
"12823","133","6565","exist_in"
"12824","134","6565","exist_in"
"12825","135","6566","exist_in"
"12826","60","6566","exist_in"
"12827","136","6566","exist_in"
"12828","3","6566","exist_in"
"12829","49","6568","exist_in"
"12830","137","6568","exist_in"
"12831","138","6568","exist_in"
"12832","139","6569","exist_in"
"12833","140","6569","exist_in"
"12834","3","6569","exist_in"
"12835","141","6571","exist_in"
"12836","142","6574","exist_in"
"12837","143","6574","exist_in"
"12838","144","6574","exist_in"
"12839","145","6574","exist_in"
"12840","3","6574","exist_in"
"12841","146","6578","exist_in"
"12842","8","6579","exist_in"
"12843","147","6580","exist_in"
"12844","79","6581","exist_in"
"12845","148","6581","exist_in"
"12846","149","6581","exist_in"
"12847","150","6582","exist_in"
"12848","151","6582","exist_in"
"12849","152","6582","exist_in"
"12850","153","6583","exist_in"
"12851","154","6583","exist_in"
"12852","71","6584","exist_in"
"12853","155","6587","exist_in"
"12854","147","6587","exist_in"
"12855","71","6587","exist_in"
"12856","156","6588","exist_in"
"12857","157","6589","exist_in"
"12858","158","6590","exist_in"
"12859","8","6590","exist_in"
"12860","8","6591","exist_in"
"12861","159","6592","exist_in"
"12862","160","6592","exist_in"
"12863","47","6593","exist_in"
"12864","8","6594","exist_in"
"12865","161","6595","exist_in"
"12866","162","6595","exist_in"
"12867","163","6595","exist_in"
"12868","3","6596","exist_in"
"12869","164","6598","exist_in"
"12870","165","6600","exist_in"
"12871","166","6600","exist_in"
"12872","167","6600","exist_in"
"12873","168","6604","exist_in"
"12874","169","6604","exist_in"
"12875","170","6606","exist_in"
"12876","171","6607","exist_in"
"12877","64","6607","exist_in"
"12878","129","6607","exist_in"
"12879","172","6607","exist_in"
"12880","173","6607","exist_in"
"12881","174","6608","exist_in"
"12882","143","6608","exist_in"
"12883","175","6608","exist_in"
"12884","176","6608","exist_in"
"12885","177","6608","exist_in"
"12886","178","6608","exist_in"
"12887","179","6608","exist_in"
"12888","79","6608","exist_in"
"12889","180","6609","exist_in"
"12890","181","6609","exist_in"
"12891","182","6609","exist_in"
"12892","183","6609","exist_in"
"12893","184","6610","exist_in"
"12894","185","6610","exist_in"
"12895","186","6611","exist_in"
"12896","187","6613","exist_in"
"12897","188","6616","exist_in"
"12898","189","6616","exist_in"
"12899","190","6616","exist_in"
"12900","191","6616","exist_in"
"12901","192","6616","exist_in"
"12902","193","6616","exist_in"
"12903","194","6619","exist_in"
"12904","195","6619","exist_in"
"12905","3","6625","exist_in"
"12906","196","6625","exist_in"
"12907","79","6626","exist_in"
"12908","8","6626","exist_in"
"12909","197","6627","exist_in"
"12910","198","6628","exist_in"
"12911","199","6628","exist_in"
"12912","200","6630","exist_in"
"12913","201","6630","exist_in"
"12914","71","6633","exist_in"
"12915","202","6638","exist_in"
"12916","168","6639","exist_in"
"12917","203","6639","exist_in"
"12918","204","6639","exist_in"
"12919","205","6639","exist_in"
"12920","134","6641","exist_in"
"12921","206","6641","exist_in"
"12922","207","6641","exist_in"
"12923","208","6641","exist_in"
"12924","171","6643","exist_in"
"12925","189","6649","exist_in"
"12926","209","6652","exist_in"
"12927","210","6652","exist_in"
"12928","8","6654","exist_in"
"12929","211","6658","exist_in"
"12930","212","6659","exist_in"
"12931","213","6659","exist_in"
"12932","214","6660","exist_in"
"12933","215","6664","exist_in"
"12934","216","6665","exist_in"
"12935","217","6665","exist_in"
"12936","218","6669","exist_in"
"12937","30","6669","exist_in"
"12938","219","6669","exist_in"
"12939","220","6673","exist_in"
"12940","221","6675","exist_in"
"12941","144","6677","exist_in"
"12942","222","6677","exist_in"
"12943","223","6677","exist_in"
"12944","224","6678","exist_in"
"12945","225","6679","exist_in"
"12946","226","6679","exist_in"
"12947","227","6679","exist_in"
"12948","53","6686","exist_in"
"12949","12","6688","exist_in"
"12950","13","6688","exist_in"
"12951","228","6689","exist_in"
"12952","13","6689","exist_in"
"12953","229","6689","exist_in"
"12954","230","6689","exist_in"
"12955","71","6689","exist_in"
"12956","231","6690","exist_in"
"12957","232","6690","exist_in"
"12958","13","6692","exist_in"
"12959","93","6692","exist_in"
"12960","8","6692","exist_in"
"12961","122","6694","exist_in"
"12962","233","6694","exist_in"
"12963","90","6695","exist_in"
"12964","234","6695","exist_in"
"12965","235","6698","exist_in"
"12966","236","6698","exist_in"
"12967","237","6698","exist_in"
"12968","238","6698","exist_in"
"12969","239","6700","exist_in"
"12970","147","6701","exist_in"
"12971","240","6709","exist_in"
"12972","30","6709","exist_in"
"12973","241","6709","exist_in"
"12974","47","6713","exist_in"
"12975","242","6713","exist_in"
"12976","13","6713","exist_in"
"12977","243","6713","exist_in"
"12978","244","6718","exist_in"
"12979","245","6719","exist_in"
"12980","246","6719","exist_in"
"12981","245","6720","exist_in"
"12982","247","6720","exist_in"
"12983","248","6720","exist_in"
"12984","249","6722","exist_in"
"12985","250","6722","exist_in"
"12986","127","6722","exist_in"
"12987","30","6722","exist_in"
"12988","227","6722","exist_in"
"12989","251","6725","exist_in"
"12990","252","6725","exist_in"
"12991","253","6725","exist_in"
"12992","254","6725","exist_in"
"12993","255","6726","exist_in"
"12994","256","6726","exist_in"
"12995","227","6726","exist_in"
"12996","257","6727","exist_in"
"12997","258","6731","exist_in"
"12998","259","6736","exist_in"
"12999","260","6737","exist_in"
"13000","3","6739","exist_in"
"13001","261","6740","exist_in"
"13002","262","6741","exist_in"
"13003","30","6741","exist_in"
"13004","147","6741","exist_in"
"13005","263","6742","exist_in"
"13006","264","6742","exist_in"
"13007","265","6742","exist_in"
"13008","266","6742","exist_in"
"13009","267","6742","exist_in"
"13010","268","6744","exist_in"
"13011","269","6744","exist_in"
"13012","270","6744","exist_in"
"13013","271","6745","exist_in"
"13014","272","6745","exist_in"
"13015","273","6745","exist_in"
"13016","274","6745","exist_in"
"13017","275","6747","exist_in"
"13018","276","6748","exist_in"
"13019","277","6749","exist_in"
"13020","278","6751","exist_in"
"13021","279","6751","exist_in"
"13022","280","6753","exist_in"
"13023","281","6753","exist_in"
"13024","282","6753","exist_in"
"13025","283","6753","exist_in"
"13026","284","6756","exist_in"
"13027","285","6756","exist_in"
"13028","286","6756","exist_in"
"13029","9","6756","exist_in"
"13030","287","6756","exist_in"
"13031","288","6757","exist_in"
"13032","289","6757","exist_in"
"13033","3","6757","exist_in"
"13034","290","6757","exist_in"
"13035","291","6757","exist_in"
"13036","292","6757","exist_in"
"13037","294","6757","exist_in"
"13038","295","6758","exist_in"
"13039","227","6758","exist_in"
"13040","296","6761","exist_in"
"13041","297","6764","exist_in"
"13042","298","6764","exist_in"
"13043","299","6765","exist_in"
"13044","300","6765","exist_in"
"13045","301","6765","exist_in"
"13046","86","6767","exist_in"
"13047","302","6767","exist_in"
"13048","303","6767","exist_in"
"13049","304","6767","exist_in"
"13050","86","6768","exist_in"
"13051","305","6768","exist_in"
"13052","306","6768","exist_in"
"13053","203","6769","exist_in"
"13054","30","6769","exist_in"
"13055","307","6769","exist_in"
"13056","308","6770","exist_in"
"13057","86","6770","exist_in"
"13058","309","6770","exist_in"
"13059","310","6771","exist_in"
"13060","311","6771","exist_in"
"13061","306","6773","exist_in"
"13062","86","6774","exist_in"
"13063","30","6774","exist_in"
"13064","203","6774","exist_in"
"13065","312","6774","exist_in"
"13066","313","6775","exist_in"
"13067","314","6775","exist_in"
"13068","241","6775","exist_in"
"13069","315","6775","exist_in"
"13070","316","6778","exist_in"
"13071","28","6778","exist_in"
"13072","317","6778","exist_in"
"13073","318","6780","exist_in"
"13074","319","6780","exist_in"
"13075","320","6781","exist_in"
"13076","8","6782","exist_in"
"13077","13","6782","exist_in"
"13078","321","6783","exist_in"
"13079","322","6786","exist_in"
"13080","323","6786","exist_in"
"13081","28","6786","exist_in"
"13082","324","6786","exist_in"
"13083","325","6786","exist_in"
"13084","8","6786","exist_in"
"13085","326","6787","exist_in"
"13086","327","6787","exist_in"
"13087","30","6788","exist_in"
"13088","328","6788","exist_in"
"13089","329","6788","exist_in"
"13090","0","6790","exist_in"
"13091","1","6790","exist_in"
"13092","2","6790","exist_in"
"13093","3","6792","exist_in"
"13094","4","6797","exist_in"
"13095","5","6797","exist_in"
"13096","3","6798","exist_in"
"13097","6","6801","exist_in"
"13098","7","6801","exist_in"
"13099","8","6803","exist_in"
"13100","9","6804","exist_in"
"13101","3","6808","exist_in"
"13102","10","6808","exist_in"
"13103","11","6814","exist_in"
"13104","12","6815","exist_in"
"13105","13","6815","exist_in"
"13106","3","6815","exist_in"
"13107","3","6824","exist_in"
"13108","8","6825","exist_in"
"13109","30","6827","exist_in"
"13110","31","6827","exist_in"
"13111","32","6833","exist_in"
"13112","33","6833","exist_in"
"13113","34","6833","exist_in"
"13114","35","6833","exist_in"
"13115","36","6833","exist_in"
"13116","37","6833","exist_in"
"13117","38","6835","exist_in"
"13118","40","6837","exist_in"
"13119","41","6839","exist_in"
"13120","42","6839","exist_in"
"13121","43","6839","exist_in"
"13122","44","6839","exist_in"
"13123","45","6839","exist_in"
"13124","46","6842","exist_in"
"13125","47","6843","exist_in"
"13126","48","6843","exist_in"
"13127","49","6843","exist_in"
"13128","50","6843","exist_in"
"13129","51","6843","exist_in"
"13130","52","6845","exist_in"
"13131","8","6845","exist_in"
"13132","53","6845","exist_in"
"13133","54","6846","exist_in"
"13134","55","6846","exist_in"
"13135","56","6846","exist_in"
"13136","57","6848","exist_in"
"13137","49","6848","exist_in"
"13138","58","6850","exist_in"
"13139","8","6851","exist_in"
"13140","30","6851","exist_in"
"13141","59","6851","exist_in"
"13142","13","6852","exist_in"
"13143","60","6852","exist_in"
"13144","61","6852","exist_in"
"13145","62","6852","exist_in"
"13146","63","6852","exist_in"
"13147","64","6852","exist_in"
"13148","65","6856","exist_in"
"13149","66","6856","exist_in"
"13150","67","6856","exist_in"
"13151","68","6857","exist_in"
"13152","69","6857","exist_in"
"13153","70","6857","exist_in"
"13154","71","6858","exist_in"
"13155","72","6861","exist_in"
"13156","75","6863","exist_in"
"13157","76","6863","exist_in"
"13158","77","6864","exist_in"
"13159","78","6865","exist_in"
"13160","79","6865","exist_in"
"13161","80","6866","exist_in"
"13162","8","6870","exist_in"
"13163","81","6871","exist_in"
"13164","82","6871","exist_in"
"13165","83","6873","exist_in"
"13166","58","6877","exist_in"
"13167","40","6878","exist_in"
"13168","84","6878","exist_in"
"13169","8","6880","exist_in"
"13170","13","6880","exist_in"
"13171","88","6881","exist_in"
"13172","89","6883","exist_in"
"13173","90","6883","exist_in"
"13174","62","6885","exist_in"
"13175","91","6885","exist_in"
"13176","92","6885","exist_in"
"13177","63","6885","exist_in"
"13178","93","6885","exist_in"
"13179","94","6885","exist_in"
"13180","95","6885","exist_in"
"13181","13","6886","exist_in"
"13182","96","6886","exist_in"
"13183","97","6886","exist_in"
"13184","98","6887","exist_in"
"13185","99","6887","exist_in"
"13186","100","6887","exist_in"
"13187","13","6888","exist_in"
"13188","96","6888","exist_in"
"13189","62","6888","exist_in"
"13190","91","6888","exist_in"
"13191","101","6888","exist_in"
"13192","63","6888","exist_in"
"13193","102","6888","exist_in"
"13194","103","6890","exist_in"
"13195","104","6890","exist_in"
"13196","105","6890","exist_in"
"13197","106","6892","exist_in"
"13198","107","6896","exist_in"
"13199","9","6897","exist_in"
"13200","112","6899","exist_in"
"13201","113","6899","exist_in"
"13202","114","6900","exist_in"
"13203","115","6900","exist_in"
"13204","116","6900","exist_in"
"13205","117","6901","exist_in"
"13206","118","6903","exist_in"
"13207","119","6904","exist_in"
"13208","120","6905","exist_in"
"13209","121","6905","exist_in"
"13210","122","6906","exist_in"
"13211","30","6906","exist_in"
"13212","79","6907","exist_in"
"13213","13","6907","exist_in"
"13214","123","6907","exist_in"
"13215","30","6907","exist_in"
"13216","124","6907","exist_in"
"13217","125","6907","exist_in"
"13218","13","6908","exist_in"
"13219","86","6908","exist_in"
"13220","123","6908","exist_in"
"13221","30","6908","exist_in"
"13222","126","6908","exist_in"
"13223","79","6909","exist_in"
"13224","13","6909","exist_in"
"13225","127","6909","exist_in"
"13226","128","6909","exist_in"
"13227","129","6909","exist_in"
"13228","30","6909","exist_in"
"13229","62","6909","exist_in"
"13230","124","6909","exist_in"
"13231","128","6910","exist_in"
"13232","129","6910","exist_in"
"13233","30","6910","exist_in"
"13234","130","6910","exist_in"
"13235","13","6911","exist_in"
"13236","30","6911","exist_in"
"13237","93","6911","exist_in"
"13238","131","6913","exist_in"
"13239","132","6914","exist_in"
"13240","10","6914","exist_in"
"13241","133","6915","exist_in"
"13242","134","6915","exist_in"
"13243","135","6916","exist_in"
"13244","60","6916","exist_in"
"13245","136","6916","exist_in"
"13246","3","6916","exist_in"
"13247","49","6918","exist_in"
"13248","137","6918","exist_in"
"13249","138","6918","exist_in"
"13250","139","6919","exist_in"
"13251","140","6919","exist_in"
"13252","3","6919","exist_in"
"13253","141","6921","exist_in"
"13254","142","6924","exist_in"
"13255","143","6924","exist_in"
"13256","144","6924","exist_in"
"13257","145","6924","exist_in"
"13258","3","6924","exist_in"
"13259","146","6928","exist_in"
"13260","8","6929","exist_in"
"13261","147","6930","exist_in"
"13262","79","6931","exist_in"
"13263","148","6931","exist_in"
"13264","149","6931","exist_in"
"13265","150","6932","exist_in"
"13266","151","6932","exist_in"
"13267","152","6932","exist_in"
"13268","153","6933","exist_in"
"13269","154","6933","exist_in"
"13270","71","6934","exist_in"
"13271","155","6937","exist_in"
"13272","147","6937","exist_in"
"13273","71","6937","exist_in"
"13274","156","6938","exist_in"
"13275","157","6939","exist_in"
"13276","158","6940","exist_in"
"13277","8","6940","exist_in"
"13278","8","6941","exist_in"
"13279","159","6942","exist_in"
"13280","160","6942","exist_in"
"13281","47","6943","exist_in"
"13282","8","6944","exist_in"
"13283","161","6945","exist_in"
"13284","162","6945","exist_in"
"13285","163","6945","exist_in"
"13286","3","6946","exist_in"
"13287","164","6948","exist_in"
"13288","165","6950","exist_in"
"13289","166","6950","exist_in"
"13290","167","6950","exist_in"
"13291","168","6954","exist_in"
"13292","169","6954","exist_in"
"13293","170","6956","exist_in"
"13294","171","6957","exist_in"
"13295","64","6957","exist_in"
"13296","129","6957","exist_in"
"13297","172","6957","exist_in"
"13298","173","6957","exist_in"
"13299","180","6959","exist_in"
"13300","181","6959","exist_in"
"13301","182","6959","exist_in"
"13302","183","6959","exist_in"
"13303","184","6960","exist_in"
"13304","185","6960","exist_in"
"13305","186","6961","exist_in"
"13306","187","6963","exist_in"
"13307","188","6966","exist_in"
"13308","189","6966","exist_in"
"13309","190","6966","exist_in"
"13310","191","6966","exist_in"
"13311","192","6966","exist_in"
"13312","193","6966","exist_in"
"13313","194","6969","exist_in"
"13314","195","6969","exist_in"
"13315","3","6975","exist_in"
"13316","196","6975","exist_in"
"13317","79","6976","exist_in"
"13318","8","6976","exist_in"
"13319","197","6977","exist_in"
"13320","198","6978","exist_in"
"13321","199","6978","exist_in"
"13322","200","6980","exist_in"
"13323","201","6980","exist_in"
"13324","71","6983","exist_in"
"13325","202","6988","exist_in"
"13326","168","6989","exist_in"
"13327","203","6989","exist_in"
"13328","204","6989","exist_in"
"13329","205","6989","exist_in"
"13330","134","6991","exist_in"
"13331","206","6991","exist_in"
"13332","207","6991","exist_in"
"13333","208","6991","exist_in"
"13334","171","6993","exist_in"
"13335","189","6999","exist_in"
"13336","209","7002","exist_in"
"13337","210","7002","exist_in"
"13338","8","7004","exist_in"
"13339","211","7008","exist_in"
"13340","212","7009","exist_in"
"13341","213","7009","exist_in"
"13342","214","7010","exist_in"
"13343","215","7014","exist_in"
"13344","216","7015","exist_in"
"13345","217","7015","exist_in"
"13346","218","7019","exist_in"
"13347","30","7019","exist_in"
"13348","219","7019","exist_in"
"13349","220","7023","exist_in"
"13350","221","7025","exist_in"
"13351","144","7027","exist_in"
"13352","222","7027","exist_in"
"13353","223","7027","exist_in"
"13354","224","7028","exist_in"
"13355","225","7029","exist_in"
"13356","226","7029","exist_in"
"13357","227","7029","exist_in"
"13358","53","7036","exist_in"
"13359","12","7038","exist_in"
"13360","13","7038","exist_in"
"13361","228","7039","exist_in"
"13362","13","7039","exist_in"
"13363","229","7039","exist_in"
"13364","231","7040","exist_in"
"13365","232","7040","exist_in"
"13366","13","7042","exist_in"
"13367","93","7042","exist_in"
"13368","8","7042","exist_in"
"13369","122","7044","exist_in"
"13370","233","7044","exist_in"
"13371","90","7045","exist_in"
"13372","234","7045","exist_in"
"13373","235","7048","exist_in"
"13374","236","7048","exist_in"
"13375","237","7048","exist_in"
"13376","238","7048","exist_in"
"13377","239","7050","exist_in"
"13378","147","7051","exist_in"
"13379","240","7059","exist_in"
"13380","30","7059","exist_in"
"13381","241","7059","exist_in"
"13382","47","7063","exist_in"
"13383","242","7063","exist_in"
"13384","13","7063","exist_in"
"13385","243","7063","exist_in"
"13386","244","7068","exist_in"
"13387","245","7069","exist_in"
"13388","246","7069","exist_in"
"13389","245","7070","exist_in"
"13390","247","7070","exist_in"
"13391","248","7070","exist_in"
"13392","249","7072","exist_in"
"13393","250","7072","exist_in"
"13394","127","7072","exist_in"
"13395","30","7072","exist_in"
"13396","227","7072","exist_in"
"13397","255","7076","exist_in"
"13398","256","7076","exist_in"
"13399","227","7076","exist_in"
"13400","257","7077","exist_in"
"13401","258","7081","exist_in"
"13402","259","7086","exist_in"
"13403","260","7087","exist_in"
"13404","3","7089","exist_in"
"13405","261","7090","exist_in"
"13406","262","7091","exist_in"
"13407","30","7091","exist_in"
"13408","147","7091","exist_in"
"13409","263","7092","exist_in"
"13410","264","7092","exist_in"
"13411","265","7092","exist_in"
"13412","266","7092","exist_in"
"13413","267","7092","exist_in"
"13414","268","7094","exist_in"
"13415","269","7094","exist_in"
"13416","270","7094","exist_in"
"13417","271","7095","exist_in"
"13418","272","7095","exist_in"
"13419","273","7095","exist_in"
"13420","274","7095","exist_in"
"13421","275","7097","exist_in"
"13422","276","7098","exist_in"
"13423","277","7099","exist_in"
"13424","278","7101","exist_in"
"13425","279","7101","exist_in"
"13426","280","7103","exist_in"
"13427","281","7103","exist_in"
"13428","282","7103","exist_in"
"13429","283","7103","exist_in"
"13430","284","7106","exist_in"
"13431","285","7106","exist_in"
"13432","286","7106","exist_in"
"13433","9","7106","exist_in"
"13434","287","7106","exist_in"
"13435","288","7107","exist_in"
"13436","289","7107","exist_in"
"13437","3","7107","exist_in"
"13438","295","7108","exist_in"
"13439","227","7108","exist_in"
"13440","296","7111","exist_in"
"13441","297","7114","exist_in"
"13442","298","7114","exist_in"
"13443","299","7115","exist_in"
"13444","300","7115","exist_in"
"13445","301","7115","exist_in"
"13446","86","7117","exist_in"
"13447","302","7117","exist_in"
"13448","303","7117","exist_in"
"13449","304","7117","exist_in"
"13450","86","7118","exist_in"
"13451","305","7118","exist_in"
"13452","306","7118","exist_in"
"13453","203","7119","exist_in"
"13454","30","7119","exist_in"
"13455","307","7119","exist_in"
"13456","308","7120","exist_in"
"13457","86","7120","exist_in"
"13458","309","7120","exist_in"
"13459","310","7121","exist_in"
"13460","311","7121","exist_in"
"13461","306","7123","exist_in"
"13462","86","7124","exist_in"
"13463","30","7124","exist_in"
"13464","203","7124","exist_in"
"13465","312","7124","exist_in"
"13466","313","7125","exist_in"
"13467","314","7125","exist_in"
"13468","241","7125","exist_in"
"13469","315","7125","exist_in"
"13470","316","7128","exist_in"
"13471","28","7128","exist_in"
"13472","317","7128","exist_in"
"13473","318","7130","exist_in"
"13474","319","7130","exist_in"
"13475","320","7131","exist_in"
"13476","8","7132","exist_in"
"13477","13","7132","exist_in"
"13478","321","7133","exist_in"
"13479","322","7136","exist_in"
"13480","323","7136","exist_in"
"13481","28","7136","exist_in"
"13482","324","7136","exist_in"
"13483","325","7136","exist_in"
"13484","8","7136","exist_in"
"13485","326","7137","exist_in"
"13486","327","7137","exist_in"
"13487","30","7138","exist_in"
"13488","328","7138","exist_in"
"13489","329","7138","exist_in"
"13490","0","7140","exist_in"
"13491","1","7140","exist_in"
"13492","2","7140","exist_in"
"13493","3","7142","exist_in"
"13494","4","7147","exist_in"
"13495","5","7147","exist_in"
"13496","3","7148","exist_in"
"13497","6","7151","exist_in"
"13498","7","7151","exist_in"
"13499","8","7153","exist_in"
"13500","9","7154","exist_in"
"13501","3","7158","exist_in"
"13502","10","7158","exist_in"
"13503","11","7164","exist_in"
"13504","12","7165","exist_in"
"13505","13","7165","exist_in"
"13506","3","7165","exist_in"
"13507","3","7174","exist_in"
"13508","8","7175","exist_in"
"13509","30","7177","exist_in"
"13510","31","7177","exist_in"
"13511","38","7185","exist_in"
"13512","39","7186","exist_in"
"13513","40","7187","exist_in"
"13514","41","7189","exist_in"
"13515","42","7189","exist_in"
"13516","43","7189","exist_in"
"13517","46","7192","exist_in"
"13518","47","7193","exist_in"
"13519","48","7193","exist_in"
"13520","49","7193","exist_in"
"13521","50","7193","exist_in"
"13522","51","7193","exist_in"
"13523","52","7195","exist_in"
"13524","8","7195","exist_in"
"13525","53","7195","exist_in"
"13526","54","7196","exist_in"
"13527","55","7196","exist_in"
"13528","56","7196","exist_in"
"13529","57","7198","exist_in"
"13530","49","7198","exist_in"
"13531","58","7200","exist_in"
"13532","8","7201","exist_in"
"13533","30","7201","exist_in"
"13534","59","7201","exist_in"
"13535","13","7202","exist_in"
"13536","60","7202","exist_in"
"13537","61","7202","exist_in"
"13538","62","7202","exist_in"
"13539","63","7202","exist_in"
"13540","64","7202","exist_in"
"13541","65","7206","exist_in"
"13542","66","7206","exist_in"
"13543","67","7206","exist_in"
"13544","68","7207","exist_in"
"13545","69","7207","exist_in"
"13546","70","7207","exist_in"
"13547","71","7208","exist_in"
"13548","72","7211","exist_in"
"13549","73","7211","exist_in"
"13550","74","7211","exist_in"
"13551","75","7213","exist_in"
"13552","76","7213","exist_in"
"13553","77","7214","exist_in"
"13554","78","7215","exist_in"
"13555","79","7215","exist_in"
"13556","80","7216","exist_in"
"13557","8","7220","exist_in"
"13558","81","7221","exist_in"
"13559","82","7221","exist_in"
"13560","83","7223","exist_in"
"13561","58","7227","exist_in"
"13562","40","7228","exist_in"
"13563","13","7228","exist_in"
"13564","86","7228","exist_in"
"13565","8","7230","exist_in"
"13566","13","7230","exist_in"
"13567","88","7231","exist_in"
"13568","89","7233","exist_in"
"13569","90","7233","exist_in"
"13570","62","7235","exist_in"
"13571","91","7235","exist_in"
"13572","92","7235","exist_in"
"13573","63","7235","exist_in"
"13574","93","7235","exist_in"
"13575","94","7235","exist_in"
"13576","95","7235","exist_in"
"13577","13","7236","exist_in"
"13578","96","7236","exist_in"
"13579","97","7236","exist_in"
"13580","98","7237","exist_in"
"13581","99","7237","exist_in"
"13582","100","7237","exist_in"
"13583","13","7238","exist_in"
"13584","96","7238","exist_in"
"13585","62","7238","exist_in"
"13586","91","7238","exist_in"
"13587","101","7238","exist_in"
"13588","63","7238","exist_in"
"13589","102","7238","exist_in"
"13590","103","7240","exist_in"
"13591","104","7240","exist_in"
"13592","105","7240","exist_in"
"13593","106","7242","exist_in"
"13594","107","7246","exist_in"
"13595","112","7249","exist_in"
"13596","113","7249","exist_in"
"13597","114","7250","exist_in"
"13598","115","7250","exist_in"
"13599","116","7250","exist_in"
"13600","117","7251","exist_in"
"13601","118","7253","exist_in"
"13602","119","7254","exist_in"
"13603","120","7255","exist_in"
"13604","121","7255","exist_in"
"13605","122","7256","exist_in"
"13606","30","7256","exist_in"
"13607","13","7258","exist_in"
"13608","86","7258","exist_in"
"13609","123","7258","exist_in"
"13610","30","7258","exist_in"
"13611","126","7258","exist_in"
"13612","128","7260","exist_in"
"13613","129","7260","exist_in"
"13614","30","7260","exist_in"
"13615","130","7260","exist_in"
"13616","13","7261","exist_in"
"13617","30","7261","exist_in"
"13618","93","7261","exist_in"
"13619","131","7263","exist_in"
"13620","132","7264","exist_in"
"13621","10","7264","exist_in"
"13622","133","7265","exist_in"
"13623","134","7265","exist_in"
"13624","135","7266","exist_in"
"13625","60","7266","exist_in"
"13626","136","7266","exist_in"
"13627","3","7266","exist_in"
"13628","49","7268","exist_in"
"13629","137","7268","exist_in"
"13630","138","7268","exist_in"
"13631","139","7269","exist_in"
"13632","140","7269","exist_in"
"13633","3","7269","exist_in"
"13634","141","7271","exist_in"
"13635","142","7274","exist_in"
"13636","143","7274","exist_in"
"13637","144","7274","exist_in"
"13638","145","7274","exist_in"
"13639","3","7274","exist_in"
"13640","146","7278","exist_in"
"13641","8","7279","exist_in"
"13642","147","7280","exist_in"
"13643","79","7281","exist_in"
"13644","148","7281","exist_in"
"13645","149","7281","exist_in"
"13646","150","7282","exist_in"
"13647","151","7282","exist_in"
"13648","152","7282","exist_in"
"13649","153","7283","exist_in"
"13650","154","7283","exist_in"
"13651","71","7284","exist_in"
"13652","155","7287","exist_in"
"13653","147","7287","exist_in"
"13654","71","7287","exist_in"
"13655","156","7288","exist_in"
"13656","157","7289","exist_in"
"13657","158","7290","exist_in"
"13658","8","7290","exist_in"
"13659","8","7291","exist_in"
"13660","159","7292","exist_in"
"13661","160","7292","exist_in"
"13662","47","7293","exist_in"
"13663","8","7294","exist_in"
"13664","161","7295","exist_in"
"13665","162","7295","exist_in"
"13666","163","7295","exist_in"
"13667","3","7296","exist_in"
"13668","164","7298","exist_in"
"13669","165","7300","exist_in"
"13670","166","7300","exist_in"
"13671","167","7300","exist_in"
"13672","168","7304","exist_in"
"13673","169","7304","exist_in"
"13674","170","7306","exist_in"
"13675","171","7307","exist_in"
"13676","64","7307","exist_in"
"13677","129","7307","exist_in"
"13678","172","7307","exist_in"
"13679","173","7307","exist_in"
"13680","174","7308","exist_in"
"13681","143","7308","exist_in"
"13682","175","7308","exist_in"
"13683","176","7308","exist_in"
"13684","177","7308","exist_in"
"13685","178","7308","exist_in"
"13686","179","7308","exist_in"
"13687","79","7308","exist_in"
"13688","180","7309","exist_in"
"13689","181","7309","exist_in"
"13690","182","7309","exist_in"
"13691","183","7309","exist_in"
"13692","184","7310","exist_in"
"13693","185","7310","exist_in"
"13694","186","7311","exist_in"
"13695","187","7313","exist_in"
"13696","188","7316","exist_in"
"13697","189","7316","exist_in"
"13698","190","7316","exist_in"
"13699","191","7316","exist_in"
"13700","192","7316","exist_in"
"13701","193","7316","exist_in"
"13702","194","7319","exist_in"
"13703","195","7319","exist_in"
"13704","3","7325","exist_in"
"13705","3","7816","exist_in"
"13706","196","7325","exist_in"
"13707","196","7816","exist_in"
"13708","79","7326","exist_in"
"13709","8","7326","exist_in"
"13710","197","7327","exist_in"
"13711","198","7328","exist_in"
"13712","199","7328","exist_in"
"13713","200","7330","exist_in"
"13714","201","7330","exist_in"
"13715","71","7333","exist_in"
"13716","202","7338","exist_in"
"13717","168","7339","exist_in"
"13718","203","7339","exist_in"
"13719","204","7339","exist_in"
"13720","205","7339","exist_in"
"13721","171","7343","exist_in"
"13722","189","7349","exist_in"
"13723","209","7352","exist_in"
"13724","210","7352","exist_in"
"13725","8","7354","exist_in"
"13726","211","7358","exist_in"
"13727","212","7359","exist_in"
"13728","213","7359","exist_in"
"13729","214","7360","exist_in"
"13730","215","7364","exist_in"
"13731","216","7365","exist_in"
"13732","217","7365","exist_in"
"13733","218","7369","exist_in"
"13734","30","7369","exist_in"
"13735","219","7369","exist_in"
"13736","220","7373","exist_in"
"13737","221","7375","exist_in"
"13738","144","7377","exist_in"
"13739","222","7377","exist_in"
"13740","223","7377","exist_in"
"13741","224","7378","exist_in"
"13742","225","7379","exist_in"
"13743","226","7379","exist_in"
"13744","227","7379","exist_in"
"13745","53","7386","exist_in"
"13746","12","7388","exist_in"
"13747","13","7388","exist_in"
"13748","231","7390","exist_in"
"13749","232","7390","exist_in"
"13750","13","7392","exist_in"
"13751","93","7392","exist_in"
"13752","8","7392","exist_in"
"13753","122","7394","exist_in"
"13754","233","7394","exist_in"
"13755","90","7395","exist_in"
"13756","234","7395","exist_in"
"13757","235","7398","exist_in"
"13758","236","7398","exist_in"
"13759","237","7398","exist_in"
"13760","238","7398","exist_in"
"13761","239","7400","exist_in"
"13762","147","7401","exist_in"
"13763","240","7409","exist_in"
"13764","30","7409","exist_in"
"13765","241","7409","exist_in"
"13766","47","7413","exist_in"
"13767","242","7413","exist_in"
"13768","13","7413","exist_in"
"13769","243","7413","exist_in"
"13770","244","7418","exist_in"
"13771","245","7419","exist_in"
"13772","246","7419","exist_in"
"13773","245","7420","exist_in"
"13774","247","7420","exist_in"
"13775","248","7420","exist_in"
"13776","330","7422","exist_in"
"13777","250","7422","exist_in"
"13778","127","7422","exist_in"
"13779","30","7422","exist_in"
"13780","227","7422","exist_in"
"13781","255","7426","exist_in"
"13782","256","7426","exist_in"
"13783","227","7426","exist_in"
"13784","257","7427","exist_in"
"13785","258","7431","exist_in"
"13786","259","7436","exist_in"
"13787","260","7437","exist_in"
"13788","3","7439","exist_in"
"13789","261","7440","exist_in"
"13790","30","7441","exist_in"
"13791","147","7441","exist_in"
"13792","263","7442","exist_in"
"13793","264","7442","exist_in"
"13794","265","7442","exist_in"
"13795","266","7442","exist_in"
"13796","267","7442","exist_in"
"13797","268","7444","exist_in"
"13798","269","7444","exist_in"
"13799","270","7444","exist_in"
"13800","271","7445","exist_in"
"13801","272","7445","exist_in"
"13802","273","7445","exist_in"
"13803","274","7445","exist_in"
"13804","275","7447","exist_in"
"13805","276","7448","exist_in"
"13806","277","7449","exist_in"
"13807","278","7451","exist_in"
"13808","279","7451","exist_in"
"13809","280","7453","exist_in"
"13810","281","7453","exist_in"
"13811","282","7453","exist_in"
"13812","283","7453","exist_in"
"13813","284","7456","exist_in"
"13814","285","7456","exist_in"
"13815","286","7456","exist_in"
"13816","9","7456","exist_in"
"13817","287","7456","exist_in"
"13818","295","7458","exist_in"
"13819","227","7458","exist_in"
"13820","296","7461","exist_in"
"13821","297","7464","exist_in"
"13822","298","7464","exist_in"
"13823","299","7465","exist_in"
"13824","300","7465","exist_in"
"13825","301","7465","exist_in"
"13826","86","7467","exist_in"
"13827","302","7467","exist_in"
"13828","303","7467","exist_in"
"13829","304","7467","exist_in"
"13830","86","7468","exist_in"
"13831","305","7468","exist_in"
"13832","306","7468","exist_in"
"13833","203","7469","exist_in"
"13834","30","7469","exist_in"
"13835","307","7469","exist_in"
"13836","308","7470","exist_in"
"13837","86","7470","exist_in"
"13838","309","7470","exist_in"
"13839","306","7473","exist_in"
"13840","86","7474","exist_in"
"13841","30","7474","exist_in"
"13842","203","7474","exist_in"
"13843","312","7474","exist_in"
"13844","316","7478","exist_in"
"13845","28","7478","exist_in"
"13846","317","7478","exist_in"
"13847","318","7480","exist_in"
"13848","319","7480","exist_in"
"13849","320","7481","exist_in"
"13850","8","7482","exist_in"
"13851","13","7482","exist_in"
"13852","321","7483","exist_in"
"13853","322","7486","exist_in"
"13854","323","7486","exist_in"
"13855","28","7486","exist_in"
"13856","324","7486","exist_in"
"13857","325","7486","exist_in"
"13858","8","7486","exist_in"
"13859","326","7487","exist_in"
"13860","327","7487","exist_in"
"13861","30","7488","exist_in"
"13862","328","7488","exist_in"
"13863","329","7488","exist_in"
"13864","0","7490","exist_in"
"13865","1","7490","exist_in"
"13866","2","7490","exist_in"
"13867","3","7492","exist_in"
"13868","4","7497","exist_in"
"13869","5","7497","exist_in"
"13870","3","7498","exist_in"
"13871","6","7501","exist_in"
"13872","7","7501","exist_in"
"13873","8","7503","exist_in"
"13874","9","7504","exist_in"
"13875","3","7508","exist_in"
"13876","10","7508","exist_in"
"13877","11","7514","exist_in"
"13878","12","7515","exist_in"
"13879","13","7515","exist_in"
"13880","3","7515","exist_in"
"13881","17","7523","exist_in"
"13882","24","7523","exist_in"
"13883","25","7523","exist_in"
"13884","26","7523","exist_in"
"13885","27","7523","exist_in"
"13886","28","7523","exist_in"
"13887","29","7523","exist_in"
"13888","3","7524","exist_in"
"13889","8","7525","exist_in"
"13890","30","7527","exist_in"
"13891","31","7527","exist_in"
"13892","37","7533","exist_in"
"13893","38","7535","exist_in"
"13894","39","7536","exist_in"
"13895","40","7537","exist_in"
"13896","41","7539","exist_in"
"13897","42","7539","exist_in"
"13898","43","7539","exist_in"
"13899","46","7542","exist_in"
"13900","47","7543","exist_in"
"13901","52","7545","exist_in"
"13902","8","7545","exist_in"
"13903","53","7545","exist_in"
"13904","54","7546","exist_in"
"13905","55","7546","exist_in"
"13906","56","7546","exist_in"
"13907","57","7548","exist_in"
"13908","49","7548","exist_in"
"13909","58","7550","exist_in"
"13910","8","7551","exist_in"
"13911","30","7551","exist_in"
"13912","59","7551","exist_in"
"13913","13","7552","exist_in"
"13914","60","7552","exist_in"
"13915","61","7552","exist_in"
"13916","62","7552","exist_in"
"13917","63","7552","exist_in"
"13918","64","7552","exist_in"
"13919","65","7556","exist_in"
"13920","66","7556","exist_in"
"13921","67","7556","exist_in"
"13922","68","7557","exist_in"
"13923","69","7557","exist_in"
"13924","70","7557","exist_in"
"13925","71","7558","exist_in"
"13926","72","7561","exist_in"
"13927","75","7563","exist_in"
"13928","76","7563","exist_in"
"13929","77","7564","exist_in"
"13930","78","7565","exist_in"
"13931","79","7565","exist_in"
"13932","80","7566","exist_in"
"13933","8","7570","exist_in"
"13934","81","7571","exist_in"
"13935","82","7571","exist_in"
"13936","83","7573","exist_in"
"13937","58","7577","exist_in"
"13938","40","7578","exist_in"
"13939","8","7580","exist_in"
"13940","13","7580","exist_in"
"13941","88","7581","exist_in"
"13942","89","7583","exist_in"
"13943","90","7583","exist_in"
"13944","62","7585","exist_in"
"13945","91","7585","exist_in"
"13946","92","7585","exist_in"
"13947","63","7585","exist_in"
"13948","93","7585","exist_in"
"13949","94","7585","exist_in"
"13950","95","7585","exist_in"
"13951","13","7586","exist_in"
"13952","96","7586","exist_in"
"13953","97","7586","exist_in"
"13954","13","7588","exist_in"
"13955","96","7588","exist_in"
"13956","103","7590","exist_in"
"13957","104","7590","exist_in"
"13958","105","7590","exist_in"
"13959","106","7592","exist_in"
"13960","107","7596","exist_in"
"13961","112","7599","exist_in"
"13962","113","7599","exist_in"
"13963","114","7600","exist_in"
"13964","115","7600","exist_in"
"13965","116","7600","exist_in"
"13966","117","7601","exist_in"
"13967","118","7603","exist_in"
"13968","119","7604","exist_in"
"13969","120","7605","exist_in"
"13970","121","7605","exist_in"
"13971","122","7606","exist_in"
"13972","30","7606","exist_in"
"13973","79","7607","exist_in"
"13974","13","7607","exist_in"
"13975","123","7607","exist_in"
"13976","30","7607","exist_in"
"13977","124","7607","exist_in"
"13978","125","7607","exist_in"
"13979","13","7608","exist_in"
"13980","86","7608","exist_in"
"13981","123","7608","exist_in"
"13982","30","7608","exist_in"
"13983","126","7608","exist_in"
"13984","79","7609","exist_in"
"13985","13","7609","exist_in"
"13986","127","7609","exist_in"
"13987","128","7610","exist_in"
"13988","129","7610","exist_in"
"13989","30","7610","exist_in"
"13990","130","7610","exist_in"
"13991","13","7611","exist_in"
"13992","30","7611","exist_in"
"13993","93","7611","exist_in"
"13994","131","7613","exist_in"
"13995","132","7614","exist_in"
"13996","10","7614","exist_in"
"13997","133","7615","exist_in"
"13998","134","7615","exist_in"
"13999","135","7616","exist_in"
"14000","60","7616","exist_in"
"14001","136","7616","exist_in"
"14002","3","7616","exist_in"
"14003","49","7618","exist_in"
"14004","137","7618","exist_in"
"14005","138","7618","exist_in"
"14006","139","7619","exist_in"
"14007","140","7619","exist_in"
"14008","3","7619","exist_in"
"14009","141","7621","exist_in"
"14010","142","7624","exist_in"
"14011","143","7624","exist_in"
"14012","144","7624","exist_in"
"14013","145","7624","exist_in"
"14014","3","7624","exist_in"
"14015","146","7628","exist_in"
"14016","8","7629","exist_in"
"14017","147","7630","exist_in"
"14018","79","7631","exist_in"
"14019","148","7631","exist_in"
"14020","149","7631","exist_in"
"14021","150","7632","exist_in"
"14022","151","7632","exist_in"
"14023","152","7632","exist_in"
"14024","153","7272","exist_in"
"14025","153","7633","exist_in"
"14026","153","7793","exist_in"
"14027","154","7272","exist_in"
"14028","154","7633","exist_in"
"14029","154","7793","exist_in"
"14030","71","7634","exist_in"
"14031","155","7637","exist_in"
"14032","147","7637","exist_in"
"14033","71","7637","exist_in"
"14034","156","7638","exist_in"
"14035","157","7639","exist_in"
"14036","158","7640","exist_in"
"14037","8","7640","exist_in"
"14038","8","7641","exist_in"
"14039","159","7642","exist_in"
"14040","160","7642","exist_in"
"14041","47","7643","exist_in"
"14042","8","7644","exist_in"
"14043","161","7645","exist_in"
"14044","162","7645","exist_in"
"14045","163","7645","exist_in"
"14046","3","7646","exist_in"
"14047","164","7648","exist_in"
"14048","165","7650","exist_in"
"14049","166","7650","exist_in"
"14050","167","7650","exist_in"
"14051","168","7654","exist_in"
"14052","169","7654","exist_in"
"14053","170","7656","exist_in"
"14054","171","7657","exist_in"
"14055","64","7657","exist_in"
"14056","129","7657","exist_in"
"14057","172","7657","exist_in"
"14058","173","7657","exist_in"
"14059","174","7658","exist_in"
"14060","143","7658","exist_in"
"14061","175","7658","exist_in"
"14062","176","7658","exist_in"
"14063","177","7658","exist_in"
"14064","178","7658","exist_in"
"14065","179","7658","exist_in"
"14066","79","7658","exist_in"
"14067","180","7659","exist_in"
"14068","181","7659","exist_in"
"14069","182","7659","exist_in"
"14070","183","7659","exist_in"
"14071","184","7660","exist_in"
"14072","185","7660","exist_in"
"14073","186","7661","exist_in"
"14074","187","7663","exist_in"
"14075","188","7666","exist_in"
"14076","189","7666","exist_in"
"14077","190","7666","exist_in"
"14078","191","7666","exist_in"
"14079","192","7666","exist_in"
"14080","193","7666","exist_in"
"14081","194","7669","exist_in"
"14082","195","7669","exist_in"
"14083","3","7675","exist_in"
"14084","196","7675","exist_in"
"14085","79","7676","exist_in"
"14086","8","7676","exist_in"
"14087","197","7677","exist_in"
"14088","198","7678","exist_in"
"14089","199","7678","exist_in"
"14090","200","7680","exist_in"
"14091","201","7680","exist_in"
"14092","71","7683","exist_in"
"14093","202","7688","exist_in"
"14094","168","7689","exist_in"
"14095","203","7689","exist_in"
"14096","204","7689","exist_in"
"14097","205","7689","exist_in"
"14098","134","7691","exist_in"
"14099","206","7691","exist_in"
"14100","207","7691","exist_in"
"14101","208","7691","exist_in"
"14102","171","7693","exist_in"
"14103","189","7699","exist_in"
"14104","209","7702","exist_in"
"14105","210","7702","exist_in"
"14106","8","7704","exist_in"
"14107","211","7708","exist_in"
"14108","212","7709","exist_in"
"14109","213","7709","exist_in"
"14110","214","7710","exist_in"
"14111","215","7714","exist_in"
"14112","216","7715","exist_in"
"14113","217","7715","exist_in"
"14114","218","7719","exist_in"
"14115","30","7719","exist_in"
"14116","219","7719","exist_in"
"14117","220","7723","exist_in"
"14118","221","7725","exist_in"
"14119","144","7727","exist_in"
"14120","222","7727","exist_in"
"14121","223","7727","exist_in"
"14122","224","7728","exist_in"
"14123","225","7729","exist_in"
"14124","226","7729","exist_in"
"14125","227","7729","exist_in"
"14126","53","7736","exist_in"
"14127","12","7738","exist_in"
"14128","13","7738","exist_in"
"14129","228","7739","exist_in"
"14130","13","7739","exist_in"
"14131","229","7739","exist_in"
"14132","231","7740","exist_in"
"14133","232","7740","exist_in"
"14134","13","7742","exist_in"
"14135","93","7742","exist_in"
"14136","8","7742","exist_in"
"14137","122","7744","exist_in"
"14138","233","7744","exist_in"
"14139","90","7745","exist_in"
"14140","234","7745","exist_in"
"14141","239","7750","exist_in"
"14142","147","7751","exist_in"
"14143","240","7759","exist_in"
"14144","30","7759","exist_in"
"14145","241","7759","exist_in"
"14146","47","7763","exist_in"
"14147","242","7763","exist_in"
"14148","13","7763","exist_in"
"14149","243","7763","exist_in"
"14150","244","7768","exist_in"
"14151","245","7769","exist_in"
"14152","246","7769","exist_in"
"14153","245","7770","exist_in"
"14154","247","7770","exist_in"
"14155","248","7770","exist_in"
"14156","249","7772","exist_in"
"14157","250","7772","exist_in"
"14158","127","7772","exist_in"
"14159","30","7772","exist_in"
"14160","227","7772","exist_in"
"14161","255","7776","exist_in"
"14162","256","7776","exist_in"
"14163","227","7776","exist_in"
"14164","257","7777","exist_in"
"14165","258","7781","exist_in"
"14166","259","7786","exist_in"
"14167","260","7787","exist_in"
"14168","3","7789","exist_in"
"14169","261","7790","exist_in"
"14170","262","7791","exist_in"
"14171","30","7791","exist_in"
"14172","147","7791","exist_in"
"14173","263","7792","exist_in"
"14174","264","7792","exist_in"
"14175","265","7792","exist_in"
"14176","266","7792","exist_in"
"14177","267","7792","exist_in"
"14178","268","7794","exist_in"
"14179","269","7794","exist_in"
"14180","270","7794","exist_in"
"14181","271","7795","exist_in"
"14182","272","7795","exist_in"
"14183","273","7795","exist_in"
"14184","274","7795","exist_in"
"14185","275","7797","exist_in"
"14186","276","7798","exist_in"
"14187","277","7799","exist_in"
"14188","278","7801","exist_in"
"14189","279","7801","exist_in"
"14190","280","7803","exist_in"
"14191","281","7803","exist_in"
"14192","282","7803","exist_in"
"14193","283","7803","exist_in"
"14194","284","7806","exist_in"
"14195","285","7806","exist_in"
"14196","286","7806","exist_in"
"14197","9","7806","exist_in"
"14198","287","7806","exist_in"
"14199","331","7807","exist_in"
"14200","295","7808","exist_in"
"14201","227","7808","exist_in"
"14202","296","7811","exist_in"
"14203","299","7815","exist_in"
"14204","300","7815","exist_in"
"14205","301","7815","exist_in"
"14206","86","7817","exist_in"
"14207","302","7817","exist_in"
"14208","303","7817","exist_in"
"14209","304","7817","exist_in"
"14210","86","7818","exist_in"
"14211","305","7818","exist_in"
"14212","306","7818","exist_in"
"14213","203","7819","exist_in"
"14214","30","7819","exist_in"
"14215","307","7819","exist_in"
"14216","308","7820","exist_in"
"14217","86","7820","exist_in"
"14218","309","7820","exist_in"
"14219","310","7802","exist_in"
"14220","310","7821","exist_in"
"14221","311","7802","exist_in"
"14222","311","7821","exist_in"
"14223","306","7823","exist_in"
"14224","86","7824","exist_in"
"14225","30","7824","exist_in"
"14226","203","7824","exist_in"
"14227","312","7824","exist_in"
"14228","316","7828","exist_in"
"14229","28","7828","exist_in"
"14230","317","7828","exist_in"
"14231","318","7830","exist_in"
"14232","319","7830","exist_in"
"14233","320","7831","exist_in"
"14234","8","7832","exist_in"
"14235","13","7832","exist_in"
"14236","321","7833","exist_in"
"14237","322","7836","exist_in"
"14238","323","7836","exist_in"
"14239","28","7836","exist_in"
"14240","324","7836","exist_in"
"14241","325","7836","exist_in"
"14242","8","7836","exist_in"
"14243","326","7837","exist_in"
"14244","327","7837","exist_in"
"14245","30","7838","exist_in"
"14246","328","7838","exist_in"
"14247","329","7838","exist_in"
"14248","0","7840","exist_in"
"14249","1","7840","exist_in"
"14250","2","7840","exist_in"
"14251","3","7842","exist_in"
"14252","4","7847","exist_in"
"14253","5","7847","exist_in"
"14254","3","7848","exist_in"
"14255","6","7851","exist_in"
"14256","7","7851","exist_in"
"14257","8","7853","exist_in"
"14258","9","7854","exist_in"
"14259","3","7858","exist_in"
"14260","10","7858","exist_in"
"14261","11","7864","exist_in"
"14262","12","7865","exist_in"
"14263","13","7865","exist_in"
"14264","3","7865","exist_in"
"14265","14","7873","exist_in"
"14266","15","7873","exist_in"
"14267","16","7873","exist_in"
"14268","17","7873","exist_in"
"14269","18","7873","exist_in"
"14270","19","7873","exist_in"
"14271","20","7873","exist_in"
"14272","21","7873","exist_in"
"14273","22","7873","exist_in"
"14274","23","7873","exist_in"
"14275","15","7873","exist_in"
"14276","17","7873","exist_in"
"14277","24","7873","exist_in"
"14278","25","7873","exist_in"
"14279","26","7873","exist_in"
"14280","27","7873","exist_in"
"14281","28","7873","exist_in"
"14282","29","7873","exist_in"
"14283","3","7874","exist_in"
"14284","8","7875","exist_in"
"14285","30","7877","exist_in"
"14286","31","7877","exist_in"
"14287","32","7883","exist_in"
"14288","33","7883","exist_in"
"14289","34","7883","exist_in"
"14290","35","7883","exist_in"
"14291","36","7883","exist_in"
"14292","37","7883","exist_in"
"14293","38","7885","exist_in"
"14294","39","7886","exist_in"
"14295","40","7887","exist_in"
"14296","41","7889","exist_in"
"14297","42","7889","exist_in"
"14298","43","7889","exist_in"
"14299","44","7889","exist_in"
"14300","45","7889","exist_in"
"14301","46","7892","exist_in"
"14302","47","7893","exist_in"
"14303","48","7893","exist_in"
"14304","49","7893","exist_in"
"14305","50","7893","exist_in"
"14306","51","7893","exist_in"
"14307","52","7895","exist_in"
"14308","8","7895","exist_in"
"14309","53","7895","exist_in"
"14310","54","7896","exist_in"
"14311","55","7896","exist_in"
"14312","56","7896","exist_in"
"14313","57","7898","exist_in"
"14314","49","7898","exist_in"
"14315","58","7900","exist_in"
"14316","8","7901","exist_in"
"14317","30","7901","exist_in"
"14318","59","7901","exist_in"
"14319","13","7902","exist_in"
"14320","60","7902","exist_in"
"14321","61","7902","exist_in"
"14322","62","7902","exist_in"
"14323","63","7902","exist_in"
"14324","64","7902","exist_in"
"14325","65","7906","exist_in"
"14326","66","7906","exist_in"
"14327","67","7906","exist_in"
"14328","68","7907","exist_in"
"14329","69","7907","exist_in"
"14330","70","7907","exist_in"
"14331","71","7908","exist_in"
"14332","72","7911","exist_in"
"14333","73","7911","exist_in"
"14334","74","7911","exist_in"
"14335","75","7913","exist_in"
"14336","76","7913","exist_in"
"14337","77","7914","exist_in"
"14338","78","7915","exist_in"
"14339","79","7915","exist_in"
"14340","80","7916","exist_in"
"14341","8","7920","exist_in"
"14342","81","7921","exist_in"
"14343","82","7921","exist_in"
"14344","83","7923","exist_in"
"14345","58","7927","exist_in"
"14346","40","7928","exist_in"
"14347","84","7928","exist_in"
"14348","85","7928","exist_in"
"14349","13","7928","exist_in"
"14350","86","7928","exist_in"
"14351","87","7928","exist_in"
"14352","8","7930","exist_in"
"14353","13","7930","exist_in"
"14354","88","7931","exist_in"
"14355","89","7933","exist_in"
"14356","90","7933","exist_in"
"14357","62","7935","exist_in"
"14358","91","7935","exist_in"
"14359","92","7935","exist_in"
"14360","63","7935","exist_in"
"14361","93","7935","exist_in"
"14362","94","7935","exist_in"
"14363","95","7935","exist_in"
"14364","13","7936","exist_in"
"14365","96","7936","exist_in"
"14366","97","7936","exist_in"
"14367","98","7937","exist_in"
"14368","99","7937","exist_in"
"14369","100","7937","exist_in"
"14370","13","7938","exist_in"
"14371","96","7938","exist_in"
"14372","62","7938","exist_in"
"14373","91","7938","exist_in"
"14374","101","7938","exist_in"
"14375","63","7938","exist_in"
"14376","102","7938","exist_in"
"14377","103","7940","exist_in"
"14378","104","7940","exist_in"
"14379","105","7940","exist_in"
"14380","106","7942","exist_in"
"14381","107","7946","exist_in"
"14382","9","7947","exist_in"
"14383","112","7949","exist_in"
"14384","113","7949","exist_in"
"14385","114","7950","exist_in"
"14386","115","7950","exist_in"
"14387","116","7950","exist_in"
"14388","117","7951","exist_in"
"14389","118","7953","exist_in"
"14390","119","7954","exist_in"
"14391","120","7955","exist_in"
"14392","121","7955","exist_in"
"14393","122","7956","exist_in"
"14394","30","7956","exist_in"
"14395","79","7957","exist_in"
"14396","13","7957","exist_in"
"14397","123","7957","exist_in"
"14398","30","7957","exist_in"
"14399","124","7957","exist_in"
"14400","125","7957","exist_in"
"14401","13","7958","exist_in"
"14402","86","7958","exist_in"
"14403","123","7958","exist_in"
"14404","30","7958","exist_in"
"14405","126","7958","exist_in"
"14406","79","7959","exist_in"
"14407","13","7959","exist_in"
"14408","127","7959","exist_in"
"14409","128","7959","exist_in"
"14410","129","7959","exist_in"
"14411","30","7959","exist_in"
"14412","62","7959","exist_in"
"14413","124","7959","exist_in"
"14414","128","7960","exist_in"
"14415","129","7960","exist_in"
"14416","30","7960","exist_in"
"14417","130","7960","exist_in"
"14418","13","7961","exist_in"
"14419","30","7961","exist_in"
"14420","93","7961","exist_in"
"14421","131","7963","exist_in"
"14422","132","7964","exist_in"
"14423","10","7964","exist_in"
"14424","133","7965","exist_in"
"14425","134","7965","exist_in"
"14426","135","7966","exist_in"
"14427","60","7966","exist_in"
"14428","136","7966","exist_in"
"14429","3","7966","exist_in"
"14430","49","7968","exist_in"
"14431","137","7968","exist_in"
"14432","138","7968","exist_in"
"14433","139","7969","exist_in"
"14434","140","7969","exist_in"
"14435","3","7969","exist_in"
"14436","141","7971","exist_in"
"14437","142","7974","exist_in"
"14438","143","7974","exist_in"
"14439","144","7974","exist_in"
"14440","145","7974","exist_in"
"14441","3","7974","exist_in"
"14442","146","7978","exist_in"
"14443","8","7979","exist_in"
"14444","147","7980","exist_in"
"14445","79","7981","exist_in"
"14446","148","7981","exist_in"
"14447","149","7981","exist_in"
"14448","150","7982","exist_in"
"14449","151","7982","exist_in"
"14450","152","7982","exist_in"
"14451","153","7983","exist_in"
"14452","154","7983","exist_in"
"14453","71","7984","exist_in"
"14454","155","7987","exist_in"
"14455","147","7987","exist_in"
"14456","71","7987","exist_in"
"14457","156","7988","exist_in"
"14458","157","7989","exist_in"
"14459","158","7990","exist_in"
"14460","8","7990","exist_in"
"14461","8","7991","exist_in"
"14462","159","7992","exist_in"
"14463","160","7992","exist_in"
"14464","47","7993","exist_in"
"14465","8","7994","exist_in"
"14466","161","7995","exist_in"
"14467","162","7995","exist_in"
"14468","163","7995","exist_in"
"14469","3","7996","exist_in"
"14470","164","7998","exist_in"
"14471","165","8000","exist_in"
"14472","166","8000","exist_in"
"14473","167","8000","exist_in"
"14474","168","8004","exist_in"
"14475","169","8004","exist_in"
"14476","170","8006","exist_in"
"14477","171","8007","exist_in"
"14478","64","8007","exist_in"
"14479","129","8007","exist_in"
"14480","174","8008","exist_in"
"14481","143","8008","exist_in"
"14482","175","8008","exist_in"
"14483","176","8008","exist_in"
"14484","177","8008","exist_in"
"14485","178","8008","exist_in"
"14486","179","8008","exist_in"
"14487","79","8008","exist_in"
"14488","180","8009","exist_in"
"14489","181","8009","exist_in"
"14490","182","8009","exist_in"
"14491","183","8009","exist_in"
"14492","184","8010","exist_in"
"14493","185","8010","exist_in"
"14494","186","8011","exist_in"
"14495","187","8013","exist_in"
"14496","188","8016","exist_in"
"14497","189","8016","exist_in"
"14498","190","8016","exist_in"
"14499","191","8016","exist_in"
"14500","192","8016","exist_in"
"14501","193","8016","exist_in"
"14502","194","8019","exist_in"
"14503","195","8019","exist_in"
"14504","3","8025","exist_in"
"14505","196","8025","exist_in"
"14506","79","8026","exist_in"
"14507","8","8026","exist_in"
"14508","197","8027","exist_in"
"14509","198","8028","exist_in"
"14510","199","8028","exist_in"
"14511","200","8030","exist_in"
"14512","201","8030","exist_in"
"14513","71","8033","exist_in"
"14514","202","8038","exist_in"
"14515","168","8039","exist_in"
"14516","203","8039","exist_in"
"14517","204","8039","exist_in"
"14518","205","8039","exist_in"
"14519","134","8041","exist_in"
"14520","206","8041","exist_in"
"14521","207","8041","exist_in"
"14522","208","8041","exist_in"
"14523","171","8043","exist_in"
"14524","189","8049","exist_in"
"14525","209","8052","exist_in"
"14526","210","8052","exist_in"
"14527","8","8054","exist_in"
"14536","2030","513","has_expression"
"14538","2030","353","has_expression"
"14545","2032","513","has_expression"
"14546","2032","396","has_expression"
"14548","2033","396","has_expression"
"14561","2035","488","has_expression"
"14568","2037","513","has_expression"
"14571","2038","354","has_expression"
"14576","2039","537","has_expression"
"14579","2040","512","has_expression"
"14581","2042","396","has_expression"
"14590","2044","488","has_expression"
"14598","2046","396","has_expression"
"14607","2048","385","has_expression"
"14610","2048","449","has_expression"
"14614","2048","396","has_expression"
"14621","2049","488","has_expression"
"14643","2052","388","has_expression"
"14649","2052","396","has_expression"
"14654","2054","406","has_expression"
"14660","2056","513","has_expression"
"14664","2056","353","has_expression"
"14667","2057","334","has_expression"
"14673","2059","353","has_expression"
"14681","2060","463","has_expression"
"14683","2061","445","has_expression"
"14704","2070","396","has_expression"
"14718","2076","385","has_expression"
"14721","2076","449","has_expression"
"14725","2076","396","has_expression"
"14734","2081","467","has_expression"
"14742","2084","353","has_expression"
"14751","2085","396","has_expression"
"14764","2087","344","has_expression"
"14774","2092","396","has_expression"
"14779","2092","513","has_expression"
"14782","2094","513","has_expression"
"14784","2095","480","has_expression"
"14788","2095","501","has_expression"
"14812","2098","456","has_expression"
"14815","2099","456","has_expression"
"14819","2099","496","has_expression"
"14823","2100","353","has_expression"
"14824","2100","462","has_expression"
"14827","2100","396","has_expression"
"14839","2102","396","has_expression"
"14842","2103","513","has_expression"
"14843","2103","462","has_expression"
"14849","2103","396","has_expression"
"14852","2104","396","has_expression"
"14859","2107","388","has_expression"
"14865","2107","396","has_expression"
"14882","2111","456","has_expression"
"14884","2111","361","has_expression"
"14899","2115","396","has_expression"
"14901","2115","392","has_expression"
"14902","2115","440","has_expression"
"14910","2116","350","has_expression"
"14914","2117","396","has_expression"
"14920","2118","396","has_expression"
"14922","2119","456","has_expression"
"14931","2122","489","has_expression"
"14941","2126","488","has_expression"
"14953","2127","396","has_expression"
"14965","2130","396","has_expression"
"14970","2131","531","has_expression"
"14973","2131","345","has_expression"
"14977","2132","531","has_expression"
"14980","2132","345","has_expression"
"14987","2133","396","has_expression"
"14991","2135","396","has_expression"
"14999","2137","353","has_expression"
"15012","2139","396","has_expression"
"15018","2140","489","has_expression"
"15021","2141","524","has_expression"
"15027","2142","456","has_expression"
"15028","2142","365","has_expression"
"15045","2144","396","has_expression"
"15062","2148","353","has_expression"
"15069","2148","513","has_expression"
"15084","2155","522","has_expression"
"15087","2157","523","has_expression"
"15088","2157","463","has_expression"
"15090","2158","524","has_expression"
"15092","2159","396","has_expression"
"15105","2161","403","has_expression"
"15108","2161","409","has_expression"
"15112","2162","396","has_expression"
"15114","2163","524","has_expression"
"15117","2164","396","has_expression"
"15118","2165","396","has_expression"
"15135","2168","466","has_expression"
"15139","2168","396","has_expression"
"15153","2169","466","has_expression"
"15157","2169","396","has_expression"
"15166","2171","513","has_expression"
"15170","2172","353","has_expression"
"15172","2172","513","has_expression"
"15174","2172","396","has_expression"
"15184","2175","417","has_expression"
"15185","2177","396","has_expression"
"15190","2177","353","has_expression"
"15195","2177","388","has_expression"
"15202","2178","371","has_expression"
"15203","2178","396","has_expression"
"15206","2178","513","has_expression"
"15210","2179","513","has_expression"
"15213","2180","396","has_expression"
"15214","2180","513","has_expression"
"15217","2181","396","has_expression"
"15221","2182","474","has_expression"
"15223","2185","513","has_expression"
"15224","2185","462","has_expression"
"15230","2185","396","has_expression"
"15234","2186","396","has_expression"
"15238","2187","513","has_expression"
"15241","2187","396","has_expression"
"15251","2189","425","has_expression"
"15252","2190","467","has_expression"
"15258","2191","513","has_expression"
"15260","2191","396","has_expression"
"15264","2192","396","has_expression"
"15265","2193","361","has_expression"
"15271","2194","396","has_expression"
"15278","2195","513","has_expression"
"15280","2195","396","has_expression"
"15281","2196","495","has_expression"
"15285","2196","396","has_expression"
"15287","2196","513","has_expression"
"15291","2196","541","has_expression"
"15305","2200","379","has_expression"
"15310","2200","396","has_expression"
"15319","2200","456","has_expression"
"15323","2202","379","has_expression"
"15330","2205","523","has_expression"
"15331","2205","463","has_expression"
"15340","2212","462","has_expression"
"15342","2212","396","has_expression"
"15367","2216","396","has_expression"
"15376","2220","396","has_expression"
"15379","2220","513","has_expression"
"15385","2221","396","has_expression"
"15387","2221","513","has_expression"
"15412","2223","541","has_expression"
"15419","2224","513","has_expression"
"15421","2224","396","has_expression"
"15433","2224","353","has_expression"
"15443","2224","394","has_expression"
"15444","2224","405","has_expression"
"15445","2225","513","has_expression"
"15450","2225","353","has_expression"
"15460","2229","423","has_expression"
"15470","2230","356","has_expression"
"15471","2230","442","has_expression"
"15488","2235","534","has_expression"
"15500","2237","468","has_expression"
"15507","2238","334","has_expression"
"15514","2240","361","has_expression"
"15516","2241","448","has_expression"
"15537","2248","396","has_expression"
"15539","2248","456","has_expression"
"15544","2249","334","has_expression"
"15550","2251","396","has_expression"
"15567","2254","353","has_expression"
"15569","2254","396","has_expression"
"15575","2256","396","has_expression"
"15578","2256","513","has_expression"
"15585","2259","387","has_expression"
"15588","2259","361","has_expression"
"15602","2264","396","has_expression"
"15611","2266","396","has_expression"
"15614","2271","388","has_expression"
"15617","2273","340","has_expression"
"15618","2273","332","has_expression"
"15623","2273","414","has_expression"
"15624","2273","366","has_expression"
"15626","2273","396","has_expression"
"15642","2279","396","has_expression"
"15647","2282","513","has_expression"
"15649","2282","396","has_expression"
"15652","2283","513","has_expression"
"15654","2283","396","has_expression"
"15657","2284","513","has_expression"
"15659","2284","396","has_expression"
"15665","2287","513","has_expression"
"15667","2287","396","has_expression"
"15673","2291","353","has_expression"
"15689","2295","513","has_expression"
"15690","2295","353","has_expression"
"15692","2295","396","has_expression"
"15694","2296","513","has_expression"
"15695","2296","353","has_expression"
"15697","2296","396","has_expression"
"15706","2298","396","has_expression"
"15709","2298","353","has_expression"
"15723","2303","513","has_expression"
"15724","2303","396","has_expression"
"15725","2304","396","has_expression"
"15728","2306","522","has_expression"
"15733","2307","353","has_expression"
"15734","2307","396","has_expression"
"15742","2309","353","has_expression"
"15747","2310","489","has_expression"
"15771","2313","396","has_expression"
"15779","2313","353","has_expression"
"15794","2313","486","has_expression"
"15796","2313","416","has_expression"
"15801","2313","350","has_expression"
"15804","2313","473","has_expression"
"15812","2313","474","has_expression"
"15822","2313","531","has_expression"
"15825","2313","345","has_expression"
"15841","2313","513","has_expression"
"15845","2313","482","has_expression"
"15847","2313","361","has_expression"
"15899","2313","522","has_expression"
"15907","2313","342","has_expression"
"15917","2313","403","has_expression"
"15920","2313","409","has_expression"
"15923","2313","370","has_expression"
"15952","2313","508","has_expression"
"15960","2313","536","has_expression"
"15983","2313","538","has_expression"
"15984","2313","422","has_expression"
"15987","2313","373","has_expression"
"15988","2313","523","has_expression"
"16000","2314","396","has_expression"
"16008","2315","396","has_expression"
"16011","2315","513","has_expression"
"16021","2319","341","has_expression"
"16028","2320","396","has_expression"
"16031","2320","490","has_expression"
"16037","2322","396","has_expression"
"16040","2323","340","has_expression"
"16042","2323","396","has_expression"
"16045","2324","415","has_expression"
"16048","2324","396","has_expression"
"16052","2325","408","has_expression"
"16054","2325","396","has_expression"
"16064","2327","396","has_expression"
"16088","2330","396","has_expression"
"16091","2331","396","has_expression"
"16104","2332","373","has_expression"
"16105","2332","523","has_expression"
"16106","2332","396","has_expression"
"16109","2333","396","has_expression"
"16114","2333","508","has_expression"
"16115","2334","396","has_expression"
"16121","2335","396","has_expression"
"16124","2336","396","has_expression"
"16127","2336","473","has_expression"
"16148","2340","396","has_expression"
"16153","2340","353","has_expression"
"16160","2341","333","has_expression"
"16173","2343","538","has_expression"
"16176","2344","458","has_expression"
"16183","2350","353","has_expression"
"16192","2355","396","has_expression"
"16193","2355","517","has_expression"
"16200","2356","513","has_expression"
"16201","2356","335","has_expression"
"16207","2357","513","has_expression"
"16210","2357","396","has_expression"
"16214","2361","467","has_expression"
"16226","2365","396","has_expression"
"16231","2366","396","has_expression"
"16236","2367","513","has_expression"
"16244","2368","334","has_expression"
"16258","2372","396","has_expression"
"16261","2372","513","has_expression"
"16274","2374","513","has_expression"
"16275","2374","396","has_expression"
"16291","2379","513","has_expression"
"16300","2382","513","has_expression"
"16306","2382","353","has_expression"
"16309","2384","396","has_expression"
"16312","2384","353","has_expression"
"16323","2388","396","has_expression"
"16326","2388","513","has_expression"
"16328","2389","396","has_expression"
"16332","2389","401","has_expression"
"16335","2391","353","has_expression"
"16338","2391","396","has_expression"
"16343","2391","387","has_expression"
"16350","2392","396","has_expression"
"16360","2393","396","has_expression"
"16371","2394","513","has_expression"
"16375","2394","528","has_expression"
"16377","2394","396","has_expression"
"16381","2394","387","has_expression"
"16390","2394","353","has_expression"
"16409","2395","396","has_expression"
"16438","2403","513","has_expression"
"16440","2403","396","has_expression"
"16443","2404","396","has_expression"
"16444","2404","513","has_expression"
"16450","2407","447","has_expression"
"16462","2410","510","has_expression"
"16469","2412","513","has_expression"
"16475","2413","334","has_expression"
"16481","2414","396","has_expression"
"16484","2415","396","has_expression"
"16485","2415","513","has_expression"
"16501","2417","466","has_expression"
"16505","2417","396","has_expression"
"16516","2418","396","has_expression"
"16519","2418","353","has_expression"
"16522","2419","396","has_expression"
"16527","2420","396","has_expression"
"16541","2422","343","has_expression"
"16544","2423","343","has_expression"
"16549","2424","418","has_expression"
"16550","2425","346","has_expression"
"16553","2425","396","has_expression"
"16554","2425","387","has_expression"
"16562","2425","513","has_expression"
"16566","2427","396","has_expression"
"16568","2428","513","has_expression"
"16570","2428","353","has_expression"
"16579","2433","513","has_expression"
"16587","2434","541","has_expression"
"16591","2435","424","has_expression"
"16596","2438","396","has_expression"
"16599","2438","513","has_expression"
"16607","2443","396","has_expression"
"16614","2444","396","has_expression"
"16615","2445","396","has_expression"
"16619","2447","396","has_expression"
"16622","2448","396","has_expression"
"16626","2450","396","has_expression"
"16631","2451","396","has_expression"
"16633","2451","400","has_expression"
"16635","2451","505","has_expression"
"16636","2451","513","has_expression"
"16645","2452","342","has_expression"
"16650","2454","469","has_expression"
"16657","2458","353","has_expression"
"16658","2458","462","has_expression"
"16661","2458","396","has_expression"
"16664","2459","456","has_expression"
"16668","2459","496","has_expression"
"16670","2459","513","has_expression"
"16671","2459","462","has_expression"
"16677","2459","396","has_expression"
"16687","2462","534","has_expression"
"16695","2463","342","has_expression"
"16702","2464","541","has_expression"
"16705","2466","513","has_expression"
"16708","2467","513","has_expression"
"16711","2467","396","has_expression"
"16713","2467","387","has_expression"
"16715","2468","396","has_expression"
"16719","2469","456","has_expression"
"16721","2469","361","has_expression"
"16752","2481","353","has_expression"
"16757","2483","531","has_expression"
"16760","2483","345","has_expression"
"16772","2485","396","has_expression"
"16783","2487","396","has_expression"
"16800","2490","396","has_expression"
"16802","2491","530","has_expression"
"16804","2491","349","has_expression"
"16807","2491","396","has_expression"
"16821","2494","361","has_expression"
"16834","2498","382","has_expression"
"16835","2498","502","has_expression"
"16839","2499","396","has_expression"
"16859","2504","353","has_expression"
"16860","2504","352","has_expression"
"16870","2507","373","has_expression"
"16871","2507","523","has_expression"
"16889","2510","396","has_expression"
"16909","2522","456","has_expression"
"16916","2523","396","has_expression"
"16924","2527","353","has_expression"
"16936","2530","396","has_expression"
"16941","2530","508","has_expression"
"16947","2533","396","has_expression"
"16949","2533","513","has_expression"
"16966","2537","436","has_expression"
"16971","2537","435","has_expression"
"16975","2538","513","has_expression"
"16976","2538","396","has_expression"
"16981","2539","396","has_expression"
"16983","2539","513","has_expression"
"16995","2542","522","has_expression"
"16997","2542","353","has_expression"
"17004","2542","396","has_expression"
"17006","2542","456","has_expression"
"17017","2544","506","has_expression"
"17021","2544","484","has_expression"
"17022","2544","396","has_expression"
"17026","2545","396","has_expression"
"17030","2545","513","has_expression"
"17035","2548","383","has_expression"
"17037","2549","383","has_expression"
"17039","2550","467","has_expression"
"17047","2553","396","has_expression"
"17060","2559","408","has_expression"
"17062","2559","396","has_expression"
"17072","2561","396","has_expression"
"17079","2563","387","has_expression"
"17086","2566","513","has_expression"
"17087","2566","396","has_expression"
"17090","2567","353","has_expression"
"17100","2569","396","has_expression"
"17114","2571","353","has_expression"
"17116","2572","380","has_expression"
"17121","2572","353","has_expression"
"17128","2572","396","has_expression"
"17140","2572","513","has_expression"
"17149","2575","396","has_expression"
"17155","2576","396","has_expression"
"17168","2579","396","has_expression"
"17174","2582","515","has_expression"
"17177","2583","532","has_expression"
"17181","2585","353","has_expression"
"17185","2588","340","has_expression"
"17188","2588","396","has_expression"
"17194","2589","353","has_expression"
"17205","2592","396","has_expression"
"17209","2593","353","has_expression"
"17211","2593","396","has_expression"
"17215","2594","396","has_expression"
"17220","2596","513","has_expression"
"17230","2602","353","has_expression"
"17232","2603","541","has_expression"
"17233","2603","511","has_expression"
"17234","2603","396","has_expression"
"17240","2604","353","has_expression"
"17243","2604","396","has_expression"
"17245","2604","463","has_expression"
"17250","2606","361","has_expression"
"17253","2607","408","has_expression"
"17255","2607","396","has_expression"
"17264","2609","396","has_expression"
"17274","2611","361","has_expression"
"17292","2618","456","has_expression"
"17293","2618","513","has_expression"
"17297","2618","353","has_expression"
"17308","2621","344","has_expression"
"17314","2622","362","has_expression"
"17315","2622","513","has_expression"
"17319","2622","456","has_expression"
"17322","2624","353","has_expression"
"17324","2624","396","has_expression"
"17333","2642","513","has_expression"
"17335","2642","387","has_expression"
"17341","2642","396","has_expression"
"17347","2642","353","has_expression"
"17364","2643","396","has_expression"
"17369","2644","513","has_expression"
"17375","2644","396","has_expression"
"17384","2644","346","has_expression"
"17387","2644","387","has_expression"
"17398","2644","353","has_expression"
"17404","2644","354","has_expression"
"17416","2646","396","has_expression"
"17423","2647","396","has_expression"
"17433","2649","396","has_expression"
"17434","2650","341","has_expression"
"17442","2651","396","has_expression"
"17446","2651","513","has_expression"
"17453","2653","433","has_expression"
"17454","2653","396","has_expression"
"17459","2653","417","has_expression"
"17469","2653","506","has_expression"
"17471","2653","484","has_expression"
"17486","2655","434","has_expression"
"17495","2658","396","has_expression"
"17497","2658","513","has_expression"
"17503","2659","456","has_expression"
"17505","2659","361","has_expression"
"17507","2660","478","has_expression"
"17513","2661","396","has_expression"
"17517","2661","451","has_expression"
"17532","2665","513","has_expression"
"17533","2665","462","has_expression"
"17539","2665","396","has_expression"
"17541","2666","396","has_expression"
"17554","2668","513","has_expression"
"17555","2668","396","has_expression"
"17558","2669","513","has_expression"
"17559","2669","353","has_expression"
"17561","2671","396","has_expression"
"17572","2679","425","has_expression"
"17578","2680","396","has_expression"
"17586","2681","396","has_expression"
"17593","2681","513","has_expression"
"17600","2682","382","has_expression"
"17601","2682","502","has_expression"
"17611","2685","355","has_expression"
"17616","2686","380","has_expression"
"17625","2690","440","has_expression"
"17630","2690","396","has_expression"
"17636","2690","355","has_expression"
"17674","2690","513","has_expression"
"17701","2690","353","has_expression"
"17704","2690","387","has_expression"
"17708","2690","524","has_expression"
"17715","2690","354","has_expression"
"17724","2690","382","has_expression"
"17725","2690","502","has_expression"
"17760","2692","440","has_expression"
"17763","2692","434","has_expression"
"17765","2693","507","has_expression"
"17792","2697","396","has_expression"
"17796","2697","485","has_expression"
"17800","2697","425","has_expression"
"17803","2697","516","has_expression"
"17815","2699","524","has_expression"
"17818","2701","378","has_expression"
"17822","2702","353","has_expression"
"17830","2702","513","has_expression"
"17835","2702","396","has_expression"
"17837","2702","463","has_expression"
"17853","2702","456","has_expression"
"17861","2702","371","has_expression"
"17881","2703","396","has_expression"
"17883","2703","513","has_expression"
"17885","2703","539","has_expression"
"17891","2703","520","has_expression"
"17913","2714","396","has_expression"
"17914","2714","465","has_expression"
"17920","2714","513","has_expression"
"17940","2714","342","has_expression"
"17950","2714","387","has_expression"
"17955","2714","455","has_expression"
"17956","2714","493","has_expression"
"17957","2714","461","has_expression"
"17958","2714","456","has_expression"
"17965","2714","521","has_expression"
"17984","2721","387","has_expression"
"17987","2721","361","has_expression"
"17990","2724","408","has_expression"
"17992","2724","396","has_expression"
"18000","2724","353","has_expression"
"18016","2730","513","has_expression"
"18018","2730","396","has_expression"
"18021","2730","397","has_expression"
"18026","2731","513","has_expression"
"18028","2731","396","has_expression"
"18039","2732","456","has_expression"
"18041","2732","361","has_expression"
"18044","2732","452","has_expression"
"18048","2732","406","has_expression"
"18069","2734","396","has_expression"
"18073","2736","396","has_expression"
"18076","2737","396","has_expression"
"18082","2739","396","has_expression"
"18090","2740","396","has_expression"
"18093","2740","353","has_expression"
"18094","2741","353","has_expression"
"18114","2745","396","has_expression"
"18115","2745","353","has_expression"
"18121","2745","430","has_expression"
"18129","2746","353","has_expression"
"18136","2748","396","has_expression"
"18139","2748","513","has_expression"
"18143","2750","341","has_expression"
"18158","2753","531","has_expression"
"18161","2753","345","has_expression"
"18166","2753","513","has_expression"
"18188","2761","513","has_expression"
"18192","2761","353","has_expression"
"18194","2762","367","has_expression"
"18204","2764","492","has_expression"
"18205","2764","353","has_expression"
"18209","2764","396","has_expression"
"18210","2765","453","has_expression"
"18212","2765","476","has_expression"
"18213","2766","447","has_expression"
"18214","2767","485","has_expression"
"18218","2768","396","has_expression"
"18227","2771","396","has_expression"
"18228","2771","353","has_expression"
"18233","2773","396","has_expression"
"18234","2773","420","has_expression"
"18238","2774","396","has_expression"
"18239","2774","420","has_expression"
"18249","2775","353","has_expression"
"18251","2777","396","has_expression"
"18263","2779","396","has_expression"
"18269","2780","513","has_expression"
"18271","2780","396","has_expression"
"18273","2781","507","has_expression"
"18282","2784","396","has_expression"
"18285","2784","353","has_expression"
"18296","2786","396","has_expression"
"18300","2787","361","has_expression"
"18303","2787","396","has_expression"
"18316","2789","396","has_expression"
"18323","2792","511","has_expression"
"18326","2796","396","has_expression"
"18329","2796","513","has_expression"
"18332","2797","396","has_expression"
"18338","2798","353","has_expression"
"18359","2802","360","has_expression"
"18362","2803","474","has_expression"
"18364","2805","353","has_expression"
"18366","2805","396","has_expression"
"18368","2806","408","has_expression"
"18370","2806","396","has_expression"
"18378","2806","353","has_expression"
"18397","2810","376","has_expression"
"18399","2812","353","has_expression"
"18401","2812","396","has_expression"
"18409","2814","513","has_expression"
"18410","2814","462","has_expression"
"18416","2814","396","has_expression"
"18423","2817","485","has_expression"
"18424","2818","485","has_expression"
"18429","2819","382","has_expression"
"18430","2819","502","has_expression"
"18435","2820","513","has_expression"
"18438","2822","396","has_expression"
"18441","2823","456","has_expression"
"18442","2825","396","has_expression"
"18443","2825","513","has_expression"
"18447","2827","396","has_expression"
"18450","2827","513","has_expression"
"18455","2830","353","has_expression"
"18461","2831","396","has_expression"
"18464","2831","353","has_expression"
"18465","2832","513","has_expression"
"18469","2834","396","has_expression"
"18480","2837","396","has_expression"
"18481","2837","513","has_expression"
"18483","2838","396","has_expression"
"18486","2838","513","has_expression"
"18490","2839","456","has_expression"
"18509","2843","495","has_expression"
"18513","2843","396","has_expression"
"18515","2843","513","has_expression"
"18521","2843","458","has_expression"
"18528","2843","516","has_expression"
"18535","2843","524","has_expression"
"18548","2843","541","has_expression"
"18552","2843","397","has_expression"
"18569","2847","382","has_expression"
"18570","2847","502","has_expression"
"18577","2848","396","has_expression"
"18587","2850","382","has_expression"
"18588","2850","502","has_expression"
"18589","2851","513","has_expression"
"18593","2851","353","has_expression"
"18597","2854","353","has_expression"
"18598","2854","513","has_expression"
"18599","2854","396","has_expression"
"18605","2856","396","has_expression"
"18610","2859","527","has_expression"
"18629","2865","371","has_expression"
"18630","2865","396","has_expression"
"18633","2865","513","has_expression"
"18639","2868","396","has_expression"
"18646","2869","385","has_expression"
"18649","2869","449","has_expression"
"18653","2869","396","has_expression"
"18661","2870","353","has_expression"
"18665","2870","396","has_expression"
"18675","2875","456","has_expression"
"18680","2879","396","has_expression"
"18688","2881","396","has_expression"
"18695","2882","396","has_expression"
"18700","2882","513","has_expression"
"18703","2884","396","has_expression"
"18708","2884","513","has_expression"
"18715","2885","396","has_expression"
"18739","2895","396","has_expression"
"18740","2895","513","has_expression"
"18747","2896","396","has_expression"
"18750","2896","513","has_expression"
"18758","2898","396","has_expression"
"18760","2898","451","has_expression"
"18765","2900","427","has_expression"
"18766","2901","522","has_expression"
"18768","2901","353","has_expression"
"18771","2903","513","has_expression"
"18774","2903","396","has_expression"
"18776","2903","533","has_expression"
"18778","2903","391","has_expression"
"18795","2907","513","has_expression"
"18796","2908","513","has_expression"
"18802","2908","396","has_expression"
"18816","2914","532","has_expression"
"18819","2915","532","has_expression"
"18833","2921","396","has_expression"
"18851","2927","396","has_expression"
"18853","2927","513","has_expression"
"18859","2928","353","has_expression"
"18866","2932","340","has_expression"
"18874","2934","486","has_expression"
"18876","2934","416","has_expression"
"18881","2934","350","has_expression"
"18888","2939","541","has_expression"
"18896","2939","396","has_expression"
"18906","2939","358","has_expression"
"18907","2939","357","has_expression"
"18913","2945","353","has_expression"
"18918","2946","513","has_expression"
"18919","2946","353","has_expression"
"18926","2948","396","has_expression"
"18931","2950","456","has_expression"
"18939","2950","396","has_expression"
"18944","2951","488","has_expression"
"18945","2951","446","has_expression"
"18964","2956","410","has_expression"
"18975","2959","396","has_expression"
"18992","2962","396","has_expression"
"18993","2962","513","has_expression"
"19002","2964","513","has_expression"
"19003","2964","396","has_expression"
"19005","2965","396","has_expression"
"19009","2965","513","has_expression"
"19022","2970","396","has_expression"
"19026","2970","513","has_expression"
"19042","2973","396","has_expression"
"19047","2975","513","has_expression"
"19050","2975","396","has_expression"
"19065","2983","396","has_expression"
"19073","2984","489","has_expression"
"19084","2987","396","has_expression"
"19085","2987","513","has_expression"
"19092","2994","396","has_expression"
"19102","2995","382","has_expression"
"19103","2995","502","has_expression"
"19105","2996","448","has_expression"
"19113","2997","396","has_expression"
"19116","2997","513","has_expression"
"19125","2997","541","has_expression"
"19129","2997","353","has_expression"
"19131","2997","394","has_expression"
"19132","2997","405","has_expression"
"19163","2997","529","has_expression"
"19165","2998","511","has_expression"
"19172","2999","396","has_expression"
"19179","3001","396","has_expression"
"19190","3003","396","has_expression"
"19197","3003","513","has_expression"
"19214","3008","396","has_expression"
"19232","3012","513","has_expression"
"19235","3012","396","has_expression"
"19241","3013","344","has_expression"
"19244","3014","456","has_expression"
"19250","3020","513","has_expression"
"19252","3020","353","has_expression"
"19264","3022","491","has_expression"
"19272","3022","463","has_expression"
"19275","3024","386","has_expression"
"19280","3024","342","has_expression"
"19317","3032","342","has_expression"
"19326","3034","436","has_expression"
"19327","3034","376","has_expression"
"19346","3037","456","has_expression"
"19347","3037","396","has_expression"
"19349","3037","513","has_expression"
"19352","3037","491","has_expression"
"19354","3039","396","has_expression"
"19359","3042","396","has_expression"
"19361","3042","455","has_expression"
"19362","3042","493","has_expression"
"19363","3042","461","has_expression"
"19375","3046","396","has_expression"
"19382","3046","513","has_expression"
"19385","3048","465","has_expression"
"19390","3049","361","has_expression"
"19407","3053","378","has_expression"
"19408","3054","361","has_expression"
"19433","3063","344","has_expression"
"19438","3064","344","has_expression"
"19443","3066","353","has_expression"
"19457","3070","458","has_expression"
"19469","3072","513","has_expression"
"19480","3074","456","has_expression"
"19481","3074","513","has_expression"
"19485","3074","353","has_expression"
"19493","3076","387","has_expression"
"19497","3078","513","has_expression"
"19501","3078","353","has_expression"
"19502","3079","338","has_expression"
"19508","3081","353","has_expression"
"19512","3081","459","has_expression"
"19525","3083","404","has_expression"
"19530","3084","513","has_expression"
"19532","3084","396","has_expression"
"19538","3086","513","has_expression"
"19541","3087","513","has_expression"
"19544","3088","387","has_expression"
"19545","3088","361","has_expression"
"19547","3088","337","has_expression"
"19591","3105","513","has_expression"
"19592","3105","396","has_expression"
"19594","3107","353","has_expression"
"19598","3108","353","has_expression"
"19603","3109","524","has_expression"
"19611","3110","396","has_expression"
"19617","3115","513","has_expression"
"19623","3115","396","has_expression"
"19627","3117","396","has_expression"
"19630","3117","513","has_expression"
"19643","3121","513","has_expression"
"19645","3123","530","has_expression"
"19647","3123","349","has_expression"
"19650","3123","396","has_expression"
"19652","3124","513","has_expression"
"19655","3124","396","has_expression"
"19657","3124","387","has_expression"
"19664","3125","353","has_expression"
"19674","3128","396","has_expression"
"19682","3129","396","has_expression"
"19692","3133","379","has_expression"
"19695","3134","353","has_expression"
"19699","3135","353","has_expression"
"19701","3136","396","has_expression"
"19702","3136","513","has_expression"
"19706","3138","456","has_expression"
"19707","3138","513","has_expression"
"19711","3138","353","has_expression"
"19712","3139","456","has_expression"
"19713","3139","513","has_expression"
"19717","3139","353","has_expression"
"19721","3140","474","has_expression"
"19732","3141","513","has_expression"
"19734","3141","396","has_expression"
"19737","3142","342","has_expression"
"19743","3143","396","has_expression"
"19754","3144","396","has_expression"
"19759","3145","396","has_expression"
"19760","3145","513","has_expression"
"19763","3146","396","has_expression"
"19764","3146","513","has_expression"
"19776","3147","376","has_expression"
"19784","3147","466","has_expression"
"19788","3147","396","has_expression"
"19796","3149","396","has_expression"
"19799","3149","353","has_expression"
"19801","3150","396","has_expression"
"19804","3150","353","has_expression"
"19813","3153","526","has_expression"
"19814","3154","513","has_expression"
"19816","3154","396","has_expression"
"19821","3155","353","has_expression"
"19827","3156","513","has_expression"
"19834","3157","513","has_expression"
"19837","3158","530","has_expression"
"19839","3158","349","has_expression"
"19842","3158","396","has_expression"
"19847","3159","396","has_expression"
"19848","3160","396","has_expression"
"19862","3166","361","has_expression"
"19864","3167","396","has_expression"
"19880","3169","387","has_expression"
"19891","3176","385","has_expression"
"19894","3176","449","has_expression"
"19898","3176","396","has_expression"
"19906","3178","396","has_expression"
"19909","3178","513","has_expression"
"19914","3179","353","has_expression"
"19918","3179","387","has_expression"
"19925","3180","396","has_expression"
"19926","3183","522","has_expression"
"19928","3183","353","has_expression"
"19933","3184","458","has_expression"
"19934","3185","425","has_expression"
"19951","3189","396","has_expression"
"19958","3191","396","has_expression"
"19962","3193","458","has_expression"
"19966","3193","361","has_expression"
"19969","3194","396","has_expression"
"19981","3198","513","has_expression"
"19983","3198","396","has_expression"
"20036","3217","396","has_expression"
"20043","3220","468","has_expression"
"20055","3225","513","has_expression"
"20093","3230","387","has_expression"
"20101","3232","513","has_expression"
"20103","3233","342","has_expression"
"20107","3234","396","has_expression"
"20111","3235","396","has_expression"
"20113","3235","456","has_expression"
"20121","3236","396","has_expression"
"20122","3236","353","has_expression"
"20123","3237","523","has_expression"
"20124","3237","463","has_expression"
"20153","3244","396","has_expression"
"20163","3248","509","has_expression"
"20165","3248","351","has_expression"
"20167","3249","396","has_expression"
"20169","3251","423","has_expression"
"20174","3254","396","has_expression"
"20180","3264","396","has_expression"
"20183","3264","513","has_expression"
"20186","3264","346","has_expression"
"20189","3264","387","has_expression"
"20197","3267","396","has_expression"
"20201","3267","401","has_expression"
"20211","3271","376","has_expression"
"20221","3273","483","has_expression"
"20245","3280","396","has_expression"
"20247","3280","513","has_expression"
"20252","3282","408","has_expression"
"20254","3282","396","has_expression"
"20266","3282","346","has_expression"
"20269","3282","387","has_expression"
"20274","3282","513","has_expression"
"20285","3283","350","has_expression"
"20289","3285","353","has_expression"
"20295","3287","532","has_expression"
"20300","3291","396","has_expression"
"20307","3291","513","has_expression"
"20313","3292","396","has_expression"
"20318","3293","396","has_expression"
"20319","3293","513","has_expression"
"20325","3294","516","has_expression"
"20331","3295","396","has_expression"
"20342","3297","342","has_expression"
"20349","3298","516","has_expression"
"20355","3300","529","has_expression"
"20356","3300","513","has_expression"
"20363","3300","396","has_expression"
"20369","3300","541","has_expression"
"20392","3301","503","has_expression"
"20410","3304","353","has_expression"
"20412","3304","396","has_expression"
"20421","3305","334","has_expression"
"20426","3306","513","has_expression"
"20429","3307","512","has_expression"
"20434","3309","532","has_expression"
"20438","3309","359","has_expression"
"20449","3310","489","has_expression"
"20459","3312","396","has_expression"
"20463","3312","513","has_expression"
"20466","3314","396","has_expression"
"20467","3316","380","has_expression"
"20473","3318","396","has_expression"
"20477","3318","513","has_expression"
"20489","3323","353","has_expression"
"20490","3323","513","has_expression"
"20495","3324","524","has_expression"
"20509","3326","396","has_expression"
"20513","3327","386","has_expression"
"20523","3331","513","has_expression"
"20525","3331","396","has_expression"
"20530","3336","458","has_expression"
"20531","3337","396","has_expression"
"20533","3337","513","has_expression"
"20538","3339","524","has_expression"
"20540","3340","396","has_expression"
"20571","3349","353","has_expression"
"20575","3353","396","has_expression"
"20580","3354","396","has_expression"
"20593","3356","509","has_expression"
"20595","3356","351","has_expression"
"20606","3360","396","has_expression"
"20608","3360","353","has_expression"
"20612","3360","504","has_expression"
"20614","3361","396","has_expression"
"20615","3361","513","has_expression"
"20630","3369","456","has_expression"
"20632","3371","410","has_expression"
"20641","3377","513","has_expression"
"20643","3377","396","has_expression"
"20660","3386","396","has_expression"
"20663","3387","396","has_expression"
"20680","3390","379","has_expression"
"20682","3391","353","has_expression"
"20684","3391","396","has_expression"
"20695","3393","456","has_expression"
"20699","3393","496","has_expression"
"20711","3395","466","has_expression"
"20715","3395","396","has_expression"
"20724","3397","456","has_expression"
"20725","3397","513","has_expression"
"20729","3397","353","has_expression"
"20734","3399","524","has_expression"
"20748","3403","375","has_expression"
"20751","3403","390","has_expression"
"20760","3405","463","has_expression"
"20764","3405","387","has_expression"
"20766","3405","513","has_expression"
"20768","3405","396","has_expression"
"20775","3409","513","has_expression"
"20777","3409","396","has_expression"
"20782","3412","354","has_expression"
"20787","3413","353","has_expression"
"20801","3419","430","has_expression"
"20806","3422","448","has_expression"
"20809","3423","388","has_expression"
"20813","3424","353","has_expression"
"20816","3424","396","has_expression"
"20820","3425","344","has_expression"
"20826","3427","396","has_expression"
"20838","3430","396","has_expression"
"20841","3430","353","has_expression"
"20855","3436","334","has_expression"
"20866","3440","338","has_expression"
"20878","3444","463","has_expression"
"20879","3445","338","has_expression"
"20890","3448","396","has_expression"
"20891","3449","396","has_expression"
"20893","3450","396","has_expression"
"20898","3450","513","has_expression"
"20901","3451","396","has_expression"
"20905","3452","445","has_expression"
"20906","3454","477","has_expression"
"20911","3455","396","has_expression"
"20913","3455","513","has_expression"
"20922","3456","353","has_expression"
"20925","3457","458","has_expression"
"20927","3459","353","has_expression"
"20935","3460","396","has_expression"
"20939","3460","401","has_expression"
"20962","3466","353","has_expression"
"20963","3466","396","has_expression"
"20975","3466","541","has_expression"
"20976","3466","511","has_expression"
"21000","3470","353","has_expression"
"21005","3471","513","has_expression"
"21006","3471","353","has_expression"
"21010","3472","396","has_expression"
"21011","3472","353","has_expression"
"21013","3472","369","has_expression"
"21015","3472","463","has_expression"
"21028","3476","364","has_expression"
"21030","3476","438","has_expression"
"21040","3485","370","has_expression"
"21063","3495","361","has_expression"
"21067","3495","340","has_expression"
"21081","3498","396","has_expression"
"21083","3498","400","has_expression"
"21085","3498","505","has_expression"
"21086","3498","513","has_expression"
"21100","3502","396","has_expression"
"21112","3504","521","has_expression"
"21118","3505","396","has_expression"
"21124","3506","456","has_expression"
"21130","3507","456","has_expression"
"21139","3510","360","has_expression"
"21143","3510","513","has_expression"
"21146","3510","396","has_expression"
"21148","3510","387","has_expression"
"21157","3511","353","has_expression"
"21161","3511","387","has_expression"
"21167","3512","389","has_expression"
"21168","3512","347","has_expression"
"21172","3513","513","has_expression"
"21175","3513","396","has_expression"
"21177","3513","533","has_expression"
"21179","3513","391","has_expression"
"21185","3516","524","has_expression"
"21194","3520","385","has_expression"
"21197","3520","449","has_expression"
"21201","3520","396","has_expression"
"21221","3522","353","has_expression"
"21223","3523","396","has_expression"
"21233","3526","513","has_expression"
"21239","3531","513","has_expression"
"21240","3531","391","has_expression"
"21249","3534","353","has_expression"
"21251","3535","383","has_expression"
"21253","3536","398","has_expression"
"21284","3542","387","has_expression"
"21287","3543","396","has_expression"
"21293","3544","436","has_expression"
"21298","3544","435","has_expression"
"21302","3546","537","has_expression"
"21308","3547","353","has_expression"
"21312","3547","396","has_expression"
"21317","3549","509","has_expression"
"21319","3549","351","has_expression"
"21328","3551","396","has_expression"
"21332","3551","513","has_expression"
"21343","3553","396","has_expression"
"21358","3553","483","has_expression"
"21361","3553","353","has_expression"
"21362","3553","513","has_expression"
"21388","3553","361","has_expression"
"21405","3558","396","has_expression"
"21412","3559","415","has_expression"
"21415","3559","396","has_expression"
"21420","3560","387","has_expression"
"21421","3562","396","has_expression"
"21429","3564","456","has_expression"
"21430","3565","490","has_expression"
"21436","3567","353","has_expression"
"21437","3568","381","has_expression"
"21449","3570","353","has_expression"
"21463","3573","396","has_expression"
"21464","3573","513","has_expression"
"21493","3584","396","has_expression"
"21495","3585","530","has_expression"
"21497","3585","349","has_expression"
"21500","3585","396","has_expression"
"21511","3586","395","has_expression"
"21519","3588","336","has_expression"
"21520","3588","396","has_expression"
"21523","3588","481","has_expression"
"21526","3588","393","has_expression"
"21532","3590","532","has_expression"
"21535","3593","458","has_expression"
"21539","3593","361","has_expression"
"21546","3595","463","has_expression"
"21564","3603","362","has_expression"
"21565","3603","513","has_expression"
"21569","3603","456","has_expression"
"21570","3605","353","has_expression"
"21571","3605","396","has_expression"
"21579","3607","513","has_expression"
"21589","3609","344","has_expression"
"21604","3613","427","has_expression"
"21610","3618","480","has_expression"
"21614","3618","501","has_expression"
"21624","3618","361","has_expression"
"21627","3618","396","has_expression"
"21635","3619","395","has_expression"
"21639","3620","532","has_expression"
"21656","3624","456","has_expression"
"21679","3630","355","has_expression"
"21688","3631","353","has_expression"
"21696","3632","396","has_expression"
"21706","3633","396","has_expression"
"21721","3636","419","has_expression"
"21723","3637","342","has_expression"
"21728","3639","342","has_expression"
"21730","3640","453","has_expression"
"21732","3640","476","has_expression"
"21737","3642","453","has_expression"
"21739","3642","476","has_expression"
"21744","3645","353","has_expression"
"21750","3647","396","has_expression"
"21783","3647","494","has_expression"
"21798","3650","396","has_expression"
"21807","3655","396","has_expression"
"21819","3660","513","has_expression"
"21821","3660","396","has_expression"
"21823","3662","485","has_expression"
"21826","3664","478","has_expression"
"21832","3668","460","has_expression"
"21839","3670","396","has_expression"
"21841","3671","396","has_expression"
"21842","3672","465","has_expression"
"21845","3674","396","has_expression"
"21856","3676","491","has_expression"
"21861","3678","511","has_expression"
"21870","3679","513","has_expression"
"21873","3680","370","has_expression"
"21881","3681","516","has_expression"
"21888","3681","489","has_expression"
"21909","3684","396","has_expression"
"21916","3685","456","has_expression"
"21921","3696","396","has_expression"
"21929","3699","396","has_expression"
"21932","3702","488","has_expression"
"21933","3702","446","has_expression"
"21942","3708","499","has_expression"
"21948","3709","499","has_expression"
"21965","3711","368","has_expression"
"21976","3712","396","has_expression"
"21979","3713","387","has_expression"
"21980","3713","361","has_expression"
"21982","3713","337","has_expression"
"21983","3714","396","has_expression"
"21985","3714","353","has_expression"
"21987","3715","456","has_expression"
"21988","3715","513","has_expression"
"21992","3715","353","has_expression"
"22014","3722","375","has_expression"
"22017","3722","390","has_expression"
"22021","3724","353","has_expression"
"22022","3724","462","has_expression"
"22025","3724","396","has_expression"
"22027","3725","396","has_expression"
"22037","3728","383","has_expression"
"22045","3731","396","has_expression"
"22051","3733","414","has_expression"
"22052","3733","366","has_expression"
"22054","3733","396","has_expression"
"22056","3734","396","has_expression"
"22060","3735","414","has_expression"
"22061","3735","366","has_expression"
"22063","3735","396","has_expression"
"22066","3736","396","has_expression"
"22071","3739","396","has_expression"
"22074","3740","396","has_expression"
"22089","3740","456","has_expression"
"22093","3740","496","has_expression"
"22095","3740","353","has_expression"
"22096","3740","462","has_expression"
"22110","3740","356","has_expression"
"22111","3740","442","has_expression"
"22120","3743","334","has_expression"
"22131","3745","515","has_expression"
"22132","3747","456","has_expression"
"22144","3753","396","has_expression"
"22145","3753","513","has_expression"
"22169","3761","396","has_expression"
"22170","3762","353","has_expression"
"22172","3763","396","has_expression"
"22174","3764","354","has_expression"
"22179","3765","513","has_expression"
"22190","3768","513","has_expression"
"22206","3773","353","has_expression"
"22208","3774","396","has_expression"
"22216","3776","396","has_expression"
"22219","3777","396","has_expression"
"22241","3782","353","has_expression"
"22242","3782","396","has_expression"
"22248","3783","396","has_expression"
"22256","3785","378","has_expression"
"22257","3788","396","has_expression"
"22262","3789","396","has_expression"
"22276","3790","459","has_expression"
"22287","3790","513","has_expression"
"22288","3790","335","has_expression"
"22293","3790","477","has_expression"
"22301","3792","513","has_expression"
"22304","3792","396","has_expression"
"22308","3793","396","has_expression"
"22314","3795","513","has_expression"
"22320","3799","452","has_expression"
"22325","3800","353","has_expression"
"22326","3800","396","has_expression"
"22333","3800","361","has_expression"
"22338","3803","396","has_expression"
"22344","3804","396","has_expression"
"22346","3809","447","has_expression"
"22348","3811","513","has_expression"
"22349","3811","396","has_expression"
"22354","3812","513","has_expression"
"22357","3812","396","has_expression"
"22358","3812","533","has_expression"
"22360","3812","391","has_expression"
"22371","3814","468","has_expression"
"22376","3815","510","has_expression"
"22378","3816","537","has_expression"
"22384","3817","396","has_expression"
"22387","3818","462","has_expression"
"22389","3818","396","has_expression"
"22394","3819","396","has_expression"
"22399","3820","463","has_expression"
"22400","3821","396","has_expression"
"22407","3822","524","has_expression"
"22409","3823","392","has_expression"
"22410","3823","440","has_expression"
"22415","3824","350","has_expression"
"22420","3826","432","has_expression"
"22422","3826","431","has_expression"
"22426","3827","353","has_expression"
"22430","3827","396","has_expression"
"22433","3827","422","has_expression"
"22437","3831","437","has_expression"
"22439","3832","513","has_expression"
"22443","3832","396","has_expression"
"22445","3833","477","has_expression"
"22456","3836","382","has_expression"
"22457","3836","502","has_expression"
"22458","3836","491","has_expression"
"22462","3837","491","has_expression"
"22466","3838","353","has_expression"
"22481","3839","541","has_expression"
"22482","3839","396","has_expression"
"22486","3839","513","has_expression"
"22501","3840","353","has_expression"
"22502","3840","513","has_expression"
"22506","3842","396","has_expression"
"22514","3842","361","has_expression"
"22522","3842","513","has_expression"
"22530","3845","396","has_expression"
"22538","3847","396","has_expression"
"22553","3848","513","has_expression"
"22561","3850","456","has_expression"
"22563","3851","396","has_expression"
"22566","3852","440","has_expression"
"22569","3852","434","has_expression"
"22580","3855","396","has_expression"
"22581","3855","517","has_expression"
"22589","3857","356","has_expression"
"22590","3857","442","has_expression"
"22618","3865","468","has_expression"
"22624","3866","471","has_expression"
"22627","3867","387","has_expression"
"22632","3870","396","has_expression"
"22659","3877","362","has_expression"
"22660","3877","513","has_expression"
"22664","3877","456","has_expression"
"22670","3877","337","has_expression"
"22671","3877","384","has_expression"
"22678","3879","362","has_expression"
"22679","3879","513","has_expression"
"22683","3879","456","has_expression"
"22685","3881","353","has_expression"
"22687","3881","396","has_expression"
"22691","3881","361","has_expression"
"22715","3893","396","has_expression"
"22721","3895","342","has_expression"
"22723","3896","353","has_expression"
"22726","3896","396","has_expression"
"22736","3900","427","has_expression"
"22742","3901","353","has_expression"
"22744","3901","396","has_expression"
"22746","3902","396","has_expression"
"22747","3902","513","has_expression"
"22749","3903","342","has_expression"
"22753","3904","482","has_expression"
"22758","3907","353","has_expression"
"22761","3907","396","has_expression"
"22765","3908","353","has_expression"
"22768","3908","396","has_expression"
"22781","3914","396","has_expression"
"22782","3914","420","has_expression"
"22787","3918","487","has_expression"
"22799","3920","358","has_expression"
"22800","3920","357","has_expression"
"22807","3922","370","has_expression"
"22822","3924","513","has_expression"
"22829","3927","396","has_expression"
"22830","3927","353","has_expression"
"22835","3928","396","has_expression"
"22837","3932","513","has_expression"
"22838","3932","396","has_expression"
"22853","3936","396","has_expression"
"22855","3936","353","has_expression"
"22862","3937","353","has_expression"
"22864","3937","396","has_expression"
"22865","3938","396","has_expression"
"22884","3941","396","has_expression"
"22887","3941","516","has_expression"
"22891","3941","483","has_expression"
"22898","3941","397","has_expression"
"22908","3943","513","has_expression"
"22913","3944","361","has_expression"
"22921","3949","353","has_expression"
"22925","3952","513","has_expression"
"22928","3952","396","has_expression"
"22946","3956","422","has_expression"
"22954","3958","513","has_expression"
"22959","3958","353","has_expression"
"22966","3958","536","has_expression"
"22968","3958","396","has_expression"
"22989","3962","463","has_expression"
"22990","3963","398","has_expression"
"23000","3965","456","has_expression"
"23003","3966","470","has_expression"
"23004","3966","388","has_expression"
"23014","3969","541","has_expression"
"23022","3972","396","has_expression"
"23023","3972","353","has_expression"
"23025","3972","369","has_expression"
"23027","3972","463","has_expression"
"23034","3973","396","has_expression"
"23045","3979","396","has_expression"
"23063","3981","396","has_expression"
"23076","3983","396","has_expression"
"23079","3984","353","has_expression"
"23082","3985","353","has_expression"
"23112","3993","353","has_expression"
"23113","3993","513","has_expression"
"23124","3997","412","has_expression"
"23125","3997","428","has_expression"
"23130","3997","413","has_expression"
"23131","3997","411","has_expression"
"23137","3999","353","has_expression"
"23139","2027","4000","use_of"
"23140","2027","4001","use_of"
"23143","2027","4002","use_of"
"23144","2027","4003","use_of"
"23146","2027","4004","use_of"
"23149","2027","4005","use_of"
"23150","2029","4006","use_of"
"23151","2063","4006","use_of"
"23155","2293","4007","use_of"
"23162","2313","4007","use_of"
"23173","2096","4007","use_of"
"23187","2029","4007","use_of"
"23188","2063","4007","use_of"
"23189","2029","4008","use_of"
"23190","2063","4008","use_of"
"23191","2029","4009","use_of"
"23192","2063","4009","use_of"
"23193","2029","4010","use_of"
"23194","2063","4010","use_of"
"23196","2178","4011","use_of"
"23198","2180","4011","use_of"
"23200","2092","4011","use_of"
"23201","2313","4011","use_of"
"23226","2053","4011","use_of"
"23230","2280","4011","use_of"
"23234","2029","4011","use_of"
"23235","2063","4011","use_of"
"23236","2029","4012","use_of"
"23237","2063","4012","use_of"
"23242","2030","4013","use_of"
"23249","2030","4014","use_of"
"23254","2030","4015","use_of"
"23257","2030","4016","use_of"
"23258","2313","4017","use_of"
"23259","2031","4017","use_of"
"23262","2313","4018","use_of"
"23269","2136","4018","use_of"
"23271","2133","4018","use_of"
"23279","2031","4018","use_of"
"23282","2171","4019","use_of"
"23290","2313","4019","use_of"
"23302","2121","4019","use_of"
"23306","2214","4019","use_of"
"23337","2284","4019","use_of"
"23338","2283","4019","use_of"
"23339","2282","4019","use_of"
"23343","2202","4019","use_of"
"23344","2200","4019","use_of"
"23368","2279","4019","use_of"
"23369","2144","4019","use_of"
"23378","2114","4019","use_of"
"23394","2032","4019","use_of"
"23395","2303","4019","use_of"
"23407","2123","4019","use_of"
"23411","2256","4019","use_of"
"23412","2033","4019","use_of"
"23413","2169","4019","use_of"
"23414","2168","4019","use_of"
"23436","2059","4019","use_of"
"23443","2161","4019","use_of"
"23445","2176","4019","use_of"
"23460","2122","4019","use_of"
"23466","2240","4019","use_of"
"23467","2304","4019","use_of"
"23471","2264","4019","use_of"
"23485","2226","4019","use_of"
"23486","2227","4019","use_of"
"23489","2259","4020","use_of"
"23496","2060","4020","use_of"
"23498","2313","4020","use_of"
"23503","2032","4020","use_of"
"23504","2303","4020","use_of"
"23511","2118","4020","use_of"
"23527","2171","4020","use_of"
"23532","2195","4020","use_of"
"23535","2045","4020","use_of"
"23539","2258","4020","use_of"
"23549","2192","4020","use_of"
"23554","2279","4020","use_of"
"23555","2144","4020","use_of"
"23559","2155","4020","use_of"
"23562","2174","4020","use_of"
"23571","2264","4020","use_of"
"23583","2210","4020","use_of"
"23590","2211","4020","use_of"
"23592","2256","4020","use_of"
"23593","2033","4020","use_of"
"23596","2189","4020","use_of"
"23603","2084","4020","use_of"
"23620","2114","4020","use_of"
"23627","2276","4020","use_of"
"23643","2196","4020","use_of"
"23646","2162","4020","use_of"
"23648","2301","4020","use_of"
"23649","2074","4020","use_of"
"23660","2313","4021","use_of"
"23666","2256","4021","use_of"
"23667","2033","4021","use_of"
"23675","2264","4022","use_of"
"23677","2313","4022","use_of"
"23687","2256","4022","use_of"
"23688","2033","4022","use_of"
"23690","2279","4022","use_of"
"23691","2144","4022","use_of"
"23696","2284","4022","use_of"
"23697","2283","4022","use_of"
"23698","2282","4022","use_of"
"23704","2171","4022","use_of"
"23713","2273","4022","use_of"
"23779","2304","4022","use_of"
"23780","2034","4023","use_of"
"23782","2034","4024","use_of"
"23784","2034","4025","use_of"
"23786","2034","4026","use_of"
"23788","2174","4027","use_of"
"23798","2236","4027","use_of"
"23808","2313","4027","use_of"
"23824","2044","4027","use_of"
"23825","2049","4027","use_of"
"23826","2126","4027","use_of"
"23827","2035","4027","use_of"
"23828","2313","4028","use_of"
"23840","2133","4028","use_of"
"23846","2097","4028","use_of"
"23847","2053","4028","use_of"
"23848","2037","4028","use_of"
"23863","2313","4029","use_of"
"23869","2097","4029","use_of"
"23873","2037","4029","use_of"
"23886","2179","4030","use_of"
"23894","2313","4030","use_of"
"23899","2196","4030","use_of"
"23915","2221","4030","use_of"
"23916","2223","4030","use_of"
"23939","2072","4030","use_of"
"23944","2104","4030","use_of"
"23947","2055","4030","use_of"
"23950","2177","4030","use_of"
"23957","2144","4030","use_of"
"23962","2311","4030","use_of"
"23970","2064","4030","use_of"
"23971","2062","4030","use_of"
"23976","2037","4030","use_of"
"23997","2203","4030","use_of"
"24005","2224","4030","use_of"
"24008","2140","4030","use_of"
"24012","2310","4030","use_of"
"24014","2096","4030","use_of"
"24018","2261","4030","use_of"
"24019","2152","4030","use_of"
"24020","2074","4030","use_of"
"24031","2313","4031","use_of"
"24035","2097","4031","use_of"
"24039","2037","4031","use_of"
"24041","2040","4032","use_of"
"24043","2039","4033","use_of"
"24045","2042","4034","use_of"
"24046","2251","4034","use_of"
"24059","2038","4035","use_of"
"24063","2313","4035","use_of"
"24074","2243","4035","use_of"
"24076","2144","4035","use_of"
"24083","2042","4035","use_of"
"24084","2251","4035","use_of"
"24093","2133","4035","use_of"
"24099","2195","4035","use_of"
"24106","2042","4036","use_of"
"24107","2251","4036","use_of"
"24108","2046","4037","use_of"
"24109","2177","4038","use_of"
"24113","2224","4038","use_of"
"24119","2053","4038","use_of"
"24124","2313","4038","use_of"
"24137","2307","4038","use_of"
"24140","2224","4039","use_of"
"24154","2293","4039","use_of"
"24158","2120","4039","use_of"
"24162","2053","4039","use_of"
"24167","2313","4039","use_of"
"24169","2144","4039","use_of"
"24178","2120","4040","use_of"
"24184","2119","4040","use_of"
"24190","2053","4040","use_of"
"24192","2313","4040","use_of"
"24196","2224","4041","use_of"
"24199","2178","4041","use_of"
"24202","2280","4041","use_of"
"24209","2313","4041","use_of"
"24217","2180","4041","use_of"
"24220","2053","4041","use_of"
"24221","2053","4042","use_of"
"24222","2313","4043","use_of"
"24234","2224","4043","use_of"
"24243","2307","4043","use_of"
"24254","2288","4043","use_of"
"24256","2177","4043","use_of"
"24259","2053","4043","use_of"
"24269","2293","4044","use_of"
"24275","2053","4044","use_of"
"24283","2313","4045","use_of"
"24295","2119","4045","use_of"
"24300","2053","4045","use_of"
"24301","2120","4045","use_of"
"24306","2053","4046","use_of"
"24308","2054","4047","use_of"
"24309","2313","4048","use_of"
"24311","2058","4048","use_of"
"24313","2224","4049","use_of"
"24315","2313","4049","use_of"
"24323","2307","4049","use_of"
"24327","2058","4049","use_of"
"24331","2058","4050","use_of"
"24334","2059","4051","use_of"
"24342","2114","4051","use_of"
"24344","2059","4052","use_of"
"24346","2059","4053","use_of"
"24348","2059","4054","use_of"
"24350","2059","4055","use_of"
"24358","2059","4056","use_of"
"24360","2059","4057","use_of"
"24362","2061","4058","use_of"
"24364","2061","4059","use_of"
"24366","2064","4060","use_of"
"24367","2062","4060","use_of"
"24368","2064","4061","use_of"
"24369","2062","4061","use_of"
"24370","2064","4062","use_of"
"24371","2062","4062","use_of"
"24372","2067","4063","use_of"
"24374","2068","4064","use_of"
"24383","2069","4065","use_of"
"24384","2173","4065","use_of"
"24386","2142","4065","use_of"
"24393","2069","4066","use_of"
"24394","2173","4066","use_of"
"24395","2069","4067","use_of"
"24396","2173","4067","use_of"
"24406","2313","4068","use_of"
"24423","2224","4068","use_of"
"24425","2195","4068","use_of"
"24442","2133","4068","use_of"
"24450","2086","4068","use_of"
"24460","2254","4068","use_of"
"24479","2120","4068","use_of"
"24483","2279","4068","use_of"
"24484","2144","4068","use_of"
"24491","2265","4068","use_of"
"24494","2140","4068","use_of"
"24498","2310","4068","use_of"
"24502","2196","4068","use_of"
"24506","2294","4068","use_of"
"24509","2150","4068","use_of"
"24511","2292","4068","use_of"
"24543","2256","4068","use_of"
"24548","2095","4068","use_of"
"24550","2137","4068","use_of"
"24556","2074","4068","use_of"
"24558","2171","4068","use_of"
"24564","2104","4068","use_of"
"24565","2074","4069","use_of"
"24568","2074","4070","use_of"
"24570","2077","4071","use_of"
"24572","2313","4072","use_of"
"24575","2228","4072","use_of"
"24578","2077","4072","use_of"
"24579","2077","4073","use_of"
"24581","2313","4074","use_of"
"24592","2155","4074","use_of"
"24594","2084","4074","use_of"
"24611","2276","4074","use_of"
"24615","2313","4075","use_of"
"24616","2084","4075","use_of"
"24624","2313","4076","use_of"
"24625","2155","4076","use_of"
"24640","2084","4076","use_of"
"24648","2313","4077","use_of"
"24649","2084","4077","use_of"
"24650","2086","4078","use_of"
"24651","2086","4079","use_of"
"24658","2088","4080","use_of"
"24671","2097","4080","use_of"
"24674","2088","4081","use_of"
"24675","2313","4081","use_of"
"24676","2122","4081","use_of"
"24681","2096","4082","use_of"
"24682","2088","4082","use_of"
"24683","2313","4082","use_of"
"24692","2313","4083","use_of"
"24693","2088","4083","use_of"
"24695","2088","4084","use_of"
"24696","2313","4084","use_of"
"24697","2088","4085","use_of"
"24698","2313","4085","use_of"
"24701","2088","4086","use_of"
"24702","2313","4086","use_of"
"24703","2088","4087","use_of"
"24704","2313","4087","use_of"
"24705","2088","4088","use_of"
"24706","2313","4088","use_of"
"24708","2088","4089","use_of"
"24709","2313","4089","use_of"
"24718","2097","4089","use_of"
"24723","2088","4090","use_of"
"24724","2313","4090","use_of"
"24727","2088","4091","use_of"
"24728","2313","4091","use_of"
"24732","2088","4092","use_of"
"24733","2313","4092","use_of"
"24738","2094","4093","use_of"
"24741","2094","4094","use_of"
"24743","2313","4094","use_of"
"24748","2036","4094","use_of"
"24750","2094","4095","use_of"
"24751","2094","4096","use_of"
"24752","2094","4097","use_of"
"24753","2094","4098","use_of"
"24754","2094","4099","use_of"
"24755","2093","4100","use_of"
"24756","2109","4100","use_of"
"24758","2093","4101","use_of"
"24759","2109","4101","use_of"
"24761","2093","4102","use_of"
"24762","2109","4102","use_of"
"24764","2093","4103","use_of"
"24765","2109","4103","use_of"
"24772","2093","4104","use_of"
"24773","2109","4104","use_of"
"24775","2093","4105","use_of"
"24776","2109","4105","use_of"
"24780","2093","4106","use_of"
"24781","2109","4106","use_of"
"24783","2093","4107","use_of"
"24784","2109","4107","use_of"
"24786","2093","4108","use_of"
"24787","2109","4108","use_of"
"24789","2093","4109","use_of"
"24790","2109","4109","use_of"
"24793","2092","4110","use_of"
"24796","2092","4111","use_of"
"24798","2092","4112","use_of"
"24800","2092","4113","use_of"
"24802","2092","4114","use_of"
"24812","2092","4115","use_of"
"24817","2095","4116","use_of"
"24821","2097","4117","use_of"
"24824","2097","4118","use_of"
"24827","2313","4119","use_of"
"24830","2097","4119","use_of"
"24836","2192","4119","use_of"
"24843","2171","4119","use_of"
"24846","2139","4120","use_of"
"24848","2266","4120","use_of"
"24850","2313","4120","use_of"
"24859","2192","4120","use_of"
"24860","2097","4120","use_of"
"24872","2171","4120","use_of"
"24879","2313","4121","use_of"
"24881","2096","4121","use_of"
"24883","2140","4121","use_of"
"24887","2310","4121","use_of"
"24899","2096","4122","use_of"
"24903","2313","4122","use_of"
"24906","2096","4123","use_of"
"24908","2096","4124","use_of"
"24910","2096","4125","use_of"
"24912","2096","4126","use_of"
"24914","2096","4127","use_of"
"24919","2098","4128","use_of"
"24926","2098","4129","use_of"
"24930","2104","4131","use_of"
"24935","2313","4131","use_of"
"24939","2226","4131","use_of"
"24940","2227","4131","use_of"
"24952","2104","4132","use_of"
"24954","2105","4133","use_of"
"24956","2105","4134","use_of"
"24962","2313","4137","use_of"
"24970","2195","4137","use_of"
"25003","2135","4137","use_of"
"25018","2284","4137","use_of"
"25019","2283","4137","use_of"
"25020","2282","4137","use_of"
"25022","2107","4137","use_of"
"25023","2177","4137","use_of"
"25024","2052","4137","use_of"
"25026","2276","4137","use_of"
"25031","2111","4138","use_of"
"25035","2111","4139","use_of"
"25039","2111","4140","use_of"
"25042","2166","4141","use_of"
"25043","2080","4141","use_of"
"25047","2110","4141","use_of"
"25052","2112","4142","use_of"
"25053","2113","4142","use_of"
"25059","2112","4143","use_of"
"25062","2113","4143","use_of"
"25074","2224","4144","use_of"
"25077","2114","4144","use_of"
"25079","2220","4144","use_of"
"25082","2114","4145","use_of"
"25084","2115","4146","use_of"
"25085","2115","4147","use_of"
"25087","2313","4147","use_of"
"25090","2115","4148","use_of"
"25091","2115","4149","use_of"
"25092","2115","4150","use_of"
"25094","2313","4150","use_of"
"25095","2115","4151","use_of"
"25098","2115","4152","use_of"
"25101","2313","4153","use_of"
"25103","2116","4153","use_of"
"25109","2229","4153","use_of"
"25111","2205","4153","use_of"
"25114","2115","4153","use_of"
"25116","2312","4153","use_of"
"25117","2115","4154","use_of"
"25119","2313","4154","use_of"
"25120","2208","4154","use_of"
"25121","2116","4154","use_of"
"25125","2229","4154","use_of"
"25127","2205","4154","use_of"
"25131","2117","4155","use_of"
"25132","2117","4156","use_of"
"25140","2180","4157","use_of"
"25143","2119","4157","use_of"
"25148","2119","4158","use_of"
"25160","2119","4159","use_of"
"25164","2122","4160","use_of"
"25166","2313","4161","use_of"
"25171","2224","4161","use_of"
"25183","2226","4161","use_of"
"25184","2227","4161","use_of"
"25187","2127","4161","use_of"
"25188","2102","4161","use_of"
"25189","2309","4161","use_of"
"25205","2276","4161","use_of"
"25207","2127","4162","use_of"
"25208","2102","4162","use_of"
"25212","2312","4163","use_of"
"25214","2127","4163","use_of"
"25215","2102","4163","use_of"
"25217","2313","4164","use_of"
"25218","2131","4164","use_of"
"25219","2132","4164","use_of"
"25223","2133","4165","use_of"
"25226","2136","4166","use_of"
"25227","2138","4167","use_of"
"25231","2142","4168","use_of"
"25232","2142","4169","use_of"
"25234","2142","4170","use_of"
"25238","2142","4171","use_of"
"25239","2142","4172","use_of"
"25240","2142","4173","use_of"
"25241","2142","4174","use_of"
"25256","2313","4175","use_of"
"25259","2147","4175","use_of"
"25266","2144","4175","use_of"
"25270","2295","4175","use_of"
"25271","2296","4175","use_of"
"25276","2226","4175","use_of"
"25277","2227","4175","use_of"
"25279","2161","4175","use_of"
"25283","2147","4176","use_of"
"25285","2144","4176","use_of"
"25291","2148","4177","use_of"
"25292","2313","4177","use_of"
"25293","2148","4178","use_of"
"25294","2313","4178","use_of"
"25295","2148","4179","use_of"
"25296","2313","4179","use_of"
"25297","2313","4180","use_of"
"25298","2148","4180","use_of"
"25299","2313","4181","use_of"
"25300","2148","4181","use_of"
"25301","2313","4182","use_of"
"25302","2148","4182","use_of"
"25303","2313","4183","use_of"
"25304","2148","4183","use_of"
"25305","2313","4184","use_of"
"25306","2148","4184","use_of"
"25307","2313","4185","use_of"
"25311","2148","4185","use_of"
"25312","2313","4186","use_of"
"25313","2148","4186","use_of"
"25314","2313","4187","use_of"
"25315","2148","4187","use_of"
"25316","2313","4188","use_of"
"25317","2148","4188","use_of"
"25320","2140","4189","use_of"
"25324","2310","4189","use_of"
"25332","2313","4189","use_of"
"25334","2261","4189","use_of"
"25335","2152","4189","use_of"
"25338","2203","4189","use_of"
"25343","2313","4190","use_of"
"25347","2192","4190","use_of"
"25351","2162","4190","use_of"
"25352","2171","4190","use_of"
"25361","2301","4190","use_of"
"25379","2276","4190","use_of"
"25384","2155","4190","use_of"
"25386","2313","4191","use_of"
"25388","2171","4191","use_of"
"25390","2155","4191","use_of"
"25408","2276","4191","use_of"
"25411","2192","4191","use_of"
"25418","2162","4191","use_of"
"25429","2156","4192","use_of"
"25430","2156","4193","use_of"
"25431","2156","4194","use_of"
"25432","2159","4195","use_of"
"25434","2159","4196","use_of"
"25447","2160","4197","use_of"
"25449","2313","4198","use_of"
"25450","2161","4198","use_of"
"25453","2176","4199","use_of"
"25457","2313","4199","use_of"
"25458","2161","4199","use_of"
"25460","2295","4199","use_of"
"25461","2296","4199","use_of"
"25463","2073","4199","use_of"
"25471","2090","4199","use_of"
"25491","2226","4199","use_of"
"25492","2227","4199","use_of"
"25497","2161","4200","use_of"
"25499","2170","4201","use_of"
"25500","2170","4202","use_of"
"25501","2171","4203","use_of"
"25503","2171","4204","use_of"
"25505","2171","4205","use_of"
"25507","2171","4206","use_of"
"25509","2171","4207","use_of"
"25511","2171","4208","use_of"
"25513","2171","4209","use_of"
"25515","2045","4209","use_of"
"25517","2172","4210","use_of"
"25519","2172","4211","use_of"
"25523","2313","4211","use_of"
"25524","2172","4212","use_of"
"25525","2172","4213","use_of"
"25526","2172","4214","use_of"
"25529","2175","4215","use_of"
"25533","2175","4216","use_of"
"25538","2177","4217","use_of"
"25551","2178","4219","use_of"
"25556","2224","4219","use_of"
"25559","2178","4220","use_of"
"25572","2178","4221","use_of"
"25578","2280","4221","use_of"
"25581","2180","4221","use_of"
"25583","2178","4222","use_of"
"25586","2178","4223","use_of"
"25588","2224","4224","use_of"
"25591","2313","4224","use_of"
"25600","2178","4224","use_of"
"25612","2178","4225","use_of"
"25620","2313","4225","use_of"
"25623","2280","4225","use_of"
"25635","2178","4226","use_of"
"25637","2180","4227","use_of"
"25640","2180","4228","use_of"
"25643","2180","4229","use_of"
"25646","2180","4230","use_of"
"25649","2180","4231","use_of"
"25652","2188","4232","use_of"
"25653","2187","4233","use_of"
"25655","2189","4234","use_of"
"25664","2301","4235","use_of"
"25668","2195","4235","use_of"
"25674","2313","4235","use_of"
"25676","2276","4235","use_of"
"25697","2284","4235","use_of"
"25698","2283","4235","use_of"
"25699","2282","4235","use_of"
"25711","2197","4237","use_of"
"25712","2196","4238","use_of"
"25714","2262","4239","use_of"
"25717","2277","4239","use_of"
"25718","2198","4239","use_of"
"25719","2075","4239","use_of"
"25720","2262","4240","use_of"
"25723","2277","4240","use_of"
"25724","2198","4240","use_of"
"25725","2075","4240","use_of"
"25727","2200","4241","use_of"
"25730","2200","4242","use_of"
"25732","2202","4243","use_of"
"25733","2200","4243","use_of"
"25736","2202","4244","use_of"
"25737","2200","4244","use_of"
"25742","2203","4245","use_of"
"25744","2313","4245","use_of"
"25753","2203","4246","use_of"
"25754","2157","4247","use_of"
"25756","2205","4247","use_of"
"25757","2157","4248","use_of"
"25759","2205","4248","use_of"
"25760","2212","4249","use_of"
"25762","2212","4250","use_of"
"25766","2313","4251","use_of"
"25770","2261","4251","use_of"
"25773","2212","4251","use_of"
"25794","2212","4252","use_of"
"25796","2212","4253","use_of"
"25799","2215","4254","use_of"
"25800","2216","4255","use_of"
"25801","2217","4255","use_of"
"25809","2221","4256","use_of"
"25812","2225","4257","use_of"
"25823","2224","4259","use_of"
"25825","2280","4259","use_of"
"25829","2224","4260","use_of"
"25833","2224","4261","use_of"
"25837","2232","4261","use_of"
"25849","2224","4262","use_of"
"25851","2224","4263","use_of"
"25853","2224","4264","use_of"
"25858","2224","4265","use_of"
"25860","2224","4266","use_of"
"25862","2224","4267","use_of"
"25864","2224","4268","use_of"
"25867","2224","4269","use_of"
"25869","2224","4270","use_of"
"25871","2224","4271","use_of"
"25873","2224","4272","use_of"
"25880","2226","4273","use_of"
"25881","2227","4273","use_of"
"25893","2226","4274","use_of"
"25894","2227","4274","use_of"
"25900","2226","4275","use_of"
"25901","2227","4275","use_of"
"25906","2226","4276","use_of"
"25907","2227","4276","use_of"
"25912","2226","4277","use_of"
"25913","2227","4277","use_of"
"25915","2228","4278","use_of"
"25917","2228","4279","use_of"
"25919","2230","4280","use_of"
"25922","2230","4281","use_of"
"25925","2230","4282","use_of"
"25928","2230","4283","use_of"
"25935","2231","4284","use_of"
"25937","2231","4285","use_of"
"25938","2232","4286","use_of"
"25940","2233","4287","use_of"
"25943","2313","4288","use_of"
"25944","2233","4288","use_of"
"25945","2233","4289","use_of"
"25946","2233","4290","use_of"
"25947","2235","4291","use_of"
"25948","2236","4292","use_of"
"25949","2239","4293","use_of"
"25951","2239","4294","use_of"
"25957","2313","4295","use_of"
"25962","2240","4295","use_of"
"25963","2240","4296","use_of"
"25964","2299","4297","use_of"
"25965","2242","4297","use_of"
"25967","2300","4297","use_of"
"25969","2244","4298","use_of"
"25972","2244","4299","use_of"
"25974","2244","4300","use_of"
"25976","2244","4301","use_of"
"25980","2234","4302","use_of"
"25981","2249","4302","use_of"
"25982","2238","4303","use_of"
"25987","2249","4303","use_of"
"25989","2057","4303","use_of"
"25994","2313","4304","use_of"
"25995","2253","4304","use_of"
"25996","2261","4304","use_of"
"25997","2304","4304","use_of"
"26027","2313","4305","use_of"
"26028","2253","4305","use_of"
"26035","2254","4306","use_of"
"26037","2254","4307","use_of"
"26043","2261","4308","use_of"
"26044","2261","4309","use_of"
"26048","2261","4310","use_of"
"26049","2261","4311","use_of"
"26052","2271","4312","use_of"
"26054","2271","4313","use_of"
"26066","2273","4314","use_of"
"26075","2309","4316","use_of"
"26079","2308","4316","use_of"
"26085","2276","4316","use_of"
"26087","2276","4317","use_of"
"26089","2276","4318","use_of"
"26091","2276","4319","use_of"
"26094","2301","4320","use_of"
"26105","2279","4320","use_of"
"26106","2144","4320","use_of"
"26107","2120","4321","use_of"
"26117","2287","4321","use_of"
"26120","2144","4321","use_of"
"26124","2313","4321","use_of"
"26127","2223","4321","use_of"
"26128","2292","4322","use_of"
"26129","2292","4323","use_of"
"26136","2291","4324","use_of"
"26138","2291","4325","use_of"
"26140","2291","4326","use_of"
"26142","2291","4327","use_of"
"26144","2291","4328","use_of"
"26146","2291","4329","use_of"
"26148","2291","4330","use_of"
"26150","2313","4331","use_of"
"26152","2291","4331","use_of"
"26159","2294","4332","use_of"
"26160","2313","4332","use_of"
"26161","2294","4333","use_of"
"26162","2313","4333","use_of"
"26164","2294","4334","use_of"
"26165","2313","4334","use_of"
"26170","2313","4335","use_of"
"26173","2066","4335","use_of"
"26183","2294","4335","use_of"
"26186","2294","4336","use_of"
"26189","2294","4337","use_of"
"26190","2313","4337","use_of"
"26191","2295","4338","use_of"
"26192","2296","4338","use_of"
"26201","2174","4339","use_of"
"26204","2301","4339","use_of"
"26207","2120","4339","use_of"
"26213","2295","4339","use_of"
"26214","2296","4339","use_of"
"26222","2301","4340","use_of"
"26224","2302","4341","use_of"
"26226","2032","4342","use_of"
"26227","2303","4342","use_of"
"26233","2304","4343","use_of"
"26240","2304","4344","use_of"
"26243","2306","4345","use_of"
"26248","2307","4346","use_of"
"26249","2313","4346","use_of"
"26252","2307","4347","use_of"
"26253","2313","4347","use_of"
"26255","2307","4348","use_of"
"26258","2307","4349","use_of"
"26259","2313","4349","use_of"
"26263","2308","4350","use_of"
"26270","2313","4350","use_of"
"26274","2308","4351","use_of"
"26281","2308","4352","use_of"
"26286","2313","4353","use_of"
"26291","2308","4353","use_of"
"26296","2309","4354","use_of"
"26297","2140","4355","use_of"
"26301","2310","4355","use_of"
"26302","2140","4356","use_of"
"26306","2310","4356","use_of"
"26307","2140","4357","use_of"
"26311","2310","4357","use_of"
"26312","2140","4358","use_of"
"26316","2310","4358","use_of"
"26317","2313","4359","use_of"
"26320","2140","4359","use_of"
"26324","2310","4359","use_of"
"26325","2312","4360","use_of"
"26328","2313","4361","use_of"
"26329","2313","4362","use_of"
"26330","2313","4363","use_of"
"26335","2313","4364","use_of"
"26336","2313","4365","use_of"
"26338","2313","4366","use_of"
"26340","2313","4367","use_of"
"26341","2313","4368","use_of"
"26342","2313","4369","use_of"
"26349","2313","4371","use_of"
"26352","2313","4373","use_of"
"26354","2313","4374","use_of"
"26356","2313","4375","use_of"
"26358","2313","4376","use_of"
"26361","2313","4377","use_of"
"26363","2313","4378","use_of"
"26365","2313","4379","use_of"
"26367","2313","4380","use_of"
"26369","2313","4381","use_of"
"26372","2313","4382","use_of"
"26375","2313","4383","use_of"
"26381","2313","4385","use_of"
"26384","2313","4386","use_of"
"26386","2313","4387","use_of"
"26388","2313","4388","use_of"
"26390","2313","4389","use_of"
"26392","2313","4390","use_of"
"26399","2313","4391","use_of"
"26406","2254","4391","use_of"
"26409","2313","4392","use_of"
"26412","2313","4393","use_of"
"26415","2313","4394","use_of"
"26427","2313","4395","use_of"
"26433","2313","4396","use_of"
"26436","2313","4397","use_of"
"26437","2194","4397","use_of"
"26441","2313","4398","use_of"
"26442","2194","4398","use_of"
"26467","2243","4408","use_of"
"26469","2144","4408","use_of"
"26470","2243","4409","use_of"
"26472","2144","4409","use_of"
"26476","2313","4409","use_of"
"26478","2243","4410","use_of"
"26480","2144","4410","use_of"
"26487","2313","4411","use_of"
"26488","2243","4411","use_of"
"26490","2144","4411","use_of"
"26494","2243","4412","use_of"
"26496","2144","4412","use_of"
"26497","2243","4413","use_of"
"26499","2144","4413","use_of"
"26500","2279","4414","use_of"
"26501","2144","4414","use_of"
"26503","2279","4415","use_of"
"26504","2144","4415","use_of"
"26508","2313","4417","use_of"
"26510","2313","4418","use_of"
"26516","2313","4419","use_of"
"26518","2313","4420","use_of"
"26520","2313","4421","use_of"
"26523","2313","4422","use_of"
"26542","2175","4422","use_of"
"26543","2056","4423","use_of"
"26548","2313","4423","use_of"
"26555","2175","4423","use_of"
"26570","2313","4424","use_of"
"26584","2313","4425","use_of"
"26591","2313","4426","use_of"
"26593","2313","4427","use_of"
"26595","2313","4428","use_of"
"26597","2313","4429","use_of"
"26609","2313","4438","use_of"
"26621","2313","4441","use_of"
"26623","2313","4442","use_of"
"26635","2228","4442","use_of"
"26636","2071","4442","use_of"
"26645","2260","4445","use_of"
"26648","2260","4446","use_of"
"26677","2246","4455","use_of"
"26703","2313","4461","use_of"
"26711","2081","4462","use_of"
"26712","2190","4462","use_of"
"26717","2081","4463","use_of"
"26718","2190","4463","use_of"
"26719","2091","4463","use_of"
"26763","2313","4482","use_of"
"26768","2313","4484","use_of"
"26771","2220","4485","use_of"
"26790","2313","4486","use_of"
"26795","2162","4486","use_of"
"26833","2259","4495","use_of"
"26869","2313","4515","use_of"
"26874","2264","4516","use_of"
"26881","2246","4516","use_of"
"26892","2229","4517","use_of"
"26894","2205","4517","use_of"
"26905","2313","4521","use_of"
"26927","2313","4525","use_of"
"26942","2313","4533","use_of"
"26948","2313","4537","use_of"
"26958","2313","4540","use_of"
"26961","2313","4541","use_of"
"26964","2313","4542","use_of"
"26967","2313","4543","use_of"
"26970","2313","4544","use_of"
"26991","2313","4555","use_of"
"26994","2100","4555","use_of"
"26999","2100","4556","use_of"
"27003","2100","4557","use_of"
"27021","2313","4565","use_of"
"27024","2313","4567","use_of"
"27027","2313","4568","use_of"
"27034","2313","4569","use_of"
"27048","2313","4570","use_of"
"27054","2313","4571","use_of"
"27058","2313","4572","use_of"
"27065","2313","4573","use_of"
"27074","2313","4574","use_of"
"27080","2254","4575","use_of"
"27122","2313","4590","use_of"
"27124","2313","4591","use_of"
"27149","2313","4601","use_of"
"27152","2313","4602","use_of"
"27154","2313","4603","use_of"
"27156","2313","4604","use_of"
"27158","2313","4605","use_of"
"27159","2313","4606","use_of"
"27162","2165","4606","use_of"
"27164","2165","4607","use_of"
"27166","2165","4608","use_of"
"27193","2313","4622","use_of"
"27195","2313","4623","use_of"
"27198","2313","4624","use_of"
"27204","2313","4625","use_of"
"27207","2313","4626","use_of"
"27219","2313","4631","use_of"
"27241","2246","4638","use_of"
"27287","2264","4653","use_of"
"27289","2264","4654","use_of"
"27306","2313","4663","use_of"
"27308","2313","4664","use_of"
"27323","2313","4667","use_of"
"27347","2313","4677","use_of"
"27349","2313","4678","use_of"
"27385","2144","4697","use_of"
"27388","2144","4698","use_of"
"27391","2144","4699","use_of"
"27394","2144","4700","use_of"
"27397","2144","4701","use_of"
"27400","2144","4702","use_of"
"27403","2144","4703","use_of"
"27406","2144","4704","use_of"
"27409","2144","4705","use_of"
"27434","2120","4721","use_of"
"27436","2120","4722","use_of"
"27438","2120","4723","use_of"
"27442","2120","4724","use_of"
"27444","2313","4725","use_of"
"27451","2313","4726","use_of"
"27471","2313","4729","use_of"
"27564","2313","4760","use_of"
"27630","2286","4795","use_of"
"27637","2286","4796","use_of"
"27699","2313","4817","use_of"
"27763","2313","4846","use_of"
"27765","2313","4847","use_of"
"27767","2313","4848","use_of"
"27770","2313","4849","use_of"
"27773","2313","4850","use_of"
"27775","2313","4851","use_of"
"27776","2313","4852","use_of"
"27778","2313","4853","use_of"
"27787","2313","4856","use_of"
"27798","2313","4859","use_of"
"27823","2313","4869","use_of"
"27825","2313","4870","use_of"
"27827","2313","4871","use_of"
"27847","2298","4878","use_of"
"27883","2313","4894","use_of"
"27889","2313","4895","use_of"
"27892","2254","4895","use_of"
"27911","2143","4900","use_of"
"27914","2146","4900","use_of"
"27988","2245","4921","use_of"
"28002","2229","4929","use_of"
"28004","2205","4929","use_of"
"28007","2229","4930","use_of"
"28009","2205","4930","use_of"
"28014","2229","4931","use_of"
"28016","2205","4931","use_of"
"28019","2229","4932","use_of"
"28021","2205","4932","use_of"
"28024","2229","4933","use_of"
"28026","2205","4933","use_of"
"28065","2150","4951","use_of"
"28069","2150","4952","use_of"
"28075","2150","4953","use_of"
"28126","2065","4982","use_of"
"28149","2313","4996","use_of"
"28160","2313","4998","use_of"
"28163","2313","4999","use_of"
"28167","2313","5000","use_of"
"28170","2313","5001","use_of"
"28173","2313","5002","use_of"
"28176","2313","5003","use_of"
"28202","2313","5015","use_of"
"28209","2313","5016","use_of"
"28260","2313","5034","use_of"
"28262","2313","5035","use_of"
"28274","2313","5047","use_of"
"28278","2313","5049","use_of"
"28298","2313","5065","use_of"
"28308","2258","5069","use_of"
"28311","2258","5070","use_of"
"28316","2313","5073","use_of"
"28330","2313","5077","use_of"
"28333","2216","5077","use_of"
"28372","2313","5090","use_of"
"28375","2313","5091","use_of"
"28398","2313","5100","use_of"
"28400","2313","5101","use_of"
"28402","2313","5102","use_of"
"28408","2313","5104","use_of"
"28412","2313","5105","use_of"
"28447","2041","5127","use_of"
"28453","2313","5131","use_of"
"28467","2108","5136","use_of"
"28469","2050","5136","use_of"
"28472","2051","5136","use_of"
"28473","2108","5137","use_of"
"28475","2050","5137","use_of"
"28478","2051","5137","use_of"
"28497","2313","5148","use_of"
"28505","2313","5152","use_of"
"28508","2151","5154","use_of"
"28511","2151","5155","use_of"
"28546","2313","5171","use_of"
"28548","2313","5172","use_of"
"28556","2313","5174","use_of"
"28557","2162","5175","use_of"
"28559","2162","5176","use_of"
"28562","2313","5176","use_of"
"28564","2162","5177","use_of"
"28659","2313","5214","use_of"
"28665","2313","5216","use_of"
"28668","2313","5217","use_of"
"28676","2313","5222","use_of"
"28738","2313","5243","use_of"
"28750","2313","5245","use_of"
"28755","2313","5246","use_of"
"28757","2313","5247","use_of"
"28761","2313","5248","use_of"
"28766","2313","5249","use_of"
"28771","2313","5251","use_of"
"28778","2313","5255","use_of"
"28780","2313","5256","use_of"
"28784","2313","5258","use_of"
"28787","2313","5259","use_of"
"28789","2313","5260","use_of"
"28795","2265","5263","use_of"
"28797","2265","5264","use_of"
"28809","2313","5269","use_of"
"28814","2313","5270","use_of"
"28821","2313","5271","use_of"
"28824","2313","5272","use_of"
"28829","2313","5273","use_of"
"28834","2091","5278","use_of"
"28838","2091","5279","use_of"
"28842","2091","5280","use_of"
"28861","2048","5290","use_of"
"28863","2076","5290","use_of"
"28885","2060","5302","use_of"
"28888","2060","5303","use_of"
"28891","2060","5304","use_of"
"28894","2060","5305","use_of"
"28906","2313","5312","use_of"
"28919","2313","5315","use_of"
"28932","2248","5319","use_of"
"28934","2248","5320","use_of"
"28936","2248","5321","use_of"
"28938","2248","5322","use_of"
"28945","2216","5326","use_of"
"28946","2313","5326","use_of"
"28951","2216","5327","use_of"
"28952","2313","5327","use_of"
"28957","2216","5328","use_of"
"28958","2313","5328","use_of"
"28965","2263","5332","use_of"
"28966","2263","5333","use_of"
"28967","2263","5334","use_of"
"28970","2041","5336","use_of"
"28972","2041","5337","use_of"
"28974","2041","5338","use_of"
"28976","2041","5339","use_of"
"29010","2313","5352","use_of"
"29011","2229","5353","use_of"
"29042","2221","5367","use_of"
"29044","2221","5368","use_of"
"29048","2204","5371","use_of"
"29052","2167","5371","use_of"
"29054","2313","5372","use_of"
"29056","2313","5373","use_of"
"29058","2313","5374","use_of"
"29060","2313","5375","use_of"
"29062","2313","5376","use_of"
"29064","2313","5377","use_of"
"29124","2115","5392","use_of"
"29125","2115","5393","use_of"
"29126","2115","5394","use_of"
"29127","2115","5395","use_of"
"29128","2115","5396","use_of"
"29153","2313","5408","use_of"
"29162","2313","5413","use_of"
"29165","2313","5414","use_of"
"29175","2313","5417","use_of"
"29211","2144","5435","use_of"
"29214","2144","5436","use_of"
"29215","2124","5437","use_of"
"29265","2313","5462","use_of"
"29268","2313","5463","use_of"
"29271","2313","5464","use_of"
"29274","2313","5465","use_of"
"29277","2313","5466","use_of"
"29280","2313","5467","use_of"
"29283","2313","5468","use_of"
"29297","2280","5475","use_of"
"29300","2280","5476","use_of"
"29332","2313","5490","use_of"
"29334","2313","5491","use_of"
"29336","2313","5492","use_of"
"29349","2313","5497","use_of"
"29352","2313","5498","use_of"
"29354","2313","5499","use_of"
"29356","2313","5500","use_of"
"29358","2313","5501","use_of"
"29362","2313","5502","use_of"
"29367","2313","5506","use_of"
"29369","2313","5507","use_of"
"29372","2313","5509","use_of"
"29384","2313","5518","use_of"
"29391","2293","5527","use_of"
"29396","2313","5528","use_of"
"29398","2313","5529","use_of"
"29400","2313","5530","use_of"
"29402","2313","5531","use_of"
"29404","2313","5532","use_of"
"29428","2313","5553","use_of"
"29432","2313","5554","use_of"
"29434","2313","5555","use_of"
"29436","2313","5556","use_of"
"29440","2313","5557","use_of"
"29442","2313","5558","use_of"
"29444","2313","5559","use_of"
"29515","2313","5608","use_of"
"29517","2313","5609","use_of"
"29519","2313","5610","use_of"
"29521","2313","5611","use_of"
"29523","2313","5612","use_of"
"29525","2313","5613","use_of"
"29537","2313","5620","use_of"
"29559","2213","5634","use_of"
"29560","2213","5635","use_of"
"29612","2313","5661","use_of"
"29667","2313","5679","use_of"
"29669","2313","5680","use_of"
"29670","2313","5681","use_of"
"29674","2066","5685","use_of"
"29754","2313","5733","use_of"
"29756","2313","5734","use_of"
"29765","2313","5756","use_of"
"29768","2313","5757","use_of"
"29771","2313","5758","use_of"
"29772","2313","5759","use_of"
"29773","2313","5760","use_of"
"29775","2313","5762","use_of"
"29777","2313","5763","use_of"
"29779","2313","5764","use_of"
"29781","2313","5765","use_of"
"29783","2313","5766","use_of"
"29785","2313","5767","use_of"
"29789","2313","5769","use_of"
"29790","2128","5769","use_of"
"29792","2313","5770","use_of"
"29796","2313","5771","use_of"
"29801","2313","5772","use_of"
"29802","2129","5772","use_of"
"29814","2313","5783","use_of"
"29817","2313","5784","use_of"
"29868","2313","5815","use_of"
"29869","2313","5816","use_of"
"29871","2313","5818","use_of"
"29932","2313","5845","use_of"
"29934","2313","5846","use_of"
"29936","2313","5847","use_of"
"29938","2313","5848","use_of"
"29956","2164","5856","use_of"
"30020","2313","5901","use_of"
"30064","2200","5921","use_of"
"30067","2200","5922","use_of"
"30074","2115","5925","use_of"
"30076","2115","5926","use_of"
"30080","2313","5930","use_of"
"30081","2313","5931","use_of"
"30154","2313","5975","use_of"
"30157","2313","5976","use_of"
"30165","2313","5978","use_of"
"30167","2313","5979","use_of"
"30173","2313","5981","use_of"
"30180","2313","5984","use_of"
"30182","2313","5985","use_of"
"30186","2313","5987","use_of"
"30190","2313","5989","use_of"
"30192","2313","5990","use_of"
"30194","2313","5991","use_of"
"30195","2313","5992","use_of"
"30200","2313","5994","use_of"
"30204","2313","5995","use_of"
"30208","2313","5996","use_of"
"30211","2313","5997","use_of"
"30215","2313","5999","use_of"
"30218","2313","6000","use_of"
"30223","2313","6002","use_of"
"30225","2313","6003","use_of"
"30228","2313","6004","use_of"
"30231","2313","6005","use_of"
"30234","2313","6006","use_of"
"30240","2313","6008","use_of"
"30243","2313","6009","use_of"
"30246","2313","6010","use_of"
"30290","2313","6029","use_of"
"30297","2313","6036","use_of"
"30300","2313","6037","use_of"
"30302","2313","6038","use_of"
"30304","2313","6039","use_of"
"30321","2313","6054","use_of"
"30322","2313","6055","use_of"
"30328","2313","6057","use_of"
"30339","2313","6066","use_of"
"30341","2313","6067","use_of"
"30344","2313","6068","use_of"
"30346","2313","6069","use_of"
"30354","2313","6075","use_of"
"30357","2313","6076","use_of"
"30364","2070","6078","use_of"
"30368","2070","6079","use_of"
"30373","2313","6083","use_of"
"30375","2313","6084","use_of"
"30377","2313","6085","use_of"
"30379","2313","6086","use_of"
"30381","2313","6087","use_of"
"30383","2313","6088","use_of"
"30385","2313","6089","use_of"
"30389","2313","6091","use_of"
"30391","2313","6092","use_of"
"30394","2313","6094","use_of"
"30395","2313","6095","use_of"
"30401","2313","6100","use_of"
"30404","2313","6101","use_of"
"30407","2313","6102","use_of"
"30410","2313","6103","use_of"
"30413","2313","6104","use_of"
"30415","2313","6105","use_of"
"30417","2313","6106","use_of"
"30419","2313","6107","use_of"
"30421","2313","6108","use_of"
"30422","888","0","mapping_to"
"30423","857","0","mapping_to"
"30424","463","0","mapping_to"
"30425","396","0","mapping_to"
"30426","712","0","mapping_to"
"30427","790","0","mapping_to"
"30428","791","0","mapping_to"
"30429","1914","0","mapping_to"
"30430","985","0","mapping_to"
"30431","1827","0","mapping_to"
"30432","1918","0","mapping_to"
"30433","1718","0","mapping_to"
"30434","513","0","mapping_to"
"30435","1782","0","mapping_to"
"30436","506","0","mapping_to"
"30437","1299","0","mapping_to"
"30438","1458","0","mapping_to"
"30439","1651","0","mapping_to"
"30440","484","0","mapping_to"
"30441","875","0","mapping_to"
"30442","1061","0","mapping_to"
"30443","687","0","mapping_to"
"30444","853","0","mapping_to"
"30445","1892","0","mapping_to"
"30446","396","1","mapping_to"
"30447","712","1","mapping_to"
"30448","790","1","mapping_to"
"30449","791","1","mapping_to"
"30450","1914","1","mapping_to"
"30451","985","1","mapping_to"
"30452","1827","1","mapping_to"
"30453","1918","1","mapping_to"
"30454","1718","1","mapping_to"
"30455","513","1","mapping_to"
"30456","888","1","mapping_to"
"30457","857","1","mapping_to"
"30458","463","1","mapping_to"
"30459","1782","1","mapping_to"
"30460","506","1","mapping_to"
"30461","1299","1","mapping_to"
"30462","1458","1","mapping_to"
"30463","1651","1","mapping_to"
"30464","484","1","mapping_to"
"30465","875","1","mapping_to"
"30466","1061","1","mapping_to"
"30467","687","1","mapping_to"
"30468","853","1","mapping_to"
"30469","1892","1","mapping_to"
"30470","1061","2","mapping_to"
"30471","687","2","mapping_to"
"30472","853","2","mapping_to"
"30473","1892","2","mapping_to"
"30474","1782","2","mapping_to"
"30475","506","2","mapping_to"
"30476","1299","2","mapping_to"
"30477","1458","2","mapping_to"
"30478","1651","2","mapping_to"
"30479","484","2","mapping_to"
"30480","396","2","mapping_to"
"30481","875","2","mapping_to"
"30482","712","2","mapping_to"
"30483","790","2","mapping_to"
"30484","791","2","mapping_to"
"30485","1914","2","mapping_to"
"30486","985","2","mapping_to"
"30487","1827","2","mapping_to"
"30488","1918","2","mapping_to"
"30489","1718","2","mapping_to"
"30490","513","2","mapping_to"
"30491","888","2","mapping_to"
"30492","857","2","mapping_to"
"30493","463","2","mapping_to"
"30494","1980","3","mapping_to"
"30495","2007","3","mapping_to"
"30496","1885","3","mapping_to"
"30497","792","3","mapping_to"
"30498","1041","3","mapping_to"
"30499","677","3","mapping_to"
"30500","1458","3","mapping_to"
"30501","513","3","mapping_to"
"30502","875","3","mapping_to"
"30503","1288","3","mapping_to"
"30504","396","3","mapping_to"
"30505","1651","3","mapping_to"
"30506","387","3","mapping_to"
"30507","1628","3","mapping_to"
"30508","1826","3","mapping_to"
"30509","483","3","mapping_to"
"30510","800","3","mapping_to"
"30511","1895","3","mapping_to"
"30512","1046","3","mapping_to"
"30513","519","3","mapping_to"
"30514","518","3","mapping_to"
"30515","1357","3","mapping_to"
"30516","1732","3","mapping_to"
"30517","843","3","mapping_to"
"30518","353","3","mapping_to"
"30519","462","3","mapping_to"
"30520","1910","3","mapping_to"
"30521","833","3","mapping_to"
"30522","1125","3","mapping_to"
"30523","1731","3","mapping_to"
"30524","1703","3","mapping_to"
"30525","712","3","mapping_to"
"30526","1037","3","mapping_to"
"30527","1662","3","mapping_to"
"30528","1678","3","mapping_to"
"30529","1039","3","mapping_to"
"30530","1870","3","mapping_to"
"30531","1094","3","mapping_to"
"30532","482","3","mapping_to"
"30533","763","3","mapping_to"
"30534","1607","3","mapping_to"
"30535","1718","3","mapping_to"
"30536","1918","3","mapping_to"
"30537","687","3","mapping_to"
"30538","934","3","mapping_to"
"30539","1299","3","mapping_to"
"30540","1075","3","mapping_to"
"30541","1485","3","mapping_to"
"30542","1435","3","mapping_to"
"30543","1439","3","mapping_to"
"30544","1706","3","mapping_to"
"30545","1089","3","mapping_to"
"30546","750","3","mapping_to"
"30547","1914","3","mapping_to"
"30548","1876","3","mapping_to"
"30549","616","3","mapping_to"
"30550","1906","3","mapping_to"
"30551","1816","3","mapping_to"
"30552","1010","3","mapping_to"
"30553","1642","3","mapping_to"
"30554","1862","3","mapping_to"
"30555","1641","3","mapping_to"
"30556","1136","3","mapping_to"
"30557","398","3","mapping_to"
"30558","1395","3","mapping_to"
"30559","1420","3","mapping_to"
"30560","873","3","mapping_to"
"30561","1602","3","mapping_to"
"30562","1386","3","mapping_to"
"30563","1886","3","mapping_to"
"30564","587","3","mapping_to"
"30565","1629","3","mapping_to"
"30566","1084","3","mapping_to"
"30567","1940","3","mapping_to"
"30568","2025","3","mapping_to"
"30569","1917","3","mapping_to"
"30570","486","3","mapping_to"
"30571","1188","3","mapping_to"
"30572","416","3","mapping_to"
"30573","1525","3","mapping_to"
"30574","561","3","mapping_to"
"30575","1979","3","mapping_to"
"30576","1001","3","mapping_to"
"30577","350","3","mapping_to"
"30578","1765","3","mapping_to"
"30579","1933","3","mapping_to"
"30580","1470","3","mapping_to"
"30581","1546","3","mapping_to"
"30582","535","3","mapping_to"
"30583","1393","3","mapping_to"
"30584","491","3","mapping_to"
"30585","1833","3","mapping_to"
"30586","1873","3","mapping_to"
"30587","1619","3","mapping_to"
"30588","369","3","mapping_to"
"30589","1465","3","mapping_to"
"30590","463","3","mapping_to"
"30591","910","3","mapping_to"
"30592","1483","3","mapping_to"
"30593","1624","3","mapping_to"
"30594","967","3","mapping_to"
"30595","1389","3","mapping_to"
"30596","1164","3","mapping_to"
"30597","1741","3","mapping_to"
"30598","771","3","mapping_to"
"30599","1361","3","mapping_to"
"30600","956","3","mapping_to"
"30601","1892","3","mapping_to"
"30602","1659","3","mapping_to"
"30603","1954","3","mapping_to"
"30604","1939","3","mapping_to"
"30605","574","3","mapping_to"
"30606","1479","3","mapping_to"
"30607","2008","3","mapping_to"
"30608","602","3","mapping_to"
"30609","1388","3","mapping_to"
"30610","1107","3","mapping_to"
"30611","1191","3","mapping_to"
"30612","1390","3","mapping_to"
"30613","962","3","mapping_to"
"30614","1472","3","mapping_to"
"30615","1541","3","mapping_to"
"30616","1733","3","mapping_to"
"30617","1656","3","mapping_to"
"30618","1356","3","mapping_to"
"30619","1655","3","mapping_to"
"30620","941","3","mapping_to"
"30621","853","3","mapping_to"
"30622","1036","3","mapping_to"
"30623","1198","3","mapping_to"
"30624","790","3","mapping_to"
"30625","776","3","mapping_to"
"30626","825","3","mapping_to"
"30627","1951","3","mapping_to"
"30628","637","3","mapping_to"
"30629","1461","3","mapping_to"
"30630","885","3","mapping_to"
"30631","1745","3","mapping_to"
"30632","1113","3","mapping_to"
"30633","580","3","mapping_to"
"30634","1174","3","mapping_to"
"30635","1224","3","mapping_to"
"30636","1845","3","mapping_to"
"30637","1186","4","mapping_to"
"30638","1519","4","mapping_to"
"30639","1802","4","mapping_to"
"30640","1955","4","mapping_to"
"30641","712","4","mapping_to"
"30642","597","4","mapping_to"
"30643","875","4","mapping_to"
"30644","1434","4","mapping_to"
"30645","503","4","mapping_to"
"30646","1788","4","mapping_to"
"30647","1887","4","mapping_to"
"30648","1773","4","mapping_to"
"30649","567","4","mapping_to"
"30650","768","4","mapping_to"
"30651","1651","4","mapping_to"
"30652","488","4","mapping_to"
"30653","842","4","mapping_to"
"30654","1074","4","mapping_to"
"30655","771","4","mapping_to"
"30656","1862","4","mapping_to"
"30657","1186","5","mapping_to"
"30658","1519","5","mapping_to"
"30659","1802","5","mapping_to"
"30660","1955","5","mapping_to"
"30661","712","5","mapping_to"
"30662","597","5","mapping_to"
"30663","875","5","mapping_to"
"30664","1434","5","mapping_to"
"30665","503","5","mapping_to"
"30666","1788","5","mapping_to"
"30667","1887","5","mapping_to"
"30668","1773","5","mapping_to"
"30669","567","5","mapping_to"
"30670","768","5","mapping_to"
"30671","1651","5","mapping_to"
"30672","488","5","mapping_to"
"30673","842","5","mapping_to"
"30674","1074","5","mapping_to"
"30675","771","5","mapping_to"
"30676","1862","5","mapping_to"
"30677","824","6","mapping_to"
"30678","1447","6","mapping_to"
"30679","389","6","mapping_to"
"30680","347","6","mapping_to"
"30681","1549","6","mapping_to"
"30682","1515","6","mapping_to"
"30683","1280","6","mapping_to"
"30684","1361","6","mapping_to"
"30685","396","6","mapping_to"
"30686","1447","7","mapping_to"
"30687","389","7","mapping_to"
"30688","347","7","mapping_to"
"30689","1549","7","mapping_to"
"30690","1515","7","mapping_to"
"30691","1280","7","mapping_to"
"30692","1361","7","mapping_to"
"30693","396","7","mapping_to"
"30694","824","7","mapping_to"
"30695","1700","8","mapping_to"
"30696","474","8","mapping_to"
"30697","1249","8","mapping_to"
"30698","687","8","mapping_to"
"30699","843","8","mapping_to"
"30700","1011","8","mapping_to"
"30701","1062","8","mapping_to"
"30702","998","8","mapping_to"
"30703","1638","8","mapping_to"
"30704","712","8","mapping_to"
"30705","1726","8","mapping_to"
"30706","850","8","mapping_to"
"30707","1299","8","mapping_to"
"30708","1914","8","mapping_to"
"30709","1718","8","mapping_to"
"30710","1198","8","mapping_to"
"30711","1892","8","mapping_to"
"30712","396","8","mapping_to"
"30713","1828","8","mapping_to"
"30714","1918","8","mapping_to"
"30715","1361","8","mapping_to"
"30716","422","8","mapping_to"
"30717","630","8","mapping_to"
"30718","1205","8","mapping_to"
"30719","744","8","mapping_to"
"30720","1173","8","mapping_to"
"30721","930","8","mapping_to"
"30722","796","8","mapping_to"
"30723","898","8","mapping_to"
"30724","1038","8","mapping_to"
"30725","1470","8","mapping_to"
"30726","1060","8","mapping_to"
"30727","646","8","mapping_to"
"30728","513","8","mapping_to"
"30729","1651","8","mapping_to"
"30730","668","8","mapping_to"
"30731","1479","8","mapping_to"
"30732","875","8","mapping_to"
"30733","533","8","mapping_to"
"30734","391","8","mapping_to"
"30735","475","8","mapping_to"
"30736","734","8","mapping_to"
"30737","857","8","mapping_to"
"30738","1895","8","mapping_to"
"30739","1005","8","mapping_to"
"30740","1915","8","mapping_to"
"30741","1089","8","mapping_to"
"30742","1485","8","mapping_to"
"30743","1379","8","mapping_to"
"30744","1977","8","mapping_to"
"30745","1950","8","mapping_to"
"30746","1551","8","mapping_to"
"30747","1697","8","mapping_to"
"30748","1913","8","mapping_to"
"30749","1031","8","mapping_to"
"30750","1862","8","mapping_to"
"30751","686","8","mapping_to"
"30752","1401","8","mapping_to"
"30753","627","8","mapping_to"
"30754","1338","8","mapping_to"
"30755","1458","8","mapping_to"
"30756","621","8","mapping_to"
"30757","624","8","mapping_to"
"30758","337","8","mapping_to"
"30759","384","8","mapping_to"
"30760","953","8","mapping_to"
"30761","867","8","mapping_to"
"30762","1594","8","mapping_to"
"30763","1883","8","mapping_to"
"30764","764","8","mapping_to"
"30765","719","8","mapping_to"
"30766","964","8","mapping_to"
"30767","1145","8","mapping_to"
"30768","941","8","mapping_to"
"30769","853","8","mapping_to"
"30770","1757","8","mapping_to"
"30771","790","8","mapping_to"
"30772","613","8","mapping_to"
"30773","588","8","mapping_to"
"30774","1924","8","mapping_to"
"30775","353","8","mapping_to"
"30776","1881","8","mapping_to"
"30777","1304","8","mapping_to"
"30778","1153","8","mapping_to"
"30779","1244","8","mapping_to"
"30780","492","8","mapping_to"
"30781","802","8","mapping_to"
"30782","1904","8","mapping_to"
"30783","1219","8","mapping_to"
"30784","1541","8","mapping_to"
"30785","986","8","mapping_to"
"30786","1764","8","mapping_to"
"30787","995","8","mapping_to"
"30788","1898","8","mapping_to"
"30789","361","8","mapping_to"
"30790","1751","8","mapping_to"
"30791","872","8","mapping_to"
"30792","1030","8","mapping_to"
"30793","729","8","mapping_to"
"30794","1303","8","mapping_to"
"30795","463","8","mapping_to"
"30796","540","8","mapping_to"
"30797","1728","8","mapping_to"
"30798","1657","8","mapping_to"
"30799","1865","8","mapping_to"
"30800","1136","8","mapping_to"
"30801","1816","8","mapping_to"
"30802","583","8","mapping_to"
"30803","622","8","mapping_to"
"30804","592","8","mapping_to"
"30805","1084","8","mapping_to"
"30806","1034","8","mapping_to"
"30807","860","8","mapping_to"
"30808","819","8","mapping_to"
"30809","348","8","mapping_to"
"30810","649","8","mapping_to"
"30811","453","8","mapping_to"
"30812","1505","8","mapping_to"
"30813","476","8","mapping_to"
"30814","1348","8","mapping_to"
"30815","1323","8","mapping_to"
"30816","1612","8","mapping_to"
"30817","1511","8","mapping_to"
"30818","924","8","mapping_to"
"30819","861","8","mapping_to"
"30820","975","8","mapping_to"
"30821","1180","8","mapping_to"
"30822","666","8","mapping_to"
"30823","771","8","mapping_to"
"30824","1783","8","mapping_to"
"30825","1477","8","mapping_to"
"30826","1649","8","mapping_to"
"30827","1796","8","mapping_to"
"30828","1806","8","mapping_to"
"30829","1875","8","mapping_to"
"30830","808","8","mapping_to"
"30831","1421","8","mapping_to"
"30832","1605","8","mapping_to"
"30833","1494","8","mapping_to"
"30834","340","8","mapping_to"
"30835","332","8","mapping_to"
"30836","1951","8","mapping_to"
"30837","990","8","mapping_to"
"30838","468","8","mapping_to"
"30839","827","8","mapping_to"
"30840","1549","8","mapping_to"
"30841","865","8","mapping_to"
"30842","961","8","mapping_to"
"30843","1158","8","mapping_to"
"30844","1386","8","mapping_to"
"30845","1383","8","mapping_to"
"30846","1400","8","mapping_to"
"30847","1634","8","mapping_to"
"30848","1396","8","mapping_to"
"30849","1430","8","mapping_to"
"30850","1410","8","mapping_to"
"30851","945","8","mapping_to"
"30852","1831","8","mapping_to"
"30853","640","8","mapping_to"
"30854","1916","8","mapping_to"
"30855","800","8","mapping_to"
"30856","948","8","mapping_to"
"30857","1734","8","mapping_to"
"30858","1828","9","mapping_to"
"30859","396","9","mapping_to"
"30860","702","9","mapping_to"
"30861","1299","9","mapping_to"
"30862","843","9","mapping_to"
"30863","1126","9","mapping_to"
"30864","712","9","mapping_to"
"30865","406","9","mapping_to"
"30866","1932","9","mapping_to"
"30867","851","9","mapping_to"
"30868","572","9","mapping_to"
"30869","579","9","mapping_to"
"30870","544","9","mapping_to"
"30871","687","9","mapping_to"
"30872","1232","9","mapping_to"
"30873","905","9","mapping_to"
"30874","1914","9","mapping_to"
"30875","1651","9","mapping_to"
"30876","1918","9","mapping_to"
"30877","1516","9","mapping_to"
"30878","1904","9","mapping_to"
"30879","787","9","mapping_to"
"30880","1440","9","mapping_to"
"30881","1827","9","mapping_to"
"30882","1980","9","mapping_to"
"30883","2010","9","mapping_to"
"30884","961","9","mapping_to"
"30885","1089","9","mapping_to"
"30886","575","9","mapping_to"
"30887","1819","9","mapping_to"
"30888","599","9","mapping_to"
"30889","1625","9","mapping_to"
"30890","1361","9","mapping_to"
"30891","353","9","mapping_to"
"30892","1748","9","mapping_to"
"30893","1733","9","mapping_to"
"30894","1718","9","mapping_to"
"30895","1541","9","mapping_to"
"30896","1490","9","mapping_to"
"30897","1034","9","mapping_to"
"30898","1883","9","mapping_to"
"30899","513","10","mapping_to"
"30900","1718","10","mapping_to"
"30901","712","10","mapping_to"
"30902","396","10","mapping_to"
"30903","1918","10","mapping_to"
"30904","1485","10","mapping_to"
"30905","1389","10","mapping_to"
"30906","1198","10","mapping_to"
"30907","1395","10","mapping_to"
"30908","1458","10","mapping_to"
"30909","1954","10","mapping_to"
"30910","1939","10","mapping_to"
"30911","875","10","mapping_to"
"30912","353","10","mapping_to"
"30913","574","10","mapping_to"
"30914","853","10","mapping_to"
"30915","1624","10","mapping_to"
"30916","967","10","mapping_to"
"30917","1164","10","mapping_to"
"30918","1741","10","mapping_to"
"30919","771","10","mapping_to"
"30920","1361","10","mapping_to"
"30921","956","10","mapping_to"
"30922","1479","10","mapping_to"
"30923","1386","10","mapping_to"
"30924","1980","10","mapping_to"
"30925","2007","10","mapping_to"
"30926","1885","10","mapping_to"
"30927","792","10","mapping_to"
"30928","1041","10","mapping_to"
"30929","677","10","mapping_to"
"30930","378","10","mapping_to"
"30931","1018","10","mapping_to"
"30932","2008","10","mapping_to"
"30933","602","10","mapping_to"
"30934","1651","10","mapping_to"
"30935","1465","10","mapping_to"
"30936","1299","10","mapping_to"
"30937","712","11","mapping_to"
"30938","1299","11","mapping_to"
"30939","396","11","mapping_to"
"30940","941","11","mapping_to"
"30941","1361","11","mapping_to"
"30942","1199","11","mapping_to"
"30943","456","11","mapping_to"
"30944","353","12","mapping_to"
"30945","1441","12","mapping_to"
"30946","1541","12","mapping_to"
"30947","1733","12","mapping_to"
"30948","1918","12","mapping_to"
"30949","1718","12","mapping_to"
"30950","1299","12","mapping_to"
"30951","712","12","mapping_to"
"30952","396","12","mapping_to"
"30953","1892","12","mapping_to"
"30954","853","12","mapping_to"
"30955","1036","12","mapping_to"
"30956","967","12","mapping_to"
"30957","1472","12","mapping_to"
"30958","956","12","mapping_to"
"30959","1607","12","mapping_to"
"30960","398","12","mapping_to"
"30961","1395","12","mapping_to"
"30962","1420","12","mapping_to"
"30963","873","12","mapping_to"
"30964","1602","12","mapping_to"
"30965","1386","12","mapping_to"
"30966","1886","12","mapping_to"
"30967","1659","12","mapping_to"
"30968","1541","13","mapping_to"
"30969","1733","13","mapping_to"
"30970","353","13","mapping_to"
"30971","1918","13","mapping_to"
"30972","1718","13","mapping_to"
"30973","1299","13","mapping_to"
"30974","875","13","mapping_to"
"30975","1391","13","mapping_to"
"30976","396","13","mapping_to"
"30977","1520","13","mapping_to"
"30978","712","13","mapping_to"
"30979","1498","13","mapping_to"
"30980","1816","13","mapping_to"
"30981","1456","13","mapping_to"
"30982","1699","13","mapping_to"
"30983","1084","13","mapping_to"
"30984","1236","13","mapping_to"
"30985","778","13","mapping_to"
"30986","1352","13","mapping_to"
"30987","466","13","mapping_to"
"30988","2003","13","mapping_to"
"30989","2021","13","mapping_to"
"30990","1660","13","mapping_to"
"30991","1787","13","mapping_to"
"30992","1813","13","mapping_to"
"30993","1149","13","mapping_to"
"30994","1464","13","mapping_to"
"30995","1228","13","mapping_to"
"30996","1293","13","mapping_to"
"30997","944","13","mapping_to"
"30998","668","13","mapping_to"
"30999","1198","13","mapping_to"
"31000","1559","13","mapping_to"
"31001","862","13","mapping_to"
"31002","687","13","mapping_to"
"31003","456","13","mapping_to"
"31004","444","13","mapping_to"
"31005","443","13","mapping_to"
"31006","1247","13","mapping_to"
"31007","1754","13","mapping_to"
"31008","1452","13","mapping_to"
"31009","548","13","mapping_to"
"31010","1051","13","mapping_to"
"31011","1386","13","mapping_to"
"31012","1383","13","mapping_to"
"31013","1400","13","mapping_to"
"31014","1634","13","mapping_to"
"31015","1396","13","mapping_to"
"31016","1923","13","mapping_to"
"31017","1134","13","mapping_to"
"31018","1220","13","mapping_to"
"31019","1962","13","mapping_to"
"31020","1651","13","mapping_to"
"31021","398","13","mapping_to"
"31022","1395","13","mapping_to"
"31023","1420","13","mapping_to"
"31024","873","13","mapping_to"
"31025","1602","13","mapping_to"
"31026","1886","13","mapping_to"
"31027","1829","13","mapping_to"
"31028","1331","13","mapping_to"
"31029","1637","13","mapping_to"
"31030","1326","13","mapping_to"
"31031","1892","13","mapping_to"
"31032","1659","13","mapping_to"
"31033","975","13","mapping_to"
"31034","1180","13","mapping_to"
"31035","666","13","mapping_to"
"31036","771","13","mapping_to"
"31037","1783","13","mapping_to"
"31038","1477","13","mapping_to"
"31039","1649","13","mapping_to"
"31040","1796","13","mapping_to"
"31041","1806","13","mapping_to"
"31042","1361","13","mapping_to"
"31043","422","13","mapping_to"
"31044","630","13","mapping_to"
"31045","1232","13","mapping_to"
"31046","843","13","mapping_to"
"31047","1878","13","mapping_to"
"31048","1867","13","mapping_to"
"31049","1863","13","mapping_to"
"31050","1364","13","mapping_to"
"31051","1964","13","mapping_to"
"31052","1741","13","mapping_to"
"31053","1029","13","mapping_to"
"31054","840","13","mapping_to"
"31055","1862","13","mapping_to"
"31056","800","13","mapping_to"
"31057","967","13","mapping_to"
"31058","1472","13","mapping_to"
"31059","956","13","mapping_to"
"31060","1607","13","mapping_to"
"31061","1616","13","mapping_to"
"31062","660","13","mapping_to"
"31063","1608","13","mapping_to"
"31064","1606","13","mapping_to"
"31065","1690","13","mapping_to"
"31066","1676","13","mapping_to"
"31067","1158","13","mapping_to"
"31068","1375","13","mapping_to"
"31069","1955","13","mapping_to"
"31070","1756","13","mapping_to"
"31071","1157","13","mapping_to"
"31072","495","13","mapping_to"
"31073","1083","13","mapping_to"
"31074","513","13","mapping_to"
"31075","1210","13","mapping_to"
"31076","822","13","mapping_to"
"31077","1700","13","mapping_to"
"31078","618","13","mapping_to"
"31079","624","13","mapping_to"
"31080","1479","13","mapping_to"
"31081","1458","13","mapping_to"
"31082","1875","13","mapping_to"
"31083","808","13","mapping_to"
"31084","1441","13","mapping_to"
"31085","1684","13","mapping_to"
"31086","375","13","mapping_to"
"31087","1707","13","mapping_to"
"31088","1798","13","mapping_to"
"31089","390","13","mapping_to"
"31090","1864","13","mapping_to"
"31091","650","13","mapping_to"
"31092","853","13","mapping_to"
"31093","1036","13","mapping_to"
"31094","1138","13","mapping_to"
"31095","1362","13","mapping_to"
"31096","1389","13","mapping_to"
"31097","964","13","mapping_to"
"31098","1388","13","mapping_to"
"31099","790","13","mapping_to"
"31100","613","13","mapping_to"
"31101","588","13","mapping_to"
"31102","1883","13","mapping_to"
"31103","627","13","mapping_to"
"31104","1338","13","mapping_to"
"31105","621","13","mapping_to"
"31106","337","13","mapping_to"
"31107","384","13","mapping_to"
"31108","1136","13","mapping_to"
"31109","480","14","mapping_to"
"31110","1701","14","mapping_to"
"31111","1953","14","mapping_to"
"31112","1685","14","mapping_to"
"31113","501","14","mapping_to"
"31114","1659","14","mapping_to"
"31115","1687","14","mapping_to"
"31116","1346","14","mapping_to"
"31117","1799","14","mapping_to"
"31118","970","14","mapping_to"
"31119","1798","14","mapping_to"
"31120","1580","14","mapping_to"
"31121","1955","14","mapping_to"
"31122","1912","14","mapping_to"
"31123","480","15","mapping_to"
"31124","1701","15","mapping_to"
"31125","1953","15","mapping_to"
"31126","1685","15","mapping_to"
"31127","501","15","mapping_to"
"31128","1659","15","mapping_to"
"31129","1687","15","mapping_to"
"31130","1346","15","mapping_to"
"31131","1799","15","mapping_to"
"31132","970","15","mapping_to"
"31133","1798","15","mapping_to"
"31134","1580","15","mapping_to"
"31135","1955","15","mapping_to"
"31136","1912","15","mapping_to"
"31137","480","16","mapping_to"
"31138","1701","16","mapping_to"
"31139","1953","16","mapping_to"
"31140","1685","16","mapping_to"
"31141","501","16","mapping_to"
"31142","1659","16","mapping_to"
"31143","1687","16","mapping_to"
"31144","1346","16","mapping_to"
"31145","1799","16","mapping_to"
"31146","970","16","mapping_to"
"31147","1798","16","mapping_to"
"31148","1580","16","mapping_to"
"31149","1955","16","mapping_to"
"31150","1912","16","mapping_to"
"31151","480","17","mapping_to"
"31152","1701","17","mapping_to"
"31153","1953","17","mapping_to"
"31154","1685","17","mapping_to"
"31155","501","17","mapping_to"
"31156","1659","17","mapping_to"
"31157","1687","17","mapping_to"
"31158","1346","17","mapping_to"
"31159","1799","17","mapping_to"
"31160","970","17","mapping_to"
"31161","1798","17","mapping_to"
"31162","1580","17","mapping_to"
"31163","1955","17","mapping_to"
"31164","1912","17","mapping_to"
"31165","480","18","mapping_to"
"31166","1701","18","mapping_to"
"31167","1953","18","mapping_to"
"31168","1685","18","mapping_to"
"31169","501","18","mapping_to"
"31170","1659","18","mapping_to"
"31171","1687","18","mapping_to"
"31172","1346","18","mapping_to"
"31173","1799","18","mapping_to"
"31174","970","18","mapping_to"
"31175","1798","18","mapping_to"
"31176","1580","18","mapping_to"
"31177","1955","18","mapping_to"
"31178","1912","18","mapping_to"
"31179","480","19","mapping_to"
"31180","1701","19","mapping_to"
"31181","1953","19","mapping_to"
"31182","1685","19","mapping_to"
"31183","501","19","mapping_to"
"31184","1659","19","mapping_to"
"31185","1687","19","mapping_to"
"31186","1346","19","mapping_to"
"31187","1799","19","mapping_to"
"31188","970","19","mapping_to"
"31189","1798","19","mapping_to"
"31190","1580","19","mapping_to"
"31191","1955","19","mapping_to"
"31192","1912","19","mapping_to"
"31193","480","20","mapping_to"
"31194","1701","20","mapping_to"
"31195","1953","20","mapping_to"
"31196","1685","20","mapping_to"
"31197","501","20","mapping_to"
"31198","1659","20","mapping_to"
"31199","1687","20","mapping_to"
"31200","1346","20","mapping_to"
"31201","1799","20","mapping_to"
"31202","970","20","mapping_to"
"31203","1798","20","mapping_to"
"31204","1580","20","mapping_to"
"31205","1955","20","mapping_to"
"31206","1912","20","mapping_to"
"31207","480","21","mapping_to"
"31208","1701","21","mapping_to"
"31209","1953","21","mapping_to"
"31210","1685","21","mapping_to"
"31211","501","21","mapping_to"
"31212","1659","21","mapping_to"
"31213","1687","21","mapping_to"
"31214","1346","21","mapping_to"
"31215","1799","21","mapping_to"
"31216","970","21","mapping_to"
"31217","1798","21","mapping_to"
"31218","1580","21","mapping_to"
"31219","1955","21","mapping_to"
"31220","1912","21","mapping_to"
"31221","480","22","mapping_to"
"31222","1701","22","mapping_to"
"31223","1953","22","mapping_to"
"31224","1685","22","mapping_to"
"31225","501","22","mapping_to"
"31226","1659","22","mapping_to"
"31227","1687","22","mapping_to"
"31228","1346","22","mapping_to"
"31229","1799","22","mapping_to"
"31230","970","22","mapping_to"
"31231","1798","22","mapping_to"
"31232","1580","22","mapping_to"
"31233","1955","22","mapping_to"
"31234","1912","22","mapping_to"
"31235","480","23","mapping_to"
"31236","1701","23","mapping_to"
"31237","1953","23","mapping_to"
"31238","1685","23","mapping_to"
"31239","501","23","mapping_to"
"31240","1659","23","mapping_to"
"31241","1687","23","mapping_to"
"31242","1346","23","mapping_to"
"31243","1799","23","mapping_to"
"31244","970","23","mapping_to"
"31245","1798","23","mapping_to"
"31246","1580","23","mapping_to"
"31247","1955","23","mapping_to"
"31248","1912","23","mapping_to"
"31249","480","24","mapping_to"
"31250","1701","24","mapping_to"
"31251","1953","24","mapping_to"
"31252","1685","24","mapping_to"
"31253","501","24","mapping_to"
"31254","1659","24","mapping_to"
"31255","1687","24","mapping_to"
"31256","1346","24","mapping_to"
"31257","1799","24","mapping_to"
"31258","970","24","mapping_to"
"31259","1798","24","mapping_to"
"31260","1580","24","mapping_to"
"31261","1955","24","mapping_to"
"31262","1912","24","mapping_to"
"31263","480","25","mapping_to"
"31264","1701","25","mapping_to"
"31265","1953","25","mapping_to"
"31266","1685","25","mapping_to"
"31267","501","25","mapping_to"
"31268","1659","25","mapping_to"
"31269","1687","25","mapping_to"
"31270","1346","25","mapping_to"
"31271","1799","25","mapping_to"
"31272","970","25","mapping_to"
"31273","1798","25","mapping_to"
"31274","1580","25","mapping_to"
"31275","1955","25","mapping_to"
"31276","1912","25","mapping_to"
"31277","480","26","mapping_to"
"31278","1701","26","mapping_to"
"31279","1953","26","mapping_to"
"31280","1685","26","mapping_to"
"31281","501","26","mapping_to"
"31282","1659","26","mapping_to"
"31283","1687","26","mapping_to"
"31284","1346","26","mapping_to"
"31285","1799","26","mapping_to"
"31286","970","26","mapping_to"
"31287","1798","26","mapping_to"
"31288","1580","26","mapping_to"
"31289","1955","26","mapping_to"
"31290","1912","26","mapping_to"
"31291","480","27","mapping_to"
"31292","1701","27","mapping_to"
"31293","1953","27","mapping_to"
"31294","1685","27","mapping_to"
"31295","501","27","mapping_to"
"31296","1659","27","mapping_to"
"31297","1687","27","mapping_to"
"31298","1346","27","mapping_to"
"31299","1799","27","mapping_to"
"31300","970","27","mapping_to"
"31301","1798","27","mapping_to"
"31302","1580","27","mapping_to"
"31303","1955","27","mapping_to"
"31304","1912","27","mapping_to"
"31305","1892","28","mapping_to"
"31306","1651","28","mapping_to"
"31307","800","28","mapping_to"
"31308","843","28","mapping_to"
"31309","734","28","mapping_to"
"31310","857","28","mapping_to"
"31311","1895","28","mapping_to"
"31312","1005","28","mapping_to"
"31313","1915","28","mapping_to"
"31314","771","28","mapping_to"
"31315","850","28","mapping_to"
"31316","480","28","mapping_to"
"31317","1701","28","mapping_to"
"31318","1953","28","mapping_to"
"31319","1685","28","mapping_to"
"31320","501","28","mapping_to"
"31321","1659","28","mapping_to"
"31322","1687","28","mapping_to"
"31323","1346","28","mapping_to"
"31324","1799","28","mapping_to"
"31325","970","28","mapping_to"
"31326","1798","28","mapping_to"
"31327","1580","28","mapping_to"
"31328","1955","28","mapping_to"
"31329","1912","28","mapping_to"
"31330","1118","28","mapping_to"
"31331","709","28","mapping_to"
"31332","459","28","mapping_to"
"31333","572","28","mapping_to"
"31334","1696","28","mapping_to"
"31335","396","28","mapping_to"
"31336","1918","28","mapping_to"
"31337","712","28","mapping_to"
"31338","1299","28","mapping_to"
"31339","872","28","mapping_to"
"31340","1479","28","mapping_to"
"31341","875","28","mapping_to"
"31342","480","29","mapping_to"
"31343","1701","29","mapping_to"
"31344","1953","29","mapping_to"
"31345","1685","29","mapping_to"
"31346","501","29","mapping_to"
"31347","1659","29","mapping_to"
"31348","1687","29","mapping_to"
"31349","1346","29","mapping_to"
"31350","1799","29","mapping_to"
"31351","970","29","mapping_to"
"31352","1798","29","mapping_to"
"31353","1580","29","mapping_to"
"31354","1955","29","mapping_to"
"31355","1912","29","mapping_to"
"31356","1630","30","mapping_to"
"31357","353","30","mapping_to"
"31358","713","30","mapping_to"
"31359","396","30","mapping_to"
"31360","1858","30","mapping_to"
"31361","1890","30","mapping_to"
"31362","1816","30","mapping_to"
"31363","893","30","mapping_to"
"31364","1269","30","mapping_to"
"31365","1167","30","mapping_to"
"31366","824","30","mapping_to"
"31367","1964","30","mapping_to"
"31368","1878","30","mapping_to"
"31369","1863","30","mapping_to"
"31370","843","30","mapping_to"
"31371","1867","30","mapping_to"
"31372","712","30","mapping_to"
"31373","1918","30","mapping_to"
"31374","1299","30","mapping_to"
"31375","889","30","mapping_to"
"31376","1920","30","mapping_to"
"31377","1361","30","mapping_to"
"31378","456","30","mapping_to"
"31379","1418","30","mapping_to"
"31380","1506","30","mapping_to"
"31381","1417","30","mapping_to"
"31382","474","30","mapping_to"
"31383","1169","30","mapping_to"
"31384","1232","30","mapping_to"
"31385","1364","30","mapping_to"
"31386","948","30","mapping_to"
"31387","1734","30","mapping_to"
"31388","1892","30","mapping_to"
"31389","998","30","mapping_to"
"31390","732","30","mapping_to"
"31391","513","30","mapping_to"
"31392","684","30","mapping_to"
"31393","556","30","mapping_to"
"31394","1802","30","mapping_to"
"31395","1951","30","mapping_to"
"31396","570","30","mapping_to"
"31397","1813","30","mapping_to"
"31398","1133","30","mapping_to"
"31399","624","30","mapping_to"
"31400","1962","30","mapping_to"
"31401","1651","30","mapping_to"
"31402","1464","30","mapping_to"
"31403","1228","30","mapping_to"
"31404","1293","30","mapping_to"
"31405","944","30","mapping_to"
"31406","668","30","mapping_to"
"31407","1198","30","mapping_to"
"31408","1883","30","mapping_to"
"31409","694","30","mapping_to"
"31410","1994","30","mapping_to"
"31411","1510","30","mapping_to"
"31412","881","30","mapping_to"
"31413","491","30","mapping_to"
"31414","687","30","mapping_to"
"31415","1011","30","mapping_to"
"31416","1062","30","mapping_to"
"31417","1638","30","mapping_to"
"31418","1827","30","mapping_to"
"31419","1415","30","mapping_to"
"31420","1541","30","mapping_to"
"31421","1788","30","mapping_to"
"31422","2022","30","mapping_to"
"31423","1700","30","mapping_to"
"31424","2023","30","mapping_to"
"31425","2024","30","mapping_to"
"31426","1666","30","mapping_to"
"31427","490","30","mapping_to"
"31428","1692","30","mapping_to"
"31429","1829","30","mapping_to"
"31430","1331","30","mapping_to"
"31431","1637","30","mapping_to"
"31432","1326","30","mapping_to"
"31433","1498","30","mapping_to"
"31434","1456","30","mapping_to"
"31435","875","30","mapping_to"
"31436","1699","30","mapping_to"
"31437","1084","30","mapping_to"
"31438","1236","30","mapping_to"
"31439","778","30","mapping_to"
"31440","1352","30","mapping_to"
"31441","466","30","mapping_to"
"31442","2003","30","mapping_to"
"31443","2021","30","mapping_to"
"31444","1660","30","mapping_to"
"31445","1787","30","mapping_to"
"31446","1149","30","mapping_to"
"31447","1959","30","mapping_to"
"31448","497","30","mapping_to"
"31449","646","30","mapping_to"
"31450","899","30","mapping_to"
"31451","342","30","mapping_to"
"31452","748","30","mapping_to"
"31453","1629","30","mapping_to"
"31454","1070","30","mapping_to"
"31455","861","30","mapping_to"
"31456","1199","30","mapping_to"
"31457","1864","30","mapping_to"
"31458","1458","30","mapping_to"
"31459","1477","30","mapping_to"
"31460","782","30","mapping_to"
"31461","1479","30","mapping_to"
"31462","1540","30","mapping_to"
"31463","1435","30","mapping_to"
"31464","1491","30","mapping_to"
"31465","1388","30","mapping_to"
"31466","1485","30","mapping_to"
"31467","1389","30","mapping_to"
"31468","1244","30","mapping_to"
"31469","790","30","mapping_to"
"31470","492","30","mapping_to"
"31471","802","30","mapping_to"
"31472","1904","30","mapping_to"
"31473","1219","30","mapping_to"
"31474","964","30","mapping_to"
"31475","618","30","mapping_to"
"31476","1607","30","mapping_to"
"31477","650","30","mapping_to"
"31478","2002","30","mapping_to"
"31479","786","30","mapping_to"
"31480","1365","30","mapping_to"
"31481","1559","30","mapping_to"
"31482","862","30","mapping_to"
"31483","1881","30","mapping_to"
"31484","1304","30","mapping_to"
"31485","1153","30","mapping_to"
"31486","1618","30","mapping_to"
"31487","1679","30","mapping_to"
"31488","1862","30","mapping_to"
"31489","1233","30","mapping_to"
"31490","857","30","mapping_to"
"31491","949","30","mapping_to"
"31492","1640","30","mapping_to"
"31493","1959","31","mapping_to"
"31494","497","31","mapping_to"
"31495","490","31","mapping_to"
"31496","1692","31","mapping_to"
"31497","1918","31","mapping_to"
"31498","1299","31","mapping_to"
"31499","353","31","mapping_to"
"31500","1890","31","mapping_to"
"31501","1816","31","mapping_to"
"31502","893","31","mapping_to"
"31503","1269","31","mapping_to"
"31504","1167","31","mapping_to"
"31505","843","31","mapping_to"
"31506","712","31","mapping_to"
"31507","889","31","mapping_to"
"31508","1920","31","mapping_to"
"31509","1361","31","mapping_to"
"31510","456","31","mapping_to"
"31511","732","32","mapping_to"
"31512","1892","32","mapping_to"
"31513","998","32","mapping_to"
"31514","1239","32","mapping_to"
"31515","712","32","mapping_to"
"31516","589","32","mapping_to"
"31517","870","32","mapping_to"
"31518","701","32","mapping_to"
"31519","1644","32","mapping_to"
"31520","361","32","mapping_to"
"31521","1288","32","mapping_to"
"31522","1570","32","mapping_to"
"31523","456","32","mapping_to"
"31524","875","32","mapping_to"
"31525","1570","33","mapping_to"
"31526","998","33","mapping_to"
"31527","456","33","mapping_to"
"31528","875","33","mapping_to"
"31529","361","33","mapping_to"
"31530","732","33","mapping_to"
"31531","1892","33","mapping_to"
"31532","1239","33","mapping_to"
"31533","712","33","mapping_to"
"31534","589","33","mapping_to"
"31535","870","33","mapping_to"
"31536","701","33","mapping_to"
"31537","1644","33","mapping_to"
"31538","1288","33","mapping_to"
"31539","732","34","mapping_to"
"31540","1892","34","mapping_to"
"31541","998","34","mapping_to"
"31542","1239","34","mapping_to"
"31543","712","34","mapping_to"
"31544","589","34","mapping_to"
"31545","870","34","mapping_to"
"31546","701","34","mapping_to"
"31547","1644","34","mapping_to"
"31548","361","34","mapping_to"
"31549","1288","34","mapping_to"
"31550","1570","34","mapping_to"
"31551","456","34","mapping_to"
"31552","875","34","mapping_to"
"31553","732","35","mapping_to"
"31554","1892","35","mapping_to"
"31555","998","35","mapping_to"
"31556","1239","35","mapping_to"
"31557","712","35","mapping_to"
"31558","589","35","mapping_to"
"31559","870","35","mapping_to"
"31560","701","35","mapping_to"
"31561","1644","35","mapping_to"
"31562","361","35","mapping_to"
"31563","1288","35","mapping_to"
"31564","1570","35","mapping_to"
"31565","456","35","mapping_to"
"31566","875","35","mapping_to"
"31567","732","36","mapping_to"
"31568","1892","36","mapping_to"
"31569","998","36","mapping_to"
"31570","1239","36","mapping_to"
"31571","712","36","mapping_to"
"31572","589","36","mapping_to"
"31573","870","36","mapping_to"
"31574","701","36","mapping_to"
"31575","1644","36","mapping_to"
"31576","361","36","mapping_to"
"31577","1288","36","mapping_to"
"31578","1570","36","mapping_to"
"31579","456","36","mapping_to"
"31580","875","36","mapping_to"
"31581","1570","37","mapping_to"
"31582","998","37","mapping_to"
"31583","456","37","mapping_to"
"31584","875","37","mapping_to"
"31585","361","37","mapping_to"
"31586","943","37","mapping_to"
"31587","1892","37","mapping_to"
"31588","1567","37","mapping_to"
"31589","687","37","mapping_to"
"31590","843","37","mapping_to"
"31591","732","37","mapping_to"
"31592","1239","37","mapping_to"
"31593","712","37","mapping_to"
"31594","589","37","mapping_to"
"31595","870","37","mapping_to"
"31596","701","37","mapping_to"
"31597","1644","37","mapping_to"
"31598","1288","37","mapping_to"
"31599","1024","38","mapping_to"
"31600","712","38","mapping_to"
"31601","1613","38","mapping_to"
"31602","614","38","mapping_to"
"31603","843","38","mapping_to"
"31604","1557","38","mapping_to"
"31605","1824","38","mapping_to"
"31606","396","39","mapping_to"
"31607","1299","39","mapping_to"
"31608","455","39","mapping_to"
"31609","493","39","mapping_to"
"31610","461","39","mapping_to"
"31611","1918","39","mapping_to"
"31612","554","39","mapping_to"
"31613","656","39","mapping_to"
"31614","712","39","mapping_to"
"31615","2004","39","mapping_to"
"31616","1651","39","mapping_to"
"31617","2011","39","mapping_to"
"31618","1740","39","mapping_to"
"31619","998","40","mapping_to"
"31620","800","40","mapping_to"
"31621","1888","40","mapping_to"
"31622","1976","40","mapping_to"
"31623","926","40","mapping_to"
"31624","843","40","mapping_to"
"31625","1027","40","mapping_to"
"31626","1862","40","mapping_to"
"31627","712","40","mapping_to"
"31628","895","40","mapping_to"
"31629","1603","40","mapping_to"
"31630","875","40","mapping_to"
"31631","1391","40","mapping_to"
"31632","396","40","mapping_to"
"31633","1520","40","mapping_to"
"31634","1629","40","mapping_to"
"31635","732","40","mapping_to"
"31636","1819","40","mapping_to"
"31637","1158","40","mapping_to"
"31638","687","40","mapping_to"
"31639","1900","41","mapping_to"
"31640","734","41","mapping_to"
"31641","1120","41","mapping_to"
"31642","1200","41","mapping_to"
"31643","350","41","mapping_to"
"31644","800","41","mapping_to"
"31645","843","41","mapping_to"
"31646","887","41","mapping_to"
"31647","569","41","mapping_to"
"31648","734","42","mapping_to"
"31649","1900","42","mapping_to"
"31650","1120","42","mapping_to"
"31651","1200","42","mapping_to"
"31652","350","42","mapping_to"
"31653","800","42","mapping_to"
"31654","843","42","mapping_to"
"31655","887","42","mapping_to"
"31656","569","42","mapping_to"
"31657","734","43","mapping_to"
"31658","1900","43","mapping_to"
"31659","1120","43","mapping_to"
"31660","1200","43","mapping_to"
"31661","350","43","mapping_to"
"31662","800","43","mapping_to"
"31663","843","43","mapping_to"
"31664","887","43","mapping_to"
"31665","569","43","mapping_to"
"31666","734","44","mapping_to"
"31667","1120","44","mapping_to"
"31668","1200","44","mapping_to"
"31669","350","44","mapping_to"
"31670","800","44","mapping_to"
"31671","1900","44","mapping_to"
"31672","1900","45","mapping_to"
"31673","1120","45","mapping_to"
"31674","1200","45","mapping_to"
"31675","350","45","mapping_to"
"31676","800","45","mapping_to"
"31677","734","45","mapping_to"
"31678","456","46","mapping_to"
"31679","1181","46","mapping_to"
"31680","712","46","mapping_to"
"31681","1566","46","mapping_to"
"31682","1875","46","mapping_to"
"31683","734","46","mapping_to"
"31684","843","46","mapping_to"
"31685","636","46","mapping_to"
"31686","687","46","mapping_to"
"31687","1665","47","mapping_to"
"31688","1892","47","mapping_to"
"31689","489","47","mapping_to"
"31690","771","47","mapping_to"
"31691","1651","47","mapping_to"
"31692","1571","47","mapping_to"
"31693","1143","47","mapping_to"
"31694","481","47","mapping_to"
"31695","396","47","mapping_to"
"31696","730","47","mapping_to"
"31697","843","47","mapping_to"
"31698","393","47","mapping_to"
"31699","992","47","mapping_to"
"31700","687","47","mapping_to"
"31701","945","47","mapping_to"
"31702","1361","47","mapping_to"
"31703","1055","47","mapping_to"
"31704","1684","47","mapping_to"
"31705","375","47","mapping_to"
"31706","1707","47","mapping_to"
"31707","1798","47","mapping_to"
"31708","390","47","mapping_to"
"31709","1862","47","mapping_to"
"31710","1869","47","mapping_to"
"31711","1557","47","mapping_to"
"31712","712","47","mapping_to"
"31713","1029","47","mapping_to"
"31714","840","47","mapping_to"
"31715","800","47","mapping_to"
"31716","945","48","mapping_to"
"31717","1361","48","mapping_to"
"31718","1055","48","mapping_to"
"31719","489","48","mapping_to"
"31720","771","48","mapping_to"
"31721","1651","48","mapping_to"
"31722","1571","48","mapping_to"
"31723","1665","48","mapping_to"
"31724","1892","48","mapping_to"
"31725","489","49","mapping_to"
"31726","771","49","mapping_to"
"31727","1651","49","mapping_to"
"31728","1571","49","mapping_to"
"31729","843","49","mapping_to"
"31730","856","49","mapping_to"
"31731","1421","49","mapping_to"
"31732","1892","49","mapping_to"
"31733","396","49","mapping_to"
"31734","1564","49","mapping_to"
"31735","945","49","mapping_to"
"31736","1361","49","mapping_to"
"31737","1055","49","mapping_to"
"31738","1151","49","mapping_to"
"31739","1299","49","mapping_to"
"31740","560","49","mapping_to"
"31741","1665","49","mapping_to"
"31742","1938","49","mapping_to"
"31743","1532","49","mapping_to"
"31744","429","49","mapping_to"
"31745","937","49","mapping_to"
"31746","699","49","mapping_to"
"31747","1766","49","mapping_to"
"31748","2006","49","mapping_to"
"31749","952","49","mapping_to"
"31750","1187","49","mapping_to"
"31751","407","49","mapping_to"
"31752","1834","49","mapping_to"
"31753","712","49","mapping_to"
"31754","2026","49","mapping_to"
"31755","945","50","mapping_to"
"31756","1361","50","mapping_to"
"31757","1055","50","mapping_to"
"31758","489","50","mapping_to"
"31759","771","50","mapping_to"
"31760","1651","50","mapping_to"
"31761","1571","50","mapping_to"
"31762","1665","50","mapping_to"
"31763","1892","50","mapping_to"
"31764","945","51","mapping_to"
"31765","1361","51","mapping_to"
"31766","1055","51","mapping_to"
"31767","489","51","mapping_to"
"31768","771","51","mapping_to"
"31769","1651","51","mapping_to"
"31770","1571","51","mapping_to"
"31771","1665","51","mapping_to"
"31772","1892","51","mapping_to"
"31773","687","52","mapping_to"
"31774","583","52","mapping_to"
"31775","1458","52","mapping_to"
"31776","622","52","mapping_to"
"31777","712","52","mapping_to"
"31778","1430","52","mapping_to"
"31779","1410","52","mapping_to"
"31780","945","52","mapping_to"
"31781","860","52","mapping_to"
"31782","819","52","mapping_to"
"31783","348","52","mapping_to"
"31784","649","52","mapping_to"
"31785","1726","52","mapping_to"
"31786","850","52","mapping_to"
"31787","1299","52","mapping_to"
"31788","1914","52","mapping_to"
"31789","1718","52","mapping_to"
"31790","1198","52","mapping_to"
"31791","1892","52","mapping_to"
"31792","396","52","mapping_to"
"31793","1828","52","mapping_to"
"31794","1918","52","mapping_to"
"31795","687","53","mapping_to"
"31796","583","53","mapping_to"
"31797","1458","53","mapping_to"
"31798","622","53","mapping_to"
"31799","712","53","mapping_to"
"31800","545","53","mapping_to"
"31801","527","53","mapping_to"
"31802","860","53","mapping_to"
"31803","819","53","mapping_to"
"31804","348","53","mapping_to"
"31805","649","53","mapping_to"
"31806","1430","53","mapping_to"
"31807","1410","53","mapping_to"
"31808","945","53","mapping_to"
"31809","1726","53","mapping_to"
"31810","850","53","mapping_to"
"31811","1299","53","mapping_to"
"31812","1914","53","mapping_to"
"31813","1718","53","mapping_to"
"31814","1198","53","mapping_to"
"31815","1892","53","mapping_to"
"31816","396","53","mapping_to"
"31817","1828","53","mapping_to"
"31818","1918","53","mapping_to"
"31819","1410","54","mapping_to"
"31820","1791","54","mapping_to"
"31821","1795","54","mapping_to"
"31822","1448","54","mapping_to"
"31823","687","54","mapping_to"
"31824","531","54","mapping_to"
"31825","1467","54","mapping_to"
"31826","680","54","mapping_to"
"31827","345","54","mapping_to"
"31828","843","54","mapping_to"
"31829","1862","54","mapping_to"
"31830","458","54","mapping_to"
"31831","891","54","mapping_to"
"31832","1102","54","mapping_to"
"31833","1812","54","mapping_to"
"31834","361","54","mapping_to"
"31835","1791","55","mapping_to"
"31836","843","55","mapping_to"
"31837","1862","55","mapping_to"
"31838","458","55","mapping_to"
"31839","891","55","mapping_to"
"31840","1102","55","mapping_to"
"31841","1812","55","mapping_to"
"31842","361","55","mapping_to"
"31843","1410","55","mapping_to"
"31844","1795","55","mapping_to"
"31845","1448","55","mapping_to"
"31846","687","55","mapping_to"
"31847","531","55","mapping_to"
"31848","1467","55","mapping_to"
"31849","680","55","mapping_to"
"31850","345","55","mapping_to"
"31851","1791","56","mapping_to"
"31852","1795","56","mapping_to"
"31853","1448","56","mapping_to"
"31854","687","56","mapping_to"
"31855","531","56","mapping_to"
"31856","1467","56","mapping_to"
"31857","680","56","mapping_to"
"31858","345","56","mapping_to"
"31859","843","56","mapping_to"
"31860","1862","56","mapping_to"
"31861","458","56","mapping_to"
"31862","891","56","mapping_to"
"31863","1102","56","mapping_to"
"31864","1812","56","mapping_to"
"31865","361","56","mapping_to"
"31866","1410","56","mapping_to"
"31867","843","57","mapping_to"
"31868","856","57","mapping_to"
"31869","1421","57","mapping_to"
"31870","1892","57","mapping_to"
"31871","771","57","mapping_to"
"31872","1892","58","mapping_to"
"31873","387","58","mapping_to"
"31874","906","58","mapping_to"
"31875","843","58","mapping_to"
"31876","361","58","mapping_to"
"31877","1162","58","mapping_to"
"31878","396","58","mapping_to"
"31879","712","58","mapping_to"
"31880","790","58","mapping_to"
"31881","1299","58","mapping_to"
"31882","1444","58","mapping_to"
"31883","964","58","mapping_to"
"31884","1629","58","mapping_to"
"31885","353","58","mapping_to"
"31886","687","58","mapping_to"
"31887","1158","58","mapping_to"
"31888","1883","58","mapping_to"
"31889","1265","58","mapping_to"
"31890","1464","58","mapping_to"
"31891","1541","58","mapping_to"
"31892","1244","59","mapping_to"
"31893","1651","59","mapping_to"
"31894","790","59","mapping_to"
"31895","1918","59","mapping_to"
"31896","492","59","mapping_to"
"31897","353","59","mapping_to"
"31898","802","59","mapping_to"
"31899","1904","59","mapping_to"
"31900","1219","59","mapping_to"
"31901","396","59","mapping_to"
"31902","843","59","mapping_to"
"31903","1883","59","mapping_to"
"31904","1881","59","mapping_to"
"31905","1304","59","mapping_to"
"31906","1153","59","mapping_to"
"31907","1299","59","mapping_to"
"31908","948","59","mapping_to"
"31909","1734","59","mapping_to"
"31910","687","59","mapping_to"
"31911","1011","59","mapping_to"
"31912","1062","59","mapping_to"
"31913","998","59","mapping_to"
"31914","1638","59","mapping_to"
"31915","1756","60","mapping_to"
"31916","1157","60","mapping_to"
"31917","1458","60","mapping_to"
"31918","513","60","mapping_to"
"31919","875","60","mapping_to"
"31920","1288","60","mapping_to"
"31921","396","60","mapping_to"
"31922","1651","60","mapping_to"
"31923","387","60","mapping_to"
"31924","519","60","mapping_to"
"31925","518","60","mapping_to"
"31926","1299","60","mapping_to"
"31927","1479","60","mapping_to"
"31928","712","60","mapping_to"
"31929","1918","60","mapping_to"
"31930","843","60","mapping_to"
"31931","1718","60","mapping_to"
"31932","1964","60","mapping_to"
"31933","1863","60","mapping_to"
"31934","1138","60","mapping_to"
"31935","1878","60","mapping_to"
"31936","1362","60","mapping_to"
"31937","1198","60","mapping_to"
"31938","790","60","mapping_to"
"31939","776","60","mapping_to"
"31940","825","60","mapping_to"
"31941","1964","61","mapping_to"
"31942","1863","61","mapping_to"
"31943","843","61","mapping_to"
"31944","1138","61","mapping_to"
"31945","1651","61","mapping_to"
"31946","1878","61","mapping_to"
"31947","1362","61","mapping_to"
"31948","1756","61","mapping_to"
"31949","1157","61","mapping_to"
"31950","1458","61","mapping_to"
"31951","1862","62","mapping_to"
"31952","1967","62","mapping_to"
"31953","1969","62","mapping_to"
"31954","1651","62","mapping_to"
"31955","712","62","mapping_to"
"31956","444","62","mapping_to"
"31957","443","62","mapping_to"
"31958","1247","62","mapping_to"
"31959","1754","62","mapping_to"
"31960","1452","62","mapping_to"
"31961","548","62","mapping_to"
"31962","1051","62","mapping_to"
"31963","816","62","mapping_to"
"31964","1328","62","mapping_to"
"31965","372","62","mapping_to"
"31966","1964","62","mapping_to"
"31967","1863","62","mapping_to"
"31968","843","62","mapping_to"
"31969","1138","62","mapping_to"
"31970","1878","62","mapping_to"
"31971","1362","62","mapping_to"
"31972","495","62","mapping_to"
"31973","1149","62","mapping_to"
"31974","396","62","mapping_to"
"31975","1083","62","mapping_to"
"31976","513","62","mapping_to"
"31977","1210","62","mapping_to"
"31978","800","62","mapping_to"
"31979","1232","62","mapping_to"
"31980","1867","62","mapping_to"
"31981","1364","62","mapping_to"
"31982","1857","62","mapping_to"
"31983","1855","62","mapping_to"
"31984","962","62","mapping_to"
"31985","1879","62","mapping_to"
"31986","1680","62","mapping_to"
"31987","1666","62","mapping_to"
"31988","1668","62","mapping_to"
"31989","1089","62","mapping_to"
"31990","1756","62","mapping_to"
"31991","1157","62","mapping_to"
"31992","1375","62","mapping_to"
"31993","1955","62","mapping_to"
"31994","1918","62","mapping_to"
"31995","1829","62","mapping_to"
"31996","687","62","mapping_to"
"31997","1331","62","mapping_to"
"31998","1637","62","mapping_to"
"31999","1326","62","mapping_to"
"32000","1458","62","mapping_to"
"32001","1034","62","mapping_to"
"32002","1651","63","mapping_to"
"32003","712","63","mapping_to"
"32004","444","63","mapping_to"
"32005","443","63","mapping_to"
"32006","1247","63","mapping_to"
"32007","1754","63","mapping_to"
"32008","1452","63","mapping_to"
"32009","548","63","mapping_to"
"32010","1051","63","mapping_to"
"32011","1458","63","mapping_to"
"32012","1756","63","mapping_to"
"32013","1157","63","mapping_to"
"32014","495","63","mapping_to"
"32015","1149","63","mapping_to"
"32016","843","63","mapping_to"
"32017","396","63","mapping_to"
"32018","1083","63","mapping_to"
"32019","513","63","mapping_to"
"32020","1210","63","mapping_to"
"32021","1862","63","mapping_to"
"32022","800","63","mapping_to"
"32023","1857","63","mapping_to"
"32024","1855","63","mapping_to"
"32025","962","63","mapping_to"
"32026","1879","63","mapping_to"
"32027","1680","63","mapping_to"
"32028","1666","63","mapping_to"
"32029","1668","63","mapping_to"
"32030","1089","63","mapping_to"
"32031","1034","63","mapping_to"
"32032","687","63","mapping_to"
"32033","1967","63","mapping_to"
"32034","1969","63","mapping_to"
"32035","1375","63","mapping_to"
"32036","1955","63","mapping_to"
"32037","1918","63","mapping_to"
"32038","1964","63","mapping_to"
"32039","1863","63","mapping_to"
"32040","1138","63","mapping_to"
"32041","1878","63","mapping_to"
"32042","1362","63","mapping_to"
"32043","816","63","mapping_to"
"32044","1328","63","mapping_to"
"32045","372","63","mapping_to"
"32046","872","64","mapping_to"
"32047","396","64","mapping_to"
"32048","800","64","mapping_to"
"32049","1756","64","mapping_to"
"32050","1157","64","mapping_to"
"32051","1458","64","mapping_to"
"32052","541","64","mapping_to"
"32053","843","64","mapping_to"
"32054","712","64","mapping_to"
"32055","633","64","mapping_to"
"32056","875","64","mapping_to"
"32057","1299","64","mapping_to"
"32058","1964","64","mapping_to"
"32059","1863","64","mapping_to"
"32060","1138","64","mapping_to"
"32061","1651","64","mapping_to"
"32062","1878","64","mapping_to"
"32063","1362","64","mapping_to"
"32064","353","64","mapping_to"
"32065","1303","64","mapping_to"
"32066","825","64","mapping_to"
"32067","1257","65","mapping_to"
"32068","1421","65","mapping_to"
"32069","2013","65","mapping_to"
"32070","1685","65","mapping_to"
"32071","712","65","mapping_to"
"32072","1998","65","mapping_to"
"32073","1673","65","mapping_to"
"32074","1675","65","mapping_to"
"32075","458","65","mapping_to"
"32076","396","65","mapping_to"
"32077","1361","65","mapping_to"
"32078","1299","65","mapping_to"
"32079","353","65","mapping_to"
"32080","1454","65","mapping_to"
"32081","875","65","mapping_to"
"32082","1673","66","mapping_to"
"32083","1675","66","mapping_to"
"32084","458","66","mapping_to"
"32085","712","66","mapping_to"
"32086","1257","66","mapping_to"
"32087","1421","66","mapping_to"
"32088","2013","66","mapping_to"
"32089","1685","66","mapping_to"
"32090","1998","66","mapping_to"
"32091","396","66","mapping_to"
"32092","1361","66","mapping_to"
"32093","1299","66","mapping_to"
"32094","353","66","mapping_to"
"32095","1454","66","mapping_to"
"32096","875","66","mapping_to"
"32097","1257","67","mapping_to"
"32098","1421","67","mapping_to"
"32099","2013","67","mapping_to"
"32100","1685","67","mapping_to"
"32101","712","67","mapping_to"
"32102","396","67","mapping_to"
"32103","1361","67","mapping_to"
"32104","1299","67","mapping_to"
"32105","353","67","mapping_to"
"32106","1454","67","mapping_to"
"32107","875","67","mapping_to"
"32108","1998","67","mapping_to"
"32109","1673","67","mapping_to"
"32110","1675","67","mapping_to"
"32111","458","67","mapping_to"
"32112","712","68","mapping_to"
"32113","1361","68","mapping_to"
"32114","513","68","mapping_to"
"32115","1317","68","mapping_to"
"32116","1959","68","mapping_to"
"32117","1101","68","mapping_to"
"32118","1811","68","mapping_to"
"32119","1149","68","mapping_to"
"32120","861","68","mapping_to"
"32121","1342","68","mapping_to"
"32122","1862","68","mapping_to"
"32123","864","68","mapping_to"
"32124","843","68","mapping_to"
"32125","1890","68","mapping_to"
"32126","1430","68","mapping_to"
"32127","1651","68","mapping_to"
"32128","712","69","mapping_to"
"32129","1361","69","mapping_to"
"32130","513","69","mapping_to"
"32131","1317","69","mapping_to"
"32132","1430","69","mapping_to"
"32133","1651","69","mapping_to"
"32134","843","69","mapping_to"
"32135","1890","69","mapping_to"
"32136","1959","69","mapping_to"
"32137","1101","69","mapping_to"
"32138","1811","69","mapping_to"
"32139","1149","69","mapping_to"
"32140","861","69","mapping_to"
"32141","1342","69","mapping_to"
"32142","1862","69","mapping_to"
"32143","864","69","mapping_to"
"32144","1959","70","mapping_to"
"32145","1101","70","mapping_to"
"32146","513","70","mapping_to"
"32147","1811","70","mapping_to"
"32148","1149","70","mapping_to"
"32149","1361","70","mapping_to"
"32150","861","70","mapping_to"
"32151","1342","70","mapping_to"
"32152","1862","70","mapping_to"
"32153","864","70","mapping_to"
"32154","1430","70","mapping_to"
"32155","1651","70","mapping_to"
"32156","712","70","mapping_to"
"32157","1317","70","mapping_to"
"32158","843","70","mapping_to"
"32159","1890","70","mapping_to"
"32160","1079","71","mapping_to"
"32161","1081","71","mapping_to"
"32162","1080","71","mapping_to"
"32163","1421","71","mapping_to"
"32164","1410","71","mapping_to"
"32165","771","71","mapping_to"
"32166","1862","71","mapping_to"
"32167","1156","71","mapping_to"
"32168","344","71","mapping_to"
"32169","837","71","mapping_to"
"32170","1683","71","mapping_to"
"32171","408","71","mapping_to"
"32172","1789","71","mapping_to"
"32173","396","71","mapping_to"
"32174","1787","71","mapping_to"
"32175","2021","71","mapping_to"
"32176","1907","71","mapping_to"
"32177","1682","71","mapping_to"
"32178","712","71","mapping_to"
"32179","1574","71","mapping_to"
"32180","1741","71","mapping_to"
"32181","1374","71","mapping_to"
"32182","1485","71","mapping_to"
"32183","421","71","mapping_to"
"32184","513","71","mapping_to"
"32185","1317","71","mapping_to"
"32186","843","71","mapping_to"
"32187","1733","71","mapping_to"
"32188","1918","71","mapping_to"
"32189","1299","71","mapping_to"
"32190","1718","71","mapping_to"
"32191","353","71","mapping_to"
"32192","370","71","mapping_to"
"32193","964","71","mapping_to"
"32194","1470","71","mapping_to"
"32195","1177","71","mapping_to"
"32196","1651","71","mapping_to"
"32197","1016","71","mapping_to"
"32198","1816","71","mapping_to"
"32199","908","71","mapping_to"
"32200","1458","71","mapping_to"
"32201","1700","71","mapping_to"
"32202","1824","71","mapping_to"
"32203","1819","71","mapping_to"
"32204","794","71","mapping_to"
"32205","1002","71","mapping_to"
"32206","1904","71","mapping_to"
"32207","687","71","mapping_to"
"32208","1821","71","mapping_to"
"32209","1938","72","mapping_to"
"32210","1266","72","mapping_to"
"32211","1554","72","mapping_to"
"32212","1862","72","mapping_to"
"32213","1034","72","mapping_to"
"32214","1052","72","mapping_to"
"32215","427","72","mapping_to"
"32216","338","72","mapping_to"
"32217","1938","73","mapping_to"
"32218","1266","73","mapping_to"
"32219","338","73","mapping_to"
"32220","338","74","mapping_to"
"32221","1938","74","mapping_to"
"32222","1266","74","mapping_to"
"32223","1465","75","mapping_to"
"32224","954","75","mapping_to"
"32225","712","75","mapping_to"
"32226","522","75","mapping_to"
"32227","1651","75","mapping_to"
"32228","988","75","mapping_to"
"32229","1221","75","mapping_to"
"32230","989","75","mapping_to"
"32231","734","75","mapping_to"
"32232","734","76","mapping_to"
"32233","1465","76","mapping_to"
"32234","954","76","mapping_to"
"32235","712","76","mapping_to"
"32236","522","76","mapping_to"
"32237","1651","76","mapping_to"
"32238","988","76","mapping_to"
"32239","1221","76","mapping_to"
"32240","989","76","mapping_to"
"32241","1981","77","mapping_to"
"32242","1685","77","mapping_to"
"32243","1651","77","mapping_to"
"32244","850","77","mapping_to"
"32245","862","77","mapping_to"
"32246","1883","77","mapping_to"
"32247","1377","77","mapping_to"
"32248","404","77","mapping_to"
"32249","712","77","mapping_to"
"32250","875","77","mapping_to"
"32251","396","77","mapping_to"
"32252","396","78","mapping_to"
"32253","712","78","mapping_to"
"32254","1541","78","mapping_to"
"32255","1718","78","mapping_to"
"32256","1299","78","mapping_to"
"32257","1918","78","mapping_to"
"32258","1862","78","mapping_to"
"32259","1733","78","mapping_to"
"32260","1198","78","mapping_to"
"32261","1877","78","mapping_to"
"32262","843","78","mapping_to"
"32263","1034","78","mapping_to"
"32264","1914","78","mapping_to"
"32265","1904","78","mapping_to"
"32266","623","78","mapping_to"
"32267","1104","78","mapping_to"
"32268","1463","78","mapping_to"
"32269","1951","78","mapping_to"
"32270","1104","79","mapping_to"
"32271","1463","79","mapping_to"
"32272","843","79","mapping_to"
"32273","1951","79","mapping_to"
"32274","1962","79","mapping_to"
"32275","1651","79","mapping_to"
"32276","1541","79","mapping_to"
"32277","1718","79","mapping_to"
"32278","1299","79","mapping_to"
"32279","712","79","mapping_to"
"32280","1918","79","mapping_to"
"32281","1862","79","mapping_to"
"32282","1733","79","mapping_to"
"32283","1198","79","mapping_to"
"32284","1877","79","mapping_to"
"32285","1034","79","mapping_to"
"32286","1914","79","mapping_to"
"32287","1904","79","mapping_to"
"32288","396","79","mapping_to"
"32289","623","79","mapping_to"
"32290","1883","79","mapping_to"
"32291","925","79","mapping_to"
"32292","771","79","mapping_to"
"32293","822","79","mapping_to"
"32294","1864","79","mapping_to"
"32295","1458","79","mapping_to"
"32296","789","79","mapping_to"
"32297","1288","79","mapping_to"
"32298","1183","79","mapping_to"
"32299","805","79","mapping_to"
"32300","1033","79","mapping_to"
"32301","687","79","mapping_to"
"32302","513","79","mapping_to"
"32303","1373","79","mapping_to"
"32304","539","79","mapping_to"
"32305","875","79","mapping_to"
"32306","1341","79","mapping_to"
"32307","520","79","mapping_to"
"32308","453","79","mapping_to"
"32309","1505","79","mapping_to"
"32310","476","79","mapping_to"
"32311","1780","79","mapping_to"
"32312","1005","79","mapping_to"
"32313","1232","79","mapping_to"
"32314","1816","79","mapping_to"
"32315","833","79","mapping_to"
"32316","1013","79","mapping_to"
"32317","755","79","mapping_to"
"32318","1878","79","mapping_to"
"32319","1867","79","mapping_to"
"32320","1863","79","mapping_to"
"32321","1364","79","mapping_to"
"32322","1964","79","mapping_to"
"32323","714","79","mapping_to"
"32324","475","79","mapping_to"
"32325","1829","79","mapping_to"
"32326","1331","79","mapping_to"
"32327","1637","79","mapping_to"
"32328","1326","79","mapping_to"
"32329","1977","79","mapping_to"
"32330","1950","79","mapping_to"
"32331","1551","79","mapping_to"
"32332","1697","79","mapping_to"
"32333","1913","79","mapping_to"
"32334","1031","79","mapping_to"
"32335","686","79","mapping_to"
"32336","1401","79","mapping_to"
"32337","2001","79","mapping_to"
"32338","578","79","mapping_to"
"32339","939","79","mapping_to"
"32340","341","80","mapping_to"
"32341","971","80","mapping_to"
"32342","2007","80","mapping_to"
"32343","913","80","mapping_to"
"32344","1011","80","mapping_to"
"32345","559","80","mapping_to"
"32346","513","80","mapping_to"
"32347","1700","80","mapping_to"
"32348","1718","80","mapping_to"
"32349","875","80","mapping_to"
"32350","1088","80","mapping_to"
"32351","361","80","mapping_to"
"32352","396","80","mapping_to"
"32353","1918","80","mapping_to"
"32354","1733","80","mapping_to"
"32355","1330","80","mapping_to"
"32356","687","80","mapping_to"
"32357","850","80","mapping_to"
"32358","712","81","mapping_to"
"32359","843","81","mapping_to"
"32360","1361","81","mapping_to"
"32361","1853","81","mapping_to"
"32362","1315","81","mapping_to"
"32363","875","81","mapping_to"
"32364","1198","81","mapping_to"
"32365","1918","81","mapping_to"
"32366","1852","81","mapping_to"
"32367","1981","81","mapping_to"
"32368","1651","81","mapping_to"
"32369","1841","81","mapping_to"
"32370","542","81","mapping_to"
"32371","1092","81","mapping_to"
"32372","771","81","mapping_to"
"32373","354","81","mapping_to"
"32374","1851","81","mapping_to"
"32375","1458","81","mapping_to"
"32376","712","82","mapping_to"
"32377","843","82","mapping_to"
"32378","1361","82","mapping_to"
"32379","1853","82","mapping_to"
"32380","1315","82","mapping_to"
"32381","771","82","mapping_to"
"32382","354","82","mapping_to"
"32383","1851","82","mapping_to"
"32384","875","82","mapping_to"
"32385","1458","82","mapping_to"
"32386","1841","82","mapping_to"
"32387","542","82","mapping_to"
"32388","1092","82","mapping_to"
"32389","1198","82","mapping_to"
"32390","1918","82","mapping_to"
"32391","1852","82","mapping_to"
"32392","1981","82","mapping_to"
"32393","1651","82","mapping_to"
"32394","681","83","mapping_to"
"32395","573","83","mapping_to"
"32396","998","83","mapping_to"
"32397","687","83","mapping_to"
"32398","712","83","mapping_to"
"32399","875","83","mapping_to"
"32400","1421","83","mapping_to"
"32401","2005","83","mapping_to"
"32402","1552","83","mapping_to"
"32403","1361","83","mapping_to"
"32404","1901","83","mapping_to"
"32405","1719","83","mapping_to"
"32406","1543","83","mapping_to"
"32407","396","83","mapping_to"
"32408","1630","83","mapping_to"
"32409","2016","83","mapping_to"
"32410","1457","83","mapping_to"
"32411","875","84","mapping_to"
"32412","1391","84","mapping_to"
"32413","396","84","mapping_to"
"32414","1520","84","mapping_to"
"32415","712","84","mapping_to"
"32416","1158","84","mapping_to"
"32417","1158","85","mapping_to"
"32418","875","85","mapping_to"
"32419","1391","85","mapping_to"
"32420","396","85","mapping_to"
"32421","1520","85","mapping_to"
"32422","712","85","mapping_to"
"32423","712","86","mapping_to"
"32424","1361","86","mapping_to"
"32425","2007","86","mapping_to"
"32426","875","86","mapping_to"
"32427","734","86","mapping_to"
"32428","1816","86","mapping_to"
"32429","843","86","mapping_to"
"32430","1862","86","mapping_to"
"32431","1651","86","mapping_to"
"32432","1158","86","mapping_to"
"32433","1607","86","mapping_to"
"32434","650","86","mapping_to"
"32435","353","86","mapping_to"
"32436","1892","86","mapping_to"
"32437","998","86","mapping_to"
"32438","732","86","mapping_to"
"32439","1005","86","mapping_to"
"32440","1235","86","mapping_to"
"32441","1491","86","mapping_to"
"32442","396","86","mapping_to"
"32443","1964","86","mapping_to"
"32444","513","86","mapping_to"
"32445","1883","86","mapping_to"
"32446","668","86","mapping_to"
"32447","1951","86","mapping_to"
"32448","361","86","mapping_to"
"32449","1590","86","mapping_to"
"32450","1441","86","mapping_to"
"32451","1299","86","mapping_to"
"32452","1421","86","mapping_to"
"32453","904","86","mapping_to"
"32454","761","86","mapping_to"
"32455","1391","86","mapping_to"
"32456","1520","86","mapping_to"
"32457","1464","86","mapping_to"
"32458","1228","86","mapping_to"
"32459","1293","86","mapping_to"
"32460","944","86","mapping_to"
"32461","1198","86","mapping_to"
"32462","1874","86","mapping_to"
"32463","1826","86","mapping_to"
"32464","1158","87","mapping_to"
"32465","875","87","mapping_to"
"32466","1391","87","mapping_to"
"32467","396","87","mapping_to"
"32468","1520","87","mapping_to"
"32469","712","87","mapping_to"
"32470","712","88","mapping_to"
"32471","1716","88","mapping_to"
"32472","815","88","mapping_to"
"32473","1531","88","mapping_to"
"32474","1601","88","mapping_to"
"32475","1003","88","mapping_to"
"32476","1700","88","mapping_to"
"32477","1935","88","mapping_to"
"32478","1014","88","mapping_to"
"32479","1166","88","mapping_to"
"32480","353","88","mapping_to"
"32481","1031","88","mapping_to"
"32482","1097","88","mapping_to"
"32483","875","88","mapping_to"
"32484","425","88","mapping_to"
"32485","563","88","mapping_to"
"32486","998","88","mapping_to"
"32487","762","88","mapping_to"
"32488","1651","88","mapping_to"
"32489","1669","88","mapping_to"
"32490","1613","88","mapping_to"
"32491","1541","89","mapping_to"
"32492","1036","89","mapping_to"
"32493","712","89","mapping_to"
"32494","817","89","mapping_to"
"32495","1702","89","mapping_to"
"32496","1911","89","mapping_to"
"32497","875","89","mapping_to"
"32498","1651","89","mapping_to"
"32499","678","89","mapping_to"
"32500","1667","89","mapping_to"
"32501","396","89","mapping_to"
"32502","1136","89","mapping_to"
"32503","1465","89","mapping_to"
"32504","803","89","mapping_to"
"32505","1498","89","mapping_to"
"32506","771","89","mapping_to"
"32507","1442","89","mapping_to"
"32508","1685","89","mapping_to"
"32509","1798","89","mapping_to"
"32510","1651","90","mapping_to"
"32511","1442","90","mapping_to"
"32512","1685","90","mapping_to"
"32513","1798","90","mapping_to"
"32514","1918","90","mapping_to"
"32515","1544","90","mapping_to"
"32516","1718","90","mapping_to"
"32517","1198","90","mapping_to"
"32518","712","90","mapping_to"
"32519","396","90","mapping_to"
"32520","875","90","mapping_to"
"32521","1733","90","mapping_to"
"32522","1299","90","mapping_to"
"32523","361","90","mapping_to"
"32524","701","90","mapping_to"
"32525","2013","90","mapping_to"
"32526","1239","90","mapping_to"
"32527","1892","90","mapping_to"
"32528","998","90","mapping_to"
"32529","513","90","mapping_to"
"32530","1289","90","mapping_to"
"32531","734","90","mapping_to"
"32532","1825","90","mapping_to"
"32533","1441","90","mapping_to"
"32534","870","90","mapping_to"
"32535","803","90","mapping_to"
"32536","1498","90","mapping_to"
"32537","771","90","mapping_to"
"32538","1541","90","mapping_to"
"32539","1036","90","mapping_to"
"32540","817","90","mapping_to"
"32541","1702","90","mapping_to"
"32542","1911","90","mapping_to"
"32543","678","90","mapping_to"
"32544","1667","90","mapping_to"
"32545","1136","90","mapping_to"
"32546","1465","90","mapping_to"
"32547","1485","90","mapping_to"
"32548","1477","90","mapping_to"
"32549","1651","91","mapping_to"
"32550","712","91","mapping_to"
"32551","495","91","mapping_to"
"32552","1149","91","mapping_to"
"32553","843","91","mapping_to"
"32554","396","91","mapping_to"
"32555","1083","91","mapping_to"
"32556","513","91","mapping_to"
"32557","1210","91","mapping_to"
"32558","1862","91","mapping_to"
"32559","800","91","mapping_to"
"32560","1857","91","mapping_to"
"32561","1855","91","mapping_to"
"32562","962","91","mapping_to"
"32563","1879","91","mapping_to"
"32564","1680","91","mapping_to"
"32565","1666","91","mapping_to"
"32566","1668","91","mapping_to"
"32567","1089","91","mapping_to"
"32568","1375","91","mapping_to"
"32569","1955","91","mapping_to"
"32570","1918","91","mapping_to"
"32571","816","91","mapping_to"
"32572","1328","91","mapping_to"
"32573","372","91","mapping_to"
"32574","1034","91","mapping_to"
"32575","687","91","mapping_to"
"32576","444","91","mapping_to"
"32577","443","91","mapping_to"
"32578","1247","91","mapping_to"
"32579","1754","91","mapping_to"
"32580","1452","91","mapping_to"
"32581","548","91","mapping_to"
"32582","1051","91","mapping_to"
"32583","1967","91","mapping_to"
"32584","1969","91","mapping_to"
"32585","1862","92","mapping_to"
"32586","1967","92","mapping_to"
"32587","1969","92","mapping_to"
"32588","816","92","mapping_to"
"32589","1328","92","mapping_to"
"32590","372","92","mapping_to"
"32591","1034","92","mapping_to"
"32592","687","92","mapping_to"
"32593","843","92","mapping_to"
"32594","513","92","mapping_to"
"32595","1857","92","mapping_to"
"32596","1855","92","mapping_to"
"32597","962","92","mapping_to"
"32598","1879","92","mapping_to"
"32599","1680","92","mapping_to"
"32600","1149","92","mapping_to"
"32601","1666","92","mapping_to"
"32602","1668","92","mapping_to"
"32603","396","92","mapping_to"
"32604","1089","92","mapping_to"
"32605","712","93","mapping_to"
"32606","1875","93","mapping_to"
"32607","808","93","mapping_to"
"32608","1498","93","mapping_to"
"32609","1816","93","mapping_to"
"32610","1456","93","mapping_to"
"32611","875","93","mapping_to"
"32612","1699","93","mapping_to"
"32613","1084","93","mapping_to"
"32614","1236","93","mapping_to"
"32615","778","93","mapping_to"
"32616","1352","93","mapping_to"
"32617","466","93","mapping_to"
"32618","2003","93","mapping_to"
"32619","2021","93","mapping_to"
"32620","1660","93","mapping_to"
"32621","396","93","mapping_to"
"32622","1787","93","mapping_to"
"32623","1813","93","mapping_to"
"32624","1149","93","mapping_to"
"32625","816","93","mapping_to"
"32626","1328","93","mapping_to"
"32627","372","93","mapping_to"
"32628","1389","93","mapping_to"
"32629","964","93","mapping_to"
"32630","1464","93","mapping_to"
"32631","1651","93","mapping_to"
"32632","1388","93","mapping_to"
"32633","1862","93","mapping_to"
"32634","1967","93","mapping_to"
"32635","1969","93","mapping_to"
"32636","513","93","mapping_to"
"32637","1299","93","mapping_to"
"32638","618","93","mapping_to"
"32639","624","93","mapping_to"
"32640","353","93","mapping_to"
"32641","1892","93","mapping_to"
"32642","1386","93","mapping_to"
"32643","1383","93","mapping_to"
"32644","1400","93","mapping_to"
"32645","1918","93","mapping_to"
"32646","1634","93","mapping_to"
"32647","1396","93","mapping_to"
"32648","1559","93","mapping_to"
"32649","862","93","mapping_to"
"32650","687","93","mapping_to"
"32651","456","93","mapping_to"
"32652","843","93","mapping_to"
"32653","1857","93","mapping_to"
"32654","1855","93","mapping_to"
"32655","962","93","mapping_to"
"32656","1879","93","mapping_to"
"32657","1680","93","mapping_to"
"32658","1666","93","mapping_to"
"32659","1668","93","mapping_to"
"32660","1089","93","mapping_to"
"32661","790","93","mapping_to"
"32662","613","93","mapping_to"
"32663","588","93","mapping_to"
"32664","1034","93","mapping_to"
"32665","843","94","mapping_to"
"32666","513","94","mapping_to"
"32667","1857","94","mapping_to"
"32668","1855","94","mapping_to"
"32669","962","94","mapping_to"
"32670","1879","94","mapping_to"
"32671","1680","94","mapping_to"
"32672","1149","94","mapping_to"
"32673","1666","94","mapping_to"
"32674","1668","94","mapping_to"
"32675","396","94","mapping_to"
"32676","1089","94","mapping_to"
"32677","1862","94","mapping_to"
"32678","1034","94","mapping_to"
"32679","687","94","mapping_to"
"32680","1967","94","mapping_to"
"32681","1969","94","mapping_to"
"32682","816","94","mapping_to"
"32683","1328","94","mapping_to"
"32684","372","94","mapping_to"
"32685","843","95","mapping_to"
"32686","513","95","mapping_to"
"32687","1857","95","mapping_to"
"32688","1855","95","mapping_to"
"32689","962","95","mapping_to"
"32690","1879","95","mapping_to"
"32691","1680","95","mapping_to"
"32692","1149","95","mapping_to"
"32693","1666","95","mapping_to"
"32694","1668","95","mapping_to"
"32695","396","95","mapping_to"
"32696","1089","95","mapping_to"
"32697","1862","95","mapping_to"
"32698","1967","95","mapping_to"
"32699","1969","95","mapping_to"
"32700","1034","95","mapping_to"
"32701","687","95","mapping_to"
"32702","816","95","mapping_to"
"32703","1328","95","mapping_to"
"32704","372","95","mapping_to"
"32705","495","96","mapping_to"
"32706","1149","96","mapping_to"
"32707","843","96","mapping_to"
"32708","1651","96","mapping_to"
"32709","396","96","mapping_to"
"32710","1083","96","mapping_to"
"32711","513","96","mapping_to"
"32712","1210","96","mapping_to"
"32713","1862","96","mapping_to"
"32714","800","96","mapping_to"
"32715","1892","96","mapping_to"
"32716","1136","96","mapping_to"
"32717","712","96","mapping_to"
"32718","1375","96","mapping_to"
"32719","1955","96","mapping_to"
"32720","1918","96","mapping_to"
"32721","1479","96","mapping_to"
"32722","1923","96","mapping_to"
"32723","1134","96","mapping_to"
"32724","1220","96","mapping_to"
"32725","353","96","mapping_to"
"32726","1361","96","mapping_to"
"32727","1616","96","mapping_to"
"32728","660","96","mapping_to"
"32729","1608","96","mapping_to"
"32730","1606","96","mapping_to"
"32731","1690","96","mapping_to"
"32732","1676","96","mapping_to"
"32733","444","96","mapping_to"
"32734","443","96","mapping_to"
"32735","1247","96","mapping_to"
"32736","1754","96","mapping_to"
"32737","1452","96","mapping_to"
"32738","548","96","mapping_to"
"32739","1051","96","mapping_to"
"32740","712","97","mapping_to"
"32741","513","97","mapping_to"
"32742","396","97","mapping_to"
"32743","1479","97","mapping_to"
"32744","353","97","mapping_to"
"32745","1361","97","mapping_to"
"32746","1616","97","mapping_to"
"32747","660","97","mapping_to"
"32748","1608","97","mapping_to"
"32749","1606","97","mapping_to"
"32750","1690","97","mapping_to"
"32751","1676","97","mapping_to"
"32752","1651","97","mapping_to"
"32753","1892","97","mapping_to"
"32754","1149","97","mapping_to"
"32755","843","97","mapping_to"
"32756","800","97","mapping_to"
"32757","1136","97","mapping_to"
"32758","541","98","mapping_to"
"32759","572","98","mapping_to"
"32760","513","98","mapping_to"
"32761","1086","98","mapping_to"
"32762","396","98","mapping_to"
"32763","1149","98","mapping_to"
"32764","353","98","mapping_to"
"32765","1651","98","mapping_to"
"32766","1299","98","mapping_to"
"32767","1918","98","mapping_to"
"32768","530","98","mapping_to"
"32769","349","98","mapping_to"
"32770","998","98","mapping_to"
"32771","1063","98","mapping_to"
"32772","530","99","mapping_to"
"32773","1651","99","mapping_to"
"32774","349","99","mapping_to"
"32775","998","99","mapping_to"
"32776","1063","99","mapping_to"
"32777","396","99","mapping_to"
"32778","541","99","mapping_to"
"32779","572","99","mapping_to"
"32780","513","99","mapping_to"
"32781","1086","99","mapping_to"
"32782","1149","99","mapping_to"
"32783","353","99","mapping_to"
"32784","1299","99","mapping_to"
"32785","1918","99","mapping_to"
"32786","353","100","mapping_to"
"32787","1651","100","mapping_to"
"32788","1299","100","mapping_to"
"32789","1918","100","mapping_to"
"32790","541","100","mapping_to"
"32791","572","100","mapping_to"
"32792","513","100","mapping_to"
"32793","1086","100","mapping_to"
"32794","396","100","mapping_to"
"32795","1149","100","mapping_to"
"32796","530","100","mapping_to"
"32797","349","100","mapping_to"
"32798","998","100","mapping_to"
"32799","1063","100","mapping_to"
"32800","495","101","mapping_to"
"32801","1149","101","mapping_to"
"32802","843","101","mapping_to"
"32803","1651","101","mapping_to"
"32804","396","101","mapping_to"
"32805","1083","101","mapping_to"
"32806","513","101","mapping_to"
"32807","1210","101","mapping_to"
"32808","1862","101","mapping_to"
"32809","800","101","mapping_to"
"32810","444","101","mapping_to"
"32811","443","101","mapping_to"
"32812","1247","101","mapping_to"
"32813","1754","101","mapping_to"
"32814","1452","101","mapping_to"
"32815","548","101","mapping_to"
"32816","1051","101","mapping_to"
"32817","712","101","mapping_to"
"32818","1375","101","mapping_to"
"32819","1955","101","mapping_to"
"32820","1918","101","mapping_to"
"32821","444","102","mapping_to"
"32822","443","102","mapping_to"
"32823","1247","102","mapping_to"
"32824","1754","102","mapping_to"
"32825","1452","102","mapping_to"
"32826","548","102","mapping_to"
"32827","1051","102","mapping_to"
"32828","495","102","mapping_to"
"32829","1149","102","mapping_to"
"32830","843","102","mapping_to"
"32831","1651","102","mapping_to"
"32832","396","102","mapping_to"
"32833","1083","102","mapping_to"
"32834","513","102","mapping_to"
"32835","1210","102","mapping_to"
"32836","1862","102","mapping_to"
"32837","800","102","mapping_to"
"32838","712","102","mapping_to"
"32839","1375","102","mapping_to"
"32840","1955","102","mapping_to"
"32841","1918","102","mapping_to"
"32842","1892","103","mapping_to"
"32843","1198","103","mapping_to"
"32844","668","103","mapping_to"
"32845","821","103","mapping_to"
"32846","712","103","mapping_to"
"32847","2013","103","mapping_to"
"32848","591","103","mapping_to"
"32849","959","103","mapping_to"
"32850","546","103","mapping_to"
"32851","1275","103","mapping_to"
"32852","1299","103","mapping_to"
"32853","396","103","mapping_to"
"32854","1994","103","mapping_to"
"32855","1034","103","mapping_to"
"32856","1441","103","mapping_to"
"32857","1865","103","mapping_to"
"32858","964","103","mapping_to"
"32859","959","104","mapping_to"
"32860","546","104","mapping_to"
"32861","1275","104","mapping_to"
"32862","712","104","mapping_to"
"32863","1299","104","mapping_to"
"32864","396","104","mapping_to"
"32865","2013","104","mapping_to"
"32866","591","104","mapping_to"
"32867","1892","104","mapping_to"
"32868","1198","104","mapping_to"
"32869","668","104","mapping_to"
"32870","821","104","mapping_to"
"32871","1994","104","mapping_to"
"32872","1034","104","mapping_to"
"32873","1441","104","mapping_to"
"32874","1865","104","mapping_to"
"32875","964","104","mapping_to"
"32876","1892","105","mapping_to"
"32877","1198","105","mapping_to"
"32878","668","105","mapping_to"
"32879","821","105","mapping_to"
"32880","1994","105","mapping_to"
"32881","1034","105","mapping_to"
"32882","1441","105","mapping_to"
"32883","1865","105","mapping_to"
"32884","964","105","mapping_to"
"32885","959","105","mapping_to"
"32886","546","105","mapping_to"
"32887","1275","105","mapping_to"
"32888","712","105","mapping_to"
"32889","1299","105","mapping_to"
"32890","396","105","mapping_to"
"32891","2013","105","mapping_to"
"32892","591","105","mapping_to"
"32893","396","106","mapping_to"
"32894","1951","106","mapping_to"
"32895","843","106","mapping_to"
"32896","712","106","mapping_to"
"32897","1873","106","mapping_to"
"32898","729","106","mapping_to"
"32899","671","106","mapping_to"
"32900","1182","106","mapping_to"
"32901","513","106","mapping_to"
"32902","523","107","mapping_to"
"32903","463","107","mapping_to"
"32904","1862","107","mapping_to"
"32905","712","107","mapping_to"
"32906","1361","107","mapping_to"
"32907","1607","107","mapping_to"
"32908","1479","107","mapping_to"
"32909","875","107","mapping_to"
"32910","513","107","mapping_to"
"32911","2008","107","mapping_to"
"32912","1690","107","mapping_to"
"32913","1414","107","mapping_to"
"32914","687","107","mapping_to"
"32915","1819","108","mapping_to"
"32916","1819","109","mapping_to"
"32917","1819","110","mapping_to"
"32918","1819","111","mapping_to"
"32919","687","112","mapping_to"
"32920","425","112","mapping_to"
"32921","1731","112","mapping_to"
"32922","734","112","mapping_to"
"32923","581","112","mapping_to"
"32924","875","112","mapping_to"
"32925","361","112","mapping_to"
"32926","1633","112","mapping_to"
"32927","734","113","mapping_to"
"32928","581","113","mapping_to"
"32929","875","113","mapping_to"
"32930","361","113","mapping_to"
"32931","1633","113","mapping_to"
"32932","687","113","mapping_to"
"32933","425","113","mapping_to"
"32934","1731","113","mapping_to"
"32935","2020","114","mapping_to"
"32936","1830","114","mapping_to"
"32937","1946","114","mapping_to"
"32938","551","114","mapping_to"
"32939","396","114","mapping_to"
"32940","1831","114","mapping_to"
"32941","1919","114","mapping_to"
"32942","1918","114","mapping_to"
"32943","707","114","mapping_to"
"32944","875","114","mapping_to"
"32945","1959","114","mapping_to"
"32946","1504","114","mapping_to"
"32947","353","114","mapping_to"
"32948","1951","114","mapping_to"
"32949","654","114","mapping_to"
"32950","998","114","mapping_to"
"32951","1158","114","mapping_to"
"32952","1158","115","mapping_to"
"32953","2020","115","mapping_to"
"32954","1830","115","mapping_to"
"32955","1946","115","mapping_to"
"32956","551","115","mapping_to"
"32957","396","115","mapping_to"
"32958","1831","115","mapping_to"
"32959","1919","115","mapping_to"
"32960","1918","115","mapping_to"
"32961","707","115","mapping_to"
"32962","875","115","mapping_to"
"32963","1959","115","mapping_to"
"32964","1504","115","mapping_to"
"32965","353","115","mapping_to"
"32966","1951","115","mapping_to"
"32967","654","115","mapping_to"
"32968","998","115","mapping_to"
"32969","1158","116","mapping_to"
"32970","1959","116","mapping_to"
"32971","1504","116","mapping_to"
"32972","353","116","mapping_to"
"32973","1951","116","mapping_to"
"32974","654","116","mapping_to"
"32975","998","116","mapping_to"
"32976","2020","116","mapping_to"
"32977","1830","116","mapping_to"
"32978","1946","116","mapping_to"
"32979","551","116","mapping_to"
"32980","396","116","mapping_to"
"32981","1831","116","mapping_to"
"32982","1919","116","mapping_to"
"32983","1918","116","mapping_to"
"32984","707","116","mapping_to"
"32985","875","116","mapping_to"
"32986","1299","117","mapping_to"
"32987","1296","117","mapping_to"
"32988","734","117","mapping_to"
"32989","1465","117","mapping_to"
"32990","1307","117","mapping_to"
"32991","712","117","mapping_to"
"32992","1170","117","mapping_to"
"32993","396","117","mapping_to"
"32994","1788","117","mapping_to"
"32995","1829","117","mapping_to"
"32996","1918","117","mapping_to"
"32997","513","117","mapping_to"
"32998","1818","117","mapping_to"
"32999","1111","117","mapping_to"
"33000","1489","117","mapping_to"
"33001","1308","117","mapping_to"
"33002","1990","117","mapping_to"
"33003","1651","117","mapping_to"
"33004","478","118","mapping_to"
"33005","1076","118","mapping_to"
"33006","661","118","mapping_to"
"33007","1299","118","mapping_to"
"33008","355","118","mapping_to"
"33009","1635","118","mapping_to"
"33010","875","118","mapping_to"
"33011","818","118","mapping_to"
"33012","1340","118","mapping_to"
"33013","668","118","mapping_to"
"33014","1539","118","mapping_to"
"33015","353","118","mapping_to"
"33016","1816","118","mapping_to"
"33017","462","118","mapping_to"
"33018","843","118","mapping_to"
"33019","396","118","mapping_to"
"33020","1387","118","mapping_to"
"33021","1458","119","mapping_to"
"33022","1763","119","mapping_to"
"33023","1564","119","mapping_to"
"33024","691","119","mapping_to"
"33025","687","119","mapping_to"
"33026","846","119","mapping_to"
"33027","619","119","mapping_to"
"33028","396","119","mapping_to"
"33029","513","119","mapping_to"
"33030","875","119","mapping_to"
"33031","1918","119","mapping_to"
"33032","830","119","mapping_to"
"33033","1816","119","mapping_to"
"33034","1361","120","mapping_to"
"33035","1198","120","mapping_to"
"33036","1813","120","mapping_to"
"33037","460","120","mapping_to"
"33038","440","120","mapping_to"
"33039","1352","120","mapping_to"
"33040","1485","120","mapping_to"
"33041","1361","121","mapping_to"
"33042","440","121","mapping_to"
"33043","1352","121","mapping_to"
"33044","1485","121","mapping_to"
"33045","1198","121","mapping_to"
"33046","1813","121","mapping_to"
"33047","460","121","mapping_to"
"33048","1418","122","mapping_to"
"33049","1506","122","mapping_to"
"33050","1417","122","mapping_to"
"33051","474","122","mapping_to"
"33052","1169","122","mapping_to"
"33053","396","122","mapping_to"
"33054","491","122","mapping_to"
"33055","353","122","mapping_to"
"33056","1435","122","mapping_to"
"33057","668","122","mapping_to"
"33058","687","122","mapping_to"
"33059","1464","122","mapping_to"
"33060","1651","122","mapping_to"
"33061","1149","122","mapping_to"
"33062","2002","122","mapping_to"
"33063","786","122","mapping_to"
"33064","1365","122","mapping_to"
"33065","617","122","mapping_to"
"33066","712","122","mapping_to"
"33067","1199","122","mapping_to"
"33068","1864","123","mapping_to"
"33069","1458","123","mapping_to"
"33070","396","123","mapping_to"
"33071","1964","123","mapping_to"
"33072","843","123","mapping_to"
"33073","513","123","mapping_to"
"33074","1883","123","mapping_to"
"33075","668","123","mapping_to"
"33076","1816","123","mapping_to"
"33077","1862","123","mapping_to"
"33078","1651","123","mapping_to"
"33079","1464","123","mapping_to"
"33080","1228","123","mapping_to"
"33081","1293","123","mapping_to"
"33082","944","123","mapping_to"
"33083","1198","123","mapping_to"
"33084","712","123","mapping_to"
"33085","1962","123","mapping_to"
"33086","1878","123","mapping_to"
"33087","1867","123","mapping_to"
"33088","1364","123","mapping_to"
"33089","1863","123","mapping_to"
"33090","1361","123","mapping_to"
"33091","1607","123","mapping_to"
"33092","650","123","mapping_to"
"33093","353","123","mapping_to"
"33094","1651","124","mapping_to"
"33095","1864","124","mapping_to"
"33096","1458","124","mapping_to"
"33097","396","124","mapping_to"
"33098","1232","124","mapping_to"
"33099","843","124","mapping_to"
"33100","1878","124","mapping_to"
"33101","1867","124","mapping_to"
"33102","1863","124","mapping_to"
"33103","1364","124","mapping_to"
"33104","1964","124","mapping_to"
"33105","1962","124","mapping_to"
"33106","1829","124","mapping_to"
"33107","687","124","mapping_to"
"33108","1331","124","mapping_to"
"33109","1637","124","mapping_to"
"33110","1326","124","mapping_to"
"33111","1964","125","mapping_to"
"33112","1878","125","mapping_to"
"33113","1867","125","mapping_to"
"33114","1364","125","mapping_to"
"33115","1863","125","mapping_to"
"33116","1962","125","mapping_to"
"33117","1651","125","mapping_to"
"33118","1864","125","mapping_to"
"33119","1458","125","mapping_to"
"33120","396","125","mapping_to"
"33121","1816","126","mapping_to"
"33122","843","126","mapping_to"
"33123","1862","126","mapping_to"
"33124","1651","126","mapping_to"
"33125","1464","126","mapping_to"
"33126","1228","126","mapping_to"
"33127","1293","126","mapping_to"
"33128","944","126","mapping_to"
"33129","668","126","mapping_to"
"33130","1198","126","mapping_to"
"33131","712","126","mapping_to"
"33132","396","126","mapping_to"
"33133","1964","126","mapping_to"
"33134","513","126","mapping_to"
"33135","1883","126","mapping_to"
"33136","1361","126","mapping_to"
"33137","1607","126","mapping_to"
"33138","650","126","mapping_to"
"33139","353","126","mapping_to"
"33140","694","127","mapping_to"
"33141","1994","127","mapping_to"
"33142","1510","127","mapping_to"
"33143","881","127","mapping_to"
"33144","513","127","mapping_to"
"33145","1827","127","mapping_to"
"33146","353","127","mapping_to"
"33147","1541","127","mapping_to"
"33148","1232","127","mapping_to"
"33149","843","127","mapping_to"
"33150","1878","127","mapping_to"
"33151","1867","127","mapping_to"
"33152","1863","127","mapping_to"
"33153","1364","127","mapping_to"
"33154","1964","127","mapping_to"
"33155","1630","127","mapping_to"
"33156","713","127","mapping_to"
"33157","396","127","mapping_to"
"33158","1858","127","mapping_to"
"33159","1651","127","mapping_to"
"33160","822","127","mapping_to"
"33161","1829","127","mapping_to"
"33162","687","127","mapping_to"
"33163","1331","127","mapping_to"
"33164","1637","127","mapping_to"
"33165","1326","127","mapping_to"
"33166","824","127","mapping_to"
"33167","1651","128","mapping_to"
"33168","1232","128","mapping_to"
"33169","843","128","mapping_to"
"33170","1878","128","mapping_to"
"33171","1867","128","mapping_to"
"33172","1863","128","mapping_to"
"33173","1364","128","mapping_to"
"33174","1964","128","mapping_to"
"33175","1829","128","mapping_to"
"33176","687","128","mapping_to"
"33177","1331","128","mapping_to"
"33178","1637","128","mapping_to"
"33179","1326","128","mapping_to"
"33180","396","128","mapping_to"
"33181","1464","128","mapping_to"
"33182","1388","128","mapping_to"
"33183","1485","128","mapping_to"
"33184","1389","128","mapping_to"
"33185","712","129","mapping_to"
"33186","633","129","mapping_to"
"33187","875","129","mapping_to"
"33188","1299","129","mapping_to"
"33189","1651","129","mapping_to"
"33190","825","129","mapping_to"
"33191","396","129","mapping_to"
"33192","1464","129","mapping_to"
"33193","1388","129","mapping_to"
"33194","1485","129","mapping_to"
"33195","1389","129","mapping_to"
"33196","353","129","mapping_to"
"33197","1303","129","mapping_to"
"33198","541","129","mapping_to"
"33199","843","129","mapping_to"
"33200","1232","129","mapping_to"
"33201","1878","129","mapping_to"
"33202","1867","129","mapping_to"
"33203","1863","129","mapping_to"
"33204","1364","129","mapping_to"
"33205","1964","129","mapping_to"
"33206","1829","129","mapping_to"
"33207","687","129","mapping_to"
"33208","1331","129","mapping_to"
"33209","1637","129","mapping_to"
"33210","1326","129","mapping_to"
"33211","872","129","mapping_to"
"33212","800","129","mapping_to"
"33213","1964","130","mapping_to"
"33214","1878","130","mapping_to"
"33215","1863","130","mapping_to"
"33216","843","130","mapping_to"
"33217","1867","130","mapping_to"
"33218","396","130","mapping_to"
"33219","1464","130","mapping_to"
"33220","1388","130","mapping_to"
"33221","1651","130","mapping_to"
"33222","1485","130","mapping_to"
"33223","1389","130","mapping_to"
"33224","667","131","mapping_to"
"33225","945","131","mapping_to"
"33226","394","131","mapping_to"
"33227","712","131","mapping_to"
"33228","405","131","mapping_to"
"33229","440","131","mapping_to"
"33230","1353","131","mapping_to"
"33231","1352","131","mapping_to"
"33232","434","131","mapping_to"
"33233","921","131","mapping_to"
"33234","513","132","mapping_to"
"33235","1718","132","mapping_to"
"33236","712","132","mapping_to"
"33237","396","132","mapping_to"
"33238","1918","132","mapping_to"
"33239","1485","132","mapping_to"
"33240","1389","132","mapping_to"
"33241","1198","132","mapping_to"
"33242","1395","132","mapping_to"
"33243","1018","132","mapping_to"
"33244","875","132","mapping_to"
"33245","378","132","mapping_to"
"33246","853","132","mapping_to"
"33247","1479","132","mapping_to"
"33248","1386","132","mapping_to"
"33249","1208","133","mapping_to"
"33250","1892","133","mapping_to"
"33251","1501","133","mapping_to"
"33252","1763","133","mapping_to"
"33253","526","133","mapping_to"
"33254","507","133","mapping_to"
"33255","667","133","mapping_to"
"33256","1718","133","mapping_to"
"33257","1299","133","mapping_to"
"33258","1918","133","mapping_to"
"33259","353","133","mapping_to"
"33260","627","133","mapping_to"
"33261","396","133","mapping_to"
"33262","624","133","mapping_to"
"33263","513","133","mapping_to"
"33264","1130","133","mapping_to"
"33265","1482","133","mapping_to"
"33266","1651","133","mapping_to"
"33267","396","134","mapping_to"
"33268","513","134","mapping_to"
"33269","1130","134","mapping_to"
"33270","1482","134","mapping_to"
"33271","1651","134","mapping_to"
"33272","1918","134","mapping_to"
"33273","507","134","mapping_to"
"33274","667","134","mapping_to"
"33275","1718","134","mapping_to"
"33276","1299","134","mapping_to"
"33277","353","134","mapping_to"
"33278","627","134","mapping_to"
"33279","624","134","mapping_to"
"33280","712","134","mapping_to"
"33281","843","134","mapping_to"
"33282","662","134","mapping_to"
"33283","1208","134","mapping_to"
"33284","1892","134","mapping_to"
"33285","1501","134","mapping_to"
"33286","1763","134","mapping_to"
"33287","526","134","mapping_to"
"33288","788","134","mapping_to"
"33289","1339","134","mapping_to"
"33290","875","135","mapping_to"
"33291","1198","135","mapping_to"
"33292","790","135","mapping_to"
"33293","776","135","mapping_to"
"33294","513","135","mapping_to"
"33295","825","135","mapping_to"
"33296","712","135","mapping_to"
"33297","1299","135","mapping_to"
"33298","1479","135","mapping_to"
"33299","1918","135","mapping_to"
"33300","843","135","mapping_to"
"33301","396","135","mapping_to"
"33302","1718","135","mapping_to"
"33303","1458","135","mapping_to"
"33304","1288","135","mapping_to"
"33305","1651","135","mapping_to"
"33306","387","135","mapping_to"
"33307","519","135","mapping_to"
"33308","518","135","mapping_to"
"33309","1458","136","mapping_to"
"33310","513","136","mapping_to"
"33311","875","136","mapping_to"
"33312","1288","136","mapping_to"
"33313","396","136","mapping_to"
"33314","1651","136","mapping_to"
"33315","387","136","mapping_to"
"33316","519","136","mapping_to"
"33317","518","136","mapping_to"
"33318","1299","136","mapping_to"
"33319","1479","136","mapping_to"
"33320","712","136","mapping_to"
"33321","1918","136","mapping_to"
"33322","843","136","mapping_to"
"33323","1718","136","mapping_to"
"33324","1198","136","mapping_to"
"33325","790","136","mapping_to"
"33326","776","136","mapping_to"
"33327","825","136","mapping_to"
"33328","396","137","mapping_to"
"33329","1564","137","mapping_to"
"33330","1151","137","mapping_to"
"33331","1299","137","mapping_to"
"33332","1651","137","mapping_to"
"33333","560","137","mapping_to"
"33334","1938","137","mapping_to"
"33335","1532","137","mapping_to"
"33336","429","137","mapping_to"
"33337","937","137","mapping_to"
"33338","699","137","mapping_to"
"33339","1766","137","mapping_to"
"33340","2006","137","mapping_to"
"33341","952","137","mapping_to"
"33342","1187","137","mapping_to"
"33343","407","137","mapping_to"
"33344","1834","137","mapping_to"
"33345","712","137","mapping_to"
"33346","2026","137","mapping_to"
"33347","1938","138","mapping_to"
"33348","1532","138","mapping_to"
"33349","429","138","mapping_to"
"33350","937","138","mapping_to"
"33351","699","138","mapping_to"
"33352","1766","138","mapping_to"
"33353","2006","138","mapping_to"
"33354","952","138","mapping_to"
"33355","1187","138","mapping_to"
"33356","407","138","mapping_to"
"33357","1834","138","mapping_to"
"33358","712","138","mapping_to"
"33359","2026","138","mapping_to"
"33360","396","138","mapping_to"
"33361","1151","138","mapping_to"
"33362","1299","138","mapping_to"
"33363","1651","138","mapping_to"
"33364","560","138","mapping_to"
"33365","1564","138","mapping_to"
"33366","1662","139","mapping_to"
"33367","1174","139","mapping_to"
"33368","1224","139","mapping_to"
"33369","1845","139","mapping_to"
"33370","1651","139","mapping_to"
"33371","1892","139","mapping_to"
"33372","800","139","mapping_to"
"33373","1435","139","mapping_to"
"33374","1439","139","mapping_to"
"33375","1706","139","mapping_to"
"33376","1174","140","mapping_to"
"33377","1224","140","mapping_to"
"33378","1845","140","mapping_to"
"33379","1435","140","mapping_to"
"33380","1439","140","mapping_to"
"33381","1706","140","mapping_to"
"33382","1651","140","mapping_to"
"33383","1892","140","mapping_to"
"33384","800","140","mapping_to"
"33385","1662","140","mapping_to"
"33386","1078","141","mapping_to"
"33387","1406","141","mapping_to"
"33388","1380","141","mapping_to"
"33389","1299","141","mapping_to"
"33390","1890","141","mapping_to"
"33391","356","141","mapping_to"
"33392","442","141","mapping_to"
"33393","1158","141","mapping_to"
"33394","1470","141","mapping_to"
"33395","1105","141","mapping_to"
"33396","1971","141","mapping_to"
"33397","1094","142","mapping_to"
"33398","843","142","mapping_to"
"33399","1765","142","mapping_to"
"33400","1933","142","mapping_to"
"33401","1470","142","mapping_to"
"33402","1546","142","mapping_to"
"33403","535","142","mapping_to"
"33404","687","142","mapping_to"
"33405","1136","142","mapping_to"
"33406","1094","143","mapping_to"
"33407","843","143","mapping_to"
"33408","2001","143","mapping_to"
"33409","578","143","mapping_to"
"33410","875","143","mapping_to"
"33411","1458","143","mapping_to"
"33412","939","143","mapping_to"
"33413","1951","143","mapping_to"
"33414","1883","143","mapping_to"
"33415","1780","143","mapping_to"
"33416","1005","143","mapping_to"
"33417","1232","143","mapping_to"
"33418","1816","143","mapping_to"
"33419","1034","143","mapping_to"
"33420","833","143","mapping_to"
"33421","687","143","mapping_to"
"33422","1136","143","mapping_to"
"33423","1765","143","mapping_to"
"33424","1933","143","mapping_to"
"33425","1470","143","mapping_to"
"33426","1546","143","mapping_to"
"33427","535","143","mapping_to"
"33428","925","143","mapping_to"
"33429","771","143","mapping_to"
"33430","1094","144","mapping_to"
"33431","843","144","mapping_to"
"33432","432","144","mapping_to"
"33433","1149","144","mapping_to"
"33434","431","144","mapping_to"
"33435","1459","144","mapping_to"
"33436","1299","144","mapping_to"
"33437","687","144","mapping_to"
"33438","1136","144","mapping_to"
"33439","964","144","mapping_to"
"33440","896","144","mapping_to"
"33441","458","144","mapping_to"
"33442","1361","144","mapping_to"
"33443","1681","144","mapping_to"
"33444","1765","144","mapping_to"
"33445","1933","144","mapping_to"
"33446","1470","144","mapping_to"
"33447","1546","144","mapping_to"
"33448","535","144","mapping_to"
"33449","1094","145","mapping_to"
"33450","843","145","mapping_to"
"33451","1765","145","mapping_to"
"33452","1933","145","mapping_to"
"33453","1470","145","mapping_to"
"33454","1546","145","mapping_to"
"33455","535","145","mapping_to"
"33456","687","145","mapping_to"
"33457","1136","145","mapping_to"
"33458","774","146","mapping_to"
"33459","1487","146","mapping_to"
"33460","675","146","mapping_to"
"33461","1776","146","mapping_to"
"33462","1515","146","mapping_to"
"33463","1035","146","mapping_to"
"33464","875","146","mapping_to"
"33465","800","146","mapping_to"
"33466","1892","146","mapping_to"
"33467","1651","146","mapping_to"
"33468","524","146","mapping_to"
"33469","1206","147","mapping_to"
"33470","488","147","mapping_to"
"33471","446","147","mapping_to"
"33472","687","147","mapping_to"
"33473","1299","147","mapping_to"
"33474","1002","147","mapping_to"
"33475","712","147","mapping_to"
"33476","1651","147","mapping_to"
"33477","396","147","mapping_to"
"33478","586","147","mapping_to"
"33479","1862","147","mapping_to"
"33480","1805","147","mapping_to"
"33481","843","147","mapping_to"
"33482","513","147","mapping_to"
"33483","1968","147","mapping_to"
"33484","385","147","mapping_to"
"33485","1641","147","mapping_to"
"33486","2016","147","mapping_to"
"33487","449","147","mapping_to"
"33488","875","147","mapping_to"
"33489","1728","147","mapping_to"
"33490","1742","147","mapping_to"
"33491","979","147","mapping_to"
"33492","964","147","mapping_to"
"33493","1549","147","mapping_to"
"33494","646","147","mapping_to"
"33495","899","147","mapping_to"
"33496","342","147","mapping_to"
"33497","748","147","mapping_to"
"33498","1629","147","mapping_to"
"33499","1070","147","mapping_to"
"33500","861","147","mapping_to"
"33501","850","147","mapping_to"
"33502","771","147","mapping_to"
"33503","676","147","mapping_to"
"33504","1485","147","mapping_to"
"33505","1951","147","mapping_to"
"33506","1177","147","mapping_to"
"33507","1016","147","mapping_to"
"33508","1574","147","mapping_to"
"33509","1741","147","mapping_to"
"33510","1374","147","mapping_to"
"33511","421","147","mapping_to"
"33512","370","147","mapping_to"
"33513","1470","147","mapping_to"
"33514","684","147","mapping_to"
"33515","556","147","mapping_to"
"33516","1802","147","mapping_to"
"33517","570","147","mapping_to"
"33518","1813","147","mapping_to"
"33519","1885","147","mapping_to"
"33520","1980","147","mapping_to"
"33521","1957","147","mapping_to"
"33522","1864","147","mapping_to"
"33523","490","147","mapping_to"
"33524","1892","147","mapping_to"
"33525","1199","147","mapping_to"
"33526","998","147","mapping_to"
"33527","1013","148","mapping_to"
"33528","755","148","mapping_to"
"33529","687","148","mapping_to"
"33530","843","148","mapping_to"
"33531","1718","148","mapping_to"
"33532","396","148","mapping_to"
"33533","712","148","mapping_to"
"33534","513","148","mapping_to"
"33535","1373","148","mapping_to"
"33536","539","148","mapping_to"
"33537","1733","148","mapping_to"
"33538","875","148","mapping_to"
"33539","1541","148","mapping_to"
"33540","1341","148","mapping_to"
"33541","1918","148","mapping_to"
"33542","520","148","mapping_to"
"33543","1299","148","mapping_to"
"33544","1877","148","mapping_to"
"33545","789","148","mapping_to"
"33546","1288","148","mapping_to"
"33547","1183","148","mapping_to"
"33548","805","148","mapping_to"
"33549","1033","148","mapping_to"
"33550","714","148","mapping_to"
"33551","1883","148","mapping_to"
"33552","714","149","mapping_to"
"33553","1883","149","mapping_to"
"33554","843","149","mapping_to"
"33555","1013","149","mapping_to"
"33556","755","149","mapping_to"
"33557","687","149","mapping_to"
"33558","1877","149","mapping_to"
"33559","789","149","mapping_to"
"33560","1288","149","mapping_to"
"33561","1183","149","mapping_to"
"33562","805","149","mapping_to"
"33563","1033","149","mapping_to"
"33564","1718","149","mapping_to"
"33565","396","149","mapping_to"
"33566","712","149","mapping_to"
"33567","513","149","mapping_to"
"33568","1373","149","mapping_to"
"33569","539","149","mapping_to"
"33570","1733","149","mapping_to"
"33571","875","149","mapping_to"
"33572","1541","149","mapping_to"
"33573","1341","149","mapping_to"
"33574","1918","149","mapping_to"
"33575","520","149","mapping_to"
"33576","1299","149","mapping_to"
"33577","1089","150","mapping_to"
"33578","1862","150","mapping_to"
"33579","353","150","mapping_to"
"33580","2012","150","mapping_to"
"33581","543","150","mapping_to"
"33582","396","150","mapping_to"
"33583","837","150","mapping_to"
"33584","463","150","mapping_to"
"33585","1190","150","mapping_to"
"33586","687","150","mapping_to"
"33587","2013","150","mapping_to"
"33588","687","151","mapping_to"
"33589","2013","151","mapping_to"
"33590","1089","151","mapping_to"
"33591","1862","151","mapping_to"
"33592","353","151","mapping_to"
"33593","2012","151","mapping_to"
"33594","543","151","mapping_to"
"33595","396","151","mapping_to"
"33596","837","151","mapping_to"
"33597","463","151","mapping_to"
"33598","1190","151","mapping_to"
"33599","1089","152","mapping_to"
"33600","1862","152","mapping_to"
"33601","353","152","mapping_to"
"33602","2012","152","mapping_to"
"33603","543","152","mapping_to"
"33604","396","152","mapping_to"
"33605","837","152","mapping_to"
"33606","463","152","mapping_to"
"33607","1190","152","mapping_to"
"33608","687","152","mapping_to"
"33609","2013","152","mapping_to"
"33610","1883","153","mapping_to"
"33611","1034","153","mapping_to"
"33612","353","153","mapping_to"
"33613","1564","153","mapping_to"
"33614","1352","153","mapping_to"
"33615","334","153","mapping_to"
"33616","697","153","mapping_to"
"33617","1645","153","mapping_to"
"33618","1285","153","mapping_to"
"33619","751","153","mapping_to"
"33620","1564","154","mapping_to"
"33621","1352","154","mapping_to"
"33622","334","154","mapping_to"
"33623","697","154","mapping_to"
"33624","1645","154","mapping_to"
"33625","1285","154","mapping_to"
"33626","751","154","mapping_to"
"33627","353","154","mapping_to"
"33628","1034","154","mapping_to"
"33629","1883","154","mapping_to"
"33630","370","155","mapping_to"
"33631","964","155","mapping_to"
"33632","1470","155","mapping_to"
"33633","1574","155","mapping_to"
"33634","1741","155","mapping_to"
"33635","1374","155","mapping_to"
"33636","1485","155","mapping_to"
"33637","712","155","mapping_to"
"33638","396","155","mapping_to"
"33639","421","155","mapping_to"
"33640","1299","155","mapping_to"
"33641","1002","155","mapping_to"
"33642","1177","155","mapping_to"
"33643","1651","155","mapping_to"
"33644","1016","155","mapping_to"
"33645","1470","156","mapping_to"
"33646","1361","156","mapping_to"
"33647","555","156","mapping_to"
"33648","1564","156","mapping_to"
"33649","557","156","mapping_to"
"33650","712","156","mapping_to"
"33651","396","156","mapping_to"
"33652","896","156","mapping_to"
"33653","843","156","mapping_to"
"33654","941","157","mapping_to"
"33655","1469","157","mapping_to"
"33656","687","157","mapping_to"
"33657","1938","157","mapping_to"
"33658","998","157","mapping_to"
"33659","953","158","mapping_to"
"33660","867","158","mapping_to"
"33661","1594","158","mapping_to"
"33662","1831","158","mapping_to"
"33663","640","158","mapping_to"
"33664","1916","158","mapping_to"
"33665","353","158","mapping_to"
"33666","1205","158","mapping_to"
"33667","998","158","mapping_to"
"33668","843","158","mapping_to"
"33669","744","158","mapping_to"
"33670","1173","158","mapping_to"
"33671","930","158","mapping_to"
"33672","796","158","mapping_to"
"33673","898","158","mapping_to"
"33674","1599","159","mapping_to"
"33675","388","159","mapping_to"
"33676","1651","159","mapping_to"
"33677","1232","159","mapping_to"
"33678","1862","159","mapping_to"
"33679","843","159","mapping_to"
"33680","1005","159","mapping_to"
"33681","701","159","mapping_to"
"33682","456","159","mapping_to"
"33683","1089","159","mapping_to"
"33684","1892","159","mapping_to"
"33685","1239","159","mapping_to"
"33686","1361","159","mapping_to"
"33687","1599","160","mapping_to"
"33688","388","160","mapping_to"
"33689","1651","160","mapping_to"
"33690","1361","160","mapping_to"
"33691","456","160","mapping_to"
"33692","1089","160","mapping_to"
"33693","1892","160","mapping_to"
"33694","1239","160","mapping_to"
"33695","1232","160","mapping_to"
"33696","1862","160","mapping_to"
"33697","843","160","mapping_to"
"33698","1005","160","mapping_to"
"33699","701","160","mapping_to"
"33700","847","161","mapping_to"
"33701","1470","161","mapping_to"
"33702","1816","161","mapping_to"
"33703","1067","161","mapping_to"
"33704","549","161","mapping_to"
"33705","1718","161","mapping_to"
"33706","712","161","mapping_to"
"33707","825","161","mapping_to"
"33708","1551","161","mapping_to"
"33709","1946","161","mapping_to"
"33710","1708","161","mapping_to"
"33711","687","161","mapping_to"
"33712","549","162","mapping_to"
"33713","1718","162","mapping_to"
"33714","712","162","mapping_to"
"33715","825","162","mapping_to"
"33716","847","162","mapping_to"
"33717","1470","162","mapping_to"
"33718","1816","162","mapping_to"
"33719","1067","162","mapping_to"
"33720","1551","162","mapping_to"
"33721","1946","162","mapping_to"
"33722","1708","162","mapping_to"
"33723","687","162","mapping_to"
"33724","712","163","mapping_to"
"33725","1551","163","mapping_to"
"33726","1946","163","mapping_to"
"33727","1708","163","mapping_to"
"33728","687","163","mapping_to"
"33729","847","163","mapping_to"
"33730","1470","163","mapping_to"
"33731","1816","163","mapping_to"
"33732","1067","163","mapping_to"
"33733","549","163","mapping_to"
"33734","1718","163","mapping_to"
"33735","825","163","mapping_to"
"33736","1283","164","mapping_to"
"33737","1191","164","mapping_to"
"33738","1533","164","mapping_to"
"33739","725","164","mapping_to"
"33740","1631","164","mapping_to"
"33741","712","164","mapping_to"
"33742","1863","164","mapping_to"
"33743","513","164","mapping_to"
"33744","1878","164","mapping_to"
"33745","1563","164","mapping_to"
"33746","875","164","mapping_to"
"33747","922","164","mapping_to"
"33748","916","164","mapping_to"
"33749","418","164","mapping_to"
"33750","513","165","mapping_to"
"33751","1718","165","mapping_to"
"33752","396","165","mapping_to"
"33753","1918","165","mapping_to"
"33754","1299","165","mapping_to"
"33755","1733","165","mapping_to"
"33756","1651","165","mapping_to"
"33757","1541","165","mapping_to"
"33758","712","165","mapping_to"
"33759","1918","166","mapping_to"
"33760","1733","166","mapping_to"
"33761","396","166","mapping_to"
"33762","1718","166","mapping_to"
"33763","1299","166","mapping_to"
"33764","1651","166","mapping_to"
"33765","1541","166","mapping_to"
"33766","712","166","mapping_to"
"33767","513","166","mapping_to"
"33768","513","167","mapping_to"
"33769","1718","167","mapping_to"
"33770","396","167","mapping_to"
"33771","1918","167","mapping_to"
"33772","1299","167","mapping_to"
"33773","1733","167","mapping_to"
"33774","1651","167","mapping_to"
"33775","1541","167","mapping_to"
"33776","712","167","mapping_to"
"33777","1826","168","mapping_to"
"33778","712","168","mapping_to"
"33779","1516","168","mapping_to"
"33780","1823","168","mapping_to"
"33781","396","168","mapping_to"
"33782","513","168","mapping_to"
"33783","1984","168","mapping_to"
"33784","771","168","mapping_to"
"33785","721","168","mapping_to"
"33786","1299","168","mapping_to"
"33787","1736","168","mapping_to"
"33788","1303","168","mapping_to"
"33789","631","168","mapping_to"
"33790","1567","168","mapping_to"
"33791","687","168","mapping_to"
"33792","499","168","mapping_to"
"33793","843","168","mapping_to"
"33794","1355","168","mapping_to"
"33795","1982","168","mapping_to"
"33796","734","168","mapping_to"
"33797","1892","168","mapping_to"
"33798","1659","168","mapping_to"
"33799","1217","168","mapping_to"
"33800","1489","168","mapping_to"
"33801","1479","168","mapping_to"
"33802","1918","168","mapping_to"
"33803","1718","168","mapping_to"
"33804","1299","169","mapping_to"
"33805","1489","169","mapping_to"
"33806","396","169","mapping_to"
"33807","712","169","mapping_to"
"33808","1567","169","mapping_to"
"33809","687","169","mapping_to"
"33810","499","169","mapping_to"
"33811","843","169","mapping_to"
"33812","1355","169","mapping_to"
"33813","1982","169","mapping_to"
"33814","734","169","mapping_to"
"33815","1892","169","mapping_to"
"33816","1659","169","mapping_to"
"33817","1217","169","mapping_to"
"33818","1019","170","mapping_to"
"33819","1260","170","mapping_to"
"33820","1386","170","mapping_to"
"33821","712","170","mapping_to"
"33822","1400","170","mapping_to"
"33823","1398","170","mapping_to"
"33824","396","170","mapping_to"
"33825","1207","170","mapping_to"
"33826","1635","170","mapping_to"
"33827","790","170","mapping_to"
"33828","1951","170","mapping_to"
"33829","875","170","mapping_to"
"33830","1299","170","mapping_to"
"33831","353","170","mapping_to"
"33832","513","170","mapping_to"
"33833","1501","171","mapping_to"
"33834","396","171","mapping_to"
"33835","1564","171","mapping_to"
"33836","1361","171","mapping_to"
"33837","1651","171","mapping_to"
"33838","712","171","mapping_to"
"33839","633","171","mapping_to"
"33840","875","171","mapping_to"
"33841","1299","171","mapping_to"
"33842","872","171","mapping_to"
"33843","800","171","mapping_to"
"33844","353","171","mapping_to"
"33845","1303","171","mapping_to"
"33846","1337","171","mapping_to"
"33847","1135","171","mapping_to"
"33848","577","171","mapping_to"
"33849","1630","171","mapping_to"
"33850","511","171","mapping_to"
"33851","1040","171","mapping_to"
"33852","825","171","mapping_to"
"33853","696","171","mapping_to"
"33854","870","171","mapping_to"
"33855","1466","171","mapping_to"
"33856","892","171","mapping_to"
"33857","1515","171","mapping_to"
"33858","1735","171","mapping_to"
"33859","1334","171","mapping_to"
"33860","541","171","mapping_to"
"33861","843","171","mapping_to"
"33862","712","172","mapping_to"
"33863","633","172","mapping_to"
"33864","875","172","mapping_to"
"33865","1299","172","mapping_to"
"33866","396","172","mapping_to"
"33867","353","172","mapping_to"
"33868","1303","172","mapping_to"
"33869","825","172","mapping_to"
"33870","872","172","mapping_to"
"33871","800","172","mapping_to"
"33872","825","173","mapping_to"
"33873","872","173","mapping_to"
"33874","396","173","mapping_to"
"33875","800","173","mapping_to"
"33876","1299","173","mapping_to"
"33877","353","173","mapping_to"
"33878","1303","173","mapping_to"
"33879","712","173","mapping_to"
"33880","633","173","mapping_to"
"33881","875","173","mapping_to"
"33882","1883","174","mapping_to"
"33883","1780","174","mapping_to"
"33884","1005","174","mapping_to"
"33885","1232","174","mapping_to"
"33886","1816","174","mapping_to"
"33887","1034","174","mapping_to"
"33888","843","174","mapping_to"
"33889","833","174","mapping_to"
"33890","925","174","mapping_to"
"33891","771","174","mapping_to"
"33892","2001","174","mapping_to"
"33893","578","174","mapping_to"
"33894","875","174","mapping_to"
"33895","1458","174","mapping_to"
"33896","939","174","mapping_to"
"33897","1951","174","mapping_to"
"33898","1883","175","mapping_to"
"33899","1780","175","mapping_to"
"33900","1005","175","mapping_to"
"33901","1232","175","mapping_to"
"33902","1816","175","mapping_to"
"33903","1034","175","mapping_to"
"33904","843","175","mapping_to"
"33905","833","175","mapping_to"
"33906","925","175","mapping_to"
"33907","771","175","mapping_to"
"33908","2001","175","mapping_to"
"33909","578","175","mapping_to"
"33910","875","175","mapping_to"
"33911","1458","175","mapping_to"
"33912","939","175","mapping_to"
"33913","1951","175","mapping_to"
"33914","925","176","mapping_to"
"33915","771","176","mapping_to"
"33916","1883","176","mapping_to"
"33917","1780","176","mapping_to"
"33918","1005","176","mapping_to"
"33919","1232","176","mapping_to"
"33920","1816","176","mapping_to"
"33921","1034","176","mapping_to"
"33922","843","176","mapping_to"
"33923","833","176","mapping_to"
"33924","2001","176","mapping_to"
"33925","578","176","mapping_to"
"33926","875","176","mapping_to"
"33927","1458","176","mapping_to"
"33928","939","176","mapping_to"
"33929","1951","176","mapping_to"
"33930","2001","177","mapping_to"
"33931","578","177","mapping_to"
"33932","875","177","mapping_to"
"33933","1458","177","mapping_to"
"33934","939","177","mapping_to"
"33935","1951","177","mapping_to"
"33936","925","177","mapping_to"
"33937","771","177","mapping_to"
"33938","1883","177","mapping_to"
"33939","1780","177","mapping_to"
"33940","1005","177","mapping_to"
"33941","1232","177","mapping_to"
"33942","1816","177","mapping_to"
"33943","1034","177","mapping_to"
"33944","843","177","mapping_to"
"33945","833","177","mapping_to"
"33946","2001","178","mapping_to"
"33947","578","178","mapping_to"
"33948","875","178","mapping_to"
"33949","1458","178","mapping_to"
"33950","939","178","mapping_to"
"33951","1951","178","mapping_to"
"33952","1883","178","mapping_to"
"33953","1780","178","mapping_to"
"33954","1005","178","mapping_to"
"33955","1232","178","mapping_to"
"33956","1816","178","mapping_to"
"33957","1034","178","mapping_to"
"33958","843","178","mapping_to"
"33959","833","178","mapping_to"
"33960","925","178","mapping_to"
"33961","771","178","mapping_to"
"33962","1883","179","mapping_to"
"33963","1780","179","mapping_to"
"33964","1005","179","mapping_to"
"33965","1232","179","mapping_to"
"33966","1816","179","mapping_to"
"33967","1034","179","mapping_to"
"33968","843","179","mapping_to"
"33969","833","179","mapping_to"
"33970","925","179","mapping_to"
"33971","771","179","mapping_to"
"33972","2001","179","mapping_to"
"33973","578","179","mapping_to"
"33974","875","179","mapping_to"
"33975","1458","179","mapping_to"
"33976","939","179","mapping_to"
"33977","1951","179","mapping_to"
"33978","712","180","mapping_to"
"33979","513","180","mapping_to"
"33980","396","180","mapping_to"
"33981","687","180","mapping_to"
"33982","875","180","mapping_to"
"33983","1423","180","mapping_to"
"33984","875","181","mapping_to"
"33985","396","181","mapping_to"
"33986","1423","181","mapping_to"
"33987","712","181","mapping_to"
"33988","513","181","mapping_to"
"33989","687","181","mapping_to"
"33990","875","182","mapping_to"
"33991","396","182","mapping_to"
"33992","1423","182","mapping_to"
"33993","712","182","mapping_to"
"33994","513","182","mapping_to"
"33995","687","182","mapping_to"
"33996","712","183","mapping_to"
"33997","513","183","mapping_to"
"33998","396","183","mapping_to"
"33999","687","183","mapping_to"
"34000","875","183","mapping_to"
"34001","1423","183","mapping_to"
"34002","353","184","mapping_to"
"34003","1541","184","mapping_to"
"34004","1299","184","mapping_to"
"34005","1651","184","mapping_to"
"34006","1816","184","mapping_to"
"34007","396","184","mapping_to"
"34008","1232","184","mapping_to"
"34009","712","184","mapping_to"
"34010","1892","184","mapping_to"
"34011","875","184","mapping_to"
"34012","1629","184","mapping_to"
"34013","396","185","mapping_to"
"34014","712","185","mapping_to"
"34015","353","185","mapping_to"
"34016","1541","185","mapping_to"
"34017","1299","185","mapping_to"
"34018","1651","185","mapping_to"
"34019","1816","185","mapping_to"
"34020","1232","185","mapping_to"
"34021","1892","185","mapping_to"
"34022","875","185","mapping_to"
"34023","1629","185","mapping_to"
"34024","875","186","mapping_to"
"34025","1372","186","mapping_to"
"34026","396","186","mapping_to"
"34027","712","186","mapping_to"
"34028","1403","186","mapping_to"
"34029","1359","186","mapping_to"
"34030","1358","186","mapping_to"
"34031","1445","186","mapping_to"
"34032","1718","186","mapping_to"
"34033","1733","186","mapping_to"
"34034","1651","186","mapping_to"
"34035","1918","186","mapping_to"
"34036","1299","186","mapping_to"
"34037","1564","186","mapping_to"
"34038","1951","187","mapping_to"
"34039","875","187","mapping_to"
"34040","1386","187","mapping_to"
"34041","1718","187","mapping_to"
"34042","1651","187","mapping_to"
"34043","1918","187","mapping_to"
"34044","353","187","mapping_to"
"34045","396","187","mapping_to"
"34046","1299","187","mapping_to"
"34047","1892","187","mapping_to"
"34048","800","187","mapping_to"
"34049","1361","188","mapping_to"
"34050","1337","188","mapping_to"
"34051","1691","188","mapping_to"
"34052","1607","188","mapping_to"
"34053","489","188","mapping_to"
"34054","1515","188","mapping_to"
"34055","712","188","mapping_to"
"34056","396","188","mapping_to"
"34057","687","188","mapping_to"
"34058","1299","188","mapping_to"
"34059","1303","188","mapping_to"
"34060","353","188","mapping_to"
"34061","692","188","mapping_to"
"34062","1318","188","mapping_to"
"34063","843","188","mapping_to"
"34064","1743","188","mapping_to"
"34065","396","189","mapping_to"
"34080","692","189","mapping_to"
"34084","728","189","mapping_to"
"35778","0","4019","input_of"
"35779","0","4022","input_of"
"35780","0","4020","input_of"
"35781","0","4005","input_of"
"35782","0","4004","input_of"
"35783","0","4003","input_of"
"35784","0","4002","input_of"
"35785","0","4001","input_of"
"35786","0","4000","input_of"
"35787","0","4960","input_of"
"35788","0","5578","input_of"
"35789","0","5064","input_of"
"35790","0","5580","input_of"
"35791","0","5577","input_of"
"35792","0","5581","input_of"
"35793","0","5579","input_of"
"35794","1","4960","input_of"
"35795","1","5578","input_of"
"35796","1","5064","input_of"
"35797","1","5580","input_of"
"35798","1","5577","input_of"
"35799","1","5581","input_of"
"35800","1","5579","input_of"
"35801","1","4019","input_of"
"35802","1","4022","input_of"
"35803","1","4020","input_of"
"35804","1","4005","input_of"
"35805","1","4004","input_of"
"35806","1","4003","input_of"
"35807","1","4002","input_of"
"35808","1","4001","input_of"
"35809","1","4000","input_of"
"35810","2","4005","input_of"
"35811","2","4004","input_of"
"35812","2","4003","input_of"
"35813","2","4002","input_of"
"35814","2","4001","input_of"
"35815","2","4000","input_of"
"35816","2","4020","input_of"
"35817","2","4019","input_of"
"35818","2","4960","input_of"
"35819","2","5578","input_of"
"35820","2","5064","input_of"
"35821","2","5580","input_of"
"35822","2","5577","input_of"
"35823","2","5581","input_of"
"35824","2","5579","input_of"
"35825","2","4022","input_of"
"35826","3","4068","input_of"
"35827","3","4030","input_of"
"35828","3","4418","input_of"
"35829","3","4137","input_of"
"35830","3","4038","input_of"
"35831","3","4043","input_of"
"35832","3","4044","input_of"
"35833","3","4655","input_of"
"35834","3","4407","input_of"
"35835","3","4787","input_of"
"35836","3","4319","input_of"
"35837","3","4317","input_of"
"35838","3","4235","input_of"
"35839","3","4191","input_of"
"35840","3","4020","input_of"
"35841","3","4190","input_of"
"35842","3","4316","input_of"
"35843","3","4318","input_of"
"35844","3","4074","input_of"
"35845","3","4161","input_of"
"35846","3","4076","input_of"
"35847","3","5728","input_of"
"35848","3","4304","input_of"
"35849","3","5137","input_of"
"35850","3","4830","input_of"
"35851","3","4831","input_of"
"35852","3","4829","input_of"
"35853","3","4557","input_of"
"35854","3","4555","input_of"
"35855","3","4556","input_of"
"35856","3","5582","input_of"
"35857","3","4031","input_of"
"35858","3","4029","input_of"
"35859","3","4028","input_of"
"35860","3","4797","input_of"
"35861","3","4295","input_of"
"35862","3","4864","input_of"
"35863","3","4863","input_of"
"35864","3","4862","input_of"
"35865","3","5278","input_of"
"35866","3","5280","input_of"
"35867","3","4463","input_of"
"35868","3","5279","input_of"
"35869","3","5992","input_of"
"35870","3","4817","input_of"
"35871","3","4642","input_of"
"35872","3","5837","input_of"
"35873","3","4676","input_of"
"35874","3","4675","input_of"
"35875","3","4673","input_of"
"35876","3","4674","input_of"
"35877","3","4119","input_of"
"35878","3","4118","input_of"
"35879","3","4120","input_of"
"35880","3","4089","input_of"
"35881","3","4080","input_of"
"35882","3","4117","input_of"
"35883","3","6366","input_of"
"35884","3","6365","input_of"
"35885","3","4199","input_of"
"35886","3","4019","input_of"
"35887","3","4802","input_of"
"35888","3","4012","input_of"
"35889","3","4011","input_of"
"35890","3","4010","input_of"
"35891","3","4009","input_of"
"35892","3","4008","input_of"
"35893","3","4007","input_of"
"35894","3","4006","input_of"
"35895","3","4027","input_of"
"35896","3","5306","input_of"
"35897","3","5307","input_of"
"35898","3","4287","input_of"
"35899","3","4062","input_of"
"35900","3","4060","input_of"
"35901","3","4061","input_of"
"35902","3","5352","input_of"
"35903","3","4039","input_of"
"35904","3","6117","input_of"
"35905","3","6070","input_of"
"35906","3","6071","input_of"
"35907","3","4370","input_of"
"35908","3","4859","input_of"
"35909","3","4882","input_of"
"35910","3","4335","input_of"
"35911","3","4856","input_of"
"35912","3","4884","input_of"
"35913","3","4411","input_of"
"35914","3","5153","input_of"
"35915","3","5601","input_of"
"35916","3","4049","input_of"
"35917","3","5140","input_of"
"35918","3","5145","input_of"
"35919","3","5141","input_of"
"35920","3","4114","input_of"
"35921","3","5144","input_of"
"35922","3","4224","input_of"
"35923","3","5143","input_of"
"35924","3","5142","input_of"
"35925","3","5073","input_of"
"35926","3","4077","input_of"
"35927","3","4075","input_of"
"35928","3","5473","input_of"
"35929","3","5472","input_of"
"35930","3","5471","input_of"
"35931","3","4082","input_of"
"35932","3","6096","input_of"
"35933","3","5267","input_of"
"35934","3","5851","input_of"
"35935","3","5852","input_of"
"35936","3","4306","input_of"
"35937","3","4251","input_of"
"35938","3","5850","input_of"
"35939","3","5162","input_of"
"35940","3","4298","input_of"
"35941","3","4662","input_of"
"35942","3","4441","input_of"
"35943","3","4486","input_of"
"35944","3","5070","input_of"
"35945","3","5069","input_of"
"35946","4","4020","input_of"
"35947","4","4640","input_of"
"35948","4","4641","input_of"
"35949","4","4027","input_of"
"35950","4","5584","input_of"
"35951","4","5583","input_of"
"35952","4","4030","input_of"
"35953","4","6069","input_of"
"35954","4","6068","input_of"
"35955","4","4486","input_of"
"35956","4","5176","input_of"
"35957","5","4020","input_of"
"35958","5","4027","input_of"
"35959","5","5584","input_of"
"35960","5","5583","input_of"
"35961","5","4640","input_of"
"35962","5","4641","input_of"
"35963","5","4030","input_of"
"35964","5","6069","input_of"
"35965","5","6068","input_of"
"35966","5","4486","input_of"
"35967","5","5176","input_of"
"35968","6","6076","input_of"
"35969","6","4337","input_of"
"35970","6","5586","input_of"
"35971","6","5587","input_of"
"35972","6","5588","input_of"
"35973","6","4034","input_of"
"35974","6","4035","input_of"
"35975","6","4036","input_of"
"35976","6","4103","input_of"
"35977","6","4119","input_of"
"35978","6","4646","input_of"
"35979","6","4031","input_of"
"35980","6","4645","input_of"
"35981","6","4644","input_of"
"35982","6","4105","input_of"
"35983","6","4029","input_of"
"35984","6","4030","input_of"
"35985","7","6076","input_of"
"35986","7","4337","input_of"
"35987","7","5586","input_of"
"35988","7","5587","input_of"
"35989","7","5588","input_of"
"35990","7","4034","input_of"
"35991","7","4035","input_of"
"35992","7","4036","input_of"
"35993","7","4103","input_of"
"35994","7","4119","input_of"
"35995","7","4646","input_of"
"35996","7","4031","input_of"
"35997","7","4645","input_of"
"35998","7","4644","input_of"
"35999","7","4105","input_of"
"36000","7","4029","input_of"
"36001","7","4030","input_of"
"36002","8","4255","input_of"
"36003","8","4162","input_of"
"36004","8","4161","input_of"
"36005","8","4163","input_of"
"36006","8","6049","input_of"
"36007","8","5434","input_of"
"36008","8","4175","input_of"
"36009","8","4199","input_of"
"36010","8","4027","input_of"
"36011","8","4817","input_of"
"36012","8","4235","input_of"
"36013","8","5776","input_of"
"36014","8","5780","input_of"
"36015","8","5781","input_of"
"36016","8","4137","input_of"
"36017","8","5775","input_of"
"36018","8","5778","input_of"
"36019","8","5779","input_of"
"36020","8","5777","input_of"
"36021","8","5782","input_of"
"36022","8","4745","input_of"
"36023","8","4744","input_of"
"36024","8","5244","input_of"
"36025","8","5591","input_of"
"36026","8","5593","input_of"
"36027","8","5589","input_of"
"36028","8","5592","input_of"
"36029","8","4525","input_of"
"36030","8","5590","input_of"
"36031","8","4011","input_of"
"36032","8","6367","input_of"
"36033","8","6368","input_of"
"36034","8","4020","input_of"
"36035","8","4121","input_of"
"36036","8","4122","input_of"
"36037","8","4030","input_of"
"36038","8","4488","input_of"
"36039","8","4007","input_of"
"36040","8","5342","input_of"
"36041","8","4076","input_of"
"36042","8","5200","input_of"
"36043","8","5201","input_of"
"36044","8","4190","input_of"
"36045","8","4191","input_of"
"36046","8","4074","input_of"
"36047","8","4423","input_of"
"36048","8","5299","input_of"
"36049","8","4018","input_of"
"36050","8","4359","input_of"
"36051","8","5417","input_of"
"36052","8","4224","input_of"
"36053","8","4048","input_of"
"36054","8","5681","input_of"
"36055","8","4185","input_of"
"36056","8","4845","input_of"
"36057","8","5121","input_of"
"36058","8","5618","input_of"
"36059","8","4068","input_of"
"36060","8","4040","input_of"
"36061","8","4714","input_of"
"36062","8","4713","input_of"
"36063","8","4712","input_of"
"36064","8","4214","input_of"
"36065","8","4211","input_of"
"36066","8","4210","input_of"
"36067","8","4212","input_of"
"36068","8","4213","input_of"
"36069","8","6118","input_of"
"36070","8","4042","input_of"
"36071","8","4038","input_of"
"36072","8","4044","input_of"
"36073","8","4043","input_of"
"36074","8","4039","input_of"
"36075","8","4045","input_of"
"36076","8","4046","input_of"
"36077","8","4041","input_of"
"36078","8","4028","input_of"
"36079","8","4296","input_of"
"36080","8","4019","input_of"
"36081","8","4295","input_of"
"36082","8","4808","input_of"
"36083","8","5305","input_of"
"36084","8","5303","input_of"
"36085","8","5302","input_of"
"36086","8","5304","input_of"
"36087","8","4476","input_of"
"36088","8","6284","input_of"
"36089","8","6177","input_of"
"36090","8","6178","input_of"
"36091","8","6179","input_of"
"36092","8","4422","input_of"
"36093","8","5135","input_of"
"36094","8","5134","input_of"
"36095","8","4320","input_of"
"36096","8","4371","input_of"
"36097","8","4321","input_of"
"36098","8","5174","input_of"
"36099","8","4424","input_of"
"36100","8","4738","input_of"
"36101","8","4684","input_of"
"36102","8","5752","input_of"
"36103","8","5751","input_of"
"36104","8","4442","input_of"
"36105","8","4022","input_of"
"36106","8","4120","input_of"
"36107","8","4461","input_of"
"36108","8","5288","input_of"
"36109","8","5286","input_of"
"36110","8","5287","input_of"
"36111","8","5285","input_of"
"36112","8","4316","input_of"
"36113","8","5284","input_of"
"36114","8","5289","input_of"
"36115","8","6302","input_of"
"36116","8","6305","input_of"
"36117","8","6301","input_of"
"36118","8","6299","input_of"
"36119","8","6300","input_of"
"36120","8","6303","input_of"
"36121","8","6304","input_of"
"36122","8","6306","input_of"
"36123","8","4595","input_of"
"36124","8","5527","input_of"
"36125","8","5648","input_of"
"36126","8","5647","input_of"
"36127","8","5493","input_of"
"36128","8","5649","input_of"
"36129","8","4345","input_of"
"36130","8","5938","input_of"
"36131","8","5573","input_of"
"36132","8","4335","input_of"
"36133","8","5569","input_of"
"36134","8","5572","input_of"
"36135","8","5571","input_of"
"36136","8","5570","input_of"
"36137","8","4485","input_of"
"36138","8","4144","input_of"
"36139","8","4967","input_of"
"36140","8","5661","input_of"
"36141","8","6149","input_of"
"36142","8","4623","input_of"
"36143","8","4622","input_of"
"36144","8","4425","input_of"
"36145","8","4624","input_of"
"36146","8","4233","input_of"
"36147","8","6267","input_of"
"36148","8","4486","input_of"
"36149","8","4272","input_of"
"36150","8","4259","input_of"
"36151","8","4131","input_of"
"36152","8","6285","input_of"
"36153","8","4394","input_of"
"36154","8","5901","input_of"
"36155","8","6286","input_of"
"36156","8","4395","input_of"
"36157","8","5177","input_of"
"36158","8","5774","input_of"
"36159","8","5773","input_of"
"36160","8","4508","input_of"
"36161","8","4256","input_of"
"36162","9","4020","input_of"
"36163","9","4320","input_of"
"36164","9","4190","input_of"
"36165","9","4030","input_of"
"36166","9","4035","input_of"
"36167","9","5495","input_of"
"36168","9","4495","input_of"
"36169","9","4074","input_of"
"36170","9","5496","input_of"
"36171","9","4049","input_of"
"36172","9","5494","input_of"
"36173","9","5493","input_of"
"36174","9","6224","input_of"
"36175","9","4019","input_of"
"36176","9","6225","input_of"
"36177","9","4154","input_of"
"36178","9","5594","input_of"
"36179","9","4738","input_of"
"36180","9","5595","input_of"
"36181","9","6020","input_of"
"36182","9","4771","input_of"
"36183","9","4770","input_of"
"36184","9","4769","input_of"
"36185","9","4235","input_of"
"36186","9","4339","input_of"
"36187","9","4772","input_of"
"36188","9","4047","input_of"
"36189","9","6078","input_of"
"36190","9","6079","input_of"
"36191","10","4020","input_of"
"36192","10","6245","input_of"
"36193","10","4137","input_of"
"36194","10","5601","input_of"
"36195","10","4411","input_of"
"36196","10","4062","input_of"
"36197","10","4060","input_of"
"36198","10","4030","input_of"
"36199","10","4061","input_of"
"36200","10","4224","input_of"
"36201","10","4261","input_of"
"36202","10","4259","input_of"
"36203","10","4260","input_of"
"36204","10","4219","input_of"
"36205","10","4038","input_of"
"36206","10","4043","input_of"
"36207","10","4044","input_of"
"36208","10","4655","input_of"
"36209","10","4315","input_of"
"36210","10","4793","input_of"
"36211","10","4792","input_of"
"36212","10","5140","input_of"
"36213","10","5145","input_of"
"36214","10","5141","input_of"
"36215","10","4114","input_of"
"36216","10","5144","input_of"
"36217","10","4011","input_of"
"36218","10","5143","input_of"
"36219","10","5142","input_of"
"36220","10","5073","input_of"
"36221","11","4660","input_of"
"36222","11","4657","input_of"
"36223","11","4659","input_of"
"36224","11","4661","input_of"
"36225","11","4658","input_of"
"36226","11","4068","input_of"
"36227","11","6094","input_of"
"36228","11","4121","input_of"
"36229","11","6095","input_of"
"36230","11","4122","input_of"
"36231","11","5150","input_of"
"36232","11","5146","input_of"
"36233","11","5152","input_of"
"36234","11","5151","input_of"
"36235","11","5611","input_of"
"36236","11","5610","input_of"
"36237","11","5509","input_of"
"36238","11","5608","input_of"
"36239","11","5613","input_of"
"36240","11","5609","input_of"
"36241","11","5612","input_of"
"36242","11","4235","input_of"
"36243","11","4137","input_of"
"36244","12","4022","input_of"
"36245","12","4020","input_of"
"36246","12","4019","input_of"
"36247","12","4298","input_of"
"36248","12","4662","input_of"
"36249","12","4074","input_of"
"36250","12","4035","input_of"
"36251","12","4076","input_of"
"36252","12","5412","input_of"
"36253","12","5415","input_of"
"36254","12","5413","input_of"
"36255","12","5414","input_of"
"36256","12","4082","input_of"
"36257","12","6096","input_of"
"36258","12","4077","input_of"
"36259","12","4075","input_of"
"36260","12","4304","input_of"
"36261","12","5153","input_of"
"36262","13","4157","input_of"
"36263","13","4159","input_of"
"36264","13","4224","input_of"
"36265","13","4066","input_of"
"36266","13","4219","input_of"
"36267","13","4065","input_of"
"36268","13","4074","input_of"
"36269","13","4035","input_of"
"36270","13","4076","input_of"
"36271","13","4019","input_of"
"36272","13","4787","input_of"
"36273","13","4788","input_of"
"36274","13","6242","input_of"
"36275","13","6204","input_of"
"36276","13","4068","input_of"
"36277","13","4030","input_of"
"36278","13","4967","input_of"
"36279","13","4020","input_of"
"36280","13","4335","input_of"
"36281","13","5685","input_of"
"36282","13","5146","input_of"
"36283","13","4234","input_of"
"36284","13","4304","input_of"
"36285","13","4789","input_of"
"36286","13","4790","input_of"
"36287","13","5153","input_of"
"36288","13","5121","input_of"
"36289","13","4007","input_of"
"36290","13","4044","input_of"
"36291","13","4039","input_of"
"36292","13","5527","input_of"
"36293","13","6049","input_of"
"36294","13","5434","input_of"
"36295","13","4321","input_of"
"36296","13","4233","input_of"
"36297","13","4225","input_of"
"36298","13","5218","input_of"
"36299","13","5219","input_of"
"36300","13","5220","input_of"
"36301","13","4050","input_of"
"36302","13","5180","input_of"
"36303","13","4448","input_of"
"36304","13","5181","input_of"
"36305","13","4077","input_of"
"36306","13","4075","input_of"
"36307","13","4517","input_of"
"36308","13","4595","input_of"
"36309","13","5336","input_of"
"36310","13","5005","input_of"
"36311","13","5008","input_of"
"36312","13","5009","input_of"
"36313","13","5007","input_of"
"36314","13","5010","input_of"
"36315","13","5006","input_of"
"36316","13","5077","input_of"
"36317","13","4238","input_of"
"36318","13","5722","input_of"
"36319","13","4425","input_of"
"36320","13","5724","input_of"
"36321","13","5668","input_of"
"36322","13","5723","input_of"
"36323","13","5720","input_of"
"36324","13","4727","input_of"
"36325","13","5721","input_of"
"36326","13","5673","input_of"
"36327","13","4623","input_of"
"36328","13","4622","input_of"
"36329","13","4423","input_of"
"36330","13","4624","input_of"
"36331","13","4422","input_of"
"36332","13","5259","input_of"
"36333","13","5260","input_of"
"36334","13","4255","input_of"
"36335","13","6237","input_of"
"36336","13","4051","input_of"
"36337","13","4817","input_of"
"36338","13","4056","input_of"
"36339","13","4147","input_of"
"36340","13","4257","input_of"
"36341","13","4952","input_of"
"36342","13","4953","input_of"
"36343","13","4951","input_of"
"36344","13","5213","input_of"
"36345","13","5211","input_of"
"36346","13","5212","input_of"
"36347","13","4236","input_of"
"36348","13","4485","input_of"
"36349","13","4144","input_of"
"36350","13","5412","input_of"
"36351","13","5415","input_of"
"36352","13","5413","input_of"
"36353","13","5414","input_of"
"36354","13","4119","input_of"
"36355","13","4120","input_of"
"36356","13","4345","input_of"
"36357","13","5938","input_of"
"36358","13","4715","input_of"
"36359","13","4022","input_of"
"36360","13","5443","input_of"
"36361","13","6236","input_of"
"36362","13","4495","input_of"
"36363","13","4752","input_of"
"36364","13","4082","input_of"
"36365","13","6096","input_of"
"36366","13","4167","input_of"
"36367","13","5725","input_of"
"36368","13","5417","input_of"
"36369","13","4397","input_of"
"36370","13","5964","input_of"
"36371","13","4256","input_of"
"36372","13","4137","input_of"
"36373","13","5200","input_of"
"36374","13","5201","input_of"
"36375","13","4190","input_of"
"36376","13","4191","input_of"
"36377","13","4237","input_of"
"36378","13","4298","input_of"
"36379","13","4662","input_of"
"36380","13","4745","input_of"
"36381","13","4744","input_of"
"36382","13","4048","input_of"
"36383","13","5681","input_of"
"36384","13","4185","input_of"
"36385","13","4845","input_of"
"36386","14","4068","input_of"
"36387","14","4116","input_of"
"36388","14","6112","input_of"
"36389","14","5761","input_of"
"36390","14","6114","input_of"
"36391","14","6115","input_of"
"36392","14","4082","input_of"
"36393","14","6111","input_of"
"36394","14","6109","input_of"
"36395","14","4029","input_of"
"36396","14","6116","input_of"
"36397","14","6110","input_of"
"36398","14","6113","input_of"
"36399","15","6112","input_of"
"36400","15","5761","input_of"
"36401","15","6114","input_of"
"36402","15","6115","input_of"
"36403","15","4082","input_of"
"36404","15","6111","input_of"
"36405","15","6109","input_of"
"36406","15","4029","input_of"
"36407","15","6116","input_of"
"36408","15","6110","input_of"
"36409","15","6113","input_of"
"36410","15","4068","input_of"
"36411","15","4116","input_of"
"36412","16","4068","input_of"
"36413","16","4116","input_of"
"36414","16","6112","input_of"
"36415","16","5761","input_of"
"36416","16","6114","input_of"
"36417","16","6115","input_of"
"36418","16","4082","input_of"
"36419","16","6111","input_of"
"36420","16","6109","input_of"
"36421","16","4029","input_of"
"36422","16","6116","input_of"
"36423","16","6110","input_of"
"36424","16","6113","input_of"
"36425","17","4068","input_of"
"36426","17","4116","input_of"
"36427","17","6112","input_of"
"36428","17","5761","input_of"
"36429","17","6114","input_of"
"36430","17","6115","input_of"
"36431","17","4082","input_of"
"36432","17","6111","input_of"
"36433","17","6109","input_of"
"36434","17","4029","input_of"
"36435","17","6116","input_of"
"36436","17","6110","input_of"
"36437","17","6113","input_of"
"36438","17","4261","input_of"
"36439","17","4265","input_of"
"36440","17","5617","input_of"
"36441","17","4486","input_of"
"36442","17","5616","input_of"
"36443","18","6112","input_of"
"36444","18","5761","input_of"
"36445","18","6114","input_of"
"36446","18","6115","input_of"
"36447","18","4082","input_of"
"36448","18","6111","input_of"
"36449","18","6109","input_of"
"36450","18","4029","input_of"
"36451","18","6116","input_of"
"36452","18","6110","input_of"
"36453","18","6113","input_of"
"36454","18","4068","input_of"
"36455","18","4116","input_of"
"36456","19","6112","input_of"
"36457","19","5761","input_of"
"36458","19","6114","input_of"
"36459","19","6115","input_of"
"36460","19","4082","input_of"
"36461","19","6111","input_of"
"36462","19","6109","input_of"
"36463","19","4029","input_of"
"36464","19","6116","input_of"
"36465","19","6110","input_of"
"36466","19","6113","input_of"
"36467","19","4068","input_of"
"36468","19","4116","input_of"
"36469","20","4068","input_of"
"36470","20","4116","input_of"
"36471","20","6112","input_of"
"36472","20","5761","input_of"
"36473","20","6114","input_of"
"36474","20","6115","input_of"
"36475","20","4082","input_of"
"36476","20","6111","input_of"
"36477","20","6109","input_of"
"36478","20","4029","input_of"
"36479","20","6116","input_of"
"36480","20","6110","input_of"
"36481","20","6113","input_of"
"36482","21","6112","input_of"
"36483","21","5761","input_of"
"36484","21","6114","input_of"
"36485","21","6115","input_of"
"36486","21","4082","input_of"
"36487","21","6111","input_of"
"36488","21","6109","input_of"
"36489","21","4029","input_of"
"36490","21","6116","input_of"
"36491","21","6110","input_of"
"36492","21","6113","input_of"
"36493","21","4068","input_of"
"36494","21","4116","input_of"
"36495","22","4068","input_of"
"36496","22","4116","input_of"
"36497","22","6112","input_of"
"36498","22","5761","input_of"
"36499","22","6114","input_of"
"36500","22","6115","input_of"
"36501","22","4082","input_of"
"36502","22","6111","input_of"
"36503","22","6109","input_of"
"36504","22","4029","input_of"
"36505","22","6116","input_of"
"36506","22","6110","input_of"
"36507","22","6113","input_of"
"36508","23","6112","input_of"
"36509","23","5761","input_of"
"36510","23","6114","input_of"
"36511","23","6115","input_of"
"36512","23","4082","input_of"
"36513","23","6111","input_of"
"36514","23","6109","input_of"
"36515","23","4029","input_of"
"36516","23","6116","input_of"
"36517","23","6110","input_of"
"36518","23","6113","input_of"
"36519","23","4068","input_of"
"36520","23","4116","input_of"
"36521","24","4261","input_of"
"36522","24","4265","input_of"
"36523","24","5617","input_of"
"36524","24","4486","input_of"
"36525","24","5616","input_of"
"36526","24","4068","input_of"
"36527","24","4116","input_of"
"36528","24","6112","input_of"
"36529","24","5761","input_of"
"36530","24","6114","input_of"
"36531","24","6115","input_of"
"36532","24","4082","input_of"
"36533","24","6111","input_of"
"36534","24","6109","input_of"
"36535","24","4029","input_of"
"36536","24","6116","input_of"
"36537","24","6110","input_of"
"36538","24","6113","input_of"
"36539","25","4261","input_of"
"36540","25","4265","input_of"
"36541","25","5617","input_of"
"36542","25","4486","input_of"
"36543","25","5616","input_of"
"36544","25","6112","input_of"
"36545","25","5761","input_of"
"36546","25","6114","input_of"
"36547","25","6115","input_of"
"36548","25","4082","input_of"
"36549","25","6111","input_of"
"36550","25","6109","input_of"
"36551","25","4029","input_of"
"36552","25","6116","input_of"
"36553","25","6110","input_of"
"36554","25","6113","input_of"
"36555","25","4068","input_of"
"36556","25","4116","input_of"
"36557","26","4068","input_of"
"36558","26","4116","input_of"
"36559","26","4261","input_of"
"36560","26","4265","input_of"
"36561","26","5617","input_of"
"36562","26","4486","input_of"
"36563","26","5616","input_of"
"36564","26","6112","input_of"
"36565","26","5761","input_of"
"36566","26","6114","input_of"
"36567","26","6115","input_of"
"36568","26","4082","input_of"
"36569","26","6111","input_of"
"36570","26","6109","input_of"
"36571","26","4029","input_of"
"36572","26","6116","input_of"
"36573","26","6110","input_of"
"36574","26","6113","input_of"
"36575","27","6112","input_of"
"36576","27","5761","input_of"
"36577","27","6114","input_of"
"36578","27","6115","input_of"
"36579","27","4082","input_of"
"36580","27","6111","input_of"
"36581","27","6109","input_of"
"36582","27","4029","input_of"
"36583","27","6116","input_of"
"36584","27","6110","input_of"
"36585","27","6113","input_of"
"36586","27","4261","input_of"
"36587","27","4265","input_of"
"36588","27","5617","input_of"
"36589","27","4486","input_of"
"36590","27","5616","input_of"
"36591","27","4068","input_of"
"36592","27","4116","input_of"
"36593","28","4256","input_of"
"36594","28","5573","input_of"
"36595","28","4335","input_of"
"36596","28","5569","input_of"
"36597","28","5572","input_of"
"36598","28","5571","input_of"
"36599","28","4121","input_of"
"36600","28","5570","input_of"
"36601","28","4320","input_of"
"36602","28","6112","input_of"
"36603","28","5761","input_of"
"36604","28","6114","input_of"
"36605","28","6115","input_of"
"36606","28","4082","input_of"
"36607","28","6111","input_of"
"36608","28","6109","input_of"
"36609","28","4029","input_of"
"36610","28","6116","input_of"
"36611","28","6110","input_of"
"36612","28","6113","input_of"
"36613","28","4020","input_of"
"36614","28","4390","input_of"
"36615","28","4391","input_of"
"36616","28","5555","input_of"
"36617","28","5554","input_of"
"36618","28","4068","input_of"
"36619","28","4116","input_of"
"36620","28","4261","input_of"
"36621","28","4265","input_of"
"36622","28","5617","input_of"
"36623","28","4486","input_of"
"36624","28","5616","input_of"
"36625","28","4613","input_of"
"36626","28","4609","input_of"
"36627","28","4611","input_of"
"36628","28","4610","input_of"
"36629","28","4517","input_of"
"36630","28","4141","input_of"
"36631","28","4612","input_of"
"36632","28","4045","input_of"
"36633","28","4040","input_of"
"36634","28","4044","input_of"
"36635","28","4039","input_of"
"36636","28","5112","input_of"
"36637","28","4030","input_of"
"36638","28","5113","input_of"
"36639","28","5114","input_of"
"36640","28","5111","input_of"
"36641","28","5115","input_of"
"36642","28","5110","input_of"
"36643","28","4601","input_of"
"36644","28","5725","input_of"
"36645","29","4068","input_of"
"36646","29","4116","input_of"
"36647","29","6112","input_of"
"36648","29","5761","input_of"
"36649","29","6114","input_of"
"36650","29","6115","input_of"
"36651","29","4082","input_of"
"36652","29","6111","input_of"
"36653","29","6109","input_of"
"36654","29","4029","input_of"
"36655","29","6116","input_of"
"36656","29","6110","input_of"
"36657","29","6113","input_of"
"36658","29","4261","input_of"
"36659","29","4265","input_of"
"36660","29","5617","input_of"
"36661","29","4486","input_of"
"36662","29","5616","input_of"
"36663","30","4038","input_of"
"36664","30","5974","input_of"
"36665","30","4225","input_of"
"36666","30","4043","input_of"
"36667","30","5102","input_of"
"36668","30","4482","input_of"
"36669","30","5100","input_of"
"36670","30","5101","input_of"
"36671","30","4484","input_of"
"36672","30","5455","input_of"
"36673","30","4030","input_of"
"36674","30","4822","input_of"
"36675","30","5456","input_of"
"36676","30","5452","input_of"
"36677","30","5449","input_of"
"36678","30","5451","input_of"
"36679","30","5453","input_of"
"36680","30","5457","input_of"
"36681","30","5458","input_of"
"36682","30","5459","input_of"
"36683","30","5450","input_of"
"36684","30","4068","input_of"
"36685","30","5454","input_of"
"36686","30","5993","input_of"
"36687","30","4407","input_of"
"36688","30","5438","input_of"
"36689","30","5439","input_of"
"36690","30","4450","input_of"
"36691","30","4128","input_of"
"36692","30","4129","input_of"
"36693","30","5259","input_of"
"36694","30","5260","input_of"
"36695","30","5255","input_of"
"36696","30","5258","input_of"
"36697","30","5256","input_of"
"36698","30","5254","input_of"
"36699","30","5257","input_of"
"36700","30","4677","input_of"
"36701","30","4678","input_of"
"36702","30","4154","input_of"
"36703","30","4153","input_of"
"36704","30","5126","input_of"
"36705","30","4168","input_of"
"36706","30","5474","input_of"
"36707","30","4171","input_of"
"36708","30","4020","input_of"
"36709","30","5959","input_of"
"36710","30","4022","input_of"
"36711","30","4632","input_of"
"36712","30","4019","input_of"
"36713","30","5146","input_of"
"36714","30","4234","input_of"
"36715","30","4787","input_of"
"36716","30","4788","input_of"
"36717","30","4256","input_of"
"36718","30","4307","input_of"
"36719","30","4921","input_of"
"36720","30","6055","input_of"
"36721","30","6057","input_of"
"36722","30","6056","input_of"
"36723","30","4076","input_of"
"36724","30","4449","input_of"
"36725","30","5090","input_of"
"36726","30","5091","input_of"
"36727","30","4094","input_of"
"36728","30","5092","input_of"
"36729","30","4074","input_of"
"36730","30","4255","input_of"
"36731","30","4517","input_of"
"36732","30","5619","input_of"
"36733","30","6238","input_of"
"36734","30","6239","input_of"
"36735","30","5867","input_of"
"36736","30","5596","input_of"
"36737","30","6240","input_of"
"36738","30","6241","input_of"
"36739","30","5648","input_of"
"36740","30","5647","input_of"
"36741","30","5493","input_of"
"36742","30","5649","input_of"
"36743","30","4789","input_of"
"36744","30","5261","input_of"
"36745","30","5262","input_of"
"36746","30","5182","input_of"
"36747","30","6120","input_of"
"36748","30","4560","input_of"
"36749","30","5719","input_of"
"36750","30","5313","input_of"
"36751","30","6029","input_of"
"36752","30","5312","input_of"
"36753","30","4211","input_of"
"36754","30","4080","input_of"
"36755","30","5002","input_of"
"36756","30","4089","input_of"
"36757","30","4085","input_of"
"36758","30","4083","input_of"
"36759","30","5000","input_of"
"36760","30","4029","input_of"
"36761","30","5003","input_of"
"36762","30","5001","input_of"
"36763","30","5537","input_of"
"36764","30","5538","input_of"
"36765","30","5533","input_of"
"36766","30","5536","input_of"
"36767","30","4845","input_of"
"36768","30","5535","input_of"
"36769","30","4245","input_of"
"36770","30","5534","input_of"
"36771","30","6237","input_of"
"36772","30","4051","input_of"
"36773","30","4817","input_of"
"36774","30","4056","input_of"
"36775","30","4147","input_of"
"36776","30","4199","input_of"
"36777","30","4718","input_of"
"36778","30","4635","input_of"
"36779","30","4040","input_of"
"36780","30","4714","input_of"
"36781","30","4713","input_of"
"36782","30","4712","input_of"
"36783","30","4934","input_of"
"36784","30","4936","input_of"
"36785","30","4935","input_of"
"36786","30","5725","input_of"
"36787","30","4257","input_of"
"36788","30","6038","input_of"
"36789","30","5152","input_of"
"36790","30","6037","input_of"
"36791","30","6039","input_of"
"36792","30","6236","input_of"
"36793","30","4495","input_of"
"36794","30","4790","input_of"
"36795","30","6242","input_of"
"36796","30","4512","input_of"
"36797","30","4510","input_of"
"36798","30","4514","input_of"
"36799","30","4513","input_of"
"36800","30","4511","input_of"
"36801","30","5915","input_of"
"36802","30","4235","input_of"
"36803","30","5916","input_of"
"36804","31","6120","input_of"
"36805","31","4255","input_of"
"36806","31","4517","input_of"
"36807","31","5619","input_of"
"36808","31","4677","input_of"
"36809","31","4678","input_of"
"36810","31","4154","input_of"
"36811","31","4153","input_of"
"36812","31","4128","input_of"
"36813","31","4129","input_of"
"36814","32","5837","input_of"
"36815","32","4817","input_of"
"36816","32","4140","input_of"
"36817","32","4139","input_of"
"36818","32","4138","input_of"
"36819","33","4140","input_of"
"36820","33","4139","input_of"
"36821","33","4138","input_of"
"36822","33","5837","input_of"
"36823","33","4817","input_of"
"36824","34","5837","input_of"
"36825","34","4817","input_of"
"36826","34","4140","input_of"
"36827","34","4139","input_of"
"36828","34","4138","input_of"
"36829","35","5837","input_of"
"36830","35","4817","input_of"
"36831","35","4140","input_of"
"36832","35","4139","input_of"
"36833","35","4138","input_of"
"36834","36","4140","input_of"
"36835","36","4139","input_of"
"36836","36","4138","input_of"
"36837","36","5837","input_of"
"36838","36","4817","input_of"
"36839","37","4140","input_of"
"36840","37","4139","input_of"
"36841","37","4138","input_of"
"36842","37","5623","input_of"
"36843","37","5626","input_of"
"36844","37","5627","input_of"
"36845","37","5624","input_of"
"36846","37","4304","input_of"
"36847","37","5625","input_of"
"36848","37","5837","input_of"
"36849","37","4817","input_of"
"36850","38","4142","input_of"
"36851","38","4143","input_of"
"36852","38","4137","input_of"
"36853","38","4128","input_of"
"36854","38","4495","input_of"
"36855","38","5170","input_of"
"36856","38","6127","input_of"
"36857","38","5927","input_of"
"36858","38","4022","input_of"
"36859","38","4331","input_of"
"36860","38","4019","input_of"
"36861","38","4690","input_of"
"36862","38","4324","input_of"
"36863","38","5631","input_of"
"36864","38","5630","input_of"
"36865","39","4035","input_of"
"36866","39","4145","input_of"
"36867","39","4019","input_of"
"36868","39","4051","input_of"
"36869","39","4144","input_of"
"36870","39","4020","input_of"
"36871","39","4488","input_of"
"36872","39","6129","input_of"
"36873","39","6128","input_of"
"36874","40","4525","input_of"
"36875","40","4131","input_of"
"36876","40","4030","input_of"
"36877","40","4147","input_of"
"36878","40","4146","input_of"
"36879","40","4149","input_of"
"36880","40","4148","input_of"
"36881","40","4157","input_of"
"36882","40","4159","input_of"
"36883","40","4224","input_of"
"36884","40","4066","input_of"
"36885","40","4219","input_of"
"36886","40","4065","input_of"
"36887","40","4072","input_of"
"36888","40","5172","input_of"
"36889","40","5171","input_of"
"36890","40","5632","input_of"
"36891","40","5336","input_of"
"36892","40","4045","input_of"
"36893","40","6130","input_of"
"36894","40","6132","input_of"
"36895","40","6131","input_of"
"36896","40","4020","input_of"
"36897","41","4702","input_of"
"36898","41","4700","input_of"
"36899","41","4699","input_of"
"36900","41","4705","input_of"
"36901","41","4176","input_of"
"36902","41","4704","input_of"
"36903","41","4703","input_of"
"36904","41","4019","input_of"
"36905","41","4701","input_of"
"36906","41","4175","input_of"
"36907","41","4698","input_of"
"36908","41","4697","input_of"
"36909","41","4121","input_of"
"36910","41","6134","input_of"
"36911","41","6135","input_of"
"36912","41","4153","input_of"
"36913","41","4154","input_of"
"36914","41","5635","input_of"
"36915","41","5634","input_of"
"36916","42","4121","input_of"
"36917","42","6134","input_of"
"36918","42","6135","input_of"
"36919","42","4702","input_of"
"36920","42","4700","input_of"
"36921","42","4699","input_of"
"36922","42","4705","input_of"
"36923","42","4176","input_of"
"36924","42","4704","input_of"
"36925","42","4703","input_of"
"36926","42","4019","input_of"
"36927","42","4701","input_of"
"36928","42","4175","input_of"
"36929","42","4698","input_of"
"36930","42","4697","input_of"
"36931","42","4153","input_of"
"36932","42","4154","input_of"
"36933","42","5635","input_of"
"36934","42","5634","input_of"
"36935","43","4121","input_of"
"36936","43","6134","input_of"
"36937","43","6135","input_of"
"36938","43","4702","input_of"
"36939","43","4700","input_of"
"36940","43","4699","input_of"
"36941","43","4705","input_of"
"36942","43","4176","input_of"
"36943","43","4704","input_of"
"36944","43","4703","input_of"
"36945","43","4019","input_of"
"36946","43","4701","input_of"
"36947","43","4175","input_of"
"36948","43","4698","input_of"
"36949","43","4697","input_of"
"36950","43","4153","input_of"
"36951","43","4154","input_of"
"36952","43","5635","input_of"
"36953","43","5634","input_of"
"36954","44","4121","input_of"
"36955","44","6134","input_of"
"36956","44","6135","input_of"
"36957","44","4153","input_of"
"36958","44","4154","input_of"
"36959","44","4702","input_of"
"36960","44","4700","input_of"
"36961","44","4699","input_of"
"36962","44","4705","input_of"
"36963","44","4176","input_of"
"36964","44","4704","input_of"
"36965","44","4703","input_of"
"36966","44","4019","input_of"
"36967","44","4701","input_of"
"36968","44","4175","input_of"
"36969","44","4698","input_of"
"36970","44","4697","input_of"
"36971","45","4702","input_of"
"36972","45","4700","input_of"
"36973","45","4699","input_of"
"36974","45","4705","input_of"
"36975","45","4176","input_of"
"36976","45","4704","input_of"
"36977","45","4703","input_of"
"36978","45","4019","input_of"
"36979","45","4701","input_of"
"36980","45","4175","input_of"
"36981","45","4698","input_of"
"36982","45","4697","input_of"
"36983","45","4153","input_of"
"36984","45","4154","input_of"
"36985","45","4121","input_of"
"36986","45","6134","input_of"
"36987","45","6135","input_of"
"36988","46","6143","input_of"
"36989","46","6141","input_of"
"36990","46","6139","input_of"
"36991","46","6138","input_of"
"36992","46","4390","input_of"
"36993","46","6144","input_of"
"36994","46","5015","input_of"
"36995","46","6140","input_of"
"36996","46","4121","input_of"
"36997","46","6142","input_of"
"36998","46","4122","input_of"
"36999","46","4391","input_of"
"37000","46","4706","input_of"
"37001","46","4707","input_of"
"37002","46","4158","input_of"
"37003","46","4040","input_of"
"37004","46","4045","input_of"
"37005","46","4157","input_of"
"37006","46","4159","input_of"
"37007","46","4197","input_of"
"37008","46","5173","input_of"
"37009","46","4565","input_of"
"37010","46","5637","input_of"
"37011","46","5636","input_of"
"37012","47","4137","input_of"
"37013","47","4081","input_of"
"37014","47","4019","input_of"
"37015","47","4160","input_of"
"37016","47","4020","input_of"
"37017","47","6298","input_of"
"37018","47","4725","input_of"
"37019","47","5161","input_of"
"37020","47","4040","input_of"
"37021","47","6290","input_of"
"37022","47","6292","input_of"
"37023","47","6289","input_of"
"37024","47","6294","input_of"
"37025","47","6288","input_of"
"37026","47","4258","input_of"
"37027","47","6296","input_of"
"37028","47","6297","input_of"
"37029","47","6295","input_of"
"37030","47","6293","input_of"
"37031","47","4559","input_of"
"37032","47","6291","input_of"
"37033","47","5005","input_of"
"37034","47","5008","input_of"
"37035","47","5009","input_of"
"37036","47","5007","input_of"
"37037","47","5010","input_of"
"37038","47","5006","input_of"
"37039","47","6146","input_of"
"37040","47","6145","input_of"
"37041","47","5443","input_of"
"37042","47","4027","input_of"
"37043","47","4314","input_of"
"37044","47","4120","input_of"
"37045","47","4397","input_of"
"37046","47","5964","input_of"
"37047","47","5725","input_of"
"37048","47","4343","input_of"
"37049","47","4826","input_of"
"37050","47","4344","input_of"
"37051","47","4022","input_of"
"37052","47","4827","input_of"
"37053","47","4744","input_of"
"37054","47","4321","input_of"
"37055","48","6146","input_of"
"37056","48","6145","input_of"
"37057","48","4020","input_of"
"37058","48","4081","input_of"
"37059","48","4019","input_of"
"37060","48","4160","input_of"
"37061","48","4137","input_of"
"37062","49","4081","input_of"
"37063","49","4019","input_of"
"37064","49","4160","input_of"
"37065","49","4068","input_of"
"37066","49","4121","input_of"
"37067","49","6154","input_of"
"37068","49","5098","input_of"
"37069","49","4709","input_of"
"37070","49","4007","input_of"
"37071","49","4710","input_of"
"37072","49","6146","input_of"
"37073","49","6145","input_of"
"37074","49","4276","input_of"
"37075","49","4277","input_of"
"37076","49","4274","input_of"
"37077","49","4161","input_of"
"37078","49","4131","input_of"
"37079","49","4175","input_of"
"37080","49","4275","input_of"
"37081","49","4199","input_of"
"37082","49","4273","input_of"
"37083","49","4020","input_of"
"37084","49","4137","input_of"
"37085","49","4519","input_of"
"37086","49","4517","input_of"
"37087","50","6146","input_of"
"37088","50","6145","input_of"
"37089","50","4081","input_of"
"37090","50","4019","input_of"
"37091","50","4160","input_of"
"37092","50","4020","input_of"
"37093","50","4137","input_of"
"37094","51","6146","input_of"
"37095","51","6145","input_of"
"37096","51","4081","input_of"
"37097","51","4019","input_of"
"37098","51","4160","input_of"
"37099","51","4137","input_of"
"37100","51","4020","input_of"
"37101","52","4030","input_of"
"37102","52","5174","input_of"
"37103","52","5661","input_of"
"37104","52","6149","input_of"
"37105","52","4022","input_of"
"37106","52","4019","input_of"
"37107","52","4020","input_of"
"37108","52","4162","input_of"
"37109","52","4161","input_of"
"37110","52","4163","input_of"
"37111","52","4027","input_of"
"37112","52","4817","input_of"
"37113","53","4030","input_of"
"37114","53","5174","input_of"
"37115","53","4027","input_of"
"37116","53","4817","input_of"
"37117","53","4035","input_of"
"37118","53","4022","input_of"
"37119","53","4019","input_of"
"37120","53","4020","input_of"
"37121","53","5661","input_of"
"37122","53","6149","input_of"
"37123","53","4162","input_of"
"37124","53","4161","input_of"
"37125","53","4163","input_of"
"37126","53","4039","input_of"
"37127","53","4068","input_of"
"37128","53","4045","input_of"
"37129","53","4040","input_of"
"37130","53","4475","input_of"
"37131","53","4137","input_of"
"37132","53","4474","input_of"
"37133","53","4477","input_of"
"37134","53","4476","input_of"
"37135","53","4478","input_of"
"37136","53","5408","input_of"
"37137","53","4391","input_of"
"37138","53","4390","input_of"
"37139","54","6150","input_of"
"37140","54","4068","input_of"
"37141","54","4708","input_of"
"37142","54","4164","input_of"
"37143","54","5643","input_of"
"37144","54","5639","input_of"
"37145","54","5638","input_of"
"37146","54","5641","input_of"
"37147","54","4028","input_of"
"37148","54","5640","input_of"
"37149","54","5642","input_of"
"37150","54","4488","input_of"
"37151","54","5644","input_of"
"37152","55","4068","input_of"
"37153","55","4708","input_of"
"37154","55","5643","input_of"
"37155","55","5639","input_of"
"37156","55","5638","input_of"
"37157","55","5641","input_of"
"37158","55","4028","input_of"
"37159","55","5640","input_of"
"37160","55","5642","input_of"
"37161","55","4488","input_of"
"37162","55","5644","input_of"
"37163","55","6150","input_of"
"37164","55","4164","input_of"
"37165","56","4068","input_of"
"37166","56","4708","input_of"
"37167","56","4164","input_of"
"37168","56","5643","input_of"
"37169","56","5639","input_of"
"37170","56","5638","input_of"
"37171","56","5641","input_of"
"37172","56","4028","input_of"
"37173","56","5640","input_of"
"37174","56","5642","input_of"
"37175","56","4488","input_of"
"37176","56","5644","input_of"
"37177","56","6150","input_of"
"37178","57","5098","input_of"
"37179","57","4709","input_of"
"37180","57","4007","input_of"
"37181","57","4710","input_of"
"37182","57","4068","input_of"
"37183","57","4121","input_of"
"37184","57","6154","input_of"
"37185","58","4020","input_of"
"37186","58","4495","input_of"
"37187","58","5179","input_of"
"37188","58","4137","input_of"
"37189","58","5178","input_of"
"37190","58","4030","input_of"
"37191","58","4235","input_of"
"37192","58","4035","input_of"
"37193","58","4068","input_of"
"37194","58","4166","input_of"
"37195","58","4018","input_of"
"37196","58","4724","input_of"
"37197","58","4191","input_of"
"37198","58","4190","input_of"
"37199","58","4339","input_of"
"37200","58","4119","input_of"
"37201","58","6158","input_of"
"37202","58","4120","input_of"
"37203","58","6159","input_of"
"37204","58","4074","input_of"
"37205","58","6156","input_of"
"37206","58","6157","input_of"
"37207","58","4076","input_of"
"37208","59","4040","input_of"
"37209","59","4714","input_of"
"37210","59","4713","input_of"
"37211","59","4712","input_of"
"37212","59","4068","input_of"
"37213","59","5648","input_of"
"37214","59","5647","input_of"
"37215","59","5493","input_of"
"37216","59","5649","input_of"
"37217","60","4068","input_of"
"37218","60","4715","input_of"
"37219","60","4022","input_of"
"37220","60","4019","input_of"
"37221","60","5077","input_of"
"37222","60","4407","input_of"
"37223","60","4787","input_of"
"37224","60","4020","input_of"
"37225","60","5728","input_of"
"37226","60","4304","input_of"
"37227","60","5137","input_of"
"37228","60","4049","input_of"
"37229","60","4236","input_of"
"37230","60","4817","input_of"
"37231","60","4167","input_of"
"37232","60","5267","input_of"
"37233","60","5180","input_of"
"37234","60","4448","input_of"
"37235","60","5181","input_of"
"37236","61","4167","input_of"
"37237","61","4068","input_of"
"37238","61","5180","input_of"
"37239","61","4448","input_of"
"37240","61","5181","input_of"
"37241","61","5077","input_of"
"37242","61","4236","input_of"
"37243","61","4817","input_of"
"37244","61","4715","input_of"
"37245","61","4022","input_of"
"37246","61","4019","input_of"
"37247","62","4730","input_of"
"37248","62","4751","input_of"
"37249","62","4068","input_of"
"37250","62","4236","input_of"
"37251","62","4817","input_of"
"37252","62","4789","input_of"
"37253","62","5077","input_of"
"37254","62","4027","input_of"
"37255","62","6237","input_of"
"37256","62","4051","input_of"
"37257","62","4056","input_of"
"37258","62","4147","input_of"
"37259","62","4238","input_of"
"37260","62","4167","input_of"
"37261","62","4030","input_of"
"37262","62","4020","input_of"
"37263","62","6204","input_of"
"37264","62","4225","input_of"
"37265","62","5218","input_of"
"37266","62","4224","input_of"
"37267","62","5219","input_of"
"37268","62","5220","input_of"
"37269","62","4219","input_of"
"37270","62","4050","input_of"
"37271","62","4715","input_of"
"37272","62","4022","input_of"
"37273","62","4019","input_of"
"37274","62","5209","input_of"
"37275","62","5205","input_of"
"37276","62","5207","input_of"
"37277","62","4220","input_of"
"37278","62","5206","input_of"
"37279","62","5208","input_of"
"37280","62","5210","input_of"
"37281","62","4997","input_of"
"37282","62","4525","input_of"
"37283","62","5180","input_of"
"37284","62","4448","input_of"
"37285","62","5181","input_of"
"37286","62","5684","input_of"
"37287","62","5683","input_of"
"37288","62","4442","input_of"
"37289","62","4043","input_of"
"37290","63","4068","input_of"
"37291","63","4030","input_of"
"37292","63","4020","input_of"
"37293","63","5180","input_of"
"37294","63","4448","input_of"
"37295","63","5181","input_of"
"37296","63","4167","input_of"
"37297","63","5684","input_of"
"37298","63","5683","input_of"
"37299","63","4442","input_of"
"37300","63","4043","input_of"
"37301","63","4730","input_of"
"37302","63","4751","input_of"
"37303","63","4715","input_of"
"37304","63","4022","input_of"
"37305","63","4019","input_of"
"37306","63","4236","input_of"
"37307","63","4027","input_of"
"37308","63","4238","input_of"
"37309","63","5077","input_of"
"37310","63","4817","input_of"
"37311","63","6204","input_of"
"37312","63","4225","input_of"
"37313","63","5218","input_of"
"37314","63","4224","input_of"
"37315","63","5219","input_of"
"37316","63","5220","input_of"
"37317","63","4219","input_of"
"37318","63","4050","input_of"
"37319","63","5209","input_of"
"37320","63","5205","input_of"
"37321","63","5207","input_of"
"37322","63","4220","input_of"
"37323","63","5206","input_of"
"37324","63","5208","input_of"
"37325","63","5210","input_of"
"37326","63","4997","input_of"
"37327","63","4525","input_of"
"37328","64","4030","input_of"
"37329","64","4019","input_of"
"37330","64","5077","input_of"
"37331","64","4236","input_of"
"37332","64","4817","input_of"
"37333","64","6335","input_of"
"37334","64","4320","input_of"
"37335","64","4235","input_of"
"37336","64","4340","input_of"
"37337","64","4190","input_of"
"37338","64","4339","input_of"
"37339","64","4020","input_of"
"37340","64","4068","input_of"
"37341","64","4715","input_of"
"37342","64","4022","input_of"
"37343","64","4167","input_of"
"37344","64","5180","input_of"
"37345","64","4448","input_of"
"37346","64","5181","input_of"
"37347","65","4251","input_of"
"37348","65","4020","input_of"
"37349","65","5293","input_of"
"37350","65","4137","input_of"
"37351","65","4861","input_of"
"37352","65","4666","input_of"
"37353","65","4176","input_of"
"37354","65","4175","input_of"
"37355","65","4018","input_of"
"37356","65","4120","input_of"
"37357","66","4018","input_of"
"37358","66","4176","input_of"
"37359","66","4175","input_of"
"37360","66","4251","input_of"
"37361","66","4020","input_of"
"37362","66","5293","input_of"
"37363","66","4137","input_of"
"37364","66","4861","input_of"
"37365","66","4666","input_of"
"37366","66","4120","input_of"
"37367","67","4251","input_of"
"37368","67","4176","input_of"
"37369","67","4175","input_of"
"37370","67","4120","input_of"
"37371","67","4020","input_of"
"37372","67","5293","input_of"
"37373","67","4137","input_of"
"37374","67","4861","input_of"
"37375","67","4666","input_of"
"37376","67","4018","input_of"
"37377","68","5657","input_of"
"37378","68","4179","input_of"
"37379","68","4177","input_of"
"37380","68","4178","input_of"
"37381","68","4920","input_of"
"37382","68","4068","input_of"
"37383","68","4917","input_of"
"37384","68","4952","input_of"
"37385","68","4951","input_of"
"37386","68","4718","input_of"
"37387","68","6168","input_of"
"37388","68","6167","input_of"
"37389","69","4179","input_of"
"37390","69","4177","input_of"
"37391","69","4178","input_of"
"37392","69","6168","input_of"
"37393","69","6167","input_of"
"37394","69","5657","input_of"
"37395","69","4718","input_of"
"37396","69","4920","input_of"
"37397","69","4068","input_of"
"37398","69","4917","input_of"
"37399","69","4952","input_of"
"37400","69","4951","input_of"
"37401","70","5657","input_of"
"37402","70","4920","input_of"
"37403","70","4068","input_of"
"37404","70","4917","input_of"
"37405","70","4952","input_of"
"37406","70","4951","input_of"
"37407","70","6168","input_of"
"37408","70","6167","input_of"
"37409","70","4179","input_of"
"37410","70","4177","input_of"
"37411","70","4178","input_of"
"37412","70","4718","input_of"
"37413","71","4874","input_of"
"37414","71","4875","input_of"
"37415","71","4050","input_of"
"37416","71","4048","input_of"
"37417","71","4225","input_of"
"37418","71","4873","input_of"
"37419","71","5417","input_of"
"37420","71","4019","input_of"
"37421","71","4022","input_of"
"37422","71","4039","input_of"
"37423","71","4068","input_of"
"37424","71","4409","input_of"
"37425","71","4038","input_of"
"37426","71","5047","input_of"
"37427","71","4486","input_of"
"37428","71","6280","input_of"
"37429","71","6279","input_of"
"37430","71","6278","input_of"
"37431","71","6277","input_of"
"37432","71","6275","input_of"
"37433","71","4043","input_of"
"37434","71","6274","input_of"
"37435","71","6273","input_of"
"37436","71","4376","input_of"
"37437","71","4308","input_of"
"37438","71","4251","input_of"
"37439","71","5770","input_of"
"37440","71","5661","input_of"
"37441","71","5771","input_of"
"37442","71","4119","input_of"
"37443","71","4120","input_of"
"37444","71","4030","input_of"
"37445","71","6388","input_of"
"37446","71","6390","input_of"
"37447","71","5941","input_of"
"37448","71","5940","input_of"
"37449","71","6389","input_of"
"37450","71","4184","input_of"
"37451","71","4183","input_of"
"37452","71","4180","input_of"
"37453","71","4182","input_of"
"37454","71","4181","input_of"
"37455","71","4824","input_of"
"37456","71","4315","input_of"
"37457","71","5762","input_of"
"37458","71","5760","input_of"
"37459","71","5758","input_of"
"37460","71","5315","input_of"
"37461","71","5759","input_of"
"37462","71","4856","input_of"
"37463","71","5761","input_of"
"37464","71","4859","input_of"
"37465","71","5350","input_of"
"37466","71","4121","input_of"
"37467","71","4820","input_of"
"37468","71","4819","input_of"
"37469","71","4304","input_of"
"37470","71","4462","input_of"
"37471","71","5127","input_of"
"37472","72","4131","input_of"
"37473","72","4448","input_of"
"37474","72","4133","input_of"
"37475","72","4447","input_of"
"37476","72","4132","input_of"
"37477","72","4666","input_of"
"37478","72","4030","input_of"
"37479","72","4189","input_of"
"37480","72","4321","input_of"
"37481","72","4722","input_of"
"37482","72","4721","input_of"
"37483","72","4723","input_of"
"37484","72","4068","input_of"
"37485","72","4040","input_of"
"37486","72","4339","input_of"
"37487","72","4724","input_of"
"37488","72","4039","input_of"
"37489","72","4045","input_of"
"37490","72","5661","input_of"
"37491","72","5660","input_of"
"37492","72","5187","input_of"
"37493","73","4131","input_of"
"37494","73","4448","input_of"
"37495","73","4133","input_of"
"37496","73","4447","input_of"
"37497","73","4132","input_of"
"37498","73","4666","input_of"
"37499","73","4030","input_of"
"37500","73","4189","input_of"
"37501","73","5187","input_of"
"37502","74","5187","input_of"
"37503","74","4030","input_of"
"37504","74","4189","input_of"
"37505","74","4131","input_of"
"37506","74","4448","input_of"
"37507","74","4133","input_of"
"37508","74","4447","input_of"
"37509","74","4132","input_of"
"37510","74","4666","input_of"
"37511","75","4191","input_of"
"37512","75","4076","input_of"
"37513","75","4020","input_of"
"37514","75","4074","input_of"
"37515","75","4190","input_of"
"37516","75","5188","input_of"
"37517","75","4251","input_of"
"37518","75","4827","input_of"
"37519","75","6171","input_of"
"37520","76","4827","input_of"
"37521","76","6171","input_of"
"37522","76","4191","input_of"
"37523","76","4076","input_of"
"37524","76","4020","input_of"
"37525","76","4074","input_of"
"37526","76","4190","input_of"
"37527","76","4251","input_of"
"37528","76","5188","input_of"
"37529","77","4194","input_of"
"37530","77","4193","input_of"
"37531","77","4192","input_of"
"37532","77","4072","input_of"
"37533","77","6172","input_of"
"37534","77","4175","input_of"
"37535","77","4019","input_of"
"37536","77","5663","input_of"
"37537","77","4199","input_of"
"37538","77","4731","input_of"
"37539","78","4195","input_of"
"37540","78","4196","input_of"
"37541","78","4020","input_of"
"37542","78","4732","input_of"
"37543","78","4074","input_of"
"37544","78","5189","input_of"
"37545","79","5325","input_of"
"37546","79","4030","input_of"
"37547","79","5342","input_of"
"37548","79","4789","input_of"
"37549","79","4596","input_of"
"37550","79","4555","input_of"
"37551","79","6270","input_of"
"37552","79","5271","input_of"
"37553","79","4595","input_of"
"37554","79","6272","input_of"
"37555","79","6037","input_of"
"37556","79","6271","input_of"
"37557","79","6367","input_of"
"37558","79","6368","input_of"
"37559","79","5754","input_of"
"37560","79","5752","input_of"
"37561","79","5753","input_of"
"37562","79","4191","input_of"
"37563","79","4137","input_of"
"37564","79","4299","input_of"
"37565","79","4298","input_of"
"37566","79","4300","input_of"
"37567","79","4301","input_of"
"37568","79","4341","input_of"
"37569","79","4195","input_of"
"37570","79","4196","input_of"
"37571","79","4027","input_of"
"37572","79","4814","input_of"
"37573","79","4123","input_of"
"37574","79","4127","input_of"
"37575","79","4815","input_of"
"37576","79","4007","input_of"
"37577","79","4813","input_of"
"37578","79","4816","input_of"
"37579","79","4120","input_of"
"37580","79","6339","input_of"
"37581","79","4119","input_of"
"37582","79","4194","input_of"
"37583","79","6338","input_of"
"37584","79","6340","input_of"
"37585","79","6337","input_of"
"37586","79","6336","input_of"
"37587","79","5722","input_of"
"37588","79","4425","input_of"
"37589","79","5724","input_of"
"37590","79","5668","input_of"
"37591","79","5723","input_of"
"37592","79","5720","input_of"
"37593","79","4727","input_of"
"37594","79","5721","input_of"
"37595","79","5673","input_of"
"37596","79","5818","input_of"
"37597","79","4371","input_of"
"37598","79","4321","input_of"
"37599","79","4039","input_of"
"37600","79","6237","input_of"
"37601","79","4051","input_of"
"37602","79","4817","input_of"
"37603","79","4056","input_of"
"37604","79","4147","input_of"
"37605","79","4020","input_of"
"37606","79","4732","input_of"
"37607","79","4074","input_of"
"37608","79","5146","input_of"
"37609","79","4234","input_of"
"37610","79","5189","input_of"
"37611","80","4733","input_of"
"37612","80","4144","input_of"
"37613","80","4302","input_of"
"37614","80","4920","input_of"
"37615","80","4455","input_of"
"37616","80","5190","input_of"
"37617","80","4197","input_of"
"37618","81","4019","input_of"
"37619","81","4215","input_of"
"37620","81","4216","input_of"
"37621","81","6180","input_of"
"37622","81","4018","input_of"
"37623","81","5191","input_of"
"37624","81","4035","input_of"
"37625","82","4019","input_of"
"37626","82","4035","input_of"
"37627","82","5191","input_of"
"37628","82","4215","input_of"
"37629","82","4216","input_of"
"37630","82","6180","input_of"
"37631","82","4018","input_of"
"37632","83","4218","input_of"
"37633","83","4197","input_of"
"37634","83","4313","input_of"
"37635","83","5194","input_of"
"37636","83","5193","input_of"
"37637","83","5674","input_of"
"37638","84","4020","input_of"
"37639","84","5336","input_of"
"37640","85","5336","input_of"
"37641","86","4510","input_of"
"37642","86","4422","input_of"
"37643","86","4787","input_of"
"37644","86","4788","input_of"
"37645","86","4600","input_of"
"37646","86","6027","input_of"
"37647","86","6028","input_of"
"37648","86","4251","input_of"
"37649","86","6038","input_of"
"37650","86","5152","input_of"
"37651","86","6037","input_of"
"37652","86","6039","input_of"
"37653","86","5081","input_of"
"37654","86","5089","input_of"
"37655","86","5085","input_of"
"37656","86","5078","input_of"
"37657","86","5082","input_of"
"37658","86","5079","input_of"
"37659","86","5084","input_of"
"37660","86","5086","input_of"
"37661","86","5088","input_of"
"37662","86","5083","input_of"
"37663","86","5080","input_of"
"37664","86","5087","input_of"
"37665","86","4121","input_of"
"37666","86","5526","input_of"
"37667","86","4122","input_of"
"37668","86","5527","input_of"
"37669","86","5525","input_of"
"37670","86","4043","input_of"
"37671","86","5524","input_of"
"37672","86","6031","input_of"
"37673","86","5249","input_of"
"37674","86","4224","input_of"
"37675","86","6030","input_of"
"37676","86","5843","input_of"
"37677","86","4041","input_of"
"37678","86","5073","input_of"
"37679","86","4425","input_of"
"37680","86","5673","input_of"
"37681","86","4726","input_of"
"37682","86","4115","input_of"
"37683","86","6032","input_of"
"37684","86","5222","input_of"
"37685","86","4110","input_of"
"37686","86","4729","input_of"
"37687","86","4226","input_of"
"37688","86","4335","input_of"
"37689","86","4094","input_of"
"37690","86","4256","input_of"
"37691","86","4022","input_of"
"37692","86","4199","input_of"
"37693","86","4157","input_of"
"37694","86","4159","input_of"
"37695","86","4066","input_of"
"37696","86","4219","input_of"
"37697","86","4065","input_of"
"37698","86","4599","input_of"
"37699","86","6236","input_of"
"37700","86","4495","input_of"
"37701","86","5336","input_of"
"37702","86","5102","input_of"
"37703","86","4482","input_of"
"37704","86","5100","input_of"
"37705","86","5101","input_of"
"37706","86","4484","input_of"
"37707","86","4019","input_of"
"37708","86","5532","input_of"
"37709","86","4573","input_of"
"37710","86","4068","input_of"
"37711","86","5531","input_of"
"37712","86","5529","input_of"
"37713","86","4411","input_of"
"37714","86","4569","input_of"
"37715","86","5528","input_of"
"37716","86","5530","input_of"
"37717","86","4409","input_of"
"37718","86","4601","input_of"
"37719","86","4442","input_of"
"37720","86","5093","input_of"
"37721","86","5259","input_of"
"37722","86","5260","input_of"
"37723","87","5336","input_of"
"37724","88","5202","input_of"
"37725","88","4461","input_of"
"37726","88","4072","input_of"
"37727","88","4074","input_of"
"37728","88","4020","input_of"
"37729","88","4076","input_of"
"37730","88","4234","input_of"
"37731","88","4746","input_of"
"37732","88","4141","input_of"
"37733","88","5619","input_of"
"37734","89","5203","input_of"
"37735","89","5204","input_of"
"37736","89","4190","input_of"
"37737","89","4020","input_of"
"37738","89","4119","input_of"
"37739","89","4120","input_of"
"37740","89","4191","input_of"
"37741","89","4749","input_of"
"37742","89","4748","input_of"
"37743","89","4076","input_of"
"37744","89","6201","input_of"
"37745","89","5682","input_of"
"37746","90","4976","input_of"
"37747","90","4019","input_of"
"37748","90","5682","input_of"
"37749","90","4490","input_of"
"37750","90","4492","input_of"
"37751","90","4491","input_of"
"37752","90","4027","input_of"
"37753","90","4339","input_of"
"37754","90","4493","input_of"
"37755","90","4190","input_of"
"37756","90","4020","input_of"
"37757","90","4119","input_of"
"37758","90","4120","input_of"
"37759","90","4191","input_of"
"37760","90","4068","input_of"
"37761","90","5943","input_of"
"37762","90","5944","input_of"
"37763","90","4872","input_of"
"37764","90","6201","input_of"
"37765","90","5203","input_of"
"37766","90","5204","input_of"
"37767","90","4749","input_of"
"37768","90","4748","input_of"
"37769","90","4076","input_of"
"37770","90","5431","input_of"
"37771","91","4225","input_of"
"37772","91","5218","input_of"
"37773","91","4224","input_of"
"37774","91","5219","input_of"
"37775","91","5220","input_of"
"37776","91","4219","input_of"
"37777","91","4050","input_of"
"37778","91","5209","input_of"
"37779","91","5205","input_of"
"37780","91","5207","input_of"
"37781","91","4220","input_of"
"37782","91","5206","input_of"
"37783","91","5208","input_of"
"37784","91","5210","input_of"
"37785","91","4997","input_of"
"37786","91","4525","input_of"
"37787","91","4238","input_of"
"37788","91","4236","input_of"
"37789","91","4027","input_of"
"37790","91","4068","input_of"
"37791","91","4030","input_of"
"37792","91","4020","input_of"
"37793","91","4730","input_of"
"37794","91","4751","input_of"
"37795","91","6204","input_of"
"37796","91","5684","input_of"
"37797","91","5683","input_of"
"37798","91","4442","input_of"
"37799","91","4043","input_of"
"37800","92","5209","input_of"
"37801","92","5205","input_of"
"37802","92","5207","input_of"
"37803","92","4220","input_of"
"37804","92","5206","input_of"
"37805","92","5208","input_of"
"37806","92","5210","input_of"
"37807","92","4997","input_of"
"37808","92","4525","input_of"
"37809","92","5684","input_of"
"37810","92","5683","input_of"
"37811","92","4442","input_of"
"37812","92","4043","input_of"
"37813","92","4068","input_of"
"37814","92","4030","input_of"
"37815","92","4020","input_of"
"37816","92","4730","input_of"
"37817","92","4751","input_of"
"37818","92","4236","input_of"
"37819","92","4027","input_of"
"37820","93","4730","input_of"
"37821","93","4751","input_of"
"37822","93","4068","input_of"
"37823","93","5417","input_of"
"37824","93","4236","input_of"
"37825","93","4027","input_of"
"37826","93","6242","input_of"
"37827","93","4030","input_of"
"37828","93","4967","input_of"
"37829","93","4020","input_of"
"37830","93","4257","input_of"
"37831","93","4485","input_of"
"37832","93","4144","input_of"
"37833","93","5684","input_of"
"37834","93","5683","input_of"
"37835","93","4442","input_of"
"37836","93","4043","input_of"
"37837","93","5725","input_of"
"37838","93","4019","input_of"
"37839","93","5209","input_of"
"37840","93","5205","input_of"
"37841","93","5207","input_of"
"37842","93","4220","input_of"
"37843","93","5206","input_of"
"37844","93","5208","input_of"
"37845","93","5210","input_of"
"37846","93","4997","input_of"
"37847","93","4525","input_of"
"37848","93","4790","input_of"
"37849","93","4345","input_of"
"37850","93","5938","input_of"
"37851","94","4236","input_of"
"37852","94","4027","input_of"
"37853","94","4730","input_of"
"37854","94","4751","input_of"
"37855","94","4068","input_of"
"37856","94","5209","input_of"
"37857","94","5205","input_of"
"37858","94","5207","input_of"
"37859","94","4220","input_of"
"37860","94","5206","input_of"
"37861","94","5208","input_of"
"37862","94","5210","input_of"
"37863","94","4997","input_of"
"37864","94","4525","input_of"
"37865","94","5684","input_of"
"37866","94","5683","input_of"
"37867","94","4442","input_of"
"37868","94","4043","input_of"
"37869","94","4030","input_of"
"37870","94","4020","input_of"
"37871","95","4236","input_of"
"37872","95","4027","input_of"
"37873","95","5684","input_of"
"37874","95","5683","input_of"
"37875","95","4442","input_of"
"37876","95","4043","input_of"
"37877","95","4730","input_of"
"37878","95","4751","input_of"
"37879","95","4068","input_of"
"37880","95","4030","input_of"
"37881","95","4020","input_of"
"37882","95","5209","input_of"
"37883","95","5205","input_of"
"37884","95","5207","input_of"
"37885","95","4220","input_of"
"37886","95","5206","input_of"
"37887","95","5208","input_of"
"37888","95","5210","input_of"
"37889","95","4997","input_of"
"37890","95","4525","input_of"
"37891","96","4238","input_of"
"37892","96","4237","input_of"
"37893","96","4225","input_of"
"37894","96","5218","input_of"
"37895","96","4224","input_of"
"37896","96","5219","input_of"
"37897","96","5220","input_of"
"37898","96","4219","input_of"
"37899","96","4050","input_of"
"37900","96","4068","input_of"
"37901","96","5213","input_of"
"37902","96","5211","input_of"
"37903","96","5212","input_of"
"37904","96","4335","input_of"
"37905","96","5685","input_of"
"37906","96","4752","input_of"
"37907","96","4595","input_of"
"37908","96","4517","input_of"
"37909","96","6204","input_of"
"37910","97","5213","input_of"
"37911","97","5211","input_of"
"37912","97","5212","input_of"
"37913","97","4595","input_of"
"37914","97","4752","input_of"
"37915","97","4517","input_of"
"37916","97","4237","input_of"
"37917","98","6203","input_of"
"37918","98","4043","input_of"
"37919","98","4038","input_of"
"37920","98","4030","input_of"
"37921","98","4068","input_of"
"37922","98","4020","input_of"
"37923","98","5215","input_of"
"37924","98","5216","input_of"
"37925","98","4424","input_of"
"37926","98","5217","input_of"
"37927","98","5214","input_of"
"37928","99","6203","input_of"
"37929","99","4043","input_of"
"37930","99","4038","input_of"
"37931","99","4030","input_of"
"37932","99","4068","input_of"
"37933","99","4020","input_of"
"37934","99","5215","input_of"
"37935","99","5216","input_of"
"37936","99","4424","input_of"
"37937","99","5217","input_of"
"37938","99","5214","input_of"
"37939","100","5215","input_of"
"37940","100","5216","input_of"
"37941","100","4020","input_of"
"37942","100","4424","input_of"
"37943","100","5217","input_of"
"37944","100","5214","input_of"
"37945","100","6203","input_of"
"37946","100","4043","input_of"
"37947","100","4038","input_of"
"37948","100","4030","input_of"
"37949","100","4068","input_of"
"37950","101","4238","input_of"
"37951","101","6204","input_of"
"37952","101","4225","input_of"
"37953","101","5218","input_of"
"37954","101","4224","input_of"
"37955","101","5219","input_of"
"37956","101","5220","input_of"
"37957","101","4219","input_of"
"37958","101","4050","input_of"
"37959","101","4068","input_of"
"37960","102","6204","input_of"
"37961","102","4238","input_of"
"37962","102","4068","input_of"
"37963","102","4225","input_of"
"37964","102","5218","input_of"
"37965","102","4224","input_of"
"37966","102","5219","input_of"
"37967","102","5220","input_of"
"37968","102","4219","input_of"
"37969","102","4050","input_of"
"37970","103","5225","input_of"
"37971","103","5222","input_of"
"37972","103","5223","input_of"
"37973","103","5224","input_of"
"37974","103","4813","input_of"
"37975","103","4141","input_of"
"37976","103","5686","input_of"
"37977","104","5225","input_of"
"37978","104","5222","input_of"
"37979","104","5223","input_of"
"37980","104","5224","input_of"
"37981","104","4813","input_of"
"37982","104","4141","input_of"
"37983","104","5686","input_of"
"37984","105","5225","input_of"
"37985","105","5222","input_of"
"37986","105","5223","input_of"
"37987","105","5224","input_of"
"37988","105","4141","input_of"
"37989","105","5686","input_of"
"37990","105","4813","input_of"
"37991","106","5230","input_of"
"37992","106","5232","input_of"
"37993","106","4014","input_of"
"37994","106","4030","input_of"
"37995","106","5231","input_of"
"37996","106","4016","input_of"
"37997","106","4241","input_of"
"37998","106","4242","input_of"
"37999","106","6220","input_of"
"38000","106","4760","input_of"
"38001","106","6218","input_of"
"38002","106","4177","input_of"
"38003","106","6221","input_of"
"38004","106","6219","input_of"
"38005","106","4179","input_of"
"38006","106","6222","input_of"
"38007","106","4754","input_of"
"38008","107","4248","input_of"
"38009","107","4247","input_of"
"38010","107","5673","input_of"
"38011","107","4068","input_of"
"38012","107","4020","input_of"
"38013","107","5664","input_of"
"38014","107","5666","input_of"
"38015","107","5700","input_of"
"38016","107","5671","input_of"
"38017","107","5665","input_of"
"38018","107","5672","input_of"
"38019","107","4425","input_of"
"38020","107","5242","input_of"
"38021","107","5238","input_of"
"38022","107","5234","input_of"
"38023","107","5236","input_of"
"38024","107","4114","input_of"
"38025","107","5235","input_of"
"38026","107","5240","input_of"
"38027","107","5243","input_of"
"38028","107","5237","input_of"
"38029","107","4011","input_of"
"38030","107","4259","input_of"
"38031","107","5244","input_of"
"38032","107","5239","input_of"
"38033","107","5241","input_of"
"38034","107","5282","input_of"
"38035","107","4072","input_of"
"38036","107","4197","input_of"
"38037","107","4768","input_of"
"38038","108","4154","input_of"
"38039","109","4154","input_of"
"38040","110","4154","input_of"
"38041","111","4154","input_of"
"38042","112","4249","input_of"
"38043","112","4776","input_of"
"38044","112","4397","input_of"
"38045","112","4775","input_of"
"38046","112","4486","input_of"
"38047","112","4161","input_of"
"38048","112","5249","input_of"
"38049","112","4726","input_of"
"38050","112","4725","input_of"
"38051","112","4035","input_of"
"38052","112","5250","input_of"
"38053","112","4027","input_of"
"38054","112","4729","input_of"
"38055","112","6227","input_of"
"38056","112","6228","input_of"
"38057","112","6229","input_of"
"38058","112","6226","input_of"
"38059","113","5249","input_of"
"38060","113","4726","input_of"
"38061","113","4725","input_of"
"38062","113","4035","input_of"
"38063","113","5250","input_of"
"38064","113","4027","input_of"
"38065","113","4729","input_of"
"38066","113","4486","input_of"
"38067","113","4161","input_of"
"38068","113","6227","input_of"
"38069","113","6228","input_of"
"38070","113","6229","input_of"
"38071","113","6226","input_of"
"38072","113","4249","input_of"
"38073","113","4776","input_of"
"38074","113","4397","input_of"
"38075","113","4775","input_of"
"38076","114","4777","input_of"
"38077","114","4781","input_of"
"38078","114","4080","input_of"
"38079","114","4780","input_of"
"38080","114","4274","input_of"
"38081","114","4089","input_of"
"38082","114","4778","input_of"
"38083","114","4782","input_of"
"38084","114","4091","input_of"
"38085","114","4785","input_of"
"38086","114","4784","input_of"
"38087","114","4783","input_of"
"38088","114","4779","input_of"
"38089","114","4082","input_of"
"38090","114","4394","input_of"
"38091","114","5251","input_of"
"38092","114","4076","input_of"
"38093","114","4074","input_of"
"38094","114","4049","input_of"
"38095","114","4068","input_of"
"38096","114","4305","input_of"
"38097","114","6231","input_of"
"38098","114","6230","input_of"
"38099","114","4250","input_of"
"38100","114","5708","input_of"
"38101","114","5709","input_of"
"38102","114","5707","input_of"
"38103","114","5712","input_of"
"38104","114","5713","input_of"
"38105","114","5711","input_of"
"38106","114","5710","input_of"
"38107","114","5632","input_of"
"38108","115","4394","input_of"
"38109","115","5251","input_of"
"38110","115","4076","input_of"
"38111","115","4074","input_of"
"38112","115","4049","input_of"
"38113","115","4068","input_of"
"38114","115","5708","input_of"
"38115","115","5709","input_of"
"38116","115","5707","input_of"
"38117","115","5712","input_of"
"38118","115","5713","input_of"
"38119","115","5711","input_of"
"38120","115","5710","input_of"
"38121","115","5632","input_of"
"38122","115","4250","input_of"
"38123","115","4777","input_of"
"38124","115","4781","input_of"
"38125","115","4080","input_of"
"38126","115","4780","input_of"
"38127","115","4274","input_of"
"38128","115","4089","input_of"
"38129","115","4778","input_of"
"38130","115","4782","input_of"
"38131","115","4091","input_of"
"38132","115","4785","input_of"
"38133","115","4784","input_of"
"38134","115","4783","input_of"
"38135","115","4779","input_of"
"38136","115","4082","input_of"
"38137","115","4305","input_of"
"38138","115","6231","input_of"
"38139","115","6230","input_of"
"38140","116","4250","input_of"
"38141","116","4394","input_of"
"38142","116","5251","input_of"
"38143","116","4076","input_of"
"38144","116","4074","input_of"
"38145","116","4049","input_of"
"38146","116","4068","input_of"
"38147","116","4305","input_of"
"38148","116","6231","input_of"
"38149","116","6230","input_of"
"38150","116","4777","input_of"
"38151","116","4781","input_of"
"38152","116","4080","input_of"
"38153","116","4780","input_of"
"38154","116","4274","input_of"
"38155","116","4089","input_of"
"38156","116","4778","input_of"
"38157","116","4782","input_of"
"38158","116","4091","input_of"
"38159","116","4785","input_of"
"38160","116","4784","input_of"
"38161","116","4783","input_of"
"38162","116","4779","input_of"
"38163","116","4082","input_of"
"38164","116","5708","input_of"
"38165","116","5709","input_of"
"38166","116","5707","input_of"
"38167","116","5712","input_of"
"38168","116","5713","input_of"
"38169","116","5711","input_of"
"38170","116","5710","input_of"
"38171","116","5632","input_of"
"38172","117","4020","input_of"
"38173","117","4732","input_of"
"38174","117","4074","input_of"
"38175","117","4019","input_of"
"38176","117","4022","input_of"
"38177","117","4251","input_of"
"38180","118","4020","input_of"