FID,SOIL_CLASS,Elevation_Class,Slope_Class,DUANCENG_CLASS,WATER_CLASS,ROAD_CLASS,ROUGH_Class,NDVI_Class,PINGQU_Class,POQU_Class,PGV_Class,ASPECT_DIR,yanxinclass,label
0,1,4,4,9,5,5,4,4,3,3,1,3,13,0
1,1,4,4,9,5,6,2,3,3,3,1,4,13,0
2,1,4,3,10,6,6,1,5,3,4,1,5,13,0
3,1,5,4,8,5,6,2,3,3,3,1,5,13,0
4,1,4,3,10,5,5,2,4,3,3,1,3,13,0
5,1,4,4,10,5,5,2,4,4,3,1,4,13,0
6,1,5,4,7,4,6,4,3,3,3,1,3,13,0
7,1,4,5,9,4,5,3,4,3,4,1,5,13,0
8,1,4,4,7,3,5,4,3,3,3,1,4,13,0
9,1,5,4,7,4,6,1,3,3,3,1,3,13,0
10,1,4,3,10,4,4,2,5,3,3,1,1,13,0
11,1,4,4,8,4,4,1,4,3,3,1,4,13,0
12,1,4,4,8,3,5,3,4,2,4,1,3,13,0
13,1,4,4,8,4,4,2,3,3,4,1,4,13,0
14,1,5,4,6,3,6,4,3,3,4,1,1,10,0
15,1,4,4,8,3,4,2,4,3,3,1,4,13,0
16,1,4,4,10,4,5,2,5,2,3,1,2,13,0
17,1,4,4,11,4,4,2,5,3,2,1,2,13,0
18,1,5,4,6,3,6,3,3,3,3,1,4,13,0
19,1,4,4,10,3,4,2,5,3,4,1,2,13,0
20,1,4,4,7,3,5,3,4,2,3,1,5,13,0
21,1,4,3,9,4,4,1,5,4,4,1,4,13,0
22,1,4,4,6,2,6,4,4,3,3,1,3,13,0
23,1,4,4,10,4,4,2,5,2,3,1,3,13,0
24,1,4,4,8,3,4,2,6,2,4,1,3,13,0
25,1,3,3,8,3,3,1,5,3,3,1,4,13,0
26,1,3,3,9,2,2,1,5,3,4,1,2,13,0
27,1,3,2,9,3,3,1,5,2,4,1,3,13,0
28,1,3,4,8,3,4,1,6,4,4,1,4,13,0
29,1,3,3,11,4,3,1,5,3,3,1,3,13,0
30,1,4,4,7,2,4,3,5,3,3,1,5,13,0
31,1,3,2,9,2,2,1,4,3,4,1,3,13,0
32,1,4,4,6,2,5,3,5,3,3,1,4,13,0
33,1,4,4,6,2,5,3,4,3,3,1,3,13,0
34,1,4,4,10,3,3,3,6,3,3,1,1,13,0
35,1,3,4,17,2,1,1,5,4,4,1,1,9,0
36,1,2,4,16,1,1,2,4,3,3,1,3,13,0
37,1,4,4,11,3,3,2,5,2,3,1,3,13,0
38,1,3,4,10,2,2,2,5,3,3,1,2,13,0
39,1,3,3,10,2,2,1,5,3,3,1,3,13,0
40,1,3,4,12,3,3,1,6,3,3,1,5,13,0
41,1,3,4,11,3,3,1,6,3,3,1,4,13,0
42,1,3,4,10,3,2,3,6,3,4,1,2,13,0
43,1,4,4,5,1,5,4,4,2,2,1,3,13,0
44,1,3,4,8,2,3,1,6,3,4,1,5,13,0
45,1,4,4,6,1,4,4,6,4,3,1,3,13,0
46,1,4,4,5,1,5,2,4,3,3,1,3,13,0
47,1,3,3,7,1,3,1,6,2,4,1,4,13,0
48,1,3,4,13,1,2,1,5,3,4,1,6,13,0
49,1,4,4,6,1,5,3,4,3,3,1,5,13,0
50,1,3,4,17,2,2,2,6,3,3,1,3,9,0
51,1,2,3,17,1,1,1,4,4,3,1,3,13,0
52,1,2,4,14,1,2,1,4,3,4,1,4,13,0
53,1,2,3,15,1,1,1,3,3,5,1,3,9,0
54,1,2,3,16,1,1,2,3,4,5,1,3,9,0
55,1,3,4,6,1,4,3,5,3,4,1,5,13,0
56,1,3,5,17,3,2,2,5,3,3,1,3,9,0
57,1,2,4,17,1,1,3,5,3,4,1,1,13,0
58,1,2,4,16,1,1,2,5,2,4,1,1,13,0
59,1,2,4,15,1,1,3,3,4,3,1,3,9,0
60,1,3,4,12,2,3,1,6,2,3,1,3,13,0
61,1,4,4,11,3,3,3,6,2,4,1,2,13,0
62,1,3,1,9,1,1,1,3,3,3,1,3,13,0
63,1,3,5,17,3,2,3,5,3,3,1,2,9,0
64,1,3,4,16,2,3,4,6,2,2,1,2,9,0
65,1,3,4,8,1,3,1,6,3,4,1,3,13,0
66,1,3,3,9,1,2,1,4,3,4,1,5,13,0
67,1,4,4,11,3,3,1,6,4,3,1,2,13,0
68,1,4,4,7,1,3,2,6,4,4,1,3,13,0
69,1,3,3,11,3,2,1,6,2,3,1,3,13,0
70,1,3,4,8,1,2,1,6,4,3,1,3,13,0
71,1,3,4,12,3,3,2,6,2,3,1,5,13,0
72,1,3,3,6,1,4,3,6,2,5,1,4,13,0
73,1,4,4,5,1,5,2,5,2,3,1,3,13,0
74,1,2,4,16,1,1,1,4,4,4,1,8,9,0
75,1,3,2,8,1,2,1,3,4,4,1,4,13,0
76,1,4,4,5,1,4,3,6,2,3,1,5,13,0
77,1,3,4,11,3,2,3,6,3,3,1,2,13,0
78,1,4,4,6,1,4,2,6,4,4,1,5,13,0
79,1,2,4,13,1,2,1,4,2,4,1,4,13,0
80,1,2,4,13,2,2,1,5,3,3,1,5,13,0
81,2,3,3,7,1,3,2,6,4,4,1,5,13,0
82,1,2,4,15,1,1,1,4,4,4,1,8,9,0
83,1,3,4,12,2,2,1,6,4,3,1,4,13,0
84,2,3,3,7,1,3,2,5,3,3,1,5,13,0
85,1,2,4,16,1,1,3,4,4,5,1,6,9,0
86,1,2,4,15,1,1,1,5,3,4,1,8,13,0
87,1,3,1,8,1,1,1,4,3,3,1,4,13,0
88,1,2,2,14,1,1,1,3,4,5,1,1,13,0
89,1,3,4,17,2,2,2,6,3,3,1,2,9,0
90,1,3,5,16,2,2,2,6,3,4,1,6,9,0
91,1,3,5,16,2,2,2,6,4,5,1,6,9,0
92,1,3,3,9,1,1,2,4,4,4,1,2,13,0
93,1,3,2,9,1,1,1,4,3,4,1,4,13,0
94,1,4,4,6,1,4,2,6,2,4,1,8,13,0
95,1,3,4,12,2,3,1,4,2,3,1,5,13,0
96,1,3,4,16,3,3,2,6,2,3,1,3,13,0
97,1,3,4,12,2,2,2,4,3,4,1,5,13,0
98,1,3,4,16,2,2,2,6,3,3,1,5,13,0
99,1,4,4,15,4,4,3,6,3,3,1,2,13,0
100,1,3,4,16,4,3,3,5,3,3,1,2,13,0
101,1,4,4,5,1,5,2,5,4,3,1,4,13,0
102,1,3,4,16,3,3,2,5,2,3,1,1,13,0
103,1,3,2,10,2,1,1,4,3,3,1,3,13,0
104,1,4,4,5,2,4,3,5,3,3,1,4,13,0
105,1,4,4,6,2,4,2,6,2,2,1,4,13,0
106,1,3,5,17,3,2,5,5,3,5,1,1,9,0
107,2,3,4,7,1,2,2,5,4,4,1,5,13,0
108,1,4,4,5,2,4,3,5,4,3,1,4,13,0
109,1,4,4,5,2,4,2,6,2,3,1,4,13,0
110,1,3,4,16,3,2,1,6,3,2,1,6,13,0
111,1,2,3,14,1,1,1,4,3,3,1,4,13,0
112,2,3,2,8,1,2,1,5,3,4,1,5,13,0
113,1,2,2,14,1,1,1,3,3,4,1,1,13,0
114,2,3,4,7,2,2,2,6,2,4,1,5,13,0
115,1,3,4,15,2,1,1,5,3,4,1,8,13,0
116,2,3,4,7,1,3,3,5,3,4,1,3,13,0
117,1,3,1,9,1,1,1,3,3,3,1,3,13,0
118,1,3,1,9,1,1,1,4,3,3,1,4,13,0
119,1,3,2,9,1,1,1,3,3,3,1,2,13,0
120,2,4,5,7,2,3,3,5,3,3,1,5,13,0
121,1,3,4,12,2,3,2,4,3,3,1,5,13,0
122,1,3,2,10,1,1,1,3,3,4,1,2,13,0
123,2,3,4,7,2,2,2,5,4,3,1,5,13,0
124,2,3,4,7,2,2,2,6,2,4,1,4,13,0
125,1,2,5,17,3,2,5,5,3,5,1,6,9,0
126,1,4,4,5,2,4,3,5,2,3,1,4,13,0
127,1,3,5,16,4,3,3,6,3,4,1,2,13,0
128,1,3,3,10,1,1,2,3,3,3,1,4,13,0
129,1,3,4,11,2,2,2,5,2,3,1,5,13,0
130,1,2,4,12,1,2,2,4,3,4,1,5,13,0
131,1,3,3,11,2,2,2,5,3,3,1,2,13,0
132,1,3,5,16,4,3,3,6,2,3,1,1,13,0
133,1,3,5,16,3,3,2,6,3,2,1,6,13,0
134,1,4,4,6,2,3,2,6,4,2,1,1,13,0
135,1,3,4,15,2,2,1,6,4,4,1,8,13,0
136,1,3,3,10,1,1,1,4,2,2,1,3,13,0
137,1,2,4,12,1,2,2,3,4,4,1,5,13,0
138,2,3,3,8,1,1,1,5,3,4,1,5,13,0
139,1,4,4,14,4,5,2,6,3,3,1,4,13,0
140,1,3,4,15,4,4,3,6,3,3,1,2,13,0
141,1,3,4,15,2,2,1,5,3,4,1,2,13,0
142,2,4,4,6,2,3,1,6,4,3,1,5,13,0
143,2,4,4,6,2,3,2,6,2,2,1,6,13,0
144,1,3,4,15,3,3,1,6,3,3,1,2,13,0
145,1,2,4,12,1,2,1,3,3,4,1,5,13,0
146,1,3,4,11,2,2,2,6,3,3,1,2,13,0
147,1,3,5,10,1,1,3,4,4,4,1,3,13,0
148,2,3,1,9,1,1,1,4,3,4,1,3,13,0
149,1,2,3,13,1,1,2,4,3,4,1,1,13,0
150,1,4,4,4,3,5,3,4,2,2,1,3,10,0
151,1,2,4,12,1,2,2,4,3,4,1,5,13,0
152,1,3,4,10,1,2,4,4,3,4,1,2,13,0
153,1,3,1,9,2,1,1,3,3,4,1,2,13,0
154,1,3,4,11,1,2,1,4,4,3,1,3,13,0
155,1,4,4,6,3,4,3,4,3,2,1,4,13,0
156,1,3,5,17,3,3,3,6,4,4,1,6,13,0
157,1,2,4,14,1,2,3,4,4,4,1,2,13,0
158,1,2,3,13,1,2,2,2,4,5,1,4,13,0
159,1,3,3,9,1,1,2,4,3,3,1,4,13,0
160,2,4,4,7,2,2,3,6,3,3,1,6,13,0
161,1,2,4,12,1,2,1,4,4,4,1,4,13,0
162,2,4,4,6,3,3,1,5,2,3,1,4,13,0
163,2,4,4,6,3,3,1,5,2,3,1,3,13,0
164,2,3,3,8,2,1,1,5,3,4,1,5,13,0
165,2,3,4,8,1,1,1,5,4,4,1,5,13,0
166,2,3,4,7,2,2,1,6,3,3,1,3,13,0
167,2,3,4,8,2,1,2,6,2,4,1,6,13,0
168,1,2,3,14,2,2,2,4,3,4,1,8,13,0
169,1,2,4,12,1,2,1,2,4,4,1,4,13,0
170,2,3,3,9,2,1,2,4,4,4,1,2,13,0
171,2,4,4,5,3,4,1,5,2,3,1,5,13,0
172,2,4,4,5,3,4,2,5,4,4,1,4,13,0
173,1,4,4,4,3,5,2,4,3,2,1,3,10,0
174,1,4,4,14,5,5,3,6,3,3,1,2,13,0
175,1,4,4,15,5,4,3,6,2,3,1,1,13,0
176,1,3,4,14,2,2,3,4,3,4,1,3,13,0
177,1,2,4,12,1,2,2,3,4,4,1,4,13,0
178,2,3,4,7,2,1,2,5,4,4,1,3,13,0
179,1,2,4,14,2,3,1,4,3,4,1,1,13,0
180,1,3,5,16,4,4,4,6,2,3,1,5,13,0
181,1,4,4,14,5,5,5,6,4,3,1,2,13,0
182,1,2,3,13,2,3,1,3,3,3,1,3,13,0
183,1,2,5,11,1,1,4,3,4,4,1,3,13,0
184,1,3,4,15,5,4,3,5,4,4,1,1,13,0
185,1,3,4,15,5,5,3,6,3,3,1,6,13,0
186,1,3,5,15,5,4,5,6,4,5,1,6,13,0
187,2,4,4,6,3,2,2,5,4,3,1,5,13,0
188,1,2,3,13,1,2,1,3,4,4,1,1,13,0
189,1,4,4,4,4,4,2,5,3,3,1,4,10,0
190,2,3,3,8,2,1,2,4,4,3,1,5,13,0
191,1,3,4,16,4,4,2,6,2,3,1,1,13,0
192,1,3,4,15,3,3,2,6,3,3,1,6,13,0
193,1,2,4,10,1,1,3,4,3,4,1,5,13,0
194,2,3,4,9,1,1,2,5,2,4,1,4,13,0
195,1,4,5,14,5,5,4,6,4,3,1,2,13,0
196,1,4,4,13,5,6,5,5,3,3,1,2,13,0
197,1,3,3,10,1,1,1,4,4,4,1,1,13,0
198,2,3,5,6,3,2,4,6,3,4,1,4,13,0
199,2,3,4,7,3,2,4,6,3,4,1,4,13,0
200,1,4,5,12,6,7,5,4,2,3,1,2,13,0
201,1,3,5,15,5,5,3,6,3,4,1,2,13,0
202,1,2,4,11,1,1,3,3,4,4,1,3,13,0
203,2,4,4,5,4,4,2,5,3,3,1,5,13,0
204,2,3,4,8,2,1,2,5,3,3,1,5,13,0
205,2,3,3,7,2,1,4,4,2,5,1,6,13,0
206,2,3,4,9,2,1,3,6,3,3,1,5,13,0
207,2,3,4,8,3,1,2,5,3,3,1,4,13,0
208,2,3,4,8,2,1,2,5,2,4,1,1,13,0
209,1,5,4,11,7,8,4,3,3,3,1,1,13,0
210,1,4,5,12,6,7,5,4,4,3,1,2,13,0
211,1,4,4,12,7,7,3,4,2,3,1,2,13,0
212,1,3,3,14,2,3,1,4,2,3,1,1,13,0
213,2,3,4,6,4,2,1,6,3,3,1,5,13,0
214,2,4,4,6,4,3,3,6,2,4,1,3,13,0
215,1,4,4,5,4,4,2,5,3,4,1,3,13,0
216,1,3,4,15,4,4,2,5,3,3,1,5,13,0
217,1,3,5,15,6,5,3,6,3,4,1,5,13,0
218,1,4,3,14,6,7,3,6,3,4,1,1,13,0
219,1,2,3,13,1,3,2,3,4,4,1,1,13,0
220,1,2,2,12,1,2,1,2,4,5,1,3,13,0
221,2,3,4,7,4,2,2,6,3,3,1,5,13,0
222,1,3,5,14,6,5,3,6,2,4,1,1,13,0
223,1,2,4,11,1,1,2,3,3,4,1,5,13,0
224,1,4,5,13,6,6,4,6,3,4,1,1,13,0
225,1,3,5,15,4,5,3,5,2,3,1,2,13,0
226,1,4,4,13,6,7,4,5,4,2,1,3,13,0
227,1,2,3,12,1,2,1,3,3,4,1,1,13,0
228,1,2,4,13,2,3,2,4,3,4,1,1,13,0
229,1,2,1,12,1,1,1,1,4,5,1,3,13,0
230,1,3,4,14,2,3,3,4,3,3,1,3,13,0
231,1,2,3,13,1,2,2,3,4,4,1,2,13,0
232,1,2,5,13,2,3,4,3,4,4,1,3,13,0
233,1,5,4,11,6,8,4,3,4,3,1,3,13,0
234,1,3,4,14,6,6,2,6,3,3,1,5,13,0
235,1,3,3,10,1,1,1,4,2,3,1,4,13,0
236,1,4,5,13,7,6,4,5,4,4,1,2,13,0
237,2,4,4,5,5,4,2,6,3,3,1,4,13,0
238,1,4,5,13,6,6,4,6,4,4,1,2,13,0
239,1,2,2,12,1,2,1,4,3,4,1,1,13,0
240,1,2,3,11,1,1,2,3,4,4,1,5,13,0
241,2,3,4,9,2,1,2,5,3,3,1,5,13,0
242,2,4,4,4,5,4,1,6,2,3,1,6,13,0
243,1,4,4,3,5,5,3,5,3,3,1,3,13,0
244,1,4,4,4,5,5,1,6,2,3,1,6,13,0
245,1,5,4,11,7,8,4,3,3,3,1,3,13,0
246,1,2,5,10,1,1,3,3,4,3,1,3,13,0
247,1,2,5,10,2,1,3,4,2,2,1,4,13,0
248,1,4,4,13,6,7,2,6,3,3,1,6,13,0
249,2,3,4,8,3,2,1,6,3,2,1,4,13,0
250,1,5,4,10,7,9,3,2,4,3,1,3,13,0
251,1,3,4,14,3,4,2,4,3,4,1,3,13,0
252,2,3,4,9,2,1,2,5,3,3,1,4,13,0
253,2,3,4,8,2,1,2,4,3,3,1,3,13,0
254,1,2,4,9,1,1,2,4,3,4,1,4,13,0
255,2,3,3,8,2,1,5,6,5,2,1,5,13,0
256,1,5,5,10,7,9,5,3,1,1,1,7,13,0
257,1,5,5,11,6,8,5,3,2,3,1,2,13,0
258,1,2,3,12,1,2,2,4,2,4,1,2,13,0
259,1,2,4,10,1,1,3,2,4,5,1,4,13,0
260,1,2,2,11,1,1,1,4,3,4,1,1,13,0
261,1,4,4,2,6,6,2,6,3,4,1,2,13,0
262,1,2,3,11,1,1,1,3,4,4,1,4,13,0
263,2,3,4,7,3,1,2,6,2,3,1,6,13,0
264,2,3,4,7,3,2,2,5,2,4,1,3,13,0
265,2,3,4,7,4,3,2,6,3,2,1,4,13,0
266,2,3,5,7,3,2,2,5,4,4,1,4,13,0
267,1,5,5,11,7,8,5,3,3,3,1,2,13,0
268,1,4,4,4,6,5,2,4,2,2,1,3,13,0
269,1,4,4,3,6,6,3,5,3,3,1,1,13,0
270,1,4,4,3,6,5,1,4,3,2,1,3,13,0
271,1,5,4,9,6,10,3,3,2,3,1,2,13,0
272,1,4,5,13,6,7,3,5,2,5,1,2,13,0
273,2,3,4,8,2,2,2,5,3,3,1,4,13,0
274,2,4,4,6,4,3,4,5,2,4,1,4,13,0
275,2,4,4,5,5,4,3,6,3,2,1,5,13,0
276,1,5,4,10,6,9,3,4,2,3,1,2,13,0
277,1,4,4,11,6,8,5,5,3,3,1,3,13,0
278,1,4,4,12,6,8,3,4,4,3,1,1,13,0
279,1,5,4,8,7,11,4,2,3,4,1,2,13,0
280,2,4,4,4,6,4,3,4,3,2,1,3,13,0
281,1,4,4,10,6,9,2,4,3,3,1,3,13,0
282,2,4,4,4,6,5,2,5,3,3,1,5,13,0
283,1,4,4,3,6,6,2,5,4,3,1,3,13,0
284,1,4,4,12,6,7,3,6,2,5,1,2,13,0
285,1,2,4,13,2,3,2,4,3,3,1,1,13,0
286,1,2,4,11,1,1,2,4,4,4,1,8,13,0
287,1,4,4,11,6,9,4,4,3,4,1,1,13,0
288,1,4,5,12,6,8,5,4,4,3,1,2,13,0
289,2,4,4,5,5,3,3,6,3,3,1,5,13,0
290,1,4,4,12,5,8,3,6,3,4,1,4,13,0
291,1,5,4,7,7,10,4,2,3,3,1,2,13,0
292,1,2,4,10,1,1,2,4,4,4,1,8,13,0
293,1,2,3,10,1,1,2,3,4,5,1,1,13,0
294,2,4,4,3,6,5,3,5,2,3,1,1,13,0
295,1,5,4,9,6,10,4,3,4,3,1,3,13,0
296,1,3,4,14,4,5,2,5,3,3,1,3,13,0
297,1,3,4,14,4,4,1,5,4,3,1,5,13,0
298,1,3,4,13,4,4,1,5,2,3,1,1,13,0
299,1,3,4,13,3,3,1,5,4,3,1,1,13,0
300,1,4,4,2,7,7,3,6,3,4,1,3,13,0
301,1,5,4,9,5,10,2,3,3,4,1,3,13,0
302,1,2,3,11,1,2,1,4,3,4,1,5,13,0
303,1,2,4,12,3,3,2,5,3,4,1,8,13,0
304,1,5,4,12,4,9,3,5,2,3,1,5,13,0
305,1,4,5,12,5,8,4,6,3,5,1,2,13,0
306,2,3,5,6,4,3,3,5,2,4,1,5,13,0
307,2,3,4,5,4,4,3,5,2,3,1,5,13,0
308,2,4,4,5,5,4,3,6,3,4,1,3,13,0
309,2,3,4,6,3,3,3,6,3,3,1,3,13,0
310,2,2,4,9,1,1,2,3,3,3,1,4,13,0
311,1,4,4,11,5,8,1,6,3,4,1,6,13,0
312,1,4,3,14,6,7,1,6,3,4,1,5,13,0
313,1,4,4,15,6,6,2,6,3,4,1,1,13,0
314,2,3,5,7,3,3,2,5,2,3,1,2,13,0
315,2,4,4,4,5,4,2,6,3,4,1,3,13,0
316,1,2,3,12,2,3,2,5,3,4,1,1,13,0
317,2,3,5,6,4,3,3,5,4,3,1,5,13,0
318,1,2,4,11,2,2,1,5,3,3,1,5,13,0
319,1,3,4,11,3,3,3,5,3,4,1,1,13,0
320,1,2,4,12,3,3,2,4,4,5,1,6,13,0
321,1,2,4,10,1,1,2,4,4,3,1,1,13,0
322,1,2,4,10,1,1,2,4,2,3,1,1,13,0
323,2,2,4,8,2,1,3,3,4,4,1,3,13,0
324,2,3,4,8,2,2,1,5,4,3,1,5,13,0
325,1,5,4,9,6,10,3,3,3,3,1,2,13,0
326,1,2,4,12,3,3,3,5,3,4,1,1,13,0
327,1,4,4,11,5,9,3,6,3,4,1,2,13,0
328,2,3,5,7,3,2,3,5,2,4,1,6,13,0
329,2,3,4,6,3,3,2,5,3,3,1,5,13,0
330,1,3,4,13,4,4,2,5,3,3,1,2,13,0
331,2,2,3,9,1,1,2,2,4,4,1,4,13,0
332,1,3,4,12,3,3,1,5,4,3,1,2,13,0
333,1,3,4,14,5,5,1,6,3,3,1,5,13,0
334,1,3,3,13,4,4,2,5,3,3,1,1,13,0
335,1,2,4,10,1,1,2,5,2,3,1,8,13,0
336,1,4,4,11,4,9,3,4,3,3,1,6,13,0
337,1,4,4,3,7,6,5,6,3,4,1,1,13,0
338,1,3,4,13,4,4,3,5,2,4,1,2,13,0
339,1,4,4,2,7,7,4,6,4,3,1,3,13,0
340,1,4,4,14,6,7,3,6,2,3,1,1,13,0
341,1,4,4,15,6,6,3,6,3,3,1,6,13,0
342,1,4,4,14,6,7,3,6,3,4,1,1,13,0
343,2,4,4,4,5,5,2,5,2,3,1,6,13,0
344,1,4,4,2,7,6,3,5,4,3,1,3,13,0
345,2,3,4,7,2,2,1,5,3,3,1,5,13,0
346,2,4,4,3,6,6,3,6,3,3,1,1,13,0
347,2,3,4,5,4,4,3,6,2,4,1,5,13,0
348,2,4,4,4,6,6,3,6,2,3,1,4,13,0
349,1,4,4,1,7,8,2,6,3,3,1,3,13,0
350,1,3,3,1,8,8,2,6,3,4,1,4,13,0
351,1,4,4,9,5,10,2,5,3,4,1,2,13,0
352,1,3,4,12,4,4,2,6,4,4,1,1,13,0
353,1,3,4,12,4,4,2,5,2,5,1,2,9,0
354,1,4,4,11,4,9,4,6,4,4,1,5,13,0
355,1,2,4,9,1,1,3,3,4,4,1,1,13,0
356,1,5,4,10,6,10,3,3,4,3,1,3,13,0
357,1,4,4,12,5,8,3,6,4,3,1,6,13,0
358,1,2,4,10,2,1,2,3,3,4,1,1,13,0
359,1,4,4,10,4,10,4,5,3,4,1,4,13,0
360,1,5,4,12,4,9,4,4,4,4,1,1,13,0
361,1,3,4,11,2,2,1,5,2,3,1,6,13,0
362,1,4,4,12,4,9,3,4,3,4,1,2,13,0
363,1,3,4,11,4,3,3,5,3,3,1,6,9,0
364,1,6,5,7,7,10,3,2,3,3,1,2,13,0
365,1,6,5,7,7,10,4,2,4,4,1,2,13,0
366,1,4,4,15,6,7,2,6,3,3,1,1,13,0
367,1,4,4,14,5,7,2,6,2,3,1,1,13,0
368,1,3,4,13,5,5,2,6,4,3,1,1,13,0
369,2,2,4,8,2,2,2,4,3,4,1,6,13,0
370,2,3,4,6,3,3,2,5,4,2,1,2,13,0
371,2,2,4,7,2,3,2,4,4,4,1,3,13,0
372,1,3,4,2,7,7,5,6,3,4,1,2,13,0
373,1,5,5,11,3,10,4,5,3,3,1,5,13,0
374,1,3,4,14,5,5,1,5,3,3,1,1,13,0
375,1,3,3,1,8,8,2,6,3,3,1,4,6,0
376,1,4,4,14,5,6,2,6,3,3,1,1,13,0
377,2,3,4,2,7,7,4,6,2,4,1,1,13,0
378,1,5,4,12,4,9,3,4,2,3,1,2,13,0
379,2,2,3,9,1,1,2,2,4,5,1,4,13,0
380,2,2,3,8,1,1,1,2,4,4,1,4,13,0
381,2,2,4,7,1,2,1,3,3,4,1,4,13,0
382,2,4,4,3,6,6,4,6,3,3,1,3,13,0
383,2,3,5,3,6,6,3,6,3,4,1,2,13,0
384,1,4,4,10,3,10,5,5,4,4,1,6,13,0
385,1,5,5,10,3,11,4,4,4,4,1,3,13,0
386,1,3,5,13,5,5,2,6,3,3,1,5,13,0
387,1,3,4,13,5,5,2,5,3,3,1,3,13,0
388,1,4,4,9,4,10,2,5,3,4,1,5,13,0
389,2,3,4,5,4,4,2,5,3,3,1,4,13,0
390,2,4,4,4,5,6,4,5,2,3,1,2,13,0
391,1,5,4,8,5,11,3,2,2,3,1,1,13,0
392,1,2,4,10,1,1,2,5,3,3,1,1,13,0
393,2,3,4,4,4,5,3,5,3,3,1,5,13,0
394,1,3,4,10,2,1,2,5,3,3,1,1,13,0
395,1,5,5,10,2,11,5,3,2,4,1,3,13,0
396,1,5,4,8,5,11,3,3,2,3,1,1,13,0
397,1,5,5,9,3,11,3,4,3,4,1,3,13,0
398,1,6,5,6,6,10,4,1,4,2,1,3,13,0
399,1,4,4,8,4,11,2,4,4,4,1,5,13,0
400,1,2,3,9,2,1,2,4,3,3,1,1,13,0
401,1,2,3,9,1,1,1,3,3,4,1,1,13,0
402,2,2,3,8,1,2,1,2,4,4,1,4,13,0
403,1,5,5,7,5,10,5,3,3,4,1,1,13,0
404,1,4,4,8,5,11,2,5,3,4,1,1,13,0
405,2,3,4,6,3,4,2,6,2,4,1,6,13,0
406,1,5,5,11,3,10,4,4,4,3,1,5,13,0
407,2,3,4,5,3,4,2,6,2,3,1,6,13,0
408,2,3,4,5,4,5,1,5,3,3,1,5,13,0
409,1,5,5,11,3,10,4,3,2,2,1,1,13,0
410,2,4,4,4,5,6,4,6,2,3,1,1,13,0
411,1,5,4,13,4,8,4,4,2,3,1,1,13,0
412,1,4,5,13,4,8,3,5,3,4,1,4,13,0
413,1,4,5,14,5,7,3,6,3,4,1,4,13,0
414,2,3,4,3,6,7,3,6,3,3,1,4,13,0
415,1,5,5,7,5,10,5,2,4,2,1,2,13,0
416,1,4,4,13,4,8,5,3,2,5,1,2,13,0
417,1,3,4,11,3,3,1,5,3,3,1,4,13,0
418,1,4,4,14,6,6,2,6,2,3,1,8,13,0
419,2,2,4,7,1,3,3,4,3,4,1,5,13,0
420,2,3,4,6,2,3,2,6,3,3,1,6,13,0
421,2,3,5,2,6,6,4,6,3,3,1,2,10,0
422,1,5,4,8,4,10,3,3,2,4,1,8,13,0
423,1,4,4,13,6,6,2,6,3,3,1,2,13,0
424,2,2,3,8,1,1,3,3,4,5,1,1,13,0
425,2,2,3,7,1,2,1,3,3,4,1,5,13,0
426,1,4,5,6,6,9,1,1,1,6,1,4,13,0
427,1,5,5,7,5,10,5,2,2,4,1,2,13,0
428,1,6,5,6,6,10,4,2,3,3,1,2,13,0
429,1,3,3,11,3,3,2,5,2,2,1,3,9,0
430,1,3,4,10,3,3,2,5,3,3,1,4,9,0
431,1,3,4,1,7,8,3,6,2,3,1,6,6,0
432,1,3,3,1,8,8,2,6,3,3,1,4,6,0
433,1,3,5,2,6,7,5,6,4,5,1,2,10,0
434,1,3,4,2,7,7,4,6,3,4,1,5,10,0
435,1,4,4,14,5,7,3,5,2,2,1,3,13,0
436,1,2,3,9,2,2,1,4,3,4,1,2,13,0
437,1,4,4,14,5,7,1,6,4,3,1,2,13,0
438,1,2,3,8,1,2,1,3,3,3,1,2,13,0
439,2,2,3,8,1,2,3,2,4,4,1,2,13,0
440,1,5,5,7,5,10,4,3,2,3,1,1,13,0
441,1,4,4,14,5,6,2,6,3,3,1,3,13,0
442,1,3,3,1,8,8,1,5,4,3,1,2,6,0
443,1,2,3,8,1,2,2,4,3,4,1,1,13,0
444,2,3,4,3,5,6,4,6,3,3,1,1,13,0
445,2,3,3,5,4,5,1,6,3,3,1,5,13,0
446,1,4,4,1,8,8,1,1,5,5,1,8,6,0
447,1,3,4,11,4,4,1,5,3,3,1,6,9,0
448,2,3,4,4,4,5,1,6,4,3,1,3,13,0
449,1,6,4,6,5,9,5,2,3,3,1,2,13,0
450,1,4,4,9,4,11,3,5,2,4,1,6,13,0
451,1,5,5,8,4,11,2,3,2,5,1,4,13,0
452,1,3,4,1,7,8,2,6,2,3,1,5,6,0
453,2,3,3,5,4,5,1,6,3,3,1,4,13,0
454,2,3,4,3,4,5,1,6,3,3,1,4,13,0
455,1,3,4,1,7,7,3,6,2,3,1,6,6,0
456,2,3,4,6,2,4,2,5,2,4,1,5,13,0
457,2,3,4,2,5,5,4,6,4,4,1,4,10,0
458,2,2,3,7,1,3,1,4,2,3,1,5,13,0
459,1,5,3,7,4,10,2,2,2,4,1,8,13,0
460,2,2,3,6,2,3,1,5,4,4,1,4,13,0
461,2,2,4,6,2,4,2,4,2,3,1,3,13,0
462,1,5,5,7,4,10,4,2,2,3,1,3,13,0
463,1,5,4,11,3,10,5,3,2,3,1,5,13,0
464,1,5,5,10,2,10,5,2,2,3,1,3,13,0
465,2,3,4,3,5,5,4,6,3,4,1,2,13,0
466,1,5,4,11,3,10,4,2,4,2,1,1,13,0
467,1,3,5,12,5,5,3,5,3,3,1,4,13,0
468,2,2,3,7,1,3,1,3,3,4,1,5,13,0
469,2,3,4,5,3,4,2,5,3,3,1,3,13,0
470,1,3,4,11,4,4,1,5,3,3,1,1,9,0
471,1,5,5,7,4,10,5,2,2,4,1,8,13,0
472,1,5,4,12,3,9,5,2,3,3,1,2,13,0
473,2,2,4,6,2,4,2,4,3,3,1,3,13,0
474,2,3,4,5,3,4,2,5,3,4,1,5,13,0
475,1,3,3,1,7,8,3,6,2,2,1,3,6,0
476,1,5,4,6,5,9,4,1,3,4,1,2,13,0
477,1,6,4,7,5,10,3,1,2,4,1,3,13,0
478,1,5,5,13,4,8,5,4,4,2,1,1,13,0
479,1,4,4,14,4,7,2,5,2,4,1,1,13,0
480,1,3,4,1,6,7,3,5,3,3,1,3,6,0
481,1,5,5,8,3,11,2,2,2,2,1,6,13,0
482,1,5,5,10,2,11,5,3,3,2,1,3,13,0
483,2,3,4,4,4,5,1,6,4,3,1,3,13,0
484,1,3,4,1,6,7,3,6,4,2,1,4,6,0
485,2,2,2,7,1,3,1,3,4,4,1,4,13,0
486,1,5,4,10,2,11,5,4,3,2,1,5,13,0
487,1,5,5,13,4,8,4,3,4,4,1,2,13,0
488,1,5,5,9,3,11,4,2,3,3,1,4,13,0
489,1,5,5,9,2,12,5,2,4,2,1,2,13,0
490,2,3,5,4,3,4,3,5,3,3,1,3,13,0
491,1,5,5,10,2,11,5,3,2,4,1,3,13,0
492,1,3,3,1,7,8,2,5,2,3,1,4,6,0
493,1,5,5,9,1,11,5,3,2,3,1,3,13,0
494,2,2,3,8,1,3,2,2,4,4,1,1,13,0
495,1,5,4,13,3,8,4,4,3,3,1,1,13,0
496,2,3,5,2,6,6,3,6,4,4,1,5,10,0
497,1,3,3,1,7,8,4,1,2,2,1,3,6,0
498,1,6,5,8,3,11,2,2,4,2,1,6,13,0
499,1,5,5,12,3,9,4,2,4,2,1,2,13,0
500,1,4,5,13,6,6,4,6,2,5,1,2,13,0
501,1,3,4,13,5,6,3,6,2,4,1,3,13,0
502,1,6,5,5,5,8,4,1,3,3,1,3,13,0
503,1,5,4,11,2,10,4,3,2,4,1,3,13,0
504,1,5,4,11,2,10,4,3,3,3,1,4,13,0
505,2,2,3,7,1,3,2,3,3,4,1,5,13,0
506,1,4,4,13,4,8,2,5,4,3,1,2,13,0
507,1,4,4,14,5,7,1,6,3,4,1,2,13,0
508,1,3,4,10,4,4,2,5,4,4,1,2,9,0
509,1,3,4,11,4,4,2,5,2,3,1,1,9,0
510,1,5,5,10,1,11,4,3,3,4,1,4,13,0
511,2,3,4,3,4,5,3,6,2,4,1,2,13,0
512,1,6,3,6,5,8,3,1,3,4,1,1,13,0
513,1,4,4,14,5,7,2,6,3,3,1,5,13,0
514,1,4,4,13,5,6,2,6,3,3,1,2,13,0
515,1,5,5,7,4,10,5,1,4,4,1,3,13,0
516,1,5,5,9,2,11,5,2,3,3,1,1,13,0
517,1,3,4,12,5,5,2,4,3,3,1,2,9,0
518,1,6,5,6,4,9,5,1,2,4,1,6,13,0
519,1,6,5,6,4,9,5,1,4,2,1,5,13,0
520,1,5,5,10,1,11,4,3,3,4,1,3,13,0
521,1,6,4,6,4,9,3,1,4,4,1,5,13,0
522,1,4,4,10,1,11,4,5,3,4,1,2,13,0
523,1,6,4,5,5,8,4,1,3,3,1,2,13,0
524,1,5,4,10,1,11,3,3,2,4,1,4,13,0
525,1,2,3,8,2,3,3,3,3,4,1,1,13,0
526,1,3,3,1,8,8,3,5,3,3,1,4,6,0
527,1,3,4,9,2,3,2,5,3,3,1,2,13,0
528,1,3,4,10,4,4,1,5,2,3,1,1,9,0
529,1,5,5,9,2,11,4,2,3,3,1,1,13,0
530,1,6,4,6,4,8,3,3,3,3,1,4,13,0
531,1,6,5,8,3,10,4,1,2,2,1,3,13,0
532,1,5,4,12,3,9,4,3,3,4,1,3,13,0
533,1,4,4,13,4,8,2,6,3,4,1,1,13,0
534,1,5,5,8,2,10,4,2,3,2,1,3,13,0
535,1,6,4,5,4,8,3,2,3,3,1,5,13,0
536,1,5,4,12,2,9,4,3,2,3,1,2,13,0
537,1,4,3,12,3,9,1,3,4,3,1,3,13,0
538,1,4,4,13,4,7,2,6,2,3,1,1,13,0
539,1,4,4,12,3,8,3,4,3,3,1,3,13,0
540,1,4,4,13,4,8,2,5,2,3,1,1,13,0
541,2,2,3,7,1,3,2,3,3,5,1,4,13,0
542,2,2,1,7,1,3,1,2,3,3,1,1,13,0
543,1,2,3,8,2,3,2,3,3,4,1,2,13,0
544,2,2,3,6,1,3,2,2,3,4,1,3,13,0
545,1,3,4,1,6,7,3,6,3,5,1,6,6,0
546,1,5,5,9,2,11,5,3,3,3,1,1,13,0
547,1,3,4,10,4,5,2,5,3,4,1,2,9,0
548,1,3,4,10,4,5,3,5,2,3,1,1,9,0
549,1,3,3,1,7,8,4,5,2,3,1,4,6,0
550,2,2,3,7,1,4,2,2,4,4,1,4,13,0
551,1,3,4,12,5,6,2,5,2,3,1,1,9,0
552,1,3,3,2,7,7,3,5,3,3,1,3,6,0
553,1,4,4,13,5,7,3,6,2,2,1,2,13,0
554,1,3,4,11,4,5,1,4,3,3,1,2,9,0
555,1,2,4,9,2,4,4,4,2,5,1,8,9,0
556,2,3,5,1,6,6,4,6,4,5,1,4,10,0
557,2,3,4,1,6,6,3,6,3,4,1,5,10,0
558,1,3,4,1,6,6,3,5,3,3,1,4,6,0
559,1,3,4,9,3,5,2,6,3,4,1,1,9,0
560,2,3,4,5,3,4,3,4,3,3,1,5,13,0
561,2,3,5,2,5,5,5,6,4,5,1,3,10,0
562,2,2,2,8,1,3,2,1,3,4,1,8,13,0
563,2,3,4,1,6,6,2,6,3,3,1,5,10,0
564,1,5,4,7,1,9,3,3,3,4,1,3,13,0
565,2,2,3,6,2,3,4,3,3,4,1,3,13,0
566,2,2,2,6,1,3,2,2,4,5,1,5,13,0
567,2,2,4,5,2,3,1,3,4,4,1,4,13,0
568,1,3,3,2,7,7,2,5,2,3,1,3,6,0
569,1,5,5,7,2,9,5,2,4,3,1,2,13,0
570,1,6,5,7,3,10,5,1,4,2,1,2,13,0
571,1,3,4,11,4,5,2,5,2,3,1,8,9,0
572,1,3,4,10,4,5,2,5,2,3,1,5,9,0
573,1,3,4,9,3,4,4,6,4,3,1,6,9,0
574,1,2,3,8,2,4,1,4,3,4,1,1,13,0
575,1,6,5,6,3,9,4,1,2,2,1,2,13,0
576,1,3,4,9,2,4,2,6,4,3,1,1,9,0
577,1,6,5,4,5,7,4,2,3,3,1,3,13,0
578,1,4,4,13,4,8,2,6,2,3,1,2,13,0
579,1,5,4,7,3,10,4,3,2,4,1,2,13,0
580,2,3,4,1,5,5,2,6,3,3,1,5,10,0
581,1,4,4,12,3,9,5,4,4,3,1,4,13,0
582,1,4,4,13,4,8,2,5,2,2,1,3,13,0
583,1,4,4,12,5,6,3,6,3,3,1,3,13,0
584,2,2,4,4,2,3,3,4,4,5,1,4,13,0
585,1,5,5,9,1,11,4,4,2,3,1,8,13,0
586,1,3,5,11,4,6,4,5,3,3,1,4,9,0
587,1,3,4,11,4,5,2,5,2,3,1,1,9,0
588,2,3,5,2,5,5,3,6,3,5,1,6,10,0
589,1,4,4,9,1,11,4,4,4,4,1,1,13,0
590,1,5,5,10,1,11,5,3,4,4,1,3,13,0
591,2,2,3,8,1,4,1,5,3,4,1,8,13,0
592,1,2,4,8,2,4,1,6,3,4,1,8,13,0
593,2,2,5,3,4,4,4,5,4,5,1,3,10,0
594,2,3,4,4,3,4,2,4,3,5,1,3,13,0
595,1,4,4,13,4,7,4,6,3,4,1,1,13,0
596,1,4,4,13,4,7,4,6,2,3,1,2,13,0
597,2,2,4,7,1,3,2,4,3,4,1,8,13,0
598,2,2,2,7,1,3,1,2,4,5,1,3,13,0
599,2,3,4,2,5,5,2,6,4,3,1,6,10,0
600,1,4,4,13,4,7,4,6,2,2,1,1,13,0
601,2,2,4,7,1,3,1,5,3,3,1,4,13,0
602,2,2,4,5,1,2,3,2,4,4,1,4,13,0
603,2,2,5,4,2,3,4,5,3,4,1,4,13,0
604,1,5,4,7,2,9,5,3,2,3,1,2,13,0
605,1,5,5,8,1,10,4,3,4,4,1,3,13,0
606,1,4,4,9,1,10,5,4,4,3,1,3,13,0
607,2,2,5,4,3,3,3,6,5,4,1,5,13,0
608,2,3,5,3,3,3,3,6,4,5,1,8,13,0
609,2,3,4,2,4,4,3,6,4,4,1,5,13,0
610,1,4,4,10,1,11,5,5,4,4,1,4,13,0
611,2,3,4,8,2,3,1,5,2,3,1,2,9,0
612,2,3,4,1,5,5,2,6,3,3,1,5,10,0
613,1,5,4,6,3,8,3,2,2,3,1,2,13,0
614,1,5,4,6,3,9,4,2,2,4,1,2,13,0
615,1,4,4,12,3,9,3,4,2,3,1,2,13,0
616,1,5,4,8,1,10,4,4,4,3,1,3,13,0
617,1,4,3,12,2,9,4,4,4,3,1,1,13,0
618,2,3,4,2,4,4,3,6,4,4,1,5,10,0
619,2,3,4,2,4,4,4,6,2,3,1,4,10,0
620,1,4,4,13,3,8,5,5,3,4,1,2,13,0
621,1,3,5,12,4,7,5,6,3,4,1,1,13,0
622,1,4,4,11,1,10,4,6,3,4,1,4,13,0
623,2,2,2,6,1,2,1,3,4,5,1,1,13,0
624,1,4,4,11,2,9,2,5,3,2,1,3,13,0
625,2,2,4,7,1,2,2,5,4,4,1,1,9,0
626,1,2,3,8,2,4,1,6,3,3,1,8,13,0
627,1,4,4,12,3,9,4,6,3,4,1,3,13,0
628,1,4,5,13,4,8,4,6,3,3,1,4,13,0
629,1,4,5,13,4,7,4,6,2,3,1,1,13,0
630,1,4,4,9,1,11,5,5,3,4,1,1,13,0
631,2,2,4,5,1,2,3,3,3,5,1,4,9,0
632,1,4,4,12,3,9,4,6,3,3,1,1,13,0
633,2,2,3,6,1,2,2,3,4,4,1,1,9,0
634,1,3,4,12,3,7,4,6,4,3,1,2,13,0
635,1,4,4,13,3,8,4,6,3,3,1,4,13,0
636,2,2,3,6,1,2,3,3,3,4,1,3,9,0
637,1,3,4,10,4,6,2,5,2,2,1,2,9,0
638,1,3,4,9,3,5,3,5,2,3,1,1,9,0
639,2,3,5,3,3,3,4,6,2,2,1,8,10,0
640,2,2,4,4,1,2,2,4,3,3,1,4,13,0
641,1,4,3,2,7,6,2,5,3,3,1,3,6,0
642,2,4,4,1,6,6,2,5,3,3,1,5,2,0
643,1,4,4,12,3,9,4,6,2,3,1,1,13,0
644,1,3,5,11,3,6,3,6,4,4,1,4,9,0
645,1,3,4,10,3,6,3,5,2,2,1,4,9,0
646,1,3,4,10,3,4,2,5,3,4,1,4,9,0
647,1,4,4,11,2,10,3,6,2,3,1,2,13,0
648,1,3,4,1,6,6,3,6,4,3,1,3,6,0
649,1,6,5,5,3,8,4,2,3,3,1,2,13,0
650,1,4,4,11,2,10,3,6,3,4,1,4,13,0
651,1,3,4,8,3,4,1,6,3,3,1,1,9,0
652,2,3,5,2,4,5,4,6,2,4,1,5,10,0
653,2,3,3,1,5,5,2,6,3,2,1,4,2,0
654,2,3,4,1,6,6,3,6,2,3,1,4,2,0
655,1,4,3,12,2,9,1,6,3,3,1,4,13,0
656,1,6,5,5,4,7,4,1,4,3,1,3,13,0
657,2,2,4,6,1,2,2,4,4,4,1,1,9,0
658,2,3,4,2,4,4,3,6,3,3,1,5,10,0
659,2,2,4,5,1,1,4,3,4,5,1,1,9,0
660,2,2,3,5,1,1,3,3,4,4,1,5,13,0
661,1,4,4,8,1,10,5,4,2,3,1,2,13,0
662,1,4,4,12,2,9,4,6,3,4,1,2,13,0
663,2,3,5,2,3,3,3,6,3,3,1,8,10,0
664,1,3,4,9,3,4,4,5,2,3,1,5,9,0
665,2,3,4,1,6,6,3,6,2,2,1,3,2,0
666,2,3,4,1,5,5,2,6,2,4,1,3,10,0
667,2,3,4,1,5,5,2,6,3,4,1,3,10,0
668,1,3,4,10,3,6,2,5,2,3,1,2,9,0
669,1,3,4,10,3,5,3,6,3,3,1,4,9,0
670,2,2,4,7,1,3,1,6,3,3,1,8,9,0
671,2,3,3,7,2,2,1,5,3,4,1,2,9,0
672,2,3,4,4,2,2,3,6,3,2,1,4,13,0
673,2,2,4,3,2,2,1,5,2,3,1,5,13,0
674,1,5,4,7,1,9,2,3,2,3,1,1,13,0
675,1,5,4,7,2,9,2,2,3,4,1,2,13,0
676,1,3,4,9,3,4,3,5,2,2,1,2,9,0
677,2,3,4,2,4,4,4,6,4,4,1,4,10,0
678,1,5,4,5,3,7,3,3,3,4,1,2,13,0
679,1,3,3,2,6,5,2,5,3,3,1,4,6,0
680,1,3,4,8,3,4,2,5,4,3,1,2,9,0
681,1,5,4,5,3,8,3,3,2,4,1,1,13,0
682,1,4,4,13,3,8,4,6,2,3,1,1,13,0
683,1,4,5,8,1,10,5,5,4,5,1,3,13,0
684,1,3,4,12,2,7,3,6,2,3,1,8,9,0
685,1,3,5,10,3,6,4,6,4,4,1,4,9,0
686,1,3,4,11,3,7,4,6,2,3,1,2,9,0
687,1,3,4,11,2,7,2,5,4,3,1,1,9,0
688,1,5,4,6,2,7,3,3,2,3,1,8,13,0
689,1,4,4,8,1,9,4,4,3,3,1,8,13,0
690,1,4,4,8,1,10,4,4,2,4,1,4,13,0
691,1,4,4,9,1,11,3,5,3,4,1,3,13,0
692,1,4,4,10,1,11,4,6,3,4,1,4,13,0
693,2,2,4,4,1,1,2,4,3,3,1,5,13,0
694,2,3,4,3,2,2,2,6,2,3,1,3,10,0
695,1,3,4,10,3,5,3,6,3,3,1,4,9,0
696,1,3,4,9,3,5,2,5,2,2,1,5,9,0
697,2,2,3,6,2,2,3,4,3,4,1,4,9,0
698,1,4,5,8,1,10,3,4,3,3,1,4,13,0
699,1,4,4,9,1,10,3,6,4,4,1,1,13,0
700,1,3,4,10,1,10,2,6,4,3,1,3,13,0
701,2,2,4,6,1,1,3,3,3,3,1,1,13,0
702,2,2,3,4,1,1,2,3,4,4,1,5,13,0
703,1,6,5,4,4,7,4,2,4,3,1,2,13,0
704,1,5,4,5,3,7,4,3,3,3,1,1,13,0
705,1,4,5,7,1,9,3,1,2,1,1,1,13,0
706,1,5,4,6,2,8,3,3,2,4,1,8,13,0
707,1,4,4,8,1,9,3,4,3,4,1,3,13,0
708,2,3,4,1,4,4,2,6,3,4,1,8,10,0
709,2,3,4,1,5,5,4,6,3,4,1,4,10,0
710,1,5,4,5,3,7,4,1,3,3,1,1,13,0
711,1,4,4,9,1,10,3,5,4,3,1,1,13,0
712,1,3,4,8,3,3,3,5,2,4,1,8,9,0
713,1,3,4,9,2,4,1,5,3,2,1,3,9,0
714,1,3,4,8,3,3,2,5,4,3,1,2,9,0
715,1,3,4,8,3,3,3,5,2,4,1,1,9,0
716,1,3,4,7,2,3,2,5,3,4,1,1,9,0
717,2,3,3,6,2,2,2,4,3,3,1,6,7,0
718,2,3,4,1,6,5,4,6,4,3,1,4,2,0
719,1,3,3,10,1,10,3,6,4,3,1,3,13,0
720,1,4,4,12,2,8,2,6,2,3,1,3,9,0
721,1,4,4,11,2,10,2,6,2,4,1,3,13,0
722,1,3,4,11,1,9,2,6,4,3,1,3,13,0
723,1,4,4,11,1,10,2,6,3,3,1,5,13,0
724,1,3,4,8,2,4,2,5,3,3,1,4,9,0
725,1,3,4,9,2,5,2,5,3,3,1,5,9,0
726,1,3,4,11,1,9,4,6,3,4,1,5,13,0
727,1,4,4,9,1,10,2,6,4,3,1,8,13,0
728,1,3,5,11,2,6,4,6,2,4,1,8,9,0
729,1,3,4,8,2,4,3,5,2,2,1,1,9,0
730,2,2,3,4,2,2,3,6,2,3,1,3,10,0
731,1,4,5,9,1,11,4,5,4,3,1,1,13,0
732,1,3,5,10,2,6,4,6,3,4,1,1,9,0
733,1,4,4,9,1,10,3,6,2,4,1,1,13,0
734,1,3,4,10,1,11,4,6,4,4,1,3,13,0
735,1,3,3,10,1,11,2,6,3,4,1,1,13,0
736,1,3,4,12,1,8,3,6,4,3,1,4,9,0
737,1,6,3,4,3,6,2,1,3,3,1,3,13,0
738,1,3,3,11,1,10,3,6,3,4,1,2,9,0
739,1,3,4,11,1,10,3,6,4,4,1,4,9,0
740,1,3,4,11,1,6,3,6,2,3,1,2,9,0
741,1,3,4,11,2,6,2,5,4,3,1,2,9,0
742,1,4,4,12,2,8,2,6,2,2,1,3,9,0
743,2,3,3,7,2,2,3,5,3,3,1,2,9,0
744,2,3,3,6,2,2,4,4,3,5,1,1,9,0
745,1,3,4,11,2,7,3,5,2,3,1,1,9,0
746,1,6,4,5,3,7,4,1,2,2,1,8,13,0
747,1,3,4,12,1,7,3,6,4,3,1,4,9,0
748,1,3,4,10,2,5,3,5,3,5,1,4,9,0
749,1,3,4,10,2,5,4,5,3,3,1,5,9,0
750,1,3,4,9,2,5,2,6,2,4,1,2,9,0
751,2,3,4,3,3,3,1,6,3,3,1,5,10,0
752,2,3,4,3,3,3,2,6,2,3,1,5,10,0
753,1,3,4,9,1,5,3,5,3,4,1,3,9,0
754,1,3,4,9,2,5,2,5,4,3,1,4,9,0
755,2,3,4,2,3,3,2,6,3,3,1,5,10,0
756,1,3,4,12,2,8,4,6,3,3,1,3,9,0
757,1,3,4,11,1,9,4,6,3,3,1,1,13,0
758,2,3,4,1,5,5,4,6,3,4,1,5,10,0
759,1,3,4,10,1,6,3,5,4,4,1,1,9,0
760,1,3,4,8,1,4,2,6,3,4,1,3,9,0
761,2,3,4,7,2,3,2,5,3,3,1,1,9,0
762,2,3,4,7,2,3,3,5,2,3,1,8,9,0
763,2,3,2,6,2,2,1,4,3,3,1,5,7,0
764,1,3,4,9,1,5,3,5,4,4,1,4,9,0
765,2,2,4,4,1,1,2,3,3,4,1,3,10,0
766,1,3,5,11,1,7,3,6,3,3,1,2,9,0
767,2,3,4,3,2,2,1,5,2,3,1,6,10,0
768,2,3,4,1,4,5,3,6,4,4,1,5,2,0
769,2,4,4,1,4,4,2,6,2,3,1,1,10,0
770,1,3,5,11,1,6,3,6,4,3,1,3,9,0
771,2,4,4,1,4,4,2,6,3,4,1,4,2,0
772,1,6,4,4,4,6,4,1,3,2,1,3,13,0
773,1,5,4,5,3,7,2,2,3,3,1,2,13,0
774,1,6,2,5,4,6,1,2,3,4,1,4,13,0
775,1,3,4,7,1,3,2,5,3,4,1,4,9,0
776,1,3,4,7,1,3,2,5,3,4,1,3,9,0
777,2,3,3,7,2,3,2,5,4,4,1,1,9,0
778,2,4,4,1,5,5,2,5,2,3,1,4,2,0
779,1,5,5,7,1,8,4,3,3,3,1,1,13,0
780,2,3,3,7,2,3,2,5,3,3,1,1,9,0
781,1,4,5,7,1,9,4,3,3,3,1,1,13,0
782,2,4,4,1,5,5,3,6,4,4,1,4,2,0
783,1,4,5,8,2,9,3,4,3,3,1,2,13,0
784,1,4,4,8,1,10,3,5,2,3,1,8,13,0
785,1,6,4,3,4,5,3,1,3,4,1,4,13,0
786,1,5,4,7,2,8,4,3,3,3,1,2,13,0
787,1,5,4,7,2,9,4,4,3,3,1,2,13,0
788,1,3,4,11,1,8,3,6,2,3,1,3,9,0
789,1,6,3,4,4,6,4,2,3,4,1,1,13,0
790,1,4,4,7,3,8,3,5,3,3,1,2,13,0
791,1,4,4,9,2,10,2,5,2,3,1,1,13,0
792,1,2,3,8,1,4,1,5,4,4,1,3,9,0
793,2,3,4,1,4,4,3,6,3,4,1,8,2,0
794,2,4,4,1,5,4,2,5,3,3,1,4,2,0
795,1,4,4,9,1,10,2,6,3,3,1,1,13,0
796,2,2,4,4,2,1,2,4,4,4,1,5,10,0
797,2,4,4,1,5,4,3,5,2,3,1,4,2,0
798,1,3,4,9,1,11,2,5,4,4,1,1,13,0
799,1,4,4,9,2,10,3,5,4,3,1,3,13,0
800,1,5,4,3,5,4,3,2,3,4,1,3,13,0
801,1,4,5,8,2,10,3,5,3,4,1,3,13,0
802,1,3,5,11,1,7,3,6,4,5,1,3,9,0
803,2,3,2,6,2,2,2,5,3,3,1,4,7,0
804,1,3,4,8,2,4,2,5,4,3,1,4,9,0
805,1,5,4,3,5,5,2,2,3,4,1,5,13,0
806,1,3,3,9,1,10,3,5,3,4,1,2,13,0
807,2,3,4,3,2,2,1,5,3,3,1,5,10,0
808,1,3,5,11,1,8,3,6,3,4,1,3,9,0
809,1,3,4,11,1,8,4,6,4,5,1,3,9,0
810,1,3,4,10,1,9,2,6,4,5,1,3,9,0
811,2,3,3,6,2,2,2,4,3,3,1,2,7,0
812,2,2,3,5,1,2,1,4,3,4,1,3,10,0
813,2,2,4,5,1,1,3,4,3,4,1,1,13,0
814,2,3,4,2,2,3,2,5,3,3,1,4,2,0
815,1,3,4,10,1,8,3,6,2,5,1,3,9,0
816,2,3,4,2,2,2,2,6,3,3,1,4,10,0
817,2,4,4,1,4,4,3,6,2,3,1,8,2,0
818,1,5,4,7,3,8,2,4,3,4,1,3,13,0
819,1,5,4,7,3,8,3,4,3,3,1,2,13,0
820,1,3,4,10,1,9,4,6,2,5,1,1,13,0
821,1,3,4,11,1,8,3,6,4,4,1,1,9,0
822,1,3,5,11,1,7,3,6,3,5,1,8,9,0
823,1,3,4,10,1,8,4,6,3,3,1,1,9,0
824,2,4,3,1,3,3,2,4,4,2,1,4,2,0
825,1,5,3,5,3,6,2,2,3,3,1,2,13,0
826,1,3,4,10,1,6,2,5,4,4,1,3,9,0
827,1,3,5,11,1,7,3,6,4,4,1,3,9,0
828,1,3,5,11,1,7,3,6,4,5,1,3,9,0
829,2,3,4,7,1,3,2,5,2,2,1,3,9,0
830,1,3,4,10,1,6,4,6,3,4,1,2,9,0
831,1,3,4,10,1,6,4,6,4,3,1,4,9,0
832,1,3,4,9,1,9,5,6,4,4,1,2,13,0
833,1,3,4,10,1,8,2,6,4,3,1,2,13,0
834,1,3,5,10,1,6,3,5,3,5,1,8,9,0
835,2,2,4,5,1,1,2,4,4,4,1,1,10,0
836,2,2,3,4,1,1,1,4,3,4,1,4,10,0
837,1,5,4,6,3,8,2,3,3,3,1,2,13,0
838,1,4,4,8,2,9,4,4,3,4,1,2,13,0
839,2,4,4,1,4,4,2,5,3,2,1,5,2,0
840,2,3,4,2,2,2,2,6,2,3,1,5,10,0
841,1,2,3,9,1,5,2,5,4,5,1,1,9,0
842,1,3,4,9,1,9,4,6,2,4,1,8,13,0
843,1,3,4,10,1,5,2,5,4,4,1,2,9,0
844,2,2,4,3,1,1,2,5,3,4,1,5,10,0
845,1,6,3,4,5,5,3,2,3,3,1,4,13,0
846,1,5,3,6,3,7,2,2,2,3,1,1,13,0
847,1,3,4,9,1,10,3,6,3,4,1,3,13,0
848,2,3,4,2,2,3,3,5,4,3,1,4,2,0
849,2,2,3,5,1,1,1,3,3,3,1,3,10,0
850,2,3,4,2,2,2,3,6,4,3,1,5,2,0
851,1,5,3,2,6,4,3,3,4,4,1,4,13,0
852,1,5,4,6,3,7,2,4,2,3,1,2,13,0
853,2,2,3,5,1,1,1,3,3,3,1,2,10,0
854,1,4,4,8,3,9,2,6,3,4,1,2,13,0
855,1,5,3,2,7,3,2,2,3,3,1,4,13,0
856,1,5,3,1,7,3,1,3,3,3,1,3,13,0
857,1,4,5,8,3,9,3,5,3,4,1,1,13,0
858,1,3,3,8,2,4,1,5,2,4,1,2,9,0
859,1,2,4,8,1,4,2,5,4,4,1,3,9,0
860,1,3,4,10,1,7,4,6,4,4,1,6,9,0
861,1,3,4,11,1,7,3,6,3,3,1,1,9,0
862,2,2,4,6,1,2,2,5,3,3,1,5,9,0
863,2,2,4,3,1,1,2,6,4,4,1,5,10,0
864,1,5,2,1,7,2,1,3,3,4,1,3,13,0
865,1,4,4,7,3,9,3,5,3,3,1,3,13,0
866,1,3,4,8,1,4,2,5,4,4,1,3,9,0
867,1,2,3,7,1,3,3,4,4,5,1,8,9,0
868,2,2,4,3,1,2,3,6,3,4,1,4,10,0
869,1,3,4,9,1,5,2,5,3,4,1,1,9,0
870,1,2,3,8,1,3,1,4,4,4,1,3,9,0
871,2,3,4,1,3,4,3,6,2,3,1,4,2,0
872,2,2,3,5,1,2,2,3,3,3,1,2,10,0
873,2,2,3,4,1,1,2,3,4,5,1,2,10,0
874,1,4,4,7,4,8,2,5,3,4,1,4,13,0
875,1,3,4,8,1,3,2,4,3,3,1,5,9,0
876,2,3,4,1,3,3,3,6,4,3,1,4,2,0
877,1,5,2,1,7,2,1,3,3,3,1,4,13,0
878,1,3,4,9,1,9,2,6,4,4,1,5,13,0
879,1,6,4,4,5,5,5,2,3,4,1,2,13,0
880,1,5,3,5,4,6,1,3,2,3,1,1,13,0
881,1,4,4,7,3,8,2,6,2,4,1,2,13,0
882,1,4,4,7,3,9,3,6,3,3,1,1,13,0
883,1,3,4,10,1,8,3,6,3,3,1,1,13,0
884,1,5,4,5,4,6,4,3,4,4,1,1,13,0
885,1,6,4,4,4,6,4,2,4,4,1,2,13,0
886,1,4,4,7,4,8,3,5,4,3,1,6,13,0
887,1,4,4,7,3,9,3,6,3,3,1,3,13,0
888,1,3,4,9,2,9,2,6,3,4,1,5,13,0
889,1,5,4,6,4,7,4,4,3,4,1,1,13,0
890,1,4,4,8,2,10,3,6,3,4,1,1,13,0
891,1,5,4,5,5,6,3,3,3,4,1,8,13,0
892,1,3,4,9,2,7,3,6,2,3,1,1,13,0
893,1,3,4,10,2,7,3,6,4,3,1,5,9,0
894,1,3,4,10,1,6,3,5,3,3,1,6,9,0
895,2,4,4,1,4,3,4,6,2,3,1,4,2,0
896,2,4,4,2,5,2,2,5,3,3,1,4,2,0
897,1,5,4,6,4,7,2,2,2,3,1,8,13,0
898,1,2,4,7,1,3,2,5,3,4,1,1,9,0
899,1,5,4,6,4,7,4,3,3,3,1,1,13,0
900,1,5,4,5,4,6,2,3,2,4,1,8,13,0
901,1,2,4,6,1,2,4,4,4,5,1,4,9,0
902,2,2,3,6,1,2,2,3,3,3,1,1,10,0
903,2,2,3,6,1,1,4,4,3,3,1,4,9,0
904,1,3,4,9,1,9,3,6,3,2,1,5,13,0
905,2,3,4,2,2,3,2,5,3,3,1,4,2,0
906,1,2,3,7,1,3,1,5,3,4,1,2,9,0
907,1,5,4,5,4,6,3,2,3,3,1,1,13,0
908,2,3,5,2,2,2,4,6,3,5,1,4,2,0
909,1,5,3,1,6,2,2,3,4,4,1,4,9,0
910,1,5,4,3,6,4,3,2,3,4,1,5,13,0
911,1,5,4,3,6,4,2,2,3,3,1,3,13,0
912,1,5,3,3,6,4,2,2,3,3,1,4,13,0
913,1,5,3,4,5,5,3,2,3,4,1,3,13,0
914,1,6,4,4,5,5,4,2,4,2,1,4,13,0
915,1,3,4,9,2,5,2,5,3,3,1,2,9,0
916,1,3,4,9,2,5,2,5,3,3,1,1,9,0
917,1,5,3,2,6,3,1,2,3,3,1,3,13,0
918,1,3,4,10,2,6,2,6,3,3,1,2,9,0
919,1,3,4,10,2,6,2,5,3,4,1,1,9,0
920,1,6,4,5,5,6,5,2,2,2,1,8,13,0
921,2,2,3,4,1,1,2,3,4,4,1,5,10,0
922,1,4,4,9,2,8,3,6,2,3,1,2,13,0
923,1,4,4,8,3,8,2,6,3,3,1,1,13,0
924,1,3,4,9,2,8,3,6,3,4,1,6,13,0
925,1,3,4,9,1,4,2,5,3,4,1,5,9,0
926,1,5,2,2,6,1,1,3,3,4,1,4,9,0
927,1,4,4,8,3,9,2,5,4,4,1,1,13,0
928,1,3,3,9,2,5,2,5,3,4,1,4,9,0
929,1,3,3,8,2,4,1,5,2,3,1,5,9,0
930,2,3,4,3,2,2,2,6,3,4,1,3,2,0
931,1,4,4,8,2,9,3,6,2,3,1,2,13,0
932,2,2,4,4,1,1,2,3,3,4,1,6,10,0
933,2,3,4,3,1,1,2,6,3,3,1,5,10,0
934,2,3,4,2,3,2,1,6,3,3,1,2,2,0
935,2,3,4,2,3,3,1,6,3,3,1,6,2,0
936,1,5,2,1,6,1,1,3,3,4,1,3,9,0
937,2,3,4,1,3,3,2,6,3,3,1,1,2,0
938,1,5,4,7,4,8,3,3,2,3,1,1,13,0
939,2,3,4,1,3,3,2,6,3,3,1,6,2,0
940,1,4,4,8,2,9,3,6,3,4,1,5,13,0
941,1,4,4,9,2,8,2,6,4,3,1,6,13,0
942,1,2,4,7,1,2,3,4,3,4,1,1,9,0
943,1,3,4,8,2,4,1,5,3,3,1,6,9,0
944,1,2,3,7,1,3,2,5,3,3,1,1,9,0
945,1,2,3,6,1,2,3,4,3,4,1,1,9,0
946,2,3,5,1,3,4,3,6,3,3,1,5,2,0
947,2,3,5,1,3,3,3,6,2,5,1,5,2,0
948,2,4,4,1,4,2,2,5,3,3,1,6,2,0
949,2,2,2,4,1,1,1,1,2,4,1,3,10,0
950,2,2,2,4,1,1,1,2,4,4,1,5,10,0
951,1,4,4,10,2,7,3,6,2,2,1,4,13,0
952,1,3,4,8,1,4,2,5,3,3,1,1,9,0
953,1,4,4,9,3,7,2,6,2,2,1,2,13,0
954,1,3,4,10,3,6,3,6,4,4,1,2,9,0
955,1,3,4,10,2,6,1,6,2,3,1,2,9,0
956,2,2,3,5,1,1,1,3,3,4,1,2,10,0
957,1,5,4,7,4,8,2,3,3,3,1,6,13,0
958,2,4,4,1,5,2,1,4,2,3,1,5,2,0
959,1,5,4,6,4,7,3,3,3,4,1,2,13,0
960,2,4,4,1,4,3,1,5,3,3,1,4,2,0
961,1,3,4,7,2,3,2,5,3,3,1,1,9,0
962,1,5,2,1,6,1,1,3,3,3,1,4,9,0
963,1,5,4,5,5,6,4,2,2,2,1,8,13,0
964,1,4,4,7,4,9,3,4,3,3,1,1,13,0
965,2,2,3,5,1,1,2,3,3,4,1,1,10,0
966,2,2,3,4,1,1,1,4,3,4,1,5,10,0
967,1,5,2,1,6,2,1,3,3,3,1,4,9,0
968,1,4,4,8,3,9,3,6,3,3,1,5,13,0
969,1,5,2,1,6,2,1,3,3,3,1,3,9,0
970,1,6,4,4,5,5,5,2,4,2,1,4,13,0
971,2,2,4,4,1,1,1,5,3,3,1,6,10,0
972,1,4,2,3,5,1,1,4,3,4,1,1,10,0
973,1,5,4,4,6,5,4,2,4,3,1,5,13,0
974,1,5,4,6,5,7,3,3,2,3,1,2,13,0
975,1,4,4,7,4,9,2,5,3,3,1,1,13,0
976,1,4,4,9,3,8,2,6,3,3,1,5,13,0
977,1,5,2,1,6,2,1,3,3,4,1,3,9,0
978,1,5,5,5,5,6,3,2,4,4,1,8,13,0
979,1,5,4,5,5,6,4,1,3,3,1,1,13,0
980,1,4,4,7,4,9,2,5,2,3,1,1,13,0
981,1,3,3,9,3,5,2,5,3,2,1,5,9,0
982,1,3,3,9,3,5,2,5,2,4,1,2,9,0
983,1,4,4,7,3,9,2,6,3,3,1,6,13,0
984,1,3,4,10,2,6,3,5,4,4,1,1,9,0
985,1,5,3,1,5,2,1,3,3,4,1,5,13,0
986,1,3,3,7,2,3,1,4,3,3,1,1,9,0
987,1,3,4,10,3,6,3,1,2,4,1,8,13,0
988,1,5,4,5,6,6,3,2,4,2,1,3,13,0
989,1,5,3,5,5,5,2,2,3,4,1,3,13,0
990,2,4,4,1,4,2,2,5,2,3,1,4,2,0
991,1,5,2,2,5,1,1,4,3,3,1,2,10,0
992,1,3,4,9,3,6,3,6,4,3,1,2,13,0
993,2,4,4,1,4,2,3,5,3,3,1,5,2,0
994,1,4,4,8,3,8,2,6,2,3,1,4,13,0
995,1,5,3,1,5,2,1,3,3,4,1,3,13,0
996,1,5,4,6,5,6,3,2,3,3,1,1,13,0
997,1,5,3,3,6,4,5,2,4,4,1,3,13,0
998,1,5,4,6,5,7,2,3,4,2,1,3,13,0
999,1,5,4,5,4,7,1,3,3,3,1,3,13,0
1000,1,5,4,6,4,8,4,3,3,3,1,1,13,0
1001,1,5,3,3,6,4,3,3,3,3,1,5,13,0
1002,1,3,4,9,3,5,2,5,3,4,1,3,9,0
1003,1,5,3,5,5,6,2,2,3,4,1,3,13,0
1004,1,4,4,9,3,7,2,6,4,2,1,2,13,0
1005,1,5,2,1,6,1,1,3,3,3,1,5,9,0
1006,1,5,4,6,5,6,3,1,5,2,1,4,13,0
1007,1,5,4,6,5,7,2,3,4,3,1,2,13,0
1008,1,5,3,5,4,2,1,2,3,4,1,1,10,0
1009,1,5,4,5,4,7,2,2,2,4,1,2,13,0
1010,1,4,4,7,4,9,2,6,4,4,1,8,13,0
1011,1,3,4,9,3,6,2,6,3,4,1,1,9,0
1012,2,3,4,2,2,2,2,6,2,3,1,6,10,0
1013,1,4,2,1,5,1,1,3,4,4,1,3,9,0
1014,1,5,3,4,5,4,2,2,3,4,1,3,13,0
1015,1,3,3,8,3,4,1,5,3,3,1,5,9,0
1016,1,2,3,7,2,3,1,4,3,3,1,1,9,0
1017,1,2,4,6,1,2,2,5,3,4,1,8,9,0
1018,2,2,3,5,1,1,3,4,4,5,1,4,13,0
1019,1,5,3,4,5,6,1,3,3,3,1,3,13,0
1020,1,5,4,3,6,4,2,2,4,3,1,4,13,0
1021,1,3,3,7,2,3,1,5,3,3,1,8,9,0
1022,2,3,4,2,2,2,2,6,3,3,1,5,10,0
1023,1,5,4,2,6,3,1,3,4,4,1,3,13,0
1024,1,5,3,4,5,4,2,3,4,3,1,3,13,0
1025,1,4,4,7,4,9,2,5,3,3,1,6,13,0
1026,1,3,4,7,2,4,1,5,4,3,1,3,9,0
1027,2,2,4,4,1,1,2,4,4,4,1,5,10,0
1028,1,5,4,3,6,4,4,2,3,4,1,5,13,0
1029,1,4,4,5,4,8,3,3,3,3,1,3,13,0
1030,1,4,4,9,4,6,4,6,2,3,1,8,13,0
1031,2,3,4,3,2,2,2,6,3,3,1,4,10,0
1032,1,5,4,5,5,7,3,2,3,3,1,1,13,0
1033,2,4,3,1,3,3,1,6,3,3,1,5,2,0
1034,1,5,2,3,5,1,1,4,3,3,1,2,10,0
1035,1,5,3,4,4,6,1,3,3,3,1,3,13,0
1036,1,4,4,8,4,7,2,6,2,3,1,2,13,0
1037,1,3,4,8,3,4,2,5,2,2,1,3,9,0
1038,1,4,3,1,5,1,1,3,3,4,1,3,9,0
1039,1,4,4,5,3,8,2,3,3,3,1,3,13,0
1040,1,4,4,9,4,7,5,6,3,2,1,3,13,0
1041,1,4,4,6,3,8,2,4,3,2,1,3,13,0
1042,1,4,4,8,4,8,2,6,3,2,1,2,13,0
1043,1,3,5,8,3,7,4,6,2,3,1,2,13,0
1044,1,4,4,8,4,7,4,6,3,3,1,4,13,0
1045,1,5,3,5,4,3,1,2,3,4,1,1,10,0
1046,1,5,2,3,5,2,1,4,2,4,1,8,10,0
1047,1,4,2,2,5,1,1,3,3,4,1,4,9,0
1048,1,4,4,7,3,8,2,6,3,3,1,1,13,0
1049,2,4,3,1,4,3,1,6,2,3,1,5,2,0
1050,1,5,3,5,5,5,1,3,3,3,1,3,13,0
1051,1,3,4,9,3,6,2,6,2,3,1,2,9,0
1052,1,3,4,9,3,5,2,6,3,2,1,3,9,0
1053,1,5,3,5,5,5,2,3,3,3,1,2,13,0
1054,1,2,4,5,1,1,3,4,3,4,1,8,13,0
1055,2,3,4,2,2,2,2,6,3,4,1,4,10,0
1056,2,3,4,2,3,3,2,6,3,3,1,4,10,0
1057,1,4,1,2,6,1,1,3,2,3,1,2,9,0
1058,2,2,4,3,1,1,3,3,4,4,1,5,10,0
1059,2,2,4,3,1,1,3,5,2,4,1,4,10,0
1060,1,3,4,6,1,3,1,5,3,3,1,2,9,0
1061,1,2,3,5,1,1,1,4,4,4,1,2,13,0
1062,1,2,4,6,1,2,1,5,4,3,1,3,9,0
1063,2,4,3,1,4,2,1,5,3,3,1,4,2,0
1064,2,4,3,1,5,2,2,4,3,4,1,4,2,0
1065,2,4,3,1,5,2,1,4,3,3,1,2,2,0
1066,1,3,4,8,2,4,2,5,2,3,1,1,9,0
1067,1,3,4,9,3,6,2,6,3,3,1,2,9,0
1068,2,4,3,1,4,3,1,5,3,2,1,4,2,0
1069,1,5,2,3,5,1,1,5,3,3,1,1,10,0
1070,2,2,2,4,1,1,1,4,4,4,1,3,10,0
1071,2,2,2,4,1,1,1,3,4,4,1,1,10,0
1072,2,4,2,1,4,2,1,4,2,3,1,2,2,0
1073,2,4,3,1,4,3,1,5,2,2,1,5,2,0
1074,1,4,3,1,5,1,1,3,2,4,1,3,9,0
1075,1,5,3,2,5,3,2,3,3,4,1,5,13,0
1076,1,4,3,7,4,9,3,4,2,3,1,2,13,0
1077,1,4,4,7,3,8,3,5,3,3,1,2,13,0
1078,2,2,4,2,2,2,2,5,2,4,1,4,10,0
1079,2,3,4,2,2,2,2,6,3,3,1,5,10,0
1080,1,5,2,2,5,1,1,5,3,3,1,1,10,0
1081,1,4,4,6,3,9,3,4,3,3,1,4,13,0
1082,1,4,4,5,3,8,2,6,2,3,1,4,13,0
1083,1,4,4,6,3,9,3,5,3,3,1,4,13,0
1084,1,3,5,8,3,7,4,6,3,3,1,4,13,0
1085,1,4,4,6,3,9,1,6,2,4,1,2,13,0
1086,1,5,3,3,5,4,2,3,3,4,1,1,13,0
1087,1,5,3,2,5,3,2,3,3,4,1,5,13,0
1088,1,4,4,5,3,8,2,5,3,4,1,2,13,0
1089,1,3,4,8,3,7,5,6,4,4,1,4,13,0
1090,1,5,2,3,5,2,1,4,3,4,1,1,10,0
1091,1,3,5,8,3,7,4,6,2,5,1,2,13,0
1092,2,2,1,4,1,1,1,3,3,4,1,1,10,0
1093,1,4,2,2,5,1,1,4,3,3,1,1,10,0
1094,1,5,3,3,5,3,2,3,4,3,1,4,13,0
1095,2,3,4,1,3,3,1,5,3,3,1,4,10,0
1096,1,4,2,1,4,1,1,3,3,4,1,3,9,0
1097,1,4,4,5,3,7,1,5,2,3,1,1,13,0
1098,1,5,2,4,4,2,1,3,4,3,1,1,10,0
1099,1,4,4,5,4,7,1,3,3,4,1,1,13,0
1100,2,2,4,3,1,1,2,4,3,3,1,5,10,0
1101,1,5,3,4,4,6,1,3,3,3,1,3,13,0
1102,1,4,4,4,3,7,1,5,3,3,1,3,13,0
1103,1,2,4,6,1,2,2,5,3,5,1,2,13,0
1104,1,4,3,4,4,6,1,3,4,3,1,4,13,0
1105,2,3,4,2,2,3,3,6,3,3,1,5,10,0
1106,1,3,4,9,3,5,2,6,2,2,1,4,9,0
1107,2,3,4,1,3,3,1,6,3,3,1,5,10,0
1108,1,4,2,2,4,1,1,4,3,4,1,1,9,0
1109,1,4,4,4,3,6,2,5,3,3,1,3,13,0
1110,2,3,4,1,4,3,2,6,3,3,1,4,10,0
1111,2,4,3,1,4,2,2,5,2,3,1,3,2,0
1112,1,5,2,3,4,1,1,4,3,3,1,1,10,0
1113,1,4,2,3,4,2,1,4,3,3,1,2,10,0
1114,1,4,3,1,4,1,1,3,3,3,1,4,9,0
1115,1,4,4,7,3,8,3,4,3,2,1,1,13,0
1116,1,3,5,8,3,6,3,6,4,3,1,3,13,0
1117,1,5,2,4,4,2,1,3,3,4,1,1,10,0
1118,1,4,4,5,3,8,2,5,4,4,1,3,13,0
1119,1,4,4,7,2,8,3,6,2,3,1,1,13,0
1120,1,4,4,7,2,7,3,6,3,3,1,8,13,0
1121,1,5,2,5,4,3,1,3,3,3,1,2,10,0
1122,1,5,3,4,5,4,1,2,2,3,1,3,13,0
1123,1,3,5,7,3,7,3,6,2,2,1,1,13,0
1124,1,2,3,6,1,3,2,4,2,5,1,2,9,0
1125,1,2,3,5,1,2,2,4,4,4,1,3,13,0
1126,1,3,5,8,3,7,5,6,2,5,1,1,13,0
1127,1,2,3,7,1,3,2,5,3,3,1,1,9,0
1128,2,3,4,1,3,3,1,6,4,3,1,6,10,0
1129,1,3,4,8,2,5,2,5,4,3,1,4,9,0
1130,1,5,3,3,4,4,3,3,3,4,1,1,13,0
1131,1,2,4,7,1,4,1,5,4,4,1,2,9,0
1132,2,4,3,2,5,2,2,5,3,3,1,3,2,0
1133,1,3,4,5,1,8,4,6,2,3,1,2,13,0
1134,2,3,4,1,3,3,2,6,2,3,1,6,10,0
1135,1,5,3,4,5,5,1,3,3,3,1,2,13,0
1136,1,2,4,5,1,2,1,5,4,3,1,6,13,0
1137,2,3,4,1,4,3,2,6,2,2,1,6,2,0
1138,1,5,4,4,4,4,3,3,3,3,1,1,13,0
1139,1,5,3,4,4,4,2,4,3,4,1,1,13,0
1140,2,2,1,4,1,1,1,3,3,4,1,2,10,0
1141,2,2,4,3,1,1,2,5,3,4,1,6,10,0
1142,1,5,2,5,4,3,1,2,3,3,1,1,10,0
1143,1,4,3,1,4,1,1,4,3,4,1,5,9,0
1144,1,4,2,1,3,1,1,3,3,3,1,4,9,0
1145,1,5,3,2,4,2,1,3,3,3,1,3,13,0
1146,1,4,4,6,2,9,3,6,2,3,1,5,13,0
1147,1,4,3,1,3,1,1,4,3,4,1,4,9,0
1148,1,4,4,4,2,7,2,6,2,3,1,1,13,0
1149,1,2,4,6,1,2,2,5,3,4,1,2,9,0
1150,1,5,4,6,4,4,2,2,3,4,1,3,10,0
1151,1,4,3,4,4,5,1,4,2,4,1,2,13,0
1152,1,5,4,4,4,4,2,4,4,4,1,1,13,0
1153,2,4,3,2,5,2,2,5,2,3,1,4,2,0
1154,1,3,5,9,3,6,4,6,4,5,1,3,9,0
1155,1,3,4,8,2,6,2,5,3,4,1,8,9,0
1156,1,4,2,2,4,1,1,4,3,3,1,1,10,0
1157,1,5,3,2,4,2,2,3,3,4,1,5,13,0
1158,1,3,4,8,2,6,1,6,4,3,1,2,13,0
1159,1,5,4,3,4,3,3,3,3,2,1,3,13,0
1160,1,4,4,5,2,8,2,6,4,4,1,4,13,0
1161,1,4,4,6,2,8,2,6,3,2,1,3,13,0
1162,1,3,4,7,2,7,3,5,4,2,1,1,13,0
1163,1,3,4,8,2,5,2,5,4,5,1,3,9,0
1164,2,4,4,3,6,2,2,5,3,2,1,2,2,0
1165,1,4,4,5,2,8,3,6,4,4,1,1,13,0
1166,1,4,4,3,4,5,3,5,2,5,1,8,13,0
1167,1,4,4,6,1,8,2,6,3,3,1,3,13,0
1168,1,5,3,3,4,3,1,3,3,4,1,3,13,0
1169,1,5,3,3,4,4,2,4,3,3,1,1,13,0
1170,1,2,4,6,1,3,2,5,4,5,1,5,9,0
1171,2,4,2,2,5,2,1,5,3,3,1,4,2,0
1172,2,2,4,3,1,1,2,4,4,4,1,5,10,0
1173,2,2,3,2,2,2,1,4,3,3,1,4,10,0
1174,2,2,3,3,2,2,1,3,3,4,1,5,10,0
1175,1,3,4,6,1,8,2,6,2,4,1,3,13,0
1176,1,3,4,7,2,7,2,6,2,3,1,8,13,0
1177,1,2,3,5,1,1,2,5,3,3,1,1,13,0
1178,2,3,3,1,3,3,1,5,4,3,1,4,10,0
1179,1,5,2,4,3,3,1,3,2,3,1,1,10,0
1180,1,5,2,3,3,2,1,4,3,3,1,1,10,0
1181,1,4,2,2,4,1,1,4,3,3,1,1,10,0
1182,1,4,4,3,4,6,1,4,4,4,1,3,13,0
1183,1,5,2,5,4,4,1,2,3,3,1,1,10,0
1184,1,3,4,6,1,8,3,6,4,3,1,4,13,0
1185,1,2,3,7,1,3,3,5,4,5,1,1,9,0
1186,2,3,4,1,3,2,2,6,3,3,1,4,10,0
1187,1,4,3,1,4,1,1,3,3,3,1,3,9,0
1188,1,5,3,3,3,3,1,3,3,4,1,4,13,0
1189,1,2,3,6,1,3,2,5,4,3,1,5,9,0
1190,1,3,4,6,1,8,2,6,4,3,1,4,13,0
1191,2,3,3,1,3,3,1,5,2,3,1,5,10,0
1192,2,3,4,1,3,2,1,6,3,3,1,4,10,0
1193,1,4,2,2,3,1,1,6,3,4,1,1,10,0
1194,1,3,4,5,1,8,4,6,4,4,1,4,13,0
1195,1,2,4,8,2,5,2,5,3,4,1,2,9,0
1196,2,4,3,2,5,2,2,5,2,3,1,5,2,0
1197,2,3,4,1,4,2,3,6,4,4,1,2,2,0
1198,2,3,3,3,5,1,1,5,3,3,1,2,2,0
1199,2,3,3,3,5,1,1,5,2,4,1,3,2,0
1200,1,5,3,3,3,4,2,3,3,4,1,1,13,0
1201,1,2,4,4,1,1,2,5,3,4,1,1,13,0
1202,2,2,2,3,1,1,1,3,4,4,1,5,10,0
1203,1,4,2,3,3,2,1,4,2,3,1,2,10,0
1204,1,5,2,4,3,3,1,3,3,4,1,1,10,0
1205,1,4,4,4,2,7,2,6,3,3,1,3,13,0
1206,2,4,3,2,5,2,2,6,3,3,1,5,2,0
1207,2,4,3,2,5,1,2,6,4,3,1,4,2,0
1208,2,4,3,2,5,2,2,5,3,4,1,5,2,0
1209,2,4,4,3,5,1,2,5,2,3,1,2,2,0
1210,1,4,4,3,4,5,2,5,2,4,1,1,13,0
1211,1,5,2,4,3,3,1,3,4,3,1,2,10,0
1212,1,4,3,1,3,1,1,3,3,4,1,5,13,0
1213,1,4,3,1,3,1,1,3,4,3,1,4,13,0
1214,1,5,3,2,4,3,1,3,3,3,1,3,13,0
1215,1,4,4,1,3,1,1,3,3,3,1,4,13,0
1216,1,3,4,5,1,8,3,6,3,4,1,1,13,0
1217,1,2,4,6,1,2,1,5,4,3,1,6,9,0
1218,1,2,4,4,1,1,3,5,4,4,1,1,13,0
1219,1,5,3,6,4,4,2,2,2,3,1,2,10,0
1220,1,4,4,3,3,5,2,5,3,3,1,8,13,0
1221,2,2,1,4,1,1,1,3,3,3,1,5,10,0
1222,1,5,3,5,4,4,2,2,3,3,1,1,10,0
1223,1,4,2,2,3,1,1,6,3,3,1,1,10,0
1224,1,4,3,2,2,2,1,6,3,4,1,1,10,0
1225,1,4,3,3,3,5,2,6,3,4,1,8,13,0
1226,1,3,4,5,1,2,1,6,2,3,1,5,13,0
1227,2,2,2,3,1,1,1,3,3,4,1,4,10,0
1228,1,5,3,3,3,5,1,4,3,3,1,1,13,0
1229,2,3,4,1,3,2,2,5,3,3,1,4,10,0
1230,1,5,2,5,3,4,1,3,3,4,1,1,10,0
1231,1,4,3,3,3,2,1,5,2,3,1,1,10,0
1232,1,4,3,3,3,2,1,5,2,4,1,8,10,0
1233,1,5,2,3,3,2,1,5,3,3,1,1,10,0
1234,1,5,3,2,4,2,3,3,3,4,1,2,13,0
1235,2,3,3,2,5,1,2,6,3,4,1,5,2,0
1236,2,3,3,4,4,1,1,5,2,3,1,4,6,0
1237,1,2,4,7,1,4,2,5,3,4,1,2,9,0
1238,1,2,4,6,1,3,1,4,4,4,1,6,9,0
1239,1,2,3,6,1,3,1,5,2,4,1,5,9,0
1240,1,2,4,4,1,1,2,5,3,4,1,1,13,0
1241,2,3,4,1,4,2,2,6,2,3,1,5,10,0
1242,2,4,3,2,5,1,2,5,3,4,1,4,2,0
1243,1,5,2,3,3,3,1,3,3,3,1,4,13,0
1244,2,3,4,1,3,2,2,6,3,4,1,4,10,0
1245,2,3,3,1,4,1,5,6,3,4,1,2,2,0
1246,2,4,3,3,5,1,1,5,3,3,1,3,2,0
1247,1,5,3,6,4,5,3,2,4,3,1,3,10,0
1248,1,2,4,4,1,1,1,5,3,3,1,1,13,0
1249,1,3,4,8,2,5,2,5,4,3,1,2,13,0
1250,1,3,4,6,2,3,1,5,3,3,1,6,9,0
1251,1,5,3,2,3,4,2,3,3,3,1,1,13,0
1252,1,3,4,7,1,7,2,6,3,3,1,4,13,0
1253,1,2,2,7,1,4,3,5,3,4,1,5,9,0
1254,1,5,2,3,3,3,1,3,3,3,1,4,13,0
1255,1,5,3,2,2,4,1,3,3,3,1,3,13,0
1256,1,4,4,3,3,6,3,6,3,4,1,1,13,0
1257,1,5,3,3,3,3,1,3,3,3,1,4,13,0
1258,1,4,3,3,2,6,1,5,2,3,1,2,13,0
1259,1,4,4,3,2,6,2,6,3,4,1,8,13,0
1260,2,3,3,4,4,1,1,5,4,3,1,4,6,0
1261,1,4,4,2,3,5,2,5,3,4,1,1,13,0
1262,2,4,2,4,5,1,1,1,1,2,1,8,6,0
1263,1,3,4,8,2,6,2,5,2,2,1,1,13,0
1264,2,2,3,2,2,3,1,4,3,3,1,4,10,0
1265,1,3,4,7,1,7,2,6,3,2,1,3,13,0
1266,1,3,4,8,2,6,3,5,2,4,1,1,13,0
1267,1,5,2,4,3,3,1,3,3,3,1,1,10,0
1268,1,5,3,5,2,4,1,3,4,4,1,1,10,0
1269,1,5,2,4,2,3,1,4,3,3,1,2,10,0
1270,1,5,4,5,3,4,3,2,4,3,1,1,10,0
1271,1,2,3,5,2,2,2,5,3,4,1,1,13,0
1272,1,3,3,6,1,3,2,5,2,3,1,6,9,0
1273,1,4,4,4,1,7,2,6,4,4,1,8,13,0
1274,1,3,4,4,1,8,3,6,4,4,1,3,13,0
1275,1,3,4,4,1,7,3,6,3,4,1,8,13,0
1276,2,3,3,2,5,1,3,6,4,4,1,4,10,0
1277,2,3,3,2,4,1,1,5,3,3,1,3,10,0
1278,1,5,3,3,2,3,2,3,3,3,1,2,10,0
1279,1,4,3,1,3,1,1,4,3,4,1,4,9,0
1280,1,4,3,2,3,2,1,3,3,3,1,3,13,0
1281,2,3,3,3,4,1,1,5,3,3,1,4,10,0
1282,1,3,4,5,2,2,1,6,2,3,1,2,9,0
1283,2,2,2,3,1,1,1,3,3,4,1,4,10,0
1284,2,2,3,2,2,2,3,4,2,4,1,4,10,0
1285,2,2,3,2,2,2,2,5,3,3,1,5,10,0
1286,1,4,2,2,2,1,1,6,3,4,1,8,10,0
1287,1,4,2,1,2,1,1,6,3,3,1,1,9,0
1288,1,3,4,7,1,7,3,6,3,3,1,4,13,0
1289,2,3,3,2,2,2,1,5,3,3,1,5,10,0
1290,1,4,4,3,2,6,2,6,3,4,1,5,13,0
1291,2,2,4,2,2,2,2,6,3,4,1,2,10,0
1292,1,5,2,3,2,3,1,4,3,3,1,2,10,0
1293,1,2,4,4,1,1,1,5,3,4,1,2,13,0
1294,1,3,4,5,1,8,3,6,4,5,1,2,13,0
1295,1,3,4,5,1,8,2,5,3,4,1,3,13,0
1296,1,5,2,5,2,4,1,3,2,3,1,8,10,0
1297,1,3,4,8,2,5,2,5,3,3,1,2,13,0
1298,1,5,2,4,2,3,1,3,3,3,1,2,10,0
1299,2,3,3,3,5,1,1,6,3,3,1,2,2,0
1300,1,5,3,5,2,5,2,2,3,3,1,3,10,0
1301,1,4,3,2,3,2,1,5,2,3,1,5,13,0
1302,1,2,3,7,1,4,2,5,3,4,1,1,9,0
1303,1,5,4,6,4,5,3,2,3,4,1,3,10,0
1304,1,5,2,5,2,4,1,3,3,3,1,1,10,0
1305,1,3,3,5,1,8,2,6,3,4,1,8,13,0
1306,1,3,4,6,1,8,2,5,3,4,1,8,13,0
1307,1,3,4,6,1,7,4,6,3,5,1,4,13,0
1308,1,2,3,6,1,3,1,4,3,4,1,4,9,0
1309,1,2,3,7,1,4,4,4,4,5,1,5,9,0
1310,1,4,3,3,2,3,1,5,3,3,1,1,10,0
1311,1,5,3,2,2,2,2,3,2,3,1,5,13,0
1312,1,4,3,3,2,2,1,4,2,3,1,3,13,0
1313,1,5,3,2,2,3,2,3,3,3,1,2,13,0
1314,1,4,3,2,2,3,2,3,3,4,1,2,13,0
1315,1,3,4,8,1,5,2,5,2,3,1,8,9,0
1316,2,2,4,3,1,1,2,5,4,4,1,5,10,0
1317,2,3,3,1,4,1,2,6,4,4,1,4,10,0
1318,1,2,3,4,1,1,1,4,3,4,1,1,13,0
1319,2,3,4,1,4,1,2,6,3,3,1,5,10,0
1320,1,4,3,1,3,1,1,4,3,3,1,3,9,0
1321,1,4,4,4,1,7,2,6,3,4,1,5,13,0
1322,2,2,4,3,1,1,2,4,4,4,1,6,10,0
1323,2,3,3,4,4,1,1,5,3,3,1,4,6,0
1324,1,5,3,2,2,3,1,3,3,4,1,4,13,0
1325,1,5,3,1,2,4,2,3,3,3,1,4,13,0
1326,1,4,3,2,3,4,1,4,3,3,1,1,13,0
1327,1,3,4,7,1,6,2,6,4,4,1,3,13,0
1328,2,3,4,1,4,1,1,6,2,3,1,6,10,0
1329,1,5,2,4,2,3,1,4,3,3,1,3,10,0
1330,1,4,4,2,2,4,2,3,3,3,1,1,13,0
1331,1,4,4,2,3,5,2,5,3,4,1,4,13,0
1332,1,3,4,7,1,6,1,5,3,4,1,3,13,0
1333,1,3,4,8,1,5,1,5,4,3,1,3,9,0
1334,1,4,4,1,2,4,2,4,3,3,1,1,13,0
1335,1,3,4,5,1,8,2,5,4,3,1,5,13,0
1336,1,3,4,8,1,6,1,5,3,4,1,2,9,0
1337,1,4,2,2,2,1,1,6,3,3,1,2,9,0
1338,1,4,3,1,2,1,2,5,4,4,1,4,9,0
1339,1,4,3,1,2,1,1,6,3,4,1,1,9,0
1340,2,3,3,4,4,1,1,5,3,3,1,4,6,0
1341,1,4,3,3,2,2,1,4,3,2,1,3,10,0
1342,1,4,3,2,2,2,1,6,3,4,1,1,9,0
1343,2,3,3,3,4,1,1,5,2,3,1,3,2,0
1344,1,4,3,2,2,2,1,3,3,3,1,3,13,0
1345,1,4,4,2,3,5,2,5,2,3,1,1,13,0
1346,1,4,4,3,2,6,2,6,3,4,1,1,13,0
1347,1,5,3,7,4,6,2,2,3,4,1,3,10,0
1348,1,5,3,4,1,4,1,4,3,3,1,2,10,0
1349,1,5,2,4,1,4,1,4,3,3,1,2,10,0
1350,2,3,3,3,4,1,2,5,3,4,1,3,2,0
1351,2,3,3,4,4,1,2,6,2,4,1,2,6,0
1352,1,3,4,6,1,3,1,5,3,3,1,5,9,0
1353,2,3,3,2,4,1,1,5,3,3,1,2,10,0
1354,1,5,3,6,2,5,2,2,3,4,1,1,10,0
1355,1,4,3,1,2,1,1,6,4,4,1,5,9,0
1356,1,3,4,5,2,2,2,6,2,2,1,1,9,0
1357,1,4,2,1,1,1,1,6,3,3,1,3,9,0
1358,1,4,3,1,1,3,1,3,2,4,1,3,13,0
1359,1,4,4,4,2,7,2,6,3,3,1,8,13,0
1360,1,3,4,6,1,7,2,5,3,3,1,8,13,0
1361,1,3,3,7,1,5,2,5,4,4,1,2,9,0
1362,1,2,4,5,2,2,2,5,3,4,1,8,13,0
1363,1,4,4,3,2,6,2,5,3,3,1,5,13,0
1364,1,3,4,5,2,2,2,5,2,2,1,1,9,0
1365,1,3,4,6,1,3,1,5,3,4,1,6,9,0
1366,1,2,4,6,1,4,2,5,3,5,1,5,9,0
1367,1,4,3,2,1,2,2,6,3,4,1,4,9,0
1368,1,4,3,1,2,1,1,6,3,3,1,5,9,0
1369,1,4,4,2,2,2,2,5,2,3,1,2,9,0
1370,1,2,4,4,1,1,2,5,3,4,1,8,13,0
1371,1,3,3,6,2,3,2,5,3,2,1,5,9,0
1372,1,3,4,5,1,8,2,5,2,3,1,5,13,0
1373,1,2,3,7,1,4,3,5,4,4,1,2,9,0
1374,1,4,3,2,1,2,1,6,3,3,1,3,9,0
1375,1,4,3,1,2,1,1,6,3,3,1,4,9,0
1376,1,2,2,4,1,1,1,1,3,4,1,1,10,0
1377,1,2,3,4,1,1,2,4,4,4,1,1,13,0
1378,1,5,3,5,1,4,1,3,3,3,1,2,10,0
1379,1,4,3,1,3,5,2,4,3,3,1,5,13,0
1380,1,4,4,3,2,6,3,5,2,3,1,1,13,0
1381,1,4,3,2,1,2,1,6,4,3,1,3,6,0
1382,2,2,3,3,1,1,1,4,3,4,1,5,10,0
1383,2,2,3,2,1,1,1,6,3,3,1,4,10,0
1384,1,5,3,5,2,5,1,3,3,4,1,3,10,0
1385,1,3,4,7,1,7,2,6,2,4,1,8,13,0
1386,1,3,3,7,1,6,3,5,3,5,1,1,13,0
1387,1,3,4,6,1,7,1,5,2,3,1,1,13,0
1388,1,4,3,1,2,1,1,5,3,4,1,4,9,0
1389,1,3,3,6,1,7,1,4,3,4,1,1,13,0
1390,1,3,4,7,1,6,2,5,4,4,1,4,13,0
1391,1,4,3,1,1,1,2,5,3,4,1,1,9,0
1392,1,4,3,4,1,3,1,4,3,4,1,3,10,0
1393,1,5,3,7,3,6,2,2,4,3,1,2,10,0
1394,1,5,3,7,3,6,2,2,3,4,1,2,10,0
1395,2,3,3,5,3,1,1,5,3,3,1,3,6,0
1396,2,3,3,4,3,2,2,5,3,3,1,6,6,0
1397,1,4,3,1,1,3,1,4,3,3,1,4,13,0
1398,1,2,4,7,1,4,2,5,4,5,1,5,9,0
1399,1,3,4,6,1,3,2,6,3,3,1,5,9,0
1400,1,3,4,6,1,3,2,6,2,3,1,3,9,0
1401,1,2,4,8,1,5,4,4,2,5,1,4,9,0
1402,1,2,4,7,1,4,4,5,4,5,1,4,9,0
1403,1,4,2,1,1,1,1,5,3,4,1,3,9,0
1404,1,4,2,1,1,1,1,6,3,4,1,2,9,0
1405,2,3,4,1,3,1,1,6,4,3,1,6,10,0
1406,2,3,3,1,3,1,2,6,3,3,1,3,10,0
1407,2,3,4,2,4,1,1,5,2,3,1,2,10,0
1408,1,3,4,8,1,5,2,5,4,4,1,1,13,0
1409,1,3,4,7,1,4,3,6,3,4,1,1,9,0
1410,1,4,3,2,2,3,1,4,3,3,1,4,13,0
1411,1,3,4,5,2,8,2,5,4,3,1,1,13,0
1412,2,3,3,1,4,1,1,6,4,3,1,4,10,0
1413,1,4,4,2,2,1,2,6,3,4,1,3,9,0
1414,1,4,3,2,1,2,1,6,3,3,1,5,13,0
1415,1,4,3,2,1,1,1,5,4,3,1,4,13,0
1416,1,4,3,2,1,2,1,5,3,4,1,3,13,0
1417,2,3,4,1,2,2,1,6,3,3,1,5,10,0
1418,1,3,4,4,2,1,2,6,3,3,1,1,9,0
1419,2,2,3,2,1,1,1,5,3,3,1,5,10,0
1420,1,3,4,5,2,3,2,6,3,2,1,5,9,0
1421,1,2,4,4,1,1,2,6,3,3,1,1,13,0
1422,1,4,3,3,1,3,1,4,3,3,1,2,10,0
1423,1,3,4,6,2,3,3,6,3,3,1,5,9,0
1424,2,3,4,2,3,1,2,5,2,4,1,1,10,0
1425,1,5,3,6,2,5,1,3,2,3,1,1,10,0
1426,1,5,3,7,3,6,2,3,4,3,1,2,10,0
1427,1,5,3,6,2,6,2,3,3,4,1,8,10,0
1428,1,5,3,5,1,4,2,4,3,3,1,1,10,0
1429,1,4,3,2,1,2,1,6,3,4,1,3,9,0
1430,1,4,3,3,1,3,1,6,3,3,1,1,10,0
1431,1,4,3,2,1,2,1,6,3,4,1,8,9,0
1432,1,4,2,1,1,1,1,6,3,3,1,2,9,0
1433,1,4,3,1,1,1,1,5,3,3,1,3,9,0
1434,1,4,4,4,2,7,1,6,2,3,1,8,13,0
1435,1,4,3,4,2,7,1,5,3,2,1,1,13,0
1436,1,3,4,7,1,7,3,6,3,4,1,2,13,0
1437,2,3,4,5,3,1,3,5,3,3,1,5,6,0
1438,2,3,3,5,2,2,1,5,3,3,1,3,6,0
1439,2,2,3,3,1,1,2,3,4,4,1,4,10,0
1440,1,2,4,4,2,2,2,5,3,4,1,1,9,0
1441,2,3,4,1,3,2,2,5,3,4,1,5,10,0
1442,2,3,4,2,3,1,1,6,3,3,1,2,10,0
1443,2,3,4,2,3,1,2,5,2,3,1,1,6,0
1444,3,6,3,8,4,8,4,1,3,3,1,4,10,0
1445,1,4,3,4,1,7,1,6,2,3,1,4,13,0
1446,1,3,4,7,1,4,3,5,4,4,1,5,9,0
1447,1,4,3,2,1,1,1,5,3,3,1,5,9,0
1448,1,4,3,2,1,2,1,5,3,3,1,3,13,0
1449,1,3,3,7,1,6,1,6,3,3,1,3,13,0
1450,2,3,4,1,2,2,2,5,4,3,1,4,10,0
1451,1,4,3,2,1,2,1,6,3,4,1,5,13,0
1452,1,4,3,1,1,3,1,4,3,4,1,4,13,0
1453,1,3,4,5,1,8,1,5,3,3,1,3,13,0
1454,1,4,3,4,1,4,2,4,3,4,1,8,10,0
1455,1,4,4,5,1,7,2,6,2,4,1,1,13,0
1456,1,3,4,6,1,7,2,5,3,3,1,2,13,0
1457,2,3,4,1,3,1,2,6,2,3,1,5,10,0
1458,1,4,3,4,1,4,2,4,3,3,1,2,10,0
1459,2,2,4,2,2,1,2,4,3,4,1,4,10,0
1460,2,3,3,4,3,2,2,5,3,4,1,5,6,0
1461,2,3,4,3,3,1,4,5,3,5,1,5,6,0
1462,1,3,4,6,2,2,3,5,2,3,1,3,6,0
1463,2,3,3,6,2,2,1,4,3,3,1,3,6,0
1464,1,5,3,2,2,5,2,3,3,3,1,1,13,0
1465,1,3,4,5,2,2,1,5,2,3,1,1,9,0
1466,2,3,4,1,3,1,2,6,3,3,1,4,10,0
1467,1,4,3,4,1,7,2,6,3,3,1,2,13,0
1468,1,4,4,3,1,6,2,4,3,3,1,2,13,0
1469,2,3,3,5,1,3,1,5,4,3,1,4,6,0
1470,2,3,4,5,1,3,3,5,2,3,1,3,6,0
1471,1,4,4,4,1,7,1,6,3,3,1,1,13,0
1472,1,4,4,3,1,3,1,5,3,3,1,2,10,0
1473,1,4,4,3,1,6,2,4,3,3,1,1,13,0
1474,1,3,4,4,2,2,1,4,3,4,1,1,9,0
1475,1,4,3,4,1,4,2,4,4,4,1,1,10,0
1476,2,2,3,2,1,1,2,3,4,5,1,4,10,0
1477,2,3,3,4,2,2,2,5,2,3,1,5,6,0
1478,1,3,4,6,1,7,2,6,3,4,1,2,13,0
1479,1,3,3,7,2,2,1,5,3,3,1,4,6,0
1480,1,4,3,2,1,3,1,5,3,3,1,3,10,0
1481,1,4,2,1,1,1,1,5,3,4,1,1,9,0
1482,2,2,2,2,1,1,2,4,3,4,1,5,10,0
1483,3,6,3,8,4,7,2,1,3,4,1,1,10,0
1484,1,4,3,1,1,1,1,5,3,4,1,4,9,0
1485,1,3,4,6,1,7,2,6,2,3,1,8,13,0
1486,2,2,2,2,1,1,1,3,3,4,1,5,10,0
1487,1,2,4,3,1,1,4,4,3,4,1,1,10,0
1488,2,3,3,4,1,3,1,5,3,3,1,4,1,0
1489,3,6,3,8,5,8,2,1,3,3,1,3,10,0
1490,1,3,4,4,2,2,2,4,4,3,1,1,9,0
1491,2,3,3,4,2,2,1,5,3,3,1,3,6,0
1492,3,6,3,8,4,8,3,1,3,3,1,1,10,0
1493,1,5,3,5,2,5,2,3,3,3,1,2,10,0
1494,1,4,4,4,1,5,1,4,3,4,1,3,10,0
1495,1,4,3,2,1,1,1,6,3,4,1,3,9,0
1496,1,3,4,5,1,8,2,6,3,5,1,2,13,0
1497,1,4,3,1,1,1,1,6,3,4,1,5,9,0
1498,1,4,3,1,1,3,1,6,3,3,1,5,13,0
1499,1,5,3,1,2,4,3,3,2,3,1,5,13,0
1500,1,4,4,4,1,7,3,6,3,3,1,2,13,0
1501,2,3,3,5,1,3,1,5,3,3,1,4,6,0
1502,1,4,3,2,1,2,2,5,3,4,1,5,9,0
1503,1,3,4,6,1,8,2,6,3,3,1,1,13,0
1504,1,4,3,2,1,3,1,6,2,3,1,5,13,0
1505,1,5,3,1,2,3,1,3,3,3,1,4,13,0
1506,1,5,3,1,3,4,1,3,3,3,1,3,13,0
1507,1,5,3,2,2,5,2,3,3,3,1,1,13,0
1508,1,5,3,2,3,4,2,3,3,3,1,4,13,0
1509,2,3,3,3,2,2,2,5,3,4,1,4,1,0
1510,2,3,4,3,2,1,3,5,4,4,1,5,6,0
1511,1,4,4,5,1,8,3,6,2,3,1,1,13,0
1512,1,3,4,5,1,8,3,6,4,3,1,6,13,0
1513,2,2,4,1,2,2,2,5,3,4,1,4,10,0
1514,2,2,4,1,2,1,3,4,3,4,1,2,10,0
1515,1,3,4,5,1,7,3,6,2,5,1,2,13,0
1516,2,3,3,2,3,1,2,6,3,3,1,2,6,0
1517,1,4,2,1,1,1,1,4,3,4,1,4,9,0
1518,1,3,4,5,2,3,3,6,3,3,1,5,9,0
1519,1,3,3,4,2,2,1,4,3,3,1,1,9,0
1520,1,3,3,7,1,3,1,5,2,3,1,4,6,0
1521,1,3,3,6,1,4,3,6,3,3,1,1,9,0
1522,1,3,3,6,2,4,2,5,3,3,1,5,9,0
1523,1,4,3,1,1,1,1,5,3,4,1,1,9,0
1524,1,3,3,7,1,5,2,5,2,3,1,5,9,0
1525,1,3,4,5,2,3,2,5,3,2,1,2,9,0
1526,2,3,4,2,2,1,3,6,3,3,1,1,6,0
1527,1,3,4,5,1,7,4,6,2,4,1,5,13,0
1528,1,3,3,6,1,4,2,5,4,4,1,4,9,0
1529,1,4,3,4,1,4,1,4,3,3,1,2,10,0
1530,1,4,3,1,3,3,1,4,3,3,1,4,13,0
1531,1,3,4,7,2,6,2,5,3,3,1,1,13,0
1532,2,3,3,4,1,3,1,5,3,3,1,3,1,0
1533,1,5,4,6,3,6,2,3,3,4,1,1,10,0
1534,1,3,4,7,1,5,3,6,4,4,1,1,13,0
1535,2,2,3,2,1,1,2,4,3,4,1,5,10,0
1536,2,3,3,1,3,1,2,6,2,3,1,5,10,0
1537,2,3,4,3,2,2,2,5,4,4,1,2,6,0
1538,1,4,3,1,3,3,2,5,3,3,1,5,13,0
1539,1,4,4,4,1,6,2,5,3,3,1,1,13,0
1540,1,4,4,3,1,6,2,5,3,3,1,2,13,0
1541,1,3,4,7,1,7,1,6,3,3,1,4,13,0
1542,1,3,3,8,1,3,1,5,2,3,1,5,6,0
1543,3,5,3,7,3,7,2,2,3,3,1,2,10,0
1544,2,3,4,2,2,1,1,6,3,2,1,2,6,0
1545,1,4,3,1,2,3,1,5,3,3,1,3,13,0
1546,2,2,3,1,2,1,1,5,2,3,1,4,10,0
1547,1,4,3,8,1,4,1,5,3,3,1,5,6,0
1548,1,4,3,2,1,1,1,6,3,3,1,4,9,0
1549,1,4,3,2,2,2,1,6,3,3,1,4,9,0
1550,2,3,3,1,3,2,1,6,3,3,1,5,10,0
1551,2,3,3,2,2,2,1,4,3,3,1,2,1,0
1552,1,4,4,4,1,7,3,6,2,4,1,1,13,0
1553,2,3,3,3,2,2,2,5,2,3,1,1,1,0
1554,3,5,3,7,4,7,1,2,2,4,1,1,10,0
1555,3,6,2,8,4,8,1,1,3,3,1,2,10,0
1556,1,4,4,5,1,7,2,6,2,3,1,8,13,0
1557,3,6,3,8,4,8,3,1,4,4,1,3,10,0
1558,1,4,3,1,2,3,1,5,2,3,1,5,13,0
1559,1,2,3,4,2,2,1,4,3,3,1,1,9,0
1560,1,4,3,3,1,4,1,4,3,4,1,3,10,0
1561,1,4,3,1,1,1,1,6,3,3,1,8,9,0
1562,1,5,4,3,1,5,3,3,4,2,1,1,13,0
1563,1,3,4,6,1,7,4,6,4,5,1,5,13,0
1564,1,3,3,6,1,4,3,6,2,3,1,3,9,0
1565,2,2,3,2,1,1,2,3,4,4,1,4,10,0
1566,1,4,3,2,1,2,1,6,3,4,1,1,9,0
1567,1,5,3,2,2,4,1,3,3,4,1,3,13,0
1568,1,3,3,7,1,5,2,6,4,4,1,1,13,0
1569,1,3,3,7,1,5,2,6,4,5,1,5,9,0
1570,1,4,3,9,2,5,3,4,3,3,1,4,6,0
1571,1,4,3,1,1,1,2,1,2,4,1,1,9,0
1572,1,3,4,8,1,6,1,6,3,3,1,4,13,0
1573,1,2,3,3,2,1,3,4,3,3,1,1,13,0
1574,2,2,3,1,2,1,1,5,3,3,1,5,10,0
1575,1,4,1,9,2,4,1,1,2,5,1,2,1,0
1576,3,5,3,7,3,7,1,2,4,3,1,2,10,0
1577,1,5,4,6,2,6,4,3,3,4,1,2,10,0
1578,2,2,3,2,1,1,1,3,3,3,1,4,10,0
1579,1,4,4,4,1,4,2,4,4,4,1,2,10,0
1580,1,4,4,4,1,5,1,3,3,4,1,4,10,0
1581,1,4,4,4,1,4,2,3,3,4,1,2,10,0
1582,1,4,3,3,2,4,1,5,3,3,1,1,10,0
1583,1,4,3,1,3,3,1,4,2,3,1,3,13,0
1584,1,4,4,4,1,6,2,6,3,3,1,1,13,0
1585,1,4,4,5,1,7,3,6,4,3,1,6,13,0
1586,1,4,4,4,1,7,2,6,3,3,1,3,13,0
1587,3,6,3,8,5,9,3,1,3,3,1,2,10,0
1588,1,4,4,4,1,6,1,6,2,4,1,3,13,0
1589,1,3,3,4,3,2,1,4,3,4,1,1,9,0
1590,2,3,3,2,2,2,1,5,3,4,1,2,1,0
1591,3,5,3,7,3,7,1,2,2,3,1,1,10,0
1592,2,3,4,5,1,3,2,5,3,4,1,3,6,0
1593,2,3,3,4,2,2,1,5,2,3,1,4,1,0
1594,2,3,3,4,1,3,1,6,3,3,1,3,6,0
1595,1,4,4,4,1,5,2,3,3,4,1,1,10,0
1596,1,4,3,1,1,1,1,5,4,3,1,2,9,0
1597,1,4,3,1,1,1,2,5,2,3,1,8,9,0
1598,1,4,3,1,1,1,2,4,3,4,1,1,9,0
1599,1,3,4,6,1,4,2,6,3,3,1,5,9,0
1600,1,4,3,1,3,4,1,4,4,4,1,5,13,0
1601,1,5,4,2,2,5,3,3,3,3,1,5,13,0
1602,1,4,4,3,1,5,2,4,2,2,1,1,13,0
1603,1,4,4,3,1,6,2,5,4,3,1,1,13,0
1604,1,3,3,7,1,5,2,6,4,4,1,5,9,0
1605,3,6,3,8,4,8,3,1,3,4,1,1,10,0
1606,1,4,4,5,1,5,4,3,3,5,1,1,10,0
1607,1,4,3,1,1,1,2,5,3,4,1,4,9,0
1608,3,6,3,9,5,9,3,1,2,3,1,2,10,0
1609,1,3,4,6,1,3,4,5,2,3,1,5,6,0
1610,1,4,4,1,2,2,1,6,4,3,1,1,6,0
1611,1,4,3,6,2,7,1,6,2,2,1,2,13,0
1612,1,3,3,7,1,3,1,5,3,3,1,5,6,0
1613,1,4,3,5,2,8,2,5,3,3,1,2,13,0
1614,3,6,4,8,5,9,4,1,4,4,1,3,10,0
1615,1,4,4,4,1,4,1,4,4,3,1,6,10,0
1616,1,3,4,6,2,7,2,6,3,3,1,3,13,0
1617,1,3,4,7,2,6,2,6,3,3,1,1,13,0
1618,1,3,3,7,1,4,2,5,3,3,1,5,6,0
1619,1,2,3,3,1,1,1,3,3,3,1,1,13,0
1620,1,4,3,2,2,2,1,6,2,4,1,6,9,0
1621,1,4,4,3,1,6,2,4,2,3,1,8,13,0
1622,1,3,4,4,3,3,1,4,3,3,1,1,9,0
1623,1,2,3,2,1,1,2,3,3,4,1,1,10,0
1624,3,5,3,7,3,7,2,2,3,3,1,8,10,0
1625,1,4,4,5,1,7,1,6,3,2,1,4,13,0
1626,1,3,3,7,2,6,2,6,3,3,1,2,13,0
1627,1,3,3,7,1,6,2,6,3,4,1,3,13,0
1628,1,5,4,6,2,6,2,3,3,3,1,1,10,0
1629,1,4,3,4,1,5,1,4,3,4,1,5,10,0
1630,1,4,3,1,1,1,1,5,3,3,1,1,9,0
1631,1,4,3,1,1,1,2,5,3,4,1,1,9,0
1632,2,2,3,1,1,1,1,3,3,3,1,4,10,0
1633,2,2,4,1,2,1,1,5,3,4,1,5,10,0
1634,2,2,3,3,1,3,3,4,3,4,1,2,1,0
1635,2,2,3,4,1,3,1,4,3,3,1,4,1,0
1636,1,5,5,5,2,5,3,3,2,4,1,4,10,0
1637,2,3,3,2,2,2,2,6,4,3,1,2,1,0
1638,1,4,3,8,2,4,1,5,3,3,1,3,6,0
1639,1,3,4,7,1,5,3,6,3,4,1,1,13,0
1640,2,3,3,2,2,2,2,5,3,4,1,1,1,0
1641,2,3,4,6,1,4,4,5,4,5,1,5,6,0
1642,1,3,4,6,1,4,4,6,2,2,1,5,9,0
1643,2,2,2,5,1,4,5,1,1,5,1,4,6,0
1644,1,3,3,7,1,4,2,4,4,3,1,4,6,0
1645,1,3,3,2,1,1,3,5,3,5,1,3,9,0
1646,1,4,3,1,2,2,1,5,3,3,1,3,9,0
1647,2,2,3,1,1,1,1,4,3,4,1,5,10,0
1648,2,2,2,3,2,2,1,4,3,3,1,3,1,0
1649,2,3,3,6,1,4,2,5,4,3,1,4,6,0
1650,1,3,2,8,2,5,1,4,3,4,1,3,6,0
1651,3,6,3,7,4,8,3,2,3,4,1,2,10,0
1652,1,4,2,2,2,3,1,5,3,3,1,2,10,0
1653,1,4,3,2,1,1,1,6,3,4,1,5,9,0
1654,2,3,3,2,2,2,1,5,3,3,1,3,10,0
1655,1,3,4,6,1,4,2,6,2,3,1,4,9,0
1656,1,3,4,5,2,3,2,5,3,2,1,1,9,0
1657,1,2,1,4,2,2,1,3,3,4,1,1,13,0
1658,1,3,3,7,2,5,2,5,3,4,1,3,1,0
1659,1,5,3,6,3,6,2,2,3,3,1,1,10,0
1660,1,4,4,2,1,1,3,6,4,3,1,4,9,0
1661,1,4,4,5,2,7,1,6,3,2,1,1,13,0
1662,1,3,3,6,1,4,2,6,3,4,1,5,9,0
1663,1,2,3,3,2,1,1,4,3,2,1,2,13,0
1664,1,2,3,3,1,1,1,3,3,4,1,2,13,0
1665,3,6,3,8,5,9,2,1,3,3,1,3,10,0
1666,1,2,4,2,1,1,2,3,4,4,1,2,10,0
1667,2,3,4,1,2,1,1,6,3,2,1,6,10,0
1668,2,3,3,2,2,2,2,5,2,3,1,2,10,0
1669,2,2,3,5,1,4,3,4,3,4,1,5,1,0
1670,1,4,3,2,1,1,2,6,3,4,1,5,9,0
1671,1,3,4,6,2,4,3,6,2,4,1,4,9,0
1672,1,3,4,5,2,4,2,6,2,3,1,6,9,0
1673,1,5,3,6,2,6,2,2,3,3,1,1,10,0
1674,1,5,4,4,2,5,2,2,4,2,1,4,10,0
1675,1,4,4,3,1,5,3,4,3,2,1,1,13,0
1676,1,4,4,6,2,7,2,5,2,4,1,8,13,0
1677,1,5,3,5,2,6,2,2,2,3,1,1,10,0
1678,1,4,2,2,2,3,1,6,4,2,1,2,10,0
1679,1,4,3,4,1,6,1,5,3,3,1,2,13,0
1680,1,4,4,5,2,7,1,5,3,3,1,3,13,0
1681,2,2,4,1,2,1,1,6,3,3,1,5,10,0
1682,1,4,3,9,2,5,2,4,3,3,1,4,6,0
1683,1,4,3,1,1,2,1,6,3,3,1,1,10,0
1684,2,3,3,2,1,2,1,4,3,3,1,3,10,0
1685,2,3,4,1,2,2,3,5,2,3,1,2,10,0
1686,2,2,3,4,1,3,2,3,2,5,1,5,1,0
1687,2,3,2,5,1,4,1,5,3,3,1,5,1,0
1688,2,2,3,3,1,2,1,4,3,4,1,2,1,0
1689,1,3,3,4,3,3,1,5,2,4,1,1,9,0
1690,2,2,3,3,1,2,1,4,3,4,1,3,1,0
1691,1,4,3,1,2,2,1,5,3,3,1,8,9,0
1692,1,3,4,4,3,2,4,5,2,3,1,2,9,0
1693,1,2,2,2,1,1,1,4,4,4,1,2,13,0
1694,1,4,3,2,1,1,2,5,3,3,1,3,9,0
1695,1,3,3,6,1,4,3,6,3,4,1,5,9,0
1696,1,3,3,7,1,6,1,6,3,4,1,3,13,0
1697,1,3,4,7,1,5,2,6,4,4,1,1,13,0
1698,2,2,3,1,1,1,1,4,4,3,1,5,10,0
1699,2,2,4,1,2,1,2,6,3,3,1,5,10,0
1700,1,5,4,4,2,4,2,3,3,4,1,1,10,0
1701,2,2,3,1,1,1,1,4,2,3,1,5,10,0
1702,1,3,3,1,1,1,2,5,3,4,1,1,9,0
1703,1,4,3,2,2,4,3,4,3,4,1,5,13,0
1704,1,5,4,3,2,5,2,4,2,3,1,1,13,0
1705,1,5,3,2,2,4,3,3,3,3,1,5,13,0
1706,2,3,3,6,1,4,2,5,2,3,1,5,1,0
1707,1,3,4,6,2,4,2,6,4,3,1,5,9,0
1708,1,3,2,8,1,4,1,4,3,3,1,4,6,0
1709,1,4,3,1,3,3,1,5,3,4,1,4,9,0
1710,2,2,2,2,1,1,1,3,3,5,1,5,10,0
1711,1,5,2,3,2,4,1,4,3,3,1,1,10,0
1712,2,3,3,5,1,4,2,4,3,4,1,5,1,0
1713,2,3,3,6,2,4,2,5,3,3,1,6,1,0
1714,1,5,3,4,2,5,1,3,3,4,1,1,10,0
1715,1,5,3,4,2,5,1,3,2,3,1,1,10,0
1716,1,4,3,2,1,1,2,5,3,4,1,4,9,0
1717,1,3,3,6,2,5,2,5,3,3,1,5,1,0
1718,1,5,3,5,3,6,2,1,3,4,1,1,10,0
1719,1,3,4,5,2,4,2,6,2,3,1,5,9,0
1720,3,6,4,9,6,10,5,1,3,3,1,3,10,0
1721,4,6,4,9,5,9,3,1,3,3,1,1,10,0
1722,3,5,2,8,4,8,1,1,2,4,1,8,10,0
1723,1,4,3,1,2,4,2,3,4,4,1,4,13,0
1724,1,3,3,6,1,6,2,6,3,3,1,3,13,0
1725,3,6,3,8,4,8,2,1,3,4,1,2,10,0
1726,1,5,3,6,3,7,1,2,3,4,1,4,10,0
1727,1,4,3,1,1,2,2,5,2,3,1,1,10,0
1728,1,4,3,1,3,3,1,6,2,4,1,4,9,0
1729,1,4,3,2,3,4,2,4,2,4,1,3,13,0
1730,1,4,4,5,3,7,2,5,3,4,1,2,13,0
1731,1,3,5,5,2,3,3,5,2,3,1,8,9,0
1732,1,5,2,6,3,7,1,1,2,2,1,2,10,0
1733,1,4,3,1,3,3,1,6,3,3,1,6,9,0
1734,1,3,4,6,2,7,2,6,4,4,1,2,13,0
1735,1,2,3,3,1,1,1,4,3,4,1,2,13,0
1736,2,2,3,4,2,3,1,4,3,3,1,5,1,0
1737,3,5,2,7,3,7,1,2,2,4,1,1,10,0
1738,1,4,3,1,3,3,2,6,2,4,1,5,9,0
1739,1,3,4,4,3,2,3,5,3,4,1,8,9,0
1740,1,4,2,9,2,5,1,4,2,3,1,5,6,0
1741,1,4,4,10,3,5,2,4,3,3,1,3,6,0
1742,3,6,3,8,5,8,2,1,2,4,1,1,10,0
1743,1,4,3,1,3,3,2,5,4,3,1,5,13,0
1744,1,3,2,7,2,5,1,5,2,3,1,5,1,0
1745,1,3,3,7,2,5,1,4,3,3,1,4,1,0
1746,1,3,2,8,2,5,1,4,3,3,1,4,1,0
1747,1,4,4,4,2,6,3,6,2,4,1,8,13,0
1748,2,2,3,1,1,1,2,4,3,4,1,5,10,0
1749,1,2,1,2,1,1,1,3,3,4,1,1,10,0
1750,1,4,3,9,3,5,1,5,4,3,1,4,6,0
1751,1,4,4,10,3,4,3,4,2,2,1,3,6,0
1752,2,2,4,2,1,1,2,4,4,3,1,3,10,0
1753,1,5,2,3,1,4,1,4,3,4,1,1,10,0
1754,1,4,4,2,1,3,1,5,3,3,1,3,10,0
1755,1,3,4,6,2,6,2,6,3,5,1,5,13,0
1756,1,4,3,1,3,2,1,6,3,3,1,6,9,0
1757,2,2,3,3,1,2,2,4,3,4,1,6,1,0
1758,3,6,3,7,4,8,3,2,3,4,1,1,10,0
1759,1,2,2,2,1,1,5,1,2,6,1,4,10,0
1760,2,3,3,6,2,5,1,4,2,2,1,4,1,0
1761,1,4,3,1,1,2,2,5,3,3,1,2,10,0
1762,2,2,3,2,1,1,2,4,2,3,1,5,10,0
1763,1,3,2,8,2,5,1,4,2,3,1,5,1,0
1764,1,5,4,5,3,6,4,2,3,3,1,3,10,0
1765,1,5,3,4,2,5,2,3,2,4,1,2,10,0
1766,2,2,4,1,1,1,1,4,3,3,1,2,10,0
1767,2,2,4,1,2,1,1,5,3,3,1,5,10,0
1768,1,5,4,6,3,7,3,1,4,2,1,5,10,0
1769,1,4,3,2,2,1,2,6,3,4,1,5,9,0
1770,3,6,3,8,5,9,4,1,4,4,1,1,10,0
1771,3,6,3,7,4,8,3,1,2,4,1,8,10,0
1772,2,3,3,6,2,4,1,4,3,3,1,3,1,0
1773,1,3,4,6,1,4,3,6,3,3,1,5,9,0
1774,1,3,4,7,1,5,2,5,4,4,1,1,13,0
1775,2,2,3,2,1,1,2,4,3,4,1,3,10,0
1776,1,5,4,3,3,5,3,4,2,3,1,1,13,0
1777,1,4,4,4,2,6,2,6,3,3,1,2,13,0
1778,2,2,3,3,1,2,1,4,2,4,1,3,1,0
1779,1,4,3,1,2,2,1,6,3,3,1,6,9,0
1780,1,4,4,5,2,7,2,6,3,3,1,3,13,0
1781,1,4,3,1,2,2,1,6,3,3,1,5,9,0
1782,1,4,4,4,3,7,2,6,3,4,1,2,13,0
1783,1,4,4,5,3,7,3,6,4,4,1,2,13,0
1784,2,2,3,4,1,3,1,5,3,4,1,6,1,0
1785,1,4,3,2,1,1,2,5,3,3,1,4,9,0
1786,1,5,3,2,3,4,3,3,4,3,1,5,13,0
1787,2,3,4,5,2,4,1,4,3,3,1,3,1,0
1788,1,3,3,9,3,5,1,4,2,4,1,5,6,0
1789,1,4,3,10,3,4,2,4,3,3,1,3,6,0
1790,1,5,4,4,2,5,1,2,4,3,1,3,10,0
1791,1,4,3,3,1,4,1,4,3,3,1,1,10,0
1792,2,2,3,2,1,1,2,4,3,4,1,2,1,0
1793,2,2,3,4,1,3,2,4,3,3,1,6,1,0
1794,1,3,3,7,2,5,1,4,3,4,1,4,1,0
1795,1,3,3,8,2,5,1,4,2,3,1,3,1,0
1796,1,3,4,4,3,3,2,5,2,3,1,1,9,0
1797,1,3,4,4,2,2,2,5,4,3,1,1,9,0
1798,2,2,3,1,1,1,3,3,4,4,1,5,10,0
1799,1,4,3,2,1,3,2,6,2,3,1,1,10,0
1800,1,4,4,5,3,7,3,6,3,4,1,2,13,0
1801,1,3,3,6,2,6,2,6,4,3,1,8,13,0
1802,1,3,2,8,3,5,1,4,4,3,1,4,1,0
1803,1,5,3,5,3,6,3,3,4,3,1,2,10,0
1804,1,4,4,3,3,6,2,5,3,3,1,1,13,0
1805,1,4,4,4,3,7,2,6,3,3,1,8,13,0
1806,2,2,3,3,1,1,2,4,4,3,1,5,1,0
1807,1,3,2,8,3,6,1,4,3,3,1,5,1,0
1808,1,5,4,4,2,5,2,3,3,3,1,3,10,0
1809,1,4,3,2,1,1,3,6,2,4,1,5,9,0
1810,1,4,4,3,3,6,2,6,3,4,1,1,13,0
1811,1,4,4,4,3,6,2,6,3,3,1,5,13,0
1812,1,3,2,9,3,4,1,5,2,3,1,5,6,0
1813,1,4,3,9,3,4,1,4,3,3,1,5,6,0
1814,3,6,3,7,4,8,3,1,4,4,1,4,10,0
1815,1,3,4,6,1,4,3,6,3,3,1,5,9,0
1816,4,6,3,8,5,9,2,1,2,3,1,1,10,0
1817,3,6,4,8,5,8,5,1,4,5,1,2,10,0
1818,1,4,3,1,1,2,2,5,3,4,1,1,9,0
1819,1,4,3,1,3,3,3,5,3,3,1,5,13,0
1820,1,4,3,1,3,3,1,5,3,3,1,5,13,0
1821,1,3,4,6,1,4,3,6,4,3,1,5,9,0
1822,1,3,4,6,1,5,3,6,4,4,1,5,13,0
1823,1,4,4,5,2,4,2,6,2,2,1,5,9,0
1824,1,2,4,3,2,2,2,5,3,4,1,8,13,0
1825,2,3,4,5,2,4,3,4,2,5,1,3,1,0
1826,1,4,4,2,1,1,2,6,3,4,1,4,9,0
1827,1,2,3,3,1,1,1,4,3,4,1,1,13,0
1828,1,2,2,2,1,1,2,3,4,4,1,4,10,0
1829,2,2,4,1,1,1,3,4,3,3,1,5,10,0
1830,1,4,4,2,1,3,1,6,3,3,1,2,10,0
1831,1,3,4,7,1,5,3,6,2,4,1,2,13,0
1832,2,2,4,4,2,3,3,4,3,3,1,3,1,0
1833,1,4,3,11,2,3,1,4,2,3,1,4,6,0
1834,1,4,4,2,1,3,1,5,4,4,1,3,6,0
1835,1,3,3,2,1,1,2,5,3,4,1,1,9,0
1836,2,2,3,1,1,1,2,4,3,4,1,4,10,0
1837,1,3,3,11,2,2,2,5,3,3,1,2,6,0
1838,4,6,4,9,6,10,4,1,4,3,1,3,10,0
1839,1,4,3,2,1,2,2,5,3,3,1,2,9,0
1840,1,3,3,7,3,5,1,3,2,4,1,3,1,0
1841,1,4,3,3,1,5,1,4,3,4,1,3,10,0
1842,1,3,4,6,1,5,3,6,3,3,1,5,13,0
1843,2,2,4,4,1,2,4,4,2,5,1,4,1,0
1844,2,2,3,2,1,1,1,3,3,4,1,3,1,0
1845,2,2,4,3,1,2,4,4,3,4,1,3,1,0
1846,1,4,4,5,3,7,3,6,4,3,1,6,13,0
1847,1,4,4,5,2,3,2,6,2,2,1,1,9,0
1848,1,3,5,5,2,3,2,5,3,3,1,1,9,0
1849,1,3,3,7,3,6,2,4,2,4,1,6,1,0
1850,1,3,4,10,3,3,3,4,3,3,1,3,1,0
1851,2,2,3,1,1,1,2,4,4,4,1,2,10,0
1852,1,3,2,9,3,5,1,4,3,3,1,5,1,0
1853,1,4,3,10,3,4,1,5,2,3,1,4,1,0
1854,1,6,4,7,4,7,2,1,3,3,1,5,10,0
1855,1,5,4,6,3,7,3,2,2,4,1,1,10,0
1856,1,2,4,3,2,1,2,4,3,4,1,1,13,0
1857,1,2,2,1,1,1,1,4,3,4,1,4,10,0
1858,1,3,3,8,3,5,2,4,2,3,1,6,1,0
1859,4,6,4,9,6,11,4,1,3,3,1,2,10,0
1860,1,5,3,2,3,4,3,3,3,4,1,1,13,0
1861,1,2,1,2,1,1,1,4,3,5,1,4,10,0
1862,2,2,3,2,1,1,2,4,4,4,1,5,1,0
1863,1,3,2,9,4,4,1,5,3,3,1,5,1,0
1864,1,3,4,4,3,3,2,5,2,4,1,1,9,0
1865,1,2,3,2,1,1,2,4,3,5,1,8,10,0
1866,2,3,3,6,3,5,1,4,3,4,1,4,1,0
1867,2,3,2,7,3,5,1,4,3,3,1,6,1,0
1868,1,6,4,6,4,8,4,1,3,2,1,1,10,0
1869,1,4,4,6,2,7,1,6,3,3,1,2,13,0
1870,1,3,4,7,1,6,3,6,4,3,1,2,13,0
1871,1,3,4,4,3,2,2,5,3,3,1,1,9,0
1872,1,3,4,3,2,2,2,5,3,3,1,1,9,0
1873,1,5,3,6,3,7,2,1,3,4,1,2,10,0
1874,1,3,4,6,1,6,2,6,4,4,1,2,13,0
1875,2,3,4,6,3,4,4,5,3,5,1,6,1,0
1876,2,3,4,6,3,5,2,5,4,4,1,1,1,0
1877,4,6,4,9,6,11,4,1,3,3,1,4,10,0
1878,1,5,3,4,1,5,2,4,3,4,1,1,10,0
1879,2,2,3,3,1,1,1,4,3,4,1,2,1,0
1880,2,2,3,3,1,1,2,5,2,5,1,4,1,0
1881,1,5,3,5,2,6,1,3,2,4,1,1,10,0
1882,1,5,4,6,3,7,3,2,4,3,1,2,10,0
1883,1,5,3,5,2,6,1,4,2,3,1,1,10,0
1884,1,5,3,5,2,6,2,4,3,3,1,3,10,0
1885,1,3,4,6,1,5,3,6,3,3,1,5,13,0
1886,2,2,3,2,1,1,1,4,3,4,1,5,6,0
1887,1,4,4,2,1,2,2,5,3,4,1,2,9,0
1888,1,3,4,6,1,6,3,6,3,3,1,1,13,0
1889,1,3,3,7,1,6,3,6,3,5,1,1,13,0
1890,1,3,4,7,1,5,3,6,4,4,1,5,13,0
1891,2,2,5,5,2,3,5,5,4,5,1,3,1,0
1892,2,3,4,6,3,4,3,6,2,3,1,4,1,0
1893,4,6,4,8,6,12,5,1,3,3,1,2,10,0
1894,1,4,4,5,2,7,2,6,2,3,1,8,13,0
1895,1,4,4,5,2,3,4,6,3,2,1,1,9,0
1896,2,2,4,4,1,2,5,4,4,5,1,5,1,0
1897,1,4,4,3,1,2,2,5,3,4,1,1,9,0
1898,1,4,3,1,3,3,4,6,3,3,1,4,9,0
1899,1,5,4,3,3,5,2,4,4,3,1,1,13,0
1900,2,3,4,4,2,3,2,5,3,3,1,1,1,0
1901,2,2,4,5,3,3,5,5,4,4,1,4,1,0
1902,1,3,3,8,4,5,1,5,3,4,1,3,1,0
1903,1,3,3,8,4,6,1,5,4,3,1,5,1,0
1904,2,2,4,4,1,2,1,5,3,3,1,6,1,0
1905,1,3,3,3,1,1,2,6,3,4,1,5,9,0
1906,1,5,3,2,3,4,4,4,4,3,1,4,13,0
1907,1,3,4,4,3,3,3,5,3,3,1,1,9,0
1908,2,3,4,4,2,3,2,5,3,3,1,5,1,0
1909,4,6,4,8,6,12,4,1,3,3,1,3,10,0
1910,1,5,3,2,3,5,2,4,2,4,1,1,13,0
1911,1,4,3,5,3,7,1,6,2,2,1,5,9,0
1912,3,6,5,8,5,9,4,2,3,3,1,4,10,0
1913,3,6,4,7,4,8,3,1,4,4,1,2,10,0
1914,4,6,3,8,6,13,4,1,2,3,1,4,10,0
1915,1,5,3,1,3,3,3,4,3,4,1,5,13,0
1916,2,3,4,6,3,4,2,6,4,3,1,5,1,0
1917,4,6,4,9,6,10,3,1,2,4,1,3,10,0
1918,3,6,3,8,5,9,4,1,4,4,1,3,10,0
1919,4,6,4,8,5,9,5,1,4,3,1,3,10,0
1920,1,3,3,2,1,2,2,5,3,4,1,1,9,0
1921,1,3,4,3,2,1,3,5,3,3,1,1,9,0
1922,1,4,4,2,2,1,3,6,4,3,1,4,9,0
1923,1,4,4,5,2,4,3,6,2,3,1,5,9,0
1924,1,3,3,9,3,4,1,5,2,3,1,3,1,0
1925,1,3,3,9,4,5,1,5,3,4,1,4,1,0
1926,1,3,3,9,3,4,2,5,3,3,1,2,1,0
1927,4,6,4,9,6,10,3,1,4,3,1,4,10,0
1928,4,6,5,8,6,9,5,1,2,3,1,3,10,0
1929,1,4,4,3,1,3,2,5,2,5,1,1,10,0
1930,1,4,4,3,1,3,2,5,3,4,1,8,6,0
1931,1,4,4,2,2,1,4,6,2,3,1,5,9,0
1932,2,3,3,4,2,2,1,6,4,3,1,6,1,0
1933,1,3,2,7,4,5,1,5,3,3,1,6,1,0
1934,1,3,3,9,3,4,2,5,4,2,1,3,1,0
1935,3,6,4,7,4,8,5,1,4,5,1,2,10,0
1936,1,6,4,7,4,8,4,1,4,3,1,3,10,0
1937,1,6,4,6,4,7,3,1,2,4,1,8,10,0
1938,1,5,3,5,3,7,2,2,3,3,1,8,10,0
1939,1,4,4,3,1,3,2,6,2,3,1,3,6,0
1940,1,4,4,3,1,1,2,6,2,3,1,5,9,0
1941,1,4,3,1,3,2,3,5,4,3,1,4,9,0
1942,1,4,3,3,4,6,2,6,2,3,1,4,13,0
1943,1,2,3,2,1,1,2,4,4,4,1,8,10,0
1944,2,2,4,1,1,1,2,4,4,4,1,4,10,0
1945,1,3,4,7,3,5,1,6,3,4,1,3,1,0
1946,4,6,3,7,6,13,4,1,3,3,1,3,10,0
1947,4,6,4,8,6,9,4,1,2,2,1,4,10,0
1948,2,3,4,7,4,5,2,6,4,3,1,6,1,0
1949,1,3,3,3,1,1,1,5,4,3,1,1,9,0
1950,1,5,3,3,3,5,1,4,3,3,1,1,13,0
1951,1,3,4,10,3,4,3,5,2,3,1,2,1,0
1952,1,5,4,6,3,7,2,1,3,3,1,1,10,0
1953,1,5,3,5,2,6,2,3,2,3,1,8,10,0
1954,1,5,3,1,3,3,1,4,3,3,1,3,13,0
1955,1,2,4,2,1,1,2,5,3,4,1,1,13,0
1956,2,2,2,1,1,1,1,4,3,4,1,8,10,0
1957,1,4,4,5,2,7,2,6,2,2,1,1,13,0
1958,1,4,4,6,2,7,2,6,3,3,1,8,13,0
1959,2,3,3,4,2,3,2,5,4,3,1,5,1,0
1960,1,3,4,6,2,5,3,6,2,4,2,3,13,0
1961,1,5,3,3,3,5,2,4,3,4,2,1,13,0
1962,2,3,4,5,3,3,3,6,2,3,1,1,1,0
1963,2,3,3,6,3,4,1,5,3,3,1,6,1,0
1964,2,3,4,6,3,4,4,5,4,3,1,5,1,0
1965,1,4,4,2,2,2,3,6,2,4,2,3,9,0
1966,1,5,3,4,1,5,2,4,2,3,1,1,10,0
1967,1,4,4,3,1,4,1,6,3,3,1,4,10,0
1968,2,3,5,6,3,5,5,6,2,4,1,1,1,0
1969,1,4,4,3,1,1,3,6,3,3,1,4,9,0
1970,1,4,3,4,3,7,1,5,4,3,1,8,9,0
1971,1,3,4,10,3,4,2,4,4,3,1,4,1,0
1972,1,3,3,3,1,1,2,5,3,4,1,4,9,0
1973,1,4,4,2,1,1,2,6,3,3,2,4,9,0
1974,1,4,4,2,2,2,2,6,2,3,2,5,9,0
1975,1,4,4,4,3,7,1,6,3,3,2,2,9,0
1976,1,3,4,7,1,6,2,6,4,4,2,6,13,0
1977,4,6,4,9,5,10,4,1,4,5,1,3,10,0
1978,1,4,4,1,2,3,1,4,3,3,2,3,9,0
1979,1,5,3,1,3,4,2,4,2,4,1,4,13,0
1980,1,4,4,6,1,5,4,6,4,3,2,5,13,0
1981,2,3,3,6,3,4,2,5,2,3,1,5,1,0
1982,1,5,3,5,3,7,2,2,3,3,1,1,10,0
1983,1,3,4,3,1,1,2,5,2,4,1,1,9,0
1984,1,4,3,1,2,4,1,5,3,3,2,4,13,0
1985,1,3,3,11,2,2,2,5,3,3,1,4,6,0
1986,1,5,3,4,2,5,1,5,3,3,1,2,10,0
1987,1,4,4,3,1,2,3,5,3,3,2,1,9,0
1988,4,5,3,10,5,11,3,2,3,3,1,4,10,0
1989,1,4,3,3,3,6,3,5,3,3,2,5,13,0
1990,3,6,4,7,4,8,4,1,4,4,1,4,10,0
1991,1,4,4,3,1,3,2,6,2,3,1,8,6,0
1992,1,4,4,4,3,7,2,5,2,3,2,1,9,0
1993,2,2,3,1,1,1,2,3,4,5,1,4,10,0
1994,2,2,3,1,1,1,1,4,4,4,1,1,10,0
1995,2,3,3,4,2,2,1,5,3,4,1,6,1,0
1996,1,4,4,5,3,7,1,6,2,3,2,3,9,0
1997,1,3,4,6,1,6,3,6,3,4,2,1,13,0
1998,1,2,3,1,1,1,1,4,3,3,1,1,10,0
1999,4,6,4,8,5,9,5,1,2,4,1,1,10,0
2000,1,5,3,2,2,5,2,3,3,4,2,4,13,0
2001,4,6,4,9,5,10,4,1,4,4,1,5,10,0
2002,1,4,4,5,2,7,2,6,3,4,2,2,13,0
2003,1,5,4,2,3,5,5,1,1,5,1,2,13,0
2004,2,3,4,3,2,2,1,5,4,3,1,3,1,0
2005,1,3,4,8,3,5,3,6,3,2,1,2,1,0
2006,1,3,3,9,3,4,2,4,2,3,1,3,1,0
2007,4,6,4,8,5,9,4,1,3,3,1,4,10,0
2008,1,3,4,4,3,3,3,6,4,4,1,2,9,0
2009,2,2,3,2,1,1,1,4,3,3,1,4,6,0
2010,1,3,3,10,2,3,2,5,2,4,1,5,6,0
2011,1,3,3,3,1,1,2,5,3,3,2,3,9,0
2012,1,3,3,3,1,1,2,5,3,4,2,1,9,0
2013,1,3,3,11,2,3,1,4,3,3,1,4,6,0
2014,4,6,4,8,6,12,4,1,2,3,1,1,10,0
2015,4,6,3,8,5,9,4,1,3,4,1,1,10,0
2016,1,3,3,12,1,1,2,5,3,4,1,3,6,0
2017,1,3,3,11,1,1,2,5,2,3,1,4,6,0
2018,1,3,4,3,1,1,4,5,4,4,2,5,9,0
2019,2,3,3,6,3,4,1,5,3,3,1,6,1,0
2020,1,3,3,10,2,3,1,4,3,3,1,4,6,0
2021,2,3,4,7,3,5,3,6,2,3,1,3,1,0
2022,1,3,4,10,2,3,4,5,3,5,1,4,1,0
2023,4,5,4,9,5,11,4,2,4,3,1,4,10,0
2024,1,4,4,1,2,4,2,4,4,3,2,5,13,0
2025,1,2,3,1,1,1,1,4,4,3,1,8,10,0
2026,2,3,4,3,2,2,3,5,4,4,1,5,1,0
2027,4,6,3,6,6,14,4,1,4,4,1,2,10,0
2028,4,6,3,7,7,14,3,1,3,4,1,1,10,0
2029,1,5,3,5,2,6,2,3,3,4,2,1,10,0
2030,1,4,3,4,1,4,1,6,2,3,2,3,10,0
2031,1,4,4,4,3,4,5,6,2,3,1,1,9,0
2032,1,4,4,6,2,5,3,6,2,2,2,5,9,0
2033,2,2,3,1,1,1,1,3,3,5,1,8,10,0
2034,4,6,3,7,6,14,3,1,3,4,1,2,10,0
2035,2,2,4,1,1,1,2,4,3,4,1,1,10,0
2036,1,3,4,9,2,4,5,5,2,4,1,2,1,0
2037,1,3,3,9,3,4,3,5,2,3,1,1,1,0
2038,4,5,3,9,5,10,2,1,2,3,1,3,10,0
2039,1,2,4,2,2,1,2,5,3,3,1,1,10,0
2040,1,4,3,4,2,4,2,5,4,3,2,2,10,0
2041,1,3,4,7,2,6,3,6,2,3,2,5,13,0
2042,1,3,4,2,3,2,1,5,4,3,1,1,13,0
2043,1,3,4,8,2,4,3,5,4,3,1,4,1,0
2044,1,3,3,12,1,2,1,5,4,3,1,5,6,0
2045,1,4,2,4,1,3,1,6,4,3,2,2,6,0
2046,1,3,3,6,2,7,3,6,3,4,2,1,13,0
2047,4,6,4,9,5,12,3,2,2,3,1,1,10,0
2048,1,4,2,4,2,4,1,6,3,3,2,2,10,0
2049,1,4,2,4,2,3,1,6,3,3,2,3,6,0
2050,2,2,1,1,1,1,1,3,3,4,1,4,6,0
2051,2,3,4,3,2,2,2,5,3,2,1,5,1,0
2052,1,3,4,4,2,1,2,4,3,4,2,1,9,0
2053,2,3,4,4,2,3,2,6,3,3,1,4,1,0
2054,2,3,4,4,2,3,3,5,2,3,1,4,1,0
2055,1,3,4,8,2,4,1,5,3,3,1,3,1,0
2056,1,5,3,7,3,8,2,2,2,3,1,2,10,0
2057,1,5,5,6,1,6,5,2,3,4,2,8,10,0
2058,1,4,3,4,2,3,2,6,2,2,2,1,6,0
2059,1,4,4,4,2,2,2,5,2,3,2,8,6,0
2060,2,3,3,5,3,4,3,6,3,2,1,3,1,0
2061,1,5,3,2,2,5,3,4,3,2,2,4,13,0
2062,1,4,4,4,3,6,3,5,3,3,2,1,9,0
2063,1,4,4,5,3,7,2,6,3,4,2,8,9,0
2064,1,3,4,6,1,6,2,6,4,3,2,5,13,0
2065,2,2,3,2,1,1,1,4,3,4,1,5,6,0
2066,4,6,3,7,7,14,1,1,3,4,1,8,10,0
2067,1,4,4,4,3,7,2,5,2,3,2,1,9,0
2068,2,2,3,2,1,1,1,4,3,4,1,5,6,0
2069,4,6,2,6,6,15,1,1,5,5,1,2,10,0
2070,4,6,4,6,6,15,4,1,2,4,1,4,10,0
2071,4,6,3,9,5,10,3,1,3,4,1,3,10,0
2072,1,5,4,6,1,6,3,2,3,3,2,3,10,0
2073,2,3,4,4,2,2,2,5,4,3,1,3,1,0
2074,1,3,4,5,3,4,3,6,3,2,1,3,9,0
2075,1,2,3,1,2,2,1,5,3,4,1,1,10,0
2076,2,3,3,7,2,4,1,5,4,3,1,3,1,0
2077,1,5,2,2,2,5,2,4,4,3,2,4,13,0
2078,1,3,3,11,2,2,1,5,3,3,1,2,6,0
2079,1,4,3,1,2,4,3,5,3,3,2,5,13,0
2080,2,3,4,4,3,3,2,5,4,4,1,6,1,0
2081,2,3,4,5,3,4,3,5,2,3,1,6,1,0
2082,3,6,3,8,4,9,1,1,2,3,1,2,10,0
2083,1,5,3,7,4,8,4,2,4,4,1,3,10,0
2084,1,4,4,1,2,3,1,6,4,4,2,4,9,0
2085,1,3,4,2,3,2,1,4,4,3,1,1,13,0
2086,1,3,3,9,3,4,3,4,3,4,1,2,1,0
2087,1,3,3,11,2,1,2,5,2,3,1,4,6,0
2088,4,6,4,8,4,9,4,1,3,4,1,8,10,0
2089,1,3,3,4,1,1,3,5,4,4,2,2,9,0
2090,1,3,4,3,1,1,3,5,3,4,2,5,9,0
2091,1,4,4,1,2,2,2,6,3,3,2,6,9,0
2092,1,5,3,3,2,5,3,4,4,4,2,4,13,0
2093,1,3,4,5,2,5,5,6,2,4,2,2,9,0
2094,1,2,2,1,2,2,1,4,3,4,1,3,10,0
2095,2,2,3,2,2,1,1,4,3,4,1,5,6,0
2096,1,3,3,11,1,1,1,4,2,4,1,5,6,0
2097,1,6,4,8,4,8,4,2,3,4,1,1,10,0
2098,1,4,4,5,2,7,3,6,3,4,2,1,13,0
2099,1,4,4,6,2,6,3,6,2,2,2,6,9,0
2100,1,4,4,6,2,5,4,6,2,2,2,3,9,0
2101,2,3,3,7,2,3,1,4,2,3,1,3,1,0
2102,1,3,4,5,3,5,3,6,4,3,2,3,9,0
2103,1,3,4,3,3,3,3,6,2,3,1,1,13,0
2104,2,2,3,3,2,1,2,4,3,3,1,4,6,0
2105,2,3,4,5,3,3,2,5,2,2,1,2,1,0
2106,2,3,3,6,3,4,2,5,3,3,1,4,1,0
2107,1,4,3,4,2,2,2,5,3,3,2,2,6,0
2108,1,5,3,2,2,5,2,5,3,3,2,5,9,0
2109,1,4,4,3,3,6,2,4,2,3,2,8,9,0
2110,2,3,4,6,3,3,3,4,2,2,1,3,1,0
2111,1,3,3,11,2,3,1,4,3,4,1,4,6,0
2112,1,3,3,11,1,2,3,6,3,4,1,3,6,0
2113,4,6,3,7,6,14,4,1,3,3,1,1,10,0
2114,4,6,4,8,5,10,3,2,4,5,1,5,10,0
2115,1,5,3,3,2,6,2,4,3,4,2,1,9,0
2116,1,3,3,11,1,2,3,5,2,4,1,1,6,0
2117,4,6,4,6,6,15,5,1,3,3,1,3,10,0
2118,4,5,3,11,2,9,2,3,3,3,2,3,10,0
2119,4,5,4,8,4,9,4,2,3,3,1,4,10,0
2120,1,4,4,5,1,4,2,4,3,3,2,3,10,0
2121,1,4,3,1,1,4,1,5,3,3,2,3,9,0
2122,1,3,4,6,2,6,2,6,4,4,2,6,13,0
2123,2,3,4,6,2,3,2,4,3,3,1,3,1,0
2124,1,4,4,1,1,4,2,5,3,3,2,5,9,0
2125,1,4,3,2,1,5,1,5,3,4,2,3,9,0
2126,4,6,3,8,6,13,3,1,4,4,1,1,10,0
2127,4,5,4,9,4,10,5,2,4,3,1,4,10,0
2128,1,4,4,5,1,3,2,5,4,3,2,3,6,0
2129,1,3,4,4,1,1,2,5,3,4,2,1,9,0
2130,1,4,3,5,1,3,1,6,3,3,2,2,10,0
2131,2,2,3,2,1,1,1,3,3,4,1,4,6,0
2132,1,4,4,5,1,4,3,4,3,4,2,2,10,0
2133,1,4,4,4,3,7,1,4,3,3,2,2,9,0
2134,1,3,4,2,2,2,2,4,3,3,1,1,13,0
2135,1,3,4,2,2,2,2,4,3,4,2,8,13,0
2136,2,3,4,6,2,2,3,4,3,3,1,4,1,0
2137,1,4,4,5,1,2,3,5,3,3,2,1,6,0
2138,1,4,3,6,2,6,2,6,2,4,2,5,13,0
2139,1,4,4,6,3,6,4,6,2,3,2,2,9,1
2140,1,4,3,5,3,7,3,6,3,4,2,1,9,0
2141,1,3,4,6,3,5,3,6,3,4,2,3,9,1
2142,1,3,4,8,1,4,4,5,3,4,1,1,1,0
2143,1,3,4,8,1,3,1,5,3,3,1,3,1,0
2144,4,6,4,7,7,14,4,1,3,3,1,3,10,0
2145,1,5,4,7,3,8,2,2,4,3,1,3,10,0
2146,1,3,3,4,1,1,1,5,4,4,2,2,9,0
2147,1,3,4,3,4,4,2,5,2,2,2,3,13,0
2148,1,3,4,4,3,4,3,6,3,3,1,3,13,0
2149,1,4,4,5,3,7,2,6,4,3,2,2,9,0
2150,2,3,3,7,1,3,2,4,4,3,1,4,1,0
2151,1,3,3,10,2,3,1,4,2,3,1,5,6,0
2152,4,6,4,9,4,10,5,2,4,4,1,3,10,0
2153,4,5,5,9,4,10,5,3,3,2,1,4,10,0
2154,1,3,5,4,4,4,4,5,4,3,2,4,13,0
2155,1,3,3,9,2,4,2,3,3,4,1,3,1,0
2156,1,3,3,11,1,2,1,4,3,2,1,4,6,0
2157,4,5,5,9,5,12,4,2,2,4,1,1,10,0
2158,4,5,4,9,5,12,5,1,3,4,1,4,10,0
2159,1,4,4,1,1,3,2,6,3,3,2,3,9,0
2160,1,3,4,4,4,4,2,6,3,4,2,3,13,0
2161,2,3,4,4,3,2,2,4,3,3,1,5,1,0
2162,4,5,5,9,4,12,5,2,3,3,1,2,10,0
2163,4,5,4,10,4,11,4,3,3,4,1,4,10,0
2164,1,3,3,12,1,1,1,4,2,3,1,4,6,0
2165,4,6,5,7,6,14,4,1,2,4,1,3,10,0
2166,4,6,4,8,5,13,5,1,2,4,1,1,10,0
2167,4,5,5,9,4,12,5,2,2,4,1,2,10,0
2168,4,6,5,5,5,15,5,1,4,4,1,4,10,0
2169,4,6,4,7,6,13,4,1,4,2,1,3,10,0
2170,4,5,4,9,5,12,5,1,3,3,1,2,10,0
2171,1,3,3,11,2,3,1,5,3,3,1,5,1,0
2172,1,3,3,10,2,3,2,5,2,3,1,4,1,0
2173,1,3,3,12,1,1,1,4,4,4,1,4,6,0
2174,4,6,4,8,6,13,4,1,2,2,1,3,10,0
2175,1,3,4,3,1,2,3,5,4,3,2,5,9,0
2176,1,4,4,1,1,3,3,6,3,3,2,4,9,0
2177,1,3,4,12,1,2,3,4,3,3,1,1,6,0
2178,1,3,3,11,1,2,2,5,2,3,1,2,6,1
2179,4,5,4,8,5,12,4,2,3,3,1,2,10,0
2180,1,4,4,2,1,2,1,6,2,3,2,3,9,0
2181,2,3,4,5,2,3,3,5,3,3,1,1,1,0
2182,4,6,4,9,4,12,5,2,2,2,1,1,10,0
2183,4,5,4,9,4,9,5,3,4,4,1,3,10,0
2184,2,3,4,3,2,2,3,4,3,3,1,5,6,0
2185,4,5,5,9,3,10,5,2,3,3,1,3,10,0
2186,1,3,4,3,1,2,2,6,3,3,2,4,9,0
2187,1,3,4,6,3,6,4,6,2,4,2,2,9,0
2188,2,2,2,1,1,1,1,3,3,4,1,2,6,0
2189,1,4,4,6,3,7,2,6,3,3,2,5,9,0
2190,2,3,3,5,2,2,2,4,3,3,1,4,1,0
2191,4,5,5,11,3,11,4,3,4,4,1,1,10,0
2192,1,3,3,4,1,1,1,5,4,4,2,1,9,0
2193,1,4,3,5,3,7,4,6,3,4,2,1,9,0
2194,1,3,4,3,1,1,4,5,4,5,2,4,9,0
2195,2,2,4,2,1,1,3,4,2,4,1,6,6,0
2196,2,2,4,2,1,1,2,3,4,4,1,5,6,0
2197,1,3,4,9,1,4,2,4,4,4,1,2,1,0
2198,4,5,5,9,4,12,4,2,3,3,1,4,10,0
2199,1,3,4,2,2,2,2,5,2,3,2,2,13,0
2200,1,3,3,10,2,4,3,4,4,5,1,5,1,0
2201,1,3,3,9,1,4,2,4,3,4,1,5,1,0
2202,4,6,4,6,6,15,5,1,3,3,1,2,10,0
2203,1,4,3,5,3,8,1,5,4,4,2,2,9,0
2204,1,3,4,3,3,3,3,1,3,3,2,4,13,0
2205,1,3,4,3,3,3,3,5,4,3,2,4,13,0
2206,1,3,4,2,2,2,1,5,3,3,2,3,13,0
2207,1,3,4,1,2,2,1,5,4,3,2,8,13,0
2208,4,5,4,9,4,9,5,2,3,3,1,4,10,0
2209,2,2,4,1,1,1,3,4,4,4,1,1,10,1
2210,4,6,3,6,7,14,4,1,3,4,1,1,10,0
2211,4,5,4,11,3,10,4,3,4,3,1,3,10,0
2212,1,4,4,5,1,4,1,5,2,3,2,3,10,0
2213,1,3,4,5,3,5,3,6,3,4,2,3,9,0
2214,4,5,3,9,4,12,3,3,3,4,1,2,10,0
2215,4,5,4,9,5,12,5,2,4,4,1,3,10,0
2216,4,5,4,8,5,12,3,2,2,3,1,2,10,0
2217,1,4,4,5,1,2,1,4,4,3,2,3,6,0
2218,4,5,4,8,5,13,4,2,3,4,1,3,10,0
2219,1,5,4,7,2,7,3,2,3,3,2,3,10,0
2220,1,4,4,4,2,8,2,6,3,4,2,8,9,0
2221,1,2,4,1,1,1,1,4,4,4,1,3,13,0
2222,1,2,4,1,1,1,2,4,3,3,1,2,13,0
2223,1,2,4,1,1,1,2,4,3,4,1,2,10,0
2224,1,2,4,1,1,1,1,5,3,3,1,2,10,0
2225,1,4,5,6,1,5,4,4,2,4,2,1,10,0
2226,1,2,4,1,1,2,2,4,3,4,2,2,13,1
2227,4,5,4,9,4,12,5,2,3,4,1,2,10,0
2228,1,4,4,5,1,5,3,4,3,4,2,3,10,0
2229,1,4,4,3,3,7,2,5,3,3,2,8,9,0
2230,4,5,5,10,4,11,4,2,4,4,1,4,10,0
2231,4,5,5,10,3,11,4,2,3,4,1,3,10,0
2232,1,5,4,7,2,6,4,3,3,3,2,2,10,0
2233,1,3,4,3,1,1,3,5,3,4,2,5,9,0
2234,1,5,3,3,2,6,2,4,4,3,2,2,9,0
2235,1,4,3,12,1,1,1,4,3,3,1,4,6,0
2236,1,5,3,8,3,8,3,2,2,3,1,1,10,0
2237,1,3,4,4,4,4,3,5,2,3,2,2,13,0
2238,1,5,4,6,1,6,2,3,4,3,2,2,10,0
2239,2,2,1,1,1,1,1,3,3,4,1,4,6,0
2240,2,2,3,2,1,1,1,4,3,3,1,5,6,0
2241,2,2,4,2,1,1,2,4,3,4,1,5,6,0
2242,1,5,4,8,3,8,4,2,4,3,2,2,10,0
2243,1,4,4,1,1,4,2,6,3,4,2,4,9,0
2244,2,3,4,7,1,3,3,4,2,3,1,2,1,0
2245,1,3,4,13,1,1,2,5,2,4,1,5,6,0
2246,4,6,4,7,6,14,3,1,2,3,1,1,10,0
2247,4,5,4,11,3,10,5,4,2,4,1,2,10,0
2248,1,3,2,4,1,1,1,4,3,5,2,2,9,0
2249,4,6,3,7,6,13,4,1,3,4,1,1,10,0
2250,1,3,4,5,1,2,3,5,4,5,2,2,6,0
2251,1,4,4,1,1,4,2,6,3,4,2,6,9,0
2252,2,3,4,6,2,3,3,5,2,3,1,2,1,0
2253,1,5,4,7,2,7,4,2,2,3,2,8,10,0
2254,1,3,4,3,3,3,3,5,4,3,2,3,13,0
2255,2,2,4,3,1,1,1,4,3,3,1,3,6,0
2256,2,2,4,3,1,1,2,4,3,3,1,4,6,0
2257,1,3,4,5,1,1,3,5,3,4,2,5,9,0
2258,1,3,3,11,1,3,2,4,3,3,1,3,1,1
2259,1,3,3,13,1,1,1,5,4,3,1,5,6,0
2260,4,7,5,5,6,15,4,1,2,4,1,1,10,0
2261,4,6,3,7,7,14,3,1,3,3,1,2,10,0
2262,4,5,5,10,3,10,4,3,4,4,2,4,10,0
2263,1,3,4,5,4,5,2,6,4,4,2,3,9,0
2264,2,3,4,5,2,2,2,4,3,4,1,4,1,0
2265,1,3,3,11,1,2,2,4,3,4,1,2,1,1
2266,1,3,3,11,1,2,1,4,4,3,1,3,6,0
2267,1,3,3,12,1,2,2,4,3,5,1,5,6,0
2268,4,5,4,9,3,9,4,2,3,3,2,4,10,0
2269,1,4,3,2,2,5,2,5,3,4,2,5,9,0
2270,1,4,4,5,2,7,2,6,3,3,2,6,9,0
2271,1,3,3,12,1,1,1,5,2,3,1,5,6,0
2272,1,3,4,3,1,2,4,5,4,4,2,3,9,0
2273,1,4,3,5,2,7,4,6,3,5,2,1,9,0
2274,1,4,4,4,2,8,2,6,4,3,2,2,9,0
2275,2,3,3,4,2,3,1,4,3,3,1,3,1,0
2276,4,5,4,9,3,9,3,2,4,2,2,3,10,0
2277,1,5,3,8,3,8,3,2,2,4,2,1,10,0
2278,1,3,1,4,1,1,1,1,3,4,2,3,9,0
2279,1,4,4,2,1,3,3,6,3,4,2,4,9,0
2280,1,4,4,6,1,4,3,5,3,4,2,1,10,0
2281,1,4,4,5,1,3,2,5,4,4,2,3,6,0
2282,1,3,3,4,1,1,2,5,4,4,2,2,9,0
2283,1,4,4,1,1,4,2,6,2,4,2,6,9,0
2284,2,2,4,3,1,1,1,3,3,4,2,3,6,0
2285,2,2,3,4,2,2,2,4,3,4,1,4,6,0
2286,1,4,4,6,1,5,3,6,4,4,2,2,10,0
2287,1,4,4,5,2,3,2,5,2,3,2,2,6,0
2288,1,4,4,2,1,2,3,6,3,4,2,6,9,0
2289,2,3,2,4,2,2,1,3,3,3,1,2,1,0
2290,4,6,4,7,6,13,4,1,2,4,1,2,10,0
2291,1,4,4,1,1,4,2,6,4,3,2,5,9,1
2292,1,3,4,6,3,5,3,6,3,4,2,2,9,1
2293,2,3,4,7,1,2,4,4,2,4,1,2,1,0
2294,1,3,4,4,1,1,3,4,4,4,2,5,9,0
2295,1,4,4,2,1,3,3,6,3,4,2,6,9,0
2296,1,4,3,1,1,3,1,6,3,3,2,4,9,0
2297,1,4,4,1,1,3,3,6,2,3,2,4,9,0
2298,1,4,4,1,1,3,2,6,4,3,2,5,9,0
2299,1,4,4,4,2,8,3,6,2,4,2,8,9,0
2300,4,6,5,7,7,14,4,1,3,3,1,1,10,0
2301,1,3,4,6,1,2,3,5,4,5,2,2,6,0
2302,1,4,4,3,2,7,1,5,3,3,2,2,9,0
2303,1,3,4,5,3,5,4,6,2,5,2,1,9,0
2304,1,3,4,12,1,1,3,5,2,3,1,3,6,0
2305,1,4,4,6,1,4,3,5,3,3,2,3,10,0
2306,2,2,3,4,2,2,1,4,2,4,1,3,6,0
2307,2,2,4,7,1,2,3,4,4,4,1,3,1,1
2308,1,4,4,6,1,3,2,6,3,3,2,8,10,0
2309,1,4,4,6,1,3,2,5,3,3,2,2,10,0
2310,1,3,4,5,1,2,3,6,2,3,2,3,6,0
2311,1,3,5,5,4,4,4,6,4,4,2,8,13,0
2312,1,3,4,10,1,4,2,3,3,4,1,4,1,0
2313,1,4,4,7,1,5,5,4,2,4,2,8,10,0
2314,1,3,4,3,1,1,3,6,2,4,2,6,9,0
2315,1,3,4,3,3,3,4,5,2,4,2,5,13,0
2316,1,3,3,12,1,1,2,5,2,3,1,6,6,0
2317,4,6,5,6,6,15,4,1,3,3,1,3,10,0
2318,1,5,4,7,1,6,3,3,2,3,2,1,10,0
2319,1,4,3,2,1,5,2,4,2,4,2,4,9,0
2320,1,5,3,2,2,6,1,3,3,3,2,2,9,0
2321,1,3,4,8,1,3,2,4,4,4,1,3,1,1
2322,1,2,2,9,1,3,5,1,2,6,1,2,1,0
2323,1,4,4,4,2,8,1,6,4,3,2,2,9,1
2324,1,3,4,4,4,4,3,5,4,4,2,3,13,0
2325,1,3,4,4,4,4,3,6,3,4,2,1,13,0
2326,1,3,3,8,1,2,2,4,3,4,1,5,1,0
2327,1,3,4,9,1,3,3,3,4,5,1,4,1,0
2328,1,3,3,13,1,1,2,5,3,3,1,4,6,0
2329,1,3,3,13,2,1,1,4,2,3,1,5,6,0
2330,4,5,3,8,5,13,3,2,3,3,1,2,10,0
2331,1,3,4,4,4,4,2,6,3,3,2,5,13,0
2332,2,2,4,4,2,2,1,4,4,3,1,3,6,0
2333,2,2,4,3,1,1,1,4,3,4,1,4,6,0
2334,2,2,2,2,1,1,1,3,4,4,1,4,13,0
2335,1,3,4,9,1,3,2,4,4,3,1,5,1,0
2336,4,5,4,9,3,9,3,2,2,3,2,5,10,0
2337,1,4,4,3,2,7,2,4,2,3,2,1,9,0
2338,2,3,4,5,2,2,3,4,4,3,1,3,1,0
2339,2,2,4,6,1,2,5,4,2,4,1,1,1,1
2340,1,3,2,12,1,2,1,4,2,3,1,5,1,0
2341,4,5,4,9,3,9,5,3,2,4,2,5,10,0
2342,4,5,4,9,3,8,4,2,2,3,2,4,10,0
2343,1,4,3,2,2,6,2,4,3,3,2,4,9,0
2344,1,4,3,3,2,6,1,4,3,4,2,3,9,0
2345,1,4,3,2,2,6,1,5,3,3,2,2,9,0
2346,1,3,5,4,4,3,2,5,4,4,2,8,13,0
2347,1,3,5,4,3,3,2,5,4,4,2,1,13,0
2348,2,2,3,5,1,1,2,3,3,4,1,2,6,0
2349,2,2,4,4,1,1,2,4,2,4,1,4,6,0
2350,2,2,3,5,1,1,1,3,3,4,1,4,1,0
2351,2,2,4,6,1,1,2,3,3,4,1,3,1,1
2352,4,5,3,10,3,11,3,2,4,5,1,3,10,0
2353,4,4,3,10,3,10,2,4,2,4,2,3,10,0
2354,2,2,3,5,1,1,2,3,4,3,1,4,6,0
2355,1,3,4,8,1,3,4,4,3,5,1,3,1,1
2356,4,5,4,10,3,11,4,3,3,3,1,4,10,0
2357,1,5,4,8,3,7,4,2,3,3,2,1,10,0
2358,4,5,4,10,2,8,3,4,3,4,2,3,10,0
2359,1,4,4,7,2,5,5,4,3,3,2,3,10,0
2360,1,4,4,3,2,7,3,6,2,3,2,8,9,1
2361,1,4,4,5,1,7,1,6,2,3,2,5,9,0
2362,1,3,4,11,1,3,2,3,4,4,1,3,1,1
2363,4,4,3,10,2,9,3,3,4,3,2,4,10,0
2364,1,3,4,6,1,2,1,5,3,3,2,2,10,0
2365,1,2,3,1,1,1,2,3,4,4,1,2,10,0
2366,1,3,4,9,1,3,3,4,3,5,1,2,1,0
2367,1,3,4,10,1,4,3,4,4,5,1,2,1,0
2368,1,3,3,12,1,2,2,4,3,4,1,5,1,0
2369,1,3,4,12,1,2,3,5,2,4,1,8,1,0
2370,1,3,4,4,1,1,2,5,3,4,2,1,6,0
2371,1,4,4,4,1,7,2,6,3,3,2,1,9,0
2372,2,2,3,5,1,1,1,4,2,4,1,3,6,0
2373,1,3,4,9,1,3,3,5,4,4,1,1,1,0
2374,1,3,4,3,1,2,3,6,3,3,2,4,9,0
2375,1,4,4,2,1,2,3,6,4,3,2,4,9,0
2376,1,4,3,5,1,7,1,6,3,3,2,6,9,0
2377,2,2,1,1,1,1,1,4,3,4,2,5,13,0
2378,1,3,3,8,1,2,1,4,3,3,1,6,1,0
2379,1,3,3,3,1,1,2,5,4,3,2,3,9,0
2380,4,5,4,9,2,8,3,3,3,3,2,4,10,0
2381,1,3,5,6,3,5,4,6,3,2,2,1,9,0
2382,1,3,5,5,4,5,3,6,4,4,2,4,9,0
2383,1,4,5,5,3,5,5,6,2,3,2,1,9,0
2384,1,3,4,11,1,3,3,4,4,4,1,6,1,0
2385,4,5,3,10,3,11,3,3,3,4,1,1,10,0
2386,4,4,3,11,2,10,3,4,3,4,1,1,10,0
2387,1,4,3,1,2,4,2,5,3,3,2,5,9,0
2388,4,4,2,10,3,10,1,3,3,4,1,2,10,0
2389,1,4,4,6,1,3,2,5,3,3,2,2,10,0
2390,1,4,3,2,3,5,1,4,3,4,2,2,9,0
2391,1,4,4,1,2,5,3,4,3,3,2,4,9,0
2392,1,4,4,4,1,7,2,5,4,4,2,2,9,0
2393,4,7,4,6,6,14,5,1,2,2,1,2,10,0
2394,1,4,3,1,2,3,3,6,2,4,2,5,9,0
2395,1,4,3,3,2,6,1,5,2,2,2,2,9,0
2396,2,3,4,8,1,2,3,4,4,4,1,6,1,0
2397,2,2,4,7,1,1,3,4,3,3,1,5,1,0
2398,4,6,5,6,6,14,3,1,4,4,1,4,10,0
2399,1,5,5,8,3,7,5,2,4,4,2,1,10,0
2400,1,5,4,8,3,6,2,3,3,3,2,3,10,0
2401,1,3,5,4,4,4,3,6,2,4,2,8,13,0
2402,4,7,3,6,6,14,2,1,1,5,1,4,10,0
2403,4,4,3,11,2,10,2,3,4,5,1,3,10,0
2404,2,2,4,7,1,2,3,3,4,5,1,3,1,0
2405,4,5,4,8,5,12,4,2,2,3,1,1,10,0
2406,1,4,4,2,2,3,4,6,2,3,2,4,9,0
2407,1,3,4,5,4,4,4,6,2,4,2,5,9,0
2408,4,6,5,7,6,13,4,1,4,3,1,1,10,0
2409,4,4,3,10,2,9,3,4,3,4,2,4,10,0
2410,4,7,4,6,6,14,4,1,3,4,1,3,10,0
2411,4,6,4,7,6,13,4,2,4,3,1,2,10,0
2412,4,5,4,8,5,13,3,2,2,4,1,1,10,0
2413,1,4,4,7,1,5,3,4,3,2,2,3,10,0
2414,4,6,4,7,6,13,5,2,2,4,1,8,10,0
2415,4,5,4,10,2,8,3,3,4,4,2,4,10,0
2416,2,2,2,1,1,1,1,3,3,4,2,5,13,0
2417,2,2,3,2,1,1,1,4,4,4,2,5,13,0
2418,4,5,3,9,5,12,1,1,3,4,1,1,10,0
2419,1,5,3,7,2,5,1,3,3,3,2,3,10,0
2420,1,4,4,1,2,3,4,5,4,3,2,4,9,0
2421,1,4,4,4,1,7,1,6,2,3,2,6,9,0
2422,1,4,5,6,2,6,4,6,2,3,2,2,9,0
2423,1,4,4,6,2,6,4,6,3,3,2,2,9,0
2424,1,4,4,6,2,5,3,6,3,2,2,4,9,0
2425,1,4,5,6,3,5,4,6,2,3,2,1,9,0
2426,2,2,4,2,1,1,2,4,4,4,2,2,13,0
2427,2,2,4,6,1,1,2,3,4,4,1,3,1,1
2428,1,3,3,12,1,2,3,4,3,3,1,6,1,0
2429,4,5,4,9,5,12,5,3,4,4,1,3,10,0
2430,4,4,2,11,2,10,2,3,3,4,1,1,10,0
2431,4,4,2,10,3,10,2,3,4,3,1,3,10,0
2432,1,4,4,8,2,6,1,4,2,3,2,3,10,0
2433,1,3,4,3,1,1,2,5,3,4,2,5,9,0
2434,1,4,4,2,2,3,2,6,2,3,2,3,9,0
2435,1,3,3,11,1,3,2,5,4,3,1,5,1,0
2436,1,3,3,12,1,2,1,5,4,3,1,5,1,0
2437,1,3,4,3,3,3,3,5,3,4,2,8,13,0
2438,1,2,5,2,2,2,4,5,3,4,2,2,13,0
2439,2,2,3,6,1,1,3,3,4,5,1,5,1,0
2440,4,5,2,9,4,11,3,2,3,5,1,2,10,0
2441,4,4,1,9,4,11,1,2,3,4,1,1,10,0
2442,4,5,4,9,2,8,2,3,2,3,2,4,10,0
2443,1,4,3,7,2,4,2,5,2,3,2,1,10,0
2444,1,4,4,1,3,3,3,5,2,3,2,4,9,0
2445,1,4,3,1,2,4,2,4,3,3,2,3,9,0
2446,1,3,5,3,3,3,2,5,4,4,2,2,13,0
2447,1,3,4,3,2,2,2,5,2,4,2,8,13,0
2448,1,5,4,9,2,7,3,3,2,3,2,2,10,0
2449,1,5,4,8,2,6,3,3,4,4,2,1,10,0
2450,1,5,4,8,2,7,4,3,4,3,2,3,10,0
2451,1,4,4,8,2,5,2,4,2,3,2,3,10,0
2452,2,2,4,3,1,1,1,4,3,3,2,1,13,0
2453,1,3,4,10,1,3,4,6,3,4,1,8,1,0
2454,1,3,4,10,1,3,3,6,3,3,1,5,1,0
2455,1,3,4,5,1,1,1,5,4,4,2,2,6,0
2456,1,3,3,4,1,1,2,5,4,4,2,4,9,0
2457,1,3,4,3,2,2,3,6,2,4,2,5,9,0
2458,1,4,4,5,2,6,3,6,2,3,2,2,9,0
2459,1,3,4,4,4,4,3,6,3,2,2,1,13,0
2460,1,3,5,4,3,3,2,6,3,3,2,2,13,0
2461,1,2,3,1,1,1,3,4,4,4,2,2,13,0
2462,2,2,3,1,1,1,4,4,4,5,2,5,13,0
2463,1,3,4,2,2,2,2,5,2,3,2,2,9,0
2464,1,4,4,4,1,7,2,6,2,3,2,1,9,0
2465,4,7,4,5,5,15,4,1,4,4,1,1,10,0
2466,4,6,3,6,5,15,4,1,3,4,1,1,10,0
2467,4,5,4,9,2,7,3,3,2,3,2,4,10,0
2468,1,3,4,4,1,1,2,4,4,4,2,1,6,0
2469,1,3,4,2,2,2,2,5,3,3,2,4,9,0
2470,1,3,4,9,2,3,5,6,4,2,1,1,6,0
2471,1,3,2,13,2,1,1,5,2,3,1,5,1,0
2472,4,7,5,5,5,15,4,1,3,3,1,4,10,0
2473,1,5,4,9,2,7,4,3,4,3,2,5,10,0
2474,4,4,2,11,1,9,1,4,2,4,2,1,10,0
2475,1,5,4,9,2,7,4,3,2,3,2,2,10,0
2476,1,3,4,5,4,4,4,6,4,2,2,2,13,0
2477,1,2,5,2,2,2,2,5,3,4,2,1,13,1
2478,2,2,4,3,1,1,2,5,3,4,2,1,13,0
2479,1,3,4,9,2,2,1,5,2,3,1,6,1,0
2480,1,4,4,7,2,3,2,6,2,4,2,1,10,0
2481,1,4,4,8,2,5,1,5,4,3,2,3,10,0
2482,1,4,4,7,2,4,3,5,3,3,2,1,10,0
2483,1,4,4,5,1,6,3,6,2,3,2,3,9,0
2484,1,4,4,5,3,5,4,6,2,3,2,2,9,0
2485,1,2,1,1,1,1,1,3,3,4,2,1,10,0
2486,1,3,4,5,2,2,2,5,3,4,2,2,10,0
2487,1,4,4,5,2,6,4,6,4,3,2,3,9,0
2488,1,2,1,1,1,1,1,3,3,4,2,2,10,0
2489,2,3,3,4,2,2,1,4,4,3,2,1,13,0
2490,2,2,4,4,1,1,1,3,3,4,1,3,6,0
2491,4,6,5,5,5,15,3,1,4,4,1,4,10,0
2492,4,5,4,8,5,12,5,2,4,3,1,1,10,0
2493,1,3,4,4,4,4,3,6,2,3,2,2,13,0
2494,2,2,3,4,1,1,1,4,3,4,1,1,6,0
2495,1,4,4,7,2,3,2,5,3,3,2,2,10,0
2496,2,2,3,6,1,1,2,3,3,4,1,3,6,0
2497,2,2,4,6,1,1,4,4,4,5,1,4,1,0
2498,1,3,4,13,2,1,3,5,2,3,1,4,6,0
2499,4,5,4,8,6,12,4,1,3,4,1,2,10,0
2500,4,5,4,8,6,12,4,2,4,4,1,2,10,0
2501,1,4,4,7,2,3,1,5,2,3,2,8,10,0
2502,4,5,2,9,4,11,1,1,3,4,1,8,10,0
2503,1,4,4,4,1,7,3,6,3,2,2,3,9,0
2504,1,4,3,3,2,6,1,6,3,3,2,4,9,0
2505,2,2,4,6,1,1,3,5,4,5,1,3,6,0
2506,4,4,2,11,1,8,2,3,3,3,2,2,10,0
2507,1,4,3,7,2,3,2,5,4,3,2,8,10,0
2508,2,2,4,4,1,1,1,5,3,3,2,1,13,0
2509,2,2,3,6,1,1,2,4,3,3,1,5,10,0
2510,2,3,4,6,1,2,3,5,3,4,2,1,10,0
2511,2,2,4,7,1,1,3,4,3,3,1,4,1,0
2512,4,5,3,9,4,11,4,3,4,4,1,3,10,0
2513,4,5,3,10,4,11,3,4,4,4,1,1,10,0
2514,1,4,4,2,2,5,2,6,2,3,2,1,9,0
2515,1,4,4,1,3,5,2,6,3,3,2,4,9,0
2516,1,4,3,3,1,6,2,6,4,3,2,4,9,0
2517,1,4,4,5,3,5,3,6,3,2,2,3,9,0
2518,1,3,5,6,3,5,4,6,3,4,2,2,9,0
2519,1,4,4,1,3,4,3,5,3,3,2,5,9,0
2520,1,4,4,7,2,4,3,5,3,3,2,1,10,0
2521,1,3,4,6,2,5,4,6,3,3,2,5,9,0
2522,1,3,4,3,2,2,2,5,4,4,2,4,13,0
2523,2,2,4,5,1,1,2,5,3,4,2,1,6,0
2524,1,3,4,9,2,2,3,6,2,3,1,8,6,0
2525,4,4,2,11,2,10,1,2,3,3,2,2,10,0
2526,4,4,2,11,2,10,3,3,3,3,2,1,10,0
2527,1,4,4,4,1,7,4,6,2,3,2,1,9,0
2528,2,3,4,5,2,2,2,5,3,3,2,5,10,0
2529,4,6,4,4,5,16,3,1,2,4,1,4,1,0
2530,1,4,4,9,1,6,3,5,2,4,2,3,10,0
2531,1,2,3,1,1,1,2,4,3,4,2,2,13,1
2532,4,6,4,7,5,13,5,1,4,3,1,2,10,0
2533,4,5,4,9,5,12,3,1,3,4,1,2,10,0
2534,1,4,4,8,2,6,3,4,2,3,2,1,10,0
2535,1,4,4,8,2,4,1,6,3,3,2,3,10,0
2536,2,2,3,2,1,1,2,3,3,4,2,5,13,0
2537,1,3,4,9,2,2,3,5,2,2,1,4,6,0
2538,1,3,4,3,3,3,3,5,3,3,2,3,13,0
2539,4,4,2,11,2,9,2,3,3,3,2,2,10,0
2540,4,4,4,10,2,7,2,4,2,4,2,4,10,0
2541,1,4,4,8,2,5,2,5,4,3,2,4,10,0
2542,2,2,3,2,1,1,1,4,3,2,2,5,13,0
2543,1,3,4,8,1,1,2,4,2,3,1,4,1,0
2544,1,3,4,9,1,1,2,5,3,3,1,4,1,0
2545,4,5,4,8,5,12,5,2,2,4,1,1,10,0
2546,4,4,3,10,2,8,4,4,4,4,2,4,10,0
2547,1,4,4,1,3,3,2,5,3,3,2,3,9,0
2548,2,2,4,8,1,1,3,4,4,4,1,4,1,0
2549,2,2,3,6,1,1,2,5,3,4,1,1,6,1
2550,4,4,4,12,2,9,5,3,4,4,2,4,10,0
2551,1,3,3,2,2,2,1,4,4,4,2,3,9,0
2552,1,3,4,5,4,4,4,6,2,3,2,4,13,0
2553,2,3,4,7,1,1,2,5,4,3,1,6,1,0
2554,1,3,4,5,2,6,5,6,3,4,2,2,9,0
2555,1,3,5,4,4,4,4,6,2,2,2,1,13,0
2556,1,4,4,9,1,6,3,1,2,3,2,4,10,0
2557,2,2,4,7,1,1,2,5,3,4,1,1,1,0
2558,4,4,2,11,1,8,2,4,3,4,2,1,10,0
2559,4,4,2,11,1,8,2,4,4,4,2,3,10,0
2560,4,5,4,10,3,10,3,3,4,3,1,1,10,0
2561,4,5,5,10,3,10,4,4,3,5,1,8,10,0
2562,1,4,4,3,1,6,3,5,3,4,2,2,9,0
2563,1,4,4,4,1,7,3,6,3,3,2,5,9,0
2564,1,3,4,4,3,3,3,5,2,3,2,6,13,0
2565,1,3,4,10,2,2,4,5,2,2,1,2,6,0
2566,1,3,4,10,2,2,2,5,3,2,1,4,6,0
2567,4,5,4,11,3,10,3,3,3,4,1,4,10,0
2568,4,5,4,11,3,9,5,3,4,4,1,1,10,0
2569,4,6,4,9,5,11,3,1,3,4,1,8,10,0
2570,1,4,4,9,1,6,2,5,3,3,2,3,10,0
2571,1,3,4,5,1,1,2,5,3,3,2,8,6,0
2572,1,3,1,4,1,1,1,4,3,3,2,2,9,0
2573,1,3,4,9,1,1,2,4,3,3,1,5,1,0
2574,1,3,4,5,2,2,1,5,3,3,2,2,10,0
2575,4,6,3,4,4,16,3,1,4,3,1,3,1,0
2576,4,4,4,12,1,9,4,3,3,4,2,8,10,0
2577,2,2,3,2,2,2,1,4,3,4,2,5,13,0
2578,4,6,3,6,4,14,4,1,3,4,1,1,10,0
2579,4,5,4,11,2,9,4,3,3,3,2,3,10,0
2580,4,5,4,12,2,9,3,3,4,4,2,3,10,0
2581,1,4,4,9,2,5,4,5,3,4,2,1,10,0
2582,1,4,4,7,1,4,2,5,4,3,2,3,10,0
2583,1,3,4,11,2,3,3,6,3,3,1,1,6,0
2584,1,3,4,3,1,2,2,5,3,4,2,4,9,0
2585,1,2,4,2,1,1,1,5,3,4,2,1,13,1
2586,4,6,3,4,4,16,4,1,3,3,1,3,1,0
2587,4,6,3,7,5,14,4,1,4,5,1,3,10,0
2588,1,4,4,10,1,6,3,5,4,3,2,3,10,0
2589,1,4,4,10,1,5,2,6,4,4,2,3,10,0
2590,4,4,4,10,2,7,3,5,3,4,2,4,10,0
2591,1,4,4,8,1,4,2,5,3,3,2,3,10,0
2592,1,3,4,12,2,2,3,5,2,3,1,4,6,0
2593,4,6,3,4,4,16,2,1,3,4,1,2,1,0
2594,4,4,4,10,2,7,4,5,3,3,2,5,10,0
2595,1,4,4,9,1,5,3,5,3,3,2,2,10,0
2596,2,2,3,1,1,1,2,5,3,3,2,5,13,0
2597,4,5,4,9,4,11,4,3,4,3,1,5,10,0
2598,1,3,1,3,1,1,1,2,3,4,2,2,9,0
2599,1,3,3,3,1,1,2,3,4,4,2,4,9,0
2600,1,2,1,1,1,1,1,3,3,4,2,3,10,1
2601,1,3,4,10,1,1,2,5,2,4,1,3,6,0
2602,1,3,3,11,2,2,2,5,3,3,1,3,1,0
2603,4,6,2,7,4,13,3,1,4,4,1,4,10,0
2604,1,3,4,2,2,3,4,5,3,4,2,4,9,0
2605,1,2,4,2,1,1,2,5,3,3,2,1,13,0
2606,1,2,4,2,1,1,1,4,3,4,2,2,13,1
2607,1,3,4,4,3,3,3,6,2,3,2,1,13,0
2608,4,6,4,7,5,13,5,1,2,3,1,1,10,0
2609,1,2,4,1,1,1,3,4,3,3,2,5,10,0
2610,1,4,4,10,2,6,4,4,2,3,2,2,10,0
2611,1,3,3,6,2,2,1,5,2,3,2,8,10,0
2612,2,3,3,6,1,1,1,5,2,3,1,2,6,0
2613,4,6,3,7,5,13,5,1,4,4,1,3,10,0
2614,1,4,4,1,3,4,1,5,3,3,2,3,9,0
2615,1,4,4,7,2,3,2,5,2,3,2,3,10,0
2616,1,4,3,6,2,3,2,5,2,3,2,8,10,0
2617,1,2,4,1,1,1,3,3,4,4,2,1,13,0
2618,1,2,1,1,1,1,1,2,3,4,2,4,10,0
2619,2,3,4,3,2,2,2,4,3,3,2,5,8,0
2620,1,3,2,12,3,3,2,5,3,3,1,4,6,0
2621,1,2,3,1,1,1,2,4,4,4,2,5,10,0
2622,4,6,4,5,3,15,3,1,3,4,1,3,1,0
2623,4,6,4,6,4,15,3,1,3,3,1,4,10,0
2624,2,2,2,2,1,1,1,3,3,3,2,4,10,0
2625,2,3,3,3,2,3,1,5,2,4,2,5,13,0
2626,2,2,4,3,1,1,1,5,3,3,2,1,13,0
2627,4,6,5,8,5,12,4,1,3,3,1,1,10,0
2628,4,5,4,10,4,10,3,4,2,4,1,8,10,0
2629,4,4,2,11,1,7,3,5,2,3,2,3,10,0
2630,1,3,4,3,2,2,1,5,3,3,2,2,13,0
2631,1,3,3,9,1,1,1,4,3,3,1,3,6,0
2632,1,3,4,10,1,1,3,4,3,4,1,4,6,0
2633,4,5,4,9,5,11,4,1,3,4,1,6,10,0
2634,4,4,3,11,1,7,4,5,4,4,2,3,10,0
2635,1,4,4,8,1,5,2,5,2,3,2,2,10,0
2636,1,3,4,2,2,2,4,5,4,4,2,4,9,0
2637,1,4,4,1,3,4,3,6,3,3,2,6,9,0
2638,1,4,4,2,2,5,2,5,4,3,2,3,9,0
2639,1,4,4,3,1,6,1,6,3,3,2,2,9,0
2640,4,4,3,11,1,6,4,5,2,4,2,1,10,0
2641,1,4,4,9,2,7,4,3,2,4,2,3,10,0
2642,1,4,5,10,1,6,4,5,2,3,2,2,10,0
2643,1,4,4,1,3,3,4,5,2,3,2,5,9,0
2644,1,3,3,12,3,3,2,4,3,3,1,3,6,0
2645,1,3,4,4,1,1,2,5,4,4,2,1,6,0
2646,1,3,4,2,2,2,4,5,2,4,2,6,9,0
2647,1,4,4,1,3,3,3,5,2,3,2,6,9,0
2648,1,4,4,3,1,6,2,6,3,4,2,3,9,0
2649,1,4,4,4,1,6,3,6,2,3,2,2,9,0
2650,2,3,4,3,2,2,1,5,3,3,2,8,13,0
2651,1,3,4,8,1,1,1,4,2,3,1,3,1,0
2652,1,4,4,1,2,4,3,6,2,3,2,4,9,0
2653,1,4,4,2,2,5,3,6,2,2,2,1,9,0
2654,1,4,4,2,1,6,5,6,2,4,2,1,9,0
2655,2,3,4,8,1,1,2,5,3,3,1,1,1,0
2656,1,2,4,8,1,1,3,5,4,5,1,1,1,0
2657,1,4,4,10,1,5,3,5,4,4,2,3,10,0
2658,1,4,4,7,1,3,3,5,4,3,2,4,10,0
2659,1,3,4,4,3,3,2,6,2,2,2,2,13,0
2660,1,3,4,4,3,3,2,5,2,2,2,2,13,0
2661,4,5,4,8,5,12,4,1,2,3,1,1,10,0
2662,4,4,4,12,1,8,3,4,4,4,2,1,10,0
2663,1,4,4,10,1,5,2,6,2,3,2,1,10,0
2664,1,4,5,4,2,6,3,6,2,3,2,8,9,0
2665,4,5,5,12,2,8,4,3,2,3,2,1,10,0
2666,1,3,4,7,1,3,3,5,3,4,2,3,10,0
2667,1,3,4,5,2,6,4,6,3,4,2,1,9,1
2668,4,6,5,10,4,10,4,2,4,3,2,1,10,0
2669,1,3,4,4,1,1,2,4,3,4,2,1,9,0
2670,1,3,3,4,1,1,2,5,3,4,2,1,6,0
2671,1,3,4,5,3,5,4,6,4,3,2,4,9,1
2672,1,3,4,6,1,3,3,5,2,4,2,3,10,0
2673,1,3,3,3,1,2,2,5,4,4,2,5,9,0
2674,4,6,5,10,5,11,4,1,3,3,2,5,10,0
2675,4,6,5,9,5,12,5,1,4,3,2,5,10,0
2676,1,4,3,6,1,3,3,6,4,2,2,3,10,0
2677,1,3,4,5,1,2,2,5,3,4,2,2,10,0
2678,1,3,3,5,2,2,1,4,4,3,2,3,6,0
2679,1,3,3,5,1,2,1,4,2,4,2,3,6,0
2680,1,3,4,5,3,4,2,6,3,2,2,5,13,0
2681,4,4,4,12,1,8,5,3,4,2,2,2,10,0
2682,1,3,4,3,2,3,1,5,4,3,2,3,13,0
2683,1,3,4,2,2,1,1,5,2,3,2,1,13,0
2684,1,2,4,2,1,2,1,5,2,4,2,2,13,0
2685,4,6,3,5,4,15,1,1,2,3,1,3,1,0
2686,2,3,4,3,2,2,1,5,4,2,2,5,8,0
2687,1,3,3,3,1,1,3,5,3,3,2,4,9,0
2688,1,4,5,1,3,3,4,5,2,3,2,3,9,0
2689,1,4,4,1,3,4,3,5,3,3,2,3,9,0
2690,1,4,4,3,1,7,2,5,3,3,2,5,9,0
2691,1,3,4,4,2,6,2,6,3,3,2,2,9,0
2692,4,6,5,6,3,14,3,1,4,3,1,4,10,0
2693,4,6,5,9,5,11,5,1,4,3,2,4,10,0
2694,4,6,4,5,4,15,4,1,2,5,1,3,1,0
2695,4,6,3,8,5,12,4,1,3,3,1,1,10,0
2696,1,4,4,9,2,6,2,5,4,3,2,3,10,0
2697,1,3,4,2,2,2,3,5,3,4,2,5,9,0
2698,1,2,4,1,2,2,2,4,3,3,2,5,10,0
2699,1,2,4,1,1,1,2,4,4,4,2,5,10,0
2700,2,3,4,2,2,2,2,5,2,3,2,4,8,0
2701,1,3,3,2,2,3,2,5,3,3,2,4,9,0
2702,4,6,4,3,4,17,4,1,3,4,1,4,1,0
2703,4,6,5,10,4,10,4,2,4,4,2,1,10,0
2704,1,2,2,1,1,1,1,3,4,4,2,2,13,0
2705,4,4,3,12,2,6,2,5,3,3,2,8,10,0
2706,4,4,3,11,1,6,3,4,4,4,2,3,10,0
2707,1,3,4,4,2,3,2,5,2,3,2,2,13,1
2708,4,4,3,12,1,7,3,5,3,4,2,1,10,0
2709,4,4,3,12,1,7,2,5,2,4,2,8,10,0
2710,2,3,4,8,1,1,3,5,4,4,1,1,1,0
2711,1,3,3,9,1,1,2,4,4,4,1,4,1,0
2712,1,3,4,9,1,1,3,4,3,4,1,3,1,0
2713,1,3,4,1,3,3,1,5,3,3,2,3,9,0
2714,4,5,4,12,2,8,5,3,4,3,2,1,10,0
2715,4,4,4,13,2,7,2,4,4,3,2,8,10,0
2716,1,4,3,10,1,5,2,5,4,4,2,2,10,0
2717,1,3,3,11,2,2,2,5,3,3,1,4,1,0
2718,1,3,5,6,1,2,3,5,4,3,2,4,10,0
2719,1,3,4,3,1,6,3,6,4,4,2,2,9,0
2720,1,4,4,3,1,6,2,6,4,3,2,5,9,0
2721,1,3,4,5,2,6,3,6,2,3,2,1,9,1
2722,4,5,4,12,3,8,5,2,3,3,2,3,10,0
2723,4,5,4,13,2,8,5,3,3,4,2,1,10,0
2724,1,3,2,3,1,1,1,3,4,4,2,4,9,0
2725,4,6,4,8,4,12,3,1,3,4,1,4,10,0
2726,4,5,4,13,2,7,4,3,2,3,2,8,10,0
2727,4,4,3,12,1,6,2,4,2,3,2,8,10,0
2728,2,3,4,7,1,2,2,5,3,3,1,6,10,0
2729,4,6,3,8,4,12,4,1,3,4,1,1,10,0
2730,4,6,4,8,4,12,4,1,4,3,1,1,10,0
2731,1,4,4,2,1,5,4,6,2,4,2,1,9,0
2732,1,3,4,5,3,4,3,6,3,4,2,5,9,0
2733,1,3,4,3,1,2,1,5,3,4,2,2,13,1
2734,1,2,4,3,1,3,2,5,3,3,2,2,13,1
2735,4,6,2,8,4,13,3,1,2,4,1,2,10,0
2736,4,6,3,8,4,12,4,2,3,4,1,1,10,0
2737,4,4,4,10,1,6,3,5,4,4,2,3,10,0
2738,2,3,3,4,3,3,1,5,2,2,2,5,8,0
2739,1,4,3,2,1,5,2,6,3,3,2,3,9,0
2740,1,3,3,4,1,1,3,3,3,4,2,1,6,0
2741,1,3,5,10,1,1,4,4,3,4,1,4,6,0
2742,4,5,3,11,3,9,3,3,2,4,2,2,10,0
2743,1,3,4,2,1,2,2,4,3,4,2,3,9,0
2744,1,3,4,5,2,4,2,5,4,4,2,3,9,0
2745,1,3,4,4,1,4,2,5,3,3,2,4,13,1
2746,2,3,4,7,1,1,2,5,3,3,1,2,1,0
2747,4,6,4,4,4,16,4,1,2,3,1,2,1,0
2748,4,6,3,8,3,13,5,1,3,5,1,2,10,0
2749,1,2,4,3,2,2,1,5,4,3,2,2,13,0
2750,2,3,3,7,1,2,2,4,2,3,1,1,10,0
2751,1,3,4,13,3,3,2,4,3,3,1,3,1,0
2752,4,5,5,12,3,9,5,3,2,2,2,3,10,0
2753,4,6,4,7,4,14,4,1,4,4,1,1,10,0
2754,4,6,5,11,4,9,4,3,4,3,2,1,10,0
2755,4,5,5,12,3,8,4,2,2,3,2,3,10,0
2756,4,5,5,13,2,8,5,3,4,4,2,1,10,0
2757,1,4,4,3,1,6,2,6,2,3,2,5,9,0
2758,1,4,4,4,2,6,2,6,2,2,2,8,9,0
2759,1,3,4,11,2,2,4,5,2,3,1,6,1,0
2760,4,5,5,13,3,8,5,2,3,3,2,4,10,0
2761,1,2,4,1,1,1,2,5,3,3,2,5,10,0
2762,2,2,4,2,1,2,1,4,3,3,2,3,13,0
2763,2,3,4,2,1,3,2,5,3,3,2,4,13,0
2764,2,3,4,4,2,3,2,5,2,2,2,1,13,0
2765,2,3,4,4,2,3,1,5,2,3,2,4,10,0
2766,1,3,3,9,2,2,2,4,3,3,2,4,10,0
2767,1,3,2,10,1,1,1,3,3,4,1,2,1,1
2768,4,6,5,11,4,9,5,2,2,4,2,1,10,0
2769,1,4,4,11,1,5,4,5,4,5,2,3,10,0
2770,1,4,4,1,2,4,3,5,2,2,2,5,9,0
2771,4,4,3,11,1,5,4,5,3,4,2,1,10,0
2772,1,4,3,11,1,5,3,5,4,4,2,4,10,0
2773,1,4,3,11,1,5,2,5,3,4,2,1,10,0
2774,1,3,4,9,1,5,2,5,3,4,2,2,10,0
2775,1,4,4,9,1,4,2,5,3,3,2,4,10,0
2776,1,4,4,8,1,4,1,5,3,4,2,3,10,0
2777,1,4,4,8,1,4,2,5,2,4,2,3,10,0
2778,1,4,4,1,2,5,3,5,2,3,2,2,9,0
2779,1,3,4,4,2,6,3,6,2,4,2,2,9,1
2780,1,2,3,2,1,1,2,4,3,4,2,1,13,0
2781,1,4,4,12,1,4,4,5,3,3,2,1,10,0
2782,1,4,4,11,1,4,2,5,3,4,2,2,10,0
2783,1,3,5,8,1,4,2,5,4,4,2,2,10,0
2784,1,3,5,5,3,5,5,6,4,5,2,1,9,0
2785,4,6,4,6,3,14,4,1,4,4,1,4,10,0
2786,4,6,4,6,2,14,2,1,4,4,1,3,10,0
2787,4,6,4,7,3,13,5,1,3,4,1,1,10,0
2788,4,6,4,7,3,13,5,1,4,3,1,4,10,0
2789,4,5,4,13,2,7,5,3,3,3,2,1,10,0
2790,4,4,3,11,1,5,3,6,3,4,2,8,10,0
2791,1,4,4,9,1,5,1,5,3,3,2,3,10,0
2792,1,4,4,10,1,4,3,4,3,3,2,2,10,0
2793,4,4,4,12,2,6,4,4,3,3,2,1,10,0
2794,1,3,3,4,1,1,3,3,4,4,2,1,6,0
2795,1,4,4,10,1,3,3,5,3,3,2,2,10,0
2796,4,6,4,4,4,16,3,1,2,4,1,3,1,0
2797,4,4,4,12,1,6,3,4,3,4,2,8,10,0
2798,1,4,4,9,1,4,3,5,4,4,2,3,10,0
2799,1,3,3,5,1,1,2,3,3,4,2,3,6,0
2800,1,3,4,4,1,1,1,1,4,4,2,2,6,0
2801,1,3,5,5,3,6,5,6,3,3,2,8,9,1
2802,1,2,2,2,1,1,1,3,4,4,2,1,13,0
2803,1,3,3,12,2,3,1,5,3,3,1,3,1,0
2804,4,5,5,12,3,9,5,2,3,4,2,1,10,0
2805,4,4,4,12,2,7,3,5,2,3,2,8,10,0
2806,1,4,4,9,2,3,3,5,2,4,2,3,10,0
2807,1,4,4,9,1,4,4,5,3,3,2,1,10,0
2808,1,3,3,4,1,1,1,3,3,4,2,1,9,0
2809,1,3,4,1,3,3,4,5,3,5,2,3,9,0
2810,1,3,4,5,2,4,3,5,4,4,2,4,9,0
2811,4,6,4,6,2,14,4,1,3,4,1,4,10,0
2812,4,6,5,11,5,10,4,1,3,3,2,1,10,0
2813,4,4,4,12,1,6,3,6,4,4,2,8,10,0
2814,1,3,3,3,1,1,1,4,4,4,2,4,9,0
2815,1,4,4,1,2,4,3,5,2,2,2,6,9,0
2816,1,3,4,8,1,1,2,4,3,4,1,6,1,0
2817,1,3,4,10,1,1,4,4,4,4,1,4,6,1
2818,1,3,5,7,1,3,3,5,4,4,2,1,10,0
2819,1,3,4,7,1,3,4,4,4,5,2,8,10,0
2820,1,2,4,1,1,1,4,4,4,5,2,4,10,0
2821,1,3,4,8,1,1,2,5,3,3,1,6,10,1
2822,1,3,4,11,1,1,4,4,3,5,1,3,6,0
2823,1,3,4,11,2,2,3,5,3,3,1,3,1,0
2824,1,4,5,7,1,3,5,5,2,3,2,4,10,0
2825,1,2,4,1,1,1,3,4,4,4,2,4,10,0
2826,4,6,5,9,5,11,4,2,3,3,2,3,10,0
2827,4,4,5,12,2,5,4,4,4,4,2,4,10,0
2828,1,2,4,1,1,1,2,4,4,4,2,3,10,0
2829,4,4,4,13,2,5,5,4,3,4,2,1,10,0
2830,2,3,4,3,2,3,2,5,2,2,2,4,13,0
2831,2,3,4,3,2,3,2,5,3,3,2,5,13,0
2832,2,3,4,7,1,2,2,4,3,2,2,1,10,1
2833,1,3,4,10,1,1,4,4,4,4,1,5,6,1
2834,2,3,4,4,3,3,3,6,3,3,2,4,10,0
2835,1,3,4,13,3,3,3,5,3,3,1,4,1,0
2836,1,3,4,6,1,2,3,5,4,4,2,3,10,0
2837,1,3,4,1,2,3,2,5,3,4,2,5,9,0
2838,1,3,4,5,3,6,3,6,3,3,2,1,9,0
2839,1,3,4,1,2,3,3,5,2,3,2,6,9,0
2840,2,3,4,6,1,3,4,6,3,4,2,5,10,0
2841,1,3,3,9,2,1,1,4,3,3,1,8,10,0
2842,1,3,4,12,3,3,4,6,4,3,1,5,1,0
2843,4,6,5,11,4,9,5,2,4,4,2,2,10,0
2844,4,4,4,13,2,5,3,3,2,4,2,8,10,0
2845,1,3,4,6,1,2,2,5,4,5,2,8,10,0
2846,1,3,4,2,1,5,4,5,3,5,2,2,9,0
2847,1,3,4,2,1,5,2,6,4,4,2,5,9,0
2848,1,4,4,3,1,6,2,6,3,3,2,5,9,0
2849,1,4,5,7,1,3,4,5,3,3,2,1,10,0
2850,1,3,2,4,1,1,1,2,3,3,2,2,9,0
2851,1,2,3,2,1,1,1,4,4,5,2,2,13,0
2852,4,6,3,5,3,15,2,1,3,3,1,1,1,0
2853,1,3,3,4,1,1,1,3,4,3,2,2,6,0
2854,1,3,4,2,2,3,2,5,4,4,2,3,9,0
2855,1,4,4,1,1,4,2,5,2,3,2,2,9,0
2856,4,5,4,12,3,8,4,2,4,5,2,1,10,0
2857,4,5,5,13,3,7,4,2,4,3,2,3,10,0
2858,1,3,3,5,1,2,1,4,3,3,2,2,6,0
2859,1,4,4,1,1,4,4,5,3,4,2,1,9,0
2860,1,3,4,5,3,6,2,6,2,3,2,8,9,0
2861,4,6,4,3,4,17,4,1,2,3,1,2,1,0
2862,4,6,4,5,2,16,3,1,4,3,1,2,1,0
2863,4,7,5,9,5,11,3,1,2,4,2,5,10,0
2864,1,3,4,6,1,2,2,5,4,3,2,5,6,0
2865,4,6,5,8,3,12,4,1,3,3,1,4,10,0
2866,4,7,4,9,4,11,4,1,3,3,1,2,10,0
2867,1,4,4,10,1,4,3,5,3,4,2,3,10,0
2868,1,3,2,5,1,1,1,4,4,4,2,1,6,0
2869,1,3,4,1,1,4,3,5,3,3,2,2,9,0
2870,1,2,2,1,1,1,2,4,4,4,2,1,13,0
2871,4,6,4,4,3,16,3,1,4,4,1,8,1,0
2872,4,6,4,5,3,15,1,1,4,4,1,1,1,0
2873,4,6,4,7,3,13,4,1,2,4,1,3,10,0
2874,4,4,4,13,3,7,5,2,2,3,2,4,10,0
2875,1,4,4,3,1,6,2,6,2,3,2,6,9,0
2876,2,3,4,4,2,4,1,5,3,4,2,3,10,0
2877,2,3,4,5,3,4,4,6,3,3,2,5,10,0
2878,2,3,4,6,2,2,3,6,3,3,2,5,10,1
2879,4,5,2,6,2,14,2,1,3,4,1,4,10,0
2880,1,2,4,2,1,2,3,4,3,4,2,3,13,1
2881,2,3,4,5,2,3,4,6,3,3,2,1,10,0
2882,1,3,3,10,1,1,1,4,3,3,1,1,1,0
2883,1,4,4,1,1,4,3,5,2,3,2,1,9,0
2884,1,4,4,4,2,6,2,6,2,2,2,1,9,0
2885,2,3,4,7,1,1,3,5,3,4,2,1,10,1
2886,4,6,4,7,2,13,4,1,4,3,1,5,10,0
2887,4,6,4,7,2,13,4,1,3,4,2,3,10,0
2888,4,7,5,9,4,11,3,1,2,3,2,5,10,0
2889,4,7,6,10,5,10,5,1,4,2,2,2,10,0
2890,4,5,4,13,2,6,4,3,3,3,2,1,10,0
2891,1,4,4,11,1,4,2,4,4,4,2,5,10,0
2892,1,3,4,2,2,2,2,5,3,3,2,5,9,0
2893,1,4,4,3,2,6,2,6,3,2,2,5,9,0
2894,1,2,4,3,1,2,1,5,3,4,2,2,13,1
2895,1,3,4,10,1,1,3,4,4,4,1,5,1,0
2896,1,3,3,10,1,1,2,4,3,4,1,8,1,0
2897,1,3,4,1,2,3,2,5,2,3,2,6,9,0
2898,1,4,3,1,2,4,1,5,2,2,2,2,9,0
2899,1,3,4,11,2,2,5,6,3,5,1,3,6,0
2900,1,3,4,11,2,2,3,5,3,3,1,2,6,0
2901,4,6,5,12,4,9,4,2,3,3,2,1,10,0
2902,1,3,2,2,1,2,2,4,3,5,2,5,9,0
2903,1,2,4,3,1,2,2,5,4,4,2,5,13,1
2904,1,3,1,4,1,1,1,2,3,3,2,1,6,0
2905,1,2,1,1,1,1,1,3,3,4,2,1,10,0
2906,1,3,4,12,3,3,3,6,4,4,1,3,1,0
2907,4,7,4,10,5,10,4,1,3,3,2,3,10,0
2908,1,3,4,5,1,1,1,5,3,3,2,8,6,0
2909,1,3,3,5,1,1,1,4,4,4,2,1,6,0
2910,1,2,4,1,1,1,2,4,3,4,2,6,10,0
2911,2,2,4,2,1,2,2,5,3,3,2,5,10,0
2912,1,3,4,12,2,3,4,6,2,3,1,3,1,0
2913,1,2,1,1,1,1,1,4,3,4,2,2,13,0
2914,4,6,3,4,3,16,3,1,2,3,1,3,1,0
2915,2,3,4,3,2,3,3,5,4,4,2,4,10,1
2916,1,2,4,1,1,1,1,3,4,4,2,5,10,0
2917,2,3,4,3,2,3,2,5,4,3,2,5,10,0
2918,1,2,2,1,1,1,1,4,3,4,2,2,13,0
2919,4,5,5,13,3,8,4,3,2,5,2,1,10,0
2920,4,4,4,13,3,7,4,3,3,4,2,1,10,0
2921,4,4,4,12,2,4,4,4,3,3,2,1,10,0
2922,1,3,4,6,2,2,1,4,2,4,2,8,6,0
2923,1,3,5,5,2,5,3,6,3,4,2,8,9,0
2924,4,5,4,5,2,15,3,1,3,4,1,1,1,0
2925,4,5,4,5,2,15,3,1,4,3,1,2,1,0
2926,1,4,5,8,1,4,5,6,2,4,2,8,10,0
2927,2,3,4,4,3,4,3,6,3,4,2,5,10,0
2928,4,5,4,5,2,15,3,1,4,4,1,2,1,0
2929,4,7,4,9,3,11,4,2,4,2,2,3,10,0
2930,1,3,4,2,1,2,3,5,2,3,2,4,9,0
2931,1,3,4,1,1,4,1,5,4,3,2,3,9,0
2932,1,3,4,2,1,5,4,5,3,5,2,4,9,0
2933,1,2,3,2,1,2,1,4,4,3,2,1,13,0
2934,4,7,4,10,4,10,4,1,4,3,2,3,10,0
2935,1,3,3,3,1,1,2,3,4,4,2,4,9,0
2936,1,4,4,4,3,6,2,6,4,3,2,2,9,0
2937,2,3,4,6,3,3,3,6,2,3,2,5,10,0
2938,1,4,5,8,2,3,4,5,3,3,2,1,10,0
2939,1,3,4,1,2,3,3,5,4,3,2,5,9,0
2940,1,4,4,3,1,6,4,6,3,3,2,4,9,1
2941,1,3,4,5,2,5,4,6,2,4,2,2,9,0
2942,1,3,5,5,2,5,3,6,4,4,2,2,9,1
2943,2,3,4,6,2,3,4,6,2,3,2,5,10,0
2944,4,6,5,11,5,9,5,2,3,3,2,2,10,0
2945,4,4,5,14,3,7,4,2,3,2,2,4,10,0
2946,4,4,6,14,3,6,3,2,4,4,2,4,10,0
2947,4,4,5,12,2,5,4,4,4,4,2,1,10,0
2948,1,3,4,2,1,5,3,5,3,4,2,3,9,1
2949,1,4,4,4,3,6,3,6,2,2,2,1,9,0
2950,2,3,4,3,2,3,1,6,3,4,2,5,10,1
2951,2,3,4,4,3,4,4,6,3,4,2,5,10,0
2952,4,4,5,14,4,6,3,3,2,5,2,3,10,0
2953,4,5,5,14,3,5,3,2,2,3,2,4,10,0
2954,1,3,4,1,1,3,1,5,2,3,2,2,13,0
2955,1,3,4,1,1,4,3,5,2,3,2,1,13,0
2956,4,6,4,8,3,12,3,1,3,4,2,4,10,0
2957,4,7,4,10,4,10,5,1,2,4,2,3,10,0
2958,1,4,5,7,2,3,3,5,2,3,2,3,10,0
2959,1,3,4,7,2,3,3,5,3,3,2,1,10,0
2960,1,3,4,11,2,2,4,5,4,3,1,4,6,0
2961,4,6,4,7,2,13,3,1,4,3,1,3,10,0
2962,1,4,4,8,2,3,5,5,2,2,2,8,10,0
2963,1,4,4,8,2,3,1,6,2,3,2,3,10,0
2964,1,3,2,4,1,1,1,3,3,4,2,1,6,0
2965,1,4,3,1,1,3,1,4,2,3,2,3,9,0
2966,4,5,3,13,3,5,3,2,3,2,2,1,10,0
2967,4,5,4,13,2,5,4,2,2,2,2,1,10,0
2968,4,7,4,9,3,11,5,1,3,4,2,4,10,0
2969,1,4,4,9,2,3,4,5,3,3,2,2,10,0
2970,1,4,4,9,2,2,3,5,2,3,2,3,10,0
2971,1,3,3,5,1,1,2,4,3,3,2,1,6,0
2972,1,4,4,10,1,3,4,5,2,2,2,2,10,0
2973,1,4,4,10,2,2,4,5,3,3,2,3,10,0
2974,1,3,4,9,2,2,2,5,3,4,2,3,10,0
2975,1,4,4,9,3,2,2,6,4,3,2,3,10,0
2976,2,3,4,2,2,2,1,6,3,3,2,5,10,0
2977,1,2,4,1,2,1,1,5,3,4,2,4,10,0
2978,4,6,3,9,3,11,4,1,3,4,2,4,10,0
2979,1,4,5,11,1,3,5,4,3,4,2,2,10,0
2980,1,4,4,3,2,6,3,6,2,2,2,5,9,0
2981,1,4,4,11,1,3,4,3,2,2,2,3,10,0
2982,1,2,3,1,1,1,2,4,3,4,2,1,13,1
2983,1,2,3,1,1,1,1,1,4,4,2,5,10,0
2984,2,3,4,6,3,3,4,6,2,3,2,8,10,0
2985,4,6,4,8,2,12,4,1,2,3,2,4,10,0
2986,4,5,4,13,4,7,4,2,3,4,2,2,10,0
2987,1,3,4,5,1,1,1,5,3,3,2,1,6,0
2988,1,3,4,2,1,5,2,6,3,3,2,6,9,1
2989,1,3,5,5,2,4,4,5,3,4,2,2,9,1
2990,1,2,4,4,1,3,3,5,4,5,2,3,13,1
2991,1,3,5,5,2,4,3,5,4,3,2,8,13,0
2992,1,3,3,12,3,3,4,1,3,5,1,1,1,0
2993,1,3,4,12,3,3,3,5,2,3,1,3,6,0
2994,4,5,4,5,2,16,2,1,3,4,1,3,1,0
2995,4,5,4,7,1,13,3,2,3,4,1,3,10,0
2996,4,5,3,6,1,14,3,1,3,4,1,3,10,0
2997,1,4,5,11,1,3,5,3,2,3,2,2,10,0
2998,1,5,4,12,1,3,5,3,3,2,2,2,10,0
2999,1,3,4,1,1,4,2,5,4,3,2,3,13,0
3000,4,5,5,12,4,8,5,2,3,4,2,1,10,0
3001,1,4,4,10,1,2,4,5,2,3,2,1,10,0
3002,1,2,2,1,1,1,1,3,4,4,2,2,13,1
3003,1,3,4,3,1,1,3,4,4,4,2,5,9,0
3004,1,3,4,2,1,2,2,4,4,3,2,4,9,0
3005,2,3,5,7,2,2,5,6,4,4,2,2,10,1
3006,2,4,5,8,2,3,4,6,2,4,2,6,10,1
3007,2,3,4,8,1,1,3,6,3,4,1,4,10,1
3008,2,4,4,8,2,2,3,6,3,3,2,6,10,1
3009,4,5,5,14,3,5,4,3,2,2,2,3,10,0
3010,1,3,3,3,1,1,1,3,2,4,2,5,9,0
3011,1,3,3,3,1,1,2,4,3,4,2,4,9,0
3012,1,3,4,2,1,5,3,6,4,3,2,5,9,0
3013,1,2,3,1,1,1,1,4,3,4,2,5,10,0
3014,4,5,3,8,2,12,3,2,3,4,2,4,10,0
3015,4,6,3,8,2,12,4,1,3,4,2,4,10,0
3016,4,5,5,12,5,8,5,2,3,2,2,1,10,0
3017,4,5,5,12,1,4,4,4,3,2,2,4,10,0
3018,1,4,4,8,2,2,3,5,3,2,2,3,10,0
3019,1,4,3,1,1,3,2,5,3,2,2,2,9,0
3020,1,4,4,2,1,2,1,4,4,2,2,4,9,0
3021,4,6,4,3,4,17,4,1,4,2,1,2,1,0
3022,4,4,5,14,3,5,4,2,4,3,2,4,10,0
3023,1,4,4,8,2,2,3,5,2,2,2,4,10,0
3024,1,3,4,8,2,2,3,4,2,4,2,3,10,0
3025,1,3,4,1,1,4,4,5,3,4,2,1,13,0
3026,4,6,5,11,5,9,5,1,2,2,2,1,10,0
3027,1,2,3,2,1,1,2,4,3,4,2,2,13,1
3028,4,6,3,8,2,13,4,1,3,4,2,5,10,0
3029,4,5,4,13,2,4,3,3,3,2,2,3,10,0
3030,1,4,4,6,2,2,2,5,2,3,2,2,10,0
3031,1,2,4,3,1,2,2,5,3,3,2,6,13,0
3032,1,2,4,4,1,3,2,5,3,4,2,8,13,1
3033,4,6,4,4,3,16,4,1,2,4,1,1,1,0
3034,4,5,4,7,1,13,5,2,2,4,1,5,10,0
3035,4,5,5,13,4,7,4,2,4,4,2,1,10,0
3036,4,5,5,13,4,7,5,3,3,4,2,1,10,0
3037,1,4,4,7,2,2,2,6,2,2,2,8,10,0
3038,1,4,5,4,3,6,3,6,2,2,2,1,9,0
3039,1,3,3,11,1,2,3,5,4,4,1,5,1,0
3040,1,4,5,12,1,3,5,3,2,3,2,1,10,0
3041,1,3,3,5,2,2,1,4,3,3,2,1,6,0
3042,1,4,5,12,2,3,4,3,3,3,2,3,10,0
3043,1,4,4,12,1,3,5,3,2,3,2,3,10,0
3044,1,3,3,10,2,2,2,5,3,3,1,1,1,0
3045,4,5,3,5,2,15,2,1,3,4,1,2,10,0
3046,1,3,3,5,2,1,2,4,3,3,2,8,6,0
3047,1,3,3,4,1,1,1,3,3,4,2,1,6,0
3048,1,4,5,4,3,6,4,6,3,3,2,1,9,0
3049,1,3,4,4,3,5,3,6,3,3,2,2,9,0
3050,2,3,4,5,3,4,4,6,3,3,2,4,10,0
3051,4,6,4,3,4,17,3,1,2,4,1,3,1,0
3052,4,7,4,9,4,11,5,1,4,3,2,2,10,0
3053,1,4,4,9,2,2,2,5,2,3,2,2,10,0
3054,2,3,4,5,4,4,3,6,2,3,2,5,10,0
3055,2,3,4,4,3,4,3,6,3,4,2,8,10,0
3056,2,3,5,6,2,3,4,6,2,2,2,3,10,0
3057,2,4,4,7,2,3,4,6,4,3,2,5,10,0
3058,4,4,5,14,3,4,3,3,4,3,2,4,10,0
3059,4,4,4,13,2,3,4,3,2,3,2,1,10,0
3060,4,4,4,13,3,4,4,3,3,3,2,4,10,0
3061,1,3,4,2,1,5,4,1,2,4,2,5,9,0
3062,1,3,4,2,1,5,2,6,2,3,2,6,9,0
3063,1,4,4,2,2,5,3,6,4,3,2,3,9,0
3064,1,4,4,3,2,5,5,6,2,3,2,4,9,0
3065,1,3,4,10,2,2,2,5,3,4,1,3,10,0
3066,4,6,4,7,2,13,5,1,2,3,1,4,10,0
3067,1,3,4,1,1,4,3,6,3,4,2,2,13,0
3068,1,3,4,1,1,4,3,6,3,4,2,5,9,0
3069,2,3,4,4,3,4,3,6,2,3,2,4,10,0
3070,1,4,4,9,2,2,1,6,3,3,2,8,10,0
3071,1,3,4,10,3,3,3,6,2,4,1,1,10,0
3072,1,3,4,11,2,2,3,5,3,3,1,4,1,0
3073,4,4,5,14,4,6,5,3,3,3,2,1,10,0
3074,1,4,5,11,1,2,4,4,3,3,2,3,10,0
3075,1,4,4,6,2,2,2,5,4,3,2,1,6,0
3076,1,4,4,3,3,6,3,6,2,2,2,1,9,0
3077,1,2,3,1,1,1,1,4,3,3,2,1,13,0
3078,2,3,5,6,3,4,4,6,3,2,2,3,10,0
3079,2,4,5,7,2,3,5,6,2,3,2,1,10,1
3080,2,3,4,8,1,2,2,6,4,3,2,6,10,0
3081,1,4,4,9,3,3,2,6,3,3,2,4,10,0
3082,1,4,4,9,3,3,4,6,3,3,2,1,10,0
3083,4,6,4,11,4,10,4,1,2,3,2,3,10,0
3084,1,3,2,4,1,1,1,3,3,4,2,1,6,0
3085,4,6,4,9,3,11,4,1,3,3,2,5,10,0
3086,4,6,4,10,3,11,5,1,3,4,2,3,10,0
3087,4,6,4,10,4,10,4,1,3,3,2,1,10,0
3088,4,6,5,11,4,9,4,1,3,3,2,2,10,0
3089,4,5,4,13,3,7,5,3,4,4,2,2,10,0
3090,1,2,4,2,2,2,2,5,3,4,2,5,10,0
3091,1,3,4,2,1,2,3,5,3,3,2,5,9,0
3092,4,5,4,12,4,9,4,2,3,4,2,3,10,0
3093,4,5,5,12,4,8,5,2,2,3,2,2,10,0
3094,4,5,5,12,4,8,5,2,2,3,2,2,10,0
3095,1,3,3,5,2,2,1,4,3,3,2,8,6,0
3096,2,3,4,3,3,3,3,6,3,2,2,4,10,0
3097,1,3,4,10,3,3,2,5,3,4,1,5,1,0
3098,1,3,3,1,1,3,2,4,2,2,2,2,9,0
3099,1,3,4,1,1,3,1,4,3,3,2,3,9,0
3100,4,4,4,14,4,6,4,4,3,3,2,1,10,0
3101,1,3,4,1,1,3,3,5,2,3,2,1,9,0
3102,4,6,5,3,4,17,5,1,4,4,1,3,1,0
3103,4,5,2,6,1,14,3,1,3,4,1,3,10,0
3104,4,5,5,13,4,7,5,3,2,2,2,1,10,0
3105,1,3,4,11,3,3,1,5,2,3,2,1,1,0
3106,1,3,4,11,3,3,2,4,4,3,1,4,1,0
3107,4,5,5,13,3,7,5,2,3,2,2,3,10,0
3108,1,4,5,10,2,2,4,5,2,4,2,1,10,0
3109,1,3,5,8,2,2,3,5,4,3,2,4,10,0
3110,1,2,4,3,1,2,2,5,3,4,2,5,13,1
3111,1,2,3,2,1,2,2,5,3,3,2,1,13,0
3112,4,6,4,4,3,16,3,1,3,4,1,2,1,0
3113,4,5,2,5,2,15,1,1,3,4,1,1,1,0
3114,4,5,3,7,1,14,3,1,3,4,1,4,10,0
3115,4,5,3,6,1,14,4,2,4,4,1,3,10,0
3116,4,4,5,14,3,5,3,3,3,3,2,3,10,0
3117,1,4,5,11,1,2,4,4,3,3,2,3,10,0
3118,1,3,3,9,1,1,2,5,4,3,2,2,10,0
3119,1,4,4,10,1,1,3,5,4,4,2,3,10,0
3120,1,4,3,6,2,2,2,4,2,3,2,1,6,0
3121,1,3,4,2,1,4,3,5,3,3,2,4,9,0
3122,4,6,3,9,3,11,2,1,4,3,2,4,10,0
3123,1,3,4,10,1,1,3,5,3,3,2,3,10,0
3124,1,4,4,7,2,2,3,5,4,2,2,3,10,0
3125,1,3,4,6,2,2,2,4,2,3,2,8,6,0
3126,1,2,4,4,1,3,3,5,4,4,2,1,13,1
3127,4,6,4,3,4,17,3,1,4,3,1,2,1,0
3128,4,6,4,8,2,12,4,1,2,3,2,5,10,0
3129,1,3,4,7,1,1,4,5,3,4,2,3,10,0
3130,1,4,3,6,2,2,2,5,3,3,2,3,6,0
3131,1,3,4,12,3,3,4,4,2,3,1,4,1,0
3132,1,3,4,7,2,2,3,5,3,4,2,3,10,0
3133,1,3,4,7,1,1,3,5,2,4,2,3,10,0
3134,2,3,4,4,3,4,3,6,2,3,2,8,10,0
3135,1,2,3,2,1,1,1,4,3,4,2,1,13,0
3136,1,3,4,5,3,5,3,6,3,3,2,2,9,1
3137,1,3,4,4,2,4,3,6,4,4,2,3,13,1
3138,2,3,4,2,2,2,3,6,2,3,2,4,10,0
3139,2,3,4,5,3,4,4,6,2,2,2,2,10,0
3140,4,6,4,3,4,17,4,1,4,3,1,4,1,0
3141,4,4,5,14,4,5,2,2,3,5,2,4,10,0
3142,4,5,3,7,1,14,2,2,4,4,1,1,10,0
3143,4,4,4,13,3,4,3,3,2,4,2,3,10,0
3144,1,3,3,9,1,1,1,4,2,3,2,2,10,0
3145,1,3,3,3,1,1,1,4,2,4,2,4,9,0
3146,4,4,4,15,4,5,3,3,2,4,2,8,10,0
3147,1,4,5,9,2,2,4,5,3,3,2,4,10,0
3148,1,3,3,3,2,2,1,5,3,3,2,1,13,0
3149,1,2,4,2,2,2,1,5,3,3,2,2,13,0
3150,1,3,4,1,1,3,3,4,3,4,2,2,13,0
3151,1,2,4,3,2,3,2,5,3,4,2,4,13,0
3152,1,3,5,4,2,3,3,6,4,5,2,1,13,0
3153,2,3,4,5,4,4,3,6,3,3,2,3,10,0
3154,2,3,5,5,4,5,4,6,3,5,2,3,10,0
3155,4,6,4,8,2,12,5,1,4,4,2,4,10,0
3156,1,3,2,4,1,1,1,3,3,4,2,1,6,0
3157,4,5,3,5,2,16,2,1,3,4,1,8,1,0
3158,1,4,4,3,2,5,3,6,2,2,2,5,9,0
3159,1,3,4,2,1,2,3,4,2,4,2,5,9,0
3160,4,5,3,6,2,15,5,1,4,4,1,5,1,0
3161,1,3,3,9,1,1,2,5,3,4,2,2,10,0
3162,1,2,3,1,1,1,2,4,4,4,2,5,10,0
3163,4,6,4,10,3,10,4,2,4,4,2,4,10,0
3164,4,5,4,13,3,7,5,3,4,2,2,3,10,0
3165,1,3,5,7,2,1,4,5,2,4,2,4,10,0
3166,1,3,4,1,1,2,2,4,2,3,2,2,9,0
3167,1,2,4,1,2,1,2,5,3,4,2,4,10,0
3168,4,6,5,11,4,9,4,2,4,4,2,3,10,0
3169,4,5,3,6,1,14,5,2,3,4,1,2,10,0
3170,4,5,3,8,1,13,4,2,3,4,1,4,10,0
3171,1,3,4,2,1,2,2,4,4,4,2,2,9,0
3172,1,3,4,3,1,1,2,3,3,4,2,5,9,0
3173,4,6,4,4,3,17,2,1,3,4,1,1,1,0
3174,4,6,4,4,3,16,4,1,4,4,1,1,1,0
3175,4,5,5,12,4,8,4,2,4,3,2,3,10,0
3176,1,3,3,5,2,2,1,4,3,4,2,1,6,0
3177,1,3,3,4,1,1,1,4,2,4,2,1,6,0
3178,1,3,4,3,1,1,2,4,3,4,2,4,9,0
3179,1,4,4,4,3,6,3,6,2,3,2,1,9,0
3180,2,3,4,3,3,3,3,6,2,4,2,6,10,0
3181,2,3,4,4,4,3,2,6,3,3,2,3,10,0
3182,4,5,4,7,1,14,4,2,4,4,1,1,10,0
3183,1,3,4,1,1,3,3,6,4,4,2,4,13,0
3184,1,3,3,1,1,4,2,6,4,4,2,3,9,0
3185,4,5,3,8,1,12,2,2,3,3,2,3,10,0
3186,1,4,4,3,3,5,2,6,2,3,2,6,9,0
3187,2,3,4,3,3,3,2,6,2,2,2,6,10,0
3188,1,3,4,8,1,1,2,5,3,4,2,3,10,0
3189,1,2,2,1,1,1,1,3,3,4,2,1,10,0
3190,2,4,5,6,3,4,4,6,2,4,2,6,10,0
3191,2,4,4,7,3,3,4,6,2,2,2,4,10,0
3192,4,5,4,7,1,14,3,2,4,4,1,2,10,0
3193,1,4,5,11,1,2,5,4,4,4,2,1,10,0
3194,1,4,5,12,1,2,5,5,4,5,2,3,10,0
3195,1,2,4,1,2,1,4,4,3,4,2,6,10,0
3196,2,3,4,3,3,3,3,6,3,3,2,4,10,0
3197,2,2,5,2,2,2,3,5,2,3,2,6,10,0
3198,4,5,2,7,1,13,2,2,4,4,1,2,10,0
3199,4,4,4,15,3,5,2,3,3,4,2,1,10,0
3200,1,3,4,10,1,1,3,6,3,3,2,2,10,0
3201,1,4,4,6,2,1,2,4,4,2,2,3,6,0
3202,2,4,5,6,4,4,5,6,2,3,2,6,10,0
3203,2,4,4,8,3,3,4,5,2,2,2,3,10,0
3204,4,6,4,9,3,11,4,2,4,3,2,3,10,0
3205,4,6,4,10,4,10,5,2,3,2,2,1,10,0
3206,4,4,5,14,3,4,4,3,4,5,2,3,10,0
3207,1,4,4,3,3,5,3,6,2,2,2,1,9,0
3208,1,2,2,1,1,1,1,3,3,4,2,1,10,0
3209,4,6,4,3,4,17,4,1,2,3,1,3,1,0
3210,4,6,5,11,3,9,4,2,2,3,2,2,10,0
3211,1,4,3,8,3,3,1,6,2,3,2,4,10,0
3212,1,4,4,8,3,3,2,6,2,2,2,8,10,0
3213,1,4,4,3,3,5,2,6,2,2,2,4,9,0
3214,4,4,4,14,3,6,4,3,3,3,2,8,10,0
3215,1,3,4,2,2,4,2,6,3,4,2,5,9,0
3216,2,4,5,7,3,4,4,6,4,3,2,4,10,0
3217,4,6,4,9,2,12,4,1,3,4,2,4,10,0
3218,1,3,4,2,2,4,3,6,3,3,2,4,9,0
3219,4,6,5,11,4,9,4,2,3,4,2,1,10,0
3220,4,6,4,10,3,10,4,2,4,2,2,4,10,0
3221,4,5,4,14,3,6,5,3,4,4,2,1,10,0
3222,1,3,4,7,1,1,3,4,3,4,2,4,10,0
3223,1,4,4,6,2,2,3,4,4,2,2,1,6,0
3224,1,3,2,4,1,1,1,4,2,4,2,1,6,0
3225,2,4,4,8,3,4,3,6,3,3,2,2,10,0
3226,4,6,3,5,3,16,3,1,3,3,1,1,1,0
3227,4,5,3,6,2,15,5,1,3,3,1,4,1,0
3228,4,6,3,5,3,16,3,1,3,3,1,2,1,0
3229,1,3,3,3,1,1,1,4,4,4,2,4,9,0
3230,1,2,4,2,2,2,2,5,3,4,2,8,13,0
3231,1,2,4,2,2,2,2,5,3,3,2,1,13,0
3232,1,2,3,1,1,1,1,4,3,4,2,1,13,0
3233,4,4,4,15,3,5,2,3,2,3,2,1,10,0
3234,1,3,4,1,1,3,5,5,4,5,2,2,13,0
3235,1,3,5,5,3,4,4,6,3,4,2,1,9,1
3236,1,3,4,3,2,3,2,5,2,4,2,6,10,0
3237,2,3,5,3,2,2,4,5,4,3,2,5,10,0
3238,4,5,3,9,1,11,2,2,2,4,2,3,10,0
3239,4,4,4,14,3,4,4,3,3,5,2,8,10,0
3240,1,3,4,1,1,3,2,5,3,4,3,6,9,0
3241,1,2,4,2,2,1,1,4,3,3,2,4,10,0
3242,4,5,5,12,3,9,5,2,2,4,2,1,10,0
3243,4,5,4,12,3,8,5,2,3,4,2,3,10,0
3244,1,3,4,11,1,1,5,5,2,4,2,1,10,0
3245,1,3,4,1,2,4,2,5,3,3,3,6,9,0
3246,1,2,3,1,1,1,1,3,4,4,2,4,10,0
3247,4,5,4,8,1,13,4,2,3,3,1,5,10,0
3248,4,5,4,12,3,8,4,2,2,4,2,1,10,0
3249,4,5,4,13,3,7,4,2,3,4,2,4,10,0
3250,1,3,3,4,2,1,1,3,3,4,2,1,6,0
3251,1,3,4,1,1,3,3,5,2,3,3,5,9,0
3252,2,3,5,6,4,4,5,6,4,3,2,4,10,0
3253,4,5,4,6,1,14,5,1,2,2,1,2,10,0
3254,1,4,4,4,3,6,2,6,2,3,2,1,9,0
3255,1,2,4,2,2,2,3,5,2,4,2,2,13,0
3256,2,3,5,6,4,5,4,5,2,4,2,5,10,0
3257,1,2,4,2,2,2,2,5,3,3,2,8,13,0
3258,4,5,3,8,1,13,3,2,4,4,1,3,10,0
3259,4,4,4,13,3,3,3,3,3,3,2,4,10,0
3260,1,4,4,12,2,2,5,5,2,4,2,1,10,0
3261,1,3,3,10,1,1,2,5,3,5,2,2,10,0
3262,1,4,4,4,4,6,3,6,4,3,2,1,9,0
3263,1,4,4,8,4,4,2,6,3,2,2,4,10,0
3264,4,6,4,4,4,17,3,1,3,3,1,3,1,0
3265,4,6,3,4,3,16,3,1,4,4,1,2,1,0
3266,1,3,4,12,1,1,5,5,3,3,2,3,10,0
3267,1,3,3,4,1,1,1,4,3,3,2,8,6,0
3268,1,4,4,3,4,6,4,6,2,2,2,8,9,0
3269,1,3,4,3,3,3,2,5,3,3,2,1,13,0
3270,1,4,4,11,4,4,1,6,3,4,2,2,10,0
3271,1,4,3,11,3,4,2,1,3,2,2,8,1,0
3272,1,3,3,9,1,1,1,3,3,5,2,2,10,0
3273,1,3,2,4,1,1,1,4,3,4,2,1,6,0
3274,1,2,3,1,1,1,1,4,3,3,2,1,13,0
3275,4,5,4,9,2,11,4,2,3,4,2,4,10,0
3276,1,3,4,2,2,4,3,6,2,3,3,6,9,0
3277,1,2,2,1,1,1,1,4,3,4,2,1,10,0
3278,2,4,5,7,4,4,4,6,2,2,2,5,10,0
3279,1,4,4,9,4,4,3,6,2,3,2,2,10,0
3280,4,4,4,15,2,4,1,3,4,3,2,8,10,0
3281,1,3,3,11,1,1,3,5,4,4,2,2,10,0
3282,4,6,3,5,3,16,2,1,3,4,1,8,1,0
3283,4,5,3,8,1,12,3,2,3,3,2,5,10,0
3284,4,5,3,9,2,12,2,2,3,3,2,3,10,0
3285,4,4,5,15,3,5,3,4,3,4,2,8,10,0
3286,1,4,4,2,3,4,2,6,2,3,3,3,9,0
3287,1,3,4,3,3,3,2,6,3,3,2,6,13,0
3288,4,6,4,5,2,15,5,1,3,4,1,2,1,0
3289,4,5,4,12,3,8,4,3,3,4,2,1,10,0
3290,4,5,4,14,2,7,5,2,3,5,2,4,10,0
3291,4,4,5,13,2,3,4,4,3,4,2,4,10,0
3292,1,3,3,12,1,2,2,5,3,4,2,2,10,0
3293,1,3,2,11,1,1,1,5,3,4,2,2,10,0
3294,1,3,4,9,1,1,4,5,4,5,2,2,10,0
3295,1,3,4,1,1,2,2,4,3,4,3,6,9,0
3296,4,5,3,9,2,11,3,2,3,3,2,4,10,0
3297,1,3,4,6,1,1,3,4,3,3,3,3,6,0
3298,4,5,4,7,1,13,4,2,3,5,1,4,10,0
3299,4,5,4,9,1,12,3,2,4,4,2,4,10,0
3300,2,4,4,7,4,5,4,6,2,3,2,6,10,0
3301,4,6,4,10,2,10,4,2,4,2,2,4,10,0
3302,4,6,4,11,3,10,5,2,3,2,2,1,10,0
3303,4,4,5,14,2,4,3,3,4,4,2,8,10,0
3304,1,3,3,5,2,1,1,4,3,3,3,1,6,0
3305,2,3,4,3,3,3,2,5,3,3,2,2,10,0
3306,1,4,5,9,4,4,5,6,2,3,2,2,10,0
3307,1,3,3,12,1,2,3,5,3,4,2,2,10,0
3308,1,3,4,9,1,2,4,5,3,3,2,1,10,0
3309,4,6,4,6,2,15,5,1,4,4,1,3,1,0
3310,1,3,4,4,3,4,3,6,3,4,2,1,13,0
3311,1,2,4,2,2,1,1,5,2,3,2,6,10,0
3312,4,6,5,4,4,17,3,1,2,3,1,3,1,0
3313,4,6,3,5,3,16,3,1,4,4,1,1,1,0
3314,4,5,4,8,1,12,3,1,2,3,2,4,10,0
3315,1,3,2,10,1,1,2,6,3,4,2,2,10,0
3316,1,3,3,9,1,1,1,5,3,4,2,2,10,0
3317,1,3,5,10,1,1,5,4,4,4,2,4,10,0
3318,2,2,5,3,3,2,3,5,4,4,2,4,10,0
3319,2,3,5,5,5,5,3,6,4,4,2,6,10,0
3320,4,5,3,7,1,14,2,2,3,4,1,1,10,0
3321,1,4,4,2,3,4,3,6,2,3,3,5,9,0
3322,4,5,4,6,1,14,4,2,4,3,1,2,10,0
3323,4,5,4,6,2,14,4,2,3,4,1,1,10,0
3324,4,5,4,11,2,10,5,2,3,4,2,3,10,0
3325,1,3,5,6,1,1,3,5,4,4,3,4,6,0
3326,1,3,3,4,2,1,1,3,4,3,3,1,6,0
3327,1,3,3,5,2,1,2,3,3,3,3,1,6,0
3328,1,3,2,4,1,1,1,3,3,4,3,1,6,0
3329,1,3,4,3,1,1,2,3,4,4,3,4,9,0
3330,1,4,4,4,4,6,3,6,2,2,2,3,9,0
3331,1,3,4,5,3,5,3,6,3,4,2,1,13,0
3332,4,6,4,11,3,10,4,2,2,2,2,3,10,0
3333,4,5,5,14,3,6,5,4,3,3,2,2,10,0
3334,4,4,4,13,2,3,4,5,4,4,2,3,10,0
3335,1,4,4,8,4,5,4,6,3,3,2,5,10,0
3336,1,4,4,9,4,4,3,6,2,3,2,4,10,0
3337,4,5,3,7,1,13,4,2,4,5,1,1,10,0
3338,4,5,4,12,3,9,5,2,4,3,2,2,10,0
3339,4,5,4,11,2,9,5,2,4,3,2,3,10,0
3340,1,4,3,3,4,5,2,6,3,3,2,2,9,0
3341,1,4,4,10,4,4,2,6,2,3,2,3,10,0
3342,1,4,4,10,4,4,3,6,3,2,2,2,10,0
3343,4,5,5,14,2,6,4,2,4,2,2,3,10,0
3344,4,5,5,15,2,6,5,2,2,2,2,2,10,0
3345,4,4,5,14,2,4,4,4,4,3,2,1,10,0
3346,1,3,4,1,2,4,2,6,3,2,3,4,9,0
3347,1,3,3,2,2,2,1,5,2,2,2,2,13,0
3348,2,3,5,5,4,4,3,6,3,4,2,6,10,0
3349,1,3,3,8,1,1,3,4,3,4,3,8,10,0
3350,4,4,4,15,1,6,4,3,3,3,2,2,10,0
3351,4,4,4,15,2,5,5,3,2,4,2,2,10,0
3352,4,5,6,15,2,5,5,2,4,2,2,3,10,0
3353,1,2,2,1,1,1,1,3,4,4,2,2,10,0
3354,4,4,4,15,1,5,5,4,3,4,2,2,10,0
3355,1,3,3,4,1,1,1,3,3,4,3,8,6,0
3356,4,5,4,13,2,7,5,2,3,4,2,4,10,0
3357,4,4,5,14,2,7,5,2,4,4,2,4,10,0
3358,1,3,5,6,1,1,3,4,3,4,3,3,6,0
3359,1,3,4,5,1,1,2,5,4,4,3,3,6,0
3360,1,2,3,1,2,1,1,4,3,3,2,8,13,0
3361,2,4,4,7,4,5,4,6,2,2,2,3,10,0
3362,2,4,4,8,4,4,4,6,3,3,2,2,10,0
3363,1,3,4,5,1,1,2,4,3,4,3,3,6,0
3364,1,3,4,4,4,5,3,6,2,3,2,2,9,0
3365,4,5,3,8,1,13,3,2,3,4,1,3,10,0
3366,4,4,4,13,1,3,4,5,4,5,2,1,10,0
3367,1,3,4,4,2,1,2,3,3,3,3,1,6,0
3368,1,3,4,1,2,3,2,5,2,3,3,3,9,0
3369,2,3,4,8,5,5,5,6,3,4,2,2,10,0
3370,4,6,3,5,3,16,3,1,4,4,1,2,1,0
3371,4,5,4,10,2,10,3,2,4,2,2,4,10,0
3372,4,5,5,12,2,9,5,2,2,4,2,1,10,0
3373,1,3,4,1,2,2,2,5,3,3,3,3,9,0
3374,1,3,4,1,2,3,2,6,4,4,3,3,9,0
3375,2,3,4,6,5,5,3,6,3,3,2,4,10,0
3376,2,3,4,6,5,5,4,6,3,3,2,4,10,0
3377,4,5,5,11,2,9,5,2,2,4,2,2,10,0
3378,1,3,4,4,4,4,3,6,2,4,3,8,13,0
3379,4,6,2,6,3,15,2,1,4,3,1,3,1,0
3380,4,5,2,7,2,14,2,2,4,4,2,3,10,0
3381,4,5,3,8,1,13,3,2,4,4,2,1,10,0
3382,4,5,4,10,2,11,4,2,3,4,2,5,10,0
3383,4,4,5,14,1,6,4,3,3,4,2,3,10,0
3384,4,3,4,12,1,2,4,5,4,5,2,3,10,0
3385,1,3,3,11,1,1,3,4,3,4,2,2,10,0
3386,4,5,4,6,2,15,4,2,2,4,1,1,10,0
3387,1,3,5,10,1,1,5,5,3,4,2,5,10,0
3388,4,5,4,6,2,15,3,2,4,4,1,2,10,0
3389,1,3,4,8,1,1,4,5,4,5,3,3,10,0
3390,1,3,3,3,3,3,1,4,2,4,2,8,13,0
3391,1,2,3,2,1,1,2,4,4,4,2,5,10,0
3392,1,2,4,2,2,1,2,4,4,4,2,3,10,1
3393,2,3,4,7,5,5,4,6,2,3,2,2,10,0
3394,4,6,3,4,4,17,2,1,4,4,1,1,1,0
3395,4,4,4,15,2,4,5,3,3,2,2,3,10,0
3396,1,3,3,2,2,2,1,4,3,4,2,8,13,0
3397,4,5,2,8,1,12,2,2,3,4,2,1,10,0
3398,1,3,2,11,1,1,2,5,3,4,2,2,10,0
3399,1,3,3,5,1,1,3,4,2,3,3,3,6,0
3400,1,4,4,10,5,5,2,6,2,3,2,4,10,0
3401,4,5,5,12,2,8,4,3,4,4,2,1,10,0
3402,4,4,5,15,1,5,4,4,3,4,2,3,10,0
3403,1,3,5,4,4,4,3,6,4,5,2,5,13,0
3404,1,2,4,1,2,1,2,5,3,3,2,2,13,0
3405,4,5,5,12,2,8,5,2,4,4,2,2,10,0
3406,4,4,4,13,1,7,5,2,3,4,2,4,10,0
3407,4,4,3,13,2,7,4,2,2,4,2,2,10,0
3408,4,4,4,14,1,6,5,2,2,4,2,2,10,0
3409,1,3,4,3,3,3,4,6,4,3,2,6,13,0
3410,2,3,4,6,5,5,3,6,3,3,2,5,10,0
3411,4,5,4,12,1,9,5,2,4,5,2,3,10,0
3412,4,4,4,14,1,4,4,5,4,4,2,3,10,0
3413,4,4,3,14,1,3,3,5,4,4,2,2,10,0
3414,1,3,4,11,1,1,4,5,4,5,2,5,10,0
3415,1,2,2,3,1,1,2,1,3,3,3,1,9,0
3416,1,3,4,3,1,1,1,3,4,3,3,3,9,0
3417,1,3,4,3,4,5,4,6,3,3,2,8,9,0
3418,4,5,4,7,2,14,4,1,3,4,1,1,10,0
3419,1,3,1,3,1,1,1,3,3,3,3,1,9,0
3420,1,4,5,11,1,2,4,6,3,4,2,5,10,0
3421,1,2,3,3,1,1,3,3,4,5,3,4,9,0
3422,1,2,4,2,2,2,2,5,3,3,2,8,13,0
3423,2,3,4,4,3,3,3,6,3,4,2,2,8,0
3424,1,3,5,8,5,5,5,6,4,4,2,3,10,0
3425,1,3,5,12,1,2,5,5,4,5,2,5,10,0
3426,1,4,4,11,1,2,5,4,2,3,2,1,10,0
3427,1,3,3,11,1,1,2,1,3,2,2,7,10,0
3428,1,2,3,1,1,1,2,3,4,4,2,1,10,0
3429,1,2,1,1,1,1,1,3,3,4,2,5,10,1
3430,1,2,2,1,1,1,1,3,3,4,2,5,10,1
3431,2,3,4,7,5,5,4,6,3,3,2,4,10,0
3432,1,3,3,5,1,1,2,3,3,3,3,3,6,0
3433,1,3,3,4,1,1,1,3,4,4,3,2,6,0
3434,1,4,5,9,5,5,4,6,3,3,2,6,10,0
3435,1,4,4,11,1,2,4,4,3,4,2,3,10,0
3436,4,5,4,6,3,15,3,1,2,3,1,2,1,0
3437,4,5,4,11,2,10,5,2,2,4,2,2,10,0
3438,4,5,4,11,1,10,4,2,3,4,2,3,10,0
3439,4,5,4,13,1,9,4,3,3,4,2,2,10,0
3440,1,3,4,7,1,1,4,4,3,4,3,2,6,0
3441,1,3,4,2,1,1,2,4,4,4,3,4,9,0
3442,4,4,4,13,1,8,5,2,4,4,2,1,10,0
3443,1,3,4,2,3,4,1,6,4,4,3,3,9,0
3444,1,3,4,4,4,4,4,6,3,4,2,4,13,0
3445,2,3,5,5,4,4,3,6,4,4,2,4,8,0
3446,4,5,3,9,1,12,2,2,2,4,2,2,10,0
3447,4,4,4,13,1,8,4,3,3,4,2,2,10,0
3448,1,4,4,10,5,5,3,6,3,2,2,4,10,0
3449,1,3,4,2,3,3,2,6,3,3,3,6,9,0
3450,1,3,4,2,3,4,3,6,3,3,3,5,9,0
3451,1,4,4,4,4,5,3,6,3,3,2,2,9,0
3452,4,5,4,8,1,13,3,2,2,5,2,1,10,0
3453,1,3,4,1,2,3,4,6,2,4,3,2,9,0
3454,4,5,2,8,1,12,3,2,3,4,2,2,10,0
3455,4,5,2,9,1,12,3,2,3,4,2,4,10,0
3456,4,5,4,10,2,11,3,2,3,3,2,4,10,0
3457,4,3,2,13,1,2,2,5,3,3,2,2,10,0
3458,1,3,4,13,1,2,4,6,4,4,2,4,10,0
3459,1,4,4,11,1,2,4,5,3,2,2,5,10,0
3460,1,3,4,8,2,3,3,4,3,4,3,1,6,0
3461,1,3,3,6,1,1,3,4,3,4,3,2,6,0
3462,2,2,4,3,2,1,3,5,3,4,2,5,10,0
3463,2,3,4,4,3,2,3,5,3,3,2,6,10,0
3464,2,3,4,6,5,5,4,6,2,3,2,5,10,0
3465,4,4,4,15,1,6,4,3,4,3,2,3,10,0
3466,1,3,4,1,2,3,2,6,3,4,3,6,9,0
3467,2,3,4,5,4,3,3,6,2,3,2,5,10,0
3468,4,5,4,11,2,10,5,2,4,2,2,3,10,0
3469,1,3,4,1,3,3,2,5,3,3,3,6,9,0
3470,1,3,4,2,3,4,1,6,2,4,3,6,9,0
3471,1,4,4,3,4,4,2,6,3,2,2,5,9,0
3472,1,4,4,2,3,4,2,6,2,2,2,5,9,0
3473,1,3,4,4,4,4,4,6,3,4,3,1,13,0
3474,4,5,4,8,2,13,4,2,3,3,2,3,10,0
3475,4,5,4,10,1,11,4,2,3,4,2,4,10,0
3476,1,4,4,12,1,3,5,4,2,4,3,2,10,0
3477,1,4,4,3,4,5,3,6,2,4,3,1,9,0
3478,1,4,4,9,6,6,4,6,3,3,2,3,10,0
3479,4,5,4,10,1,11,3,2,2,3,2,3,10,0
3480,4,4,4,14,1,7,3,3,3,4,2,2,10,0
3481,1,4,5,9,1,2,4,5,3,2,2,4,10,0
3482,1,3,2,5,1,1,2,3,2,4,3,8,6,0
3483,1,3,3,7,1,1,2,4,4,3,3,8,6,0
3484,1,3,3,5,1,1,3,3,4,4,3,4,6,0
3485,1,2,2,3,1,1,1,3,2,3,3,1,9,0
3486,4,5,3,7,2,14,4,2,4,3,2,4,10,0
3487,4,5,4,11,1,10,5,2,4,4,2,3,10,0
3488,4,4,4,13,1,3,3,4,4,4,2,5,10,0
3489,1,2,1,3,1,1,1,3,3,3,3,1,9,0
3490,1,3,4,2,2,2,2,4,3,4,2,1,13,0
3491,1,2,2,1,1,1,1,4,4,4,2,5,10,0
3492,1,2,2,1,1,1,1,3,4,4,2,5,10,0
3493,4,6,4,6,4,16,4,1,3,4,1,2,1,0
3494,4,5,3,7,2,14,3,2,4,4,1,2,1,0
3495,1,3,3,4,1,1,3,4,3,3,3,2,6,0
3496,1,3,4,1,1,2,2,4,3,4,3,3,9,1
3497,1,3,4,4,4,4,3,6,4,3,3,6,13,0
3498,4,6,4,5,4,17,4,1,3,4,1,2,1,0
3499,1,3,5,8,1,2,4,5,4,3,3,1,10,0
3500,1,3,4,1,1,2,2,5,3,4,3,6,9,1
3501,1,3,4,1,2,3,2,5,3,3,3,6,9,0
3502,1,2,4,1,1,1,3,4,3,4,2,8,13,0
3503,1,4,5,9,1,3,3,4,3,3,3,1,10,0
3504,1,3,4,8,2,2,3,4,4,3,3,1,10,0
3505,1,2,1,3,1,1,1,3,3,3,3,2,9,0
3506,4,4,3,14,1,7,3,3,3,4,2,1,10,0
3507,4,3,3,14,1,4,3,4,4,4,2,2,10,0
3508,4,4,4,14,1,4,4,4,3,4,2,3,10,0
3509,1,2,3,4,1,1,3,3,3,3,3,3,6,0
3510,1,3,4,3,3,3,4,6,2,2,3,5,13,0
3511,4,4,4,14,1,7,3,3,4,4,2,2,10,0
3512,1,3,5,8,2,2,5,4,4,5,3,3,6,0
3513,1,2,1,3,1,1,1,3,3,4,3,1,9,0
3514,1,3,4,3,3,3,3,5,2,3,2,1,13,0
3515,2,3,4,6,5,4,3,6,2,3,2,6,10,0
3516,2,3,5,7,6,5,3,6,3,4,2,2,10,0
3517,4,5,4,8,1,13,4,2,4,4,2,8,10,0
3518,1,4,4,13,2,3,5,4,2,3,2,2,10,0
3519,2,3,4,5,4,4,2,5,3,3,2,3,10,0
3520,1,3,4,5,1,2,1,5,4,4,3,2,6,0
3521,1,3,4,2,2,2,3,5,4,2,2,1,13,0
3522,2,3,4,7,5,5,2,6,3,4,2,2,10,0
3523,2,3,5,7,5,6,5,6,4,5,2,3,10,0
3524,1,3,3,6,1,1,1,4,3,4,3,8,6,0
3525,4,6,4,6,3,15,4,1,2,4,1,8,1,0
3526,4,4,4,15,1,6,4,3,4,3,2,3,10,0
3527,4,5,3,7,2,14,3,2,3,4,2,5,10,0
3528,4,4,3,15,1,5,3,3,3,4,2,3,10,0
3529,1,3,3,5,1,1,3,3,3,5,3,1,6,0
3530,1,4,4,2,3,3,1,5,3,2,3,3,9,0
3531,1,4,4,3,4,4,2,6,2,3,3,4,9,0
3532,4,5,5,11,1,10,5,2,2,4,2,2,10,0
3533,1,3,3,6,1,1,2,3,3,4,3,1,6,0
3534,1,3,4,2,3,4,2,6,3,3,3,2,9,0
3535,4,6,4,7,3,14,4,1,2,4,2,4,1,0
3536,4,3,3,15,1,4,2,2,3,5,2,2,10,0
3537,1,3,4,2,3,3,2,6,3,3,3,4,9,0
3538,4,4,3,14,1,4,4,4,2,4,2,5,10,0
3539,4,4,4,13,1,3,4,4,2,4,2,2,10,0
3540,1,3,4,7,2,2,2,4,3,4,3,4,6,0
3541,1,4,4,4,4,5,4,6,2,3,3,2,9,0
3542,2,3,4,8,6,6,3,6,3,3,2,6,10,0
3543,1,2,2,2,1,1,1,3,3,3,3,1,9,0
3544,4,5,4,9,1,13,4,2,2,4,2,1,10,0
3545,1,2,3,2,2,1,2,5,3,3,2,4,10,0
3546,1,2,2,1,1,1,1,4,3,4,2,3,10,0
3547,4,5,4,9,1,12,3,2,4,4,2,8,10,0
3548,4,5,4,9,1,12,3,3,4,4,2,1,10,0
3549,1,4,4,12,1,2,5,5,3,2,2,5,10,0
3550,1,4,5,10,1,2,4,4,3,4,2,3,10,0
3551,1,2,1,3,1,1,1,3,3,3,3,1,9,0
3552,1,2,4,1,1,1,3,4,4,4,2,1,13,0
3553,4,6,4,7,3,15,4,1,3,3,2,4,1,0
3554,4,4,3,15,1,6,2,2,3,4,2,2,10,0
3555,4,4,3,15,1,5,3,4,2,4,2,1,10,0
3556,4,4,3,14,1,4,4,3,4,3,2,5,10,0
3557,4,4,3,14,1,7,3,4,3,4,2,2,10,0
3558,1,4,4,10,1,3,4,3,4,2,3,5,10,0
3559,1,4,3,11,1,2,4,4,4,3,3,1,10,0
3560,1,3,4,1,1,2,2,5,4,4,3,4,9,0
3561,1,2,4,2,2,2,3,4,3,4,2,2,13,0
3562,4,4,4,14,1,8,4,2,4,4,2,8,10,0
3563,4,4,3,15,1,6,1,4,2,4,2,8,10,0
3564,1,4,5,11,1,3,5,4,3,3,3,2,10,0
3565,1,2,2,1,1,1,1,4,3,4,2,4,10,0
3566,4,5,4,7,2,14,3,1,4,3,2,5,10,0
3567,4,4,5,13,1,8,4,3,4,3,2,3,10,0
3568,4,4,3,15,1,5,3,4,3,4,2,3,10,0
3569,1,4,5,10,1,3,4,4,2,2,3,1,10,0
3570,1,3,4,1,1,2,2,5,3,4,3,4,9,1
3571,1,3,3,1,2,3,1,6,2,3,3,2,9,0
3572,1,4,4,10,6,6,3,5,3,3,2,4,2,0
3573,1,2,2,2,1,1,1,3,3,3,3,3,9,0
3574,1,2,3,3,1,1,4,3,3,3,3,4,6,0
3575,1,3,4,1,2,2,2,5,3,3,3,4,9,0
3576,1,3,4,5,1,2,1,5,2,3,3,8,6,0
3577,1,3,4,4,1,2,2,4,4,4,3,1,6,1
3578,1,2,4,1,1,1,3,4,3,4,2,1,13,0
3579,1,2,4,3,3,2,1,5,3,4,2,5,10,0
3580,4,6,5,6,4,15,3,1,2,3,2,8,1,0
3581,4,4,3,13,1,8,3,4,2,4,2,1,10,0
3582,4,4,4,14,1,8,5,3,4,5,2,2,10,0
3583,2,2,3,3,3,3,2,5,3,3,2,5,10,0
3584,4,4,4,15,1,5,5,4,4,4,2,3,10,0
3585,2,3,4,7,6,6,4,6,4,5,2,5,2,0
3586,1,4,4,11,1,3,3,3,4,4,3,5,10,0
3587,4,6,5,7,3,15,4,1,3,3,2,8,1,0
3588,4,4,4,12,1,9,4,2,4,5,2,2,10,0
3589,1,3,4,6,2,2,2,5,2,5,3,5,6,0
3590,1,2,1,2,2,1,1,5,3,3,2,4,10,0
3591,1,2,3,2,2,2,1,4,3,3,2,5,10,0
3592,4,6,4,8,3,14,4,1,3,3,2,5,10,0
3593,4,5,4,12,1,9,4,3,4,4,2,4,10,0
3594,4,5,5,13,2,9,5,3,4,3,2,4,10,0
3595,4,5,4,9,2,13,4,2,3,3,2,2,10,0
3596,4,5,4,10,1,11,3,2,4,3,2,3,10,0
3597,4,4,4,13,1,9,5,4,4,4,2,3,10,0
3598,1,4,4,13,2,3,5,4,4,3,2,6,10,0
3599,1,3,4,6,2,2,5,4,2,4,3,1,6,0
3600,2,2,4,3,3,2,3,5,3,4,2,5,10,0
3601,4,4,5,13,1,8,5,3,3,3,2,1,10,0
3602,4,4,4,15,1,7,4,4,4,4,2,2,10,0
3603,1,4,3,11,1,3,4,5,3,4,3,1,10,0
3604,1,3,4,5,1,2,2,5,4,2,3,6,6,0
3605,1,2,2,2,1,1,2,3,3,3,3,1,9,0
3606,1,4,4,10,6,6,3,5,2,2,2,4,10,0
3607,4,5,4,11,1,10,4,2,4,4,2,3,10,0
3608,4,4,3,14,1,7,5,3,3,3,2,4,10,0
3609,1,4,4,12,1,3,5,4,4,2,3,4,10,0
3610,1,2,3,1,1,1,2,4,3,4,2,1,10,0
3611,1,2,3,1,1,1,2,3,3,4,2,4,10,0
3612,1,2,2,1,1,1,2,4,4,4,2,3,10,0
3613,4,4,3,12,1,9,5,2,4,4,2,2,10,0
3614,1,4,6,9,2,3,4,4,2,2,3,5,6,0
3615,1,3,5,8,2,2,4,4,3,4,3,4,6,0
3616,1,4,4,3,4,4,5,6,3,3,3,4,9,0
3617,1,4,4,4,4,4,3,6,2,3,3,2,13,0
3618,1,4,4,4,4,4,3,6,3,3,3,3,13,0
3619,1,3,4,4,4,4,4,6,4,4,3,4,13,0
3620,4,4,4,15,1,5,5,3,3,4,2,3,10,0
3621,1,3,4,7,2,3,3,4,4,3,3,1,6,0
3622,1,3,4,3,4,4,5,6,2,4,3,3,13,0
3623,1,4,5,13,2,4,5,4,4,4,2,5,10,0
3624,1,4,4,9,2,4,4,3,3,3,3,3,10,0
3625,4,4,3,12,1,10,4,2,3,5,2,3,10,0
3626,4,4,4,16,1,6,4,3,3,3,2,1,10,0
3627,1,4,4,10,7,7,3,5,4,3,2,4,10,0
3628,4,5,3,10,1,11,3,2,4,4,2,1,10,0
3629,4,5,3,11,1,11,5,3,4,3,2,4,10,0
3630,1,4,4,3,3,4,3,6,2,3,3,5,9,0
3631,1,4,4,3,3,3,4,5,3,2,3,4,13,0
3632,1,3,5,2,3,3,5,5,3,3,2,1,13,1
3633,1,2,3,2,2,1,1,4,3,4,2,4,13,0
3634,2,3,4,6,5,5,3,6,3,4,2,3,10,0
3635,2,3,4,7,5,6,3,6,2,3,2,4,10,0
3636,4,4,4,10,1,11,3,2,3,5,2,2,10,0
3637,4,4,4,15,2,7,4,2,3,3,2,2,10,0
3638,1,4,4,8,3,3,5,4,3,4,3,1,6,0
3639,4,4,3,11,1,11,4,2,3,4,2,4,10,0
3640,4,4,3,15,1,7,4,3,3,5,2,5,10,0
3641,4,4,4,14,1,4,3,4,4,4,2,5,10,0
3642,1,4,5,13,2,4,5,3,4,4,2,2,10,0
3643,2,3,4,6,4,5,2,6,4,4,2,5,2,0
3644,4,4,2,11,1,11,3,1,1,5,2,8,10,0
3645,4,6,5,6,4,16,4,1,4,3,2,2,1,0
3646,1,4,4,9,2,3,5,3,2,3,3,1,10,0
3647,4,6,4,8,2,14,4,2,3,3,2,1,10,0
3648,4,5,4,9,2,13,4,2,4,4,2,8,10,0
3649,1,3,4,7,2,3,3,4,3,3,3,1,6,0
3650,1,3,5,7,3,3,4,4,4,4,3,5,6,0
3651,4,6,4,8,2,13,4,2,3,3,2,1,10,0
3652,1,4,5,9,3,3,5,4,3,3,3,3,6,0
3653,1,3,4,6,2,2,2,5,4,3,3,6,6,0
3654,2,3,4,4,3,3,3,5,3,3,2,2,10,0
3655,4,4,2,11,1,11,4,2,3,4,2,3,10,0
3656,4,4,4,14,2,4,4,4,3,4,2,6,10,0
3657,1,4,4,8,3,3,3,5,2,3,3,1,6,0
3658,1,4,4,4,4,4,4,6,3,3,3,1,13,0
3659,1,3,4,2,3,3,3,6,4,5,3,2,9,0
3660,1,4,4,9,7,7,3,6,3,3,2,5,10,0
3661,1,4,4,10,8,7,2,5,4,4,2,3,10,0
3662,4,4,3,12,1,10,3,3,2,4,2,2,10,0
3663,4,4,4,14,2,4,4,4,3,4,2,5,10,0
3664,4,6,5,6,4,15,3,1,4,4,2,8,1,0
3665,4,5,3,11,2,11,4,2,2,4,2,3,10,0
3666,4,4,5,15,1,6,4,4,4,5,2,8,10,0
3667,2,3,4,5,4,4,3,6,3,4,2,5,10,0
3668,1,4,4,10,7,7,3,6,4,3,2,3,10,0
3669,4,5,3,10,1,12,4,2,4,4,2,1,10,0
3670,4,5,5,15,2,5,5,2,4,4,3,2,10,0
3671,1,5,4,12,1,4,5,4,3,4,3,1,10,0
3672,1,2,1,2,1,1,1,3,3,4,3,2,9,0
3673,1,4,4,3,3,3,5,5,4,2,3,1,13,0
3674,1,3,4,2,2,2,3,4,3,3,2,1,13,0
3675,4,4,4,14,2,5,5,2,2,2,2,3,10,0
3676,1,4,5,10,1,4,4,3,2,4,3,8,10,0
3677,1,3,4,1,1,2,2,5,2,4,3,4,9,1
3678,1,3,4,2,3,3,3,6,4,3,3,5,9,0
3679,4,5,4,11,2,11,4,2,4,4,2,5,10,0
3680,1,5,5,13,1,4,5,3,3,3,3,4,10,0
3681,1,3,3,1,2,2,3,5,3,3,3,2,9,1
3682,4,6,4,8,3,14,4,2,3,3,2,2,1,0
3683,4,5,4,9,1,12,5,1,4,3,2,2,10,0
3684,1,3,4,3,3,3,4,6,2,2,3,4,9,0
3685,2,3,4,8,5,6,4,6,2,3,2,4,10,0
3686,4,6,4,8,3,14,5,1,3,3,2,2,1,0
3687,4,5,4,9,2,13,4,2,3,4,2,2,10,0
3688,1,2,2,3,1,1,1,3,3,3,3,2,9,0
3689,1,3,4,3,4,4,5,6,2,3,3,2,9,0
3690,4,7,5,6,5,16,4,1,2,2,1,3,1,0
3691,1,5,3,11,1,3,2,4,2,3,3,5,10,0
3692,1,5,4,11,1,4,3,3,3,3,3,5,10,0
3693,1,3,4,4,1,2,1,4,4,4,3,8,6,1
3694,1,2,3,3,1,1,2,4,4,4,3,8,6,0
3695,4,7,5,6,5,16,4,1,4,2,2,1,1,0
3696,4,7,5,6,4,16,5,1,3,2,2,3,1,0
3697,4,5,5,13,3,10,5,2,3,3,2,4,10,0
3698,4,5,4,13,2,9,5,3,2,3,2,1,10,0
3699,4,4,5,16,1,7,5,3,4,4,2,1,10,0
3700,4,4,5,15,2,5,4,3,3,4,2,2,10,0
3701,1,2,3,2,1,1,4,2,3,4,3,4,9,1
3702,1,3,4,5,2,2,2,4,2,3,3,2,6,0
3703,1,3,4,4,1,2,2,4,3,3,3,2,6,0
3704,4,5,4,12,2,10,5,2,3,3,2,5,10,0
3705,1,2,4,1,1,1,3,4,3,3,2,1,13,0
3706,1,2,2,1,1,1,1,4,3,4,2,1,10,0
3707,1,2,4,2,1,1,3,4,3,4,2,5,10,0
3708,4,6,4,8,3,14,3,1,2,3,2,1,1,0
3709,4,5,3,10,2,12,3,2,3,4,2,2,10,0
3710,1,3,4,5,2,3,2,5,3,3,3,2,6,0
3711,1,3,4,3,3,3,2,6,3,4,3,5,9,0
3712,2,3,4,5,3,4,2,6,4,3,2,5,10,0
3713,2,2,4,4,2,3,3,5,3,4,2,2,10,0
3714,2,3,4,5,3,4,2,6,3,4,2,6,10,0
3715,4,7,4,6,5,16,4,1,2,4,1,3,1,0
3716,4,5,4,12,1,10,5,2,2,4,2,1,10,0
3717,1,4,5,7,3,4,3,5,4,3,3,8,6,0
3718,1,3,4,1,2,2,2,5,4,3,3,4,9,0
3719,1,4,4,7,3,3,3,5,3,3,3,1,6,0
3720,1,3,4,1,1,2,3,5,2,4,3,5,9,0
3721,4,5,5,12,2,10,4,2,3,4,2,1,10,0
3722,1,3,4,2,3,3,2,5,3,3,3,4,9,1
3723,1,3,4,4,1,2,2,5,4,4,3,2,6,0
3724,1,3,3,1,2,2,3,4,3,3,3,2,9,1
3725,1,2,4,1,1,1,2,4,4,4,3,4,9,0
3726,4,6,5,7,4,15,4,1,3,2,2,1,1,0
3727,4,4,5,14,2,5,5,3,4,5,3,4,10,0
3728,1,5,4,13,1,4,3,3,3,3,3,1,10,0
3729,1,3,4,4,4,4,4,6,2,4,3,1,13,0
3730,1,3,5,6,2,3,4,5,2,2,3,4,6,0
3731,1,4,4,6,2,3,3,6,3,3,3,1,6,0
3732,1,3,4,3,3,3,3,5,3,3,3,4,13,0
3733,4,5,5,9,3,13,4,2,4,3,2,2,1,0
3734,4,5,5,14,2,8,5,3,4,4,2,2,10,0
3735,4,5,6,14,2,8,5,3,2,2,2,2,10,0
3736,1,5,5,13,2,4,5,4,2,2,2,4,10,0
3737,1,5,5,11,2,5,5,3,2,3,3,2,10,0
3738,1,3,4,2,2,2,3,5,3,3,3,4,9,1
3739,1,2,3,1,1,1,1,4,3,4,3,2,13,0
3740,1,3,4,2,1,1,2,4,4,3,3,3,13,0
3741,4,7,3,5,4,17,4,1,3,3,1,3,1,0
3742,4,4,3,14,2,5,5,4,4,5,2,3,10,0
3743,4,6,4,7,4,15,4,1,2,4,2,2,1,0
3744,1,2,2,1,1,1,2,3,3,3,3,1,9,1
3745,2,3,4,7,5,6,3,6,3,2,2,3,10,0
3746,2,3,5,8,5,7,5,6,2,3,2,3,10,0
3747,1,4,4,9,3,4,3,5,4,3,3,1,6,0
3748,1,3,4,7,3,3,3,5,2,4,3,1,6,0
3749,1,4,4,10,2,5,4,4,4,3,3,3,10,0
3750,1,4,4,8,3,4,3,5,2,4,3,1,6,0
3751,1,3,4,9,6,8,4,6,3,3,2,4,10,0
3752,4,6,4,8,4,15,5,1,3,3,2,2,1,0
3753,4,5,4,11,2,12,4,2,4,4,2,4,10,0
3754,1,4,3,9,3,4,3,4,2,3,3,1,6,0
3755,1,2,4,1,1,1,2,4,3,4,3,4,9,0
3756,2,3,4,7,4,6,2,6,3,3,2,3,10,0
3757,1,4,4,10,2,5,4,3,2,4,3,2,10,0
3758,1,3,4,2,2,2,2,4,2,4,3,2,13,0
3759,1,5,4,13,1,4,4,3,3,3,3,1,10,0
3760,1,3,4,2,2,2,2,4,2,4,3,2,13,0
3761,2,3,4,6,3,5,2,6,2,3,2,6,10,0
3762,2,3,4,8,5,7,4,6,4,3,2,4,10,0
3763,1,2,3,3,2,2,2,4,3,4,2,2,10,0
3764,1,2,3,2,2,1,3,4,4,3,2,5,10,0
3765,4,6,4,8,3,14,4,1,3,3,2,1,1,0
3766,4,5,4,11,2,12,4,2,4,3,2,5,10,0
3767,4,4,4,15,1,5,5,3,4,4,2,5,10,0
3768,1,5,4,12,1,4,4,3,4,4,3,1,10,0
3769,1,2,4,1,2,2,3,4,3,3,3,1,13,0
3770,1,3,4,3,3,3,3,5,4,3,3,2,9,0
3771,1,3,4,2,2,1,1,4,4,3,3,3,13,0
3772,1,5,6,14,2,5,5,3,2,2,3,5,10,0
3773,1,5,4,10,2,5,5,3,4,3,3,3,10,0
3774,1,4,5,8,3,4,3,5,3,3,3,4,6,0
3775,1,2,3,3,1,1,1,4,3,4,3,1,9,0
3776,1,3,4,3,3,3,3,5,4,4,3,3,13,0
3777,4,5,6,14,3,5,4,2,2,2,3,4,10,0
3778,1,3,4,5,2,4,2,5,3,3,3,8,6,0
3779,1,3,4,5,2,3,1,4,2,3,3,1,6,0
3780,1,3,4,3,3,3,4,5,2,4,3,5,9,1
3781,4,4,5,15,2,8,5,2,3,3,2,3,10,0
3782,1,4,5,7,3,4,3,5,2,3,3,5,6,0
3783,4,6,2,7,5,16,2,1,3,3,2,3,1,0
3784,4,6,4,8,4,15,5,1,3,3,2,2,1,0
3785,1,3,5,3,4,4,5,6,2,3,3,1,9,0
3786,1,5,4,13,2,5,4,2,3,4,3,2,10,0
3787,1,3,4,6,2,3,3,5,3,3,3,8,6,0
3788,2,3,5,6,4,5,2,6,3,3,2,2,10,0
3789,4,5,5,13,2,9,5,3,3,4,2,5,10,0
3790,1,4,4,6,2,4,3,5,2,2,3,1,6,0
3791,1,2,3,2,1,1,2,4,3,3,2,4,13,0
3792,4,7,3,6,5,17,4,1,4,4,1,2,1,0
3793,4,7,3,6,5,17,3,1,4,4,1,2,1,0
3794,4,7,4,6,5,16,3,1,2,3,1,2,1,0
3795,1,4,4,7,2,4,3,5,2,2,3,4,6,0
3796,4,5,4,15,1,6,4,2,4,4,2,5,10,0
3797,1,3,4,2,3,3,3,5,3,3,3,4,9,0
3798,4,5,2,10,3,13,2,1,3,4,2,3,10,0
3799,4,5,4,9,3,13,4,2,3,4,2,2,10,0
3800,1,3,4,2,3,3,3,5,2,3,3,5,9,0
3801,1,3,4,3,3,3,2,5,3,3,3,3,9,0
3802,1,4,4,8,2,4,5,4,3,2,3,1,6,0
3803,1,5,5,12,1,5,3,3,3,3,3,6,10,0
3804,1,5,3,9,2,5,4,3,4,2,3,1,6,0
3805,1,2,2,3,1,1,1,3,3,4,3,1,9,1
3806,1,2,4,2,1,1,2,4,3,4,2,6,13,0
3807,1,4,4,10,7,7,3,6,2,3,2,4,10,0
3808,4,5,5,15,2,8,5,2,4,5,2,2,10,0
3809,1,4,4,9,2,4,4,3,2,2,3,1,6,0
3810,2,3,4,6,3,5,2,6,3,3,2,3,10,0
3811,1,3,4,9,7,8,3,6,3,5,2,4,10,0
3812,1,4,4,11,8,6,3,6,2,3,2,3,10,0
3813,1,4,4,10,2,5,5,4,4,3,3,4,6,0
3814,1,2,2,2,1,1,2,2,3,3,3,1,9,0
3815,4,6,4,8,4,15,5,1,4,2,2,1,1,0
3816,4,6,5,14,3,9,5,2,4,5,2,1,10,0
3817,1,3,4,1,1,1,3,5,3,3,3,2,9,1
3818,1,3,5,1,2,2,3,5,3,4,3,5,9,1
3819,1,3,4,3,3,3,4,5,3,4,3,1,9,1
3820,1,2,4,1,1,1,3,4,3,4,3,1,9,0
3821,2,2,4,5,2,4,2,6,4,4,2,5,10,0
3822,2,3,5,8,6,7,4,6,4,4,2,3,10,0
3823,4,4,5,16,1,7,5,3,5,5,2,2,10,0
3824,4,5,5,16,1,7,5,2,3,3,2,4,10,0
3825,1,5,4,12,1,5,3,3,3,4,3,6,10,0
3826,1,5,4,12,2,5,5,3,2,2,3,2,10,0
3827,1,4,4,11,1,6,4,4,4,4,3,3,10,0
3828,1,2,4,4,1,3,2,5,3,4,2,3,10,1
3829,2,3,5,8,5,7,3,6,4,5,2,3,10,0
3830,4,6,4,13,3,9,4,1,4,2,2,6,10,0
3831,1,3,4,3,2,2,1,4,4,3,3,8,6,0
3832,1,2,4,3,1,2,2,5,3,3,2,5,13,0
3833,1,4,4,10,7,7,3,5,3,3,2,4,10,0
3834,4,5,4,15,2,6,5,2,2,3,2,5,10,0
3835,1,2,2,1,1,1,2,4,4,4,2,2,10,0
3836,2,3,4,8,5,7,4,6,3,4,2,4,10,0
3837,1,3,4,9,6,8,4,6,3,3,2,4,10,0
3838,4,5,4,8,4,15,4,2,3,3,2,2,1,0
3839,4,5,4,9,4,14,4,2,4,3,2,2,1,0
3840,4,5,2,10,3,13,2,1,3,4,2,3,1,0
3841,1,5,4,13,2,5,5,2,3,4,3,1,10,0
3842,1,2,4,1,1,1,1,3,4,4,3,2,9,0
3843,1,2,4,2,1,1,2,5,4,4,3,8,13,0
3844,2,2,4,4,2,3,3,6,3,4,2,5,10,0
3845,1,4,4,10,7,7,3,6,3,3,2,3,10,0
3846,4,5,4,12,2,11,4,3,4,3,2,5,10,0
3847,1,4,4,7,2,4,2,6,3,2,3,8,6,0
3848,2,2,5,6,3,5,3,6,2,4,2,2,10,0
3849,2,2,5,5,2,4,4,6,4,4,2,4,10,0
3850,1,4,4,10,6,7,3,6,4,3,2,6,10,0
3851,4,6,5,12,4,12,4,2,4,3,2,5,10,0
3852,1,2,3,2,1,1,3,4,4,5,2,4,13,0
3853,1,2,3,3,1,2,1,3,3,4,3,2,9,1
3854,2,3,4,8,5,7,5,6,3,4,2,6,10,0
3855,4,5,4,9,3,13,4,2,4,5,2,2,1,0
3856,4,5,4,9,4,14,4,1,2,5,2,2,1,0
3857,1,4,4,8,2,4,2,5,4,2,3,8,6,0
3858,1,4,4,7,2,4,3,5,2,4,3,2,6,1
3859,1,4,3,9,2,5,4,4,2,2,3,3,6,0
3860,1,4,5,8,2,5,5,4,4,3,3,3,6,1
3861,1,4,4,9,6,8,3,6,3,4,2,1,10,0
3862,4,7,4,6,5,16,4,1,4,4,2,2,1,0
3863,4,6,5,12,3,11,5,2,4,3,2,5,10,0
3864,1,4,4,11,2,5,4,4,2,4,3,2,10,0
3865,1,4,4,10,1,6,3,4,2,4,3,3,6,0
3866,1,3,4,8,1,5,4,5,4,4,3,3,6,1
3867,1,4,4,7,1,5,2,5,2,3,3,2,6,0
3868,1,4,5,7,1,5,3,5,3,3,3,3,6,1
3869,1,3,4,4,1,2,2,1,4,3,3,1,6,0
3870,1,3,4,2,2,2,3,5,3,3,3,4,9,0
3871,4,4,4,16,1,7,5,2,4,5,2,3,10,0
3872,1,4,5,8,2,5,5,5,2,5,3,2,6,1
3873,1,3,4,7,1,5,3,4,4,3,3,3,6,1
3874,1,3,4,4,1,3,2,4,3,4,3,2,6,0
3875,1,3,4,3,1,2,2,4,4,4,3,2,6,1
3876,4,6,3,6,4,17,3,1,2,3,1,3,1,0
3877,4,5,4,15,2,6,5,2,3,3,2,5,10,0
3878,1,4,4,10,1,6,1,4,3,4,3,3,6,0
3879,1,3,4,4,1,3,2,4,3,3,3,3,6,0
3880,2,2,4,4,1,3,4,6,4,4,2,2,10,0
3881,4,5,3,10,3,13,3,3,3,4,2,4,10,0
3882,1,4,4,8,2,5,4,4,2,4,3,2,6,1
3883,1,3,4,5,1,3,1,4,3,3,3,2,6,0
3884,4,5,4,12,3,11,4,2,3,4,2,6,10,0
3885,4,5,6,13,3,10,4,2,3,4,2,1,10,0
3886,4,5,7,13,3,10,5,1,2,5,2,5,10,0
3887,1,4,4,6,2,4,2,5,2,2,3,2,6,0
3888,1,2,3,2,1,1,4,3,3,4,3,4,9,1
3889,4,6,3,8,5,15,4,2,3,3,2,1,1,0
3890,4,6,3,8,4,15,3,1,3,3,2,2,1,0
3891,1,5,3,14,3,5,4,2,3,3,3,1,10,0
3892,1,3,4,7,1,5,3,5,2,4,3,2,6,0
3893,1,3,4,6,1,5,4,5,3,4,3,3,6,1
3894,1,3,4,5,1,4,1,4,3,4,3,3,6,1
3895,1,3,4,6,1,4,3,4,3,4,3,2,6,1
3896,1,4,4,9,1,5,5,5,2,3,3,2,6,1
3897,1,4,4,9,1,6,4,4,3,4,3,2,6,1
3898,1,3,3,3,2,3,3,5,2,3,3,1,9,0
3899,1,2,3,1,1,1,1,3,4,4,3,6,9,0
3900,1,2,4,1,1,1,2,4,4,5,3,5,10,1
3901,2,3,5,8,5,7,5,6,3,4,2,5,10,0
3902,4,6,2,7,5,16,4,2,3,3,2,2,1,0
3903,1,5,4,13,2,5,4,2,3,3,3,5,10,0
3904,2,3,4,7,4,6,4,6,3,4,2,4,10,0
3905,4,6,4,7,5,16,4,1,3,4,2,1,1,0
3906,1,3,4,2,2,2,4,5,4,3,3,5,9,0
3907,4,7,4,6,4,17,4,1,3,4,1,3,1,0
3908,4,6,5,13,4,11,4,1,3,4,2,4,10,0
3909,1,5,4,13,2,6,4,2,3,3,3,5,10,0
3910,4,5,3,10,4,13,4,2,3,3,2,5,10,0
3911,4,5,6,16,2,8,5,2,4,5,2,1,10,0
3912,4,5,3,14,3,6,5,2,4,4,3,1,10,0
3913,1,4,4,12,2,6,5,3,4,4,3,2,10,0
3914,4,5,5,16,1,8,5,2,2,4,2,2,10,0
3915,1,2,3,2,1,1,1,3,3,4,3,1,9,0
3916,1,3,4,3,1,2,2,4,3,4,3,3,9,0
3917,4,5,6,15,2,8,5,2,4,5,2,2,10,0
3918,4,5,3,14,3,6,4,2,3,4,3,1,10,0
3919,1,4,4,11,1,6,5,4,2,4,3,1,10,0
3920,1,2,4,2,1,2,3,5,4,5,3,4,13,1
3921,1,2,4,3,1,2,1,4,4,4,2,3,13,0
3922,2,3,4,7,4,6,3,6,4,4,2,6,10,0
3923,2,3,4,8,4,7,3,6,2,3,2,5,10,0
3924,1,2,4,2,1,1,2,4,3,4,3,3,13,1
3925,1,2,4,1,1,1,3,4,3,5,3,2,9,0
3926,1,2,4,2,1,2,2,5,3,4,3,8,13,1
3927,4,5,6,12,3,12,5,2,2,3,2,4,10,0
3928,1,2,3,1,1,1,1,4,3,3,3,6,9,0
3929,4,6,4,14,3,10,3,2,4,3,2,6,10,0
3930,4,5,5,16,1,7,4,2,2,3,3,1,10,0
3931,4,6,6,17,1,8,5,1,4,2,2,5,10,0
3932,4,5,4,9,4,15,4,1,2,3,2,1,1,0
3933,4,5,6,16,2,8,5,2,5,5,2,5,10,0
3934,1,3,4,1,1,1,3,5,3,4,3,4,9,0
3935,4,5,2,10,4,13,3,1,3,5,2,3,1,0
3936,1,3,4,2,2,2,2,4,4,2,3,4,9,0
3937,2,3,4,6,3,5,3,6,4,4,2,6,10,0
3938,4,6,4,13,3,11,4,1,3,2,2,2,10,0
3939,4,5,4,8,5,15,4,1,4,2,2,1,1,0
3940,4,5,5,11,3,12,5,3,2,3,2,4,10,0
3941,4,5,4,11,4,13,4,2,4,4,2,5,10,0
3942,4,5,5,16,3,9,5,2,3,4,2,2,10,0
3943,1,5,3,14,3,6,5,2,3,4,3,1,10,0
3944,1,3,5,6,1,4,4,4,4,2,3,3,6,1
3945,1,3,4,6,1,5,4,4,2,3,3,2,6,1
3946,2,3,4,8,5,7,4,6,4,3,2,5,10,0
3947,4,6,4,8,5,15,3,1,2,3,2,2,1,0
3948,4,6,5,13,4,10,5,1,2,2,2,8,10,0
3949,4,7,5,14,4,10,4,1,3,3,2,5,10,0
3950,1,2,4,1,1,1,4,4,3,4,3,5,9,0
3951,2,2,4,5,2,4,2,6,4,4,2,3,10,1
3952,1,4,4,9,6,8,2,6,3,3,2,5,10,0
3953,4,5,4,9,4,14,3,1,2,5,2,1,1,0
3954,4,5,2,10,4,14,3,1,3,4,2,2,1,0
3955,4,5,6,15,3,9,5,2,2,2,2,1,10,0
3956,4,6,5,15,3,9,5,1,2,2,2,3,10,0
3957,1,3,3,3,2,2,2,4,3,3,3,1,9,0
3958,2,2,4,5,2,4,3,5,3,4,2,3,10,0
3959,4,6,5,15,3,9,4,1,2,2,2,1,10,0
3960,2,4,4,9,6,8,3,6,3,3,2,5,10,0
3961,4,5,4,9,5,15,3,1,3,4,2,1,1,0
3962,4,5,5,11,4,13,4,2,4,5,2,4,10,0
3963,4,6,6,14,3,9,4,3,2,2,2,1,10,0
3964,1,5,4,13,2,6,5,3,3,3,3,2,10,0
3965,1,2,4,3,1,3,3,5,4,4,2,6,13,0
3966,1,4,4,10,6,8,2,6,2,2,2,4,10,0
3967,1,2,4,1,1,1,2,4,4,3,3,5,9,0
3968,1,4,4,11,1,6,4,4,3,3,3,2,10,0
3969,1,4,4,9,1,5,5,4,4,4,3,3,6,1
3970,1,2,4,3,1,1,2,4,2,3,3,3,13,0
3971,1,2,4,2,1,2,3,4,3,5,2,1,13,1
3972,1,3,3,3,2,2,1,4,4,3,3,2,9,0
3973,1,2,4,2,1,1,2,4,4,4,3,2,13,0
3974,4,6,5,12,4,12,4,4,4,4,2,6,10,0
3975,4,6,4,8,5,16,4,1,4,3,2,1,1,0
3976,1,4,4,12,1,6,5,5,3,4,3,1,10,0
3977,2,3,5,6,3,5,3,6,4,4,2,5,10,0
3978,4,7,4,7,5,16,4,2,4,3,2,2,1,0
3979,4,6,4,8,6,16,4,2,4,3,2,2,1,0
3980,1,2,3,1,1,1,3,2,3,3,3,3,9,0
3981,1,2,4,2,1,1,3,4,4,5,3,8,9,1
3982,1,3,4,5,1,4,1,4,2,4,3,2,6,0
3983,1,3,5,4,1,2,3,4,3,4,3,4,6,1
3984,1,2,4,1,1,1,1,4,3,4,3,6,9,0
3985,4,6,3,7,5,17,4,1,3,3,2,1,1,0
3986,4,5,5,11,4,13,4,2,3,4,2,4,1,0
3987,1,3,4,3,1,1,2,4,3,3,3,1,9,0
3988,4,5,4,11,4,13,4,2,2,4,2,5,1,0
3989,4,7,4,13,4,11,4,1,2,3,2,1,10,0
3990,1,2,4,1,1,1,2,4,3,4,3,4,9,1
3991,4,7,4,6,4,18,4,1,4,4,2,4,1,0
3992,1,3,4,3,2,2,2,4,3,3,3,1,9,0
3993,1,2,4,3,2,1,2,4,3,3,3,2,9,0
3994,4,6,4,8,5,15,4,1,2,3,2,1,1,0
3995,4,6,4,11,5,13,4,3,4,3,2,5,1,0
3996,4,7,4,14,5,11,5,1,3,3,2,4,10,0
3997,4,5,4,9,5,15,4,1,4,3,2,1,1,0
3998,4,6,4,16,2,8,5,1,2,2,3,2,10,0
3999,4,6,3,16,2,8,3,1,3,3,3,1,10,0
4000,4,5,7,16,2,8,5,2,2,2,2,4,10,0
4001,1,4,3,10,1,6,3,5,2,4,3,2,6,0
4002,1,3,5,5,1,4,4,5,4,4,3,3,6,1
4003,1,3,4,3,1,1,2,4,3,3,3,1,9,0
4004,1,2,4,2,1,1,3,4,3,3,3,4,9,1
4005,1,2,4,1,1,1,2,4,3,3,3,5,9,0
4006,1,2,4,2,1,1,2,4,4,5,3,2,9,1
4007,2,3,4,7,4,6,4,6,3,3,2,4,10,0
4008,1,4,4,9,6,8,2,6,2,2,2,6,10,0
4009,1,4,4,10,7,7,3,5,2,3,2,1,10,0
4010,1,5,3,14,3,6,3,2,2,3,3,3,10,0
4011,2,3,5,7,4,6,4,1,5,6,2,6,10,0
4012,2,3,5,6,3,6,4,6,4,4,2,5,10,0
4013,1,4,4,10,7,7,3,6,3,2,2,6,10,0
4014,4,5,3,10,5,14,5,1,4,5,2,3,1,0
4015,4,7,5,12,4,12,3,1,2,3,2,6,10,0
4016,1,5,4,13,2,7,5,3,4,4,3,3,10,0
4017,1,3,4,5,1,3,3,5,2,3,3,4,6,1
4018,1,2,3,1,1,1,4,3,3,4,3,1,9,1
4019,1,5,4,14,2,7,5,2,3,3,3,2,10,0
4020,4,6,3,8,6,16,3,1,2,3,2,1,1,0
4021,1,4,4,9,6,8,3,6,4,2,2,4,10,0
4022,4,5,4,10,5,14,3,1,3,4,2,5,1,0
4023,1,3,4,8,1,6,5,3,3,4,3,3,17,1
4024,1,3,5,6,1,5,4,4,4,5,3,3,6,1
4025,1,3,4,6,1,5,5,4,3,5,3,3,6,1
4026,1,4,4,9,6,8,1,6,2,3,2,3,10,0
4027,1,4,4,10,6,8,3,6,3,3,2,4,10,0
4028,1,4,4,9,1,6,2,4,4,4,3,3,6,0
4029,1,3,5,6,1,4,4,5,3,4,3,2,6,0
4030,2,3,4,5,2,4,2,6,4,3,2,5,10,0
4031,2,3,4,8,5,7,2,6,3,3,2,4,10,0
4032,1,5,4,13,2,6,5,2,3,4,3,1,10,0
4033,1,5,5,13,2,7,5,3,3,3,3,3,10,0
4034,1,4,4,9,1,6,1,4,4,5,3,2,6,0
4035,1,3,5,8,1,5,5,5,4,5,3,2,6,1
4036,1,3,4,7,1,5,5,4,2,5,3,1,6,0
4037,1,3,4,5,1,4,3,5,3,4,3,8,6,1
4038,1,2,4,3,1,3,3,6,4,4,2,4,13,1
4039,2,3,4,9,6,8,1,6,4,3,2,4,10,0
4040,4,7,3,7,5,17,3,1,3,4,2,3,1,0
4041,4,5,7,15,3,9,4,2,1,4,2,1,10,0
4042,1,4,4,12,1,7,5,3,4,3,3,2,10,0
4043,1,3,4,7,1,4,3,5,3,4,3,3,6,0
4044,1,2,4,2,1,1,2,4,4,4,3,2,9,0
4045,1,2,4,3,2,3,3,5,3,4,3,5,13,0
4046,1,2,4,2,1,2,2,5,4,3,3,1,13,1
4047,2,3,4,6,3,5,4,6,3,4,2,8,10,0
4048,1,4,4,10,1,5,5,4,3,4,3,1,6,0
4049,2,3,4,8,5,7,4,6,2,4,2,5,10,0
4050,4,7,5,12,4,12,3,1,3,2,2,6,10,0
4051,1,4,5,13,1,7,5,2,2,3,3,1,10,0
4052,1,4,4,11,1,6,5,5,3,5,3,1,10,0
4053,1,2,3,1,1,1,3,3,3,4,3,4,9,0
4054,1,2,2,1,1,1,2,4,4,4,3,2,9,1
4055,1,2,4,3,1,1,2,4,3,4,3,3,9,0
4056,1,2,4,1,1,1,1,4,3,4,3,6,9,0
4057,4,8,4,14,4,11,4,1,2,3,2,3,10,0
4058,1,4,4,10,1,6,4,5,4,3,3,5,6,0
4059,1,2,4,1,1,1,1,4,3,3,3,6,9,0
4060,4,6,3,8,6,16,4,1,3,3,2,1,1,0
4061,4,6,3,7,6,17,3,1,4,3,2,2,1,0
4062,4,6,3,16,3,8,4,1,3,4,3,1,10,0
4063,1,5,3,15,3,7,4,1,3,3,3,2,10,0
4064,4,6,2,15,3,7,2,1,3,3,3,1,10,0
4065,1,4,3,11,1,6,3,5,4,4,3,1,6,0
4066,1,4,3,11,1,6,3,5,4,4,3,5,6,0
4067,1,4,3,11,1,6,5,5,2,5,3,1,6,0
4068,1,3,6,9,1,6,5,3,5,5,3,3,17,1
4069,1,4,5,9,1,5,3,4,2,3,3,2,6,0
4070,1,3,5,8,1,5,5,5,2,3,3,3,6,0
4071,1,2,4,1,1,1,3,4,4,4,3,5,13,0
4072,4,7,5,12,5,12,4,1,2,4,2,5,10,0
4073,1,4,4,12,1,7,5,4,2,3,3,1,10,0
4074,1,3,4,4,1,3,2,5,4,3,3,6,6,0
4075,4,5,4,9,6,15,4,1,2,3,2,1,1,0
4076,4,6,3,17,3,8,3,1,4,3,3,2,10,0
4077,1,4,4,12,1,6,5,4,4,3,3,2,10,0
4078,1,3,4,7,1,5,5,5,2,3,3,2,6,0
4079,4,6,4,11,5,13,4,2,3,4,2,5,1,0
4080,4,6,7,16,2,8,4,1,1,2,2,1,10,0
4081,1,3,4,7,1,4,4,5,3,3,4,1,6,0
4082,1,4,4,10,7,7,5,6,3,3,2,4,10,0
4083,4,6,4,11,5,14,4,2,4,3,2,6,1,0
4084,4,7,3,16,3,9,5,2,3,3,2,2,10,0
4085,4,7,4,17,3,9,4,1,3,3,2,2,10,0
4086,4,6,3,17,3,8,3,1,3,4,3,2,10,0
4087,4,6,3,16,3,8,4,1,4,4,3,2,10,0
4088,1,2,4,4,2,4,2,5,3,4,3,3,13,0
4089,2,3,4,5,2,4,3,6,3,4,2,5,10,0
4090,4,5,3,10,5,15,4,1,3,5,2,1,1,0
4091,4,5,4,10,5,14,4,1,3,4,2,5,1,0
4092,2,3,4,4,2,4,2,6,4,3,3,6,10,0
4093,2,3,4,9,5,8,1,6,2,3,2,3,10,0
4094,4,6,3,6,5,18,4,1,3,4,2,2,1,0
4095,4,7,5,12,4,12,4,1,4,3,2,5,10,0
4096,1,3,5,6,1,4,2,5,4,4,4,6,6,0
4097,1,4,4,10,7,7,4,6,2,3,2,4,10,0
4098,1,4,4,11,8,7,3,5,3,3,2,3,10,0
4099,4,8,4,15,4,10,4,1,3,2,2,8,10,0
4100,1,2,4,2,1,3,2,5,3,3,3,1,13,0
4101,1,3,4,3,1,1,2,4,3,3,4,2,9,1
4102,1,2,4,2,1,1,2,4,3,4,4,2,9,1
4103,4,6,2,15,3,7,2,1,3,3,3,1,10,0
4104,1,5,4,14,2,7,5,1,2,4,3,2,10,0
4105,4,6,2,16,4,7,1,1,3,3,3,1,10,0
4106,4,7,3,17,3,9,4,1,3,4,2,2,10,0
4107,1,3,4,4,1,3,2,4,3,3,3,6,6,0
4108,1,3,4,4,2,2,3,4,2,2,4,2,6,1
4109,1,2,4,1,1,1,3,5,3,3,3,2,9,0
4110,2,3,5,7,4,6,4,6,2,4,2,3,10,0
4111,4,7,3,16,3,9,5,1,4,3,2,1,10,0
4112,1,2,3,2,1,1,1,4,3,5,3,2,9,0
4113,1,2,4,1,1,1,2,4,2,4,3,6,9,0
4114,4,8,4,14,4,11,3,1,2,2,2,6,10,0
4115,1,3,4,8,1,5,5,4,4,3,3,1,6,0
4116,1,3,4,5,2,3,2,5,3,3,4,1,6,1
4117,4,6,3,8,6,16,4,1,3,3,2,2,1,0
4118,4,6,6,12,5,12,3,1,2,5,2,5,1,0
4119,4,7,3,16,4,9,2,1,3,3,2,3,10,0
4120,1,2,4,1,2,2,2,4,2,3,3,3,9,0
4121,1,2,3,1,1,1,2,4,4,5,4,1,9,1
4122,1,2,3,1,1,1,5,3,3,3,3,3,9,1
4123,1,3,3,1,2,2,1,4,2,3,3,4,10,0
4124,2,3,4,6,3,6,4,6,2,3,2,1,10,0
4125,4,8,4,15,4,10,4,1,2,3,2,2,10,0
4126,1,5,4,13,1,5,5,3,3,4,3,1,10,0
4127,1,4,4,8,2,4,3,5,3,4,4,5,6,0
4128,1,4,4,8,2,4,5,5,3,3,4,3,6,0
4129,2,3,4,7,4,6,3,6,3,3,2,6,10,0
4130,4,6,3,6,5,18,3,1,2,3,2,3,1,0
4131,4,8,4,15,4,10,4,1,3,3,2,2,10,0
4132,4,7,3,16,3,9,2,1,3,3,2,2,10,0
4133,1,5,4,13,1,7,5,3,4,3,3,3,10,0
4134,1,4,4,11,2,5,4,4,4,4,3,5,6,0
4135,2,3,4,7,4,6,3,6,4,5,2,4,10,0
4136,4,7,5,13,5,12,2,1,3,3,2,6,10,0
4137,1,5,5,13,1,7,5,4,3,5,3,1,10,0
4138,4,8,3,14,5,11,4,1,3,3,2,4,10,0
4139,1,5,4,14,2,6,5,2,3,3,3,2,10,0
4140,1,5,2,13,1,7,5,1,3,3,3,4,10,0
4141,1,4,4,8,1,4,5,5,3,4,4,1,6,0
4142,1,2,4,2,2,3,3,5,3,4,3,1,13,0
4143,4,8,4,13,5,11,5,1,2,2,2,2,10,0
4144,1,4,5,12,1,6,5,4,4,5,3,3,10,0
4145,1,2,4,3,1,1,3,4,3,4,3,2,9,1
4146,1,2,4,2,1,1,1,4,4,4,3,6,9,0
4147,1,3,4,2,3,3,3,4,2,2,3,1,13,0
4148,4,7,5,13,5,12,4,1,2,3,2,6,10,0
4149,2,3,4,8,5,7,4,6,4,4,2,4,10,0
4150,1,4,4,10,7,8,4,6,3,4,2,6,10,0
4151,4,6,4,9,7,15,4,1,2,4,2,1,1,0
4152,4,5,4,10,6,14,3,1,3,4,2,5,1,0
4153,4,6,1,16,3,8,1,1,3,3,3,2,10,0
4154,1,3,4,5,2,2,2,5,2,2,4,2,6,0
4155,1,3,4,4,2,2,1,5,3,3,4,3,6,1
4156,1,3,4,3,2,1,3,4,2,3,4,1,9,1
4157,4,6,4,7,5,17,4,1,3,3,2,2,1,0
4158,4,6,3,9,6,15,2,1,3,3,2,1,1,0
4159,1,5,4,15,3,7,5,1,2,3,3,1,10,0
4160,4,5,4,9,6,15,3,1,2,4,2,1,1,0
4161,4,5,3,9,7,15,4,1,2,4,2,1,1,0
4162,4,6,2,16,4,7,2,1,3,4,3,1,10,0
4163,2,3,4,7,4,7,3,6,2,3,2,8,10,0
4164,1,4,5,10,7,7,4,5,3,3,2,4,10,0
4165,4,6,2,8,6,16,2,1,3,3,2,1,1,0
4166,4,7,5,13,5,12,3,1,2,2,2,6,1,0
4167,1,5,5,15,3,7,4,2,3,4,3,1,10,0
4168,1,5,5,14,2,7,5,3,4,4,3,1,10,0
4169,1,5,4,13,1,6,4,4,3,3,3,1,10,0
4170,1,2,4,1,1,1,2,4,3,4,4,6,9,0
4171,1,3,4,1,2,2,1,5,4,3,3,6,9,0
4172,4,6,4,6,5,18,3,1,4,3,2,3,1,0
4173,4,8,4,14,5,10,4,1,3,2,2,3,10,0
4174,1,5,5,14,2,7,5,3,3,4,3,2,10,0
4175,2,3,4,8,5,7,4,6,3,5,2,3,10,0
4176,4,6,4,7,5,18,4,1,3,3,2,2,1,0
4177,1,5,4,11,2,5,4,3,3,3,3,4,6,0
4178,4,7,4,15,4,10,4,1,3,3,2,2,10,0
4179,1,4,4,12,2,5,4,3,3,3,3,8,6,0
4180,2,3,4,4,2,4,4,6,2,4,2,1,10,0
4181,2,3,4,9,6,8,4,6,3,5,2,5,10,0
4182,4,6,5,12,5,13,4,2,3,4,2,6,1,0
4183,1,4,4,10,2,5,3,4,3,4,3,4,6,0
4184,1,4,3,10,2,5,2,3,3,4,3,8,6,0
4185,1,5,4,13,1,6,4,3,3,3,3,2,10,0
4186,1,4,5,7,2,4,3,6,3,3,4,5,6,0
4187,2,3,4,5,2,5,3,6,2,4,2,6,10,0
4188,4,6,4,11,6,13,3,1,4,4,2,5,1,0
4189,1,2,3,2,1,1,2,4,4,4,4,4,9,1
4190,1,2,4,2,2,3,2,5,4,4,3,2,13,0
4191,1,3,4,9,6,9,4,6,3,3,2,5,10,0
4192,4,6,2,8,6,16,1,1,3,4,2,2,1,0
4193,4,6,4,8,6,16,4,1,4,4,2,1,1,0
4194,4,6,2,17,4,8,2,1,3,4,3,2,10,0
4195,1,4,4,7,2,3,4,5,2,3,4,5,6,0
4196,1,3,4,5,2,3,2,5,2,3,4,8,6,0
4197,2,3,4,5,3,5,3,6,2,2,2,5,10,0
4198,2,3,5,5,3,5,3,6,3,2,2,3,10,0
4199,2,3,4,8,5,8,4,5,3,4,2,4,10,0
4200,1,4,4,9,2,3,5,5,2,4,4,3,6,0
4201,1,3,4,7,1,4,4,5,4,4,4,3,6,0
4202,1,2,3,3,1,1,3,4,3,4,4,1,9,0
4203,1,2,4,3,3,4,2,5,3,4,3,5,13,0
4204,4,5,3,10,6,14,3,1,3,3,2,5,1,0
4205,1,4,4,11,1,6,4,4,4,3,3,5,10,0
4206,1,3,4,4,2,2,3,5,2,3,4,1,6,1
4207,1,3,4,5,2,3,1,5,3,3,4,2,6,0
4208,4,8,4,14,5,10,4,1,4,4,2,4,10,0
4209,1,4,4,9,2,4,5,4,3,3,4,1,6,0
4210,1,2,3,1,1,1,5,3,4,4,3,4,9,1
4211,1,4,5,10,7,8,4,6,2,4,2,5,2,0
4212,4,6,3,9,7,15,2,1,2,3,2,1,1,0
4213,1,4,4,8,2,3,4,5,4,4,4,5,6,0
4214,1,4,4,7,2,3,4,5,3,3,4,8,6,0
4215,1,2,3,2,1,1,3,4,4,5,3,5,9,1
4216,1,2,4,2,3,3,2,5,3,4,3,1,13,0
4217,1,2,4,3,1,1,2,4,4,4,4,2,6,1
4218,1,2,4,1,1,2,1,4,2,3,4,1,9,0
4219,1,2,4,1,2,2,3,4,4,2,3,5,9,0
4220,1,3,4,4,3,4,3,6,4,3,3,4,13,0
4221,2,3,4,7,4,6,4,6,2,3,2,1,10,0
4222,2,3,5,6,4,6,4,6,3,3,2,4,10,0
4223,2,3,4,8,6,8,4,6,3,3,2,1,10,0
4224,1,2,4,1,1,2,2,4,3,3,4,1,9,0
4225,1,3,4,1,2,2,2,5,2,2,3,5,9,0
4226,1,3,4,2,3,3,3,5,2,3,3,8,13,0
4227,2,4,4,9,6,9,3,6,2,3,2,6,10,0
4228,4,6,4,11,5,13,4,1,3,4,2,5,1,0
4229,4,8,4,14,6,11,4,1,3,3,2,1,10,0
4230,4,5,4,10,6,14,4,1,4,4,2,1,1,0
4231,4,7,4,12,6,12,5,1,4,4,2,4,1,0
4232,4,7,5,13,6,11,3,1,3,2,2,6,1,0
4233,1,6,4,15,3,7,4,2,2,3,3,1,10,0
4234,1,6,2,15,4,7,2,1,4,3,3,5,10,0
4235,1,4,4,6,3,3,4,5,3,3,4,1,6,0
4236,1,4,4,6,2,3,2,4,3,3,4,2,6,0
4237,1,3,4,5,2,3,1,5,4,3,4,3,6,0
4238,1,2,4,2,1,1,3,4,3,3,3,5,9,1
4239,1,2,4,1,1,1,1,4,3,4,3,4,9,0
4240,4,6,4,11,6,13,4,1,3,4,2,5,1,0
4241,4,6,4,12,6,13,4,1,4,3,2,4,1,0
4242,4,7,4,15,5,9,4,1,2,3,2,1,10,0
4243,1,4,4,8,2,3,3,5,3,3,4,6,6,0
4244,1,2,4,2,1,1,2,4,3,4,4,5,9,0
4245,1,2,4,2,1,1,2,4,3,4,4,5,9,0
4246,1,2,4,1,2,2,1,4,3,3,3,3,10,1
4247,1,3,4,1,2,2,2,5,3,2,3,3,10,0
4248,1,3,4,4,3,5,3,6,2,3,3,5,13,0
4249,2,3,4,7,5,7,2,6,4,3,2,6,10,0
4250,1,4,4,9,2,3,3,4,3,3,4,2,6,0
4251,1,2,3,3,1,1,3,4,4,4,4,1,6,0
4252,1,2,4,2,1,1,3,4,3,3,3,1,9,1
4253,1,3,4,2,3,3,3,5,4,3,3,2,13,0
4254,4,6,2,9,7,15,3,1,4,2,2,1,1,0
4255,1,4,3,9,2,4,4,3,3,3,3,1,6,0
4256,1,4,3,10,2,4,4,3,4,3,3,2,6,0
4257,1,4,4,9,2,4,4,3,3,3,3,8,17,0
4258,4,7,5,13,6,12,4,1,2,3,2,5,1,0
4259,4,8,3,14,6,11,3,1,3,3,2,1,10,0
4260,4,8,5,13,6,11,3,1,2,2,2,5,1,0
4261,4,7,3,17,4,8,3,1,3,3,2,1,10,0
4262,2,3,4,8,5,8,3,6,3,3,2,8,10,0
4263,1,5,4,14,2,7,4,3,3,4,3,2,10,0
4264,4,5,4,10,7,14,3,1,2,3,2,1,1,0
4265,4,7,3,15,5,10,3,1,3,4,2,4,10,0
4266,1,4,5,10,7,8,5,4,2,3,2,4,2,0
4267,4,7,4,12,6,12,3,1,3,4,2,6,1,0
4268,1,2,4,2,1,1,2,4,3,3,3,8,9,1
4269,1,2,3,3,1,1,2,4,3,4,3,1,9,1
4270,1,2,2,3,3,4,5,1,3,3,3,3,13,0
4271,1,2,4,3,3,4,4,5,3,5,3,5,13,0
4272,4,6,3,8,7,16,3,1,3,4,2,1,1,0
4273,4,6,3,9,8,15,2,1,3,3,2,1,1,0
4274,4,6,4,8,6,17,4,1,4,4,2,3,1,0
4275,1,2,3,2,1,1,2,4,3,4,3,4,9,1
4276,1,4,4,9,7,9,2,6,3,3,2,2,10,0
4277,4,6,4,11,6,13,4,1,3,4,2,5,1,0
4278,1,6,5,15,3,6,5,3,4,4,3,3,10,0
4279,1,5,3,10,2,4,5,3,2,4,4,1,6,0
4280,1,3,4,5,2,2,3,5,3,4,4,2,6,1
4281,2,3,4,7,5,7,4,6,2,2,2,4,10,0
4282,4,6,3,10,7,14,3,1,2,2,2,8,1,0
4283,1,5,3,11,2,4,4,3,3,3,3,1,6,0
4284,2,3,4,5,4,5,2,6,3,4,3,3,10,0
4285,4,6,3,11,7,13,3,1,2,4,2,4,1,0
4286,4,7,3,15,6,10,3,1,4,4,2,3,10,0
4287,1,3,5,4,2,2,2,4,2,2,4,8,6,1
4288,1,3,4,4,1,1,3,4,4,4,4,1,6,1
4289,1,2,4,1,2,2,3,4,3,3,3,4,10,1
4290,1,4,4,10,7,8,4,5,3,3,2,4,10,0
4291,4,6,2,9,7,15,2,1,3,3,2,1,1,0
4292,4,6,4,8,6,16,4,1,3,4,2,2,1,0
4293,4,6,3,10,7,14,3,1,3,3,2,2,1,0
4294,4,6,3,17,4,8,3,1,3,4,2,1,10,0
4295,1,4,4,7,3,3,4,6,2,3,4,3,6,0
4296,1,4,4,6,3,2,5,5,2,2,4,1,6,0
4297,1,5,3,11,2,4,2,1,5,5,3,1,6,0
4298,4,6,4,12,7,12,4,1,3,4,2,5,1,0
4299,1,4,5,7,2,2,5,4,2,3,4,2,6,0
4300,1,3,4,6,2,2,2,4,2,3,4,8,6,0
4301,1,3,4,5,2,2,3,4,2,4,4,8,6,1
4302,1,2,4,2,1,2,2,4,4,3,4,5,9,0
4303,1,2,4,2,1,1,3,4,3,3,4,5,9,1
4304,2,3,4,8,5,8,3,6,2,2,2,1,10,0
4305,1,2,4,3,3,4,3,6,4,5,3,8,13,0
4306,1,3,4,4,4,4,3,6,4,4,3,3,10,0
4307,1,2,4,3,4,4,3,6,4,4,3,4,13,0
4308,2,3,4,7,5,7,3,6,3,3,2,4,10,0
4309,4,7,3,15,6,9,3,1,4,4,2,3,10,0
4310,4,6,1,17,5,7,2,1,4,4,3,2,10,0
4311,4,6,1,17,4,7,1,1,3,3,3,2,10,0
4312,1,3,4,2,3,3,3,5,3,3,3,1,13,0
4313,2,4,4,8,6,8,2,6,3,3,2,3,10,0
4314,1,2,4,1,1,1,2,4,4,4,3,8,9,1
4315,1,2,4,1,1,1,2,4,4,4,4,1,9,1
4316,2,3,5,6,4,6,5,6,3,4,3,4,10,0
4317,4,6,2,10,7,14,2,1,2,3,2,1,1,0
4318,4,7,4,16,5,8,4,1,3,4,2,1,10,0
4319,1,6,3,16,4,6,2,1,3,4,3,6,10,0
4320,2,3,4,8,5,8,4,6,3,3,2,4,10,0
4321,4,7,4,14,7,10,4,1,3,3,2,3,1,0
4322,4,7,4,14,6,10,4,1,3,4,2,1,1,0
4323,1,6,5,15,3,6,4,1,3,2,3,3,10,0
4324,1,2,4,3,3,3,2,5,3,4,3,8,13,0
4325,4,6,3,9,7,16,3,2,4,3,2,1,1,0
4326,4,6,4,17,5,7,5,1,4,4,2,2,10,0
4327,4,6,2,18,5,7,3,1,3,4,3,2,10,0
4328,1,5,3,12,1,5,3,3,3,4,3,4,10,0
4329,1,5,3,11,1,4,4,3,4,4,4,1,6,0
4330,2,4,4,8,6,8,4,6,2,2,2,5,10,0
4331,1,5,4,12,1,4,4,3,3,2,3,3,6,0
4332,1,4,4,8,3,2,4,5,4,3,4,2,6,0
4333,1,2,3,3,3,3,2,5,3,3,3,1,13,0
4334,1,5,5,12,1,4,4,3,3,2,3,3,6,0
4335,4,6,3,10,8,14,2,1,3,4,2,1,1,0
4336,4,7,2,15,6,9,2,1,4,4,2,2,10,0
4337,1,2,4,1,2,2,2,5,4,3,4,2,9,1
4338,2,3,4,8,6,8,3,6,2,3,2,6,10,0
4339,1,6,4,15,3,6,5,1,4,2,3,2,10,0
4340,1,6,4,15,3,6,4,1,2,4,3,1,10,0
4341,1,6,4,15,2,5,4,1,4,3,3,2,10,0
4342,1,4,5,8,2,2,4,4,3,3,4,2,6,0
4343,1,4,4,8,2,2,4,3,3,2,4,3,17,0
4344,1,2,4,3,1,1,1,4,3,3,3,1,9,1
4345,4,7,5,14,7,11,4,1,4,2,2,3,1,0
4346,1,5,3,13,1,5,3,2,2,4,3,8,10,0
4347,1,2,3,3,1,1,2,4,3,4,4,5,9,0
4348,1,3,4,2,2,2,3,5,3,3,4,5,9,1
4349,4,6,3,9,7,16,4,2,3,4,2,1,1,0
4350,4,6,2,17,5,8,3,1,2,4,2,3,10,0
4351,1,6,3,17,4,6,2,1,3,4,3,5,10,0
4352,1,5,4,12,1,4,3,3,4,3,3,4,6,0
4353,1,5,4,11,1,4,4,3,3,2,3,3,6,0
4354,1,5,3,11,1,4,5,3,2,2,3,8,6,0
4355,4,6,2,17,5,7,4,1,2,4,3,1,10,0
4356,1,3,4,5,1,1,2,4,2,3,4,2,6,1
4357,1,3,4,4,1,1,2,3,3,4,4,2,6,1
4358,1,2,4,4,1,1,2,4,3,4,4,1,6,1
4359,4,6,4,10,7,15,3,1,3,3,2,2,1,0
4360,1,5,5,12,1,4,4,3,2,3,3,3,10,0
4361,1,4,5,7,2,2,5,5,2,2,4,4,6,0
4362,1,3,5,4,1,1,3,3,4,4,4,2,6,1
4363,4,6,3,17,5,6,3,1,3,4,3,4,10,0
4364,1,4,4,9,1,2,4,1,3,3,4,3,17,0
4365,1,4,4,9,2,3,4,4,4,2,4,3,17,0
4366,4,6,3,10,7,14,3,1,2,4,2,2,1,0
4367,4,6,4,12,7,12,3,1,4,4,2,5,1,0
4368,4,7,4,13,8,11,4,1,4,3,2,4,1,0
4369,4,7,5,14,7,11,4,1,2,3,2,3,1,0
4370,1,6,4,16,3,5,4,1,3,2,3,2,10,0
4371,1,3,4,5,1,1,2,4,4,3,4,2,6,0
4372,4,6,4,11,8,13,3,1,2,3,2,3,1,0
4373,1,4,5,8,2,2,5,4,3,4,4,3,17,0
4374,1,2,4,1,1,1,1,3,3,4,3,4,10,0
4375,4,7,5,14,7,10,4,1,3,2,2,3,1,0
4376,4,7,3,15,6,10,4,1,4,4,2,1,11,0
4377,1,2,3,2,1,1,2,5,3,4,3,8,9,1
4378,1,2,4,1,2,2,2,4,3,3,3,4,10,1
4379,1,3,3,2,3,2,2,4,3,2,3,4,13,0
4380,2,4,4,8,6,8,2,6,3,2,2,3,10,0
4381,1,5,4,14,1,5,4,2,3,3,3,1,10,0
4382,1,3,4,6,1,1,3,4,3,3,4,2,6,0
4383,1,2,4,1,2,1,4,4,3,4,3,5,10,1
4384,1,3,3,2,3,3,2,4,3,3,3,1,13,0
4385,2,4,4,9,7,9,3,6,3,2,2,4,10,0
4386,2,3,4,8,7,8,3,6,3,4,2,3,10,0
4387,1,5,3,11,1,3,4,3,3,2,4,1,6,0
4388,1,3,5,7,1,1,4,4,4,3,4,3,6,1
4389,1,2,4,1,1,1,4,4,3,4,4,5,7,0
4390,1,2,4,2,1,1,2,4,3,3,4,4,9,1
4391,2,2,4,5,4,5,3,6,4,5,3,4,10,0
4392,1,4,4,10,7,9,4,6,2,3,2,2,10,0
4393,4,7,5,12,8,12,4,1,3,3,2,4,1,0
4394,1,4,4,10,1,2,4,4,3,3,4,1,6,0
4395,1,4,4,9,7,9,1,6,2,3,2,3,10,0
4396,1,2,4,1,1,1,3,4,3,3,4,1,9,1
4397,1,2,4,1,1,1,2,4,4,4,4,4,7,1
4398,1,2,4,4,4,4,3,6,4,5,3,4,10,0
4399,4,6,4,9,6,15,4,1,3,3,2,2,1,0
4400,1,4,5,11,1,3,4,3,2,4,3,4,6,0
4401,1,4,4,9,1,3,5,3,2,3,4,3,17,0
4402,1,2,4,1,1,1,5,4,4,5,4,4,7,1
4403,4,7,4,16,5,8,5,1,4,3,2,2,10,0
4404,1,5,4,13,1,4,5,4,2,4,3,2,10,0
4405,1,5,4,13,1,4,3,3,3,3,3,3,10,0
4406,1,4,5,11,1,3,5,3,4,3,4,3,6,0
4407,1,2,4,1,1,2,2,5,3,4,4,3,9,1
4408,1,3,3,2,2,2,2,5,3,4,4,2,9,0
4409,1,3,4,4,4,4,3,6,3,3,3,5,10,0
4410,4,7,5,12,7,12,3,1,3,4,2,5,1,0
4411,4,7,5,14,7,10,3,1,2,2,2,4,1,0
4412,1,5,4,14,1,4,4,2,3,3,3,1,10,0
4413,1,4,5,11,1,2,5,4,2,4,4,2,6,0
4414,1,4,4,8,2,2,5,4,2,3,4,1,6,0
4415,1,2,3,2,1,1,1,5,4,4,3,8,9,0
4416,1,3,4,3,3,3,3,6,3,3,3,3,10,0
4417,1,3,4,3,4,3,3,6,3,4,3,1,10,0
4418,2,3,4,6,5,6,4,6,3,3,3,4,10,0
4419,4,7,3,16,6,8,5,1,2,4,2,1,10,0
4420,4,6,2,17,6,7,4,1,4,5,3,2,10,0
4421,1,4,3,13,1,3,3,5,3,3,3,2,10,0
4422,4,6,2,18,5,6,1,1,3,3,3,5,10,0
4423,1,5,4,14,1,5,5,2,4,4,3,2,10,0
4424,1,4,5,10,1,2,4,4,4,3,4,3,6,0
4425,2,3,4,6,5,6,5,6,3,3,3,5,10,0
4426,2,3,4,7,6,7,4,6,2,3,2,2,10,0
4427,2,3,4,7,6,7,2,6,3,3,2,4,10,0
4428,2,3,4,7,6,7,3,6,4,4,2,3,10,0
4429,2,4,4,9,7,9,3,6,3,3,2,2,10,0
4430,1,4,4,12,1,3,4,4,3,3,3,3,6,0
4431,4,6,3,12,8,12,3,2,3,3,2,5,1,0
4432,1,2,2,2,1,1,1,4,3,4,3,1,9,0
4433,1,2,4,1,2,1,3,4,2,4,3,4,13,1
4434,4,6,5,12,8,12,4,1,3,4,2,3,1,0
4435,1,3,5,7,1,1,4,4,4,4,4,3,6,1
4436,4,6,3,11,8,13,3,1,2,3,2,1,1,0
4437,4,7,5,12,8,12,4,1,2,4,2,3,1,0
4438,4,7,5,13,8,12,4,1,4,3,2,5,1,0
4439,1,2,3,2,1,2,2,5,4,4,4,4,9,0
4440,1,2,4,2,1,1,4,4,4,4,3,4,9,1
4441,1,2,3,2,1,1,1,4,4,4,4,3,9,1
4442,1,2,3,3,1,1,4,5,4,5,4,2,6,0
4443,1,2,5,3,1,1,3,4,4,5,4,4,6,0
4444,4,6,4,10,8,14,4,1,4,3,2,1,1,0
4445,4,7,5,14,7,10,4,1,4,3,2,3,1,0
4446,4,7,2,15,6,9,3,1,3,4,2,1,11,0
4447,4,7,2,16,6,8,4,1,4,3,2,2,10,0
4448,4,6,2,17,4,6,2,1,3,3,3,5,10,0
4449,1,6,4,17,4,5,4,1,3,3,3,2,10,0
4450,1,6,4,16,3,5,4,1,2,3,3,1,10,0
4451,1,2,4,1,1,1,2,4,3,4,4,8,9,1
4452,1,2,4,1,1,1,2,3,4,4,3,4,10,1
4453,1,4,5,9,2,2,4,5,2,4,4,2,17,0
4454,1,3,5,6,1,1,4,4,4,4,4,3,6,1
4455,1,2,4,1,1,1,4,4,3,3,4,1,9,1
4456,1,2,4,1,1,1,5,4,3,4,4,2,9,1
4457,4,6,3,15,8,9,4,1,4,4,2,3,11,0
4458,1,2,4,3,1,1,2,5,3,4,4,1,6,0
4459,1,2,4,4,5,4,4,6,3,5,3,1,10,0
4460,4,7,2,16,7,8,2,1,3,3,2,2,10,0
4461,4,7,2,15,7,9,4,1,3,4,2,2,11,0
4462,2,3,5,6,5,6,5,6,3,4,3,5,10,0
4463,2,3,4,5,5,5,4,6,4,5,3,5,10,0
4464,4,7,4,10,7,14,5,1,2,3,2,2,1,0
4465,4,7,4,10,7,14,4,1,3,3,2,1,1,0
4466,4,6,4,15,7,9,5,1,2,4,2,4,11,0
4467,1,3,3,2,2,2,2,5,2,3,3,6,13,0
4468,1,3,4,3,3,3,3,5,4,4,3,1,10,0
4469,4,7,2,16,7,8,3,1,3,3,2,2,10,0
4470,4,6,1,18,6,6,2,1,3,4,3,3,10,0
4471,1,5,3,14,1,4,2,2,3,3,3,2,10,0
4472,1,5,4,15,2,5,4,2,2,3,3,1,10,0
4473,1,3,5,8,1,1,5,4,3,3,4,3,17,1
4474,1,3,5,8,1,1,3,4,4,4,4,2,6,1
4475,1,3,4,7,1,1,3,4,3,4,4,2,6,1
4476,4,6,3,18,5,6,3,1,3,4,3,4,10,0
4477,1,3,3,2,2,2,3,5,2,2,3,4,13,1
4478,1,2,4,2,2,2,3,5,2,4,3,5,10,1
4479,1,3,4,3,3,3,2,6,2,2,3,8,10,0
4480,2,3,4,6,6,6,3,6,4,4,3,4,10,0
4481,4,7,5,13,8,11,4,1,2,4,2,4,1,0
4482,4,7,5,13,9,11,4,1,3,3,2,5,1,0
4483,4,7,3,17,6,7,4,1,3,3,3,1,10,0
4484,2,3,4,6,6,6,3,6,3,3,3,4,10,0
4485,1,2,4,4,1,1,2,4,4,4,4,4,6,1
4486,1,4,5,11,1,3,4,4,4,4,3,3,6,0
4487,1,3,4,4,1,1,2,4,2,3,4,2,6,0
4488,4,6,2,18,5,5,2,1,4,4,3,4,10,0
4489,2,3,4,5,5,4,3,6,3,3,3,8,10,0
4490,2,4,4,9,7,9,3,6,2,3,2,3,10,0
4491,2,4,4,9,7,9,4,6,2,2,2,5,10,0
4492,4,6,3,14,8,10,4,1,2,4,2,3,1,0
4493,4,6,4,15,8,10,5,1,2,4,2,4,1,0
4494,4,7,3,18,7,6,3,1,3,3,3,2,10,0
4495,4,6,3,17,4,6,3,1,4,4,3,5,10,0
4496,1,4,4,12,1,3,5,5,3,4,3,3,6,0
4497,1,2,4,1,1,1,3,5,4,4,4,8,9,1
4498,1,2,4,1,2,1,2,5,4,4,3,5,13,0
4499,4,7,3,18,6,6,2,1,4,3,3,4,10,0
4500,1,4,4,13,1,4,5,3,3,3,3,1,10,0
4501,1,4,4,13,1,4,3,4,2,4,3,2,10,0
4502,1,4,3,12,1,3,4,5,2,4,4,2,6,0
4503,1,3,4,2,2,3,4,4,3,3,4,5,9,1
4504,1,3,4,1,2,2,3,5,2,2,4,8,9,1
4505,1,6,5,16,3,5,4,1,3,4,3,3,10,0
4506,1,2,2,1,1,1,2,3,3,4,3,1,10,0
4507,4,6,4,15,7,9,4,1,3,3,2,4,11,0
4508,1,6,4,17,4,5,5,1,2,2,3,2,10,0
4509,1,5,4,15,2,4,5,2,3,4,3,2,10,0
4510,1,2,4,1,1,1,2,4,4,4,3,4,13,0
4511,1,2,4,2,1,1,4,4,4,4,4,2,9,1
4512,2,3,4,8,6,8,3,6,2,3,2,4,10,0
4513,4,7,4,16,7,9,4,1,2,3,2,4,11,0
4514,1,2,2,1,1,1,3,2,3,4,3,1,13,0
4515,2,3,5,7,6,7,4,6,4,5,2,2,10,0
4516,2,3,4,8,7,7,4,6,3,4,2,6,10,0
4517,2,3,4,8,7,8,4,6,3,3,2,5,10,0
4518,4,7,4,13,8,11,4,1,2,3,2,2,1,0
4519,4,6,4,14,8,10,4,1,3,4,2,1,1,0
4520,1,3,4,4,1,2,1,5,3,3,4,5,6,0
4521,1,2,3,5,1,1,1,3,4,5,4,2,6,0
4522,1,5,4,14,1,3,3,3,2,4,3,2,10,0
4523,1,4,4,14,1,3,4,4,4,4,3,2,10,0
4524,1,3,4,6,1,1,4,5,4,4,5,3,6,1
4525,1,2,4,1,1,1,3,4,4,3,3,5,13,1
4526,4,6,3,18,6,6,3,1,3,4,3,1,10,0
4527,1,4,4,13,1,3,5,4,3,3,3,1,10,0
4528,1,3,5,6,1,1,3,4,4,5,4,2,6,1
4529,1,4,3,13,1,3,5,5,3,3,4,1,10,0
4530,1,4,3,13,1,3,4,6,3,4,4,1,10,0
4531,1,3,4,4,1,1,2,4,4,3,4,6,6,0
4532,1,3,4,8,1,1,4,5,2,3,4,2,17,1
4533,1,3,4,3,2,2,3,4,3,5,4,8,6,1
4534,1,3,4,3,2,2,2,5,3,3,4,1,6,1
4535,4,6,5,11,8,13,4,1,4,3,2,1,1,0
4536,4,7,2,17,6,7,2,1,4,3,2,2,10,0
4537,1,3,4,6,1,1,4,5,4,4,5,3,6,0
4538,1,2,4,2,1,1,2,5,3,4,3,3,9,1
4539,1,2,5,2,1,1,3,4,4,4,4,3,9,1
4540,2,3,4,6,5,5,4,6,4,5,3,4,10,0
4541,1,4,4,10,6,9,3,6,3,4,2,5,10,0
4542,2,3,4,5,4,5,3,6,2,3,3,1,10,0
4543,4,7,1,16,7,8,1,1,4,3,2,2,11,0
4544,1,3,4,10,1,1,4,5,3,4,4,3,6,0
4545,1,3,4,9,1,1,4,5,4,4,4,1,17,1
4546,4,7,5,12,8,13,4,1,3,4,2,1,1,0
4547,4,7,2,17,7,8,3,1,4,4,2,2,11,0
4548,4,7,3,17,7,7,3,1,4,4,3,1,10,0
4549,1,3,4,6,1,1,3,5,3,4,5,3,6,0
4550,1,2,4,1,1,1,3,4,4,4,4,8,9,1
4551,4,6,4,10,6,14,4,1,3,3,2,2,1,0
4552,4,7,4,13,8,12,4,1,3,3,2,3,1,0
4553,4,6,2,14,8,10,3,1,3,5,2,2,1,0
4554,1,2,4,1,1,1,2,4,3,5,3,4,10,1
4555,2,3,4,6,6,6,4,6,4,5,2,3,10,0
4556,2,3,4,7,7,7,3,6,4,3,2,5,10,0
4557,4,7,5,11,7,13,3,1,3,3,2,3,1,0
4558,4,6,4,16,7,8,4,1,3,4,2,5,11,0
4559,1,3,4,7,1,1,4,5,4,4,5,1,6,0
4560,1,3,5,7,1,1,3,5,4,3,5,4,6,0
4561,1,3,4,2,2,2,3,5,3,3,3,4,10,0
4562,1,2,4,2,2,2,3,6,2,3,3,5,10,0
4563,2,3,4,7,6,6,4,6,4,4,2,5,10,0
4564,1,4,4,11,6,9,2,6,3,3,2,3,10,0
4565,1,3,4,10,1,1,3,4,4,4,4,2,17,1
4566,1,3,4,7,1,1,3,5,3,4,5,5,6,0
4567,1,3,4,7,1,1,3,5,2,5,5,3,6,0
4568,4,6,4,14,8,10,4,1,4,3,2,2,1,0
4569,1,6,3,17,4,5,3,1,2,3,3,1,10,0
4570,1,5,4,16,2,4,4,2,3,4,3,1,10,0
4571,1,5,5,15,2,4,5,2,3,4,3,2,10,0
4572,1,3,4,3,4,3,3,6,2,3,3,1,10,0
4573,2,3,4,6,6,6,4,6,3,4,3,1,10,0
4574,1,2,4,1,1,2,3,5,3,3,4,1,9,1
4575,4,6,2,15,8,9,3,1,4,4,2,3,11,0
4576,4,6,2,16,8,8,4,1,3,4,2,2,11,0
4577,1,5,4,14,1,3,4,3,2,3,3,1,10,0
4578,1,3,3,5,1,1,2,4,4,4,5,1,6,0
4579,4,6,2,16,8,8,3,1,4,4,2,3,11,0
4580,1,2,3,1,1,1,1,3,4,4,3,5,13,1
4581,4,6,4,16,8,8,4,1,4,4,2,4,11,0
4582,1,4,4,11,1,2,4,5,2,4,4,3,6,0
4583,4,6,2,16,8,8,4,1,3,5,2,3,11,0
4584,1,5,4,15,2,3,5,2,2,3,3,8,10,0
4585,1,3,3,11,1,2,5,5,3,4,4,1,6,0
4586,1,2,2,1,1,1,1,3,3,4,3,2,9,1
4587,4,7,4,14,8,11,4,1,4,3,2,1,1,0
4588,1,3,4,9,1,1,3,4,4,5,4,2,17,1
4589,1,3,4,8,1,2,5,4,3,4,4,2,6,0
4590,1,3,4,8,1,1,4,5,4,4,5,3,6,0
4591,1,3,4,3,3,3,3,6,3,3,3,5,10,0
4592,4,6,5,14,8,10,4,1,2,5,2,1,1,0
4593,4,7,5,18,5,5,4,1,6,1,3,8,10,0
4594,1,6,4,17,4,4,4,2,2,4,3,2,10,0
4595,1,3,4,2,2,3,2,4,3,3,4,4,9,0
4596,4,6,2,15,8,9,4,1,4,4,2,2,11,0
4597,1,4,3,13,1,3,4,5,3,3,4,2,10,0
4598,1,2,4,2,2,1,2,5,4,3,3,5,10,1
4599,4,6,4,14,8,10,4,1,3,5,2,1,1,0
4600,1,3,4,3,2,3,3,5,4,4,4,1,6,0
4601,1,3,4,2,3,3,3,4,3,5,4,1,9,1
4602,1,2,4,2,1,1,3,5,4,4,4,5,7,0
4603,1,4,4,10,5,10,1,6,2,3,2,3,10,0
4604,1,3,4,2,3,3,2,5,3,3,4,5,9,1
4605,1,3,4,1,2,2,4,5,2,2,4,1,9,1
4606,1,2,4,1,2,2,3,5,3,4,4,8,9,1
4607,1,4,4,11,6,9,1,1,1,5,2,8,10,0
4608,1,6,4,16,3,4,4,2,2,3,3,2,10,0
4609,1,6,4,17,4,4,4,1,2,3,3,2,10,0
4610,1,4,5,10,1,2,5,3,2,3,4,2,6,0
4611,1,2,1,1,1,1,1,1,4,3,3,5,10,0
4612,1,2,4,1,2,1,1,4,2,4,3,5,10,0
4613,4,7,3,17,7,7,4,1,2,3,2,1,11,0
4614,1,3,4,11,1,1,5,6,2,4,4,1,6,0
4615,2,3,4,7,7,7,3,6,2,3,2,5,10,0
4616,2,3,4,8,6,8,4,6,4,4,2,2,10,0
4617,4,7,4,15,8,10,4,1,4,3,2,1,1,0
4618,4,8,5,14,7,11,4,1,4,3,2,1,1,0
4619,4,6,2,15,8,9,3,1,3,4,2,2,1,0
4620,4,6,4,17,8,7,4,1,3,3,2,4,11,0
4621,1,5,4,16,3,3,4,2,3,4,3,1,10,0
4622,1,4,3,13,1,2,5,1,4,4,4,2,10,0
4623,1,4,4,14,1,2,4,4,3,4,3,1,10,0
4624,1,3,4,4,1,2,2,4,3,4,4,5,6,0
4625,1,4,4,10,6,10,3,6,2,3,2,3,10,0
4626,1,6,5,17,4,4,4,2,4,2,3,4,10,0
4627,1,5,4,17,3,3,4,2,2,3,3,2,10,0
4628,1,3,3,10,1,1,4,5,4,4,4,1,6,0
4629,1,3,4,1,2,2,3,5,3,4,4,8,9,0
4630,1,2,2,1,1,1,3,3,3,5,3,4,10,0
4631,2,3,4,6,6,6,4,6,4,5,3,5,10,0
4632,2,3,4,8,6,7,4,6,4,4,2,4,10,0
4633,1,5,4,14,1,3,4,4,3,3,3,1,10,0
4634,1,4,3,12,1,2,4,5,3,3,4,3,6,0
4635,1,3,5,7,1,1,4,4,4,4,5,6,6,0
4636,1,3,4,3,2,2,4,5,3,3,4,1,6,1
4637,2,3,4,7,6,7,3,6,4,3,2,4,10,0
4638,1,5,3,15,2,3,2,2,4,3,3,1,10,0
4639,1,2,4,2,1,1,3,5,3,3,4,1,9,1
4640,1,4,4,10,6,10,3,6,3,3,2,5,10,0
4641,4,6,2,19,6,6,2,1,4,4,3,2,10,0
4642,1,2,4,1,1,1,2,4,2,3,3,1,9,1
4643,1,3,4,9,1,1,4,4,4,4,4,5,6,0
4644,1,3,4,9,1,1,3,4,4,5,4,5,17,1
4645,1,3,4,9,2,2,4,4,2,4,5,2,17,0
4646,2,3,4,8,6,8,5,6,4,5,3,5,10,0
4647,2,3,4,9,6,9,2,6,4,4,2,4,10,0
4648,4,8,5,13,8,12,4,1,4,2,2,4,1,0
4649,1,5,4,15,2,3,5,3,3,2,3,3,10,0
4650,2,3,4,6,5,5,3,6,2,3,3,5,10,0
4651,4,7,5,14,7,11,4,1,3,4,2,1,1,0
4652,4,8,5,12,8,12,4,1,4,3,2,4,1,0
4653,1,6,4,18,5,4,3,1,3,3,3,2,10,0
4654,1,3,3,6,1,2,2,5,3,3,5,1,6,1
4655,1,3,3,4,4,4,3,6,3,3,3,2,10,0
4656,1,3,4,10,1,1,3,4,4,4,4,3,6,0
4657,2,3,4,6,5,6,4,6,3,3,3,1,10,0
4658,2,3,4,6,5,6,3,6,4,3,3,6,10,0
4659,4,7,3,18,7,6,3,1,3,4,3,2,10,0
4660,1,3,4,11,1,1,3,5,4,3,4,2,6,0
4661,1,2,3,1,2,1,1,4,2,3,3,5,10,1
4662,2,3,4,7,6,7,4,6,4,5,3,3,10,0
4663,1,4,4,14,1,2,5,5,2,3,3,1,10,0
4664,1,4,4,13,1,2,4,6,4,3,4,1,10,0
4665,1,4,4,13,1,2,5,5,3,3,4,1,10,0
4666,1,3,3,11,1,1,5,5,2,3,4,1,6,0
4667,4,6,4,19,6,5,4,1,3,3,3,2,10,0
4668,1,3,4,3,3,3,3,5,4,3,4,1,6,0
4669,1,2,4,1,2,2,3,4,2,3,4,6,7,0
4670,1,3,4,2,2,2,3,5,3,3,4,2,9,1
4671,2,3,4,7,6,7,4,6,3,3,3,5,10,0
4672,1,3,4,4,1,3,1,4,3,3,5,5,6,0
4673,1,2,4,2,2,2,3,5,4,3,4,2,9,1
4674,1,2,4,2,2,2,2,5,4,3,3,5,10,0
4675,4,6,4,19,5,5,4,2,3,3,3,3,11,0
4676,4,6,5,19,5,5,4,1,3,3,3,3,10,0
4677,4,9,5,13,7,12,3,1,3,2,2,2,1,0
4678,4,6,4,17,7,7,3,1,3,4,2,4,11,0
4679,4,6,4,18,6,6,3,1,2,4,2,3,11,0
4680,4,6,4,18,6,6,4,1,4,3,2,3,11,0
4681,4,7,5,18,6,6,4,1,3,2,3,3,11,0
4682,1,4,3,13,1,2,5,6,2,4,4,1,10,0
4683,1,3,4,7,2,2,3,5,2,2,5,6,6,0
4684,1,4,4,10,5,10,4,6,4,3,2,4,10,0
4685,1,3,3,3,2,3,2,5,3,3,3,5,10,0
4686,1,3,3,5,1,3,2,5,3,3,5,6,6,1
4687,1,3,3,4,3,4,2,6,3,4,3,3,10,0
4688,2,3,4,9,6,9,5,6,3,4,2,1,10,0
4689,4,7,5,14,8,10,3,1,3,4,2,2,1,0
4690,4,7,4,14,7,10,4,1,3,3,2,1,1,0
4691,4,6,3,15,7,9,4,1,2,5,2,1,9,0
4692,1,4,3,12,1,1,5,5,4,3,4,1,10,0
4693,1,4,4,10,2,2,4,5,4,4,5,4,6,0
4694,1,3,4,4,2,3,3,4,2,3,4,1,6,0
4695,1,3,4,1,3,3,4,5,3,4,4,4,9,0
4696,1,2,3,1,1,1,2,4,3,4,3,1,9,1
4697,1,4,4,11,5,9,2,6,3,3,2,3,10,0
4698,1,3,4,10,1,1,3,5,2,5,5,4,6,0
4699,1,2,2,1,1,1,2,3,3,4,4,5,10,0
4700,1,4,4,9,5,10,3,6,3,3,2,4,10,0
4701,1,4,4,11,5,10,2,6,2,3,2,5,10,0
4702,4,8,5,13,7,12,4,1,3,3,2,3,1,0
4703,4,7,4,14,7,11,4,1,3,4,2,2,1,0
4704,1,5,4,14,1,2,4,3,3,3,3,8,10,0
4705,1,5,4,15,2,2,5,3,2,3,3,3,10,0
4706,2,3,4,8,6,8,3,6,4,5,3,4,10,0
4707,1,2,4,1,1,1,3,5,3,4,4,1,9,1
4708,1,4,4,10,5,10,3,6,2,3,2,4,10,0
4709,1,3,3,11,1,1,4,5,3,5,4,2,6,0
4710,1,4,4,15,2,2,5,4,4,4,3,3,10,0
4711,1,3,4,9,1,2,4,4,3,4,5,6,6,0
4712,1,3,5,8,1,2,4,5,3,4,5,6,6,0
4713,2,3,4,7,6,7,4,6,4,4,3,1,10,0
4714,1,4,5,14,1,2,4,3,3,3,3,2,10,0
4715,2,3,4,8,6,8,5,6,4,5,3,2,10,0
4716,4,6,4,19,6,6,4,1,2,3,3,3,11,0
4717,1,3,3,11,1,1,3,5,4,3,4,3,6,0
4718,1,3,4,2,3,3,3,5,3,3,4,5,9,1
4719,1,2,4,1,1,1,3,4,4,3,4,5,10,0
4720,1,3,4,3,3,3,3,5,4,3,4,1,6,0
4721,1,3,4,3,3,4,3,5,4,4,4,2,6,1
4722,1,3,3,4,3,4,2,6,3,3,3,4,10,0
4723,1,5,4,16,3,2,4,3,3,3,3,2,10,0
4724,1,3,4,1,3,3,3,5,3,3,4,1,9,1
4725,1,4,4,11,5,9,2,6,2,2,2,2,10,0
4726,4,6,3,15,7,10,3,1,3,4,2,1,9,0
4727,4,6,3,15,7,9,3,1,3,4,2,1,9,0
4728,4,6,4,19,5,5,4,1,3,3,3,1,10,0
4729,1,5,4,17,3,3,4,2,3,4,3,4,10,0
4730,1,4,3,7,2,2,2,4,2,3,5,1,6,0
4731,1,3,4,4,3,4,3,6,3,3,3,4,10,0
4732,2,3,4,9,5,9,4,6,3,3,2,4,10,0
4733,1,4,4,8,2,2,5,5,3,2,5,5,6,0
4734,1,4,4,8,2,2,3,5,3,3,5,1,6,0
4735,1,3,4,6,1,2,2,5,3,4,5,8,6,0
4736,1,3,4,1,2,3,3,5,2,3,4,4,9,1
4737,1,3,3,4,3,4,3,6,2,3,3,1,10,0
4738,1,3,4,4,3,4,3,6,2,3,3,3,10,0
4739,1,4,4,11,4,10,2,6,4,2,2,2,10,0
4740,4,6,4,17,7,7,4,1,4,4,2,3,11,0
4741,1,6,4,19,4,4,3,1,2,4,3,3,10,0
4742,1,5,4,17,3,3,4,3,3,3,3,1,10,0
4743,1,3,5,10,1,1,4,5,4,3,5,6,6,0
4744,1,3,4,5,1,3,4,5,3,5,5,2,6,0
4745,1,3,4,4,1,3,4,4,4,4,5,5,6,0
4746,1,6,4,19,4,4,4,2,4,3,3,4,10,0
4747,1,3,4,5,1,3,2,5,3,4,5,6,6,0
4748,1,5,4,18,4,4,4,2,3,3,3,1,10,0
4749,1,4,5,14,1,1,5,4,3,4,3,3,10,0
4750,1,4,4,13,1,1,3,5,2,4,4,2,10,0
4751,1,3,3,6,1,3,3,5,3,5,5,2,6,0
4752,2,3,4,5,4,5,3,6,3,3,3,5,10,0
4753,4,7,5,14,6,11,4,1,3,3,2,2,1,0
4754,4,6,2,17,6,8,3,1,4,4,2,3,9,0
4755,2,3,4,6,5,6,3,6,2,3,3,1,10,0
4756,2,3,4,8,5,9,4,6,3,5,2,4,10,0
4757,2,4,4,8,5,8,3,6,2,4,2,2,10,0
4758,4,6,3,15,6,9,3,1,3,3,2,8,9,0
4759,4,6,3,16,6,8,3,1,3,4,2,1,9,0
4760,4,6,4,18,6,6,4,1,3,3,3,2,11,0
4761,1,3,3,12,1,1,5,4,3,4,4,1,10,0
4762,1,3,3,13,1,1,3,5,3,4,4,2,10,0
4763,1,4,3,12,1,1,4,5,4,4,4,1,10,0
4764,2,3,4,5,4,5,3,6,2,3,3,4,10,0
4765,1,4,4,10,5,10,1,6,4,3,2,5,10,0
4766,1,4,4,13,1,1,4,4,4,3,4,3,10,0
4767,1,3,4,4,3,5,3,6,3,4,3,5,10,0
4768,4,7,4,15,6,10,4,1,3,4,2,8,9,0
4769,1,4,4,14,1,1,4,1,4,4,4,3,10,0
4770,1,3,4,1,3,3,3,5,2,2,4,1,9,1
4771,1,2,3,1,1,2,2,4,4,3,3,4,10,0
4772,1,2,3,1,1,2,2,4,3,4,3,5,10,0
4773,1,4,3,10,4,10,2,6,3,3,2,4,10,0
4774,1,4,4,11,4,10,3,6,3,3,2,3,10,0
4775,1,3,4,4,2,4,3,5,2,2,5,5,6,0
4776,1,3,4,3,3,4,2,5,2,3,4,8,6,1
4777,1,2,4,2,2,2,3,5,4,4,4,1,9,1
4778,1,2,2,1,1,1,1,3,3,4,4,4,10,1
4779,1,3,4,3,2,3,2,6,2,3,3,4,10,0
4780,2,3,4,8,6,8,4,6,4,4,3,5,10,0
4781,2,4,3,8,4,9,3,6,3,4,2,2,10,0
4782,4,6,1,17,7,7,2,1,4,3,2,2,11,0
4783,1,3,4,6,1,2,3,5,4,3,5,2,6,0
4784,1,3,4,3,4,4,3,5,3,3,4,4,9,1
4785,1,3,4,1,3,3,4,5,2,2,4,8,9,1
4786,2,4,4,9,4,9,3,6,4,3,2,5,10,0
4787,1,5,4,16,3,3,4,2,3,3,3,2,10,0
4788,1,3,4,6,1,3,4,5,3,4,5,2,6,0
4789,1,3,4,6,1,3,4,5,2,4,5,1,6,0
4790,1,3,4,6,2,4,4,6,3,3,5,2,6,0
4791,1,3,4,5,1,3,3,5,2,4,5,5,6,0
4792,1,3,4,13,1,1,4,4,4,4,4,2,10,0
4793,1,4,4,11,2,2,3,4,3,4,4,5,6,0
4794,1,3,5,11,1,1,4,5,3,5,4,6,6,0
4795,1,4,4,10,2,2,4,5,3,3,5,5,6,0
4796,1,3,4,2,4,4,2,5,2,3,4,4,9,1
4797,1,3,4,3,2,3,2,5,2,3,3,3,10,0
4798,2,4,4,8,5,8,4,6,4,3,3,5,10,0
4799,2,4,4,7,5,7,4,6,3,3,3,5,10,0
4800,2,3,3,8,5,8,4,6,3,3,2,6,10,0
4801,1,4,4,9,5,9,3,6,3,4,2,4,10,0
4802,1,5,4,19,5,4,4,1,3,3,3,4,11,0
4803,1,3,4,13,1,1,4,5,4,4,4,2,10,0
4804,1,4,4,11,1,1,4,5,4,3,4,5,6,0
4805,1,4,5,8,2,2,5,5,2,2,5,3,6,0
4806,2,3,4,7,6,7,4,6,3,3,3,1,10,0
4807,1,4,4,8,1,3,4,5,3,2,5,3,6,0
4808,4,6,3,17,7,7,4,1,2,5,2,4,11,0
4809,1,3,4,11,1,1,4,5,3,4,4,5,6,0
4810,1,4,4,12,4,9,3,5,2,3,2,3,10,0
4811,1,3,4,12,1,1,4,5,2,5,4,5,6,0
4812,1,4,4,8,2,3,2,5,4,2,5,1,6,0
4813,1,3,4,6,1,4,2,5,3,4,5,1,6,0
4814,1,3,3,12,1,1,3,5,3,4,4,2,6,0
4815,1,4,4,10,2,2,4,4,3,3,5,1,6,0
4816,1,4,5,9,2,3,5,3,3,3,5,5,6,0
4817,1,3,4,7,1,3,4,4,3,3,5,2,6,0
4818,1,2,4,2,1,2,3,4,3,4,4,2,9,1
4819,1,2,4,2,1,2,2,5,3,4,3,4,10,0
4820,1,2,3,1,1,1,3,4,3,4,4,2,10,0
4821,1,2,4,2,1,2,2,5,4,4,3,4,10,0
4822,1,4,4,11,4,10,3,5,2,3,2,2,10,0
4823,1,4,4,14,1,1,5,4,2,3,3,2,10,0
4824,1,4,4,8,1,3,3,4,2,3,5,1,6,0
4825,1,5,5,17,3,2,5,3,3,4,3,3,10,0
4826,1,4,4,12,4,9,3,5,3,4,2,3,10,0
4827,4,6,2,17,7,7,2,1,3,3,2,1,11,0
4828,4,6,3,18,7,7,3,1,3,5,2,3,11,0
4829,1,3,4,5,1,3,3,5,4,4,5,5,6,0
4830,1,3,4,1,3,3,3,5,2,3,4,1,9,1
4831,1,4,3,10,4,10,3,6,2,3,2,4,10,0
4832,1,4,4,11,4,10,4,5,2,2,2,2,10,0
4833,2,3,4,7,6,6,4,6,2,3,3,1,10,0
4834,2,4,4,6,5,6,3,6,3,2,3,5,10,0
4835,1,3,4,4,2,4,4,4,2,2,5,2,6,0
4836,1,3,4,1,3,4,2,6,3,3,4,2,9,0
4837,1,2,4,1,1,1,2,5,4,4,4,1,9,1
4838,1,2,2,1,1,1,1,3,3,4,4,4,10,0
4839,1,4,4,4,3,5,3,5,2,4,5,2,6,0
4840,2,4,4,6,5,6,4,6,2,3,3,4,10,0
4841,1,3,4,10,3,11,4,5,2,2,2,1,10,0
4842,4,7,4,14,6,10,4,1,3,2,2,2,1,0
4843,4,6,3,16,6,8,3,1,3,4,2,1,9,0
4844,2,4,4,6,5,7,4,6,2,2,3,1,10,0
4845,2,4,3,9,4,9,2,6,2,3,2,5,10,0
4846,1,4,4,9,3,10,4,6,3,2,2,3,10,0
4847,1,3,4,6,1,4,3,5,3,4,5,5,6,0
4848,1,4,5,10,3,10,5,6,2,3,2,3,10,0
4849,1,3,5,10,3,11,5,5,4,4,2,3,10,0
4850,1,4,4,12,1,2,3,4,3,4,4,8,6,0
4851,1,3,4,1,3,4,3,5,2,3,4,2,9,1
4852,1,3,4,1,3,3,1,5,3,2,4,3,9,0
4853,1,2,4,2,1,2,3,5,3,4,4,8,9,1
4854,1,3,4,4,3,4,4,6,3,5,3,1,10,0
4855,1,3,4,2,2,2,2,5,2,3,4,1,9,0
4856,2,3,4,4,4,5,2,6,3,4,3,3,10,0
4857,1,4,3,16,2,1,4,5,3,4,3,1,10,0
4858,1,5,4,17,3,3,4,2,2,4,3,3,10,0
4859,1,4,4,11,1,2,3,4,2,4,4,5,6,0
4860,1,4,4,4,2,4,3,5,2,4,5,1,6,0
4861,1,3,4,4,3,4,3,6,4,5,3,4,10,0
4862,2,3,4,5,4,5,4,6,3,3,3,5,10,0
4863,1,4,4,16,2,2,4,5,2,4,3,1,10,0
4864,1,4,5,15,2,1,4,4,3,4,3,3,10,0
4865,1,4,4,6,1,4,4,5,3,3,5,2,6,0
4866,1,3,4,12,1,1,4,5,3,5,4,4,6,0
4867,1,4,4,5,2,4,3,5,3,3,5,6,6,0
4868,2,4,4,7,5,8,5,6,2,4,3,1,10,0
4869,1,4,4,11,3,11,5,5,3,4,2,1,10,0
4870,4,6,4,16,6,9,4,1,2,4,2,1,9,0
4871,4,6,4,15,5,9,4,1,2,4,2,1,9,0
4872,4,6,2,17,6,8,3,1,3,4,2,1,9,0
4873,4,6,1,17,6,7,2,1,3,4,2,3,11,0
4874,1,4,4,14,1,1,3,5,2,4,4,2,10,0
4875,2,3,4,5,5,6,3,6,3,3,3,3,10,0
4876,1,5,5,17,2,2,5,3,5,2,3,2,10,0
4877,1,4,2,15,1,1,2,5,2,4,3,1,10,0
4878,1,3,4,7,1,3,4,5,2,5,5,2,6,0
4879,1,4,4,7,1,5,4,5,3,4,5,5,6,0
4880,1,4,4,8,1,4,3,5,3,4,5,8,6,0
4881,1,3,4,3,2,3,2,5,3,3,3,4,10,0
4882,1,3,4,11,3,10,3,5,3,5,2,3,10,0
4883,1,4,4,13,1,2,4,5,3,3,4,3,6,0
4884,1,3,4,2,3,4,3,5,3,3,4,4,9,1
4885,1,4,4,11,3,10,2,5,2,3,2,4,10,0
4886,4,5,2,18,6,6,3,1,3,3,2,1,11,0
4887,4,6,4,19,5,5,4,1,3,3,3,3,11,0
4888,1,4,4,13,1,1,3,5,4,4,4,3,10,0
4889,1,4,3,12,2,2,3,6,3,4,4,5,6,0
4890,1,4,3,12,1,1,2,6,3,3,4,2,6,0
4891,1,3,4,7,1,4,5,5,2,3,5,5,6,0
4892,4,5,2,18,6,7,2,1,3,3,2,3,11,0
4893,1,4,4,10,2,3,4,3,2,3,5,2,6,0
4894,4,5,4,19,6,6,4,1,3,4,3,3,11,0
4895,1,5,4,18,3,3,5,3,3,3,3,2,10,0
4896,1,4,4,14,1,1,3,5,4,5,3,2,10,0
4897,1,4,4,7,1,4,5,5,4,4,5,5,6,0
4898,2,4,4,7,4,8,3,6,2,2,3,5,10,0
4899,1,4,4,9,4,9,4,6,2,2,2,2,10,0
4900,4,7,5,14,5,11,4,1,4,3,2,3,1,0
4901,4,7,4,15,5,10,4,1,3,3,2,1,9,0
4902,2,4,4,8,3,9,3,6,2,2,2,5,10,0
4903,2,4,3,8,4,9,3,6,3,2,2,3,10,0
4904,1,4,4,13,4,10,4,4,3,3,2,4,10,0
4905,4,6,3,17,5,8,3,1,4,4,2,1,9,0
4906,4,6,3,16,5,9,4,1,3,4,2,1,9,0
4907,1,5,4,19,3,4,5,3,4,3,3,3,11,0
4908,1,4,4,6,1,4,4,5,3,3,5,6,6,0
4909,1,3,4,2,4,5,3,5,3,3,4,2,9,1
4910,2,4,4,7,4,8,3,6,2,2,3,3,10,0
4911,2,3,4,8,4,9,4,6,3,4,2,3,10,0
4912,1,4,4,9,2,3,3,4,3,3,5,1,6,0
4913,1,3,4,1,3,3,2,5,4,3,4,3,9,0
4914,2,3,4,4,4,5,3,6,3,4,3,6,10,0
4915,1,4,4,14,1,2,4,4,4,4,4,5,10,0
4916,1,4,5,9,3,9,4,6,2,3,2,1,10,0
4917,1,5,4,19,4,4,4,2,3,3,3,4,11,0
4918,1,3,4,3,3,4,2,6,4,3,3,2,10,0
4919,1,3,4,4,3,4,2,6,4,4,3,5,10,0
4920,1,4,2,14,1,1,3,4,3,4,3,3,10,0
4921,1,2,4,2,2,3,2,6,3,4,3,1,10,0
4922,1,3,2,14,1,1,2,4,3,4,3,2,10,0
4923,1,4,4,10,2,3,2,5,2,4,5,4,6,0
4924,1,3,4,3,3,4,3,5,2,3,5,2,6,1
4925,1,4,4,9,1,4,4,4,2,3,5,1,6,0
4926,1,2,4,1,1,1,3,4,4,5,4,8,9,1
4927,1,2,3,1,1,1,2,4,3,3,4,5,10,0
4928,4,6,3,17,5,8,3,1,3,4,2,1,11,0
4929,4,6,2,17,5,7,3,1,3,4,2,2,11,0
4930,4,6,2,18,6,7,2,1,3,4,2,2,11,0
4931,4,5,3,19,6,6,3,1,2,3,3,1,11,0
4932,1,5,3,20,5,5,4,1,2,4,3,2,11,0
4933,1,4,4,17,2,2,5,3,4,3,3,3,10,0
4934,1,3,4,6,1,4,4,5,4,3,5,5,6,0
4935,1,2,4,1,1,1,3,4,4,4,4,1,9,1
4936,1,2,4,2,1,2,2,5,3,3,3,5,10,0
4937,1,4,4,16,2,1,4,5,3,4,3,2,10,0
4938,1,4,3,16,1,1,4,4,3,3,3,2,10,0
4939,1,3,4,2,3,4,4,5,3,4,5,1,9,1
4940,1,2,2,1,1,1,1,4,4,4,4,5,10,1
4941,2,3,4,5,5,5,4,6,2,3,3,2,10,0
4942,2,3,4,4,4,5,3,6,3,3,3,5,10,0
4943,1,4,4,10,3,10,3,6,3,3,2,5,10,0
4944,1,5,4,18,3,3,4,3,2,3,3,1,11,0
4945,1,4,3,15,1,1,2,3,3,4,3,2,10,0
4946,2,3,4,4,4,5,2,6,3,4,3,4,10,0
4947,2,3,4,6,5,6,4,6,3,4,3,5,10,0
4948,2,3,4,6,5,6,4,6,3,3,3,3,10,0
4949,1,4,4,12,3,10,2,6,3,3,2,4,10,0
4950,2,3,4,7,4,8,4,6,3,3,3,2,10,0
4951,1,4,4,17,2,2,5,3,3,4,3,2,10,0
4952,1,5,3,20,5,5,2,1,2,4,3,2,11,0
4953,1,3,4,4,3,5,3,5,4,3,5,2,6,1
4954,1,4,4,4,3,5,4,5,3,3,5,2,6,0
4955,1,3,4,11,2,11,4,5,4,4,2,5,10,0
4956,4,7,5,15,5,10,3,1,4,4,2,2,11,0
4957,1,4,4,14,2,2,3,4,3,4,4,5,10,0
4958,1,3,3,11,3,11,1,1,2,5,2,5,10,0
4959,4,5,4,20,5,5,3,1,3,3,3,2,11,0
4960,1,4,4,8,2,5,3,3,3,3,5,1,6,0
4961,1,2,4,2,1,1,2,4,4,4,4,2,9,1
4962,1,3,4,11,3,11,2,5,3,4,2,6,10,0
4963,1,4,4,12,3,11,2,5,3,3,2,5,10,0
4964,1,5,4,18,3,3,4,3,3,3,3,1,11,0
4965,1,4,3,15,1,1,3,5,3,4,3,4,10,0
4966,1,4,4,4,3,5,4,4,3,2,5,2,6,0
4967,1,2,4,1,2,3,2,5,2,3,4,4,9,0
4968,4,6,3,18,6,7,2,1,2,4,2,8,11,0
4969,1,4,4,10,2,3,3,3,3,2,5,5,6,0
4970,1,4,4,9,2,4,3,3,2,3,5,1,6,0
4971,1,3,4,1,3,4,3,6,2,3,4,1,9,1
4972,1,3,4,3,3,4,3,6,4,5,3,6,10,0
4973,2,4,4,7,4,7,4,6,3,3,3,2,10,0
4974,1,3,4,10,2,10,4,5,3,3,2,4,10,0
4975,1,5,4,19,4,4,4,3,3,4,3,3,11,0
4976,1,3,4,1,2,4,2,5,2,3,4,8,9,0
4977,2,4,4,6,5,7,3,1,5,2,3,4,10,0
4978,2,3,4,6,4,6,4,6,3,3,3,5,10,0
4979,1,3,4,9,3,10,5,6,3,5,2,2,10,0
4980,1,4,4,11,2,2,3,6,3,3,4,4,6,0
4981,1,4,4,5,2,5,3,5,3,3,5,6,6,0
4982,1,2,4,2,2,2,2,5,4,3,4,4,9,0
4983,4,6,2,18,5,7,4,1,3,3,2,3,11,0
4984,1,4,4,9,1,4,4,4,2,3,5,8,6,0
4985,1,4,5,10,2,3,4,4,3,3,5,5,6,0
4986,1,3,4,9,3,9,4,6,2,3,2,1,10,0
4987,1,4,4,17,1,2,3,3,3,4,3,2,10,0
4988,1,4,4,10,3,3,3,4,4,3,5,6,6,0
4989,1,2,4,2,1,2,2,5,4,4,4,2,9,1
4990,1,3,4,3,3,4,2,6,3,3,3,6,10,0
4991,1,3,4,4,3,4,2,6,3,4,3,8,10,0
4992,1,3,4,10,2,11,5,5,3,4,2,1,10,0
4993,4,6,3,17,4,8,3,1,3,4,2,1,11,0
4994,1,4,3,11,2,3,2,5,3,4,4,1,6,0
4995,1,4,3,11,3,3,2,5,3,3,4,2,6,0
4996,1,3,4,3,3,4,2,5,4,3,5,3,6,1
4997,1,4,4,13,4,10,4,3,3,3,2,4,10,0
4998,4,5,4,19,6,6,3,1,3,3,3,2,11,0
4999,2,3,4,6,4,7,3,6,2,3,3,2,10,0
5000,1,4,4,19,4,4,4,2,2,4,3,3,11,0
5001,1,4,5,10,3,3,5,4,3,5,5,5,6,0
5002,4,6,4,19,6,6,4,1,3,4,2,1,11,0
5003,1,2,3,1,1,1,1,4,3,4,3,5,10,0
5004,4,7,4,16,4,10,4,1,3,3,2,1,11,0
5005,1,5,4,9,2,4,3,3,4,2,5,1,6,0
5006,1,4,3,16,1,1,2,2,3,4,3,2,10,0
5007,1,3,4,5,2,5,5,5,2,3,5,2,6,0
5008,1,3,4,4,3,4,4,5,2,3,5,1,6,1
5009,1,3,4,4,2,4,3,5,3,3,5,3,6,0
5010,1,2,4,1,2,1,2,5,4,4,3,4,10,1
5011,2,3,4,7,4,8,3,6,4,3,3,4,10,0
5012,1,4,4,16,1,2,4,3,3,4,3,2,10,0
5013,1,4,3,16,2,2,3,4,2,5,3,2,10,0
5014,1,4,4,5,3,5,3,5,2,3,5,3,6,0
5015,1,2,4,2,1,2,3,5,4,4,4,3,9,1
5016,1,4,4,13,4,11,3,4,4,3,2,2,10,0
5017,1,5,4,18,3,4,4,4,3,4,3,3,11,0
5018,1,4,5,18,2,3,5,3,3,4,3,1,11,0
5019,1,2,4,1,2,3,3,5,3,4,4,1,9,1
5020,4,6,3,18,5,7,3,1,4,3,2,5,11,0
5021,1,4,4,12,2,2,3,5,3,4,4,1,6,0
5022,1,2,4,2,2,3,2,5,3,3,3,4,10,1
5023,4,7,5,16,4,10,4,1,3,4,2,2,11,0
5024,4,6,4,17,5,9,4,1,4,4,2,1,9,0
5025,1,4,2,19,3,4,2,1,4,4,3,3,11,0
5026,1,4,4,18,3,3,3,4,4,4,3,3,11,0
5027,1,3,4,3,3,3,2,5,2,3,3,2,10,0
5028,1,4,4,12,3,11,4,5,4,3,2,4,10,0
5029,1,3,4,2,2,3,2,4,2,3,4,4,9,1
5030,1,3,2,1,2,4,5,1,2,1,4,3,9,0
5031,1,4,4,13,3,11,2,5,2,3,2,4,10,0
5032,4,6,4,16,4,9,5,1,3,4,2,2,9,0
5033,4,5,4,19,6,6,4,1,2,3,3,1,11,0
5034,1,4,4,7,2,5,5,4,2,2,5,5,6,0
5035,1,4,4,6,2,5,5,5,2,3,5,2,6,0
5036,1,4,4,6,3,6,4,5,4,3,5,3,6,1
5037,1,3,4,11,2,12,3,6,2,4,2,3,10,0
5038,1,4,4,17,1,2,4,2,4,5,3,4,10,0
5039,1,4,4,16,1,2,4,4,3,4,3,3,10,0
5040,1,4,5,13,2,2,4,3,4,3,4,8,11,0
5041,1,2,4,2,2,2,3,4,3,3,5,4,9,1
5042,1,2,4,1,1,2,2,4,4,4,4,2,9,1
5043,1,4,2,17,2,2,2,2,3,3,3,1,10,0
5044,1,5,3,20,5,5,2,1,2,4,3,1,11,0
5045,1,4,4,9,2,5,3,3,3,3,5,1,6,0
5046,1,4,4,7,2,5,5,4,2,3,5,3,6,0
5047,1,3,4,2,2,3,3,4,4,4,4,4,9,1
5048,1,2,4,1,1,3,2,4,3,3,5,2,9,1
5049,1,2,4,1,2,2,3,5,3,4,4,3,10,1
5050,1,4,2,14,1,2,2,5,2,4,3,3,10,0
5051,1,2,4,2,1,2,5,5,3,3,4,1,9,1
5052,1,3,4,10,2,10,3,5,3,3,2,4,10,0
5053,4,6,2,18,5,8,3,1,4,5,2,5,11,0
5054,4,6,4,19,6,6,4,1,4,2,2,1,11,0
5055,4,6,4,17,4,8,3,1,3,4,2,3,9,0
5056,1,4,4,12,3,3,1,5,3,3,4,5,6,0
5057,1,5,4,10,3,4,3,3,3,3,5,4,6,0
5058,1,5,5,10,3,4,4,3,3,2,5,5,6,0
5059,4,7,5,15,4,10,4,1,4,4,2,3,11,0
5060,1,5,4,20,5,5,5,2,3,2,3,8,11,0
5061,1,4,1,18,3,4,1,1,3,3,3,1,11,0
5062,1,4,4,7,2,5,4,6,3,3,5,3,6,0
5063,2,3,4,6,4,7,4,6,3,3,3,4,10,0
5064,2,3,4,7,3,7,3,6,3,4,3,2,10,0
5065,1,4,3,18,2,3,4,3,4,4,3,2,11,0
5066,4,5,4,19,6,6,3,2,3,4,2,1,11,0
5067,1,3,4,3,2,4,4,5,3,4,5,2,9,1
5068,1,2,3,1,1,1,2,5,4,4,4,5,10,0
5069,1,3,4,11,2,11,4,5,4,4,2,5,10,0
5070,1,4,4,12,2,12,4,5,3,3,2,5,10,0
5071,1,3,5,3,2,3,2,4,3,3,5,8,11,1
5072,1,2,3,2,1,1,2,4,3,4,4,2,9,1
5073,1,2,4,1,1,1,2,5,4,4,4,5,10,1
5074,1,2,4,2,1,1,2,4,4,4,4,6,9,1
5075,2,3,4,5,4,5,3,6,3,4,3,1,10,0
5076,4,5,4,20,5,5,4,1,2,3,3,1,11,0
5077,1,4,4,14,2,2,3,4,2,5,3,6,11,0
5078,1,4,4,15,2,3,5,5,3,3,3,2,11,0
5079,1,4,3,11,3,3,2,4,2,4,4,2,6,0
5080,1,3,4,3,2,4,3,4,3,3,5,8,11,1
5081,2,3,4,5,4,6,3,6,4,4,3,4,10,0
5082,1,3,4,9,2,10,3,5,4,5,3,1,10,0
5083,1,3,4,9,2,9,4,6,3,2,3,2,10,0
5084,4,6,5,18,4,8,3,1,3,3,2,8,9,0
5085,1,5,4,20,5,5,3,2,3,4,3,1,11,0
5086,1,4,4,15,1,2,3,5,4,4,3,6,10,0
5087,1,5,4,14,2,3,3,3,2,2,4,5,11,0
5088,1,4,3,11,3,4,2,3,2,3,4,8,6,0
5089,1,5,4,10,3,4,4,3,2,4,5,4,6,0
5090,4,5,4,20,5,6,3,2,3,3,3,1,11,0
5091,1,4,2,19,4,4,2,1,4,3,3,2,11,0
5092,1,4,3,12,3,3,2,5,3,4,4,4,6,0
5093,1,4,4,6,3,6,5,4,3,4,5,1,6,1
5094,1,3,4,3,2,3,3,4,3,4,5,8,11,1
5095,1,2,4,2,2,3,4,4,3,4,5,1,9,1
5096,1,4,4,13,3,3,3,3,2,3,4,1,6,0
5097,1,4,4,6,3,6,5,4,2,4,5,1,6,0
5098,1,4,4,5,3,5,2,4,4,3,5,4,6,0
5099,1,3,4,3,3,4,1,5,3,3,3,4,10,0
5100,1,3,4,4,4,5,2,6,2,3,3,1,10,0
5101,2,3,4,8,3,8,3,6,2,4,3,6,10,0
5102,2,3,4,8,3,9,4,6,4,2,3,2,10,0
5103,2,3,4,8,2,9,3,5,2,3,3,4,10,0
5104,1,5,4,10,3,5,4,3,2,2,5,6,6,0
5105,2,3,4,8,3,9,3,6,4,4,3,5,10,0
5106,4,6,4,18,4,8,4,1,3,3,2,2,11,0
5107,1,5,3,21,5,6,3,1,2,3,3,1,11,0
5108,4,7,4,17,3,9,3,1,3,3,2,3,9,0
5109,1,4,4,13,2,3,3,2,4,3,4,1,6,0
5110,1,3,4,5,3,5,3,5,4,4,5,4,6,0
5111,2,3,4,6,3,7,3,6,2,3,3,2,10,0
5112,1,3,4,9,2,9,5,6,2,3,3,1,10,0
5113,1,3,4,10,1,11,4,5,4,4,2,4,10,0
5114,1,3,4,9,1,10,4,5,2,3,3,1,10,0
5115,1,5,4,20,5,6,3,3,4,4,3,1,11,0
5116,1,5,3,20,5,5,4,3,3,4,3,1,11,0
5117,1,5,4,9,2,5,2,3,3,3,5,8,6,0
5118,1,4,4,8,2,6,5,3,3,3,5,3,6,0
5119,1,4,4,7,3,6,4,4,2,5,5,3,6,0
5120,1,4,4,12,2,12,4,5,2,4,2,3,10,0
5121,1,4,4,17,2,3,4,4,4,3,3,5,11,0
5122,1,5,4,14,3,4,4,3,2,3,4,5,11,0
5123,1,2,4,1,2,2,2,5,3,3,4,4,10,1
5124,4,7,5,17,3,10,5,1,2,2,2,2,11,0
5125,4,5,4,20,6,6,4,2,4,4,3,1,11,0
5126,4,5,3,20,5,6,3,2,4,4,2,3,11,0
5127,1,4,4,13,3,11,3,5,2,2,2,4,10,0
5128,1,4,4,13,3,4,3,3,3,3,4,2,6,0
5129,4,6,4,18,4,8,4,1,4,3,2,2,11,0
5130,1,3,4,4,2,3,3,5,4,3,5,2,11,1
5131,1,3,4,3,1,3,2,4,2,3,5,2,11,1
5132,4,7,5,16,3,10,4,1,3,3,2,2,11,0
5133,1,4,4,11,3,4,4,3,4,3,5,5,6,0
5134,1,4,4,7,3,6,4,4,2,3,5,1,6,0
5135,1,3,3,4,2,4,2,5,3,3,5,4,11,0
5136,1,4,2,18,2,3,1,2,2,4,3,1,11,0
5137,1,4,3,15,1,2,4,4,3,4,3,3,10,0
5138,1,4,5,16,2,3,4,3,2,3,3,1,11,0
5139,1,5,4,13,3,4,3,2,2,3,4,1,6,0
5140,1,2,4,2,1,1,3,4,4,4,4,5,9,1
5141,1,4,3,19,3,4,1,3,2,4,3,3,11,0
5142,1,5,4,13,3,3,3,2,3,3,4,1,6,0
5143,1,5,4,13,4,4,4,3,3,3,4,8,6,0
5144,1,4,4,12,3,4,4,3,4,3,4,5,6,0
5145,1,2,4,2,1,2,3,4,4,4,4,2,9,1
5146,1,3,4,4,4,4,2,6,2,3,3,6,10,0
5147,1,3,4,3,4,4,3,6,2,2,3,5,10,0
5148,2,3,4,7,3,8,3,6,3,4,3,6,10,0
5149,1,4,4,17,2,3,3,4,3,4,3,6,11,0
5150,1,5,4,15,2,3,4,3,3,3,3,5,11,0
5151,2,3,4,7,3,8,3,5,4,3,3,4,10,0
5152,1,4,3,12,4,4,3,3,2,4,4,5,6,0
5153,1,3,4,3,4,4,3,6,4,4,3,5,10,0
5154,2,3,4,8,2,9,3,4,3,3,3,2,10,0
5155,1,5,3,20,5,5,3,3,3,4,3,1,11,0
5156,1,5,4,9,3,5,3,2,2,3,5,1,6,0
5157,1,3,4,3,1,3,2,4,3,3,5,3,6,1
5158,1,2,4,2,1,2,4,4,4,4,5,1,9,1
5159,1,4,4,13,3,12,3,5,2,3,2,4,10,0
5160,1,5,4,20,5,5,4,3,3,4,3,1,11,0
5161,1,2,4,2,2,1,2,5,3,3,4,5,9,0
5162,1,2,4,2,1,1,2,4,3,4,4,1,10,0
5163,1,3,4,12,2,12,4,6,4,4,2,4,10,0
5164,1,4,4,7,3,6,5,4,4,3,5,2,6,1
5165,1,3,4,11,1,12,3,5,3,5,2,5,10,0
5166,1,4,4,12,4,4,2,3,3,4,4,8,6,0
5167,1,5,4,11,4,4,3,3,3,4,5,5,6,0
5168,1,5,4,16,3,3,4,3,2,3,3,2,11,0
5169,1,2,4,1,1,2,3,4,3,3,5,1,9,1
5170,1,4,4,6,3,5,4,4,3,4,5,1,6,0
5171,1,3,4,5,2,4,4,5,3,4,5,3,6,1
5172,1,3,4,6,2,5,4,5,3,3,5,1,6,1
5173,1,2,4,1,1,1,3,4,4,4,4,4,9,1
5174,1,3,4,10,1,11,4,6,4,5,2,5,10,0
5175,1,3,4,4,4,4,2,6,3,4,3,5,10,0
5176,1,3,4,4,4,5,4,6,3,2,3,4,10,0
5177,4,7,4,17,3,9,5,1,3,2,2,1,9,0
5178,1,5,4,20,5,6,3,2,4,3,3,8,11,0
5179,1,5,4,15,2,3,5,3,4,3,3,5,11,0
5180,1,5,3,11,4,5,3,3,2,3,5,5,6,0
5181,1,5,4,11,4,4,3,3,4,3,4,5,6,0
5182,1,4,4,13,3,12,5,5,4,3,2,4,10,0
5183,4,6,4,19,4,8,3,1,2,4,2,2,11,0
5184,1,4,3,18,3,3,2,5,3,3,3,5,11,0
5185,1,4,3,19,4,4,3,3,4,4,3,1,11,0
5186,1,4,4,17,2,3,4,4,3,3,3,4,11,0
5187,1,2,4,2,2,2,2,5,3,3,4,5,10,1
5188,1,3,4,2,3,2,2,5,3,3,4,5,10,1
5189,1,4,3,19,4,4,3,3,4,4,3,1,11,0
5190,1,4,2,18,3,4,2,5,3,4,3,3,11,0
5191,1,4,3,18,3,4,3,5,3,4,3,4,11,0
5192,1,5,4,16,3,4,3,3,2,4,3,3,11,0
5193,1,4,4,8,3,6,5,3,4,3,5,1,6,0
5194,1,3,4,4,1,3,4,5,2,3,5,2,11,1
5195,1,3,4,2,3,3,3,6,4,4,4,5,10,0
5196,1,3,4,2,3,3,3,6,2,3,4,3,10,0
5197,1,4,4,19,4,4,4,5,2,4,3,3,11,0
5198,1,3,4,11,1,12,4,6,3,4,2,4,10,0
5199,4,5,3,19,5,7,3,1,2,3,2,3,11,0
5200,1,4,4,7,3,6,4,3,3,4,5,1,6,0
5201,1,3,4,5,2,4,4,4,4,4,5,8,6,0
5202,1,3,4,4,1,3,4,5,4,4,5,3,11,1
5203,1,3,4,3,4,3,2,6,3,3,3,8,10,1
5204,1,3,4,11,1,12,4,6,3,3,2,5,10,0
5205,2,3,3,5,4,6,2,5,3,4,3,1,10,0
5206,1,5,4,14,3,3,3,4,4,3,4,6,11,0
5207,1,3,4,9,1,10,2,4,4,4,3,3,10,0
5208,1,3,4,10,1,10,3,6,4,5,2,1,10,0
5209,1,3,4,11,2,12,4,5,3,3,2,5,10,0
5210,1,3,4,10,1,11,2,6,4,5,2,5,10,0
5211,1,5,4,16,3,3,4,3,3,3,3,5,11,0
5212,1,4,4,13,3,12,4,5,2,2,2,6,10,0
5213,4,7,4,18,3,9,5,1,2,3,2,2,9,0
5214,4,6,3,19,4,7,4,1,2,4,2,1,11,0
5215,1,5,3,10,3,5,4,2,2,3,5,2,6,0
5216,1,3,4,10,1,10,2,5,4,4,2,2,10,0
5217,1,5,4,8,3,6,4,3,3,2,5,1,6,0
5218,1,5,4,9,3,6,5,3,2,3,5,2,6,0
5219,1,3,5,6,3,5,5,4,2,3,5,3,6,1
5220,2,3,3,6,3,7,2,5,4,4,3,2,10,0
5221,1,5,5,15,3,3,5,4,3,3,3,1,11,0
5222,1,2,4,2,2,1,2,5,2,3,4,1,10,0
5223,1,3,4,4,4,5,2,6,2,3,3,5,10,0
5224,2,3,4,5,4,5,2,6,2,3,3,1,10,0
5225,2,3,4,7,2,8,2,5,3,3,3,5,10,0
5226,1,4,2,19,4,5,2,3,3,3,3,2,11,0
5227,2,3,4,9,1,9,3,4,4,4,3,4,10,0
5228,1,3,4,4,1,3,4,5,3,4,5,1,11,1
5229,1,4,4,12,2,13,3,5,2,4,2,4,10,0
5230,1,4,4,13,3,13,4,5,3,3,2,3,10,0
5231,1,5,4,19,4,5,5,2,3,3,3,1,11,0
5232,1,5,3,11,4,5,3,2,3,3,5,5,6,0
5233,1,4,3,18,3,4,1,4,3,3,3,5,11,0
5234,1,5,4,17,3,4,4,3,4,3,3,5,11,0
5235,1,5,4,15,3,3,4,3,2,3,3,2,11,0
5236,1,2,4,2,1,1,3,5,2,3,4,2,9,1
5237,4,6,5,18,3,9,5,1,4,3,2,2,11,0
5238,1,3,4,5,1,4,4,4,3,3,5,1,6,1
5239,1,3,4,5,1,4,4,4,3,3,5,2,11,1
5240,2,3,3,5,4,6,2,5,4,4,3,2,10,0
5241,2,3,3,5,3,6,1,5,3,4,3,2,10,0
5242,2,3,3,6,3,7,2,5,4,4,3,3,10,0
5243,2,3,3,5,3,6,1,6,3,4,3,1,10,0
5244,2,3,4,7,2,8,2,4,3,3,3,5,10,0
5245,1,3,4,10,1,11,3,6,3,4,2,1,10,0
5246,1,5,3,14,4,4,3,3,3,4,4,3,6,0
5247,1,5,4,12,4,5,3,3,3,4,4,1,6,0
5248,1,3,4,3,4,4,1,5,3,3,3,8,10,1
5249,1,3,4,4,4,4,3,6,3,4,3,4,10,0
5250,1,4,4,9,3,6,3,3,3,3,5,4,6,0
5251,1,4,5,8,4,7,4,2,2,3,5,1,6,1
5252,1,2,4,3,1,2,5,4,4,5,5,2,6,1
5253,1,2,4,3,1,2,2,4,4,4,5,3,7,1
5254,1,2,5,3,1,2,3,4,3,4,5,8,7,1
5255,4,6,4,19,3,8,3,1,3,4,2,1,11,0
5256,1,4,5,7,4,6,5,2,3,3,5,2,6,0
5257,1,3,4,4,5,4,2,5,3,4,3,5,10,0
5258,1,6,4,21,5,7,4,1,3,3,3,2,11,0
5259,1,6,4,20,4,8,4,1,3,3,2,2,11,0
5260,1,5,3,21,5,6,4,1,3,4,3,2,11,0
5261,1,5,4,11,4,6,4,2,3,2,5,5,6,0
5262,1,5,4,10,4,6,4,3,3,3,5,2,6,0
5263,4,6,4,19,3,9,4,1,3,4,2,2,11,0
5264,1,5,4,20,5,6,4,2,2,3,3,8,11,0
5265,1,5,4,20,5,6,4,3,2,3,3,8,11,0
5266,1,5,3,11,5,6,3,2,3,3,4,4,6,0
5267,1,2,4,2,1,1,2,4,4,4,5,1,7,1
5268,1,2,4,2,1,1,2,4,4,3,5,4,9,1
5269,1,3,4,4,4,5,1,6,3,4,3,1,10,0
5270,4,6,4,20,4,7,3,1,3,4,2,8,11,0
5271,4,6,4,20,4,8,3,1,3,3,2,1,11,0
5272,1,6,4,20,4,8,3,2,3,4,2,8,11,0
5273,1,5,4,17,3,4,2,4,3,3,3,5,11,0
5274,1,5,3,12,5,5,3,2,3,3,4,4,6,0
5275,1,3,5,4,1,3,3,4,3,4,5,2,11,1
5276,1,3,4,4,1,3,4,4,3,4,5,5,11,1
5277,1,3,4,11,1,11,3,6,3,4,2,4,10,0
5278,1,5,4,12,5,5,3,3,2,4,4,8,6,0
5279,1,3,4,10,1,11,2,6,4,4,2,6,10,0
5280,1,5,4,12,4,4,4,3,3,4,4,3,6,0
5281,1,3,4,6,2,4,2,5,4,3,5,3,6,1
5282,1,3,1,3,2,1,1,1,5,2,4,5,10,0
5283,1,2,4,3,2,2,2,5,2,3,4,4,10,1
5284,1,2,4,3,2,2,2,5,2,3,4,3,10,0
5285,2,3,3,7,2,8,2,5,3,3,3,5,10,0
5286,2,3,4,8,1,8,1,4,4,3,3,3,10,0
5287,1,2,4,2,1,1,4,4,3,3,4,5,9,1
5288,1,2,4,2,2,1,1,4,2,3,4,3,9,1
5289,1,3,4,3,3,3,2,5,3,3,4,4,10,0
5290,1,4,2,18,4,4,1,3,3,3,3,1,11,0
5291,1,2,4,3,3,2,1,5,2,3,4,3,10,0
5292,1,3,4,4,4,5,3,6,3,3,3,5,10,0
5293,1,5,3,11,5,6,2,2,3,3,4,5,6,0
5294,2,3,3,8,1,9,2,3,3,4,3,2,10,0
5295,1,5,4,15,3,4,5,3,3,3,3,3,11,0
5296,1,5,3,15,4,4,2,3,3,3,3,2,11,0
5297,1,3,4,4,4,4,2,5,2,3,3,1,10,0
5298,4,6,4,19,4,8,4,1,3,4,2,1,11,0
5299,1,5,3,13,4,4,3,2,3,3,4,4,6,0
5300,1,3,5,5,2,4,4,4,3,4,5,3,11,1
5301,1,3,4,4,1,3,4,4,4,5,5,5,11,1
5302,1,5,3,19,4,5,2,4,3,4,3,8,11,0
5303,1,5,3,15,4,5,2,3,2,3,3,2,11,0
5304,1,5,3,13,5,5,3,3,4,2,4,1,6,0
5305,1,5,3,12,5,5,3,2,4,3,4,4,6,0
5306,1,5,3,19,5,5,2,4,3,4,3,1,11,0
5307,1,5,4,18,3,4,3,3,3,4,3,5,11,0
5308,1,5,3,18,4,5,2,3,2,4,3,4,11,0
5309,1,5,4,10,4,6,5,3,2,3,4,2,6,0
5310,1,3,4,10,1,11,3,6,2,4,2,2,10,0
5311,4,6,3,20,4,8,3,1,2,3,2,1,11,0
5312,2,3,3,6,3,6,2,5,4,4,3,1,10,0
5313,1,5,3,20,5,6,2,3,2,3,3,1,11,0
5314,1,5,3,15,4,5,1,3,3,4,4,4,11,0
5315,1,3,4,5,4,5,2,5,2,2,3,6,10,0
5316,2,3,3,7,1,8,1,4,3,3,3,3,10,0
5317,2,3,4,7,2,7,2,5,4,4,3,5,10,0
5318,2,3,3,8,1,8,1,3,4,4,3,3,10,0
5319,2,3,4,7,1,8,4,4,2,4,3,2,10,0
5320,1,4,4,12,2,13,2,6,3,3,2,4,10,0
5321,1,5,3,14,4,5,2,3,3,3,4,3,6,0
5322,1,4,5,7,3,6,3,5,2,4,5,8,6,1
5323,1,3,4,6,2,4,4,4,2,4,5,8,6,1
5324,2,3,3,5,3,6,3,6,2,2,3,1,10,0
5325,2,3,3,6,3,6,1,5,3,4,3,2,10,0
5326,1,3,4,11,2,12,3,6,2,3,2,4,10,0
5327,1,4,4,12,3,12,3,6,3,2,2,4,10,1
5328,1,5,4,20,5,6,5,3,4,3,3,1,11,0
5329,1,4,2,19,5,5,2,4,3,3,3,1,11,0
5330,1,3,5,6,3,5,4,5,4,2,5,1,6,1
5331,1,4,4,12,3,12,2,6,2,3,2,4,10,1
5332,1,5,3,14,5,5,2,3,2,3,4,3,6,0
5333,1,5,3,12,6,6,4,2,3,3,4,1,6,0
5334,1,3,4,5,1,4,5,4,4,5,5,2,11,1
5335,1,3,4,5,2,3,4,5,2,4,5,1,11,1
5336,1,4,4,12,2,13,4,6,2,3,2,6,10,1
5337,1,3,4,3,1,2,3,4,3,3,5,2,7,1
5338,2,3,4,7,2,8,2,5,4,4,3,4,10,0
5339,1,5,4,16,4,4,5,2,3,3,3,3,11,0
5340,1,5,4,15,4,5,3,3,4,3,3,2,11,0
5341,1,2,4,2,1,1,3,4,3,5,5,2,7,1
5342,1,3,4,4,1,3,3,4,4,3,5,5,11,1
5343,1,3,3,3,4,4,2,6,2,2,4,5,10,0
5344,1,3,3,10,1,11,3,5,4,4,3,5,10,0
5345,1,4,5,7,4,6,4,4,2,2,5,8,6,1
5346,1,4,4,8,4,7,4,3,4,3,5,4,6,0
5347,1,3,4,5,2,4,4,5,4,3,5,4,11,1
5348,1,2,4,1,1,1,2,4,4,4,4,3,9,1
5349,1,2,4,1,1,1,4,3,4,5,4,3,9,1
5350,2,3,3,9,1,10,2,4,3,4,3,5,10,0
5351,1,5,3,13,5,5,3,2,3,3,4,1,6,0
5352,1,3,4,6,2,4,5,5,3,4,5,2,11,1
5353,1,3,4,3,4,3,3,6,2,4,4,6,10,0
5354,1,5,4,10,5,7,3,3,2,3,4,8,6,0
5355,1,2,4,3,3,3,3,5,3,4,4,3,10,0
5356,1,3,4,10,1,11,3,4,4,4,2,4,10,0
5357,1,5,5,11,5,6,5,2,3,3,4,1,6,0
5358,1,4,4,9,4,7,3,3,4,3,5,2,6,0
5359,1,3,4,5,2,4,3,5,4,3,5,8,11,1
5360,1,6,5,21,5,7,4,2,3,3,3,1,11,0
5361,1,5,4,17,4,4,3,3,3,3,3,5,11,0
5362,1,5,4,16,4,5,2,3,3,3,3,2,11,0
5363,1,5,3,16,4,5,1,3,3,3,3,3,11,0
5364,1,5,4,16,4,5,1,3,2,4,3,3,11,0
5365,1,2,4,3,2,2,2,5,3,4,4,6,10,1
5366,1,5,3,17,3,4,3,2,2,3,3,6,11,0
5367,1,5,4,16,5,5,1,3,4,3,3,3,11,0
5368,1,4,4,8,4,6,4,5,4,4,5,3,6,0
5369,1,4,4,9,5,7,2,4,2,4,5,8,6,0
5370,1,3,3,4,4,5,2,5,3,3,3,5,10,0
5371,2,3,2,7,1,8,1,3,4,4,3,3,10,0
5372,1,4,4,12,2,13,3,6,4,3,2,5,10,1
5373,1,2,4,3,1,2,3,4,3,4,5,1,7,1
5374,1,3,3,9,1,10,2,5,3,4,3,3,10,0
5375,1,5,3,13,5,6,2,3,3,4,4,4,6,0
5376,1,2,4,3,2,2,3,5,4,4,4,3,10,1
5377,1,3,4,3,3,3,2,5,3,3,4,4,10,0
5378,1,3,3,5,4,5,1,5,4,3,3,4,10,0
5379,1,5,3,19,4,5,2,4,2,3,3,2,11,0
5380,1,4,3,14,6,7,2,3,3,3,3,3,6,0
5381,1,4,4,9,5,7,3,4,3,4,5,1,6,0
5382,1,2,4,2,1,1,3,4,4,5,4,3,9,1
5383,1,2,4,2,2,2,2,4,3,3,4,6,10,1
5384,2,3,3,6,2,7,2,5,3,4,3,8,10,0
5385,2,3,3,6,2,7,1,5,3,3,3,2,10,0
5386,1,2,4,3,3,3,3,5,4,3,4,5,10,1
5387,1,3,3,4,4,4,3,6,2,2,4,4,10,0
5388,1,5,3,14,4,5,1,3,4,3,4,2,11,0
5389,1,2,4,3,1,1,3,4,4,4,5,2,7,1
5390,1,2,4,2,1,1,4,4,3,5,4,4,9,1
5391,1,3,3,5,4,5,2,5,3,3,3,4,10,0
5392,2,3,4,5,3,6,2,6,2,2,3,1,10,0
5393,4,6,4,19,3,9,3,1,4,4,2,1,11,0
5394,1,5,4,20,6,6,3,2,4,4,3,2,11,0
5395,1,5,3,17,4,5,3,3,3,3,3,5,11,0
5396,2,3,3,9,1,9,2,4,3,3,3,5,10,1
5397,1,5,4,17,5,5,3,3,3,4,3,2,11,0
5398,1,3,4,4,3,3,3,5,2,3,4,4,10,0
5399,1,3,4,6,3,5,3,5,3,3,5,8,6,1
5400,2,3,4,9,1,10,2,6,3,3,3,6,10,0
5401,1,3,3,5,4,4,1,5,2,3,3,8,10,0
5402,2,3,3,8,1,9,2,4,3,4,3,4,10,1
5403,1,3,4,10,2,11,4,6,2,3,2,4,10,0
5404,1,3,4,11,2,11,3,6,3,3,2,5,10,0
5405,1,5,3,21,6,7,2,1,2,4,3,1,11,0
5406,1,5,3,14,5,6,3,3,3,3,4,5,11,0
5407,1,5,3,14,5,5,3,3,2,3,4,4,11,0
5408,1,3,4,4,3,4,2,5,2,3,4,6,10,0
5409,1,5,3,18,4,5,2,4,3,4,3,6,11,0
5410,1,5,3,15,5,6,1,3,3,4,4,3,11,0
5411,2,3,2,7,1,7,1,3,3,4,3,1,10,0
5412,1,5,3,21,6,7,1,2,2,3,3,1,11,0
5413,1,5,4,21,5,7,3,2,3,3,3,8,11,0
5414,1,5,4,20,6,7,4,2,3,3,3,1,11,0
5415,1,5,4,19,6,7,3,3,3,4,3,3,11,0
5416,1,5,4,19,6,7,3,2,2,3,3,2,11,0
5417,1,5,3,19,5,6,3,3,2,3,3,5,11,0
5418,1,3,5,6,3,5,4,5,3,3,5,8,6,1
5419,1,5,4,21,6,7,3,2,2,4,3,8,11,0
5420,1,3,4,4,2,2,3,5,2,3,5,8,6,1
5421,1,5,3,15,5,5,2,3,3,3,3,2,11,0
5422,1,5,2,14,5,6,1,3,2,3,4,3,11,0
5423,1,5,4,11,6,7,4,3,2,4,4,2,6,0
5424,1,4,4,10,5,7,4,3,3,3,4,3,6,0
5425,1,3,4,6,3,5,4,6,3,2,5,8,6,1
5426,1,3,4,4,2,3,4,3,2,3,5,5,6,1
5427,2,3,3,6,2,7,2,5,3,4,3,1,10,1
5428,1,5,3,12,6,7,2,3,4,3,4,4,6,0
5429,1,5,4,11,6,7,4,3,3,3,4,2,6,0
5430,1,3,4,7,4,6,3,5,3,4,5,3,6,0
5431,1,3,3,4,2,3,4,4,3,4,5,1,6,0
5432,1,2,4,3,2,2,4,5,2,3,4,6,10,0
5433,1,3,3,5,4,5,1,5,3,4,3,1,10,0
5434,2,3,4,6,3,6,2,5,2,3,3,8,10,0
5435,1,3,4,7,4,5,3,5,4,3,5,3,6,0
5436,1,2,4,3,1,1,2,4,2,4,5,2,7,1
5437,1,2,4,1,1,1,3,4,3,4,4,3,9,1
5438,1,5,4,20,6,7,4,2,4,4,3,8,11,0
5439,1,2,4,3,2,2,1,4,3,3,4,3,10,1
5440,1,3,3,5,4,4,2,5,2,2,3,4,10,0
5441,1,5,3,13,6,6,3,2,3,3,4,4,6,0
5442,1,4,3,13,7,8,2,4,2,3,4,3,6,0
5443,1,2,4,3,2,2,4,4,4,3,5,2,7,1
5444,1,3,3,4,2,2,4,5,3,3,5,2,6,0
5445,4,6,4,20,3,9,3,1,3,3,2,4,11,0
5446,1,3,4,4,3,3,2,4,2,3,4,3,10,0
5447,2,3,2,8,1,8,1,4,4,4,3,5,10,0
5448,1,5,2,13,6,6,2,3,3,3,4,5,6,0
5449,1,2,4,3,2,2,4,4,3,3,4,5,10,1
5450,1,2,4,3,1,2,2,4,3,3,4,3,10,1
5451,1,3,4,4,3,3,2,5,2,3,4,4,10,0
5452,1,5,4,13,6,7,2,3,2,3,4,3,6,0
5453,1,5,4,19,6,7,4,2,3,4,3,2,11,0
5454,1,2,4,3,2,2,3,4,3,3,4,5,10,0
5455,1,3,3,6,3,5,2,5,3,3,3,3,10,0
5456,1,3,4,5,3,4,3,5,2,3,5,8,11,1
5457,1,2,4,2,1,1,2,4,4,3,5,1,7,1
5458,1,2,4,2,2,2,4,3,3,4,5,3,7,1
5459,4,6,4,20,4,7,3,1,3,3,2,1,11,0
5460,1,3,4,6,3,4,4,5,2,2,5,4,11,0
5461,2,3,3,7,2,7,1,3,3,4,3,8,10,0
5462,2,3,2,8,1,8,1,3,3,4,3,2,10,0
5463,1,3,4,6,3,5,4,6,3,3,5,3,6,0
5464,1,3,4,6,3,5,3,5,3,4,5,3,11,0
5465,2,3,4,7,2,7,2,4,4,4,3,2,10,1
5466,1,5,3,19,5,6,3,2,2,4,3,6,11,0
5467,1,3,3,11,3,11,1,6,4,4,2,4,10,0
5468,2,3,3,10,1,10,3,5,2,3,3,5,10,0
5469,1,3,3,6,3,6,2,6,3,4,3,4,13,0
5470,2,3,3,6,3,6,2,6,3,3,3,2,13,1
5471,2,3,4,7,2,6,2,6,3,2,3,4,13,1
5472,2,3,3,8,1,8,2,3,4,4,3,4,10,0
5473,1,5,3,17,5,6,2,3,2,3,3,1,11,0
5474,1,5,3,17,5,6,2,3,3,3,3,2,11,0
5475,1,5,4,16,6,6,2,3,3,3,3,2,11,0
5476,1,5,4,18,5,6,2,3,4,3,3,5,11,0
5477,1,3,3,5,3,4,3,4,3,3,5,1,11,1
5478,1,3,4,5,3,4,5,4,3,2,5,1,11,1
5479,1,3,4,4,3,3,3,5,3,3,5,8,6,1
5480,1,2,4,3,2,2,3,4,4,3,5,8,7,1
5481,2,3,4,7,2,6,3,5,2,2,3,1,10,1
5482,2,3,3,9,1,9,2,4,3,3,3,4,10,0
5483,1,4,3,14,6,7,2,3,3,3,3,4,11,0
5484,1,5,4,12,6,7,4,2,2,3,4,1,6,0
5485,1,5,4,18,5,6,1,1,2,4,3,7,11,0
5486,1,5,3,18,6,6,3,3,3,3,3,1,11,0
5487,1,5,4,14,7,7,3,3,4,3,3,4,11,0
5488,1,4,4,16,5,6,3,4,3,4,3,1,11,0
5489,1,4,3,15,5,6,1,4,4,3,3,3,11,0
5490,1,4,4,8,5,6,4,5,2,4,5,1,6,0
5491,1,4,3,9,5,7,2,5,2,2,5,1,6,0
5492,1,5,4,18,5,6,3,2,3,2,3,6,11,0
5493,1,5,4,11,6,7,4,2,2,3,4,1,6,0
5494,1,4,4,10,6,8,4,5,3,3,5,4,6,0
5495,1,3,4,5,3,4,2,5,2,3,3,4,10,1
5496,1,5,3,12,7,7,3,3,4,2,4,4,6,0
5497,1,4,4,12,7,8,2,3,3,3,4,4,6,0
5498,1,3,3,5,3,4,2,4,3,3,5,2,11,1
5499,1,3,4,5,3,4,2,4,3,3,5,3,6,1
5500,1,3,3,5,4,4,2,6,2,3,3,4,10,1
5501,1,3,3,6,3,5,2,5,2,3,3,1,10,1
5502,2,3,3,10,2,10,2,6,3,3,3,4,10,0
5503,2,3,2,10,2,10,1,6,4,3,3,4,1,0
5504,1,6,4,21,5,8,5,1,4,3,3,3,11,0
5505,1,5,3,13,7,7,2,3,2,4,4,4,6,0
5506,2,3,3,10,2,10,3,6,2,3,3,6,1,0
5507,1,3,2,11,3,10,1,6,3,3,2,4,1,0
5508,2,3,2,8,1,8,1,3,4,4,3,4,10,0
5509,1,4,4,11,6,8,3,4,3,4,4,1,6,0
5510,1,7,5,21,5,8,4,1,4,3,3,1,11,0
5511,1,4,4,9,6,8,4,6,3,2,5,4,6,0
5512,1,4,4,8,5,7,3,5,3,3,5,1,6,0
5513,1,5,4,19,6,7,3,2,3,2,3,5,11,0
5514,1,4,4,12,6,9,4,4,3,4,4,2,6,0
5515,1,3,4,6,4,5,4,5,3,3,5,4,11,1
5516,2,3,3,7,1,7,2,3,3,4,3,2,10,0
5517,2,3,3,9,2,9,4,6,2,3,3,4,10,0
5518,1,2,4,3,2,2,4,4,3,4,5,2,7,1
5519,1,6,4,22,4,9,3,1,2,3,3,2,11,0
5520,1,6,5,21,5,8,5,1,3,2,3,3,11,0
5521,1,5,4,13,7,7,3,3,3,4,4,2,11,0
5522,1,4,4,8,5,7,4,5,2,3,5,8,6,0
5523,1,3,4,5,3,3,3,5,3,3,4,4,10,0
5524,2,3,4,7,2,7,3,3,2,2,3,1,10,0
5525,2,3,3,9,2,9,2,6,2,3,3,5,10,0
5526,1,4,3,15,6,7,2,4,2,3,3,4,11,0
5527,1,5,4,12,7,8,1,3,2,3,4,2,6,0
5528,2,3,3,9,1,8,1,4,4,4,3,5,10,0
5529,2,3,2,10,2,10,1,6,3,3,3,4,1,0
5530,1,4,3,11,7,8,1,4,4,3,4,3,6,0
5531,1,4,4,10,6,8,4,5,3,3,4,1,6,0
5532,1,4,4,8,5,7,4,6,3,3,5,1,6,0
5533,1,3,4,7,4,6,4,6,4,4,5,1,6,1
5534,1,5,4,19,6,7,4,2,3,3,3,5,11,0
5535,1,4,4,8,5,7,4,6,2,3,5,8,6,0
5536,1,4,4,8,5,6,3,6,3,3,5,2,6,1
5537,1,2,4,3,3,3,3,3,3,4,5,2,9,1
5538,1,6,4,21,4,9,4,1,3,3,3,2,11,0
5539,2,3,3,7,2,6,1,4,2,3,3,4,13,0
5540,1,3,4,4,3,3,3,4,3,3,5,2,6,1
5541,1,5,4,20,6,7,2,2,3,3,3,8,11,0
5542,1,5,4,20,6,7,3,3,3,4,3,8,11,0
5543,1,2,4,3,3,3,3,4,2,3,5,8,6,1
5544,1,5,4,20,5,8,4,2,3,3,3,3,11,0
5545,1,4,4,11,7,8,4,5,3,4,4,1,6,0
5546,1,3,4,6,4,5,4,5,3,5,5,1,11,1
5547,1,6,4,21,5,8,4,1,3,4,3,3,11,0
5548,1,5,3,18,6,7,2,3,3,3,3,3,11,0
5549,1,4,4,8,5,7,4,5,3,3,5,1,6,0
5550,1,5,3,19,6,7,1,3,2,4,3,2,11,0
5551,1,4,4,9,6,7,3,6,2,2,5,1,6,0
5552,1,5,3,19,6,7,3,2,3,3,3,2,11,0
5553,2,3,4,8,1,7,2,3,4,4,3,1,10,0
5554,2,3,4,9,1,9,2,5,2,3,3,6,10,0
5555,2,3,2,10,2,9,1,6,4,3,3,3,1,0
5556,1,5,3,17,6,7,2,3,2,3,3,1,11,0
5557,1,2,3,2,1,1,2,3,4,4,4,3,10,1
5558,1,4,4,13,6,9,4,4,2,3,4,3,11,0
5559,2,3,2,8,1,7,1,3,3,4,3,2,10,0
5560,2,3,3,9,1,8,3,6,2,3,3,5,10,0
5561,2,3,3,7,2,6,1,4,2,3,3,4,13,0
5562,2,3,3,8,1,7,1,3,4,4,3,3,10,0
5563,2,3,3,9,1,8,2,4,4,3,3,4,10,0
5564,1,5,3,16,6,7,2,4,2,3,3,8,11,0
5565,1,4,4,16,6,7,1,6,3,4,3,8,11,0
5566,1,5,4,19,6,8,3,3,3,3,3,3,11,0
5567,1,4,4,9,6,8,4,6,2,2,5,5,6,0
5568,2,3,3,7,2,6,2,3,4,4,3,4,10,1
5569,1,5,3,13,7,8,2,3,2,3,4,4,11,0
5570,1,3,4,5,4,4,3,5,3,4,5,3,11,1
5571,1,3,3,6,3,5,2,4,4,3,3,1,10,0
5572,1,4,4,9,6,8,3,5,2,4,5,3,6,0
5573,1,4,4,15,6,7,2,5,4,4,3,3,11,0
5574,1,4,4,15,7,7,2,6,3,5,3,8,11,0
5575,1,3,3,5,3,4,2,5,2,3,3,4,10,0
5576,2,3,3,9,1,8,3,6,3,4,3,4,10,0
5577,1,5,3,20,5,9,2,3,3,3,3,2,11,0
5578,1,4,4,14,7,8,2,5,3,3,3,3,11,0
5579,2,3,2,10,3,10,1,5,3,4,3,4,1,0
5580,1,5,3,17,6,7,1,3,3,3,3,1,11,0
5581,1,4,4,14,7,8,3,5,4,4,3,4,11,0
5582,1,2,5,4,3,3,3,4,3,4,4,5,10,0
5583,1,3,4,5,3,4,2,4,2,3,3,6,10,0
5584,2,3,2,11,3,9,1,5,3,3,3,4,1,0
5585,1,5,4,18,7,8,3,3,2,3,3,3,11,0
5586,1,4,4,10,6,9,3,1,2,3,4,1,6,0
5587,1,4,4,10,6,9,4,6,4,4,4,1,6,0
5588,1,4,4,9,6,8,4,6,3,3,5,5,6,0
5589,1,4,4,14,7,8,2,4,3,3,4,5,11,0
5590,1,2,4,3,2,2,3,4,3,4,4,2,10,0
5591,2,3,2,10,2,8,2,6,3,3,3,4,1,0
5592,1,3,4,9,6,8,4,6,3,3,5,3,6,0
5593,1,3,4,7,5,6,4,4,4,4,5,1,6,1
5594,1,4,4,11,6,9,3,6,4,3,4,2,6,0
5595,1,4,4,9,6,8,2,5,2,3,5,3,6,0
5596,1,3,4,7,5,6,4,5,3,3,5,1,11,1
5597,1,3,4,4,3,4,3,5,3,3,4,4,10,1
5598,1,3,3,6,2,5,2,3,3,4,3,1,10,1
5599,1,5,5,21,4,8,4,2,4,4,3,4,11,0
5600,1,5,3,19,6,7,1,3,3,3,3,3,11,0
5601,1,5,3,18,6,8,2,3,3,3,3,2,11,0
5602,1,3,4,6,4,5,4,5,4,5,5,3,11,1
5603,1,6,5,21,4,10,4,1,4,3,3,2,11,0
5604,1,4,4,10,6,8,4,6,4,4,5,4,6,0
5605,1,3,4,9,6,8,3,6,4,3,5,4,6,0
5606,1,4,3,16,7,7,2,5,3,3,3,2,11,0
5607,1,2,4,4,2,3,2,4,3,4,4,5,10,0
5608,1,6,4,22,4,9,3,1,2,4,3,1,11,0
5609,1,4,1,8,5,7,1,1,2,5,5,4,6,0
5610,1,4,4,8,5,6,4,5,4,3,5,2,6,1
5611,1,4,4,8,6,7,4,6,4,4,5,3,6,0
5612,1,3,4,8,6,7,5,5,4,4,5,3,6,1
5613,1,3,3,5,3,5,2,3,3,2,3,4,10,0
5614,2,3,3,9,1,8,2,6,3,3,3,5,10,0
5615,1,6,3,21,3,10,3,1,3,3,3,2,11,0
5616,1,5,3,17,7,7,3,2,2,3,3,1,11,0
5617,1,4,4,9,6,7,4,5,2,3,5,3,6,0
5618,1,3,4,6,5,6,4,5,3,3,5,2,11,1
5619,1,3,4,7,5,6,4,5,4,4,5,3,11,1
5620,1,4,4,13,6,9,3,5,4,3,4,4,11,0
5621,1,4,4,15,6,8,2,6,3,4,3,8,11,0
5622,1,4,3,14,7,8,2,6,3,4,3,3,11,0
5623,1,3,4,6,2,5,2,3,3,4,3,1,10,1
5624,1,4,4,10,6,9,5,6,2,5,4,1,6,0
5625,1,5,3,22,4,9,3,1,3,4,3,1,11,0
5626,2,3,3,8,1,7,1,3,3,4,3,2,10,0
5627,2,3,3,9,1,8,2,5,4,4,3,4,10,0
5628,1,5,5,21,5,8,4,2,4,4,3,2,11,0
5629,1,2,4,2,1,1,3,3,4,4,4,4,10,1
5630,1,4,3,15,6,8,2,5,2,3,3,1,11,0
5631,2,3,2,7,1,6,1,3,3,3,3,2,10,0
5632,1,5,3,21,4,9,2,2,3,4,3,2,11,0
5633,1,5,2,20,5,9,1,3,2,4,3,1,11,0
5634,1,5,3,16,7,8,2,3,3,3,3,8,11,0
5635,1,5,4,17,7,8,2,4,3,3,3,3,11,0
5636,1,3,3,6,2,6,1,3,3,4,3,1,10,0
5637,2,3,2,10,2,8,1,5,3,3,3,4,10,0
5638,1,3,4,7,6,7,4,5,2,4,5,2,6,1
5639,1,4,4,14,6,9,3,6,4,4,4,4,11,0
5640,1,6,4,22,3,10,3,1,3,3,3,1,11,0
5641,1,3,4,4,3,4,3,4,3,4,3,5,10,1
5642,2,3,2,8,1,7,1,3,4,4,3,4,10,0
5643,1,3,4,5,2,4,4,4,4,3,3,4,10,1
5644,2,3,3,9,2,7,3,6,2,3,3,5,10,0
5645,1,4,4,18,6,9,2,5,3,4,4,2,11,0
5646,2,3,2,7,1,7,1,3,3,4,3,2,10,1
5647,2,3,3,8,1,6,2,4,3,3,3,2,10,0
5648,2,3,3,9,2,7,2,5,3,4,3,3,10,1
5649,1,2,4,2,1,1,2,3,3,5,4,3,10,0
5650,1,3,4,6,2,5,3,3,2,3,3,1,10,0
5651,1,3,2,6,1,6,1,3,3,4,3,2,10,0
5652,2,3,3,7,1,6,2,3,3,4,3,4,10,0
5653,1,2,4,3,2,3,1,3,3,3,4,6,10,0
5654,1,2,3,3,2,2,2,3,2,3,4,8,10,0
5655,1,2,4,3,3,3,3,3,2,5,4,6,10,0
5656,1,3,4,5,2,4,3,3,2,2,3,5,10,1
5657,1,3,5,4,2,3,4,3,2,3,4,5,10,1
5658,1,3,5,4,2,4,4,3,3,3,3,5,10,1
5659,1,4,4,14,6,9,4,6,3,4,3,2,11,0
5660,1,3,3,6,1,5,3,3,4,4,3,2,10,0
5661,1,4,4,17,6,9,2,4,3,3,3,3,11,0
5662,1,4,4,16,5,10,3,5,3,4,4,2,11,0
5663,1,4,4,16,6,9,2,5,3,2,3,3,11,0
5664,1,4,4,15,5,9,3,6,3,4,3,3,11,0
5665,1,2,4,2,2,2,2,3,4,4,4,6,10,1
5666,1,2,3,2,1,2,2,3,3,4,4,5,10,1
5667,2,3,2,7,1,6,1,2,3,4,3,2,10,0
5668,2,3,3,7,1,6,1,2,4,4,3,5,10,0
5669,1,4,3,18,7,9,1,4,3,4,3,3,11,0
5670,1,4,4,13,6,9,3,6,3,4,4,3,11,0
5671,1,3,4,12,5,10,3,5,3,4,4,3,11,0
5672,1,5,3,20,4,9,2,2,3,3,3,1,11,0
5673,1,3,4,5,2,5,3,3,3,4,3,1,10,0
5674,1,3,4,5,1,4,3,3,4,3,3,3,10,1
5675,1,3,5,10,5,9,4,6,4,5,5,2,11,0
5676,1,3,4,5,1,4,4,3,2,3,3,2,10,1
5677,1,3,4,4,2,4,3,3,2,2,3,6,10,1
5678,1,5,3,21,4,9,3,2,3,4,3,1,11,0
5679,1,3,5,9,5,8,4,6,3,4,5,2,11,0
5680,1,3,4,4,2,3,3,3,3,3,4,6,10,0
5681,2,3,4,7,1,6,2,3,3,2,3,4,10,0
5682,1,3,4,8,6,7,4,6,3,4,5,2,6,0
5683,1,3,3,6,1,5,2,3,4,4,3,1,10,1
5684,2,3,3,7,1,6,2,3,3,4,3,5,10,0
5685,2,3,3,6,1,5,1,3,4,4,3,5,10,0
5686,1,4,3,19,6,10,2,4,3,3,4,2,11,0
5687,2,3,4,8,2,6,2,4,3,3,3,3,10,1
5688,1,3,4,4,2,4,3,3,3,2,3,6,10,0
5689,1,3,4,4,1,3,2,4,3,2,3,2,10,1
5690,1,4,4,15,5,10,4,5,3,4,4,3,11,0
5691,2,3,3,7,1,5,2,4,3,3,3,5,10,0
5692,1,2,4,1,1,1,3,3,3,4,4,4,10,1
5693,1,3,4,6,1,5,3,3,4,5,3,2,10,1
5694,1,2,4,2,1,2,1,3,3,3,4,6,10,1
5695,1,2,4,1,1,1,3,3,4,4,4,4,9,1
5696,1,3,3,6,1,4,2,4,3,4,3,1,10,0
5697,1,2,4,3,2,3,2,3,2,3,4,3,10,1
5698,1,3,4,3,1,3,3,3,3,3,4,4,10,1
5699,1,3,3,6,1,5,1,4,4,4,3,5,10,0
5700,2,3,3,7,2,5,2,4,3,3,3,5,10,0
5701,1,3,3,6,1,4,2,4,4,4,3,5,10,1
5702,1,3,5,4,1,4,2,4,3,4,3,3,10,1
5703,1,3,4,5,1,4,3,4,3,4,3,2,10,1
5704,1,2,4,2,2,2,1,4,3,3,4,3,10,1
5705,1,2,4,2,1,1,1,3,4,4,4,3,10,1
5706,1,2,5,4,1,3,4,3,3,4,3,2,10,1
5707,2,2,4,7,2,5,1,4,2,3,3,3,10,0
5708,1,3,4,5,1,4,3,4,4,3,3,5,10,1
5709,1,3,4,4,1,3,3,5,3,3,3,5,10,1
5710,1,2,4,2,1,2,3,3,2,4,4,4,10,1
5711,1,2,5,3,1,2,2,3,3,3,4,3,10,1
5712,1,2,4,3,1,2,2,3,3,3,4,3,10,1
5713,1,2,4,3,1,2,1,3,3,3,4,3,10,1
5714,1,2,4,5,1,4,3,6,4,6,3,1,10,0
5715,1,2,4,2,1,2,2,5,2,4,4,2,10,1
5716,1,2,4,3,1,2,3,3,3,3,4,5,10,0
5717,1,2,4,2,1,1,3,3,3,4,4,3,10,1
5718,1,2,4,2,1,1,2,3,4,3,4,4,10,1
5719,1,2,4,3,1,2,2,4,3,4,4,4,10,1
